Fecha,Periodo,CodigoDuracion,MercadoComercializacionOperativo,DemandaAtendida,PronDem
2024-06-03,24,PT1H,MC-MagdalenaEcop,0.0,23019.9
2024-06-03,1,PT1H,MC-MagdalenaEcop,0.0,17422.1
2024-06-03,3,PT1H,MC-MagdalenaEcop,0.0,20851.6
2024-06-03,4,PT1H,MC-MagdalenaEcop,0.0,22835.6
2024-06-03,5,PT1H,MC-MagdalenaEcop,0.0,25436.8
2024-06-03,6,PT1H,MC-MagdalenaEcop,0.0,24763.9
2024-06-03,7,PT1H,MC-MagdalenaEcop,0.0,21953.4
2024-06-03,8,PT1H,MC-MagdalenaEcop,0.0,21451.1
2024-06-03,9,PT1H,MC-MagdalenaEcop,0.0,20005.4
2024-06-03,10,PT1H,MC-MagdalenaEcop,0.0,23362.7
2024-06-03,11,PT1H,MC-MagdalenaEcop,0.0,24146.0
2024-06-03,12,PT1H,MC-MagdalenaEcop,0.0,23721.2
2024-06-03,2,PT1H,MC-MagdalenaEcop,0.0,19618.8
2024-06-03,14,PT1H,MC-MagdalenaEcop,0.0,24409.9
2024-06-03,15,PT1H,MC-MagdalenaEcop,0.0,24846.2
2024-06-03,16,PT1H,MC-MagdalenaEcop,0.0,24904.3
2024-06-03,17,PT1H,MC-MagdalenaEcop,0.0,24674.3
2024-06-03,18,PT1H,MC-MagdalenaEcop,0.0,24445.4
2024-06-03,19,PT1H,MC-MagdalenaEcop,0.0,24419.7
2024-06-03,20,PT1H,MC-MagdalenaEcop,0.0,24593.3
2024-06-03,21,PT1H,MC-MagdalenaEcop,0.0,24208.3
2024-06-03,22,PT1H,MC-MagdalenaEcop,0.0,23698.7
2024-06-03,23,PT1H,MC-MagdalenaEcop,0.0,22988.6
2024-06-03,13,PT1H,MC-MagdalenaEcop,0.0,24144.5
2024-06-04,15,PT1H,MC-MagdalenaEcop,25910.32,23856.3
2024-06-04,16,PT1H,MC-MagdalenaEcop,26490.32,23889.3
2024-06-04,17,PT1H,MC-MagdalenaEcop,25958.94,24373.9
2024-06-04,21,PT1H,MC-MagdalenaEcop,25064.91,24570.8
2024-06-04,19,PT1H,MC-MagdalenaEcop,24665.5,24708.6
2024-06-04,20,PT1H,MC-MagdalenaEcop,24521.88,24951.6
2024-06-04,14,PT1H,MC-MagdalenaEcop,25668.44,23510.4
2024-06-04,18,PT1H,MC-MagdalenaEcop,24919.89,24555.9
2024-06-04,13,PT1H,MC-MagdalenaEcop,26074.0,23946.3
2024-06-04,6,PT1H,MC-MagdalenaEcop,21155.55,24564.3
2024-06-04,10,PT1H,MC-MagdalenaEcop,25656.11,23958.7
2024-06-04,1,PT1H,MC-MagdalenaEcop,23329.73,23044.1
2024-06-04,8,PT1H,MC-MagdalenaEcop,23555.66,23020.6
2024-06-04,7,PT1H,MC-MagdalenaEcop,22623.91,23845.3
2024-06-04,5,PT1H,MC-MagdalenaEcop,22508.82,24720.1
2024-06-04,4,PT1H,MC-MagdalenaEcop,23701.11,24965.8
2024-06-04,3,PT1H,MC-MagdalenaEcop,25027.59,24754.5
2024-06-04,2,PT1H,MC-MagdalenaEcop,24478.39,24286.5
2024-06-04,22,PT1H,MC-MagdalenaEcop,25583.88,24203.5
2024-06-04,12,PT1H,MC-MagdalenaEcop,25033.34,23920.7
2024-06-04,23,PT1H,MC-MagdalenaEcop,25370.15,23771.8
2024-06-04,11,PT1H,MC-MagdalenaEcop,24881.63,23745.9
2024-06-04,9,PT1H,MC-MagdalenaEcop,24795.12,22546.8
2024-06-04,24,PT1H,MC-MagdalenaEcop,25084.63,23362.5
2024-06-05,5,PT1H,MC-MagdalenaEcop,24229.88,24767.1
2024-06-05,6,PT1H,MC-MagdalenaEcop,21436.74,24626.6
2024-06-05,7,PT1H,MC-MagdalenaEcop,20576.82,23897.1
2024-06-05,8,PT1H,MC-MagdalenaEcop,19542.28,23062.3
2024-06-05,9,PT1H,MC-MagdalenaEcop,20827.35,22574.0
2024-06-05,10,PT1H,MC-MagdalenaEcop,21259.49,23974.2
2024-06-05,11,PT1H,MC-MagdalenaEcop,21249.66,23644.7
2024-06-05,12,PT1H,MC-MagdalenaEcop,21159.88,23876.4
2024-06-05,13,PT1H,MC-MagdalenaEcop,21228.2,23998.0
2024-06-05,14,PT1H,MC-MagdalenaEcop,21811.88,23569.1
2024-06-05,15,PT1H,MC-MagdalenaEcop,22177.44,23962.8
2024-06-05,17,PT1H,MC-MagdalenaEcop,19956.52,24540.5
2024-06-05,18,PT1H,MC-MagdalenaEcop,19868.06,24704.8
2024-06-05,19,PT1H,MC-MagdalenaEcop,22587.15,24878.8
2024-06-05,20,PT1H,MC-MagdalenaEcop,22732.09,25161.6
2024-06-05,21,PT1H,MC-MagdalenaEcop,22581.7,24776.8
2024-06-05,22,PT1H,MC-MagdalenaEcop,21470.15,24420.8
2024-06-05,23,PT1H,MC-MagdalenaEcop,21036.17,23951.6
2024-06-05,24,PT1H,MC-MagdalenaEcop,20943.09,23560.0
2024-06-05,4,PT1H,MC-MagdalenaEcop,24699.47,25034.3
2024-06-05,3,PT1H,MC-MagdalenaEcop,25426.47,24797.7
2024-06-05,16,PT1H,MC-MagdalenaEcop,22949.36,24026.7
2024-06-05,1,PT1H,MC-MagdalenaEcop,25588.96,23123.2
2024-06-05,2,PT1H,MC-MagdalenaEcop,25482.45,24330.3
2024-06-06,23,PT1H,MC-MagdalenaEcop,25888.13,23965.7
2024-06-06,20,PT1H,MC-MagdalenaEcop,26443.87,25064.7
2024-06-06,19,PT1H,MC-MagdalenaEcop,26478.85,24788.9
2024-06-06,24,PT1H,MC-MagdalenaEcop,25868.17,23655.9
2024-06-06,18,PT1H,MC-MagdalenaEcop,25957.09,24646.4
2024-06-06,17,PT1H,MC-MagdalenaEcop,26290.17,24569.8
2024-06-06,16,PT1H,MC-MagdalenaEcop,26059.15,24051.4
2024-06-06,15,PT1H,MC-MagdalenaEcop,24410.15,23953.8
2024-06-06,14,PT1H,MC-MagdalenaEcop,19014.19,23536.1
2024-06-06,13,PT1H,MC-MagdalenaEcop,18321.37,24004.0
2024-06-06,12,PT1H,MC-MagdalenaEcop,18083.73,23905.7
2024-06-06,1,PT1H,MC-MagdalenaEcop,20302.59,23273.2
2024-06-06,21,PT1H,MC-MagdalenaEcop,26728.44,24728.7
2024-06-06,10,PT1H,MC-MagdalenaEcop,17971.33,23957.0
2024-06-06,9,PT1H,MC-MagdalenaEcop,17379.45,22504.8
2024-06-06,8,PT1H,MC-MagdalenaEcop,10165.06,23089.8
2024-06-06,7,PT1H,MC-MagdalenaEcop,27614.07,23906.6
2024-06-06,6,PT1H,MC-MagdalenaEcop,28667.57,24669.5
2024-06-06,5,PT1H,MC-MagdalenaEcop,19983.13,24841.1
2024-06-06,4,PT1H,MC-MagdalenaEcop,19805.69,25143.4
2024-06-06,3,PT1H,MC-MagdalenaEcop,19846.56,24921.6
2024-06-06,2,PT1H,MC-MagdalenaEcop,20141.57,24521.1
2024-06-06,11,PT1H,MC-MagdalenaEcop,18055.69,23642.2
2024-06-06,22,PT1H,MC-MagdalenaEcop,25948.16,24404.0
2024-06-07,4,PT1H,MC-MagdalenaEcop,25630.74,25380.2
2024-06-07,1,PT1H,MC-MagdalenaEcop,25206.92,23408.5
2024-06-07,23,PT1H,MC-MagdalenaEcop,22090.43,24069.8
2024-06-07,22,PT1H,MC-MagdalenaEcop,24079.77,24552.3
2024-06-07,21,PT1H,MC-MagdalenaEcop,24613.86,24909.9
2024-06-07,20,PT1H,MC-MagdalenaEcop,23571.79,25239.6
2024-06-07,19,PT1H,MC-MagdalenaEcop,23393.91,24981.2
2024-06-07,18,PT1H,MC-MagdalenaEcop,24006.99,24871.5
2024-06-07,17,PT1H,MC-MagdalenaEcop,23098.28,24793.9
2024-06-07,5,PT1H,MC-MagdalenaEcop,24401.15,25069.9
2024-06-07,16,PT1H,MC-MagdalenaEcop,23490.77,24240.3
2024-06-07,15,PT1H,MC-MagdalenaEcop,22731.79,24119.3
2024-06-07,14,PT1H,MC-MagdalenaEcop,21184.7,23629.9
2024-06-07,13,PT1H,MC-MagdalenaEcop,20392.26,24111.7
2024-06-07,12,PT1H,MC-MagdalenaEcop,20741.14,24001.9
2024-06-07,11,PT1H,MC-MagdalenaEcop,20388.16,23730.4
2024-06-07,10,PT1H,MC-MagdalenaEcop,19147.14,24138.1
2024-06-07,9,PT1H,MC-MagdalenaEcop,24266.4,22625.1
2024-06-07,8,PT1H,MC-MagdalenaEcop,24537.19,23247.3
2024-06-07,7,PT1H,MC-MagdalenaEcop,24342.83,24082.1
2024-06-07,2,PT1H,MC-MagdalenaEcop,25773.07,24745.5
2024-06-07,3,PT1H,MC-MagdalenaEcop,25736.71,25174.1
2024-06-07,6,PT1H,MC-MagdalenaEcop,24743.98,24847.3
2024-06-07,24,PT1H,MC-MagdalenaEcop,23109.55,23723.2
2024-06-08,15,PT1H,MC-MagdalenaEcop,26573.73,24326.2
2024-06-08,5,PT1H,MC-MagdalenaEcop,25158.82,25056.3
2024-06-08,8,PT1H,MC-MagdalenaEcop,25000.27,23393.8
2024-06-08,4,PT1H,MC-MagdalenaEcop,24327.38,25416.0
2024-06-08,9,PT1H,MC-MagdalenaEcop,25369.97,22733.2
2024-06-08,10,PT1H,MC-MagdalenaEcop,23264.65,24296.2
2024-06-08,11,PT1H,MC-MagdalenaEcop,23915.2,23879.4
2024-06-08,12,PT1H,MC-MagdalenaEcop,26417.12,24141.9
2024-06-08,13,PT1H,MC-MagdalenaEcop,26414.1,24248.3
2024-06-08,14,PT1H,MC-MagdalenaEcop,26450.96,23802.7
2024-06-08,3,PT1H,MC-MagdalenaEcop,26265.54,25184.4
2024-06-08,2,PT1H,MC-MagdalenaEcop,26333.57,24776.8
2024-06-08,1,PT1H,MC-MagdalenaEcop,23475.22,23444.2
2024-06-08,7,PT1H,MC-MagdalenaEcop,24071.38,24222.8
2024-06-08,16,PT1H,MC-MagdalenaEcop,27039.79,24354.8
2024-06-08,17,PT1H,MC-MagdalenaEcop,25818.74,24884.1
2024-06-08,18,PT1H,MC-MagdalenaEcop,27073.11,24933.3
2024-06-08,19,PT1H,MC-MagdalenaEcop,25749.49,25011.1
2024-06-08,20,PT1H,MC-MagdalenaEcop,24283.24,25231.2
2024-06-08,21,PT1H,MC-MagdalenaEcop,24539.37,24909.2
2024-06-08,22,PT1H,MC-MagdalenaEcop,24463.32,24643.2
2024-06-08,23,PT1H,MC-MagdalenaEcop,25663.7,24291.1
2024-06-08,24,PT1H,MC-MagdalenaEcop,24453.62,23964.0
2024-06-08,6,PT1H,MC-MagdalenaEcop,24922.1,24849.7
2024-06-09,2,PT1H,MC-MagdalenaEcop,23823.94,24820.7
2024-06-09,1,PT1H,MC-MagdalenaEcop,24452.32,23542.2
2024-06-09,24,PT1H,MC-MagdalenaEcop,25143.07,23825.1
2024-06-09,23,PT1H,MC-MagdalenaEcop,24559.63,24219.5
2024-06-09,15,PT1H,MC-MagdalenaEcop,23185.75,24257.2
2024-06-09,3,PT1H,MC-MagdalenaEcop,24323.78,25221.7
2024-06-09,22,PT1H,MC-MagdalenaEcop,21974.13,24569.2
2024-06-09,21,PT1H,MC-MagdalenaEcop,21664.28,24826.2
2024-06-09,20,PT1H,MC-MagdalenaEcop,21958.43,25112.9
2024-06-09,19,PT1H,MC-MagdalenaEcop,21996.0,24885.5
2024-06-09,17,PT1H,MC-MagdalenaEcop,22027.86,24781.0
2024-06-09,16,PT1H,MC-MagdalenaEcop,22849.74,24244.1
2024-06-09,14,PT1H,MC-MagdalenaEcop,22729.17,23664.9
2024-06-09,13,PT1H,MC-MagdalenaEcop,21994.26,24104.6
2024-06-09,18,PT1H,MC-MagdalenaEcop,22148.98,24811.3
2024-06-09,11,PT1H,MC-MagdalenaEcop,24336.8,23730.5
2024-06-09,10,PT1H,MC-MagdalenaEcop,26101.79,24049.1
2024-06-09,9,PT1H,MC-MagdalenaEcop,26568.87,22646.9
2024-06-09,8,PT1H,MC-MagdalenaEcop,26580.2,23311.6
2024-06-09,7,PT1H,MC-MagdalenaEcop,26438.53,24185.0
2024-06-09,6,PT1H,MC-MagdalenaEcop,26593.95,24798.4
2024-06-09,5,PT1H,MC-MagdalenaEcop,25235.12,25049.3
2024-06-09,4,PT1H,MC-MagdalenaEcop,23223.57,25453.1
2024-06-09,12,PT1H,MC-MagdalenaEcop,22942.35,23977.0
2024-06-10,16,PT1H,MC-MagdalenaEcop,19548.49,24156.6
2024-06-10,17,PT1H,MC-MagdalenaEcop,19762.15,24750.6
2024-06-10,18,PT1H,MC-MagdalenaEcop,20149.44,24805.8
2024-06-10,19,PT1H,MC-MagdalenaEcop,20307.04,24830.9
2024-06-10,24,PT1H,MC-MagdalenaEcop,24886.16,23664.3
2024-06-10,21,PT1H,MC-MagdalenaEcop,20152.26,24734.6
2024-06-10,22,PT1H,MC-MagdalenaEcop,22331.23,24410.1
2024-06-10,23,PT1H,MC-MagdalenaEcop,24753.68,24051.7
2024-06-10,14,PT1H,MC-MagdalenaEcop,22781.17,23581.2
2024-06-10,20,PT1H,MC-MagdalenaEcop,20344.91,25095.5
2024-06-10,13,PT1H,MC-MagdalenaEcop,25071.14,23999.1
2024-06-10,15,PT1H,MC-MagdalenaEcop,20676.29,24224.0
2024-06-10,11,PT1H,MC-MagdalenaEcop,24060.08,23599.5
2024-06-10,12,PT1H,MC-MagdalenaEcop,23576.14,23866.1
2024-06-10,2,PT1H,MC-MagdalenaEcop,24361.29,24624.0
2024-06-10,3,PT1H,MC-MagdalenaEcop,24966.34,25013.8
2024-06-10,4,PT1H,MC-MagdalenaEcop,25940.11,25288.4
2024-06-10,5,PT1H,MC-MagdalenaEcop,26063.96,24871.5
2024-06-10,1,PT1H,MC-MagdalenaEcop,25036.19,23325.6
2024-06-10,7,PT1H,MC-MagdalenaEcop,25707.02,23992.5
2024-06-10,8,PT1H,MC-MagdalenaEcop,25209.18,23107.2
2024-06-10,9,PT1H,MC-MagdalenaEcop,24844.66,22404.3
2024-06-10,10,PT1H,MC-MagdalenaEcop,24907.29,23903.5
2024-06-10,6,PT1H,MC-MagdalenaEcop,26157.43,24613.3
2024-06-11,3,PT1H,MC-MagdalenaEcop,25792.21,24832.6
2024-06-11,4,PT1H,MC-MagdalenaEcop,21357.91,25125.6
2024-06-11,5,PT1H,MC-MagdalenaEcop,21918.32,24709.1
2024-06-11,6,PT1H,MC-MagdalenaEcop,21951.94,24545.6
2024-06-11,7,PT1H,MC-MagdalenaEcop,21724.28,23897.5
2024-06-11,8,PT1H,MC-MagdalenaEcop,14164.51,22995.6
2024-06-11,9,PT1H,MC-MagdalenaEcop,16367.54,22271.2
2024-06-11,10,PT1H,MC-MagdalenaEcop,17998.07,23818.2
2024-06-11,11,PT1H,MC-MagdalenaEcop,16552.53,23546.8
2024-06-11,12,PT1H,MC-MagdalenaEcop,13939.13,23791.9
2024-06-11,15,PT1H,MC-MagdalenaEcop,17628.22,24134.9
2024-06-11,14,PT1H,MC-MagdalenaEcop,17129.3,23422.8
2024-06-11,16,PT1H,MC-MagdalenaEcop,17386.43,24003.6
2024-06-11,17,PT1H,MC-MagdalenaEcop,17286.85,24540.6
2024-06-11,1,PT1H,MC-MagdalenaEcop,25066.02,23144.9
2024-06-11,19,PT1H,MC-MagdalenaEcop,17491.16,24686.3
2024-06-11,20,PT1H,MC-MagdalenaEcop,17370.06,25003.4
2024-06-11,21,PT1H,MC-MagdalenaEcop,17387.58,24646.9
2024-06-11,22,PT1H,MC-MagdalenaEcop,17234.43,24335.9
2024-06-11,23,PT1H,MC-MagdalenaEcop,17942.85,23972.6
2024-06-11,24,PT1H,MC-MagdalenaEcop,18450.68,23647.8
2024-06-11,13,PT1H,MC-MagdalenaEcop,16266.37,23826.7
2024-06-11,18,PT1H,MC-MagdalenaEcop,17446.3,24691.1
2024-06-11,2,PT1H,MC-MagdalenaEcop,25234.51,24429.7
2024-06-12,13,PT1H,MC-MagdalenaEcop,21978.85,23665.1
2024-06-12,3,PT1H,MC-MagdalenaEcop,18803.12,24813.5
2024-06-12,23,PT1H,MC-MagdalenaEcop,25195.32,23859.3
2024-06-12,22,PT1H,MC-MagdalenaEcop,26451.15,24221.7
2024-06-12,21,PT1H,MC-MagdalenaEcop,26437.72,24505.3
2024-06-12,20,PT1H,MC-MagdalenaEcop,26415.26,24807.9
2024-06-12,19,PT1H,MC-MagdalenaEcop,26493.11,24482.8
2024-06-12,18,PT1H,MC-MagdalenaEcop,25624.17,24511.6
2024-06-12,17,PT1H,MC-MagdalenaEcop,26184.97,24357.9
2024-06-12,2,PT1H,MC-MagdalenaEcop,18635.8,24386.2
2024-06-12,16,PT1H,MC-MagdalenaEcop,23599.86,23834.5
2024-06-12,14,PT1H,MC-MagdalenaEcop,22146.61,23253.1
2024-06-12,4,PT1H,MC-MagdalenaEcop,18513.83,25145.9
2024-06-12,12,PT1H,MC-MagdalenaEcop,20710.41,23633.1
2024-06-12,11,PT1H,MC-MagdalenaEcop,20092.9,23479.1
2024-06-12,10,PT1H,MC-MagdalenaEcop,19672.31,23710.1
2024-06-12,9,PT1H,MC-MagdalenaEcop,18671.93,22102.9
2024-06-12,8,PT1H,MC-MagdalenaEcop,18533.08,22847.8
2024-06-12,7,PT1H,MC-MagdalenaEcop,18444.05,23764.9
2024-06-12,15,PT1H,MC-MagdalenaEcop,22727.06,23979.9
2024-06-12,1,PT1H,MC-MagdalenaEcop,18712.62,23096.9
2024-06-12,5,PT1H,MC-MagdalenaEcop,18327.43,24728.1
2024-06-12,24,PT1H,MC-MagdalenaEcop,23754.26,23572.8
2024-06-12,6,PT1H,MC-MagdalenaEcop,18473.21,24526.1
2024-06-13,21,PT1H,MC-MagdalenaEcop,20936.37,24089.2
2024-06-13,3,PT1H,MC-MagdalenaEcop,23975.82,24646.8
2024-06-13,4,PT1H,MC-MagdalenaEcop,24216.9,24968.1
2024-06-13,5,PT1H,MC-MagdalenaEcop,24446.12,24511.5
2024-06-13,6,PT1H,MC-MagdalenaEcop,24355.44,24292.7
2024-06-13,7,PT1H,MC-MagdalenaEcop,23027.2,23511.8
2024-06-13,8,PT1H,MC-MagdalenaEcop,22684.7,22396.9
2024-06-13,9,PT1H,MC-MagdalenaEcop,23647.95,21614.5
2024-06-13,10,PT1H,MC-MagdalenaEcop,25162.76,23282.9
2024-06-13,11,PT1H,MC-MagdalenaEcop,23106.08,23037.1
2024-06-13,13,PT1H,MC-MagdalenaEcop,22818.54,23245.7
2024-06-13,14,PT1H,MC-MagdalenaEcop,24544.89,22809.2
2024-06-13,15,PT1H,MC-MagdalenaEcop,24018.82,23572.1
2024-06-13,16,PT1H,MC-MagdalenaEcop,25578.55,23429.0
2024-06-13,17,PT1H,MC-MagdalenaEcop,26558.92,23979.9
2024-06-13,18,PT1H,MC-MagdalenaEcop,26039.39,24087.6
2024-06-13,19,PT1H,MC-MagdalenaEcop,22008.79,24023.8
2024-06-13,20,PT1H,MC-MagdalenaEcop,20327.43,24339.0
2024-06-13,12,PT1H,MC-MagdalenaEcop,23006.97,23197.6
2024-06-13,22,PT1H,MC-MagdalenaEcop,22304.07,23958.7
2024-06-13,1,PT1H,MC-MagdalenaEcop,24398.59,22974.7
2024-06-13,24,PT1H,MC-MagdalenaEcop,23007.89,23380.7
2024-06-13,23,PT1H,MC-MagdalenaEcop,23022.56,23627.9
2024-06-13,2,PT1H,MC-MagdalenaEcop,24284.98,24224.7
2024-06-14,22,PT1H,MC-MagdalenaEcop,21418.93,24076.9
2024-06-14,1,PT1H,MC-MagdalenaEcop,23261.18,22751.4
2024-06-14,2,PT1H,MC-MagdalenaEcop,23372.7,24118.7
2024-06-14,3,PT1H,MC-MagdalenaEcop,23260.95,24559.0
2024-06-14,4,PT1H,MC-MagdalenaEcop,23023.19,24941.0
2024-06-14,5,PT1H,MC-MagdalenaEcop,22993.38,24468.0
2024-06-14,6,PT1H,MC-MagdalenaEcop,23266.22,24213.4
2024-06-14,7,PT1H,MC-MagdalenaEcop,22916.89,23428.1
2024-06-14,8,PT1H,MC-MagdalenaEcop,23411.05,22317.5
2024-06-14,9,PT1H,MC-MagdalenaEcop,25386.97,21498.4
2024-06-14,10,PT1H,MC-MagdalenaEcop,25515.28,23214.9
2024-06-14,12,PT1H,MC-MagdalenaEcop,21871.65,23074.4
2024-06-14,14,PT1H,MC-MagdalenaEcop,17196.04,22841.9
2024-06-14,15,PT1H,MC-MagdalenaEcop,17390.96,23498.7
2024-06-14,16,PT1H,MC-MagdalenaEcop,17361.76,23340.9
2024-06-14,17,PT1H,MC-MagdalenaEcop,19393.58,23917.8
2024-06-14,18,PT1H,MC-MagdalenaEcop,21537.81,23965.3
2024-06-14,19,PT1H,MC-MagdalenaEcop,21394.27,23919.7
2024-06-14,24,PT1H,MC-MagdalenaEcop,20374.49,23358.0
2024-06-14,23,PT1H,MC-MagdalenaEcop,21138.97,23612.6
2024-06-14,20,PT1H,MC-MagdalenaEcop,22012.25,24353.2
2024-06-14,21,PT1H,MC-MagdalenaEcop,21942.83,24187.2
2024-06-14,11,PT1H,MC-MagdalenaEcop,23296.94,22850.7
2024-06-14,13,PT1H,MC-MagdalenaEcop,17559.63,23270.6
2024-06-15,22,PT1H,MC-MagdalenaEcop,23045.04,24132.0
2024-06-15,23,PT1H,MC-MagdalenaEcop,21193.36,23647.0
2024-06-15,24,PT1H,MC-MagdalenaEcop,24160.39,23414.9
2024-06-15,1,PT1H,MC-MagdalenaEcop,23401.75,22566.1
2024-06-15,2,PT1H,MC-MagdalenaEcop,25278.7,23939.0
2024-06-15,3,PT1H,MC-MagdalenaEcop,25332.09,24500.4
2024-06-15,5,PT1H,MC-MagdalenaEcop,25826.91,24429.1
2024-06-15,6,PT1H,MC-MagdalenaEcop,24182.99,24147.2
2024-06-15,7,PT1H,MC-MagdalenaEcop,25174.89,23349.7
2024-06-15,8,PT1H,MC-MagdalenaEcop,25016.11,22201.5
2024-06-15,9,PT1H,MC-MagdalenaEcop,26158.19,21350.1
2024-06-15,10,PT1H,MC-MagdalenaEcop,25897.74,23123.2
2024-06-15,11,PT1H,MC-MagdalenaEcop,26261.99,22761.4
2024-06-15,4,PT1H,MC-MagdalenaEcop,25393.36,24938.4
2024-06-15,13,PT1H,MC-MagdalenaEcop,25106.48,23172.8
2024-06-15,12,PT1H,MC-MagdalenaEcop,25691.11,22961.3
2024-06-15,21,PT1H,MC-MagdalenaEcop,23399.3,24206.5
2024-06-15,19,PT1H,MC-MagdalenaEcop,24283.05,23820.5
2024-06-15,18,PT1H,MC-MagdalenaEcop,23838.48,23893.8
2024-06-15,20,PT1H,MC-MagdalenaEcop,23768.86,24322.2
2024-06-15,16,PT1H,MC-MagdalenaEcop,23292.32,23246.4
2024-06-15,15,PT1H,MC-MagdalenaEcop,21324.11,23353.2
2024-06-15,14,PT1H,MC-MagdalenaEcop,24598.92,22733.9
2024-06-15,17,PT1H,MC-MagdalenaEcop,23755.04,23890.1
2024-06-16,8,PT1H,MC-MagdalenaEcop,19598.27,22218.9
2024-06-16,12,PT1H,MC-MagdalenaEcop,26132.4,22988.6
2024-06-16,9,PT1H,MC-MagdalenaEcop,22359.38,21241.9
2024-06-16,10,PT1H,MC-MagdalenaEcop,23173.97,23064.7
2024-06-16,11,PT1H,MC-MagdalenaEcop,24225.8,22765.7
2024-06-16,22,PT1H,MC-MagdalenaEcop,23107.92,24113.1
2024-06-16,13,PT1H,MC-MagdalenaEcop,27798.28,23183.9
2024-06-16,18,PT1H,MC-MagdalenaEcop,24938.62,23821.5
2024-06-16,15,PT1H,MC-MagdalenaEcop,27882.94,23236.6
2024-06-16,16,PT1H,MC-MagdalenaEcop,27801.62,23181.6
2024-06-16,17,PT1H,MC-MagdalenaEcop,25818.87,23841.3
2024-06-16,19,PT1H,MC-MagdalenaEcop,23963.73,23699.7
2024-06-16,20,PT1H,MC-MagdalenaEcop,24023.43,24241.7
2024-06-16,21,PT1H,MC-MagdalenaEcop,23596.05,24162.4
2024-06-16,7,PT1H,MC-MagdalenaEcop,20168.59,23402.5
2024-06-16,14,PT1H,MC-MagdalenaEcop,27930.58,22732.9
2024-06-16,6,PT1H,MC-MagdalenaEcop,20542.39,24201.0
2024-06-16,24,PT1H,MC-MagdalenaEcop,19532.05,23360.3
2024-06-16,23,PT1H,MC-MagdalenaEcop,20587.95,23593.8
2024-06-16,4,PT1H,MC-MagdalenaEcop,24892.13,25077.0
2024-06-16,3,PT1H,MC-MagdalenaEcop,24366.79,24605.4
2024-06-16,2,PT1H,MC-MagdalenaEcop,24470.18,23983.8
2024-06-16,1,PT1H,MC-MagdalenaEcop,22951.18,22578.5
2024-06-16,5,PT1H,MC-MagdalenaEcop,22610.34,24516.1
2024-06-17,14,PT1H,MC-MagdalenaEcop,21965.12,22202.1
2024-06-17,21,PT1H,MC-MagdalenaEcop,20049.81,25784.3
2024-06-17,20,PT1H,MC-MagdalenaEcop,21612.16,24692.7
2024-06-17,1,PT1H,MC-MagdalenaEcop,19237.01,26415.6
2024-06-17,2,PT1H,MC-MagdalenaEcop,19856.92,27008.6
2024-06-17,3,PT1H,MC-MagdalenaEcop,20763.34,26970.5
2024-06-17,4,PT1H,MC-MagdalenaEcop,20744.83,26859.5
2024-06-17,5,PT1H,MC-MagdalenaEcop,21098.91,25571.5
2024-06-17,6,PT1H,MC-MagdalenaEcop,19556.87,25930.6
2024-06-17,8,PT1H,MC-MagdalenaEcop,20470.93,25714.0
2024-06-17,9,PT1H,MC-MagdalenaEcop,20767.36,25430.3
2024-06-17,10,PT1H,MC-MagdalenaEcop,20962.22,20067.6
2024-06-17,11,PT1H,MC-MagdalenaEcop,21334.63,21367.7
2024-06-17,19,PT1H,MC-MagdalenaEcop,22627.06,24506.3
2024-06-17,18,PT1H,MC-MagdalenaEcop,22315.1,25158.6
2024-06-17,12,PT1H,MC-MagdalenaEcop,24463.76,21737.4
2024-06-17,17,PT1H,MC-MagdalenaEcop,22336.38,24206.7
2024-06-17,16,PT1H,MC-MagdalenaEcop,22300.57,24617.8
2024-06-17,15,PT1H,MC-MagdalenaEcop,22233.73,23822.7
2024-06-17,13,PT1H,MC-MagdalenaEcop,25474.44,21372.0
2024-06-17,7,PT1H,MC-MagdalenaEcop,20217.0,25510.4
2024-06-17,24,PT1H,MC-MagdalenaEcop,19744.51,24218.5
2024-06-17,23,PT1H,MC-MagdalenaEcop,20352.42,23150.9
2024-06-17,22,PT1H,MC-MagdalenaEcop,20348.99,25234.8
2024-06-18,2,PT1H,MC-MagdalenaEcop,23248.79,25527.9
2024-06-18,6,PT1H,MC-MagdalenaEcop,25230.42,24160.1
2024-06-18,4,PT1H,MC-MagdalenaEcop,23601.79,23583.8
2024-06-18,5,PT1H,MC-MagdalenaEcop,24148.25,24389.5
2024-06-18,1,PT1H,MC-MagdalenaEcop,22723.1,22758.1
2024-06-18,3,PT1H,MC-MagdalenaEcop,23501.74,25462.0
2024-06-18,24,PT1H,MC-MagdalenaEcop,23436.19,23706.2
2024-06-18,23,PT1H,MC-MagdalenaEcop,22442.85,24878.8
2024-06-18,22,PT1H,MC-MagdalenaEcop,18062.99,23715.6
2024-06-18,21,PT1H,MC-MagdalenaEcop,19213.31,23779.3
2024-06-18,20,PT1H,MC-MagdalenaEcop,21283.09,23531.1
2024-06-18,7,PT1H,MC-MagdalenaEcop,25168.21,23335.8
2024-06-18,18,PT1H,MC-MagdalenaEcop,22960.97,26244.5
2024-06-18,19,PT1H,MC-MagdalenaEcop,22732.42,24951.9
2024-06-18,9,PT1H,MC-MagdalenaEcop,24983.47,24594.1
2024-06-18,10,PT1H,MC-MagdalenaEcop,25004.84,22554.0
2024-06-18,11,PT1H,MC-MagdalenaEcop,25263.64,23184.4
2024-06-18,12,PT1H,MC-MagdalenaEcop,25257.42,25608.8
2024-06-18,8,PT1H,MC-MagdalenaEcop,23051.04,24235.9
2024-06-18,14,PT1H,MC-MagdalenaEcop,23779.17,25641.6
2024-06-18,17,PT1H,MC-MagdalenaEcop,21411.04,25029.0
2024-06-18,15,PT1H,MC-MagdalenaEcop,23536.12,25760.6
2024-06-18,13,PT1H,MC-MagdalenaEcop,23433.17,25605.9
2024-06-18,16,PT1H,MC-MagdalenaEcop,22992.39,26212.2
2024-06-19,1,PT1H,MC-MagdalenaEcop,23474.77,25080.8
2024-06-19,5,PT1H,MC-MagdalenaEcop,23293.24,25883.4
2024-06-19,6,PT1H,MC-MagdalenaEcop,23229.93,27276.6
2024-06-19,7,PT1H,MC-MagdalenaEcop,23149.75,27117.2
2024-06-19,8,PT1H,MC-MagdalenaEcop,23814.41,27262.5
2024-06-19,9,PT1H,MC-MagdalenaEcop,24224.61,27250.8
2024-06-19,10,PT1H,MC-MagdalenaEcop,25188.73,26772.0
2024-06-19,11,PT1H,MC-MagdalenaEcop,25329.46,24962.3
2024-06-19,12,PT1H,MC-MagdalenaEcop,25498.68,23532.6
2024-06-19,13,PT1H,MC-MagdalenaEcop,26214.76,22560.5
2024-06-19,14,PT1H,MC-MagdalenaEcop,25347.34,23314.0
2024-06-19,15,PT1H,MC-MagdalenaEcop,26444.44,23782.2
2024-06-19,17,PT1H,MC-MagdalenaEcop,20347.44,22595.0
2024-06-19,4,PT1H,MC-MagdalenaEcop,23389.02,23820.9
2024-06-19,19,PT1H,MC-MagdalenaEcop,19902.14,22552.3
2024-06-19,20,PT1H,MC-MagdalenaEcop,19876.49,22513.8
2024-06-19,21,PT1H,MC-MagdalenaEcop,19571.84,22212.2
2024-06-19,22,PT1H,MC-MagdalenaEcop,20014.33,22539.9
2024-06-19,23,PT1H,MC-MagdalenaEcop,20060.96,25190.8
2024-06-19,24,PT1H,MC-MagdalenaEcop,19841.32,25789.0
2024-06-19,3,PT1H,MC-MagdalenaEcop,23443.14,24949.0
2024-06-19,2,PT1H,MC-MagdalenaEcop,24103.59,24436.5
2024-06-19,16,PT1H,MC-MagdalenaEcop,23954.92,23437.7
2024-06-19,18,PT1H,MC-MagdalenaEcop,19226.27,22719.2
2024-06-20,19,PT1H,MC-MagdalenaEcop,24045.54,21270.6
2024-06-20,23,PT1H,MC-MagdalenaEcop,20028.77,25938.2
2024-06-20,1,PT1H,MC-MagdalenaEcop,20694.35,26234.1
2024-06-20,2,PT1H,MC-MagdalenaEcop,21116.07,25527.2
2024-06-20,3,PT1H,MC-MagdalenaEcop,21529.8,26161.0
2024-06-20,4,PT1H,MC-MagdalenaEcop,21691.19,27181.0
2024-06-20,5,PT1H,MC-MagdalenaEcop,21703.02,27310.7
2024-06-20,6,PT1H,MC-MagdalenaEcop,21616.66,27408.6
2024-06-20,7,PT1H,MC-MagdalenaEcop,21672.1,26936.8
2024-06-20,8,PT1H,MC-MagdalenaEcop,21373.41,26415.3
2024-06-20,9,PT1H,MC-MagdalenaEcop,22588.13,26033.5
2024-06-20,11,PT1H,MC-MagdalenaEcop,21727.6,25211.7
2024-06-20,13,PT1H,MC-MagdalenaEcop,16508.44,26270.8
2024-06-20,14,PT1H,MC-MagdalenaEcop,19454.6,23872.1
2024-06-20,15,PT1H,MC-MagdalenaEcop,22732.81,21667.4
2024-06-20,16,PT1H,MC-MagdalenaEcop,23084.54,20486.1
2024-06-20,17,PT1H,MC-MagdalenaEcop,23942.5,20709.9
2024-06-20,18,PT1H,MC-MagdalenaEcop,23629.29,21115.5
2024-06-20,20,PT1H,MC-MagdalenaEcop,24118.14,21310.3
2024-06-20,21,PT1H,MC-MagdalenaEcop,22958.43,21108.5
2024-06-20,22,PT1H,MC-MagdalenaEcop,20398.84,23400.8
2024-06-20,24,PT1H,MC-MagdalenaEcop,19719.26,26077.0
2024-06-20,12,PT1H,MC-MagdalenaEcop,15051.24,24704.8
2024-06-20,10,PT1H,MC-MagdalenaEcop,22078.61,26099.1
2024-06-21,23,PT1H,MC-MagdalenaEcop,24529.09,23372.6
2024-06-21,20,PT1H,MC-MagdalenaEcop,25997.92,22616.8
2024-06-21,24,PT1H,MC-MagdalenaEcop,24286.27,24033.8
2024-06-21,1,PT1H,MC-MagdalenaEcop,19459.98,32647.4
2024-06-21,21,PT1H,MC-MagdalenaEcop,25833.0,22639.6
2024-06-21,19,PT1H,MC-MagdalenaEcop,25995.69,22774.5
2024-06-21,18,PT1H,MC-MagdalenaEcop,24347.49,22726.1
2024-06-21,17,PT1H,MC-MagdalenaEcop,23466.91,22518.5
2024-06-21,15,PT1H,MC-MagdalenaEcop,24198.58,22962.9
2024-06-21,14,PT1H,MC-MagdalenaEcop,25975.69,22313.3
2024-06-21,13,PT1H,MC-MagdalenaEcop,26463.5,21189.7
2024-06-21,12,PT1H,MC-MagdalenaEcop,26780.59,18159.5
2024-06-21,16,PT1H,MC-MagdalenaEcop,23930.74,22648.1
2024-06-21,10,PT1H,MC-MagdalenaEcop,27309.77,23444.5
2024-06-21,22,PT1H,MC-MagdalenaEcop,25053.53,22450.2
2024-06-21,2,PT1H,MC-MagdalenaEcop,19605.11,32866.8
2024-06-21,3,PT1H,MC-MagdalenaEcop,21124.34,33592.9
2024-06-21,11,PT1H,MC-MagdalenaEcop,26827.36,21562.3
2024-06-21,5,PT1H,MC-MagdalenaEcop,24057.98,28548.9
2024-06-21,4,PT1H,MC-MagdalenaEcop,23031.98,27819.2
2024-06-21,7,PT1H,MC-MagdalenaEcop,26065.89,28296.2
2024-06-21,8,PT1H,MC-MagdalenaEcop,26615.46,18453.0
2024-06-21,9,PT1H,MC-MagdalenaEcop,27529.74,21321.5
2024-06-21,6,PT1H,MC-MagdalenaEcop,26452.01,28592.7
2024-06-22,3,PT1H,MC-MagdalenaEcop,25046.92,21094.2
2024-06-22,4,PT1H,MC-MagdalenaEcop,24865.93,20769.8
2024-06-22,12,PT1H,MC-MagdalenaEcop,25006.89,23232.9
2024-06-22,2,PT1H,MC-MagdalenaEcop,24128.16,20906.6
2024-06-22,5,PT1H,MC-MagdalenaEcop,24569.4,20560.8
2024-06-22,6,PT1H,MC-MagdalenaEcop,24865.71,20724.3
2024-06-22,7,PT1H,MC-MagdalenaEcop,23515.84,20691.6
2024-06-22,8,PT1H,MC-MagdalenaEcop,23606.82,20791.4
2024-06-22,9,PT1H,MC-MagdalenaEcop,24453.26,20947.1
2024-06-22,10,PT1H,MC-MagdalenaEcop,25033.02,22068.9
2024-06-22,13,PT1H,MC-MagdalenaEcop,24887.4,24655.2
2024-06-22,11,PT1H,MC-MagdalenaEcop,26229.62,22540.5
2024-06-22,15,PT1H,MC-MagdalenaEcop,26567.19,25494.2
2024-06-22,16,PT1H,MC-MagdalenaEcop,25816.42,26472.9
2024-06-22,17,PT1H,MC-MagdalenaEcop,25409.93,29371.6
2024-06-22,18,PT1H,MC-MagdalenaEcop,25246.39,28742.8
2024-06-22,19,PT1H,MC-MagdalenaEcop,25092.82,29707.1
2024-06-22,20,PT1H,MC-MagdalenaEcop,23466.97,29619.8
2024-06-22,21,PT1H,MC-MagdalenaEcop,20981.07,29645.0
2024-06-22,22,PT1H,MC-MagdalenaEcop,20840.56,29670.1
2024-06-22,23,PT1H,MC-MagdalenaEcop,21253.61,28261.9
2024-06-22,24,PT1H,MC-MagdalenaEcop,22402.6,26646.0
2024-06-22,14,PT1H,MC-MagdalenaEcop,26228.11,24843.3
2024-06-22,1,PT1H,MC-MagdalenaEcop,23193.79,20992.7
2024-06-23,24,PT1H,MC-MagdalenaEcop,30719.62,23823.1
2024-06-23,1,PT1H,MC-MagdalenaEcop,22520.2,25262.5
2024-06-23,23,PT1H,MC-MagdalenaEcop,33225.76,23838.3
2024-06-23,21,PT1H,MC-MagdalenaEcop,27491.69,21669.1
2024-06-23,2,PT1H,MC-MagdalenaEcop,18703.35,25144.9
2024-06-23,3,PT1H,MC-MagdalenaEcop,17925.31,24824.9
2024-06-23,4,PT1H,MC-MagdalenaEcop,17918.49,25074.5
2024-06-23,6,PT1H,MC-MagdalenaEcop,21874.88,25217.9
2024-06-23,7,PT1H,MC-MagdalenaEcop,20150.43,23843.1
2024-06-23,8,PT1H,MC-MagdalenaEcop,18851.37,23488.6
2024-06-23,9,PT1H,MC-MagdalenaEcop,18852.86,24485.6
2024-06-23,10,PT1H,MC-MagdalenaEcop,19334.76,26053.4
2024-06-23,11,PT1H,MC-MagdalenaEcop,19873.06,23924.8
2024-06-23,5,PT1H,MC-MagdalenaEcop,21192.87,25311.7
2024-06-23,13,PT1H,MC-MagdalenaEcop,24717.57,23627.2
2024-06-23,12,PT1H,MC-MagdalenaEcop,21540.75,23822.2
2024-06-23,20,PT1H,MC-MagdalenaEcop,27582.54,21038.9
2024-06-23,19,PT1H,MC-MagdalenaEcop,27018.85,22779.1
2024-06-23,18,PT1H,MC-MagdalenaEcop,26885.13,26960.7
2024-06-23,22,PT1H,MC-MagdalenaEcop,33166.28,23094.7
2024-06-23,17,PT1H,MC-MagdalenaEcop,26318.4,27498.5
2024-06-23,16,PT1H,MC-MagdalenaEcop,26204.41,26483.8
2024-06-23,15,PT1H,MC-MagdalenaEcop,25798.07,24869.5
2024-06-23,14,PT1H,MC-MagdalenaEcop,25189.79,25413.9
2024-06-24,13,PT1H,MC-MagdalenaEcop,22758.11,29344.6
2024-06-24,14,PT1H,MC-MagdalenaEcop,23995.0,25303.5
2024-06-24,15,PT1H,MC-MagdalenaEcop,24283.78,25612.8
2024-06-24,16,PT1H,MC-MagdalenaEcop,23959.5,25689.8
2024-06-24,17,PT1H,MC-MagdalenaEcop,22563.59,25731.0
2024-06-24,19,PT1H,MC-MagdalenaEcop,22042.62,26055.8
2024-06-24,12,PT1H,MC-MagdalenaEcop,20996.59,28180.8
2024-06-24,20,PT1H,MC-MagdalenaEcop,21964.06,24887.1
2024-06-24,21,PT1H,MC-MagdalenaEcop,21388.42,23088.0
2024-06-24,23,PT1H,MC-MagdalenaEcop,23259.05,23446.4
2024-06-24,24,PT1H,MC-MagdalenaEcop,20363.8,22746.4
2024-06-24,18,PT1H,MC-MagdalenaEcop,17987.25,25706.5
2024-06-24,22,PT1H,MC-MagdalenaEcop,21800.34,23442.5
2024-06-24,11,PT1H,MC-MagdalenaEcop,20307.17,24577.5
2024-06-24,9,PT1H,MC-MagdalenaEcop,19786.96,23924.2
2024-06-24,10,PT1H,MC-MagdalenaEcop,19171.49,24148.6
2024-06-24,1,PT1H,MC-MagdalenaEcop,30294.4,22162.0
2024-06-24,3,PT1H,MC-MagdalenaEcop,16317.94,23919.6
2024-06-24,4,PT1H,MC-MagdalenaEcop,13169.32,23898.3
2024-06-24,2,PT1H,MC-MagdalenaEcop,25852.55,22875.8
2024-06-24,6,PT1H,MC-MagdalenaEcop,19824.69,22530.3
2024-06-24,7,PT1H,MC-MagdalenaEcop,18567.79,23290.5
2024-06-24,8,PT1H,MC-MagdalenaEcop,19247.45,23582.9
2024-06-24,5,PT1H,MC-MagdalenaEcop,17403.25,24306.0
2024-06-25,22,PT1H,MC-MagdalenaEcop,23876.0,23406.6
2024-06-25,21,PT1H,MC-MagdalenaEcop,25974.65,23052.6
2024-06-25,14,PT1H,MC-MagdalenaEcop,24162.33,25264.8
2024-06-25,20,PT1H,MC-MagdalenaEcop,26904.54,24849.0
2024-06-25,19,PT1H,MC-MagdalenaEcop,27648.5,26015.9
2024-06-25,18,PT1H,MC-MagdalenaEcop,25292.92,25667.2
2024-06-25,17,PT1H,MC-MagdalenaEcop,22074.3,25691.7
2024-06-25,16,PT1H,MC-MagdalenaEcop,22461.47,25650.5
2024-06-25,15,PT1H,MC-MagdalenaEcop,21752.95,25573.6
2024-06-25,13,PT1H,MC-MagdalenaEcop,27507.29,29299.7
2024-06-25,8,PT1H,MC-MagdalenaEcop,25432.37,23546.8
2024-06-25,11,PT1H,MC-MagdalenaEcop,26668.85,24539.9
2024-06-25,10,PT1H,MC-MagdalenaEcop,26363.63,24111.7
2024-06-25,9,PT1H,MC-MagdalenaEcop,26216.02,23887.7
2024-06-25,7,PT1H,MC-MagdalenaEcop,24706.71,23254.9
2024-06-25,6,PT1H,MC-MagdalenaEcop,24218.83,22495.9
2024-06-25,1,PT1H,MC-MagdalenaEcop,21478.18,22128.1
2024-06-25,2,PT1H,MC-MagdalenaEcop,21790.71,22840.9
2024-06-25,3,PT1H,MC-MagdalenaEcop,21172.66,23883.0
2024-06-25,5,PT1H,MC-MagdalenaEcop,22262.34,24268.9
2024-06-25,4,PT1H,MC-MagdalenaEcop,21485.26,23861.8
2024-06-25,12,PT1H,MC-MagdalenaEcop,27221.14,28137.7
2024-06-25,23,PT1H,MC-MagdalenaEcop,24835.25,23410.6
2024-06-25,24,PT1H,MC-MagdalenaEcop,24517.12,22711.6
2024-06-26,18,PT1H,MC-MagdalenaEcop,23770.23,24282.1
2024-06-26,9,PT1H,MC-MagdalenaEcop,20596.34,26420.0
2024-06-26,10,PT1H,MC-MagdalenaEcop,20586.68,26442.6
2024-06-26,6,PT1H,MC-MagdalenaEcop,24334.64,26681.1
2024-06-26,23,PT1H,MC-MagdalenaEcop,23859.63,23734.3
2024-06-26,11,PT1H,MC-MagdalenaEcop,30741.17,26716.2
2024-06-26,12,PT1H,MC-MagdalenaEcop,32632.12,26709.6
2024-06-26,13,PT1H,MC-MagdalenaEcop,32808.3,24781.2
2024-06-26,14,PT1H,MC-MagdalenaEcop,29774.22,25147.0
2024-06-26,15,PT1H,MC-MagdalenaEcop,25884.45,24890.0
2024-06-26,16,PT1H,MC-MagdalenaEcop,18855.55,24315.3
2024-06-26,17,PT1H,MC-MagdalenaEcop,22612.24,22643.6
2024-06-26,8,PT1H,MC-MagdalenaEcop,20291.17,24377.3
2024-06-26,7,PT1H,MC-MagdalenaEcop,20977.71,26615.3
2024-06-26,5,PT1H,MC-MagdalenaEcop,24725.76,25537.1
2024-06-26,20,PT1H,MC-MagdalenaEcop,23281.24,22498.4
2024-06-26,21,PT1H,MC-MagdalenaEcop,22219.55,20310.4
2024-06-26,22,PT1H,MC-MagdalenaEcop,23368.19,19104.4
2024-06-26,24,PT1H,MC-MagdalenaEcop,23957.4,24784.4
2024-06-26,4,PT1H,MC-MagdalenaEcop,24382.57,24959.5
2024-06-26,3,PT1H,MC-MagdalenaEcop,22768.04,24853.7
2024-06-26,2,PT1H,MC-MagdalenaEcop,24633.38,24586.3
2024-06-26,1,PT1H,MC-MagdalenaEcop,23177.5,24030.6
2024-06-26,19,PT1H,MC-MagdalenaEcop,26338.56,24030.5
2024-06-27,1,PT1H,MC-MagdalenaEcop,23686.97,26805.3
2024-06-27,24,PT1H,MC-MagdalenaEcop,19630.78,22657.9
2024-06-27,8,PT1H,MC-MagdalenaEcop,33283.99,27193.0
2024-06-27,23,PT1H,MC-MagdalenaEcop,21349.82,22908.6
2024-06-27,7,PT1H,MC-MagdalenaEcop,33197.78,26434.3
2024-06-27,2,PT1H,MC-MagdalenaEcop,24645.22,27523.1
2024-06-27,3,PT1H,MC-MagdalenaEcop,23253.65,26769.2
2024-06-27,4,PT1H,MC-MagdalenaEcop,24697.29,26707.5
2024-06-27,5,PT1H,MC-MagdalenaEcop,29791.58,26598.1
2024-06-27,6,PT1H,MC-MagdalenaEcop,33887.09,26525.9
2024-06-27,22,PT1H,MC-MagdalenaEcop,22048.73,22855.4
2024-06-27,9,PT1H,MC-MagdalenaEcop,33955.74,27661.3
2024-06-27,10,PT1H,MC-MagdalenaEcop,30862.86,28761.7
2024-06-27,12,PT1H,MC-MagdalenaEcop,24151.49,29115.5
2024-06-27,11,PT1H,MC-MagdalenaEcop,26200.45,28922.4
2024-06-27,14,PT1H,MC-MagdalenaEcop,25253.17,28942.8
2024-06-27,15,PT1H,MC-MagdalenaEcop,25904.81,30195.1
2024-06-27,16,PT1H,MC-MagdalenaEcop,26554.16,27353.4
2024-06-27,17,PT1H,MC-MagdalenaEcop,22884.11,23235.6
2024-06-27,18,PT1H,MC-MagdalenaEcop,23043.83,21955.9
2024-06-27,19,PT1H,MC-MagdalenaEcop,23399.0,22717.4
2024-06-27,20,PT1H,MC-MagdalenaEcop,22864.18,22688.1
2024-06-27,21,PT1H,MC-MagdalenaEcop,22942.54,22340.3
2024-06-27,13,PT1H,MC-MagdalenaEcop,24888.44,29932.9
2024-06-28,20,PT1H,MC-MagdalenaEcop,23307.2,26547.3
2024-06-28,18,PT1H,MC-MagdalenaEcop,24671.93,25985.1
2024-06-28,19,PT1H,MC-MagdalenaEcop,24241.62,25802.0
2024-06-28,21,PT1H,MC-MagdalenaEcop,23372.22,26463.6
2024-06-28,17,PT1H,MC-MagdalenaEcop,24794.3,23399.1
2024-06-28,23,PT1H,MC-MagdalenaEcop,22680.53,25504.1
2024-06-28,24,PT1H,MC-MagdalenaEcop,22765.37,24582.1
2024-06-28,8,PT1H,MC-MagdalenaEcop,19903.69,28244.3
2024-06-28,22,PT1H,MC-MagdalenaEcop,23298.04,25841.7
2024-06-28,16,PT1H,MC-MagdalenaEcop,24101.48,20948.7
2024-06-28,7,PT1H,MC-MagdalenaEcop,20125.24,27648.3
2024-06-28,14,PT1H,MC-MagdalenaEcop,21511.87,20748.8
2024-06-28,1,PT1H,MC-MagdalenaEcop,19502.22,28063.5
2024-06-28,2,PT1H,MC-MagdalenaEcop,17979.45,28198.0
2024-06-28,10,PT1H,MC-MagdalenaEcop,18730.47,30782.0
2024-06-28,9,PT1H,MC-MagdalenaEcop,19775.54,30627.3
2024-06-28,3,PT1H,MC-MagdalenaEcop,16477.56,28063.2
2024-06-28,15,PT1H,MC-MagdalenaEcop,22102.97,20983.9
2024-06-28,5,PT1H,MC-MagdalenaEcop,18938.96,27740.5
2024-06-28,6,PT1H,MC-MagdalenaEcop,20619.39,28069.6
2024-06-28,11,PT1H,MC-MagdalenaEcop,17988.57,28106.6
2024-06-28,12,PT1H,MC-MagdalenaEcop,18690.68,26387.7
2024-06-28,13,PT1H,MC-MagdalenaEcop,18990.49,21187.3
2024-06-28,4,PT1H,MC-MagdalenaEcop,16115.35,27776.5
2024-06-29,10,PT1H,MC-MagdalenaEcop,23197.33,25994.4
2024-06-29,9,PT1H,MC-MagdalenaEcop,23667.53,26255.8
2024-06-29,8,PT1H,MC-MagdalenaEcop,31349.02,25109.9
2024-06-29,7,PT1H,MC-MagdalenaEcop,33793.28,25269.2
2024-06-29,6,PT1H,MC-MagdalenaEcop,34390.22,24274.0
2024-06-29,3,PT1H,MC-MagdalenaEcop,23315.26,25426.9
2024-06-29,4,PT1H,MC-MagdalenaEcop,20769.42,25488.4
2024-06-29,2,PT1H,MC-MagdalenaEcop,23283.41,25373.3
2024-06-29,1,PT1H,MC-MagdalenaEcop,22487.03,23490.1
2024-06-29,11,PT1H,MC-MagdalenaEcop,24941.56,26359.9
2024-06-29,5,PT1H,MC-MagdalenaEcop,23739.35,25923.4
2024-06-29,12,PT1H,MC-MagdalenaEcop,25302.63,25787.1
2024-06-29,16,PT1H,MC-MagdalenaEcop,24618.12,23380.3
2024-06-29,14,PT1H,MC-MagdalenaEcop,25898.49,24691.3
2024-06-29,24,PT1H,MC-MagdalenaEcop,21427.8,24251.3
2024-06-29,13,PT1H,MC-MagdalenaEcop,25464.63,25200.5
2024-06-29,22,PT1H,MC-MagdalenaEcop,22258.12,23132.2
2024-06-29,21,PT1H,MC-MagdalenaEcop,24398.02,23477.6
2024-06-29,20,PT1H,MC-MagdalenaEcop,23600.11,23848.4
2024-06-29,23,PT1H,MC-MagdalenaEcop,21458.7,21274.3
2024-06-29,18,PT1H,MC-MagdalenaEcop,22530.38,23928.3
2024-06-29,17,PT1H,MC-MagdalenaEcop,24792.18,23844.6
2024-06-29,15,PT1H,MC-MagdalenaEcop,25089.37,21405.5
2024-06-29,19,PT1H,MC-MagdalenaEcop,23070.09,24364.3
2024-06-30,17,PT1H,MC-MagdalenaEcop,17374.02,26540.0
2024-06-30,22,PT1H,MC-MagdalenaEcop,21451.77,23754.4
2024-06-30,21,PT1H,MC-MagdalenaEcop,19177.21,24245.9
2024-06-30,20,PT1H,MC-MagdalenaEcop,19708.09,24685.1
2024-06-30,19,PT1H,MC-MagdalenaEcop,20432.26,24623.8
2024-06-30,18,PT1H,MC-MagdalenaEcop,19595.63,25635.5
2024-06-30,23,PT1H,MC-MagdalenaEcop,20250.2,21165.0
2024-06-30,16,PT1H,MC-MagdalenaEcop,17335.21,28577.4
2024-06-30,13,PT1H,MC-MagdalenaEcop,18841.68,28573.9
2024-06-30,14,PT1H,MC-MagdalenaEcop,18414.15,28709.9
2024-06-30,15,PT1H,MC-MagdalenaEcop,18446.81,28660.9
2024-06-30,2,PT1H,MC-MagdalenaEcop,22223.59,25154.2
2024-06-30,4,PT1H,MC-MagdalenaEcop,22977.6,25587.7
2024-06-30,5,PT1H,MC-MagdalenaEcop,22817.78,23243.1
2024-06-30,6,PT1H,MC-MagdalenaEcop,23129.22,21118.2
2024-06-30,7,PT1H,MC-MagdalenaEcop,22053.97,20734.1
2024-06-30,3,PT1H,MC-MagdalenaEcop,22352.3,25047.9
2024-06-30,9,PT1H,MC-MagdalenaEcop,19376.9,22985.2
2024-06-30,24,PT1H,MC-MagdalenaEcop,19173.3,20080.0
2024-06-30,1,PT1H,MC-MagdalenaEcop,22072.7,23593.3
2024-06-30,10,PT1H,MC-MagdalenaEcop,21440.74,23822.2
2024-06-30,11,PT1H,MC-MagdalenaEcop,21401.65,24903.0
2024-06-30,8,PT1H,MC-MagdalenaEcop,21170.07,20148.1
2024-06-30,12,PT1H,MC-MagdalenaEcop,21168.26,26862.2
2024-07-01,17,PT1H,MC-MagdalenaEcop,22811.7,29534.1
2024-07-01,18,PT1H,MC-MagdalenaEcop,26263.68,23546.0
2024-07-01,19,PT1H,MC-MagdalenaEcop,26444.45,28842.4
2024-07-01,22,PT1H,MC-MagdalenaEcop,25982.46,28535.4
2024-07-01,21,PT1H,MC-MagdalenaEcop,25617.99,27986.4
2024-07-01,23,PT1H,MC-MagdalenaEcop,25672.79,30444.1
2024-07-01,24,PT1H,MC-MagdalenaEcop,25319.37,26655.7
2024-07-01,16,PT1H,MC-MagdalenaEcop,21415.59,31360.6
2024-07-01,20,PT1H,MC-MagdalenaEcop,26635.7,28739.6
2024-07-01,15,PT1H,MC-MagdalenaEcop,23657.15,31784.9
2024-07-01,8,PT1H,MC-MagdalenaEcop,22900.21,25195.0
2024-07-01,13,PT1H,MC-MagdalenaEcop,26021.16,29788.6
2024-07-01,12,PT1H,MC-MagdalenaEcop,25939.92,27483.7
2024-07-01,11,PT1H,MC-MagdalenaEcop,25849.13,26581.6
2024-07-01,10,PT1H,MC-MagdalenaEcop,25801.36,25095.6
2024-07-01,9,PT1H,MC-MagdalenaEcop,25513.81,25900.9
2024-07-01,7,PT1H,MC-MagdalenaEcop,19657.43,24305.6
2024-07-01,6,PT1H,MC-MagdalenaEcop,20614.29,25950.3
2024-07-01,5,PT1H,MC-MagdalenaEcop,21641.78,22781.9
2024-07-01,4,PT1H,MC-MagdalenaEcop,19187.47,17241.8
2024-07-01,3,PT1H,MC-MagdalenaEcop,18921.42,21361.7
2024-07-01,2,PT1H,MC-MagdalenaEcop,18073.68,33837.6
2024-07-01,14,PT1H,MC-MagdalenaEcop,25495.14,31407.0
2024-07-01,1,PT1H,MC-MagdalenaEcop,18061.76,39649.7
2024-07-02,23,PT1H,MC-MagdalenaEcop,31085.86,28039.6
2024-07-02,1,PT1H,MC-MagdalenaEcop,25803.08,24250.8
2024-07-02,24,PT1H,MC-MagdalenaEcop,30388.25,27680.6
2024-07-02,2,PT1H,MC-MagdalenaEcop,25062.11,24603.5
2024-07-02,3,PT1H,MC-MagdalenaEcop,21799.76,23905.9
2024-07-02,4,PT1H,MC-MagdalenaEcop,21472.45,24258.8
2024-07-02,5,PT1H,MC-MagdalenaEcop,21751.77,25135.8
2024-07-02,6,PT1H,MC-MagdalenaEcop,22204.66,27343.9
2024-07-02,8,PT1H,MC-MagdalenaEcop,23018.49,28713.5
2024-07-02,9,PT1H,MC-MagdalenaEcop,20324.7,29598.0
2024-07-02,10,PT1H,MC-MagdalenaEcop,25291.07,29764.6
2024-07-02,11,PT1H,MC-MagdalenaEcop,26986.91,30109.1
2024-07-02,7,PT1H,MC-MagdalenaEcop,21623.03,27894.6
2024-07-02,13,PT1H,MC-MagdalenaEcop,27242.94,31055.4
2024-07-02,14,PT1H,MC-MagdalenaEcop,27304.98,27280.2
2024-07-02,15,PT1H,MC-MagdalenaEcop,27103.43,24560.9
2024-07-02,16,PT1H,MC-MagdalenaEcop,25788.95,25360.5
2024-07-02,17,PT1H,MC-MagdalenaEcop,28988.86,24923.6
2024-07-02,18,PT1H,MC-MagdalenaEcop,29637.85,28556.2
2024-07-02,19,PT1H,MC-MagdalenaEcop,32073.28,31204.7
2024-07-02,20,PT1H,MC-MagdalenaEcop,31987.68,30365.1
2024-07-02,21,PT1H,MC-MagdalenaEcop,31724.89,29315.6
2024-07-02,12,PT1H,MC-MagdalenaEcop,26998.02,30732.4
2024-07-02,22,PT1H,MC-MagdalenaEcop,31656.17,26957.0
2024-07-03,12,PT1H,MC-MagdalenaEcop,15283.66,36951.5
2024-07-03,11,PT1H,MC-MagdalenaEcop,15073.71,34810.9
2024-07-03,10,PT1H,MC-MagdalenaEcop,15221.06,23315.4
2024-07-03,9,PT1H,MC-MagdalenaEcop,16485.43,23326.3
2024-07-03,5,PT1H,MC-MagdalenaEcop,19188.21,28001.0
2024-07-03,7,PT1H,MC-MagdalenaEcop,20023.65,23758.0
2024-07-03,6,PT1H,MC-MagdalenaEcop,19249.6,27558.3
2024-07-03,13,PT1H,MC-MagdalenaEcop,17248.76,37151.0
2024-07-03,8,PT1H,MC-MagdalenaEcop,16718.27,22980.8
2024-07-03,14,PT1H,MC-MagdalenaEcop,16773.81,33716.2
2024-07-03,15,PT1H,MC-MagdalenaEcop,23629.67,29312.7
2024-07-03,17,PT1H,MC-MagdalenaEcop,21493.98,25608.4
2024-07-03,18,PT1H,MC-MagdalenaEcop,21744.75,26919.3
2024-07-03,19,PT1H,MC-MagdalenaEcop,21648.05,29816.8
2024-07-03,20,PT1H,MC-MagdalenaEcop,21554.42,26355.8
2024-07-03,21,PT1H,MC-MagdalenaEcop,21045.49,25153.9
2024-07-03,22,PT1H,MC-MagdalenaEcop,20773.44,26464.2
2024-07-03,23,PT1H,MC-MagdalenaEcop,19071.37,27020.5
2024-07-03,24,PT1H,MC-MagdalenaEcop,21792.55,27131.2
2024-07-03,4,PT1H,MC-MagdalenaEcop,21537.35,27612.5
2024-07-03,16,PT1H,MC-MagdalenaEcop,23944.85,21355.6
2024-07-03,3,PT1H,MC-MagdalenaEcop,23933.03,25784.8
2024-07-03,2,PT1H,MC-MagdalenaEcop,23902.64,27896.5
2024-07-03,1,PT1H,MC-MagdalenaEcop,25345.09,26248.3
2024-07-04,24,PT1H,MC-MagdalenaEcop,25305.45,20947.3
2024-07-04,2,PT1H,MC-MagdalenaEcop,21439.9,26295.5
2024-07-04,3,PT1H,MC-MagdalenaEcop,19262.37,24811.3
2024-07-04,4,PT1H,MC-MagdalenaEcop,21284.03,26351.0
2024-07-04,5,PT1H,MC-MagdalenaEcop,25102.42,31784.4
2024-07-04,6,PT1H,MC-MagdalenaEcop,28648.18,36152.4
2024-07-04,7,PT1H,MC-MagdalenaEcop,27460.46,35417.3
2024-07-04,9,PT1H,MC-MagdalenaEcop,27088.06,36225.7
2024-07-04,10,PT1H,MC-MagdalenaEcop,27791.4,32926.9
2024-07-04,11,PT1H,MC-MagdalenaEcop,28652.38,27954.2
2024-07-04,1,PT1H,MC-MagdalenaEcop,21485.78,25273.5
2024-07-04,8,PT1H,MC-MagdalenaEcop,27564.54,35509.2
2024-07-04,13,PT1H,MC-MagdalenaEcop,30283.14,26554.9
2024-07-04,23,PT1H,MC-MagdalenaEcop,25932.35,22780.8
2024-07-04,12,PT1H,MC-MagdalenaEcop,29712.13,25768.9
2024-07-04,21,PT1H,MC-MagdalenaEcop,26715.69,24469.5
2024-07-04,20,PT1H,MC-MagdalenaEcop,28269.87,24385.9
2024-07-04,19,PT1H,MC-MagdalenaEcop,27642.15,24956.3
2024-07-04,22,PT1H,MC-MagdalenaEcop,26837.7,23526.2
2024-07-04,17,PT1H,MC-MagdalenaEcop,24857.74,24417.2
2024-07-04,16,PT1H,MC-MagdalenaEcop,25330.72,28331.5
2024-07-04,15,PT1H,MC-MagdalenaEcop,25310.31,27638.9
2024-07-04,14,PT1H,MC-MagdalenaEcop,28270.75,26943.9
2024-07-04,18,PT1H,MC-MagdalenaEcop,24535.75,24587.5
2024-07-05,13,PT1H,MC-MagdalenaEcop,25958.83,30048.9
2024-07-05,5,PT1H,MC-MagdalenaEcop,26084.91,27318.4
2024-07-05,6,PT1H,MC-MagdalenaEcop,26627.24,30035.9
2024-07-05,7,PT1H,MC-MagdalenaEcop,20773.36,29597.6
2024-07-05,8,PT1H,MC-MagdalenaEcop,18927.63,30221.4
2024-07-05,9,PT1H,MC-MagdalenaEcop,18016.08,31259.2
2024-07-05,10,PT1H,MC-MagdalenaEcop,18141.99,31009.6
2024-07-05,11,PT1H,MC-MagdalenaEcop,23030.43,30462.0
2024-07-05,12,PT1H,MC-MagdalenaEcop,25380.83,30408.9
2024-07-05,14,PT1H,MC-MagdalenaEcop,25497.23,29495.2
2024-07-05,4,PT1H,MC-MagdalenaEcop,24752.86,26153.8
2024-07-05,16,PT1H,MC-MagdalenaEcop,27969.9,27174.0
2024-07-05,17,PT1H,MC-MagdalenaEcop,26373.96,26647.5
2024-07-05,18,PT1H,MC-MagdalenaEcop,28047.11,27647.0
2024-07-05,19,PT1H,MC-MagdalenaEcop,29315.29,29507.9
2024-07-05,20,PT1H,MC-MagdalenaEcop,29351.83,29510.5
2024-07-05,21,PT1H,MC-MagdalenaEcop,28390.28,29323.3
2024-07-05,22,PT1H,MC-MagdalenaEcop,29532.26,28448.5
2024-07-05,23,PT1H,MC-MagdalenaEcop,29636.59,27853.2
2024-07-05,24,PT1H,MC-MagdalenaEcop,29627.35,27577.6
2024-07-05,15,PT1H,MC-MagdalenaEcop,26793.95,27478.0
2024-07-05,3,PT1H,MC-MagdalenaEcop,24849.22,23988.4
2024-07-05,2,PT1H,MC-MagdalenaEcop,25202.59,22263.9
2024-07-05,1,PT1H,MC-MagdalenaEcop,25217.65,22099.2
2024-07-06,2,PT1H,MC-MagdalenaEcop,33534.57,27993.8
2024-07-06,3,PT1H,MC-MagdalenaEcop,36816.7,29059.4
2024-07-06,6,PT1H,MC-MagdalenaEcop,31411.96,28849.2
2024-07-06,7,PT1H,MC-MagdalenaEcop,29384.92,27283.6
2024-07-06,8,PT1H,MC-MagdalenaEcop,28961.76,27389.1
2024-07-06,9,PT1H,MC-MagdalenaEcop,29307.16,28370.8
2024-07-06,10,PT1H,MC-MagdalenaEcop,28393.79,29043.2
2024-07-06,11,PT1H,MC-MagdalenaEcop,24250.67,30431.1
2024-07-06,12,PT1H,MC-MagdalenaEcop,22410.71,29012.9
2024-07-06,1,PT1H,MC-MagdalenaEcop,29733.08,26910.1
2024-07-06,13,PT1H,MC-MagdalenaEcop,20707.54,28874.3
2024-07-06,14,PT1H,MC-MagdalenaEcop,19985.95,30429.3
2024-07-06,15,PT1H,MC-MagdalenaEcop,19256.09,30822.6
2024-07-06,16,PT1H,MC-MagdalenaEcop,19983.16,29951.8
2024-07-06,17,PT1H,MC-MagdalenaEcop,21326.47,29480.4
2024-07-06,18,PT1H,MC-MagdalenaEcop,22996.45,29290.7
2024-07-06,19,PT1H,MC-MagdalenaEcop,24031.91,29102.6
2024-07-06,20,PT1H,MC-MagdalenaEcop,24457.87,27216.9
2024-07-06,21,PT1H,MC-MagdalenaEcop,23967.61,24333.8
2024-07-06,22,PT1H,MC-MagdalenaEcop,25560.1,24180.8
2024-07-06,23,PT1H,MC-MagdalenaEcop,25855.29,24659.9
2024-07-06,24,PT1H,MC-MagdalenaEcop,25900.82,25992.5
2024-07-06,4,PT1H,MC-MagdalenaEcop,36930.18,28849.5
2024-07-06,5,PT1H,MC-MagdalenaEcop,35497.09,28505.5
2024-07-07,3,PT1H,MC-MagdalenaEcop,25020.33,21186.7
2024-07-07,2,PT1H,MC-MagdalenaEcop,25196.86,22105.8
2024-07-07,1,PT1H,MC-MagdalenaEcop,26717.05,26615.0
2024-07-07,4,PT1H,MC-MagdalenaEcop,25051.75,21178.6
2024-07-07,24,PT1H,MC-MagdalenaEcop,26758.13,36301.7
2024-07-07,5,PT1H,MC-MagdalenaEcop,29077.12,25046.9
2024-07-07,6,PT1H,MC-MagdalenaEcop,33267.51,25852.6
2024-07-07,7,PT1H,MC-MagdalenaEcop,32308.99,23815.4
2024-07-07,8,PT1H,MC-MagdalenaEcop,32319.8,22280.7
2024-07-07,9,PT1H,MC-MagdalenaEcop,32091.4,22282.5
2024-07-07,11,PT1H,MC-MagdalenaEcop,28310.77,23487.7
2024-07-07,12,PT1H,MC-MagdalenaEcop,28871.65,25457.9
2024-07-07,13,PT1H,MC-MagdalenaEcop,29260.57,29211.0
2024-07-07,10,PT1H,MC-MagdalenaEcop,31218.84,22851.8
2024-07-07,15,PT1H,MC-MagdalenaEcop,25501.24,30487.4
2024-07-07,23,PT1H,MC-MagdalenaEcop,28551.06,39262.4
2024-07-07,14,PT1H,MC-MagdalenaEcop,26614.09,29768.8
2024-07-07,21,PT1H,MC-MagdalenaEcop,25603.92,32478.3
2024-07-07,20,PT1H,MC-MagdalenaEcop,23229.18,32585.6
2024-07-07,19,PT1H,MC-MagdalenaEcop,24352.11,31919.7
2024-07-07,22,PT1H,MC-MagdalenaEcop,27090.83,39192.1
2024-07-07,17,PT1H,MC-MagdalenaEcop,23202.32,31102.1
2024-07-07,16,PT1H,MC-MagdalenaEcop,23412.76,30967.5
2024-07-07,18,PT1H,MC-MagdalenaEcop,23396.86,31771.7
2024-07-08,3,PT1H,MC-MagdalenaEcop,30285.04,21824.9
2024-07-08,10,PT1H,MC-MagdalenaEcop,32581.73,25639.7
2024-07-08,4,PT1H,MC-MagdalenaEcop,30746.61,17615.6
2024-07-08,5,PT1H,MC-MagdalenaEcop,31939.92,23275.8
2024-07-08,6,PT1H,MC-MagdalenaEcop,32940.32,26513.0
2024-07-08,7,PT1H,MC-MagdalenaEcop,32085.27,24832.7
2024-07-08,8,PT1H,MC-MagdalenaEcop,32910.26,25741.3
2024-07-08,9,PT1H,MC-MagdalenaEcop,33077.43,26462.6
2024-07-08,11,PT1H,MC-MagdalenaEcop,32311.94,27158.0
2024-07-08,23,PT1H,MC-MagdalenaEcop,21232.44,31104.3
2024-07-08,13,PT1H,MC-MagdalenaEcop,31986.96,30434.6
2024-07-08,14,PT1H,MC-MagdalenaEcop,32425.51,32088.1
2024-07-08,15,PT1H,MC-MagdalenaEcop,31572.76,32474.2
2024-07-08,18,PT1H,MC-MagdalenaEcop,31297.13,24056.6
2024-07-08,19,PT1H,MC-MagdalenaEcop,27073.94,29468.1
2024-07-08,20,PT1H,MC-MagdalenaEcop,24496.07,29363.1
2024-07-08,21,PT1H,MC-MagdalenaEcop,23020.19,28593.5
2024-07-08,22,PT1H,MC-MagdalenaEcop,21996.71,29154.2
2024-07-08,2,PT1H,MC-MagdalenaEcop,29891.66,34571.4
2024-07-08,12,PT1H,MC-MagdalenaEcop,33267.55,28079.7
2024-07-08,1,PT1H,MC-MagdalenaEcop,28047.79,40509.6
2024-07-08,17,PT1H,MC-MagdalenaEcop,29855.54,30174.5
2024-07-08,16,PT1H,MC-MagdalenaEcop,30068.4,32040.7
2024-07-08,24,PT1H,MC-MagdalenaEcop,21098.13,27233.7
2024-07-09,6,PT1H,MC-MagdalenaEcop,31721.5,27902.8
2024-07-09,7,PT1H,MC-MagdalenaEcop,31455.82,28464.7
2024-07-09,8,PT1H,MC-MagdalenaEcop,31085.69,29300.4
2024-07-09,9,PT1H,MC-MagdalenaEcop,29759.01,30202.9
2024-07-09,10,PT1H,MC-MagdalenaEcop,23952.33,30373.0
2024-07-09,11,PT1H,MC-MagdalenaEcop,21775.73,30724.5
2024-07-09,12,PT1H,MC-MagdalenaEcop,22451.51,31360.5
2024-07-09,13,PT1H,MC-MagdalenaEcop,24037.32,31690.1
2024-07-09,14,PT1H,MC-MagdalenaEcop,25719.97,27837.7
2024-07-09,15,PT1H,MC-MagdalenaEcop,26032.75,25062.8
2024-07-09,16,PT1H,MC-MagdalenaEcop,25764.95,25878.8
2024-07-09,22,PT1H,MC-MagdalenaEcop,24589.69,27508.0
2024-07-09,5,PT1H,MC-MagdalenaEcop,25627.33,25649.5
2024-07-09,4,PT1H,MC-MagdalenaEcop,22219.61,24754.5
2024-07-09,3,PT1H,MC-MagdalenaEcop,23409.9,24394.5
2024-07-09,2,PT1H,MC-MagdalenaEcop,23350.38,25106.3
2024-07-09,1,PT1H,MC-MagdalenaEcop,23087.45,24746.4
2024-07-09,20,PT1H,MC-MagdalenaEcop,23886.57,30985.9
2024-07-09,17,PT1H,MC-MagdalenaEcop,25240.38,25432.9
2024-07-09,18,PT1H,MC-MagdalenaEcop,23997.92,29139.8
2024-07-09,21,PT1H,MC-MagdalenaEcop,23456.47,29915.0
2024-07-09,19,PT1H,MC-MagdalenaEcop,24318.75,31842.7
2024-07-09,23,PT1H,MC-MagdalenaEcop,29546.39,28612.7
2024-07-09,24,PT1H,MC-MagdalenaEcop,29309.12,28246.3
2024-07-10,14,PT1H,MC-MagdalenaEcop,37019.94,34268.6
2024-07-10,15,PT1H,MC-MagdalenaEcop,37278.49,29793.0
2024-07-10,16,PT1H,MC-MagdalenaEcop,38428.7,21705.5
2024-07-10,5,PT1H,MC-MagdalenaEcop,29185.24,28459.8
2024-07-10,17,PT1H,MC-MagdalenaEcop,33206.02,26028.0
2024-07-10,13,PT1H,MC-MagdalenaEcop,35205.21,37759.7
2024-07-10,18,PT1H,MC-MagdalenaEcop,34948.83,27360.3
2024-07-10,20,PT1H,MC-MagdalenaEcop,29394.32,26787.7
2024-07-10,21,PT1H,MC-MagdalenaEcop,19639.61,25566.1
2024-07-10,22,PT1H,MC-MagdalenaEcop,18302.52,26897.8
2024-07-10,23,PT1H,MC-MagdalenaEcop,25985.97,27463.2
2024-07-10,1,PT1H,MC-MagdalenaEcop,30205.26,26678.3
2024-07-10,24,PT1H,MC-MagdalenaEcop,27431.15,27575.7
2024-07-10,19,PT1H,MC-MagdalenaEcop,36502.37,30305.5
2024-07-10,12,PT1H,MC-MagdalenaEcop,32392.57,37557.0
2024-07-10,4,PT1H,MC-MagdalenaEcop,30308.04,28064.9
2024-07-10,10,PT1H,MC-MagdalenaEcop,29329.01,23697.3
2024-07-10,11,PT1H,MC-MagdalenaEcop,29875.93,35381.2
2024-07-10,2,PT1H,MC-MagdalenaEcop,29956.07,28353.5
2024-07-10,7,PT1H,MC-MagdalenaEcop,32854.52,24147.2
2024-07-10,6,PT1H,MC-MagdalenaEcop,31390.66,28009.8
2024-07-10,8,PT1H,MC-MagdalenaEcop,33004.63,23357.3
2024-07-10,9,PT1H,MC-MagdalenaEcop,28697.1,23708.4
2024-07-10,3,PT1H,MC-MagdalenaEcop,29628.09,26207.2
2024-07-11,1,PT1H,MC-MagdalenaEcop,24974.53,25696.8
2024-07-11,23,PT1H,MC-MagdalenaEcop,27838.21,23162.3
2024-07-11,2,PT1H,MC-MagdalenaEcop,25047.03,26735.9
2024-07-11,3,PT1H,MC-MagdalenaEcop,21925.74,25226.9
2024-07-11,4,PT1H,MC-MagdalenaEcop,22754.58,26792.4
2024-07-11,5,PT1H,MC-MagdalenaEcop,22424.89,32316.8
2024-07-11,6,PT1H,MC-MagdalenaEcop,21390.52,36758.1
2024-07-11,22,PT1H,MC-MagdalenaEcop,24805.69,23920.2
2024-07-11,24,PT1H,MC-MagdalenaEcop,28746.97,21298.1
2024-07-11,19,PT1H,MC-MagdalenaEcop,10506.81,25374.5
2024-07-11,20,PT1H,MC-MagdalenaEcop,10986.49,24794.5
2024-07-11,18,PT1H,MC-MagdalenaEcop,12468.79,24999.3
2024-07-11,17,PT1H,MC-MagdalenaEcop,20092.9,24826.1
2024-07-11,16,PT1H,MC-MagdalenaEcop,17762.69,28806.0
2024-07-11,15,PT1H,MC-MagdalenaEcop,14521.68,28101.9
2024-07-11,14,PT1H,MC-MagdalenaEcop,14492.77,27395.2
2024-07-11,13,PT1H,MC-MagdalenaEcop,27738.22,26999.7
2024-07-11,12,PT1H,MC-MagdalenaEcop,28906.14,26200.5
2024-07-11,11,PT1H,MC-MagdalenaEcop,27648.26,28422.5
2024-07-11,7,PT1H,MC-MagdalenaEcop,24716.84,36010.6
2024-07-11,8,PT1H,MC-MagdalenaEcop,25962.97,36104.0
2024-07-11,10,PT1H,MC-MagdalenaEcop,25212.33,33478.5
2024-07-11,21,PT1H,MC-MagdalenaEcop,9648.15,24879.5
2024-07-11,9,PT1H,MC-MagdalenaEcop,25555.14,36832.5
2024-07-12,20,PT1H,MC-MagdalenaEcop,16959.57,30859.5
2024-07-12,2,PT1H,MC-MagdalenaEcop,27495.9,23815.4
2024-07-12,21,PT1H,MC-MagdalenaEcop,17946.42,30945.6
2024-07-12,19,PT1H,MC-MagdalenaEcop,13804.47,32096.7
2024-07-12,18,PT1H,MC-MagdalenaEcop,8326.44,32676.4
2024-07-12,17,PT1H,MC-MagdalenaEcop,10111.7,32838.4
2024-07-12,16,PT1H,MC-MagdalenaEcop,10703.0,31921.1
2024-07-12,15,PT1H,MC-MagdalenaEcop,11019.7,29275.0
2024-07-12,22,PT1H,MC-MagdalenaEcop,18583.85,30857.3
2024-07-12,23,PT1H,MC-MagdalenaEcop,21250.97,30039.7
2024-07-12,24,PT1H,MC-MagdalenaEcop,25787.84,30152.1
2024-07-12,1,PT1H,MC-MagdalenaEcop,28353.5,25831.6
2024-07-12,3,PT1H,MC-MagdalenaEcop,26536.82,21826.8
2024-07-12,13,PT1H,MC-MagdalenaEcop,10407.53,25154.0
2024-07-12,12,PT1H,MC-MagdalenaEcop,13618.82,24757.0
2024-07-12,11,PT1H,MC-MagdalenaEcop,24494.07,23827.4
2024-07-12,10,PT1H,MC-MagdalenaEcop,25380.85,24809.7
2024-07-12,8,PT1H,MC-MagdalenaEcop,23555.38,26363.1
2024-07-12,4,PT1H,MC-MagdalenaEcop,26808.13,21347.2
2024-07-12,9,PT1H,MC-MagdalenaEcop,24259.76,26193.4
2024-07-12,7,PT1H,MC-MagdalenaEcop,22415.72,26656.5
2024-07-12,6,PT1H,MC-MagdalenaEcop,22409.44,27310.7
2024-07-12,14,PT1H,MC-MagdalenaEcop,12037.85,28492.4
2024-07-12,5,PT1H,MC-MagdalenaEcop,23306.42,25085.8
2024-07-13,3,PT1H,MC-MagdalenaEcop,31707.15,25993.7
2024-07-13,2,PT1H,MC-MagdalenaEcop,31981.15,25958.2
2024-07-13,4,PT1H,MC-MagdalenaEcop,31907.65,23156.5
2024-07-13,5,PT1H,MC-MagdalenaEcop,31945.39,26466.4
2024-07-13,6,PT1H,MC-MagdalenaEcop,32948.13,38336.3
2024-07-13,7,PT1H,MC-MagdalenaEcop,29545.04,37671.0
2024-07-13,1,PT1H,MC-MagdalenaEcop,31867.18,25070.7
2024-07-13,23,PT1H,MC-MagdalenaEcop,17286.16,23924.7
2024-07-13,20,PT1H,MC-MagdalenaEcop,18186.66,26301.2
2024-07-13,21,PT1H,MC-MagdalenaEcop,17970.49,27190.4
2024-07-13,19,PT1H,MC-MagdalenaEcop,19448.27,25710.5
2024-07-13,18,PT1H,MC-MagdalenaEcop,20387.73,25119.0
2024-07-13,17,PT1H,MC-MagdalenaEcop,23923.13,27639.7
2024-07-13,16,PT1H,MC-MagdalenaEcop,24947.99,27445.7
2024-07-13,9,PT1H,MC-MagdalenaEcop,29683.36,26386.3
2024-07-13,24,PT1H,MC-MagdalenaEcop,17127.19,23890.3
2024-07-13,14,PT1H,MC-MagdalenaEcop,31724.15,28872.6
2024-07-13,13,PT1H,MC-MagdalenaEcop,32860.01,28389.1
2024-07-13,12,PT1H,MC-MagdalenaEcop,32312.28,28208.6
2024-07-13,11,PT1H,MC-MagdalenaEcop,31542.35,27806.2
2024-07-13,10,PT1H,MC-MagdalenaEcop,30761.16,25862.3
2024-07-13,8,PT1H,MC-MagdalenaEcop,30147.22,34947.0
2024-07-13,22,PT1H,MC-MagdalenaEcop,17159.54,24815.6
2024-07-13,15,PT1H,MC-MagdalenaEcop,23761.43,27970.9
2024-07-14,5,PT1H,MC-MagdalenaEcop,19623.38,30730.7
2024-07-14,3,PT1H,MC-MagdalenaEcop,19963.76,30104.0
2024-07-14,24,PT1H,MC-MagdalenaEcop,22378.73,25824.0
2024-07-14,22,PT1H,MC-MagdalenaEcop,20090.25,28891.6
2024-07-14,21,PT1H,MC-MagdalenaEcop,20021.27,25819.3
2024-07-14,20,PT1H,MC-MagdalenaEcop,21472.54,26534.0
2024-07-14,19,PT1H,MC-MagdalenaEcop,23814.11,27509.0
2024-07-14,23,PT1H,MC-MagdalenaEcop,21158.97,27273.9
2024-07-14,18,PT1H,MC-MagdalenaEcop,24317.75,26392.6
2024-07-14,16,PT1H,MC-MagdalenaEcop,34241.8,23349.3
2024-07-14,15,PT1H,MC-MagdalenaEcop,34055.64,24845.9
2024-07-14,14,PT1H,MC-MagdalenaEcop,33747.22,24801.9
2024-07-14,17,PT1H,MC-MagdalenaEcop,32985.64,23401.5
2024-07-14,12,PT1H,MC-MagdalenaEcop,33757.2,28509.9
2024-07-14,4,PT1H,MC-MagdalenaEcop,20347.88,30945.9
2024-07-14,1,PT1H,MC-MagdalenaEcop,18182.21,29727.6
2024-07-14,6,PT1H,MC-MagdalenaEcop,25496.11,31150.0
2024-07-14,7,PT1H,MC-MagdalenaEcop,28010.34,29702.4
2024-07-14,8,PT1H,MC-MagdalenaEcop,31432.06,28512.3
2024-07-14,13,PT1H,MC-MagdalenaEcop,34030.33,25377.5
2024-07-14,2,PT1H,MC-MagdalenaEcop,19970.78,29930.7
2024-07-14,9,PT1H,MC-MagdalenaEcop,33603.41,26098.1
2024-07-14,10,PT1H,MC-MagdalenaEcop,33841.45,28876.8
2024-07-14,11,PT1H,MC-MagdalenaEcop,34371.75,28824.1
2024-07-15,14,PT1H,MC-MagdalenaEcop,20229.7,34009.7
2024-07-15,15,PT1H,MC-MagdalenaEcop,21932.15,31558.6
2024-07-15,11,PT1H,MC-MagdalenaEcop,20692.53,34481.8
2024-07-15,10,PT1H,MC-MagdalenaEcop,20157.42,34418.1
2024-07-15,13,PT1H,MC-MagdalenaEcop,19381.82,34711.2
2024-07-15,12,PT1H,MC-MagdalenaEcop,20507.44,34602.9
2024-07-15,3,PT1H,MC-MagdalenaEcop,25401.92,25243.2
2024-07-15,7,PT1H,MC-MagdalenaEcop,24123.88,26224.7
2024-07-15,6,PT1H,MC-MagdalenaEcop,25189.41,27500.7
2024-07-15,5,PT1H,MC-MagdalenaEcop,26408.13,28871.0
2024-07-15,4,PT1H,MC-MagdalenaEcop,25826.55,25598.0
2024-07-15,16,PT1H,MC-MagdalenaEcop,22734.28,28569.3
2024-07-15,2,PT1H,MC-MagdalenaEcop,25037.62,24112.6
2024-07-15,1,PT1H,MC-MagdalenaEcop,22628.47,24096.7
2024-07-15,8,PT1H,MC-MagdalenaEcop,24956.59,30549.2
2024-07-15,17,PT1H,MC-MagdalenaEcop,21923.87,30431.2
2024-07-15,9,PT1H,MC-MagdalenaEcop,19989.23,34034.6
2024-07-15,19,PT1H,MC-MagdalenaEcop,22222.12,35265.7
2024-07-15,23,PT1H,MC-MagdalenaEcop,24169.82,34246.6
2024-07-15,24,PT1H,MC-MagdalenaEcop,22511.16,33775.3
2024-07-15,18,PT1H,MC-MagdalenaEcop,21222.26,35034.6
2024-07-15,21,PT1H,MC-MagdalenaEcop,20699.31,34163.6
2024-07-15,20,PT1H,MC-MagdalenaEcop,20235.67,35520.7
2024-07-15,22,PT1H,MC-MagdalenaEcop,24093.04,34659.6
2024-07-16,20,PT1H,MC-MagdalenaEcop,35509.24,36601.5
2024-07-16,19,PT1H,MC-MagdalenaEcop,35357.4,36699.5
2024-07-16,18,PT1H,MC-MagdalenaEcop,30234.96,33922.7
2024-07-16,17,PT1H,MC-MagdalenaEcop,31976.59,33180.1
2024-07-16,4,PT1H,MC-MagdalenaEcop,28840.52,24579.6
2024-07-16,16,PT1H,MC-MagdalenaEcop,32807.11,29518.7
2024-07-16,21,PT1H,MC-MagdalenaEcop,39031.03,36300.8
2024-07-16,22,PT1H,MC-MagdalenaEcop,36908.94,36232.2
2024-07-16,2,PT1H,MC-MagdalenaEcop,25198.59,28687.0
2024-07-16,3,PT1H,MC-MagdalenaEcop,24506.0,24954.1
2024-07-16,5,PT1H,MC-MagdalenaEcop,34417.82,24899.2
2024-07-16,1,PT1H,MC-MagdalenaEcop,24395.38,29534.9
2024-07-16,7,PT1H,MC-MagdalenaEcop,34466.01,24751.9
2024-07-16,8,PT1H,MC-MagdalenaEcop,35340.17,26348.6
2024-07-16,9,PT1H,MC-MagdalenaEcop,35858.0,23266.3
2024-07-16,10,PT1H,MC-MagdalenaEcop,36710.01,28949.0
2024-07-16,11,PT1H,MC-MagdalenaEcop,37053.15,30889.4
2024-07-16,12,PT1H,MC-MagdalenaEcop,36476.15,30902.1
2024-07-16,13,PT1H,MC-MagdalenaEcop,35123.8,31182.4
2024-07-16,14,PT1H,MC-MagdalenaEcop,33172.47,31253.4
2024-07-16,15,PT1H,MC-MagdalenaEcop,33405.77,31022.8
2024-07-16,23,PT1H,MC-MagdalenaEcop,36418.64,35579.6
2024-07-16,24,PT1H,MC-MagdalenaEcop,32468.15,34781.4
2024-07-16,6,PT1H,MC-MagdalenaEcop,34882.85,25417.4
2024-07-17,12,PT1H,MC-MagdalenaEcop,30453.41,22980.4
2024-07-17,11,PT1H,MC-MagdalenaEcop,32409.6,22664.8
2024-07-17,10,PT1H,MC-MagdalenaEcop,27867.38,22886.3
2024-07-17,9,PT1H,MC-MagdalenaEcop,26797.05,24786.6
2024-07-17,4,PT1H,MC-MagdalenaEcop,36874.62,32379.3
2024-07-17,7,PT1H,MC-MagdalenaEcop,29412.13,30104.3
2024-07-17,6,PT1H,MC-MagdalenaEcop,29829.73,28940.9
2024-07-17,5,PT1H,MC-MagdalenaEcop,31898.96,28848.7
2024-07-17,13,PT1H,MC-MagdalenaEcop,30059.27,25933.8
2024-07-17,8,PT1H,MC-MagdalenaEcop,27016.15,25136.5
2024-07-17,14,PT1H,MC-MagdalenaEcop,31001.06,25220.0
2024-07-17,20,PT1H,MC-MagdalenaEcop,28880.88,32394.9
2024-07-17,16,PT1H,MC-MagdalenaEcop,25563.25,35997.6
2024-07-17,17,PT1H,MC-MagdalenaEcop,18621.47,32314.1
2024-07-17,18,PT1H,MC-MagdalenaEcop,21356.62,32691.0
2024-07-17,19,PT1H,MC-MagdalenaEcop,22922.08,32535.6
2024-07-17,21,PT1H,MC-MagdalenaEcop,34144.22,31630.0
2024-07-17,22,PT1H,MC-MagdalenaEcop,34191.25,31231.2
2024-07-17,23,PT1H,MC-MagdalenaEcop,33046.51,28673.1
2024-07-17,2,PT1H,MC-MagdalenaEcop,32472.89,35934.2
2024-07-17,24,PT1H,MC-MagdalenaEcop,32965.4,32762.8
2024-07-17,1,PT1H,MC-MagdalenaEcop,37199.76,38102.1
2024-07-17,15,PT1H,MC-MagdalenaEcop,32797.63,35523.9
2024-07-17,3,PT1H,MC-MagdalenaEcop,34584.26,35979.8
2024-07-18,23,PT1H,MC-MagdalenaEcop,27380.68,31951.6
2024-07-18,24,PT1H,MC-MagdalenaEcop,24607.33,31179.5
2024-07-18,11,PT1H,MC-MagdalenaEcop,35295.06,35302.0
2024-07-18,1,PT1H,MC-MagdalenaEcop,33706.61,26474.7
2024-07-18,2,PT1H,MC-MagdalenaEcop,34021.58,26418.2
2024-07-18,3,PT1H,MC-MagdalenaEcop,33981.15,23736.0
2024-07-18,4,PT1H,MC-MagdalenaEcop,34593.81,26226.2
2024-07-18,5,PT1H,MC-MagdalenaEcop,34643.46,30929.4
2024-07-18,6,PT1H,MC-MagdalenaEcop,34070.64,35296.8
2024-07-18,7,PT1H,MC-MagdalenaEcop,33044.66,33833.9
2024-07-18,8,PT1H,MC-MagdalenaEcop,33333.48,33962.1
2024-07-18,9,PT1H,MC-MagdalenaEcop,33826.11,33375.2
2024-07-18,10,PT1H,MC-MagdalenaEcop,35077.31,34241.5
2024-07-18,21,PT1H,MC-MagdalenaEcop,31217.19,32906.5
2024-07-18,12,PT1H,MC-MagdalenaEcop,33624.54,36607.3
2024-07-18,13,PT1H,MC-MagdalenaEcop,32811.41,37310.6
2024-07-18,14,PT1H,MC-MagdalenaEcop,33723.23,34831.9
2024-07-18,15,PT1H,MC-MagdalenaEcop,34332.03,31185.5
2024-07-18,16,PT1H,MC-MagdalenaEcop,35107.34,31210.6
2024-07-18,17,PT1H,MC-MagdalenaEcop,36265.58,30628.0
2024-07-18,18,PT1H,MC-MagdalenaEcop,37389.86,30231.4
2024-07-18,19,PT1H,MC-MagdalenaEcop,37712.41,34047.6
2024-07-18,22,PT1H,MC-MagdalenaEcop,30215.09,33066.8
2024-07-18,20,PT1H,MC-MagdalenaEcop,31791.91,34820.8
2024-07-19,1,PT1H,MC-MagdalenaEcop,21142.34,23156.1
2024-07-19,23,PT1H,MC-MagdalenaEcop,25013.78,27212.0
2024-07-19,24,PT1H,MC-MagdalenaEcop,24079.61,27203.5
2024-07-19,9,PT1H,MC-MagdalenaEcop,19989.11,16546.1
2024-07-19,4,PT1H,MC-MagdalenaEcop,22588.99,22729.4
2024-07-19,3,PT1H,MC-MagdalenaEcop,22923.14,22817.9
2024-07-19,6,PT1H,MC-MagdalenaEcop,21199.39,24449.8
2024-07-19,7,PT1H,MC-MagdalenaEcop,19923.93,19076.8
2024-07-19,8,PT1H,MC-MagdalenaEcop,20136.48,17382.7
2024-07-19,5,PT1H,MC-MagdalenaEcop,22195.28,23952.1
2024-07-19,10,PT1H,MC-MagdalenaEcop,19303.11,16661.6
2024-07-19,11,PT1H,MC-MagdalenaEcop,18520.38,21148.5
2024-07-19,13,PT1H,MC-MagdalenaEcop,23101.48,23836.3
2024-07-19,12,PT1H,MC-MagdalenaEcop,21146.44,23305.8
2024-07-19,15,PT1H,MC-MagdalenaEcop,26124.16,24602.9
2024-07-19,16,PT1H,MC-MagdalenaEcop,26183.41,25682.2
2024-07-19,17,PT1H,MC-MagdalenaEcop,26207.27,24217.4
2024-07-19,18,PT1H,MC-MagdalenaEcop,26083.96,25753.1
2024-07-19,19,PT1H,MC-MagdalenaEcop,26937.94,26907.1
2024-07-19,20,PT1H,MC-MagdalenaEcop,26313.99,26940.6
2024-07-19,21,PT1H,MC-MagdalenaEcop,25187.73,26058.0
2024-07-19,2,PT1H,MC-MagdalenaEcop,22585.89,23142.2
2024-07-19,22,PT1H,MC-MagdalenaEcop,24820.7,27116.2
2024-07-19,14,PT1H,MC-MagdalenaEcop,26578.54,23412.7
2024-07-20,7,PT1H,MC-MagdalenaEcop,25023.9,25396.7
2024-07-20,9,PT1H,MC-MagdalenaEcop,16665.95,25329.5
2024-07-20,8,PT1H,MC-MagdalenaEcop,18778.11,25031.1
2024-07-20,6,PT1H,MC-MagdalenaEcop,25896.08,27148.0
2024-07-20,10,PT1H,MC-MagdalenaEcop,16507.25,24540.4
2024-07-20,4,PT1H,MC-MagdalenaEcop,25527.34,31915.3
2024-07-20,3,PT1H,MC-MagdalenaEcop,23642.08,31817.3
2024-07-20,2,PT1H,MC-MagdalenaEcop,23933.57,28981.7
2024-07-20,1,PT1H,MC-MagdalenaEcop,24056.08,25697.5
2024-07-20,5,PT1H,MC-MagdalenaEcop,25797.69,30677.2
2024-07-20,11,PT1H,MC-MagdalenaEcop,16915.51,20961.0
2024-07-20,15,PT1H,MC-MagdalenaEcop,14752.24,16646.0
2024-07-20,13,PT1H,MC-MagdalenaEcop,17250.6,17900.0
2024-07-20,12,PT1H,MC-MagdalenaEcop,17246.98,19371.4
2024-07-20,23,PT1H,MC-MagdalenaEcop,15214.95,22347.3
2024-07-20,22,PT1H,MC-MagdalenaEcop,14972.86,22092.3
2024-07-20,21,PT1H,MC-MagdalenaEcop,13747.61,20706.5
2024-07-20,20,PT1H,MC-MagdalenaEcop,12001.26,21130.1
2024-07-20,24,PT1H,MC-MagdalenaEcop,12473.38,22386.7
2024-07-20,18,PT1H,MC-MagdalenaEcop,12279.87,19877.5
2024-07-20,17,PT1H,MC-MagdalenaEcop,11542.58,18434.7
2024-07-20,16,PT1H,MC-MagdalenaEcop,11726.51,17274.2
2024-07-20,14,PT1H,MC-MagdalenaEcop,16061.96,17276.6
2024-07-20,19,PT1H,MC-MagdalenaEcop,12206.89,20762.1
2024-07-21,10,PT1H,MC-MagdalenaEcop,14181.8,26468.2
2024-07-21,9,PT1H,MC-MagdalenaEcop,12024.57,27207.7
2024-07-21,8,PT1H,MC-MagdalenaEcop,11845.76,27401.3
2024-07-21,7,PT1H,MC-MagdalenaEcop,12062.79,27392.2
2024-07-21,6,PT1H,MC-MagdalenaEcop,12845.34,28204.5
2024-07-21,4,PT1H,MC-MagdalenaEcop,13793.46,21241.6
2024-07-21,3,PT1H,MC-MagdalenaEcop,14056.48,21214.9
2024-07-21,2,PT1H,MC-MagdalenaEcop,14631.16,21364.6
2024-07-21,1,PT1H,MC-MagdalenaEcop,11500.64,22652.9
2024-07-21,11,PT1H,MC-MagdalenaEcop,14962.99,24003.6
2024-07-21,5,PT1H,MC-MagdalenaEcop,12462.32,24653.1
2024-07-21,12,PT1H,MC-MagdalenaEcop,13719.85,24479.0
2024-07-21,23,PT1H,MC-MagdalenaEcop,10109.04,24207.3
2024-07-21,14,PT1H,MC-MagdalenaEcop,12756.71,22565.7
2024-07-21,13,PT1H,MC-MagdalenaEcop,11481.82,24808.6
2024-07-21,22,PT1H,MC-MagdalenaEcop,11597.66,22969.7
2024-07-21,21,PT1H,MC-MagdalenaEcop,15305.61,21699.6
2024-07-21,20,PT1H,MC-MagdalenaEcop,16414.71,19686.9
2024-07-21,24,PT1H,MC-MagdalenaEcop,9680.59,22687.7
2024-07-21,18,PT1H,MC-MagdalenaEcop,14615.85,19839.0
2024-07-21,17,PT1H,MC-MagdalenaEcop,11655.7,19674.2
2024-07-21,16,PT1H,MC-MagdalenaEcop,11572.89,19852.5
2024-07-21,15,PT1H,MC-MagdalenaEcop,15179.36,21622.5
2024-07-21,19,PT1H,MC-MagdalenaEcop,16361.75,20638.6
2024-07-22,20,PT1H,MC-MagdalenaEcop,9903.55,18635.6
2024-07-22,11,PT1H,MC-MagdalenaEcop,11588.61,24591.6
2024-07-22,19,PT1H,MC-MagdalenaEcop,9677.56,20596.7
2024-07-22,18,PT1H,MC-MagdalenaEcop,6051.84,23819.6
2024-07-22,17,PT1H,MC-MagdalenaEcop,3530.89,22722.9
2024-07-22,16,PT1H,MC-MagdalenaEcop,10497.2,22884.8
2024-07-22,15,PT1H,MC-MagdalenaEcop,11530.97,24029.3
2024-07-22,14,PT1H,MC-MagdalenaEcop,11138.23,24678.0
2024-07-22,13,PT1H,MC-MagdalenaEcop,11062.51,24344.4
2024-07-22,12,PT1H,MC-MagdalenaEcop,11512.63,25318.6
2024-07-22,10,PT1H,MC-MagdalenaEcop,9168.7,24796.8
2024-07-22,5,PT1H,MC-MagdalenaEcop,10981.35,24308.6
2024-07-22,8,PT1H,MC-MagdalenaEcop,10845.99,25046.8
2024-07-22,7,PT1H,MC-MagdalenaEcop,10112.69,24419.2
2024-07-22,6,PT1H,MC-MagdalenaEcop,10460.17,25069.6
2024-07-22,4,PT1H,MC-MagdalenaEcop,10044.45,23400.8
2024-07-22,3,PT1H,MC-MagdalenaEcop,7037.56,23049.6
2024-07-22,24,PT1H,MC-MagdalenaEcop,10016.63,16060.6
2024-07-22,23,PT1H,MC-MagdalenaEcop,8849.89,16162.8
2024-07-22,2,PT1H,MC-MagdalenaEcop,6884.42,22750.3
2024-07-22,1,PT1H,MC-MagdalenaEcop,9622.88,21347.6
2024-07-22,22,PT1H,MC-MagdalenaEcop,8701.3,16744.2
2024-07-22,9,PT1H,MC-MagdalenaEcop,10741.22,25173.9
2024-07-22,21,PT1H,MC-MagdalenaEcop,10712.91,17512.8
2024-07-23,23,PT1H,MC-MagdalenaEcop,16112.16,23962.1
2024-07-23,22,PT1H,MC-MagdalenaEcop,15840.55,19943.9
2024-07-23,24,PT1H,MC-MagdalenaEcop,13982.79,23769.7
2024-07-23,1,PT1H,MC-MagdalenaEcop,11130.81,18726.1
2024-07-23,2,PT1H,MC-MagdalenaEcop,10972.13,18939.2
2024-07-23,3,PT1H,MC-MagdalenaEcop,11024.92,18987.5
2024-07-23,4,PT1H,MC-MagdalenaEcop,10932.65,18022.6
2024-07-23,5,PT1H,MC-MagdalenaEcop,10529.46,20785.1
2024-07-23,6,PT1H,MC-MagdalenaEcop,9107.8,25725.4
2024-07-23,8,PT1H,MC-MagdalenaEcop,8761.84,25209.9
2024-07-23,9,PT1H,MC-MagdalenaEcop,10314.0,24134.5
2024-07-23,10,PT1H,MC-MagdalenaEcop,11172.63,19427.2
2024-07-23,7,PT1H,MC-MagdalenaEcop,8582.85,25510.0
2024-07-23,12,PT1H,MC-MagdalenaEcop,12098.82,18210.6
2024-07-23,21,PT1H,MC-MagdalenaEcop,16660.24,19015.2
2024-07-23,11,PT1H,MC-MagdalenaEcop,10775.51,17662.7
2024-07-23,19,PT1H,MC-MagdalenaEcop,15426.25,19714.3
2024-07-23,18,PT1H,MC-MagdalenaEcop,15834.17,19464.2
2024-07-23,17,PT1H,MC-MagdalenaEcop,14496.08,20471.4
2024-07-23,20,PT1H,MC-MagdalenaEcop,16646.47,19363.9
2024-07-23,15,PT1H,MC-MagdalenaEcop,14799.53,21113.7
2024-07-23,14,PT1H,MC-MagdalenaEcop,15751.41,20860.2
2024-07-23,13,PT1H,MC-MagdalenaEcop,14186.12,19496.1
2024-07-23,16,PT1H,MC-MagdalenaEcop,13852.48,20896.6
2024-07-24,4,PT1H,MC-MagdalenaEcop,14809.77,20931.2
2024-07-24,20,PT1H,MC-MagdalenaEcop,10104.57,20290.5
2024-07-24,18,PT1H,MC-MagdalenaEcop,8407.52,24134.7
2024-07-24,19,PT1H,MC-MagdalenaEcop,10547.47,25197.1
2024-07-24,1,PT1H,MC-MagdalenaEcop,14793.75,20860.3
2024-07-24,2,PT1H,MC-MagdalenaEcop,14879.5,20688.3
2024-07-24,3,PT1H,MC-MagdalenaEcop,14977.68,20461.8
2024-07-24,5,PT1H,MC-MagdalenaEcop,14230.84,20156.2
2024-07-24,16,PT1H,MC-MagdalenaEcop,10405.72,26536.8
2024-07-24,7,PT1H,MC-MagdalenaEcop,11671.08,22689.0
2024-07-24,8,PT1H,MC-MagdalenaEcop,11660.53,22792.6
2024-07-24,9,PT1H,MC-MagdalenaEcop,12046.63,19819.2
2024-07-24,10,PT1H,MC-MagdalenaEcop,12910.22,20255.4
2024-07-24,11,PT1H,MC-MagdalenaEcop,13032.33,20632.9
2024-07-24,12,PT1H,MC-MagdalenaEcop,13295.3,22370.1
2024-07-24,13,PT1H,MC-MagdalenaEcop,13595.33,24311.7
2024-07-24,14,PT1H,MC-MagdalenaEcop,12095.27,25564.3
2024-07-24,15,PT1H,MC-MagdalenaEcop,13100.17,25742.8
2024-07-24,6,PT1H,MC-MagdalenaEcop,14366.37,21678.5
2024-07-24,21,PT1H,MC-MagdalenaEcop,10464.48,13556.9
2024-07-24,24,PT1H,MC-MagdalenaEcop,10776.95,18945.3
2024-07-24,23,PT1H,MC-MagdalenaEcop,10025.06,17947.7
2024-07-24,17,PT1H,MC-MagdalenaEcop,7178.21,22931.6
2024-07-24,22,PT1H,MC-MagdalenaEcop,10719.29,12644.0
2024-07-25,2,PT1H,MC-MagdalenaEcop,10725.12,24797.6
2024-07-25,3,PT1H,MC-MagdalenaEcop,10533.28,21708.6
2024-07-25,4,PT1H,MC-MagdalenaEcop,10553.64,22528.9
2024-07-25,5,PT1H,MC-MagdalenaEcop,11017.24,22202.6
2024-07-25,6,PT1H,MC-MagdalenaEcop,14293.29,21178.9
2024-07-25,7,PT1H,MC-MagdalenaEcop,14946.26,24470.8
2024-07-25,8,PT1H,MC-MagdalenaEcop,15333.73,25704.0
2024-07-25,9,PT1H,MC-MagdalenaEcop,13081.45,25300.4
2024-07-25,10,PT1H,MC-MagdalenaEcop,13578.56,24961.2
2024-07-25,11,PT1H,MC-MagdalenaEcop,10202.95,27371.9
2024-07-25,12,PT1H,MC-MagdalenaEcop,709.03,28616.7
2024-07-25,13,PT1H,MC-MagdalenaEcop,3929.03,27460.9
2024-07-25,15,PT1H,MC-MagdalenaEcop,5499.03,14381.3
2024-07-25,17,PT1H,MC-MagdalenaEcop,9905.38,19894.8
2024-07-25,22,PT1H,MC-MagdalenaEcop,9517.43,24558.7
2024-07-25,18,PT1H,MC-MagdalenaEcop,10277.24,12349.6
2024-07-25,23,PT1H,MC-MagdalenaEcop,9732.47,27559.8
2024-07-25,1,PT1H,MC-MagdalenaEcop,10652.23,24725.8
2024-07-25,19,PT1H,MC-MagdalenaEcop,10396.37,10398.0
2024-07-25,24,PT1H,MC-MagdalenaEcop,9971.5,28459.2
2024-07-25,20,PT1H,MC-MagdalenaEcop,10393.9,10872.7
2024-07-25,21,PT1H,MC-MagdalenaEcop,10282.88,9548.2
2024-07-25,14,PT1H,MC-MagdalenaEcop,5225.45,14352.6
2024-07-25,16,PT1H,MC-MagdalenaEcop,7819.95,17588.7
2024-07-26,11,PT1H,MC-MagdalenaEcop,8849.87,27629.8
2024-07-26,2,PT1H,MC-MagdalenaEcop,13530.22,31014.7
2024-07-26,1,PT1H,MC-MagdalenaEcop,11706.4,31981.7
2024-07-26,24,PT1H,MC-MagdalenaEcop,13788.6,29088.7
2024-07-26,22,PT1H,MC-MagdalenaEcop,14697.34,20965.4
2024-07-26,21,PT1H,MC-MagdalenaEcop,13763.9,20236.6
2024-07-26,20,PT1H,MC-MagdalenaEcop,9538.9,19123.8
2024-07-26,19,PT1H,MC-MagdalenaEcop,7512.84,15566.1
2024-07-26,18,PT1H,MC-MagdalenaEcop,6982.4,9399.0
2024-07-26,17,PT1H,MC-MagdalenaEcop,7335.35,11412.1
2024-07-26,16,PT1H,MC-MagdalenaEcop,7614.65,12078.8
2024-07-26,15,PT1H,MC-MagdalenaEcop,7824.6,12435.9
2024-07-26,14,PT1H,MC-MagdalenaEcop,6847.39,13584.0
2024-07-26,23,PT1H,MC-MagdalenaEcop,14216.27,23972.8
2024-07-26,12,PT1H,MC-MagdalenaEcop,10289.37,15366.7
2024-07-26,13,PT1H,MC-MagdalenaEcop,8024.39,11745.7
2024-07-26,4,PT1H,MC-MagdalenaEcop,15093.96,30239.2
2024-07-26,5,PT1H,MC-MagdalenaEcop,14969.08,26290.6
2024-07-26,6,PT1H,MC-MagdalenaEcop,15437.07,25279.2
2024-07-26,3,PT1H,MC-MagdalenaEcop,16473.71,29933.2
2024-07-26,8,PT1H,MC-MagdalenaEcop,15098.19,26571.3
2024-07-26,9,PT1H,MC-MagdalenaEcop,12703.0,27365.6
2024-07-26,10,PT1H,MC-MagdalenaEcop,9938.76,28629.8
2024-07-26,7,PT1H,MC-MagdalenaEcop,14388.15,25286.2
2024-07-27,3,PT1H,MC-MagdalenaEcop,21843.56,20069.0
2024-07-27,11,PT1H,MC-MagdalenaEcop,21102.06,19964.8
2024-07-27,4,PT1H,MC-MagdalenaEcop,21137.38,20195.9
2024-07-27,5,PT1H,MC-MagdalenaEcop,21099.52,20219.7
2024-07-27,6,PT1H,MC-MagdalenaEcop,21323.41,20854.1
2024-07-27,7,PT1H,MC-MagdalenaEcop,20695.12,18701.2
2024-07-27,8,PT1H,MC-MagdalenaEcop,21664.14,19082.1
2024-07-27,2,PT1H,MC-MagdalenaEcop,21707.6,20242.4
2024-07-27,9,PT1H,MC-MagdalenaEcop,22166.58,18788.7
2024-07-27,10,PT1H,MC-MagdalenaEcop,22912.03,19470.5
2024-07-27,12,PT1H,MC-MagdalenaEcop,19022.31,20451.8
2024-07-27,17,PT1H,MC-MagdalenaEcop,23607.57,15144.6
2024-07-27,14,PT1H,MC-MagdalenaEcop,21844.31,20079.8
2024-07-27,15,PT1H,MC-MagdalenaEcop,22724.12,15042.3
2024-07-27,16,PT1H,MC-MagdalenaEcop,22702.39,15792.9
2024-07-27,18,PT1H,MC-MagdalenaEcop,25289.64,12908.0
2024-07-27,19,PT1H,MC-MagdalenaEcop,25523.94,12303.6
2024-07-27,20,PT1H,MC-MagdalenaEcop,25209.77,11505.5
2024-07-27,21,PT1H,MC-MagdalenaEcop,24507.68,11368.7
2024-07-27,22,PT1H,MC-MagdalenaEcop,24792.33,10865.7
2024-07-27,24,PT1H,MC-MagdalenaEcop,19497.43,10845.2
2024-07-27,1,PT1H,MC-MagdalenaEcop,17536.52,20170.3
2024-07-27,13,PT1H,MC-MagdalenaEcop,17745.48,20798.3
2024-07-27,23,PT1H,MC-MagdalenaEcop,19748.46,10945.8
2024-07-28,2,PT1H,MC-MagdalenaEcop,24170.26,11992.6
2024-07-28,18,PT1H,MC-MagdalenaEcop,19328.99,14600.8
2024-07-28,22,PT1H,MC-MagdalenaEcop,16545.5,12064.3
2024-07-28,21,PT1H,MC-MagdalenaEcop,18801.04,12012.9
2024-07-28,20,PT1H,MC-MagdalenaEcop,19624.27,12883.6
2024-07-28,19,PT1H,MC-MagdalenaEcop,19879.27,14288.6
2024-07-28,17,PT1H,MC-MagdalenaEcop,18335.01,19801.6
2024-07-28,16,PT1H,MC-MagdalenaEcop,18124.62,20555.3
2024-07-28,15,PT1H,MC-MagdalenaEcop,20280.0,20443.6
2024-07-28,14,PT1H,MC-MagdalenaEcop,19583.61,20258.5
2024-07-28,23,PT1H,MC-MagdalenaEcop,16082.61,12705.5
2024-07-28,13,PT1H,MC-MagdalenaEcop,22222.87,20428.4
2024-07-28,11,PT1H,MC-MagdalenaEcop,24432.34,20633.2
2024-07-28,10,PT1H,MC-MagdalenaEcop,24702.01,20315.0
2024-07-28,9,PT1H,MC-MagdalenaEcop,24353.0,20172.2
2024-07-28,8,PT1H,MC-MagdalenaEcop,22137.68,18869.4
2024-07-28,7,PT1H,MC-MagdalenaEcop,23731.75,16816.3
2024-07-28,6,PT1H,MC-MagdalenaEcop,24205.39,15307.8
2024-07-28,5,PT1H,MC-MagdalenaEcop,24840.19,11784.1
2024-07-28,1,PT1H,MC-MagdalenaEcop,23436.62,10919.4
2024-07-28,12,PT1H,MC-MagdalenaEcop,25213.02,20264.5
2024-07-28,24,PT1H,MC-MagdalenaEcop,16329.99,13437.3
2024-07-28,4,PT1H,MC-MagdalenaEcop,24168.57,12218.8
2024-07-28,3,PT1H,MC-MagdalenaEcop,24316.71,11988.4
2024-07-29,3,PT1H,MC-MagdalenaEcop,18883.37,23627.7
2024-07-29,23,PT1H,MC-MagdalenaEcop,20941.64,22482.2
2024-07-29,22,PT1H,MC-MagdalenaEcop,20803.17,22410.8
2024-07-29,4,PT1H,MC-MagdalenaEcop,19636.01,24022.5
2024-07-29,20,PT1H,MC-MagdalenaEcop,21380.36,18814.4
2024-07-29,19,PT1H,MC-MagdalenaEcop,22696.34,20661.3
2024-07-29,18,PT1H,MC-MagdalenaEcop,23450.35,19741.6
2024-07-29,17,PT1H,MC-MagdalenaEcop,28191.36,20394.0
2024-07-29,16,PT1H,MC-MagdalenaEcop,27572.81,21147.5
2024-07-29,15,PT1H,MC-MagdalenaEcop,27616.37,20401.7
2024-07-29,14,PT1H,MC-MagdalenaEcop,27405.64,18818.8
2024-07-29,13,PT1H,MC-MagdalenaEcop,26473.29,18030.5
2024-07-29,21,PT1H,MC-MagdalenaEcop,21146.12,19245.4
2024-07-29,11,PT1H,MC-MagdalenaEcop,23584.14,19249.1
2024-07-29,12,PT1H,MC-MagdalenaEcop,24160.16,19077.0
2024-07-29,2,PT1H,MC-MagdalenaEcop,18741.28,23289.0
2024-07-29,1,PT1H,MC-MagdalenaEcop,17427.46,21049.1
2024-07-29,5,PT1H,MC-MagdalenaEcop,21452.95,24563.3
2024-07-29,6,PT1H,MC-MagdalenaEcop,24823.69,23430.1
2024-07-29,24,PT1H,MC-MagdalenaEcop,21731.73,20940.0
2024-07-29,8,PT1H,MC-MagdalenaEcop,24959.34,23213.7
2024-07-29,9,PT1H,MC-MagdalenaEcop,26377.18,18595.2
2024-07-29,10,PT1H,MC-MagdalenaEcop,25690.65,18751.6
2024-07-29,7,PT1H,MC-MagdalenaEcop,24560.06,22439.5
2024-07-30,23,PT1H,MC-MagdalenaEcop,23956.43,22548.4
2024-07-30,22,PT1H,MC-MagdalenaEcop,24751.43,22851.8
2024-07-30,21,PT1H,MC-MagdalenaEcop,25501.72,24155.1
2024-07-30,20,PT1H,MC-MagdalenaEcop,25552.28,21975.6
2024-07-30,19,PT1H,MC-MagdalenaEcop,27727.99,21881.6
2024-07-30,18,PT1H,MC-MagdalenaEcop,25934.61,18721.5
2024-07-30,17,PT1H,MC-MagdalenaEcop,23087.15,19799.3
2024-07-30,16,PT1H,MC-MagdalenaEcop,22641.36,20313.3
2024-07-30,15,PT1H,MC-MagdalenaEcop,27518.67,20683.8
2024-07-30,13,PT1H,MC-MagdalenaEcop,25695.6,21747.0
2024-07-30,12,PT1H,MC-MagdalenaEcop,26456.86,22584.0
2024-07-30,11,PT1H,MC-MagdalenaEcop,26151.86,22941.0
2024-07-30,24,PT1H,MC-MagdalenaEcop,20331.46,20103.5
2024-07-30,9,PT1H,MC-MagdalenaEcop,24361.6,22201.4
2024-07-30,8,PT1H,MC-MagdalenaEcop,25091.49,21880.9
2024-07-30,7,PT1H,MC-MagdalenaEcop,25019.14,21339.9
2024-07-30,5,PT1H,MC-MagdalenaEcop,24739.99,21310.1
2024-07-30,6,PT1H,MC-MagdalenaEcop,25290.64,21597.9
2024-07-30,14,PT1H,MC-MagdalenaEcop,27546.11,20539.4
2024-07-30,10,PT1H,MC-MagdalenaEcop,25749.71,22728.7
2024-07-30,4,PT1H,MC-MagdalenaEcop,24035.16,17858.5
2024-07-30,3,PT1H,MC-MagdalenaEcop,21724.44,15176.0
2024-07-30,2,PT1H,MC-MagdalenaEcop,21625.25,15604.6
2024-07-30,1,PT1H,MC-MagdalenaEcop,21558.65,15107.5
2024-07-31,3,PT1H,MC-MagdalenaEcop,20560.17,24313.3
2024-07-31,23,PT1H,MC-MagdalenaEcop,15779.33,23232.6
2024-07-31,22,PT1H,MC-MagdalenaEcop,16699.43,24037.1
2024-07-31,21,PT1H,MC-MagdalenaEcop,17750.56,23994.0
2024-07-31,20,PT1H,MC-MagdalenaEcop,21615.5,20295.3
2024-07-31,19,PT1H,MC-MagdalenaEcop,22930.2,16107.9
2024-07-31,18,PT1H,MC-MagdalenaEcop,22615.27,15017.8
2024-07-31,17,PT1H,MC-MagdalenaEcop,24465.57,13095.8
2024-07-31,16,PT1H,MC-MagdalenaEcop,23933.37,17974.0
2024-07-31,4,PT1H,MC-MagdalenaEcop,20077.17,25922.7
2024-07-31,15,PT1H,MC-MagdalenaEcop,23922.62,23057.7
2024-07-31,13,PT1H,MC-MagdalenaEcop,25567.86,21133.4
2024-07-31,12,PT1H,MC-MagdalenaEcop,25224.86,21410.4
2024-07-31,11,PT1H,MC-MagdalenaEcop,22831.89,22785.1
2024-07-31,10,PT1H,MC-MagdalenaEcop,22468.82,19593.1
2024-07-31,9,PT1H,MC-MagdalenaEcop,22161.26,18841.0
2024-07-31,8,PT1H,MC-MagdalenaEcop,21852.52,18994.9
2024-07-31,7,PT1H,MC-MagdalenaEcop,20916.48,20678.7
2024-07-31,6,PT1H,MC-MagdalenaEcop,20357.96,20972.1
2024-07-31,5,PT1H,MC-MagdalenaEcop,19914.28,22426.2
2024-07-31,1,PT1H,MC-MagdalenaEcop,18486.85,26151.2
2024-07-31,2,PT1H,MC-MagdalenaEcop,20184.35,22829.5
2024-07-31,14,PT1H,MC-MagdalenaEcop,23788.97,21795.2
2024-07-31,24,PT1H,MC-MagdalenaEcop,15275.73,23175.6
2024-08-01,24,PT1H,MC-MagdalenaEcop,20863.86,15370.6
2024-08-01,22,PT1H,MC-MagdalenaEcop,21744.32,18871.1
2024-08-01,23,PT1H,MC-MagdalenaEcop,21088.06,17101.8
2024-08-01,21,PT1H,MC-MagdalenaEcop,21899.37,19486.6
2024-08-01,20,PT1H,MC-MagdalenaEcop,21923.65,19845.4
2024-08-01,19,PT1H,MC-MagdalenaEcop,22008.94,23541.1
2024-08-01,18,PT1H,MC-MagdalenaEcop,21595.53,23349.8
2024-08-01,17,PT1H,MC-MagdalenaEcop,21657.22,22648.0
2024-08-01,16,PT1H,MC-MagdalenaEcop,21445.89,21925.0
2024-08-01,14,PT1H,MC-MagdalenaEcop,21738.92,21060.9
2024-08-01,13,PT1H,MC-MagdalenaEcop,21408.05,20491.8
2024-08-01,12,PT1H,MC-MagdalenaEcop,21148.26,20999.3
2024-08-01,11,PT1H,MC-MagdalenaEcop,20904.15,22042.1
2024-08-01,15,PT1H,MC-MagdalenaEcop,21811.73,21441.0
2024-08-01,9,PT1H,MC-MagdalenaEcop,19932.91,21125.2
2024-08-01,8,PT1H,MC-MagdalenaEcop,19765.98,20817.7
2024-08-01,7,PT1H,MC-MagdalenaEcop,18837.67,20637.4
2024-08-01,6,PT1H,MC-MagdalenaEcop,19757.19,21277.8
2024-08-01,5,PT1H,MC-MagdalenaEcop,19509.32,21635.4
2024-08-01,4,PT1H,MC-MagdalenaEcop,19168.64,21604.4
2024-08-01,3,PT1H,MC-MagdalenaEcop,19633.25,21222.0
2024-08-01,2,PT1H,MC-MagdalenaEcop,19399.69,21247.2
2024-08-01,1,PT1H,MC-MagdalenaEcop,18302.56,21050.6
2024-08-01,10,PT1H,MC-MagdalenaEcop,20627.72,21906.2
2024-08-02,14,PT1H,MC-MagdalenaEcop,26015.15,23615.8
2024-08-02,15,PT1H,MC-MagdalenaEcop,25805.13,23212.3
2024-08-02,16,PT1H,MC-MagdalenaEcop,25456.05,23264.9
2024-08-02,17,PT1H,MC-MagdalenaEcop,27743.27,23286.1
2024-08-02,21,PT1H,MC-MagdalenaEcop,26673.51,22370.6
2024-08-02,19,PT1H,MC-MagdalenaEcop,28437.24,23925.0
2024-08-02,20,PT1H,MC-MagdalenaEcop,28850.9,23370.9
2024-08-02,22,PT1H,MC-MagdalenaEcop,19889.62,22054.6
2024-08-02,13,PT1H,MC-MagdalenaEcop,21498.12,20527.7
2024-08-02,18,PT1H,MC-MagdalenaEcop,27181.4,23176.6
2024-08-02,2,PT1H,MC-MagdalenaEcop,20448.44,20069.8
2024-08-02,3,PT1H,MC-MagdalenaEcop,20491.15,20369.3
2024-08-02,11,PT1H,MC-MagdalenaEcop,24077.08,16459.0
2024-08-02,10,PT1H,MC-MagdalenaEcop,23758.7,17154.1
2024-08-02,9,PT1H,MC-MagdalenaEcop,23431.83,17763.4
2024-08-02,8,PT1H,MC-MagdalenaEcop,23090.58,17894.3
2024-08-02,7,PT1H,MC-MagdalenaEcop,21056.79,17705.5
2024-08-02,6,PT1H,MC-MagdalenaEcop,21514.73,18838.3
2024-08-02,5,PT1H,MC-MagdalenaEcop,20427.26,19722.8
2024-08-02,4,PT1H,MC-MagdalenaEcop,20414.99,20072.5
2024-08-02,1,PT1H,MC-MagdalenaEcop,20695.83,18787.7
2024-08-02,24,PT1H,MC-MagdalenaEcop,23538.63,21396.4
2024-08-02,12,PT1H,MC-MagdalenaEcop,20549.72,18791.3
2024-08-02,23,PT1H,MC-MagdalenaEcop,21771.98,22226.1
2024-08-03,24,PT1H,MC-MagdalenaEcop,20704.11,14979.7
2024-08-03,23,PT1H,MC-MagdalenaEcop,20907.76,18269.9
2024-08-03,21,PT1H,MC-MagdalenaEcop,21315.64,16498.9
2024-08-03,1,PT1H,MC-MagdalenaEcop,22832.13,28880.4
2024-08-03,2,PT1H,MC-MagdalenaEcop,24436.6,28733.4
2024-08-03,3,PT1H,MC-MagdalenaEcop,24915.64,28383.5
2024-08-03,4,PT1H,MC-MagdalenaEcop,24672.33,30646.1
2024-08-03,5,PT1H,MC-MagdalenaEcop,25003.0,30970.5
2024-08-03,6,PT1H,MC-MagdalenaEcop,24860.35,31088.6
2024-08-03,7,PT1H,MC-MagdalenaEcop,25715.02,30041.9
2024-08-03,8,PT1H,MC-MagdalenaEcop,25711.05,22546.1
2024-08-03,9,PT1H,MC-MagdalenaEcop,21197.64,20011.3
2024-08-03,10,PT1H,MC-MagdalenaEcop,20903.13,19820.8
2024-08-03,12,PT1H,MC-MagdalenaEcop,20136.83,20708.6
2024-08-03,13,PT1H,MC-MagdalenaEcop,18421.54,20712.9
2024-08-03,14,PT1H,MC-MagdalenaEcop,16422.48,19286.4
2024-08-03,15,PT1H,MC-MagdalenaEcop,16835.13,17714.6
2024-08-03,16,PT1H,MC-MagdalenaEcop,19807.87,14083.3
2024-08-03,17,PT1H,MC-MagdalenaEcop,21011.58,13862.6
2024-08-03,18,PT1H,MC-MagdalenaEcop,22025.59,14747.4
2024-08-03,19,PT1H,MC-MagdalenaEcop,22548.72,14649.8
2024-08-03,20,PT1H,MC-MagdalenaEcop,22117.14,14403.1
2024-08-03,22,PT1H,MC-MagdalenaEcop,21244.14,17979.4
2024-08-03,11,PT1H,MC-MagdalenaEcop,19599.81,20310.8
2024-08-04,2,PT1H,MC-MagdalenaEcop,23956.37,22829.4
2024-08-04,23,PT1H,MC-MagdalenaEcop,20531.05,15776.5
2024-08-04,4,PT1H,MC-MagdalenaEcop,18236.87,21522.9
2024-08-04,3,PT1H,MC-MagdalenaEcop,20399.8,21933.1
2024-08-04,5,PT1H,MC-MagdalenaEcop,20092.39,19446.8
2024-08-04,6,PT1H,MC-MagdalenaEcop,21127.3,20044.1
2024-08-04,7,PT1H,MC-MagdalenaEcop,28314.64,18823.6
2024-08-04,8,PT1H,MC-MagdalenaEcop,35185.64,18485.2
2024-08-04,9,PT1H,MC-MagdalenaEcop,35846.47,18764.0
2024-08-04,10,PT1H,MC-MagdalenaEcop,29988.3,22128.5
2024-08-04,11,PT1H,MC-MagdalenaEcop,25072.16,23346.9
2024-08-04,1,PT1H,MC-MagdalenaEcop,21522.05,17946.9
2024-08-04,12,PT1H,MC-MagdalenaEcop,27716.85,21408.1
2024-08-04,14,PT1H,MC-MagdalenaEcop,29653.75,19905.9
2024-08-04,15,PT1H,MC-MagdalenaEcop,29913.38,23684.4
2024-08-04,16,PT1H,MC-MagdalenaEcop,27990.52,18059.6
2024-08-04,17,PT1H,MC-MagdalenaEcop,18591.07,18188.7
2024-08-04,18,PT1H,MC-MagdalenaEcop,27025.29,22805.5
2024-08-04,19,PT1H,MC-MagdalenaEcop,24535.0,25518.5
2024-08-04,20,PT1H,MC-MagdalenaEcop,24097.85,25601.1
2024-08-04,21,PT1H,MC-MagdalenaEcop,25212.06,23871.3
2024-08-04,22,PT1H,MC-MagdalenaEcop,22104.31,18098.2
2024-08-04,13,PT1H,MC-MagdalenaEcop,29275.14,17917.5
2024-08-04,24,PT1H,MC-MagdalenaEcop,20058.99,15108.3
2024-08-05,24,PT1H,MC-MagdalenaEcop,22307.16,22695.3
2024-08-05,2,PT1H,MC-MagdalenaEcop,20436.22,15601.6
2024-08-05,1,PT1H,MC-MagdalenaEcop,20873.22,21803.6
2024-08-05,22,PT1H,MC-MagdalenaEcop,22447.87,19716.4
2024-08-05,23,PT1H,MC-MagdalenaEcop,22580.8,20052.9
2024-08-05,21,PT1H,MC-MagdalenaEcop,21775.03,24262.2
2024-08-05,20,PT1H,MC-MagdalenaEcop,22165.51,22429.2
2024-08-05,19,PT1H,MC-MagdalenaEcop,22497.32,21917.4
2024-08-05,18,PT1H,MC-MagdalenaEcop,21426.54,13716.0
2024-08-05,16,PT1H,MC-MagdalenaEcop,22732.89,23783.7
2024-08-05,15,PT1H,MC-MagdalenaEcop,22364.1,26124.9
2024-08-05,14,PT1H,MC-MagdalenaEcop,22062.02,25235.5
2024-08-05,17,PT1H,MC-MagdalenaEcop,21692.07,8006.6
2024-08-05,12,PT1H,MC-MagdalenaEcop,22040.84,26083.4
2024-08-05,3,PT1H,MC-MagdalenaEcop,20154.62,15948.4
2024-08-05,13,PT1H,MC-MagdalenaEcop,22600.1,25064.0
2024-08-05,5,PT1H,MC-MagdalenaEcop,19613.44,24880.2
2024-08-05,6,PT1H,MC-MagdalenaEcop,18601.27,23699.8
2024-08-05,7,PT1H,MC-MagdalenaEcop,16986.99,22912.9
2024-08-05,4,PT1H,MC-MagdalenaEcop,19899.24,22758.3
2024-08-05,9,PT1H,MC-MagdalenaEcop,18839.27,24336.3
2024-08-05,10,PT1H,MC-MagdalenaEcop,21175.3,20775.0
2024-08-05,11,PT1H,MC-MagdalenaEcop,19637.57,26255.5
2024-08-05,8,PT1H,MC-MagdalenaEcop,18649.93,24573.6
2024-08-06,8,PT1H,MC-MagdalenaEcop,25722.25,14489.4
2024-08-06,1,PT1H,MC-MagdalenaEcop,22237.0,18404.2
2024-08-06,2,PT1H,MC-MagdalenaEcop,22003.22,18142.0
2024-08-06,3,PT1H,MC-MagdalenaEcop,21775.75,18229.3
2024-08-06,4,PT1H,MC-MagdalenaEcop,21635.44,18076.8
2024-08-06,5,PT1H,MC-MagdalenaEcop,22524.77,17410.5
2024-08-06,6,PT1H,MC-MagdalenaEcop,24862.52,15061.1
2024-08-06,7,PT1H,MC-MagdalenaEcop,24288.55,14193.6
2024-08-06,9,PT1H,MC-MagdalenaEcop,26923.46,17054.4
2024-08-06,19,PT1H,MC-MagdalenaEcop,25312.41,25492.7
2024-08-06,11,PT1H,MC-MagdalenaEcop,25377.73,17817.1
2024-08-06,12,PT1H,MC-MagdalenaEcop,25205.91,20003.9
2024-08-06,13,PT1H,MC-MagdalenaEcop,24138.34,23453.3
2024-08-06,14,PT1H,MC-MagdalenaEcop,22688.55,26040.0
2024-08-06,15,PT1H,MC-MagdalenaEcop,24020.17,24467.0
2024-08-06,16,PT1H,MC-MagdalenaEcop,26486.02,22901.9
2024-08-06,17,PT1H,MC-MagdalenaEcop,25748.28,23965.5
2024-08-06,18,PT1H,MC-MagdalenaEcop,25349.85,26176.8
2024-08-06,20,PT1H,MC-MagdalenaEcop,25403.29,27509.2
2024-08-06,22,PT1H,MC-MagdalenaEcop,24587.83,26187.3
2024-08-06,10,PT1H,MC-MagdalenaEcop,26835.83,18473.4
2024-08-06,21,PT1H,MC-MagdalenaEcop,24768.13,27531.9
2024-08-06,24,PT1H,MC-MagdalenaEcop,22158.79,23117.3
2024-08-06,23,PT1H,MC-MagdalenaEcop,24281.58,26636.2
2024-08-07,18,PT1H,MC-MagdalenaEcop,22650.02,15008.5
2024-08-07,24,PT1H,MC-MagdalenaEcop,21207.77,19235.4
2024-08-07,23,PT1H,MC-MagdalenaEcop,20739.38,17894.1
2024-08-07,22,PT1H,MC-MagdalenaEcop,20952.29,19132.5
2024-08-07,20,PT1H,MC-MagdalenaEcop,22046.47,18025.9
2024-08-07,19,PT1H,MC-MagdalenaEcop,21767.04,18816.1
2024-08-07,17,PT1H,MC-MagdalenaEcop,22815.25,12815.5
2024-08-07,16,PT1H,MC-MagdalenaEcop,22928.41,18573.2
2024-08-07,15,PT1H,MC-MagdalenaEcop,23198.84,23379.9
2024-08-07,14,PT1H,MC-MagdalenaEcop,22748.72,21587.2
2024-08-07,13,PT1H,MC-MagdalenaEcop,21796.32,24263.2
2024-08-07,12,PT1H,MC-MagdalenaEcop,19784.73,23728.0
2024-08-07,21,PT1H,MC-MagdalenaEcop,21304.08,18668.0
2024-08-07,10,PT1H,MC-MagdalenaEcop,22993.54,23041.0
2024-08-07,11,PT1H,MC-MagdalenaEcop,18405.58,23258.9
2024-08-07,1,PT1H,MC-MagdalenaEcop,24008.78,26401.1
2024-08-07,3,PT1H,MC-MagdalenaEcop,23998.34,26729.3
2024-08-07,4,PT1H,MC-MagdalenaEcop,25509.98,26429.7
2024-08-07,2,PT1H,MC-MagdalenaEcop,24008.25,26554.1
2024-08-07,6,PT1H,MC-MagdalenaEcop,25506.91,25638.7
2024-08-07,7,PT1H,MC-MagdalenaEcop,24577.24,20830.5
2024-08-07,8,PT1H,MC-MagdalenaEcop,24265.2,20811.7
2024-08-07,9,PT1H,MC-MagdalenaEcop,24870.55,21500.5
2024-08-07,5,PT1H,MC-MagdalenaEcop,25412.4,25396.9
2024-08-08,23,PT1H,MC-MagdalenaEcop,20912.0,20205.8
2024-08-08,22,PT1H,MC-MagdalenaEcop,22054.49,19759.6
2024-08-08,15,PT1H,MC-MagdalenaEcop,20500.03,11421.0
2024-08-08,21,PT1H,MC-MagdalenaEcop,22352.61,21338.0
2024-08-08,20,PT1H,MC-MagdalenaEcop,22059.77,21568.4
2024-08-08,19,PT1H,MC-MagdalenaEcop,22748.7,21573.5
2024-08-08,18,PT1H,MC-MagdalenaEcop,20919.81,21336.3
2024-08-08,17,PT1H,MC-MagdalenaEcop,17568.26,20564.7
2024-08-08,16,PT1H,MC-MagdalenaEcop,6172.06,16237.2
2024-08-08,14,PT1H,MC-MagdalenaEcop,23801.34,10853.3
2024-08-08,8,PT1H,MC-MagdalenaEcop,25174.4,31829.0
2024-08-08,12,PT1H,MC-MagdalenaEcop,24182.82,1481.3
2024-08-08,11,PT1H,MC-MagdalenaEcop,24675.07,21182.1
2024-08-08,10,PT1H,MC-MagdalenaEcop,24339.6,28186.9
2024-08-08,9,PT1H,MC-MagdalenaEcop,25152.84,27155.3
2024-08-08,7,PT1H,MC-MagdalenaEcop,24901.76,31025.0
2024-08-08,6,PT1H,MC-MagdalenaEcop,25448.94,29670.0
2024-08-08,5,PT1H,MC-MagdalenaEcop,32427.81,22871.9
2024-08-08,3,PT1H,MC-MagdalenaEcop,33975.7,21867.6
2024-08-08,24,PT1H,MC-MagdalenaEcop,19820.22,20701.9
2024-08-08,4,PT1H,MC-MagdalenaEcop,36104.53,21909.9
2024-08-08,13,PT1H,MC-MagdalenaEcop,25341.6,8163.1
2024-08-08,2,PT1H,MC-MagdalenaEcop,22728.82,22265.7
2024-08-08,1,PT1H,MC-MagdalenaEcop,21143.09,22114.4
2024-08-09,11,PT1H,MC-MagdalenaEcop,23015.41,16612.8
2024-08-09,24,PT1H,MC-MagdalenaEcop,11141.02,25878.1
2024-08-09,3,PT1H,MC-MagdalenaEcop,18459.89,30915.6
2024-08-09,4,PT1H,MC-MagdalenaEcop,21213.61,28327.1
2024-08-09,5,PT1H,MC-MagdalenaEcop,21046.43,28092.8
2024-08-09,6,PT1H,MC-MagdalenaEcop,20635.39,28970.8
2024-08-09,7,PT1H,MC-MagdalenaEcop,20784.27,27002.9
2024-08-09,8,PT1H,MC-MagdalenaEcop,21805.28,28335.0
2024-08-09,9,PT1H,MC-MagdalenaEcop,22936.24,23841.5
2024-08-09,10,PT1H,MC-MagdalenaEcop,25513.17,18655.6
2024-08-09,23,PT1H,MC-MagdalenaEcop,10626.07,26680.5
2024-08-09,12,PT1H,MC-MagdalenaEcop,19338.9,19313.4
2024-08-09,13,PT1H,MC-MagdalenaEcop,15638.72,15064.2
2024-08-09,14,PT1H,MC-MagdalenaEcop,9723.79,12856.1
2024-08-09,15,PT1H,MC-MagdalenaEcop,10714.66,14689.4
2024-08-09,16,PT1H,MC-MagdalenaEcop,14848.71,14295.5
2024-08-09,17,PT1H,MC-MagdalenaEcop,15213.97,13771.5
2024-08-09,18,PT1H,MC-MagdalenaEcop,12678.6,13109.3
2024-08-09,19,PT1H,MC-MagdalenaEcop,12255.99,14094.5
2024-08-09,20,PT1H,MC-MagdalenaEcop,12839.83,17895.5
2024-08-09,2,PT1H,MC-MagdalenaEcop,18372.67,25393.4
2024-08-09,21,PT1H,MC-MagdalenaEcop,11759.55,25821.8
2024-08-09,22,PT1H,MC-MagdalenaEcop,11469.44,27583.0
2024-08-09,1,PT1H,MC-MagdalenaEcop,17783.76,21971.8
2024-08-10,24,PT1H,MC-MagdalenaEcop,23396.33,19549.0
2024-08-10,23,PT1H,MC-MagdalenaEcop,23815.53,19800.6
2024-08-10,22,PT1H,MC-MagdalenaEcop,24191.24,24855.2
2024-08-10,21,PT1H,MC-MagdalenaEcop,24628.64,24560.0
2024-08-10,20,PT1H,MC-MagdalenaEcop,24938.2,25263.5
2024-08-10,19,PT1H,MC-MagdalenaEcop,25491.77,25578.4
2024-08-10,18,PT1H,MC-MagdalenaEcop,25196.3,25353.6
2024-08-10,17,PT1H,MC-MagdalenaEcop,25799.26,23667.9
2024-08-10,16,PT1H,MC-MagdalenaEcop,26813.19,22760.8
2024-08-10,15,PT1H,MC-MagdalenaEcop,23650.0,22782.6
2024-08-10,4,PT1H,MC-MagdalenaEcop,8608.36,21192.5
2024-08-10,5,PT1H,MC-MagdalenaEcop,8272.35,21154.5
2024-08-10,13,PT1H,MC-MagdalenaEcop,23110.08,17793.3
2024-08-10,12,PT1H,MC-MagdalenaEcop,21680.88,19072.9
2024-08-10,11,PT1H,MC-MagdalenaEcop,19401.01,21157.1
2024-08-10,10,PT1H,MC-MagdalenaEcop,10335.77,22970.9
2024-08-10,9,PT1H,MC-MagdalenaEcop,7372.04,22223.9
2024-08-10,8,PT1H,MC-MagdalenaEcop,5884.32,21720.3
2024-08-10,7,PT1H,MC-MagdalenaEcop,6043.93,20749.3
2024-08-10,6,PT1H,MC-MagdalenaEcop,7276.86,21378.9
2024-08-10,1,PT1H,MC-MagdalenaEcop,11616.4,17583.9
2024-08-10,2,PT1H,MC-MagdalenaEcop,12252.5,21763.9
2024-08-10,14,PT1H,MC-MagdalenaEcop,23374.3,21900.9
2024-08-10,3,PT1H,MC-MagdalenaEcop,9207.67,21900.2
2024-08-11,22,PT1H,MC-MagdalenaEcop,20711.04,16304.4
2024-08-11,24,PT1H,MC-MagdalenaEcop,22036.24,16092.1
2024-08-11,21,PT1H,MC-MagdalenaEcop,20893.81,18515.7
2024-08-11,20,PT1H,MC-MagdalenaEcop,21531.37,19326.4
2024-08-11,19,PT1H,MC-MagdalenaEcop,22499.17,19577.5
2024-08-11,18,PT1H,MC-MagdalenaEcop,21102.48,19045.6
2024-08-11,17,PT1H,MC-MagdalenaEcop,19524.06,18066.7
2024-08-11,16,PT1H,MC-MagdalenaEcop,20632.73,17859.5
2024-08-11,15,PT1H,MC-MagdalenaEcop,23912.83,19982.2
2024-08-11,14,PT1H,MC-MagdalenaEcop,24175.29,19296.4
2024-08-11,13,PT1H,MC-MagdalenaEcop,25455.22,21895.6
2024-08-11,23,PT1H,MC-MagdalenaEcop,20582.07,15848.5
2024-08-11,12,PT1H,MC-MagdalenaEcop,24933.19,24840.3
2024-08-11,9,PT1H,MC-MagdalenaEcop,23620.19,23993.4
2024-08-11,8,PT1H,MC-MagdalenaEcop,22815.48,21811.7
2024-08-11,7,PT1H,MC-MagdalenaEcop,20691.02,23381.6
2024-08-11,6,PT1H,MC-MagdalenaEcop,23997.72,23848.0
2024-08-11,5,PT1H,MC-MagdalenaEcop,25259.76,24473.2
2024-08-11,4,PT1H,MC-MagdalenaEcop,22278.28,23811.7
2024-08-11,3,PT1H,MC-MagdalenaEcop,19811.97,23957.6
2024-08-11,2,PT1H,MC-MagdalenaEcop,20716.29,23813.4
2024-08-11,1,PT1H,MC-MagdalenaEcop,22452.84,23090.9
2024-08-11,10,PT1H,MC-MagdalenaEcop,24028.59,24337.1
2024-08-11,11,PT1H,MC-MagdalenaEcop,24152.22,24071.5
2024-08-12,1,PT1H,MC-MagdalenaEcop,23940.76,18612.0
2024-08-12,2,PT1H,MC-MagdalenaEcop,23525.82,20014.4
2024-08-12,3,PT1H,MC-MagdalenaEcop,24656.43,20166.0
2024-08-12,5,PT1H,MC-MagdalenaEcop,24952.4,22908.8
2024-08-12,6,PT1H,MC-MagdalenaEcop,25438.71,26506.7
2024-08-12,7,PT1H,MC-MagdalenaEcop,25864.56,26225.3
2024-08-12,8,PT1H,MC-MagdalenaEcop,26402.43,26651.5
2024-08-12,9,PT1H,MC-MagdalenaEcop,26622.94,28164.9
2024-08-12,10,PT1H,MC-MagdalenaEcop,26173.31,27432.1
2024-08-12,11,PT1H,MC-MagdalenaEcop,26280.32,25183.6
2024-08-12,12,PT1H,MC-MagdalenaEcop,27730.33,25798.4
2024-08-12,13,PT1H,MC-MagdalenaEcop,27049.98,28267.5
2024-08-12,4,PT1H,MC-MagdalenaEcop,24684.54,20969.4
2024-08-12,14,PT1H,MC-MagdalenaEcop,25047.1,29262.7
2024-08-12,16,PT1H,MC-MagdalenaEcop,24692.76,29441.1
2024-08-12,17,PT1H,MC-MagdalenaEcop,24580.4,30101.3
2024-08-12,18,PT1H,MC-MagdalenaEcop,24588.05,25040.8
2024-08-12,19,PT1H,MC-MagdalenaEcop,24910.01,24226.0
2024-08-12,20,PT1H,MC-MagdalenaEcop,23617.81,22821.3
2024-08-12,21,PT1H,MC-MagdalenaEcop,22509.5,22571.3
2024-08-12,22,PT1H,MC-MagdalenaEcop,21813.06,22215.2
2024-08-12,23,PT1H,MC-MagdalenaEcop,22588.63,22363.0
2024-08-12,15,PT1H,MC-MagdalenaEcop,25969.76,29487.6
2024-08-12,24,PT1H,MC-MagdalenaEcop,23778.57,23206.3
2024-08-13,4,PT1H,MC-MagdalenaEcop,23215.5,19817.7
2024-08-13,5,PT1H,MC-MagdalenaEcop,21681.14,20398.6
2024-08-13,2,PT1H,MC-MagdalenaEcop,23505.75,17831.7
2024-08-13,6,PT1H,MC-MagdalenaEcop,21637.11,20852.4
2024-08-13,7,PT1H,MC-MagdalenaEcop,21292.42,20628.6
2024-08-13,8,PT1H,MC-MagdalenaEcop,19158.99,20688.2
2024-08-13,9,PT1H,MC-MagdalenaEcop,15131.78,20086.7
2024-08-13,10,PT1H,MC-MagdalenaEcop,15351.71,21230.7
2024-08-13,11,PT1H,MC-MagdalenaEcop,14912.37,21562.1
2024-08-13,12,PT1H,MC-MagdalenaEcop,13450.22,21813.5
2024-08-13,13,PT1H,MC-MagdalenaEcop,13670.2,21186.1
2024-08-13,14,PT1H,MC-MagdalenaEcop,14936.94,22711.1
2024-08-13,1,PT1H,MC-MagdalenaEcop,23619.95,17776.8
2024-08-13,15,PT1H,MC-MagdalenaEcop,15571.88,22688.5
2024-08-13,17,PT1H,MC-MagdalenaEcop,14449.93,19036.4
2024-08-13,18,PT1H,MC-MagdalenaEcop,14457.77,21383.1
2024-08-13,19,PT1H,MC-MagdalenaEcop,14655.78,22851.0
2024-08-13,20,PT1H,MC-MagdalenaEcop,14384.02,21058.0
2024-08-13,21,PT1H,MC-MagdalenaEcop,14046.61,21016.3
2024-08-13,22,PT1H,MC-MagdalenaEcop,17237.12,20408.0
2024-08-13,23,PT1H,MC-MagdalenaEcop,17873.9,19752.8
2024-08-13,24,PT1H,MC-MagdalenaEcop,20620.41,16765.4
2024-08-13,3,PT1H,MC-MagdalenaEcop,23275.64,17913.4
2024-08-13,16,PT1H,MC-MagdalenaEcop,14591.44,18669.0
2024-08-14,24,PT1H,MC-MagdalenaEcop,19416.69,14296.6
2024-08-14,17,PT1H,MC-MagdalenaEcop,20914.02,22891.4
2024-08-14,22,PT1H,MC-MagdalenaEcop,17736.87,15628.1
2024-08-14,1,PT1H,MC-MagdalenaEcop,21228.44,17299.8
2024-08-14,2,PT1H,MC-MagdalenaEcop,22031.51,18887.4
2024-08-14,3,PT1H,MC-MagdalenaEcop,19879.71,19238.8
2024-08-14,4,PT1H,MC-MagdalenaEcop,18085.81,18787.1
2024-08-14,23,PT1H,MC-MagdalenaEcop,19173.1,14767.6
2024-08-14,6,PT1H,MC-MagdalenaEcop,19610.2,19049.7
2024-08-14,7,PT1H,MC-MagdalenaEcop,19836.17,19572.1
2024-08-14,8,PT1H,MC-MagdalenaEcop,7805.77,20447.5
2024-08-14,9,PT1H,MC-MagdalenaEcop,4313.99,20736.3
2024-08-14,10,PT1H,MC-MagdalenaEcop,4705.89,21023.9
2024-08-14,5,PT1H,MC-MagdalenaEcop,18126.94,18634.8
2024-08-14,12,PT1H,MC-MagdalenaEcop,7866.01,23601.5
2024-08-14,13,PT1H,MC-MagdalenaEcop,8068.12,23922.3
2024-08-14,14,PT1H,MC-MagdalenaEcop,13919.29,22258.6
2024-08-14,15,PT1H,MC-MagdalenaEcop,20516.76,22383.6
2024-08-14,16,PT1H,MC-MagdalenaEcop,22088.02,22393.6
2024-08-14,18,PT1H,MC-MagdalenaEcop,19936.49,21160.9
2024-08-14,19,PT1H,MC-MagdalenaEcop,18248.75,21445.4
2024-08-14,20,PT1H,MC-MagdalenaEcop,17189.81,20215.8
2024-08-14,21,PT1H,MC-MagdalenaEcop,16870.93,16601.2
2024-08-14,11,PT1H,MC-MagdalenaEcop,7140.14,21363.4
2024-08-15,9,PT1H,MC-MagdalenaEcop,17987.58,17368.1
2024-08-15,8,PT1H,MC-MagdalenaEcop,18253.06,17222.7
2024-08-15,7,PT1H,MC-MagdalenaEcop,18514.12,16414.3
2024-08-15,6,PT1H,MC-MagdalenaEcop,20033.51,17215.1
2024-08-15,10,PT1H,MC-MagdalenaEcop,17105.46,17973.1
2024-08-15,4,PT1H,MC-MagdalenaEcop,19588.03,16702.5
2024-08-15,3,PT1H,MC-MagdalenaEcop,20110.52,17107.1
2024-08-15,2,PT1H,MC-MagdalenaEcop,20251.33,16903.7
2024-08-15,1,PT1H,MC-MagdalenaEcop,20083.41,15948.3
2024-08-15,5,PT1H,MC-MagdalenaEcop,18211.89,16999.2
2024-08-15,11,PT1H,MC-MagdalenaEcop,16388.12,18213.9
2024-08-15,23,PT1H,MC-MagdalenaEcop,15186.18,18374.0
2024-08-15,13,PT1H,MC-MagdalenaEcop,22152.54,18652.7
2024-08-15,12,PT1H,MC-MagdalenaEcop,21532.87,18426.4
2024-08-15,22,PT1H,MC-MagdalenaEcop,16516.09,18945.5
2024-08-15,21,PT1H,MC-MagdalenaEcop,15873.89,19070.5
2024-08-15,20,PT1H,MC-MagdalenaEcop,15927.79,19091.7
2024-08-15,19,PT1H,MC-MagdalenaEcop,15012.65,19165.9
2024-08-15,24,PT1H,MC-MagdalenaEcop,15784.19,18178.8
2024-08-15,17,PT1H,MC-MagdalenaEcop,14827.9,18869.7
2024-08-15,16,PT1H,MC-MagdalenaEcop,16631.43,18685.6
2024-08-15,15,PT1H,MC-MagdalenaEcop,21854.08,19004.2
2024-08-15,14,PT1H,MC-MagdalenaEcop,21653.19,18940.8
2024-08-15,18,PT1H,MC-MagdalenaEcop,13588.99,18815.9
2024-08-16,13,PT1H,MC-MagdalenaEcop,22584.34,20302.0
2024-08-16,4,PT1H,MC-MagdalenaEcop,19442.88,19279.7
2024-08-16,5,PT1H,MC-MagdalenaEcop,19936.76,19291.3
2024-08-16,6,PT1H,MC-MagdalenaEcop,18604.68,20317.7
2024-08-16,8,PT1H,MC-MagdalenaEcop,17456.41,21805.2
2024-08-16,9,PT1H,MC-MagdalenaEcop,8359.25,22127.3
2024-08-16,10,PT1H,MC-MagdalenaEcop,10341.98,22435.8
2024-08-16,11,PT1H,MC-MagdalenaEcop,10682.41,22736.3
2024-08-16,12,PT1H,MC-MagdalenaEcop,14251.3,19406.8
2024-08-16,14,PT1H,MC-MagdalenaEcop,22527.84,24565.6
2024-08-16,20,PT1H,MC-MagdalenaEcop,24297.71,27232.3
2024-08-16,16,PT1H,MC-MagdalenaEcop,22690.23,24037.9
2024-08-16,17,PT1H,MC-MagdalenaEcop,26802.08,26196.8
2024-08-16,18,PT1H,MC-MagdalenaEcop,25303.49,25666.5
2024-08-16,19,PT1H,MC-MagdalenaEcop,25554.59,26841.9
2024-08-16,3,PT1H,MC-MagdalenaEcop,16350.02,19351.6
2024-08-16,21,PT1H,MC-MagdalenaEcop,24140.41,25177.1
2024-08-16,22,PT1H,MC-MagdalenaEcop,25408.8,18783.8
2024-08-16,23,PT1H,MC-MagdalenaEcop,22605.91,20560.5
2024-08-16,24,PT1H,MC-MagdalenaEcop,23823.73,22228.1
2024-08-16,15,PT1H,MC-MagdalenaEcop,21470.44,24367.4
2024-08-16,2,PT1H,MC-MagdalenaEcop,16752.47,19311.2
2024-08-16,7,PT1H,MC-MagdalenaEcop,20328.04,19885.5
2024-08-16,1,PT1H,MC-MagdalenaEcop,16521.72,19544.8
2024-08-17,2,PT1H,MC-MagdalenaEcop,24884.62,24669.2
2024-08-17,24,PT1H,MC-MagdalenaEcop,23607.14,20902.7
2024-08-17,1,PT1H,MC-MagdalenaEcop,26613.55,23050.1
2024-08-17,22,PT1H,MC-MagdalenaEcop,23012.51,21447.7
2024-08-17,21,PT1H,MC-MagdalenaEcop,23737.95,21509.8
2024-08-17,20,PT1H,MC-MagdalenaEcop,22476.06,22318.6
2024-08-17,19,PT1H,MC-MagdalenaEcop,21921.18,22754.1
2024-08-17,18,PT1H,MC-MagdalenaEcop,25543.07,22236.2
2024-08-17,17,PT1H,MC-MagdalenaEcop,25284.11,21213.0
2024-08-17,16,PT1H,MC-MagdalenaEcop,23645.42,19998.3
2024-08-17,15,PT1H,MC-MagdalenaEcop,22946.0,16998.5
2024-08-17,14,PT1H,MC-MagdalenaEcop,23568.27,16582.1
2024-08-17,23,PT1H,MC-MagdalenaEcop,24136.2,21108.2
2024-08-17,12,PT1H,MC-MagdalenaEcop,27517.31,20330.3
2024-08-17,13,PT1H,MC-MagdalenaEcop,26876.87,18599.4
2024-08-17,3,PT1H,MC-MagdalenaEcop,20941.51,25152.6
2024-08-17,5,PT1H,MC-MagdalenaEcop,22678.81,25240.8
2024-08-17,6,PT1H,MC-MagdalenaEcop,25987.33,25096.8
2024-08-17,4,PT1H,MC-MagdalenaEcop,21288.43,24907.1
2024-08-17,8,PT1H,MC-MagdalenaEcop,24015.38,25955.3
2024-08-17,9,PT1H,MC-MagdalenaEcop,24376.26,21400.8
2024-08-17,10,PT1H,MC-MagdalenaEcop,23158.24,21103.6
2024-08-17,11,PT1H,MC-MagdalenaEcop,27265.28,19788.4
2024-08-17,7,PT1H,MC-MagdalenaEcop,24631.78,25959.3
2024-08-18,5,PT1H,MC-MagdalenaEcop,24640.34,17239.0
2024-08-18,13,PT1H,MC-MagdalenaEcop,23878.25,25113.1
2024-08-18,6,PT1H,MC-MagdalenaEcop,27129.2,18126.4
2024-08-18,7,PT1H,MC-MagdalenaEcop,24588.03,24289.5
2024-08-18,8,PT1H,MC-MagdalenaEcop,15707.72,30181.3
2024-08-18,10,PT1H,MC-MagdalenaEcop,14313.72,25724.6
2024-08-18,11,PT1H,MC-MagdalenaEcop,18173.99,21509.1
2024-08-18,12,PT1H,MC-MagdalenaEcop,20184.91,23776.9
2024-08-18,14,PT1H,MC-MagdalenaEcop,23728.04,25437.8
2024-08-18,19,PT1H,MC-MagdalenaEcop,24676.32,21038.5
2024-08-18,16,PT1H,MC-MagdalenaEcop,24688.32,24011.6
2024-08-18,17,PT1H,MC-MagdalenaEcop,25036.1,15951.6
2024-08-18,18,PT1H,MC-MagdalenaEcop,25519.7,23183.9
2024-08-18,20,PT1H,MC-MagdalenaEcop,21580.94,20663.6
2024-08-18,21,PT1H,MC-MagdalenaEcop,18841.16,21619.1
2024-08-18,22,PT1H,MC-MagdalenaEcop,14743.73,18964.2
2024-08-18,23,PT1H,MC-MagdalenaEcop,15497.91,17615.2
2024-08-18,24,PT1H,MC-MagdalenaEcop,15919.16,17210.4
2024-08-18,4,PT1H,MC-MagdalenaEcop,23307.82,15647.9
2024-08-18,15,PT1H,MC-MagdalenaEcop,23328.89,25660.4
2024-08-18,3,PT1H,MC-MagdalenaEcop,18702.46,17502.6
2024-08-18,9,PT1H,MC-MagdalenaEcop,13268.55,30748.0
2024-08-18,1,PT1H,MC-MagdalenaEcop,22806.25,18464.9
2024-08-18,2,PT1H,MC-MagdalenaEcop,21038.08,20552.3
2024-08-19,7,PT1H,MC-MagdalenaEcop,24740.47,20245.8
2024-08-19,2,PT1H,MC-MagdalenaEcop,22038.99,20849.6
2024-08-19,3,PT1H,MC-MagdalenaEcop,21783.08,21100.5
2024-08-19,4,PT1H,MC-MagdalenaEcop,21374.48,20601.4
2024-08-19,5,PT1H,MC-MagdalenaEcop,21546.84,20967.3
2024-08-19,6,PT1H,MC-MagdalenaEcop,24773.56,21233.6
2024-08-19,8,PT1H,MC-MagdalenaEcop,25140.23,21243.1
2024-08-19,9,PT1H,MC-MagdalenaEcop,24127.59,21422.4
2024-08-19,1,PT1H,MC-MagdalenaEcop,17768.7,19671.0
2024-08-19,11,PT1H,MC-MagdalenaEcop,25463.81,22465.7
2024-08-19,12,PT1H,MC-MagdalenaEcop,25363.14,22727.9
2024-08-19,10,PT1H,MC-MagdalenaEcop,27006.8,22168.8
2024-08-19,14,PT1H,MC-MagdalenaEcop,27658.7,23362.4
2024-08-19,24,PT1H,MC-MagdalenaEcop,24456.22,22422.4
2024-08-19,23,PT1H,MC-MagdalenaEcop,24771.94,22663.3
2024-08-19,22,PT1H,MC-MagdalenaEcop,26464.84,23368.2
2024-08-19,13,PT1H,MC-MagdalenaEcop,27993.1,23007.0
2024-08-19,20,PT1H,MC-MagdalenaEcop,27178.52,23550.9
2024-08-19,21,PT1H,MC-MagdalenaEcop,27124.74,23524.8
2024-08-19,18,PT1H,MC-MagdalenaEcop,23496.91,23208.4
2024-08-19,17,PT1H,MC-MagdalenaEcop,27063.65,23274.7
2024-08-19,16,PT1H,MC-MagdalenaEcop,27424.52,23047.7
2024-08-19,15,PT1H,MC-MagdalenaEcop,27176.01,23440.7
2024-08-19,19,PT1H,MC-MagdalenaEcop,24265.16,23642.5
2024-08-20,14,PT1H,MC-MagdalenaEcop,28808.51,24646.9
2024-08-20,13,PT1H,MC-MagdalenaEcop,28752.75,20369.1
2024-08-20,12,PT1H,MC-MagdalenaEcop,28693.22,19471.0
2024-08-20,11,PT1H,MC-MagdalenaEcop,28383.27,22811.5
2024-08-20,10,PT1H,MC-MagdalenaEcop,26492.02,22510.0
2024-08-20,3,PT1H,MC-MagdalenaEcop,25837.77,19415.5
2024-08-20,8,PT1H,MC-MagdalenaEcop,27437.68,21877.2
2024-08-20,7,PT1H,MC-MagdalenaEcop,27075.51,19951.2
2024-08-20,6,PT1H,MC-MagdalenaEcop,27881.41,20384.9
2024-08-20,15,PT1H,MC-MagdalenaEcop,29040.03,24448.0
2024-08-20,9,PT1H,MC-MagdalenaEcop,27481.28,22200.4
2024-08-20,16,PT1H,MC-MagdalenaEcop,28108.35,24117.4
2024-08-20,4,PT1H,MC-MagdalenaEcop,25892.0,19343.4
2024-08-20,18,PT1H,MC-MagdalenaEcop,26897.87,25751.3
2024-08-20,19,PT1H,MC-MagdalenaEcop,27405.36,26930.6
2024-08-20,20,PT1H,MC-MagdalenaEcop,27312.43,27322.4
2024-08-20,21,PT1H,MC-MagdalenaEcop,27669.4,25260.4
2024-08-20,22,PT1H,MC-MagdalenaEcop,26784.67,18845.9
2024-08-20,23,PT1H,MC-MagdalenaEcop,25823.5,20628.5
2024-08-20,24,PT1H,MC-MagdalenaEcop,25854.96,22301.5
2024-08-20,5,PT1H,MC-MagdalenaEcop,27212.54,19355.0
2024-08-20,2,PT1H,MC-MagdalenaEcop,24962.2,19375.1
2024-08-20,1,PT1H,MC-MagdalenaEcop,24245.13,19609.4
2024-08-20,17,PT1H,MC-MagdalenaEcop,26723.26,26283.4
2024-08-21,23,PT1H,MC-MagdalenaEcop,20854.14,21303.5
2024-08-21,12,PT1H,MC-MagdalenaEcop,19784.81,20518.3
2024-08-21,1,PT1H,MC-MagdalenaEcop,25869.36,23263.3
2024-08-21,24,PT1H,MC-MagdalenaEcop,18902.51,21096.1
2024-08-21,2,PT1H,MC-MagdalenaEcop,23888.13,24897.4
2024-08-21,3,PT1H,MC-MagdalenaEcop,25809.5,25385.3
2024-08-21,4,PT1H,MC-MagdalenaEcop,26045.89,25137.5
2024-08-21,5,PT1H,MC-MagdalenaEcop,26363.9,25474.3
2024-08-21,7,PT1H,MC-MagdalenaEcop,24658.74,26199.4
2024-08-21,8,PT1H,MC-MagdalenaEcop,23617.33,26195.4
2024-08-21,9,PT1H,MC-MagdalenaEcop,22776.03,21598.7
2024-08-21,10,PT1H,MC-MagdalenaEcop,22841.23,21298.8
2024-08-21,11,PT1H,MC-MagdalenaEcop,21875.56,19971.4
2024-08-21,6,PT1H,MC-MagdalenaEcop,25348.24,25329.0
2024-08-21,14,PT1H,MC-MagdalenaEcop,19516.83,16735.4
2024-08-21,13,PT1H,MC-MagdalenaEcop,19036.35,18771.4
2024-08-21,21,PT1H,MC-MagdalenaEcop,20041.42,21708.9
2024-08-21,20,PT1H,MC-MagdalenaEcop,20006.58,22525.2
2024-08-21,19,PT1H,MC-MagdalenaEcop,19686.68,22964.7
2024-08-21,22,PT1H,MC-MagdalenaEcop,20448.22,21646.1
2024-08-21,17,PT1H,MC-MagdalenaEcop,18530.82,21409.2
2024-08-21,16,PT1H,MC-MagdalenaEcop,19046.17,20183.3
2024-08-21,15,PT1H,MC-MagdalenaEcop,19616.12,17155.7
2024-08-21,18,PT1H,MC-MagdalenaEcop,19010.84,22441.9
2024-08-22,12,PT1H,MC-MagdalenaEcop,22643.68,24370.0
2024-08-22,21,PT1H,MC-MagdalenaEcop,23605.59,22158.6
2024-08-22,20,PT1H,MC-MagdalenaEcop,21130.93,21179.3
2024-08-22,19,PT1H,MC-MagdalenaEcop,22131.11,21563.6
2024-08-22,18,PT1H,MC-MagdalenaEcop,21010.24,23762.2
2024-08-22,17,PT1H,MC-MagdalenaEcop,21220.13,16349.5
2024-08-22,16,PT1H,MC-MagdalenaEcop,25710.92,24610.6
2024-08-22,15,PT1H,MC-MagdalenaEcop,25860.48,26300.6
2024-08-22,14,PT1H,MC-MagdalenaEcop,24929.53,26072.4
2024-08-22,13,PT1H,MC-MagdalenaEcop,23158.56,25739.6
2024-08-22,11,PT1H,MC-MagdalenaEcop,22509.6,22045.7
2024-08-22,22,PT1H,MC-MagdalenaEcop,24035.54,19437.2
2024-08-22,9,PT1H,MC-MagdalenaEcop,22696.09,31515.1
2024-08-22,8,PT1H,MC-MagdalenaEcop,26820.85,30934.3
2024-08-22,7,PT1H,MC-MagdalenaEcop,26425.96,24895.4
2024-08-22,6,PT1H,MC-MagdalenaEcop,24698.39,18578.6
2024-08-22,5,PT1H,MC-MagdalenaEcop,22412.09,17669.0
2024-08-22,4,PT1H,MC-MagdalenaEcop,19802.0,16038.2
2024-08-22,3,PT1H,MC-MagdalenaEcop,18366.93,17939.2
2024-08-22,2,PT1H,MC-MagdalenaEcop,18733.11,21065.0
2024-08-22,1,PT1H,MC-MagdalenaEcop,19050.36,18925.5
2024-08-22,24,PT1H,MC-MagdalenaEcop,21387.13,17639.6
2024-08-22,10,PT1H,MC-MagdalenaEcop,21483.3,26366.4
2024-08-22,23,PT1H,MC-MagdalenaEcop,22971.18,18054.5
2024-08-23,24,PT1H,MC-MagdalenaEcop,22941.85,23621.3
2024-08-23,8,PT1H,MC-MagdalenaEcop,22373.74,19750.3
2024-08-23,1,PT1H,MC-MagdalenaEcop,21372.8,22103.6
2024-08-23,2,PT1H,MC-MagdalenaEcop,21260.94,21641.0
2024-08-23,3,PT1H,MC-MagdalenaEcop,21459.19,21343.0
2024-08-23,4,PT1H,MC-MagdalenaEcop,22195.11,21072.6
2024-08-23,5,PT1H,MC-MagdalenaEcop,23306.17,20770.1
2024-08-23,6,PT1H,MC-MagdalenaEcop,23448.15,19698.8
2024-08-23,7,PT1H,MC-MagdalenaEcop,21949.08,17990.1
2024-08-23,9,PT1H,MC-MagdalenaEcop,22490.9,19950.7
2024-08-23,10,PT1H,MC-MagdalenaEcop,22807.44,22423.3
2024-08-23,11,PT1H,MC-MagdalenaEcop,25045.71,20795.7
2024-08-23,13,PT1H,MC-MagdalenaEcop,28712.57,23931.4
2024-08-23,12,PT1H,MC-MagdalenaEcop,27817.97,23339.5
2024-08-23,15,PT1H,MC-MagdalenaEcop,27023.52,23681.6
2024-08-23,16,PT1H,MC-MagdalenaEcop,27555.13,24072.0
2024-08-23,17,PT1H,MC-MagdalenaEcop,27515.89,22970.3
2024-08-23,18,PT1H,MC-MagdalenaEcop,27605.93,22689.2
2024-08-23,19,PT1H,MC-MagdalenaEcop,27362.35,23812.6
2024-08-23,20,PT1H,MC-MagdalenaEcop,26721.23,23461.4
2024-08-23,21,PT1H,MC-MagdalenaEcop,23947.37,23048.1
2024-08-23,22,PT1H,MC-MagdalenaEcop,23683.63,23770.3
2024-08-23,23,PT1H,MC-MagdalenaEcop,23293.4,23911.0
2024-08-23,14,PT1H,MC-MagdalenaEcop,27222.21,23361.9
2024-08-24,6,PT1H,MC-MagdalenaEcop,26748.38,22688.3
2024-08-24,8,PT1H,MC-MagdalenaEcop,24939.58,23472.5
2024-08-24,9,PT1H,MC-MagdalenaEcop,23744.78,24568.1
2024-08-24,7,PT1H,MC-MagdalenaEcop,25018.65,22164.7
2024-08-24,5,PT1H,MC-MagdalenaEcop,26042.01,20555.9
2024-08-24,24,PT1H,MC-MagdalenaEcop,24117.18,20222.1
2024-08-24,3,PT1H,MC-MagdalenaEcop,25153.71,19872.7
2024-08-24,2,PT1H,MC-MagdalenaEcop,24338.48,20080.2
2024-08-24,10,PT1H,MC-MagdalenaEcop,23863.45,24488.2
2024-08-24,1,PT1H,MC-MagdalenaEcop,22697.77,20293.4
2024-08-24,4,PT1H,MC-MagdalenaEcop,25181.82,19744.7
2024-08-24,11,PT1H,MC-MagdalenaEcop,24968.52,23158.2
2024-08-24,18,PT1H,MC-MagdalenaEcop,25683.14,23132.8
2024-08-24,13,PT1H,MC-MagdalenaEcop,27764.32,22027.7
2024-08-24,12,PT1H,MC-MagdalenaEcop,26651.81,23001.5
2024-08-24,22,PT1H,MC-MagdalenaEcop,23447.37,22437.7
2024-08-24,21,PT1H,MC-MagdalenaEcop,24613.43,22592.2
2024-08-24,20,PT1H,MC-MagdalenaEcop,24878.26,23171.5
2024-08-24,19,PT1H,MC-MagdalenaEcop,25282.57,23088.6
2024-08-24,23,PT1H,MC-MagdalenaEcop,23983.48,22158.4
2024-08-24,17,PT1H,MC-MagdalenaEcop,26431.46,23496.2
2024-08-24,16,PT1H,MC-MagdalenaEcop,27939.42,24169.1
2024-08-24,15,PT1H,MC-MagdalenaEcop,28505.66,21919.9
2024-08-24,14,PT1H,MC-MagdalenaEcop,28429.43,20705.3
2024-08-25,24,PT1H,MC-MagdalenaEcop,16099.85,20656.3
2024-08-25,23,PT1H,MC-MagdalenaEcop,15853.39,20200.3
2024-08-25,22,PT1H,MC-MagdalenaEcop,14668.79,20407.5
2024-08-25,21,PT1H,MC-MagdalenaEcop,27893.93,20740.0
2024-08-25,20,PT1H,MC-MagdalenaEcop,35262.57,21462.7
2024-08-25,19,PT1H,MC-MagdalenaEcop,35601.91,21190.7
2024-08-25,18,PT1H,MC-MagdalenaEcop,33984.08,22060.3
2024-08-25,17,PT1H,MC-MagdalenaEcop,32148.23,22221.2
2024-08-25,16,PT1H,MC-MagdalenaEcop,32736.24,22331.3
2024-08-25,15,PT1H,MC-MagdalenaEcop,33025.37,22594.6
2024-08-25,13,PT1H,MC-MagdalenaEcop,32142.24,21229.2
2024-08-25,14,PT1H,MC-MagdalenaEcop,31942.25,22156.4
2024-08-25,4,PT1H,MC-MagdalenaEcop,45224.85,24844.6
2024-08-25,11,PT1H,MC-MagdalenaEcop,18976.29,17928.3
2024-08-25,10,PT1H,MC-MagdalenaEcop,37554.37,22394.7
2024-08-25,9,PT1H,MC-MagdalenaEcop,36954.0,24222.1
2024-08-25,8,PT1H,MC-MagdalenaEcop,35409.25,23632.7
2024-08-25,7,PT1H,MC-MagdalenaEcop,43564.02,23936.5
2024-08-25,6,PT1H,MC-MagdalenaEcop,44211.33,24841.6
2024-08-25,5,PT1H,MC-MagdalenaEcop,43542.64,24749.6
2024-08-25,12,PT1H,MC-MagdalenaEcop,32954.64,19270.9
2024-08-25,3,PT1H,MC-MagdalenaEcop,27204.43,23372.9
2024-08-25,2,PT1H,MC-MagdalenaEcop,22286.53,23382.6
2024-08-25,1,PT1H,MC-MagdalenaEcop,22946.22,23383.1
2024-08-26,16,PT1H,MC-MagdalenaEcop,24145.48,21998.9
2024-08-26,17,PT1H,MC-MagdalenaEcop,33904.29,21898.8
2024-08-26,14,PT1H,MC-MagdalenaEcop,18426.4,22314.4
2024-08-26,15,PT1H,MC-MagdalenaEcop,27971.71,23136.0
2024-08-26,18,PT1H,MC-MagdalenaEcop,39516.44,21905.6
2024-08-26,22,PT1H,MC-MagdalenaEcop,28025.41,19434.5
2024-08-26,20,PT1H,MC-MagdalenaEcop,33058.02,21031.6
2024-08-26,21,PT1H,MC-MagdalenaEcop,31327.58,20044.7
2024-08-26,23,PT1H,MC-MagdalenaEcop,9961.34,20125.1
2024-08-26,13,PT1H,MC-MagdalenaEcop,17290.19,24098.0
2024-08-26,19,PT1H,MC-MagdalenaEcop,38446.35,22182.3
2024-08-26,12,PT1H,MC-MagdalenaEcop,15451.65,24703.8
2024-08-26,24,PT1H,MC-MagdalenaEcop,20988.72,21184.8
2024-08-26,10,PT1H,MC-MagdalenaEcop,14703.77,23317.3
2024-08-26,9,PT1H,MC-MagdalenaEcop,14579.32,23717.7
2024-08-26,8,PT1H,MC-MagdalenaEcop,14220.33,23521.3
2024-08-26,7,PT1H,MC-MagdalenaEcop,13984.71,23042.4
2024-08-26,6,PT1H,MC-MagdalenaEcop,14906.4,22663.1
2024-08-26,5,PT1H,MC-MagdalenaEcop,14194.4,22230.1
2024-08-26,4,PT1H,MC-MagdalenaEcop,15626.99,21991.5
2024-08-26,3,PT1H,MC-MagdalenaEcop,13896.58,21966.5
2024-08-26,2,PT1H,MC-MagdalenaEcop,15684.65,20959.7
2024-08-26,1,PT1H,MC-MagdalenaEcop,18635.69,21329.2
2024-08-26,11,PT1H,MC-MagdalenaEcop,14778.58,23412.6
2024-08-27,11,PT1H,MC-MagdalenaEcop,28342.94,18812.4
2024-08-27,10,PT1H,MC-MagdalenaEcop,27664.3,19366.3
2024-08-27,9,PT1H,MC-MagdalenaEcop,26442.92,19089.0
2024-08-27,8,PT1H,MC-MagdalenaEcop,26994.96,24166.7
2024-08-27,3,PT1H,MC-MagdalenaEcop,26612.76,29357.2
2024-08-27,6,PT1H,MC-MagdalenaEcop,26897.17,27291.3
2024-08-27,5,PT1H,MC-MagdalenaEcop,26831.39,27346.8
2024-08-27,4,PT1H,MC-MagdalenaEcop,26511.05,29281.4
2024-08-27,12,PT1H,MC-MagdalenaEcop,27991.52,16968.8
2024-08-27,7,PT1H,MC-MagdalenaEcop,26506.99,26856.7
2024-08-27,13,PT1H,MC-MagdalenaEcop,24117.13,17246.2
2024-08-27,19,PT1H,MC-MagdalenaEcop,27245.19,18478.8
2024-08-27,15,PT1H,MC-MagdalenaEcop,25876.68,19643.9
2024-08-27,16,PT1H,MC-MagdalenaEcop,26342.3,18407.7
2024-08-27,17,PT1H,MC-MagdalenaEcop,24567.54,18229.3
2024-08-27,18,PT1H,MC-MagdalenaEcop,26786.41,18239.2
2024-08-27,20,PT1H,MC-MagdalenaEcop,26642.25,18136.2
2024-08-27,21,PT1H,MC-MagdalenaEcop,26156.65,17710.8
2024-08-27,22,PT1H,MC-MagdalenaEcop,23411.43,21743.5
2024-08-27,23,PT1H,MC-MagdalenaEcop,24659.25,22546.4
2024-08-27,24,PT1H,MC-MagdalenaEcop,26108.2,26009.4
2024-08-27,1,PT1H,MC-MagdalenaEcop,26193.27,29791.4
2024-08-27,14,PT1H,MC-MagdalenaEcop,25820.59,18843.3
2024-08-27,2,PT1H,MC-MagdalenaEcop,26525.65,29647.4
2024-08-28,2,PT1H,MC-MagdalenaEcop,25398.98,30476.5
2024-08-28,3,PT1H,MC-MagdalenaEcop,25266.59,27500.9
2024-08-28,14,PT1H,MC-MagdalenaEcop,27039.89,19258.5
2024-08-28,21,PT1H,MC-MagdalenaEcop,26758.75,23330.2
2024-08-28,20,PT1H,MC-MagdalenaEcop,24771.58,23771.1
2024-08-28,19,PT1H,MC-MagdalenaEcop,23469.3,25235.5
2024-08-28,18,PT1H,MC-MagdalenaEcop,24682.29,27579.4
2024-08-28,17,PT1H,MC-MagdalenaEcop,24697.42,28931.2
2024-08-28,16,PT1H,MC-MagdalenaEcop,25564.09,30554.7
2024-08-28,15,PT1H,MC-MagdalenaEcop,25936.33,28381.8
2024-08-28,24,PT1H,MC-MagdalenaEcop,26963.13,26860.6
2024-08-28,13,PT1H,MC-MagdalenaEcop,26132.4,11167.1
2024-08-28,12,PT1H,MC-MagdalenaEcop,26371.41,10887.6
2024-08-28,11,PT1H,MC-MagdalenaEcop,25618.07,9883.8
2024-08-28,10,PT1H,MC-MagdalenaEcop,25471.73,6517.6
2024-08-28,9,PT1H,MC-MagdalenaEcop,22281.07,5975.7
2024-08-28,8,PT1H,MC-MagdalenaEcop,17689.54,10804.3
2024-08-28,7,PT1H,MC-MagdalenaEcop,12671.36,27440.7
2024-08-28,6,PT1H,MC-MagdalenaEcop,15591.51,27128.2
2024-08-28,5,PT1H,MC-MagdalenaEcop,22461.43,25077.1
2024-08-28,4,PT1H,MC-MagdalenaEcop,25105.08,25020.2
2024-08-28,1,PT1H,MC-MagdalenaEcop,26081.43,29366.0
2024-08-28,22,PT1H,MC-MagdalenaEcop,27802.06,24537.6
2024-08-28,23,PT1H,MC-MagdalenaEcop,27056.46,26523.8
2024-08-29,5,PT1H,MC-MagdalenaEcop,28483.29,22928.9
2024-08-29,1,PT1H,MC-MagdalenaEcop,26593.56,25284.2
2024-08-29,3,PT1H,MC-MagdalenaEcop,33868.66,25318.3
2024-08-29,4,PT1H,MC-MagdalenaEcop,29364.61,24660.8
2024-08-29,15,PT1H,MC-MagdalenaEcop,35558.44,27512.5
2024-08-29,2,PT1H,MC-MagdalenaEcop,33837.36,25495.5
2024-08-29,22,PT1H,MC-MagdalenaEcop,27637.9,20794.8
2024-08-29,21,PT1H,MC-MagdalenaEcop,35117.36,19976.7
2024-08-29,20,PT1H,MC-MagdalenaEcop,37805.72,20044.5
2024-08-29,19,PT1H,MC-MagdalenaEcop,37556.25,18892.8
2024-08-29,18,PT1H,MC-MagdalenaEcop,34874.56,17111.2
2024-08-29,17,PT1H,MC-MagdalenaEcop,31211.04,18670.3
2024-08-29,16,PT1H,MC-MagdalenaEcop,32749.86,20940.0
2024-08-29,23,PT1H,MC-MagdalenaEcop,25000.74,19121.2
2024-08-29,24,PT1H,MC-MagdalenaEcop,21877.21,19873.8
2024-08-29,13,PT1H,MC-MagdalenaEcop,37336.16,27888.1
2024-08-29,12,PT1H,MC-MagdalenaEcop,37361.97,27108.3
2024-08-29,11,PT1H,MC-MagdalenaEcop,37197.84,20633.8
2024-08-29,10,PT1H,MC-MagdalenaEcop,36379.51,21536.6
2024-08-29,9,PT1H,MC-MagdalenaEcop,32256.54,22646.7
2024-08-29,8,PT1H,MC-MagdalenaEcop,29847.65,22980.8
2024-08-29,7,PT1H,MC-MagdalenaEcop,28954.15,23309.3
2024-08-29,6,PT1H,MC-MagdalenaEcop,28314.01,25221.4
2024-08-29,14,PT1H,MC-MagdalenaEcop,35561.87,27259.7
2024-08-30,7,PT1H,MC-MagdalenaEcop,33099.44,23273.1
2024-08-30,4,PT1H,MC-MagdalenaEcop,32909.89,22260.2
2024-08-30,3,PT1H,MC-MagdalenaEcop,32357.8,18720.7
2024-08-30,8,PT1H,MC-MagdalenaEcop,35618.42,19986.9
2024-08-30,9,PT1H,MC-MagdalenaEcop,37828.39,9576.2
2024-08-30,10,PT1H,MC-MagdalenaEcop,37582.82,11845.2
2024-08-30,11,PT1H,MC-MagdalenaEcop,34463.72,12234.8
2024-08-30,12,PT1H,MC-MagdalenaEcop,31078.02,16319.0
2024-08-30,13,PT1H,MC-MagdalenaEcop,29701.72,25855.2
2024-08-30,14,PT1H,MC-MagdalenaEcop,28511.45,25790.6
2024-08-30,5,PT1H,MC-MagdalenaEcop,32768.92,22825.4
2024-08-30,6,PT1H,MC-MagdalenaEcop,31889.71,21300.9
2024-08-30,16,PT1H,MC-MagdalenaEcop,27811.88,25976.4
2024-08-30,18,PT1H,MC-MagdalenaEcop,27430.09,28967.0
2024-08-30,19,PT1H,MC-MagdalenaEcop,27028.97,29244.3
2024-08-30,20,PT1H,MC-MagdalenaEcop,26296.79,27806.0
2024-08-30,21,PT1H,MC-MagdalenaEcop,25971.06,27626.0
2024-08-30,22,PT1H,MC-MagdalenaEcop,25946.02,29087.5
2024-08-30,23,PT1H,MC-MagdalenaEcop,25146.4,25879.9
2024-08-30,24,PT1H,MC-MagdalenaEcop,24772.29,27273.6
2024-08-30,2,PT1H,MC-MagdalenaEcop,31432.21,19181.3
2024-08-30,17,PT1H,MC-MagdalenaEcop,24631.93,30682.0
2024-08-30,1,PT1H,MC-MagdalenaEcop,24927.76,18917.2
2024-08-30,15,PT1H,MC-MagdalenaEcop,28199.39,24580.5
2024-08-31,23,PT1H,MC-MagdalenaEcop,25569.13,22144.4
2024-08-31,24,PT1H,MC-MagdalenaEcop,24655.94,21659.2
2024-08-31,21,PT1H,MC-MagdalenaEcop,35013.15,21769.2
2024-08-31,20,PT1H,MC-MagdalenaEcop,37632.31,20611.9
2024-08-31,19,PT1H,MC-MagdalenaEcop,37790.06,20103.1
2024-08-31,18,PT1H,MC-MagdalenaEcop,37057.44,23434.6
2024-08-31,17,PT1H,MC-MagdalenaEcop,36241.24,23197.1
2024-08-31,16,PT1H,MC-MagdalenaEcop,33206.28,21694.3
2024-08-31,15,PT1H,MC-MagdalenaEcop,34733.55,21052.9
2024-08-31,14,PT1H,MC-MagdalenaEcop,33608.11,21623.6
2024-08-31,13,PT1H,MC-MagdalenaEcop,36570.46,24657.8
2024-08-31,12,PT1H,MC-MagdalenaEcop,37519.69,25245.1
2024-08-31,11,PT1H,MC-MagdalenaEcop,36779.43,25014.0
2024-08-31,10,PT1H,MC-MagdalenaEcop,36247.41,21247.6
2024-08-31,9,PT1H,MC-MagdalenaEcop,34739.61,22364.5
2024-08-31,8,PT1H,MC-MagdalenaEcop,35347.33,22033.6
2024-08-31,7,PT1H,MC-MagdalenaEcop,34815.71,22598.9
2024-08-31,6,PT1H,MC-MagdalenaEcop,26348.27,23842.0
2024-08-31,5,PT1H,MC-MagdalenaEcop,23563.69,20807.9
2024-08-31,4,PT1H,MC-MagdalenaEcop,22859.54,19532.8
2024-08-31,3,PT1H,MC-MagdalenaEcop,23697.06,19214.7
2024-08-31,2,PT1H,MC-MagdalenaEcop,24372.9,22830.7
2024-08-31,1,PT1H,MC-MagdalenaEcop,24519.96,24416.3
2024-08-31,22,PT1H,MC-MagdalenaEcop,32839.98,21113.9
2024-09-01,2,PT1H,MC-MagdalenaEcop,25283.15,22378.5
2024-09-01,4,PT1H,MC-MagdalenaEcop,31744.41,24791.7
2024-09-01,22,PT1H,MC-MagdalenaEcop,35561.7,15686.1
2024-09-01,21,PT1H,MC-MagdalenaEcop,36365.51,20032.6
2024-09-01,20,PT1H,MC-MagdalenaEcop,36686.08,22945.6
2024-09-01,19,PT1H,MC-MagdalenaEcop,36453.9,26236.8
2024-09-01,18,PT1H,MC-MagdalenaEcop,35689.36,27143.5
2024-09-01,17,PT1H,MC-MagdalenaEcop,35785.44,26629.3
2024-09-01,16,PT1H,MC-MagdalenaEcop,37893.27,26259.5
2024-09-01,15,PT1H,MC-MagdalenaEcop,38358.24,24814.1
2024-09-01,3,PT1H,MC-MagdalenaEcop,27985.67,19895.1
2024-09-01,14,PT1H,MC-MagdalenaEcop,36452.25,25238.5
2024-09-01,12,PT1H,MC-MagdalenaEcop,33947.88,21471.3
2024-09-01,11,PT1H,MC-MagdalenaEcop,34026.43,19333.3
2024-09-01,10,PT1H,MC-MagdalenaEcop,33140.19,15228.9
2024-09-01,9,PT1H,MC-MagdalenaEcop,32989.5,14117.6
2024-09-01,8,PT1H,MC-MagdalenaEcop,33192.2,16711.0
2024-09-01,7,PT1H,MC-MagdalenaEcop,32798.25,26152.9
2024-09-01,6,PT1H,MC-MagdalenaEcop,34781.15,28854.8
2024-09-01,5,PT1H,MC-MagdalenaEcop,32310.8,26208.5
2024-09-01,13,PT1H,MC-MagdalenaEcop,33469.94,25398.2
2024-09-01,23,PT1H,MC-MagdalenaEcop,34925.4,16487.9
2024-09-01,24,PT1H,MC-MagdalenaEcop,36295.0,16935.8
2024-09-01,1,PT1H,MC-MagdalenaEcop,24635.1,24258.4
2024-09-02,1,PT1H,MC-MagdalenaEcop,35966.89,17176.6
2024-09-02,5,PT1H,MC-MagdalenaEcop,31592.8,20826.7
2024-09-02,6,PT1H,MC-MagdalenaEcop,32386.05,23944.1
2024-09-02,7,PT1H,MC-MagdalenaEcop,33711.0,23912.2
2024-09-02,8,PT1H,MC-MagdalenaEcop,34307.54,24298.4
2024-09-02,9,PT1H,MC-MagdalenaEcop,35193.92,23320.0
2024-09-02,10,PT1H,MC-MagdalenaEcop,36178.33,26101.7
2024-09-02,11,PT1H,MC-MagdalenaEcop,36618.52,24611.0
2024-09-02,12,PT1H,MC-MagdalenaEcop,36687.91,24513.7
2024-09-02,4,PT1H,MC-MagdalenaEcop,31701.55,20660.2
2024-09-02,24,PT1H,MC-MagdalenaEcop,36525.31,23637.5
2024-09-02,15,PT1H,MC-MagdalenaEcop,37767.76,26265.2
2024-09-02,16,PT1H,MC-MagdalenaEcop,36914.88,26505.3
2024-09-02,17,PT1H,MC-MagdalenaEcop,35995.27,26156.6
2024-09-02,18,PT1H,MC-MagdalenaEcop,36029.18,22710.7
2024-09-02,19,PT1H,MC-MagdalenaEcop,36511.68,24298.6
2024-09-02,20,PT1H,MC-MagdalenaEcop,37142.89,24216.2
2024-09-02,21,PT1H,MC-MagdalenaEcop,37113.23,24532.7
2024-09-02,22,PT1H,MC-MagdalenaEcop,36282.96,25578.1
2024-09-02,23,PT1H,MC-MagdalenaEcop,36859.38,23942.6
2024-09-02,14,PT1H,MC-MagdalenaEcop,36612.11,26731.5
2024-09-02,13,PT1H,MC-MagdalenaEcop,36379.88,27054.6
2024-09-02,3,PT1H,MC-MagdalenaEcop,31095.27,21055.0
2024-09-02,2,PT1H,MC-MagdalenaEcop,34030.63,21302.2
2024-09-03,21,PT1H,MC-MagdalenaEcop,36402.52,24532.7
2024-09-03,24,PT1H,MC-MagdalenaEcop,39556.43,22933.9
2024-09-03,1,PT1H,MC-MagdalenaEcop,36337.39,21506.6
2024-09-03,2,PT1H,MC-MagdalenaEcop,36436.16,22142.4
2024-09-03,3,PT1H,MC-MagdalenaEcop,38290.87,22918.7
2024-09-03,4,PT1H,MC-MagdalenaEcop,37715.45,22966.8
2024-09-03,5,PT1H,MC-MagdalenaEcop,37016.78,24137.6
2024-09-03,6,PT1H,MC-MagdalenaEcop,37927.37,24730.6
2024-09-03,7,PT1H,MC-MagdalenaEcop,37488.6,24016.1
2024-09-03,8,PT1H,MC-MagdalenaEcop,38213.75,24337.2
2024-09-03,10,PT1H,MC-MagdalenaEcop,39564.2,23498.8
2024-09-03,11,PT1H,MC-MagdalenaEcop,39834.03,25175.6
2024-09-03,12,PT1H,MC-MagdalenaEcop,40665.17,25450.4
2024-09-03,13,PT1H,MC-MagdalenaEcop,39004.37,25503.2
2024-09-03,14,PT1H,MC-MagdalenaEcop,38212.7,25552.6
2024-09-03,15,PT1H,MC-MagdalenaEcop,38646.49,25757.9
2024-09-03,16,PT1H,MC-MagdalenaEcop,37442.34,24931.8
2024-09-03,17,PT1H,MC-MagdalenaEcop,35947.74,23703.8
2024-09-03,18,PT1H,MC-MagdalenaEcop,35833.8,23858.6
2024-09-03,19,PT1H,MC-MagdalenaEcop,36271.32,24298.6
2024-09-03,20,PT1H,MC-MagdalenaEcop,35979.55,24216.2
2024-09-03,22,PT1H,MC-MagdalenaEcop,37501.83,23758.2
2024-09-03,9,PT1H,MC-MagdalenaEcop,39521.78,24375.9
2024-09-03,23,PT1H,MC-MagdalenaEcop,38585.56,22906.0
2024-09-04,22,PT1H,MC-MagdalenaEcop,34662.46,22505.7
2024-09-04,23,PT1H,MC-MagdalenaEcop,32694.9,22952.2
2024-09-04,20,PT1H,MC-MagdalenaEcop,36862.24,22009.8
2024-09-04,19,PT1H,MC-MagdalenaEcop,39294.79,21657.9
2024-09-04,18,PT1H,MC-MagdalenaEcop,40976.01,20924.4
2024-09-04,17,PT1H,MC-MagdalenaEcop,40274.2,20396.3
2024-09-04,16,PT1H,MC-MagdalenaEcop,39557.51,20963.2
2024-09-04,15,PT1H,MC-MagdalenaEcop,38611.78,21590.2
2024-09-04,14,PT1H,MC-MagdalenaEcop,39018.87,21481.0
2024-09-04,13,PT1H,MC-MagdalenaEcop,38302.47,20952.4
2024-09-04,12,PT1H,MC-MagdalenaEcop,37832.81,21775.8
2024-09-04,11,PT1H,MC-MagdalenaEcop,38489.64,24075.9
2024-09-04,21,PT1H,MC-MagdalenaEcop,35782.91,22048.1
2024-09-04,9,PT1H,MC-MagdalenaEcop,38770.19,25066.5
2024-09-04,10,PT1H,MC-MagdalenaEcop,40668.34,25138.3
2024-09-04,1,PT1H,MC-MagdalenaEcop,39358.85,28469.6
2024-09-04,2,PT1H,MC-MagdalenaEcop,39330.06,26290.0
2024-09-04,3,PT1H,MC-MagdalenaEcop,35431.04,28403.8
2024-09-04,4,PT1H,MC-MagdalenaEcop,36505.01,28663.8
2024-09-04,24,PT1H,MC-MagdalenaEcop,34581.25,20805.2
2024-09-04,6,PT1H,MC-MagdalenaEcop,39002.38,27896.3
2024-09-04,7,PT1H,MC-MagdalenaEcop,38370.37,27137.8
2024-09-04,8,PT1H,MC-MagdalenaEcop,38551.2,25992.1
2024-09-04,5,PT1H,MC-MagdalenaEcop,38630.47,29013.7
2024-09-05,4,PT1H,MC-MagdalenaEcop,39349.58,21059.9
2024-09-05,11,PT1H,MC-MagdalenaEcop,33418.82,23938.1
2024-09-05,5,PT1H,MC-MagdalenaEcop,39475.78,23834.5
2024-09-05,6,PT1H,MC-MagdalenaEcop,38737.64,26264.9
2024-09-05,7,PT1H,MC-MagdalenaEcop,38389.26,28101.3
2024-09-05,8,PT1H,MC-MagdalenaEcop,38005.98,28521.1
2024-09-05,9,PT1H,MC-MagdalenaEcop,38340.92,24136.4
2024-09-05,10,PT1H,MC-MagdalenaEcop,37328.38,22847.2
2024-09-05,12,PT1H,MC-MagdalenaEcop,27783.0,24080.7
2024-09-05,18,PT1H,MC-MagdalenaEcop,24574.24,22344.3
2024-09-05,14,PT1H,MC-MagdalenaEcop,21004.28,26510.6
2024-09-05,16,PT1H,MC-MagdalenaEcop,24604.82,27341.2
2024-09-05,17,PT1H,MC-MagdalenaEcop,24541.73,22567.4
2024-09-05,3,PT1H,MC-MagdalenaEcop,36937.17,19534.4
2024-09-05,19,PT1H,MC-MagdalenaEcop,23703.5,23525.8
2024-09-05,20,PT1H,MC-MagdalenaEcop,24835.85,22462.6
2024-09-05,21,PT1H,MC-MagdalenaEcop,26523.0,25093.2
2024-09-05,22,PT1H,MC-MagdalenaEcop,26515.8,25560.2
2024-09-05,23,PT1H,MC-MagdalenaEcop,25472.4,24428.8
2024-09-05,24,PT1H,MC-MagdalenaEcop,24734.93,22744.9
2024-09-05,13,PT1H,MC-MagdalenaEcop,21840.57,24628.0
2024-09-05,2,PT1H,MC-MagdalenaEcop,35975.5,19923.7
2024-09-05,15,PT1H,MC-MagdalenaEcop,21986.12,27500.2
2024-09-05,1,PT1H,MC-MagdalenaEcop,35713.8,20260.9
2024-09-06,21,PT1H,MC-MagdalenaEcop,23815.34,23414.4
2024-09-06,23,PT1H,MC-MagdalenaEcop,21861.34,22784.9
2024-09-06,22,PT1H,MC-MagdalenaEcop,22405.62,23166.5
2024-09-06,24,PT1H,MC-MagdalenaEcop,22111.11,22441.2
2024-09-06,2,PT1H,MC-MagdalenaEcop,24928.52,20797.7
2024-09-06,3,PT1H,MC-MagdalenaEcop,24233.45,20991.6
2024-09-06,4,PT1H,MC-MagdalenaEcop,24295.31,21711.1
2024-09-06,5,PT1H,MC-MagdalenaEcop,24474.03,22797.4
2024-09-06,6,PT1H,MC-MagdalenaEcop,24734.65,22936.2
2024-09-06,7,PT1H,MC-MagdalenaEcop,26001.13,21470.5
2024-09-06,8,PT1H,MC-MagdalenaEcop,26570.74,21885.8
2024-09-06,9,PT1H,MC-MagdalenaEcop,26910.29,22000.3
2024-09-06,1,PT1H,MC-MagdalenaEcop,25768.87,20907.1
2024-09-06,11,PT1H,MC-MagdalenaEcop,26903.99,24498.3
2024-09-06,12,PT1H,MC-MagdalenaEcop,23449.3,27208.8
2024-09-06,13,PT1H,MC-MagdalenaEcop,25472.61,28083.5
2024-09-06,14,PT1H,MC-MagdalenaEcop,26760.93,26626.3
2024-09-06,15,PT1H,MC-MagdalenaEcop,27161.92,26432.0
2024-09-06,16,PT1H,MC-MagdalenaEcop,24360.89,26951.8
2024-09-06,17,PT1H,MC-MagdalenaEcop,23700.19,26913.4
2024-09-06,18,PT1H,MC-MagdalenaEcop,23656.93,27001.5
2024-09-06,20,PT1H,MC-MagdalenaEcop,24531.4,26126.5
2024-09-06,10,PT1H,MC-MagdalenaEcop,27228.58,22309.8
2024-09-06,19,PT1H,MC-MagdalenaEcop,24446.41,26753.3
2024-09-07,23,PT1H,MC-MagdalenaEcop,24530.85,22680.2
2024-09-07,24,PT1H,MC-MagdalenaEcop,24548.45,22806.6
2024-09-07,22,PT1H,MC-MagdalenaEcop,24522.01,22173.5
2024-09-07,19,PT1H,MC-MagdalenaEcop,23270.37,23898.2
2024-09-07,18,PT1H,MC-MagdalenaEcop,26544.84,24286.8
2024-09-07,17,PT1H,MC-MagdalenaEcop,25222.69,24994.2
2024-09-07,16,PT1H,MC-MagdalenaEcop,22929.12,26419.6
2024-09-07,15,PT1H,MC-MagdalenaEcop,20944.4,26954.8
2024-09-07,14,PT1H,MC-MagdalenaEcop,23298.9,26882.7
2024-09-07,13,PT1H,MC-MagdalenaEcop,28923.23,26254.0
2024-09-07,12,PT1H,MC-MagdalenaEcop,28818.23,25202.5
2024-09-07,11,PT1H,MC-MagdalenaEcop,27266.77,23611.3
2024-09-07,10,PT1H,MC-MagdalenaEcop,26823.44,22566.8
2024-09-07,9,PT1H,MC-MagdalenaEcop,28294.95,22454.6
2024-09-07,8,PT1H,MC-MagdalenaEcop,28509.83,23584.0
2024-09-07,7,PT1H,MC-MagdalenaEcop,28587.47,23658.7
2024-09-07,6,PT1H,MC-MagdalenaEcop,29702.9,25293.7
2024-09-07,5,PT1H,MC-MagdalenaEcop,30280.2,24626.0
2024-09-07,4,PT1H,MC-MagdalenaEcop,30209.15,23813.0
2024-09-07,3,PT1H,MC-MagdalenaEcop,26173.46,23786.4
2024-09-07,2,PT1H,MC-MagdalenaEcop,27428.7,23015.8
2024-09-07,1,PT1H,MC-MagdalenaEcop,24988.44,21464.9
2024-09-07,20,PT1H,MC-MagdalenaEcop,22557.39,23516.0
2024-09-07,21,PT1H,MC-MagdalenaEcop,24676.54,23265.7
2024-09-08,19,PT1H,MC-MagdalenaEcop,26088.26,27310.1
2024-09-08,24,PT1H,MC-MagdalenaEcop,24427.61,12360.1
2024-09-08,18,PT1H,MC-MagdalenaEcop,30400.27,26079.1
2024-09-08,17,PT1H,MC-MagdalenaEcop,29296.82,24670.8
2024-09-08,16,PT1H,MC-MagdalenaEcop,29203.01,25121.8
2024-09-08,21,PT1H,MC-MagdalenaEcop,24326.82,21397.3
2024-09-08,14,PT1H,MC-MagdalenaEcop,29465.39,24512.8
2024-09-08,13,PT1H,MC-MagdalenaEcop,29117.79,24666.2
2024-09-08,12,PT1H,MC-MagdalenaEcop,28895.36,25289.4
2024-09-08,11,PT1H,MC-MagdalenaEcop,28728.95,14566.6
2024-09-08,10,PT1H,MC-MagdalenaEcop,27812.35,28817.8
2024-09-08,20,PT1H,MC-MagdalenaEcop,24012.2,27049.8
2024-09-08,9,PT1H,MC-MagdalenaEcop,26598.13,28357.3
2024-09-08,7,PT1H,MC-MagdalenaEcop,25105.25,33427.8
2024-09-08,6,PT1H,MC-MagdalenaEcop,22389.43,33924.3
2024-09-08,5,PT1H,MC-MagdalenaEcop,24024.8,33411.4
2024-09-08,4,PT1H,MC-MagdalenaEcop,24254.37,34701.8
2024-09-08,3,PT1H,MC-MagdalenaEcop,24313.5,20878.4
2024-09-08,2,PT1H,MC-MagdalenaEcop,24332.5,17105.9
2024-09-08,1,PT1H,MC-MagdalenaEcop,24525.56,17612.0
2024-09-08,22,PT1H,MC-MagdalenaEcop,25293.38,11262.4
2024-09-08,23,PT1H,MC-MagdalenaEcop,24071.21,12171.1
2024-09-08,8,PT1H,MC-MagdalenaEcop,26262.6,27172.3
2024-09-08,15,PT1H,MC-MagdalenaEcop,29599.6,25343.6
2024-09-09,1,PT1H,MC-MagdalenaEcop,24440.07,37729.3
2024-09-09,10,PT1H,MC-MagdalenaEcop,29828.77,37951.0
2024-09-09,2,PT1H,MC-MagdalenaEcop,25211.57,35698.7
2024-09-09,3,PT1H,MC-MagdalenaEcop,25449.01,32620.3
2024-09-09,4,PT1H,MC-MagdalenaEcop,28680.57,33256.1
2024-09-09,5,PT1H,MC-MagdalenaEcop,29749.33,33142.1
2024-09-09,6,PT1H,MC-MagdalenaEcop,29622.11,33974.0
2024-09-09,7,PT1H,MC-MagdalenaEcop,28890.35,35363.5
2024-09-09,8,PT1H,MC-MagdalenaEcop,28800.8,35989.1
2024-09-09,9,PT1H,MC-MagdalenaEcop,29166.95,36918.7
2024-09-09,11,PT1H,MC-MagdalenaEcop,25392.31,38412.7
2024-09-09,12,PT1H,MC-MagdalenaEcop,27031.27,38485.4
2024-09-09,13,PT1H,MC-MagdalenaEcop,29189.22,38162.4
2024-09-09,14,PT1H,MC-MagdalenaEcop,30578.44,38406.0
2024-09-09,16,PT1H,MC-MagdalenaEcop,25522.77,38723.5
2024-09-09,17,PT1H,MC-MagdalenaEcop,18161.22,37759.1
2024-09-09,18,PT1H,MC-MagdalenaEcop,19684.4,37794.6
2024-09-09,19,PT1H,MC-MagdalenaEcop,19661.89,38290.6
2024-09-09,20,PT1H,MC-MagdalenaEcop,22324.05,38952.6
2024-09-09,21,PT1H,MC-MagdalenaEcop,22468.46,38921.5
2024-09-09,22,PT1H,MC-MagdalenaEcop,21822.4,38060.8
2024-09-09,23,PT1H,MC-MagdalenaEcop,20631.22,38665.3
2024-09-09,24,PT1H,MC-MagdalenaEcop,16709.13,38314.9
2024-09-09,15,PT1H,MC-MagdalenaEcop,26924.78,39617.9
2024-09-10,15,PT1H,MC-MagdalenaEcop,29111.51,36575.6
2024-09-10,14,PT1H,MC-MagdalenaEcop,28172.82,36496.4
2024-09-10,13,PT1H,MC-MagdalenaEcop,30331.82,34089.3
2024-09-10,12,PT1H,MC-MagdalenaEcop,38505.35,39564.0
2024-09-10,16,PT1H,MC-MagdalenaEcop,31031.77,37233.6
2024-09-10,21,PT1H,MC-MagdalenaEcop,35140.2,36961.2
2024-09-10,18,PT1H,MC-MagdalenaEcop,31458.78,37861.1
2024-09-10,19,PT1H,MC-MagdalenaEcop,30794.46,38499.4
2024-09-10,20,PT1H,MC-MagdalenaEcop,29999.75,37647.4
2024-09-10,11,PT1H,MC-MagdalenaEcop,38274.52,40060.6
2024-09-10,23,PT1H,MC-MagdalenaEcop,37940.05,34855.3
2024-09-10,17,PT1H,MC-MagdalenaEcop,32963.49,34725.7
2024-09-10,10,PT1H,MC-MagdalenaEcop,38735.85,39101.7
2024-09-10,22,PT1H,MC-MagdalenaEcop,36664.79,33092.1
2024-09-10,8,PT1H,MC-MagdalenaEcop,28729.6,38155.8
2024-09-10,24,PT1H,MC-MagdalenaEcop,37996.13,36902.8
2024-09-10,1,PT1H,MC-MagdalenaEcop,23084.23,37023.0
2024-09-10,2,PT1H,MC-MagdalenaEcop,27497.03,37492.7
2024-09-10,3,PT1H,MC-MagdalenaEcop,26999.73,37615.8
2024-09-10,9,PT1H,MC-MagdalenaEcop,32918.03,37375.8
2024-09-10,5,PT1H,MC-MagdalenaEcop,28386.95,37924.7
2024-09-10,7,PT1H,MC-MagdalenaEcop,27426.92,37466.3
2024-09-10,4,PT1H,MC-MagdalenaEcop,29159.6,37472.0
2024-09-10,6,PT1H,MC-MagdalenaEcop,28140.15,38017.7
2024-09-11,23,PT1H,MC-MagdalenaEcop,33615.74,41511.2
2024-09-11,1,PT1H,MC-MagdalenaEcop,35653.74,40015.6
2024-09-11,2,PT1H,MC-MagdalenaEcop,35505.64,38968.9
2024-09-11,3,PT1H,MC-MagdalenaEcop,36206.77,38765.8
2024-09-11,4,PT1H,MC-MagdalenaEcop,37078.1,38518.0
2024-09-11,5,PT1H,MC-MagdalenaEcop,36418.09,34463.0
2024-09-11,24,PT1H,MC-MagdalenaEcop,32486.79,41368.1
2024-09-11,7,PT1H,MC-MagdalenaEcop,33935.66,19446.3
2024-09-11,9,PT1H,MC-MagdalenaEcop,30199.89,34186.4
2024-09-11,10,PT1H,MC-MagdalenaEcop,30911.02,39080.4
2024-09-11,11,PT1H,MC-MagdalenaEcop,30916.15,39304.9
2024-09-11,6,PT1H,MC-MagdalenaEcop,36384.07,23925.4
2024-09-11,13,PT1H,MC-MagdalenaEcop,37042.42,40093.8
2024-09-11,22,PT1H,MC-MagdalenaEcop,36322.86,42654.9
2024-09-11,12,PT1H,MC-MagdalenaEcop,32926.35,40460.4
2024-09-11,21,PT1H,MC-MagdalenaEcop,36717.36,41044.6
2024-09-11,20,PT1H,MC-MagdalenaEcop,37056.08,37996.5
2024-09-11,19,PT1H,MC-MagdalenaEcop,38127.41,35999.0
2024-09-11,8,PT1H,MC-MagdalenaEcop,31362.42,27143.5
2024-09-11,17,PT1H,MC-MagdalenaEcop,38381.17,37892.7
2024-09-11,16,PT1H,MC-MagdalenaEcop,38439.73,39222.1
2024-09-11,15,PT1H,MC-MagdalenaEcop,38489.39,39793.1
2024-09-11,14,PT1H,MC-MagdalenaEcop,36405.74,41485.8
2024-09-11,18,PT1H,MC-MagdalenaEcop,37595.01,37869.5
2024-09-12,15,PT1H,MC-MagdalenaEcop,40356.63,40950.0
2024-09-12,23,PT1H,MC-MagdalenaEcop,33110.77,28794.5
2024-09-12,22,PT1H,MC-MagdalenaEcop,37059.67,31830.8
2024-09-12,21,PT1H,MC-MagdalenaEcop,37582.77,40432.2
2024-09-12,20,PT1H,MC-MagdalenaEcop,38223.64,43527.4
2024-09-12,19,PT1H,MC-MagdalenaEcop,38182.5,43240.2
2024-09-12,18,PT1H,MC-MagdalenaEcop,37981.02,40162.6
2024-09-12,17,PT1H,MC-MagdalenaEcop,38893.51,35944.7
2024-09-12,16,PT1H,MC-MagdalenaEcop,39595.68,37716.4
2024-09-12,24,PT1H,MC-MagdalenaEcop,37732.83,25198.2
2024-09-12,13,PT1H,MC-MagdalenaEcop,38718.29,42996.8
2024-09-12,12,PT1H,MC-MagdalenaEcop,39046.71,43026.5
2024-09-12,1,PT1H,MC-MagdalenaEcop,32687.91,30628.3
2024-09-12,14,PT1H,MC-MagdalenaEcop,39668.91,40954.0
2024-09-12,2,PT1H,MC-MagdalenaEcop,33134.05,38968.5
2024-09-12,3,PT1H,MC-MagdalenaEcop,32527.91,39004.5
2024-09-12,4,PT1H,MC-MagdalenaEcop,31977.5,33818.8
2024-09-12,10,PT1H,MC-MagdalenaEcop,38681.04,41895.4
2024-09-12,6,PT1H,MC-MagdalenaEcop,33096.57,32609.2
2024-09-12,7,PT1H,MC-MagdalenaEcop,32920.28,33346.2
2024-09-12,8,PT1H,MC-MagdalenaEcop,36213.28,34374.9
2024-09-12,11,PT1H,MC-MagdalenaEcop,39197.6,42837.5
2024-09-12,9,PT1H,MC-MagdalenaEcop,36260.58,37148.4
2024-09-12,5,PT1H,MC-MagdalenaEcop,32095.76,32804.1
2024-09-13,24,PT1H,MC-MagdalenaEcop,38358.01,30776.6
2024-09-13,23,PT1H,MC-MagdalenaEcop,36457.75,31241.2
2024-09-13,22,PT1H,MC-MagdalenaEcop,39202.79,32234.3
2024-09-13,21,PT1H,MC-MagdalenaEcop,39430.1,32255.4
2024-09-13,20,PT1H,MC-MagdalenaEcop,38734.56,32660.0
2024-09-13,19,PT1H,MC-MagdalenaEcop,38044.92,33569.3
2024-09-13,18,PT1H,MC-MagdalenaEcop,39424.28,34077.5
2024-09-13,17,PT1H,MC-MagdalenaEcop,39173.69,30602.3
2024-09-13,16,PT1H,MC-MagdalenaEcop,32463.71,34551.7
2024-09-13,15,PT1H,MC-MagdalenaEcop,30799.16,35033.0
2024-09-13,12,PT1H,MC-MagdalenaEcop,35119.42,38608.2
2024-09-13,13,PT1H,MC-MagdalenaEcop,34615.34,36898.8
2024-09-13,11,PT1H,MC-MagdalenaEcop,36527.49,42813.1
2024-09-13,10,PT1H,MC-MagdalenaEcop,34131.58,46687.0
2024-09-13,8,PT1H,MC-MagdalenaEcop,25038.49,44247.2
2024-09-13,7,PT1H,MC-MagdalenaEcop,23490.94,41118.7
2024-09-13,6,PT1H,MC-MagdalenaEcop,19646.01,39616.3
2024-09-13,5,PT1H,MC-MagdalenaEcop,17909.74,40708.2
2024-09-13,4,PT1H,MC-MagdalenaEcop,26872.12,40883.3
2024-09-13,3,PT1H,MC-MagdalenaEcop,30283.26,40197.6
2024-09-13,2,PT1H,MC-MagdalenaEcop,34524.34,39048.0
2024-09-13,1,PT1H,MC-MagdalenaEcop,35276.69,30969.7
2024-09-13,14,PT1H,MC-MagdalenaEcop,34066.89,35420.5
2024-09-13,9,PT1H,MC-MagdalenaEcop,26494.53,46992.0
2024-09-14,12,PT1H,MC-MagdalenaEcop,33209.7,43716.8
2024-09-14,6,PT1H,MC-MagdalenaEcop,36534.59,30703.2
2024-09-14,3,PT1H,MC-MagdalenaEcop,35929.87,27614.8
2024-09-14,4,PT1H,MC-MagdalenaEcop,35368.9,26639.2
2024-09-14,7,PT1H,MC-MagdalenaEcop,32181.12,40567.0
2024-09-14,8,PT1H,MC-MagdalenaEcop,33067.82,41186.3
2024-09-14,9,PT1H,MC-MagdalenaEcop,32620.24,40478.3
2024-09-14,10,PT1H,MC-MagdalenaEcop,32379.42,42234.8
2024-09-14,11,PT1H,MC-MagdalenaEcop,32874.62,42854.5
2024-09-14,13,PT1H,MC-MagdalenaEcop,33533.17,42611.1
2024-09-14,14,PT1H,MC-MagdalenaEcop,35836.86,39160.2
2024-09-14,15,PT1H,MC-MagdalenaEcop,38088.55,40471.3
2024-09-14,5,PT1H,MC-MagdalenaEcop,36427.4,27459.4
2024-09-14,17,PT1H,MC-MagdalenaEcop,38834.07,42227.6
2024-09-14,1,PT1H,MC-MagdalenaEcop,37233.03,28573.4
2024-09-14,16,PT1H,MC-MagdalenaEcop,38801.68,38692.1
2024-09-14,24,PT1H,MC-MagdalenaEcop,38464.01,28731.8
2024-09-14,23,PT1H,MC-MagdalenaEcop,38702.72,29795.6
2024-09-14,22,PT1H,MC-MagdalenaEcop,38982.09,38265.4
2024-09-14,2,PT1H,MC-MagdalenaEcop,36925.37,28402.1
2024-09-14,20,PT1H,MC-MagdalenaEcop,39237.75,43838.0
2024-09-14,19,PT1H,MC-MagdalenaEcop,39751.42,44021.8
2024-09-14,18,PT1H,MC-MagdalenaEcop,40095.97,43178.4
2024-09-14,21,PT1H,MC-MagdalenaEcop,39247.8,40787.0
2024-09-15,17,PT1H,MC-MagdalenaEcop,34361.99,39330.5
2024-09-15,23,PT1H,MC-MagdalenaEcop,19690.28,38401.9
2024-09-15,22,PT1H,MC-MagdalenaEcop,20697.21,39080.6
2024-09-15,21,PT1H,MC-MagdalenaEcop,20190.79,39950.4
2024-09-15,20,PT1H,MC-MagdalenaEcop,18773.05,40312.8
2024-09-15,19,PT1H,MC-MagdalenaEcop,20546.32,40072.9
2024-09-15,18,PT1H,MC-MagdalenaEcop,33041.08,39218.6
2024-09-15,16,PT1H,MC-MagdalenaEcop,35815.27,41632.1
2024-09-15,11,PT1H,MC-MagdalenaEcop,37240.17,37392.9
2024-09-15,14,PT1H,MC-MagdalenaEcop,34958.1,40077.1
2024-09-15,13,PT1H,MC-MagdalenaEcop,35283.68,36801.1
2024-09-15,12,PT1H,MC-MagdalenaEcop,37273.3,37323.1
2024-09-15,10,PT1H,MC-MagdalenaEcop,37200.24,36431.7
2024-09-15,9,PT1H,MC-MagdalenaEcop,37230.49,36250.8
2024-09-15,8,PT1H,MC-MagdalenaEcop,36659.68,36499.9
2024-09-15,7,PT1H,MC-MagdalenaEcop,36173.41,36037.2
2024-09-15,6,PT1H,MC-MagdalenaEcop,36852.92,38222.9
2024-09-15,24,PT1H,MC-MagdalenaEcop,19799.12,39883.4
2024-09-15,4,PT1H,MC-MagdalenaEcop,36859.16,34898.6
2024-09-15,15,PT1H,MC-MagdalenaEcop,35469.19,42166.8
2024-09-15,5,PT1H,MC-MagdalenaEcop,36559.06,35535.4
2024-09-15,2,PT1H,MC-MagdalenaEcop,37626.79,27797.7
2024-09-15,1,PT1H,MC-MagdalenaEcop,37801.43,27084.3
2024-09-15,3,PT1H,MC-MagdalenaEcop,37152.45,30807.3
2024-09-16,4,PT1H,MC-MagdalenaEcop,39365.88,35031.0
2024-09-16,2,PT1H,MC-MagdalenaEcop,31154.67,33843.1
2024-09-16,1,PT1H,MC-MagdalenaEcop,21746.58,33751.4
2024-09-16,24,PT1H,MC-MagdalenaEcop,32227.25,36740.5
2024-09-16,23,PT1H,MC-MagdalenaEcop,33821.36,35839.0
2024-09-16,22,PT1H,MC-MagdalenaEcop,37212.21,34832.7
2024-09-16,21,PT1H,MC-MagdalenaEcop,41791.49,33801.9
2024-09-16,20,PT1H,MC-MagdalenaEcop,42025.48,33409.2
2024-09-16,19,PT1H,MC-MagdalenaEcop,42826.32,33680.1
2024-09-16,18,PT1H,MC-MagdalenaEcop,42430.56,33283.8
2024-09-16,17,PT1H,MC-MagdalenaEcop,40713.14,33389.6
2024-09-16,16,PT1H,MC-MagdalenaEcop,40674.07,34777.4
2024-09-16,15,PT1H,MC-MagdalenaEcop,40390.59,35895.6
2024-09-16,14,PT1H,MC-MagdalenaEcop,38771.37,35492.8
2024-09-16,13,PT1H,MC-MagdalenaEcop,37600.18,36227.9
2024-09-16,12,PT1H,MC-MagdalenaEcop,37652.09,37770.0
2024-09-16,11,PT1H,MC-MagdalenaEcop,36825.72,36998.3
2024-09-16,9,PT1H,MC-MagdalenaEcop,38466.37,36708.3
2024-09-16,8,PT1H,MC-MagdalenaEcop,37896.18,35493.7
2024-09-16,7,PT1H,MC-MagdalenaEcop,37612.42,34820.4
2024-09-16,6,PT1H,MC-MagdalenaEcop,37175.36,35227.8
2024-09-16,5,PT1H,MC-MagdalenaEcop,39362.01,34382.3
2024-09-16,3,PT1H,MC-MagdalenaEcop,38017.31,35565.4
2024-09-16,10,PT1H,MC-MagdalenaEcop,38223.49,36747.7
2024-09-17,21,PT1H,MC-MagdalenaEcop,32600.82,33072.0
2024-09-17,23,PT1H,MC-MagdalenaEcop,27197.95,30227.9
2024-09-17,1,PT1H,MC-MagdalenaEcop,32480.53,36387.0
2024-09-17,2,PT1H,MC-MagdalenaEcop,35748.09,36360.4
2024-09-17,3,PT1H,MC-MagdalenaEcop,35807.15,32756.8
2024-09-17,5,PT1H,MC-MagdalenaEcop,34684.34,35713.8
2024-09-17,6,PT1H,MC-MagdalenaEcop,31897.29,36057.6
2024-09-17,7,PT1H,MC-MagdalenaEcop,31180.21,35473.4
2024-09-17,8,PT1H,MC-MagdalenaEcop,31860.0,35640.6
2024-09-17,9,PT1H,MC-MagdalenaEcop,31686.55,35843.0
2024-09-17,10,PT1H,MC-MagdalenaEcop,30164.94,37597.3
2024-09-17,11,PT1H,MC-MagdalenaEcop,30982.16,35583.7
2024-09-17,12,PT1H,MC-MagdalenaEcop,31965.46,34976.6
2024-09-17,13,PT1H,MC-MagdalenaEcop,29765.3,35410.7
2024-09-17,14,PT1H,MC-MagdalenaEcop,29288.68,36072.8
2024-09-17,15,PT1H,MC-MagdalenaEcop,30222.33,35696.6
2024-09-17,16,PT1H,MC-MagdalenaEcop,29737.79,36570.6
2024-09-17,17,PT1H,MC-MagdalenaEcop,29935.85,37233.0
2024-09-17,18,PT1H,MC-MagdalenaEcop,31722.62,37881.7
2024-09-17,19,PT1H,MC-MagdalenaEcop,32781.74,36317.8
2024-09-17,20,PT1H,MC-MagdalenaEcop,32922.76,34069.6
2024-09-17,22,PT1H,MC-MagdalenaEcop,28006.39,32046.4
2024-09-17,24,PT1H,MC-MagdalenaEcop,26380.15,31971.4
2024-09-17,4,PT1H,MC-MagdalenaEcop,34754.65,33749.4
2024-09-18,7,PT1H,MC-MagdalenaEcop,35262.55,44380.6
2024-09-18,9,PT1H,MC-MagdalenaEcop,36481.74,44324.7
2024-09-18,10,PT1H,MC-MagdalenaEcop,36967.12,43154.4
2024-09-18,11,PT1H,MC-MagdalenaEcop,35531.57,38635.7
2024-09-18,12,PT1H,MC-MagdalenaEcop,35298.29,32121.8
2024-09-18,13,PT1H,MC-MagdalenaEcop,36688.9,25253.5
2024-09-18,14,PT1H,MC-MagdalenaEcop,37270.06,24286.9
2024-09-18,15,PT1H,MC-MagdalenaEcop,35574.41,25421.7
2024-09-18,16,PT1H,MC-MagdalenaEcop,35386.17,28448.4
2024-09-18,17,PT1H,MC-MagdalenaEcop,38482.38,28375.5
2024-09-18,18,PT1H,MC-MagdalenaEcop,39387.96,28413.1
2024-09-18,19,PT1H,MC-MagdalenaEcop,40594.06,27396.7
2024-09-18,20,PT1H,MC-MagdalenaEcop,39544.82,28705.4
2024-09-18,21,PT1H,MC-MagdalenaEcop,39074.49,30655.5
2024-09-18,22,PT1H,MC-MagdalenaEcop,38761.41,30657.2
2024-09-18,23,PT1H,MC-MagdalenaEcop,37947.8,29451.2
2024-09-18,24,PT1H,MC-MagdalenaEcop,37368.16,28598.8
2024-09-18,2,PT1H,MC-MagdalenaEcop,25808.05,41590.7
2024-09-18,6,PT1H,MC-MagdalenaEcop,35367.71,44783.2
2024-09-18,5,PT1H,MC-MagdalenaEcop,32553.95,45636.4
2024-09-18,4,PT1H,MC-MagdalenaEcop,30186.49,45490.5
2024-09-18,3,PT1H,MC-MagdalenaEcop,31615.64,42702.2
2024-09-18,1,PT1H,MC-MagdalenaEcop,26451.7,41288.3
2024-09-18,8,PT1H,MC-MagdalenaEcop,36313.08,43937.6
2024-09-19,14,PT1H,MC-MagdalenaEcop,40413.27,37852.7
2024-09-19,2,PT1H,MC-MagdalenaEcop,35196.33,35261.5
2024-09-19,1,PT1H,MC-MagdalenaEcop,34123.38,36449.9
2024-09-19,3,PT1H,MC-MagdalenaEcop,37253.15,34278.6
2024-09-19,4,PT1H,MC-MagdalenaEcop,36816.2,34366.1
2024-09-19,5,PT1H,MC-MagdalenaEcop,37661.24,34618.8
2024-09-19,6,PT1H,MC-MagdalenaEcop,38061.54,34987.4
2024-09-19,7,PT1H,MC-MagdalenaEcop,37842.64,36778.3
2024-09-19,9,PT1H,MC-MagdalenaEcop,40036.66,38064.0
2024-09-19,10,PT1H,MC-MagdalenaEcop,40816.48,38514.1
2024-09-19,11,PT1H,MC-MagdalenaEcop,42078.3,38055.0
2024-09-19,12,PT1H,MC-MagdalenaEcop,40016.78,33169.8
2024-09-19,8,PT1H,MC-MagdalenaEcop,37861.5,37583.8
2024-09-19,15,PT1H,MC-MagdalenaEcop,42394.86,38419.8
2024-09-19,16,PT1H,MC-MagdalenaEcop,41852.95,34458.8
2024-09-19,17,PT1H,MC-MagdalenaEcop,40555.42,33524.5
2024-09-19,18,PT1H,MC-MagdalenaEcop,38098.87,33463.4
2024-09-19,19,PT1H,MC-MagdalenaEcop,38706.56,34569.8
2024-09-19,20,PT1H,MC-MagdalenaEcop,38004.01,34690.0
2024-09-19,21,PT1H,MC-MagdalenaEcop,40680.09,33677.4
2024-09-19,22,PT1H,MC-MagdalenaEcop,39678.8,31693.9
2024-09-19,23,PT1H,MC-MagdalenaEcop,39339.1,30924.2
2024-09-19,13,PT1H,MC-MagdalenaEcop,40492.0,36030.9
2024-09-19,24,PT1H,MC-MagdalenaEcop,37168.62,31277.4
2024-09-20,12,PT1H,MC-MagdalenaEcop,34653.55,38652.5
2024-09-20,11,PT1H,MC-MagdalenaEcop,35196.26,36572.2
2024-09-20,10,PT1H,MC-MagdalenaEcop,35356.37,35977.7
2024-09-20,9,PT1H,MC-MagdalenaEcop,34121.79,37950.9
2024-09-20,4,PT1H,MC-MagdalenaEcop,33614.43,40517.6
2024-09-20,6,PT1H,MC-MagdalenaEcop,34343.95,39838.8
2024-09-20,5,PT1H,MC-MagdalenaEcop,33159.31,40612.9
2024-09-20,13,PT1H,MC-MagdalenaEcop,34303.22,38793.3
2024-09-20,7,PT1H,MC-MagdalenaEcop,34815.12,38343.1
2024-09-20,14,PT1H,MC-MagdalenaEcop,34195.88,31251.6
2024-09-20,24,PT1H,MC-MagdalenaEcop,37145.88,32927.2
2024-09-20,16,PT1H,MC-MagdalenaEcop,36602.75,30755.8
2024-09-20,17,PT1H,MC-MagdalenaEcop,36346.54,33831.3
2024-09-20,18,PT1H,MC-MagdalenaEcop,40930.06,35604.1
2024-09-20,19,PT1H,MC-MagdalenaEcop,41512.16,31203.4
2024-09-20,20,PT1H,MC-MagdalenaEcop,39573.99,30247.3
2024-09-20,21,PT1H,MC-MagdalenaEcop,38950.12,33088.9
2024-09-20,22,PT1H,MC-MagdalenaEcop,38788.63,32891.7
2024-09-20,23,PT1H,MC-MagdalenaEcop,38122.92,32903.6
2024-09-20,3,PT1H,MC-MagdalenaEcop,33669.72,35106.2
2024-09-20,15,PT1H,MC-MagdalenaEcop,35631.7,28094.5
2024-09-20,2,PT1H,MC-MagdalenaEcop,34009.05,36789.3
2024-09-20,8,PT1H,MC-MagdalenaEcop,33837.5,38239.0
2024-09-20,1,PT1H,MC-MagdalenaEcop,32553.37,33517.1
2024-09-21,22,PT1H,MC-MagdalenaEcop,32774.79,33698.8
2024-09-21,23,PT1H,MC-MagdalenaEcop,29286.25,32070.9
2024-09-21,1,PT1H,MC-MagdalenaEcop,37750.13,32676.1
2024-09-21,2,PT1H,MC-MagdalenaEcop,38163.96,32419.0
2024-09-21,3,PT1H,MC-MagdalenaEcop,39741.9,32393.6
2024-09-21,4,PT1H,MC-MagdalenaEcop,40772.11,32314.9
2024-09-21,5,PT1H,MC-MagdalenaEcop,40608.01,32009.1
2024-09-21,7,PT1H,MC-MagdalenaEcop,38780.16,33448.2
2024-09-21,8,PT1H,MC-MagdalenaEcop,41988.51,34989.7
2024-09-21,9,PT1H,MC-MagdalenaEcop,43778.06,35436.6
2024-09-21,10,PT1H,MC-MagdalenaEcop,43801.31,37053.8
2024-09-21,6,PT1H,MC-MagdalenaEcop,41026.71,29830.9
2024-09-21,12,PT1H,MC-MagdalenaEcop,44572.02,38496.3
2024-09-21,13,PT1H,MC-MagdalenaEcop,44181.36,38792.6
2024-09-21,14,PT1H,MC-MagdalenaEcop,44356.14,39255.6
2024-09-21,15,PT1H,MC-MagdalenaEcop,44817.64,39434.3
2024-09-21,16,PT1H,MC-MagdalenaEcop,44656.22,38906.1
2024-09-21,24,PT1H,MC-MagdalenaEcop,27130.28,32545.6
2024-09-21,17,PT1H,MC-MagdalenaEcop,41795.81,39031.0
2024-09-21,18,PT1H,MC-MagdalenaEcop,45351.98,40500.8
2024-09-21,19,PT1H,MC-MagdalenaEcop,42348.43,34747.5
2024-09-21,20,PT1H,MC-MagdalenaEcop,37844.07,31982.4
2024-09-21,11,PT1H,MC-MagdalenaEcop,44052.48,38274.7
2024-09-21,21,PT1H,MC-MagdalenaEcop,35384.11,32401.4
2024-09-22,16,PT1H,MC-MagdalenaEcop,41128.29,35539.0
2024-09-22,17,PT1H,MC-MagdalenaEcop,38991.55,25291.3
2024-09-22,18,PT1H,MC-MagdalenaEcop,38958.85,27411.7
2024-09-22,19,PT1H,MC-MagdalenaEcop,40518.21,27370.3
2024-09-22,24,PT1H,MC-MagdalenaEcop,18924.19,23269.9
2024-09-22,21,PT1H,MC-MagdalenaEcop,40497.95,31277.2
2024-09-22,22,PT1H,MC-MagdalenaEcop,39734.18,30387.9
2024-09-22,23,PT1H,MC-MagdalenaEcop,29209.44,28729.7
2024-09-22,15,PT1H,MC-MagdalenaEcop,41164.72,37490.6
2024-09-22,20,PT1H,MC-MagdalenaEcop,40798.71,31076.2
2024-09-22,14,PT1H,MC-MagdalenaEcop,40820.08,42576.7
2024-09-22,7,PT1H,MC-MagdalenaEcop,41951.88,40226.8
2024-09-22,12,PT1H,MC-MagdalenaEcop,40563.02,37638.9
2024-09-22,11,PT1H,MC-MagdalenaEcop,40773.67,35357.3
2024-09-22,10,PT1H,MC-MagdalenaEcop,40084.68,41533.1
2024-09-22,9,PT1H,MC-MagdalenaEcop,41653.58,40611.8
2024-09-22,8,PT1H,MC-MagdalenaEcop,42511.18,40102.1
2024-09-22,6,PT1H,MC-MagdalenaEcop,43301.61,41245.4
2024-09-22,5,PT1H,MC-MagdalenaEcop,42558.09,41422.5
2024-09-22,4,PT1H,MC-MagdalenaEcop,35728.25,39934.8
2024-09-22,3,PT1H,MC-MagdalenaEcop,34252.58,35436.3
2024-09-22,2,PT1H,MC-MagdalenaEcop,31902.44,35105.8
2024-09-22,1,PT1H,MC-MagdalenaEcop,26134.61,34031.8
2024-09-22,13,PT1H,MC-MagdalenaEcop,41222.35,40642.8
2024-09-23,9,PT1H,MC-MagdalenaEcop,36977.72,40382.5
2024-09-23,8,PT1H,MC-MagdalenaEcop,35926.2,39875.7
2024-09-23,7,PT1H,MC-MagdalenaEcop,40737.03,39999.7
2024-09-23,6,PT1H,MC-MagdalenaEcop,42059.42,41012.5
2024-09-23,10,PT1H,MC-MagdalenaEcop,37246.36,41298.6
2024-09-23,4,PT1H,MC-MagdalenaEcop,32279.53,39709.3
2024-09-23,3,PT1H,MC-MagdalenaEcop,34629.53,35236.2
2024-09-23,2,PT1H,MC-MagdalenaEcop,35446.06,34907.5
2024-09-23,1,PT1H,MC-MagdalenaEcop,26604.05,33839.6
2024-09-23,5,PT1H,MC-MagdalenaEcop,36656.76,41188.7
2024-09-23,11,PT1H,MC-MagdalenaEcop,39933.63,35157.7
2024-09-23,22,PT1H,MC-MagdalenaEcop,42683.8,30216.3
2024-09-23,13,PT1H,MC-MagdalenaEcop,44880.15,40413.4
2024-09-23,23,PT1H,MC-MagdalenaEcop,42254.44,28567.5
2024-09-23,12,PT1H,MC-MagdalenaEcop,45115.15,37426.3
2024-09-23,21,PT1H,MC-MagdalenaEcop,42736.52,31100.6
2024-09-23,20,PT1H,MC-MagdalenaEcop,42942.67,30900.7
2024-09-23,19,PT1H,MC-MagdalenaEcop,43501.34,27215.7
2024-09-23,24,PT1H,MC-MagdalenaEcop,42270.75,23138.6
2024-09-23,17,PT1H,MC-MagdalenaEcop,41348.36,25148.5
2024-09-23,16,PT1H,MC-MagdalenaEcop,42390.98,35338.3
2024-09-23,15,PT1H,MC-MagdalenaEcop,39372.29,37278.9
2024-09-23,14,PT1H,MC-MagdalenaEcop,40932.57,42336.3
2024-09-23,18,PT1H,MC-MagdalenaEcop,40996.89,27256.9
2024-09-24,15,PT1H,MC-MagdalenaEcop,36036.26,32323.6
2024-09-24,16,PT1H,MC-MagdalenaEcop,35070.32,34455.0
2024-09-24,17,PT1H,MC-MagdalenaEcop,34141.58,36599.2
2024-09-24,18,PT1H,MC-MagdalenaEcop,35610.88,34929.0
2024-09-24,19,PT1H,MC-MagdalenaEcop,35549.37,34181.6
2024-09-24,21,PT1H,MC-MagdalenaEcop,35959.12,39005.4
2024-09-24,22,PT1H,MC-MagdalenaEcop,37672.76,40707.6
2024-09-24,23,PT1H,MC-MagdalenaEcop,40898.4,42123.2
2024-09-24,24,PT1H,MC-MagdalenaEcop,40323.56,42185.4
2024-09-24,14,PT1H,MC-MagdalenaEcop,35284.88,31281.6
2024-09-24,20,PT1H,MC-MagdalenaEcop,35683.2,33299.5
2024-09-24,13,PT1H,MC-MagdalenaEcop,35022.58,33678.1
2024-09-24,12,PT1H,MC-MagdalenaEcop,34912.92,42750.7
2024-09-24,11,PT1H,MC-MagdalenaEcop,35088.42,42494.4
2024-09-24,2,PT1H,MC-MagdalenaEcop,34955.6,30531.5
2024-09-24,3,PT1H,MC-MagdalenaEcop,36184.87,29979.5
2024-09-24,4,PT1H,MC-MagdalenaEcop,34347.63,32376.9
2024-09-24,5,PT1H,MC-MagdalenaEcop,34158.34,31519.3
2024-09-24,1,PT1H,MC-MagdalenaEcop,38233.11,25633.3
2024-09-24,7,PT1H,MC-MagdalenaEcop,33687.37,30453.7
2024-09-24,8,PT1H,MC-MagdalenaEcop,34864.44,31899.6
2024-09-24,9,PT1H,MC-MagdalenaEcop,34201.02,36548.8
2024-09-24,10,PT1H,MC-MagdalenaEcop,34687.07,43006.5
2024-09-24,6,PT1H,MC-MagdalenaEcop,34179.48,31245.4
2024-09-25,12,PT1H,MC-MagdalenaEcop,39969.18,32569.8
2024-09-25,4,PT1H,MC-MagdalenaEcop,36333.03,36675.4
2024-09-25,5,PT1H,MC-MagdalenaEcop,35729.81,36022.7
2024-09-25,6,PT1H,MC-MagdalenaEcop,35600.56,35989.1
2024-09-25,7,PT1H,MC-MagdalenaEcop,35810.16,33567.9
2024-09-25,8,PT1H,MC-MagdalenaEcop,36884.84,31023.3
2024-09-25,3,PT1H,MC-MagdalenaEcop,39439.9,35813.7
2024-09-25,9,PT1H,MC-MagdalenaEcop,39960.75,29873.7
2024-09-25,10,PT1H,MC-MagdalenaEcop,40650.88,30576.9
2024-09-25,11,PT1H,MC-MagdalenaEcop,40925.16,30582.0
2024-09-25,13,PT1H,MC-MagdalenaEcop,40703.86,36640.1
2024-09-25,19,PT1H,MC-MagdalenaEcop,43398.43,37703.0
2024-09-25,15,PT1H,MC-MagdalenaEcop,43364.98,38070.9
2024-09-25,14,PT1H,MC-MagdalenaEcop,40973.91,36010.5
2024-09-25,2,PT1H,MC-MagdalenaEcop,39623.93,35120.4
2024-09-25,24,PT1H,MC-MagdalenaEcop,41549.71,32135.2
2024-09-25,23,PT1H,MC-MagdalenaEcop,41974.18,33251.5
2024-09-25,22,PT1H,MC-MagdalenaEcop,42394.93,35928.5
2024-09-25,1,PT1H,MC-MagdalenaEcop,39414.41,35266.9
2024-09-25,20,PT1H,MC-MagdalenaEcop,43096.49,36643.6
2024-09-25,18,PT1H,MC-MagdalenaEcop,43999.79,37186.5
2024-09-25,17,PT1H,MC-MagdalenaEcop,43878.7,37963.9
2024-09-25,16,PT1H,MC-MagdalenaEcop,44021.71,38021.8
2024-09-25,21,PT1H,MC-MagdalenaEcop,43160.18,36308.6
2024-09-26,1,PT1H,MC-MagdalenaEcop,41382.65,31504.4
2024-09-26,2,PT1H,MC-MagdalenaEcop,41161.41,31934.2
2024-09-26,3,PT1H,MC-MagdalenaEcop,37464.97,31350.2
2024-09-26,4,PT1H,MC-MagdalenaEcop,37244.54,30819.9
2024-09-26,5,PT1H,MC-MagdalenaEcop,38196.45,30933.9
2024-09-26,6,PT1H,MC-MagdalenaEcop,40463.8,31898.1
2024-09-26,7,PT1H,MC-MagdalenaEcop,39930.62,31728.3
2024-09-26,8,PT1H,MC-MagdalenaEcop,40704.62,34901.0
2024-09-26,9,PT1H,MC-MagdalenaEcop,41260.38,34946.6
2024-09-26,10,PT1H,MC-MagdalenaEcop,41795.14,37278.7
2024-09-26,11,PT1H,MC-MagdalenaEcop,39066.18,37776.4
2024-09-26,13,PT1H,MC-MagdalenaEcop,41935.82,37314.6
2024-09-26,14,PT1H,MC-MagdalenaEcop,42069.01,38230.5
2024-09-26,15,PT1H,MC-MagdalenaEcop,42307.31,38893.1
2024-09-26,16,PT1H,MC-MagdalenaEcop,41356.06,38159.9
2024-09-26,18,PT1H,MC-MagdalenaEcop,42967.63,36604.2
2024-09-26,19,PT1H,MC-MagdalenaEcop,43688.0,36788.4
2024-09-26,20,PT1H,MC-MagdalenaEcop,43363.48,36828.0
2024-09-26,21,PT1H,MC-MagdalenaEcop,41178.81,36210.5
2024-09-26,22,PT1H,MC-MagdalenaEcop,41398.62,35716.5
2024-09-26,23,PT1H,MC-MagdalenaEcop,42463.42,31911.8
2024-09-26,24,PT1H,MC-MagdalenaEcop,42242.15,36365.1
2024-09-26,12,PT1H,MC-MagdalenaEcop,40991.48,37631.0
2024-09-26,17,PT1H,MC-MagdalenaEcop,41145.88,37483.4
2024-09-27,23,PT1H,MC-MagdalenaEcop,41311.54,38909.6
2024-09-27,1,PT1H,MC-MagdalenaEcop,42355.09,37649.4
2024-09-27,3,PT1H,MC-MagdalenaEcop,41564.91,32321.6
2024-09-27,4,PT1H,MC-MagdalenaEcop,41126.5,28681.9
2024-09-27,5,PT1H,MC-MagdalenaEcop,41647.42,19119.3
2024-09-27,6,PT1H,MC-MagdalenaEcop,40806.77,20971.9
2024-09-27,7,PT1H,MC-MagdalenaEcop,38429.98,25074.3
2024-09-27,8,PT1H,MC-MagdalenaEcop,39071.01,26725.5
2024-09-27,9,PT1H,MC-MagdalenaEcop,38792.27,28279.1
2024-09-27,10,PT1H,MC-MagdalenaEcop,42984.75,36427.6
2024-09-27,11,PT1H,MC-MagdalenaEcop,44405.32,38984.0
2024-09-27,2,PT1H,MC-MagdalenaEcop,40636.13,36846.7
2024-09-27,12,PT1H,MC-MagdalenaEcop,45214.65,37481.6
2024-09-27,14,PT1H,MC-MagdalenaEcop,41204.65,36358.6
2024-09-27,15,PT1H,MC-MagdalenaEcop,44052.12,32872.0
2024-09-27,16,PT1H,MC-MagdalenaEcop,42155.49,34648.0
2024-09-27,17,PT1H,MC-MagdalenaEcop,40640.94,41807.4
2024-09-27,18,PT1H,MC-MagdalenaEcop,42254.97,42074.8
2024-09-27,19,PT1H,MC-MagdalenaEcop,43425.21,40593.1
2024-09-27,20,PT1H,MC-MagdalenaEcop,42615.74,41328.9
2024-09-27,21,PT1H,MC-MagdalenaEcop,41229.87,42071.0
2024-09-27,22,PT1H,MC-MagdalenaEcop,38722.39,41838.5
2024-09-27,13,PT1H,MC-MagdalenaEcop,45208.75,36943.8
2024-09-27,24,PT1H,MC-MagdalenaEcop,42619.98,40937.1
2024-09-28,23,PT1H,MC-MagdalenaEcop,42303.54,37325.9
2024-09-28,2,PT1H,MC-MagdalenaEcop,39374.4,35612.3
2024-09-28,22,PT1H,MC-MagdalenaEcop,41550.91,37595.3
2024-09-28,21,PT1H,MC-MagdalenaEcop,41634.59,37841.5
2024-09-28,20,PT1H,MC-MagdalenaEcop,42297.73,37831.8
2024-09-28,19,PT1H,MC-MagdalenaEcop,42733.6,38327.0
2024-09-28,18,PT1H,MC-MagdalenaEcop,41466.97,38669.2
2024-09-28,17,PT1H,MC-MagdalenaEcop,39532.64,37452.6
2024-09-28,16,PT1H,MC-MagdalenaEcop,38238.96,37421.3
2024-09-28,15,PT1H,MC-MagdalenaEcop,38512.24,36733.8
2024-09-28,14,PT1H,MC-MagdalenaEcop,38101.8,34562.7
2024-09-28,24,PT1H,MC-MagdalenaEcop,41988.91,37095.8
2024-09-28,13,PT1H,MC-MagdalenaEcop,37460.78,32341.6
2024-09-28,11,PT1H,MC-MagdalenaEcop,37803.41,31706.7
2024-09-28,10,PT1H,MC-MagdalenaEcop,37501.0,31229.2
2024-09-28,9,PT1H,MC-MagdalenaEcop,36913.61,31461.4
2024-09-28,8,PT1H,MC-MagdalenaEcop,35444.78,31892.9
2024-09-28,7,PT1H,MC-MagdalenaEcop,35647.54,31038.0
2024-09-28,6,PT1H,MC-MagdalenaEcop,37222.63,35235.5
2024-09-28,5,PT1H,MC-MagdalenaEcop,38719.12,35132.1
2024-09-28,4,PT1H,MC-MagdalenaEcop,38949.5,34111.6
2024-09-28,3,PT1H,MC-MagdalenaEcop,38624.38,34652.4
2024-09-28,12,PT1H,MC-MagdalenaEcop,37386.22,32029.7
2024-09-28,1,PT1H,MC-MagdalenaEcop,41526.72,35908.9
2024-09-29,12,PT1H,MC-MagdalenaEcop,36991.32,40439.7
2024-09-29,2,PT1H,MC-MagdalenaEcop,42096.18,40823.1
2024-09-29,1,PT1H,MC-MagdalenaEcop,42125.06,41012.5
2024-09-29,3,PT1H,MC-MagdalenaEcop,40539.54,40308.6
2024-09-29,24,PT1H,MC-MagdalenaEcop,38595.64,21485.7
2024-09-29,23,PT1H,MC-MagdalenaEcop,39635.25,21367.7
2024-09-29,22,PT1H,MC-MagdalenaEcop,40168.83,22459.9
2024-09-29,21,PT1H,MC-MagdalenaEcop,39532.91,21900.6
2024-09-29,19,PT1H,MC-MagdalenaEcop,39213.84,22286.2
2024-09-29,18,PT1H,MC-MagdalenaEcop,33938.84,35849.1
2024-09-29,17,PT1H,MC-MagdalenaEcop,28660.18,37281.8
2024-09-29,16,PT1H,MC-MagdalenaEcop,24748.87,38858.2
2024-09-29,20,PT1H,MC-MagdalenaEcop,41490.79,20362.8
2024-09-29,14,PT1H,MC-MagdalenaEcop,22489.31,37928.4
2024-09-29,15,PT1H,MC-MagdalenaEcop,22435.42,38482.8
2024-09-29,5,PT1H,MC-MagdalenaEcop,38675.79,39665.0
2024-09-29,6,PT1H,MC-MagdalenaEcop,37129.61,39983.7
2024-09-29,7,PT1H,MC-MagdalenaEcop,36752.6,39246.7
2024-09-29,8,PT1H,MC-MagdalenaEcop,36349.08,39774.1
2024-09-29,4,PT1H,MC-MagdalenaEcop,38203.19,39990.5
2024-09-29,10,PT1H,MC-MagdalenaEcop,37737.68,40360.4
2024-09-29,11,PT1H,MC-MagdalenaEcop,38575.41,40403.7
2024-09-29,13,PT1H,MC-MagdalenaEcop,24262.04,38281.6
2024-09-29,9,PT1H,MC-MagdalenaEcop,36821.35,40393.2
2024-09-30,10,PT1H,MC-MagdalenaEcop,33662.66,38191.9
2024-09-30,1,PT1H,MC-MagdalenaEcop,38470.56,21732.9
2024-09-30,2,PT1H,MC-MagdalenaEcop,36076.75,31130.8
2024-09-30,3,PT1H,MC-MagdalenaEcop,37224.96,37986.0
2024-09-30,4,PT1H,MC-MagdalenaEcop,37027.72,39333.1
2024-09-30,5,PT1H,MC-MagdalenaEcop,36937.46,39329.2
2024-09-30,6,PT1H,MC-MagdalenaEcop,34140.98,37144.9
2024-09-30,7,PT1H,MC-MagdalenaEcop,32544.27,37581.5
2024-09-30,8,PT1H,MC-MagdalenaEcop,32673.68,37865.0
2024-09-30,9,PT1H,MC-MagdalenaEcop,31335.73,38434.5
2024-09-30,11,PT1H,MC-MagdalenaEcop,34008.08,36795.7
2024-09-30,17,PT1H,MC-MagdalenaEcop,35243.26,40678.9
2024-09-30,13,PT1H,MC-MagdalenaEcop,34118.5,37569.3
2024-09-30,12,PT1H,MC-MagdalenaEcop,33906.74,37621.1
2024-09-30,23,PT1H,MC-MagdalenaEcop,30214.23,33794.6
2024-09-30,22,PT1H,MC-MagdalenaEcop,30696.26,37181.7
2024-09-30,21,PT1H,MC-MagdalenaEcop,33593.25,41746.0
2024-09-30,20,PT1H,MC-MagdalenaEcop,33839.59,41979.8
2024-09-30,24,PT1H,MC-MagdalenaEcop,28780.76,32202.2
2024-09-30,18,PT1H,MC-MagdalenaEcop,34479.46,42394.4
2024-09-30,16,PT1H,MC-MagdalenaEcop,36117.92,40639.8
2024-09-30,15,PT1H,MC-MagdalenaEcop,35937.35,40356.7
2024-09-30,14,PT1H,MC-MagdalenaEcop,35949.87,38739.2
2024-09-30,19,PT1H,MC-MagdalenaEcop,34499.7,42779.8
2024-10-01,14,PT1H,MC-MagdalenaEcop,39163.3,35310.7
2024-10-01,23,PT1H,MC-MagdalenaEcop,40926.79,32790.8
2024-10-01,22,PT1H,MC-MagdalenaEcop,40698.34,33765.2
2024-10-01,21,PT1H,MC-MagdalenaEcop,40330.37,39292.8
2024-10-01,20,PT1H,MC-MagdalenaEcop,37758.12,39680.8
2024-10-01,19,PT1H,MC-MagdalenaEcop,36498.31,39510.8
2024-10-01,18,PT1H,MC-MagdalenaEcop,36163.27,38244.3
2024-10-01,17,PT1H,MC-MagdalenaEcop,34582.28,36090.7
2024-10-01,16,PT1H,MC-MagdalenaEcop,38026.96,35852.0
2024-10-01,15,PT1H,MC-MagdalenaEcop,39119.87,36436.0
2024-10-01,13,PT1H,MC-MagdalenaEcop,38835.42,35885.2
2024-10-01,24,PT1H,MC-MagdalenaEcop,40689.84,31805.2
2024-10-01,11,PT1H,MC-MagdalenaEcop,38131.22,37351.8
2024-10-01,1,PT1H,MC-MagdalenaEcop,29156.75,39157.8
2024-10-01,2,PT1H,MC-MagdalenaEcop,32218.54,43096.1
2024-10-01,3,PT1H,MC-MagdalenaEcop,36990.48,43167.2
2024-10-01,4,PT1H,MC-MagdalenaEcop,38419.97,41898.7
2024-10-01,5,PT1H,MC-MagdalenaEcop,39049.7,41814.0
2024-10-01,12,PT1H,MC-MagdalenaEcop,38454.78,38537.0
2024-10-01,7,PT1H,MC-MagdalenaEcop,35962.67,37590.5
2024-10-01,8,PT1H,MC-MagdalenaEcop,36749.24,38409.9
2024-10-01,9,PT1H,MC-MagdalenaEcop,37624.37,38200.8
2024-10-01,10,PT1H,MC-MagdalenaEcop,37504.91,36366.9
2024-10-01,6,PT1H,MC-MagdalenaEcop,39078.36,38454.8
2024-10-02,23,PT1H,MC-MagdalenaEcop,40266.45,40383.4
2024-10-02,22,PT1H,MC-MagdalenaEcop,40253.22,41249.0
2024-10-02,21,PT1H,MC-MagdalenaEcop,44100.85,41572.1
2024-10-02,20,PT1H,MC-MagdalenaEcop,45919.54,42072.5
2024-10-02,19,PT1H,MC-MagdalenaEcop,46850.53,43188.8
2024-10-02,18,PT1H,MC-MagdalenaEcop,47861.07,41915.6
2024-10-02,17,PT1H,MC-MagdalenaEcop,44469.76,40952.1
2024-10-02,16,PT1H,MC-MagdalenaEcop,43715.58,37658.0
2024-10-02,15,PT1H,MC-MagdalenaEcop,43632.74,37858.3
2024-10-02,14,PT1H,MC-MagdalenaEcop,41774.89,39662.3
2024-10-02,12,PT1H,MC-MagdalenaEcop,41912.66,37564.5
2024-10-02,11,PT1H,MC-MagdalenaEcop,41994.28,37812.7
2024-10-02,10,PT1H,MC-MagdalenaEcop,41436.09,39340.0
2024-10-02,9,PT1H,MC-MagdalenaEcop,40619.21,38823.6
2024-10-02,24,PT1H,MC-MagdalenaEcop,40379.97,39766.7
2024-10-02,7,PT1H,MC-MagdalenaEcop,40612.53,37526.5
2024-10-02,6,PT1H,MC-MagdalenaEcop,39962.7,37638.4
2024-10-02,5,PT1H,MC-MagdalenaEcop,37660.39,34644.8
2024-10-02,4,PT1H,MC-MagdalenaEcop,38259.09,32126.0
2024-10-02,3,PT1H,MC-MagdalenaEcop,38861.77,33646.5
2024-10-02,13,PT1H,MC-MagdalenaEcop,42272.02,39044.0
2024-10-02,8,PT1H,MC-MagdalenaEcop,40767.89,38644.2
2024-10-02,2,PT1H,MC-MagdalenaEcop,39507.82,27467.7
2024-10-02,1,PT1H,MC-MagdalenaEcop,39938.57,28152.5
2024-10-03,2,PT1H,MC-MagdalenaEcop,39553.19,34203.3
2024-10-03,1,PT1H,MC-MagdalenaEcop,39961.44,33161.0
2024-10-03,24,PT1H,MC-MagdalenaEcop,38654.21,36119.4
2024-10-03,23,PT1H,MC-MagdalenaEcop,38887.15,38228.1
2024-10-03,22,PT1H,MC-MagdalenaEcop,39178.12,38558.1
2024-10-03,21,PT1H,MC-MagdalenaEcop,39819.64,39520.8
2024-10-03,20,PT1H,MC-MagdalenaEcop,36563.32,36921.0
2024-10-03,19,PT1H,MC-MagdalenaEcop,37980.33,37603.5
2024-10-03,18,PT1H,MC-MagdalenaEcop,37350.93,37023.2
2024-10-03,17,PT1H,MC-MagdalenaEcop,39703.07,39409.7
2024-10-03,16,PT1H,MC-MagdalenaEcop,41640.27,40670.3
2024-10-03,15,PT1H,MC-MagdalenaEcop,37732.56,41196.7
2024-10-03,7,PT1H,MC-MagdalenaEcop,37815.36,36774.2
2024-10-03,13,PT1H,MC-MagdalenaEcop,42375.75,39348.1
2024-10-03,12,PT1H,MC-MagdalenaEcop,43016.19,38886.4
2024-10-03,11,PT1H,MC-MagdalenaEcop,44311.59,40889.2
2024-10-03,10,PT1H,MC-MagdalenaEcop,43638.64,39663.3
2024-10-03,9,PT1H,MC-MagdalenaEcop,37756.12,38905.7
2024-10-03,8,PT1H,MC-MagdalenaEcop,35828.13,36792.6
2024-10-03,3,PT1H,MC-MagdalenaEcop,39518.76,36201.6
2024-10-03,6,PT1H,MC-MagdalenaEcop,38523.85,36986.9
2024-10-03,5,PT1H,MC-MagdalenaEcop,38676.65,36598.0
2024-10-03,4,PT1H,MC-MagdalenaEcop,39297.77,35777.1
2024-10-03,14,PT1H,MC-MagdalenaEcop,40033.78,39271.6
2024-10-04,15,PT1H,MC-MagdalenaEcop,36203.21,37588.5
2024-10-04,16,PT1H,MC-MagdalenaEcop,35834.96,38612.6
2024-10-04,17,PT1H,MC-MagdalenaEcop,30101.88,38342.4
2024-10-04,22,PT1H,MC-MagdalenaEcop,24920.05,40917.9
2024-10-04,19,PT1H,MC-MagdalenaEcop,26745.37,43780.2
2024-10-04,20,PT1H,MC-MagdalenaEcop,25509.65,41736.2
2024-10-04,21,PT1H,MC-MagdalenaEcop,25247.19,41078.2
2024-10-04,18,PT1H,MC-MagdalenaEcop,29531.22,43176.3
2024-10-04,14,PT1H,MC-MagdalenaEcop,38288.11,36074.2
2024-10-04,10,PT1H,MC-MagdalenaEcop,38221.34,37298.1
2024-10-04,12,PT1H,MC-MagdalenaEcop,39467.79,36556.9
2024-10-04,11,PT1H,MC-MagdalenaEcop,38879.65,37129.3
2024-10-04,9,PT1H,MC-MagdalenaEcop,37801.2,35996.1
2024-10-04,8,PT1H,MC-MagdalenaEcop,34693.56,35696.3
2024-10-04,7,PT1H,MC-MagdalenaEcop,34351.88,36727.3
2024-10-04,6,PT1H,MC-MagdalenaEcop,37009.16,36230.4
2024-10-04,5,PT1H,MC-MagdalenaEcop,36497.47,34981.0
2024-10-04,4,PT1H,MC-MagdalenaEcop,36226.33,35461.0
2024-10-04,1,PT1H,MC-MagdalenaEcop,35808.74,34342.0
2024-10-04,2,PT1H,MC-MagdalenaEcop,34937.75,35877.2
2024-10-04,13,PT1H,MC-MagdalenaEcop,39018.76,36187.4
2024-10-04,3,PT1H,MC-MagdalenaEcop,36034.61,35519.3
2024-10-04,23,PT1H,MC-MagdalenaEcop,22246.32,40215.8
2024-10-04,24,PT1H,MC-MagdalenaEcop,22539.87,39185.4
2024-10-05,3,PT1H,MC-MagdalenaEcop,20294.88,37426.5
2024-10-05,24,PT1H,MC-MagdalenaEcop,22483.34,25552.8
2024-10-05,23,PT1H,MC-MagdalenaEcop,21845.32,27582.6
2024-10-05,22,PT1H,MC-MagdalenaEcop,21577.38,30867.1
2024-10-05,21,PT1H,MC-MagdalenaEcop,19545.62,33313.7
2024-10-05,20,PT1H,MC-MagdalenaEcop,20066.1,35629.7
2024-10-05,19,PT1H,MC-MagdalenaEcop,20409.93,39870.5
2024-10-05,18,PT1H,MC-MagdalenaEcop,22076.67,42708.3
2024-10-05,17,PT1H,MC-MagdalenaEcop,19508.12,39360.2
2024-10-05,16,PT1H,MC-MagdalenaEcop,21047.89,42053.3
2024-10-05,15,PT1H,MC-MagdalenaEcop,22972.06,42205.2
2024-10-05,13,PT1H,MC-MagdalenaEcop,23083.57,41606.2
2024-10-05,12,PT1H,MC-MagdalenaEcop,23933.32,41974.0
2024-10-05,11,PT1H,MC-MagdalenaEcop,23856.85,41484.9
2024-10-05,10,PT1H,MC-MagdalenaEcop,23146.63,41248.4
2024-10-05,9,PT1H,MC-MagdalenaEcop,24566.02,41226.5
2024-10-05,8,PT1H,MC-MagdalenaEcop,22684.49,39541.7
2024-10-05,7,PT1H,MC-MagdalenaEcop,20196.99,36521.0
2024-10-05,6,PT1H,MC-MagdalenaEcop,21133.44,38636.1
2024-10-05,5,PT1H,MC-MagdalenaEcop,21156.93,38241.9
2024-10-05,4,PT1H,MC-MagdalenaEcop,19660.57,38396.4
2024-10-05,2,PT1H,MC-MagdalenaEcop,21490.22,35940.9
2024-10-05,14,PT1H,MC-MagdalenaEcop,23042.43,41770.7
2024-10-05,1,PT1H,MC-MagdalenaEcop,21563.88,35551.3
2024-10-06,23,PT1H,MC-MagdalenaEcop,5306.36,29063.2
2024-10-06,24,PT1H,MC-MagdalenaEcop,5036.63,18833.0
2024-10-06,22,PT1H,MC-MagdalenaEcop,6747.1,39531.7
2024-10-06,21,PT1H,MC-MagdalenaEcop,6709.92,40281.4
2024-10-06,20,PT1H,MC-MagdalenaEcop,9682.9,40580.5
2024-10-06,19,PT1H,MC-MagdalenaEcop,12619.52,40301.5
2024-10-06,18,PT1H,MC-MagdalenaEcop,14352.13,38760.5
2024-10-06,17,PT1H,MC-MagdalenaEcop,14986.28,38793.1
2024-10-06,15,PT1H,MC-MagdalenaEcop,14375.87,40954.6
2024-10-06,14,PT1H,MC-MagdalenaEcop,14731.18,40611.8
2024-10-06,13,PT1H,MC-MagdalenaEcop,15005.43,41011.9
2024-10-06,12,PT1H,MC-MagdalenaEcop,17722.3,40356.1
2024-10-06,16,PT1H,MC-MagdalenaEcop,14969.35,40918.4
2024-10-06,10,PT1H,MC-MagdalenaEcop,18733.48,39880.3
2024-10-06,11,PT1H,MC-MagdalenaEcop,19218.19,40565.6
2024-10-06,2,PT1H,MC-MagdalenaEcop,24444.92,31741.9
2024-10-06,3,PT1H,MC-MagdalenaEcop,24554.67,34079.4
2024-10-06,4,PT1H,MC-MagdalenaEcop,23585.58,35547.2
2024-10-06,5,PT1H,MC-MagdalenaEcop,22729.51,42340.5
2024-10-06,1,PT1H,MC-MagdalenaEcop,24010.2,26004.9
2024-10-06,7,PT1H,MC-MagdalenaEcop,21369.24,41737.6
2024-10-06,8,PT1H,MC-MagdalenaEcop,20343.91,42293.9
2024-10-06,9,PT1H,MC-MagdalenaEcop,17164.79,41440.8
2024-10-06,6,PT1H,MC-MagdalenaEcop,22260.75,43080.1
2024-10-07,16,PT1H,MC-MagdalenaEcop,13305.39,40875.4
2024-10-07,24,PT1H,MC-MagdalenaEcop,1344.67,40759.5
2024-10-07,23,PT1H,MC-MagdalenaEcop,3584.67,40743.8
2024-10-07,22,PT1H,MC-MagdalenaEcop,5103.55,41157.7
2024-10-07,21,PT1H,MC-MagdalenaEcop,7099.32,41198.5
2024-10-07,20,PT1H,MC-MagdalenaEcop,10089.03,41397.2
2024-10-07,19,PT1H,MC-MagdalenaEcop,9706.23,41935.8
2024-10-07,18,PT1H,MC-MagdalenaEcop,8764.9,39531.5
2024-10-07,17,PT1H,MC-MagdalenaEcop,9430.75,39870.3
2024-10-07,15,PT1H,MC-MagdalenaEcop,13282.16,37965.3
2024-10-07,1,PT1H,MC-MagdalenaEcop,9297.29,25656.6
2024-10-07,13,PT1H,MC-MagdalenaEcop,10556.02,43275.0
2024-10-07,12,PT1H,MC-MagdalenaEcop,11169.28,43501.5
2024-10-07,11,PT1H,MC-MagdalenaEcop,11252.33,38506.5
2024-10-07,10,PT1H,MC-MagdalenaEcop,14132.64,35915.9
2024-10-07,9,PT1H,MC-MagdalenaEcop,13371.47,35657.0
2024-10-07,8,PT1H,MC-MagdalenaEcop,12355.56,34643.3
2024-10-07,7,PT1H,MC-MagdalenaEcop,11727.77,39281.0
2024-10-07,6,PT1H,MC-MagdalenaEcop,12504.04,40555.8
2024-10-07,5,PT1H,MC-MagdalenaEcop,12420.92,35347.5
2024-10-07,4,PT1H,MC-MagdalenaEcop,11600.79,31127.8
2024-10-07,14,PT1H,MC-MagdalenaEcop,10275.07,39469.5
2024-10-07,2,PT1H,MC-MagdalenaEcop,10213.41,34180.4
2024-10-07,3,PT1H,MC-MagdalenaEcop,11655.47,33393.3
2024-10-08,1,PT1H,MC-MagdalenaEcop,16352.04,40875.3
2024-10-08,24,PT1H,MC-MagdalenaEcop,15928.31,43109.6
2024-10-08,22,PT1H,MC-MagdalenaEcop,17055.4,40276.3
2024-10-08,21,PT1H,MC-MagdalenaEcop,18366.61,38434.7
2024-10-08,20,PT1H,MC-MagdalenaEcop,19229.0,38139.8
2024-10-08,19,PT1H,MC-MagdalenaEcop,20406.8,37996.7
2024-10-08,18,PT1H,MC-MagdalenaEcop,20422.48,38072.5
2024-10-08,17,PT1H,MC-MagdalenaEcop,20625.78,36502.0
2024-10-08,16,PT1H,MC-MagdalenaEcop,21014.33,37494.7
2024-10-08,15,PT1H,MC-MagdalenaEcop,21652.63,38527.2
2024-10-08,14,PT1H,MC-MagdalenaEcop,22138.35,37724.0
2024-10-08,13,PT1H,MC-MagdalenaEcop,21809.27,37443.7
2024-10-08,23,PT1H,MC-MagdalenaEcop,16064.15,43724.0
2024-10-08,11,PT1H,MC-MagdalenaEcop,21594.49,37514.1
2024-10-08,12,PT1H,MC-MagdalenaEcop,21498.7,37326.5
2024-10-08,3,PT1H,MC-MagdalenaEcop,22771.91,38686.0
2024-10-08,4,PT1H,MC-MagdalenaEcop,22015.75,36722.3
2024-10-08,5,PT1H,MC-MagdalenaEcop,21888.81,36520.0
2024-10-08,2,PT1H,MC-MagdalenaEcop,23036.22,37372.1
2024-10-08,7,PT1H,MC-MagdalenaEcop,22332.19,36016.6
2024-10-08,8,PT1H,MC-MagdalenaEcop,12550.93,37274.7
2024-10-08,9,PT1H,MC-MagdalenaEcop,11596.94,36565.6
2024-10-08,10,PT1H,MC-MagdalenaEcop,13158.96,37085.1
2024-10-08,6,PT1H,MC-MagdalenaEcop,22242.15,36542.6
2024-10-09,21,PT1H,MC-MagdalenaEcop,33782.36,40625.9
2024-10-09,13,PT1H,MC-MagdalenaEcop,28627.37,38323.8
2024-10-09,20,PT1H,MC-MagdalenaEcop,33628.84,40566.0
2024-10-09,19,PT1H,MC-MagdalenaEcop,34356.27,40850.2
2024-10-09,18,PT1H,MC-MagdalenaEcop,33281.95,41426.2
2024-10-09,17,PT1H,MC-MagdalenaEcop,33725.44,41312.3
2024-10-09,16,PT1H,MC-MagdalenaEcop,34653.3,41446.9
2024-10-09,15,PT1H,MC-MagdalenaEcop,34171.39,40828.7
2024-10-09,14,PT1H,MC-MagdalenaEcop,32384.63,38578.0
2024-10-09,12,PT1H,MC-MagdalenaEcop,28441.38,37632.3
2024-10-09,7,PT1H,MC-MagdalenaEcop,19645.03,33717.5
2024-10-09,10,PT1H,MC-MagdalenaEcop,27935.83,38274.0
2024-10-09,9,PT1H,MC-MagdalenaEcop,26884.71,37624.4
2024-10-09,8,PT1H,MC-MagdalenaEcop,23965.76,34729.1
2024-10-09,6,PT1H,MC-MagdalenaEcop,20061.48,33520.2
2024-10-09,5,PT1H,MC-MagdalenaEcop,18688.28,33641.9
2024-10-09,4,PT1H,MC-MagdalenaEcop,17302.51,34209.7
2024-10-09,3,PT1H,MC-MagdalenaEcop,16890.35,37134.1
2024-10-09,2,PT1H,MC-MagdalenaEcop,16055.06,37307.3
2024-10-09,22,PT1H,MC-MagdalenaEcop,33539.92,39915.6
2024-10-09,11,PT1H,MC-MagdalenaEcop,28322.73,38532.2
2024-10-09,23,PT1H,MC-MagdalenaEcop,32597.42,39519.6
2024-10-09,1,PT1H,MC-MagdalenaEcop,15398.15,37110.1
2024-10-09,24,PT1H,MC-MagdalenaEcop,31986.26,39120.0
2024-10-10,23,PT1H,MC-MagdalenaEcop,31585.57,39456.3
2024-10-10,1,PT1H,MC-MagdalenaEcop,33102.22,38452.3
2024-10-10,3,PT1H,MC-MagdalenaEcop,32920.59,34813.0
2024-10-10,4,PT1H,MC-MagdalenaEcop,32871.11,34608.2
2024-10-10,5,PT1H,MC-MagdalenaEcop,34107.62,35492.5
2024-10-10,6,PT1H,MC-MagdalenaEcop,29646.47,37598.7
2024-10-10,7,PT1H,MC-MagdalenaEcop,27324.94,37103.4
2024-10-10,8,PT1H,MC-MagdalenaEcop,25626.64,37822.4
2024-10-10,9,PT1H,MC-MagdalenaEcop,28196.32,38338.7
2024-10-10,10,PT1H,MC-MagdalenaEcop,26744.29,38835.5
2024-10-10,11,PT1H,MC-MagdalenaEcop,29386.44,36300.4
2024-10-10,2,PT1H,MC-MagdalenaEcop,32660.99,38246.8
2024-10-10,13,PT1H,MC-MagdalenaEcop,34739.14,38966.2
2024-10-10,12,PT1H,MC-MagdalenaEcop,33725.51,38088.9
2024-10-10,24,PT1H,MC-MagdalenaEcop,32001.81,39250.7
2024-10-10,21,PT1H,MC-MagdalenaEcop,30385.97,38252.9
2024-10-10,20,PT1H,MC-MagdalenaEcop,33476.91,40282.4
2024-10-10,19,PT1H,MC-MagdalenaEcop,37822.3,40583.8
2024-10-10,22,PT1H,MC-MagdalenaEcop,28111.46,38467.1
2024-10-10,17,PT1H,MC-MagdalenaEcop,32733.92,38232.3
2024-10-10,16,PT1H,MC-MagdalenaEcop,29266.54,38427.6
2024-10-10,15,PT1H,MC-MagdalenaEcop,33645.8,39311.3
2024-10-10,14,PT1H,MC-MagdalenaEcop,35496.28,39089.9
2024-10-10,18,PT1H,MC-MagdalenaEcop,35747.86,39924.7
2024-10-11,2,PT1H,MC-MagdalenaEcop,31060.63,37130.0
2024-10-11,3,PT1H,MC-MagdalenaEcop,31393.38,37978.5
2024-10-11,4,PT1H,MC-MagdalenaEcop,30934.14,37578.0
2024-10-11,21,PT1H,MC-MagdalenaEcop,17933.85,37662.4
2024-10-11,20,PT1H,MC-MagdalenaEcop,18616.25,38928.4
2024-10-11,19,PT1H,MC-MagdalenaEcop,20013.0,39667.8
2024-10-11,18,PT1H,MC-MagdalenaEcop,20718.4,38608.8
2024-10-11,17,PT1H,MC-MagdalenaEcop,21339.13,37134.4
2024-10-11,14,PT1H,MC-MagdalenaEcop,21196.02,37649.4
2024-10-11,15,PT1H,MC-MagdalenaEcop,21599.49,40250.5
2024-10-11,13,PT1H,MC-MagdalenaEcop,22977.71,41307.0
2024-10-11,12,PT1H,MC-MagdalenaEcop,24754.18,41312.4
2024-10-11,10,PT1H,MC-MagdalenaEcop,24061.31,39275.4
2024-10-11,9,PT1H,MC-MagdalenaEcop,26452.93,35445.7
2024-10-11,8,PT1H,MC-MagdalenaEcop,25997.97,35700.3
2024-10-11,7,PT1H,MC-MagdalenaEcop,27877.26,35114.8
2024-10-11,1,PT1H,MC-MagdalenaEcop,31376.38,38700.3
2024-10-11,16,PT1H,MC-MagdalenaEcop,22250.89,38517.9
2024-10-11,11,PT1H,MC-MagdalenaEcop,25208.24,40573.1
2024-10-11,5,PT1H,MC-MagdalenaEcop,30121.49,38053.8
2024-10-11,6,PT1H,MC-MagdalenaEcop,31611.45,37285.9
2024-10-11,24,PT1H,MC-MagdalenaEcop,23168.99,38942.2
2024-10-11,23,PT1H,MC-MagdalenaEcop,23622.31,37747.0
2024-10-11,22,PT1H,MC-MagdalenaEcop,22314.68,35381.9
2024-10-12,23,PT1H,MC-MagdalenaEcop,1247.54,41180.6
2024-10-12,22,PT1H,MC-MagdalenaEcop,2154.3,40448.1
2024-10-12,21,PT1H,MC-MagdalenaEcop,2268.21,40519.5
2024-10-12,20,PT1H,MC-MagdalenaEcop,1052.07,41164.9
2024-10-12,19,PT1H,MC-MagdalenaEcop,2021.45,41589.1
2024-10-12,18,PT1H,MC-MagdalenaEcop,392.12,40366.4
2024-10-12,17,PT1H,MC-MagdalenaEcop,1026.49,38483.9
2024-10-12,6,PT1H,MC-MagdalenaEcop,23392.57,36235.7
2024-10-12,5,PT1H,MC-MagdalenaEcop,20554.96,37692.2
2024-10-12,14,PT1H,MC-MagdalenaEcop,25708.4,37091.4
2024-10-12,13,PT1H,MC-MagdalenaEcop,25494.19,36467.5
2024-10-12,12,PT1H,MC-MagdalenaEcop,25849.22,36394.9
2024-10-12,11,PT1H,MC-MagdalenaEcop,24880.48,36801.0
2024-10-12,10,PT1H,MC-MagdalenaEcop,25227.31,36506.7
2024-10-12,9,PT1H,MC-MagdalenaEcop,24828.94,35935.0
2024-10-12,8,PT1H,MC-MagdalenaEcop,23311.1,34505.5
2024-10-12,7,PT1H,MC-MagdalenaEcop,21614.85,34702.8
2024-10-12,3,PT1H,MC-MagdalenaEcop,21200.72,37599.9
2024-10-12,4,PT1H,MC-MagdalenaEcop,19258.84,37916.4
2024-10-12,15,PT1H,MC-MagdalenaEcop,18032.1,37490.8
2024-10-12,16,PT1H,MC-MagdalenaEcop,8481.9,37224.9
2024-10-12,24,PT1H,MC-MagdalenaEcop,2249.57,40874.4
2024-10-12,2,PT1H,MC-MagdalenaEcop,20937.06,38329.9
2024-10-12,1,PT1H,MC-MagdalenaEcop,22152.1,40424.6
2024-10-13,8,PT1H,MC-MagdalenaEcop,35474.23,38842.7
2024-10-13,11,PT1H,MC-MagdalenaEcop,36651.24,41221.1
2024-10-13,12,PT1H,MC-MagdalenaEcop,34251.24,39528.8
2024-10-13,13,PT1H,MC-MagdalenaEcop,34940.63,25929.8
2024-10-13,14,PT1H,MC-MagdalenaEcop,35211.8,24035.9
2024-10-13,15,PT1H,MC-MagdalenaEcop,31555.54,23978.4
2024-10-13,16,PT1H,MC-MagdalenaEcop,30689.33,26449.9
2024-10-13,17,PT1H,MC-MagdalenaEcop,32312.99,30628.4
2024-10-13,18,PT1H,MC-MagdalenaEcop,32177.31,36267.8
2024-10-13,19,PT1H,MC-MagdalenaEcop,33933.82,41893.2
2024-10-13,20,PT1H,MC-MagdalenaEcop,34536.65,44325.7
2024-10-13,22,PT1H,MC-MagdalenaEcop,37981.42,42923.4
2024-10-13,9,PT1H,MC-MagdalenaEcop,36014.73,39347.2
2024-10-13,23,PT1H,MC-MagdalenaEcop,38163.8,42353.4
2024-10-13,24,PT1H,MC-MagdalenaEcop,38581.23,41242.7
2024-10-13,1,PT1H,MC-MagdalenaEcop,25560.92,45013.3
2024-10-13,2,PT1H,MC-MagdalenaEcop,34449.1,44982.5
2024-10-13,3,PT1H,MC-MagdalenaEcop,34717.79,43319.5
2024-10-13,4,PT1H,MC-MagdalenaEcop,34704.27,40823.5
2024-10-13,5,PT1H,MC-MagdalenaEcop,33353.78,41328.4
2024-10-13,6,PT1H,MC-MagdalenaEcop,35613.08,39676.5
2024-10-13,7,PT1H,MC-MagdalenaEcop,34694.1,39273.8
2024-10-13,21,PT1H,MC-MagdalenaEcop,38648.51,42234.1
2024-10-13,10,PT1H,MC-MagdalenaEcop,36183.91,40326.2
2024-10-14,24,PT1H,MC-MagdalenaEcop,9503.67,19200.1
2024-10-14,1,PT1H,MC-MagdalenaEcop,37797.59,25660.9
2024-10-14,4,PT1H,MC-MagdalenaEcop,39866.04,24698.9
2024-10-14,5,PT1H,MC-MagdalenaEcop,39395.45,24638.7
2024-10-14,6,PT1H,MC-MagdalenaEcop,34444.35,22774.1
2024-10-14,7,PT1H,MC-MagdalenaEcop,29638.07,21709.5
2024-10-14,8,PT1H,MC-MagdalenaEcop,18028.86,21795.8
2024-10-14,9,PT1H,MC-MagdalenaEcop,13693.41,20903.6
2024-10-14,10,PT1H,MC-MagdalenaEcop,20430.54,22455.2
2024-10-14,11,PT1H,MC-MagdalenaEcop,20465.51,22685.5
2024-10-14,12,PT1H,MC-MagdalenaEcop,19407.46,22617.9
2024-10-14,3,PT1H,MC-MagdalenaEcop,38967.75,24830.4
2024-10-14,13,PT1H,MC-MagdalenaEcop,16280.98,22759.1
2024-10-14,15,PT1H,MC-MagdalenaEcop,16691.84,23971.9
2024-10-14,16,PT1H,MC-MagdalenaEcop,17299.67,24092.3
2024-10-14,17,PT1H,MC-MagdalenaEcop,14365.83,23509.1
2024-10-14,18,PT1H,MC-MagdalenaEcop,16434.3,22999.8
2024-10-14,19,PT1H,MC-MagdalenaEcop,10864.13,23003.3
2024-10-14,20,PT1H,MC-MagdalenaEcop,7017.0,22563.1
2024-10-14,21,PT1H,MC-MagdalenaEcop,7863.01,22398.9
2024-10-14,22,PT1H,MC-MagdalenaEcop,8999.94,20477.3
2024-10-14,23,PT1H,MC-MagdalenaEcop,10064.68,20155.9
2024-10-14,14,PT1H,MC-MagdalenaEcop,16518.66,23980.2
2024-10-14,2,PT1H,MC-MagdalenaEcop,37453.93,24064.8
2024-10-15,2,PT1H,MC-MagdalenaEcop,24384.6,19571.7
2024-10-15,24,PT1H,MC-MagdalenaEcop,14968.19,24715.1
2024-10-15,3,PT1H,MC-MagdalenaEcop,24647.92,22469.0
2024-10-15,4,PT1H,MC-MagdalenaEcop,26938.69,23336.9
2024-10-15,5,PT1H,MC-MagdalenaEcop,30465.24,23719.3
2024-10-15,6,PT1H,MC-MagdalenaEcop,34892.29,23736.7
2024-10-15,7,PT1H,MC-MagdalenaEcop,32279.82,21845.0
2024-10-15,8,PT1H,MC-MagdalenaEcop,36610.07,22322.5
2024-10-15,9,PT1H,MC-MagdalenaEcop,42360.01,22853.9
2024-10-15,10,PT1H,MC-MagdalenaEcop,43736.91,22781.3
2024-10-15,11,PT1H,MC-MagdalenaEcop,44064.66,23161.6
2024-10-15,12,PT1H,MC-MagdalenaEcop,40286.04,23358.1
2024-10-15,13,PT1H,MC-MagdalenaEcop,35832.34,23589.2
2024-10-15,14,PT1H,MC-MagdalenaEcop,43068.43,23788.2
2024-10-15,15,PT1H,MC-MagdalenaEcop,41139.37,23761.9
2024-10-15,16,PT1H,MC-MagdalenaEcop,37942.78,23098.3
2024-10-15,17,PT1H,MC-MagdalenaEcop,36156.32,21006.8
2024-10-15,18,PT1H,MC-MagdalenaEcop,35059.36,21966.7
2024-10-15,19,PT1H,MC-MagdalenaEcop,31246.84,22160.2
2024-10-15,20,PT1H,MC-MagdalenaEcop,30617.73,22925.1
2024-10-15,21,PT1H,MC-MagdalenaEcop,21913.73,24486.8
2024-10-15,22,PT1H,MC-MagdalenaEcop,20184.98,24720.2
2024-10-15,23,PT1H,MC-MagdalenaEcop,18721.02,24858.9
2024-10-15,1,PT1H,MC-MagdalenaEcop,13316.79,17712.7
2024-10-16,1,PT1H,MC-MagdalenaEcop,17690.87,21819.7
2024-10-16,2,PT1H,MC-MagdalenaEcop,23449.61,21584.5
2024-10-16,16,PT1H,MC-MagdalenaEcop,10597.99,23882.3
2024-10-16,20,PT1H,MC-MagdalenaEcop,105.09,25075.8
2024-10-16,19,PT1H,MC-MagdalenaEcop,73.49,25584.2
2024-10-16,18,PT1H,MC-MagdalenaEcop,1981.1,26146.0
2024-10-16,17,PT1H,MC-MagdalenaEcop,3803.8,24294.1
2024-10-16,15,PT1H,MC-MagdalenaEcop,14204.48,23837.0
2024-10-16,14,PT1H,MC-MagdalenaEcop,13944.72,22822.5
2024-10-16,13,PT1H,MC-MagdalenaEcop,13635.31,23094.0
2024-10-16,12,PT1H,MC-MagdalenaEcop,12757.13,22897.7
2024-10-16,11,PT1H,MC-MagdalenaEcop,11694.92,22942.3
2024-10-16,10,PT1H,MC-MagdalenaEcop,12133.98,22637.5
2024-10-16,9,PT1H,MC-MagdalenaEcop,12707.66,22191.4
2024-10-16,8,PT1H,MC-MagdalenaEcop,15147.74,22272.6
2024-10-16,7,PT1H,MC-MagdalenaEcop,22901.28,22187.8
2024-10-16,6,PT1H,MC-MagdalenaEcop,24185.46,21832.9
2024-10-16,5,PT1H,MC-MagdalenaEcop,24369.56,20575.6
2024-10-16,4,PT1H,MC-MagdalenaEcop,24817.51,20902.6
2024-10-16,3,PT1H,MC-MagdalenaEcop,25585.2,21231.7
2024-10-16,21,PT1H,MC-MagdalenaEcop,208.67,24082.7
2024-10-16,22,PT1H,MC-MagdalenaEcop,636.13,21991.5
2024-10-16,23,PT1H,MC-MagdalenaEcop,5506.47,21998.8
2024-10-16,24,PT1H,MC-MagdalenaEcop,6848.31,22060.8
2024-10-17,5,PT1H,MC-MagdalenaEcop,16833.24,22360.9
2024-10-17,1,PT1H,MC-MagdalenaEcop,3301.77,23103.4
2024-10-17,24,PT1H,MC-MagdalenaEcop,18867.64,22348.0
2024-10-17,23,PT1H,MC-MagdalenaEcop,18521.41,22482.6
2024-10-17,22,PT1H,MC-MagdalenaEcop,17107.5,22650.7
2024-10-17,21,PT1H,MC-MagdalenaEcop,15863.5,23011.5
2024-10-17,20,PT1H,MC-MagdalenaEcop,20663.88,21129.7
2024-10-17,19,PT1H,MC-MagdalenaEcop,22783.84,21948.5
2024-10-17,18,PT1H,MC-MagdalenaEcop,22855.39,21594.8
2024-10-17,17,PT1H,MC-MagdalenaEcop,23509.63,22954.1
2024-10-17,6,PT1H,MC-MagdalenaEcop,16864.72,22272.6
2024-10-17,16,PT1H,MC-MagdalenaEcop,25491.09,24073.6
2024-10-17,14,PT1H,MC-MagdalenaEcop,26253.97,23145.2
2024-10-17,13,PT1H,MC-MagdalenaEcop,25635.67,24498.6
2024-10-17,12,PT1H,MC-MagdalenaEcop,25237.65,24868.7
2024-10-17,11,PT1H,MC-MagdalenaEcop,25097.6,25617.3
2024-10-17,10,PT1H,MC-MagdalenaEcop,22424.17,25228.4
2024-10-17,9,PT1H,MC-MagdalenaEcop,18880.3,21829.0
2024-10-17,8,PT1H,MC-MagdalenaEcop,17008.18,20714.8
2024-10-17,7,PT1H,MC-MagdalenaEcop,16588.77,21863.2
2024-10-17,3,PT1H,MC-MagdalenaEcop,14643.97,22847.6
2024-10-17,4,PT1H,MC-MagdalenaEcop,16684.24,22719.9
2024-10-17,15,PT1H,MC-MagdalenaEcop,26018.99,21815.4
2024-10-17,2,PT1H,MC-MagdalenaEcop,11289.16,22867.5
2024-10-18,24,PT1H,MC-MagdalenaEcop,15882.76,15517.7
2024-10-18,23,PT1H,MC-MagdalenaEcop,13854.7,15315.7
2024-10-18,19,PT1H,MC-MagdalenaEcop,18702.29,18401.1
2024-10-18,18,PT1H,MC-MagdalenaEcop,18871.88,20327.8
2024-10-18,15,PT1H,MC-MagdalenaEcop,23625.92,24918.2
2024-10-18,20,PT1H,MC-MagdalenaEcop,16822.64,17550.9
2024-10-18,21,PT1H,MC-MagdalenaEcop,14740.55,17370.3
2024-10-18,14,PT1H,MC-MagdalenaEcop,23531.71,26352.6
2024-10-18,13,PT1H,MC-MagdalenaEcop,22640.35,26855.3
2024-10-18,12,PT1H,MC-MagdalenaEcop,24513.66,27164.2
2024-10-18,11,PT1H,MC-MagdalenaEcop,24005.54,26759.6
2024-10-18,10,PT1H,MC-MagdalenaEcop,23013.27,26306.7
2024-10-18,9,PT1H,MC-MagdalenaEcop,22960.31,26017.6
2024-10-18,17,PT1H,MC-MagdalenaEcop,18783.25,20720.4
2024-10-18,8,PT1H,MC-MagdalenaEcop,23325.14,23879.5
2024-10-18,6,PT1H,MC-MagdalenaEcop,20423.12,25472.7
2024-10-18,22,PT1H,MC-MagdalenaEcop,13620.37,17155.2
2024-10-18,5,PT1H,MC-MagdalenaEcop,18285.38,25120.6
2024-10-18,4,PT1H,MC-MagdalenaEcop,17885.4,24934.1
2024-10-18,3,PT1H,MC-MagdalenaEcop,18368.49,24802.2
2024-10-18,2,PT1H,MC-MagdalenaEcop,18394.91,24047.5
2024-10-18,1,PT1H,MC-MagdalenaEcop,17808.76,24646.8
2024-10-18,7,PT1H,MC-MagdalenaEcop,21736.18,23644.4
2024-10-18,16,PT1H,MC-MagdalenaEcop,21355.37,24664.8
2024-10-19,18,PT1H,MC-MagdalenaEcop,22999.5,23204.3
2024-10-19,24,PT1H,MC-MagdalenaEcop,6870.41,23631.6
2024-10-19,23,PT1H,MC-MagdalenaEcop,7080.04,22961.3
2024-10-19,22,PT1H,MC-MagdalenaEcop,10124.18,22679.8
2024-10-19,21,PT1H,MC-MagdalenaEcop,11758.59,20535.1
2024-10-19,19,PT1H,MC-MagdalenaEcop,16016.58,21443.2
2024-10-19,17,PT1H,MC-MagdalenaEcop,22155.04,20505.7
2024-10-19,1,PT1H,MC-MagdalenaEcop,22803.85,22665.6
2024-10-19,2,PT1H,MC-MagdalenaEcop,24284.82,22588.2
2024-10-19,3,PT1H,MC-MagdalenaEcop,24524.71,21332.3
2024-10-19,4,PT1H,MC-MagdalenaEcop,25237.22,20665.9
2024-10-19,5,PT1H,MC-MagdalenaEcop,25669.94,22238.0
2024-10-19,6,PT1H,MC-MagdalenaEcop,25090.86,22213.3
2024-10-19,7,PT1H,MC-MagdalenaEcop,24531.04,21229.5
2024-10-19,20,PT1H,MC-MagdalenaEcop,10336.85,21082.0
2024-10-19,8,PT1H,MC-MagdalenaEcop,23555.48,23842.9
2024-10-19,10,PT1H,MC-MagdalenaEcop,22704.03,24328.4
2024-10-19,11,PT1H,MC-MagdalenaEcop,20461.35,25074.6
2024-10-19,12,PT1H,MC-MagdalenaEcop,20483.43,25155.0
2024-10-19,13,PT1H,MC-MagdalenaEcop,20464.65,24262.2
2024-10-19,14,PT1H,MC-MagdalenaEcop,20532.04,24219.0
2024-10-19,15,PT1H,MC-MagdalenaEcop,21301.29,24145.0
2024-10-19,16,PT1H,MC-MagdalenaEcop,21288.68,22123.5
2024-10-19,9,PT1H,MC-MagdalenaEcop,22433.56,25819.7
2024-10-20,2,PT1H,MC-MagdalenaEcop,20221.2,34283.7
2024-10-20,23,PT1H,MC-MagdalenaEcop,585.39,7449.9
2024-10-20,22,PT1H,MC-MagdalenaEcop,298.48,9470.0
2024-10-20,3,PT1H,MC-MagdalenaEcop,19496.96,34437.6
2024-10-20,4,PT1H,MC-MagdalenaEcop,18273.76,33078.8
2024-10-20,5,PT1H,MC-MagdalenaEcop,18948.86,31878.5
2024-10-20,6,PT1H,MC-MagdalenaEcop,18850.68,31221.3
2024-10-20,7,PT1H,MC-MagdalenaEcop,16634.74,29971.3
2024-10-20,8,PT1H,MC-MagdalenaEcop,15475.7,28533.8
2024-10-20,9,PT1H,MC-MagdalenaEcop,17323.6,24076.4
2024-10-20,10,PT1H,MC-MagdalenaEcop,17958.75,26275.8
2024-10-20,1,PT1H,MC-MagdalenaEcop,16979.07,33674.2
2024-10-20,11,PT1H,MC-MagdalenaEcop,17786.1,26955.4
2024-10-20,14,PT1H,MC-MagdalenaEcop,11950.07,20664.3
2024-10-20,15,PT1H,MC-MagdalenaEcop,10286.32,20166.1
2024-10-20,16,PT1H,MC-MagdalenaEcop,4611.94,20998.2
2024-10-20,17,PT1H,MC-MagdalenaEcop,4366.68,21021.9
2024-10-20,18,PT1H,MC-MagdalenaEcop,4442.51,20132.8
2024-10-20,19,PT1H,MC-MagdalenaEcop,1881.97,17693.6
2024-10-20,20,PT1H,MC-MagdalenaEcop,896.11,13576.2
2024-10-20,21,PT1H,MC-MagdalenaEcop,265.31,9407.8
2024-10-20,24,PT1H,MC-MagdalenaEcop,1689.26,7071.7
2024-10-20,12,PT1H,MC-MagdalenaEcop,17857.35,24858.0
2024-10-20,13,PT1H,MC-MagdalenaEcop,17233.86,21048.8
2024-10-21,24,PT1H,MC-MagdalenaEcop,5724.52,3091.6
2024-10-21,23,PT1H,MC-MagdalenaEcop,6763.39,8225.1
2024-10-21,22,PT1H,MC-MagdalenaEcop,7071.8,11705.9
2024-10-21,21,PT1H,MC-MagdalenaEcop,6771.53,16269.7
2024-10-21,20,PT1H,MC-MagdalenaEcop,6686.65,23121.2
2024-10-21,19,PT1H,MC-MagdalenaEcop,12798.72,22244.0
2024-10-21,18,PT1H,MC-MagdalenaEcop,15117.97,20096.7
2024-10-21,17,PT1H,MC-MagdalenaEcop,15516.86,21622.6
2024-10-21,16,PT1H,MC-MagdalenaEcop,17934.01,30502.2
2024-10-21,15,PT1H,MC-MagdalenaEcop,23350.5,30449.0
2024-10-21,14,PT1H,MC-MagdalenaEcop,24991.72,23557.6
2024-10-21,13,PT1H,MC-MagdalenaEcop,25407.15,24201.5
2024-10-21,2,PT1H,MC-MagdalenaEcop,20896.34,23416.3
2024-10-21,11,PT1H,MC-MagdalenaEcop,22676.22,25797.2
2024-10-21,10,PT1H,MC-MagdalenaEcop,23818.04,32398.1
2024-10-21,9,PT1H,MC-MagdalenaEcop,23856.58,30653.7
2024-10-21,8,PT1H,MC-MagdalenaEcop,23786.11,28325.5
2024-10-21,7,PT1H,MC-MagdalenaEcop,23609.64,26886.8
2024-10-21,6,PT1H,MC-MagdalenaEcop,24953.5,28665.8
2024-10-21,5,PT1H,MC-MagdalenaEcop,24737.88,28475.3
2024-10-21,4,PT1H,MC-MagdalenaEcop,22029.72,26595.8
2024-10-21,1,PT1H,MC-MagdalenaEcop,10067.4,21316.8
2024-10-21,3,PT1H,MC-MagdalenaEcop,24873.24,26721.1
2024-10-21,12,PT1H,MC-MagdalenaEcop,23096.08,25606.9
2024-10-22,9,PT1H,MC-MagdalenaEcop,25464.62,13947.1
2024-10-22,8,PT1H,MC-MagdalenaEcop,25795.08,15093.6
2024-10-22,7,PT1H,MC-MagdalenaEcop,26153.22,26848.6
2024-10-22,6,PT1H,MC-MagdalenaEcop,25347.64,26740.4
2024-10-22,1,PT1H,MC-MagdalenaEcop,17279.34,19661.7
2024-10-22,4,PT1H,MC-MagdalenaEcop,24283.75,26468.3
2024-10-22,3,PT1H,MC-MagdalenaEcop,24734.04,27377.0
2024-10-22,2,PT1H,MC-MagdalenaEcop,23902.2,27694.7
2024-10-22,10,PT1H,MC-MagdalenaEcop,24805.07,15824.3
2024-10-22,5,PT1H,MC-MagdalenaEcop,24386.43,26315.7
2024-10-22,11,PT1H,MC-MagdalenaEcop,24912.94,25962.0
2024-10-22,16,PT1H,MC-MagdalenaEcop,21432.89,25264.8
2024-10-22,13,PT1H,MC-MagdalenaEcop,24452.32,26220.1
2024-10-22,14,PT1H,MC-MagdalenaEcop,24087.74,26615.6
2024-10-22,15,PT1H,MC-MagdalenaEcop,24157.85,26031.9
2024-10-22,17,PT1H,MC-MagdalenaEcop,15638.28,24797.8
2024-10-22,18,PT1H,MC-MagdalenaEcop,7904.49,24553.5
2024-10-22,19,PT1H,MC-MagdalenaEcop,8242.37,24524.7
2024-10-22,20,PT1H,MC-MagdalenaEcop,6361.39,23109.2
2024-10-22,21,PT1H,MC-MagdalenaEcop,3358.64,22072.8
2024-10-22,22,PT1H,MC-MagdalenaEcop,606.74,20507.0
2024-10-22,23,PT1H,MC-MagdalenaEcop,136.56,19315.7
2024-10-22,12,PT1H,MC-MagdalenaEcop,24261.26,25846.9
2024-10-22,24,PT1H,MC-MagdalenaEcop,55.7,19152.5
2024-10-23,11,PT1H,MC-MagdalenaEcop,18470.65,24164.5
2024-10-23,23,PT1H,MC-MagdalenaEcop,19105.67,27810.1
2024-10-23,2,PT1H,MC-MagdalenaEcop,14656.85,13702.3
2024-10-23,3,PT1H,MC-MagdalenaEcop,23028.98,14414.6
2024-10-23,4,PT1H,MC-MagdalenaEcop,24840.0,14766.1
2024-10-23,5,PT1H,MC-MagdalenaEcop,25001.31,15948.0
2024-10-23,6,PT1H,MC-MagdalenaEcop,25068.45,17119.1
2024-10-23,7,PT1H,MC-MagdalenaEcop,24676.54,16763.9
2024-10-23,8,PT1H,MC-MagdalenaEcop,24680.18,20448.8
2024-10-23,9,PT1H,MC-MagdalenaEcop,22691.56,22938.1
2024-10-23,10,PT1H,MC-MagdalenaEcop,21206.34,23834.6
2024-10-23,12,PT1H,MC-MagdalenaEcop,23188.69,24265.7
2024-10-23,1,PT1H,MC-MagdalenaEcop,3719.16,13142.0
2024-10-23,24,PT1H,MC-MagdalenaEcop,19084.83,27288.9
2024-10-23,14,PT1H,MC-MagdalenaEcop,19941.69,27628.6
2024-10-23,15,PT1H,MC-MagdalenaEcop,21751.51,29152.4
2024-10-23,16,PT1H,MC-MagdalenaEcop,24922.03,29563.4
2024-10-23,17,PT1H,MC-MagdalenaEcop,24597.83,28772.1
2024-10-23,18,PT1H,MC-MagdalenaEcop,23413.1,28393.9
2024-10-23,19,PT1H,MC-MagdalenaEcop,21672.51,29300.1
2024-10-23,20,PT1H,MC-MagdalenaEcop,22534.71,28679.7
2024-10-23,21,PT1H,MC-MagdalenaEcop,22624.9,28810.7
2024-10-23,22,PT1H,MC-MagdalenaEcop,19652.15,28613.9
2024-10-23,13,PT1H,MC-MagdalenaEcop,23869.18,24424.3
2024-10-24,16,PT1H,MC-MagdalenaEcop,13101.29,21527.1
2024-10-24,17,PT1H,MC-MagdalenaEcop,12046.5,24076.3
2024-10-24,18,PT1H,MC-MagdalenaEcop,10128.2,26292.2
2024-10-24,23,PT1H,MC-MagdalenaEcop,12452.34,23232.1
2024-10-24,20,PT1H,MC-MagdalenaEcop,10845.06,24612.6
2024-10-24,21,PT1H,MC-MagdalenaEcop,11102.12,22340.1
2024-10-24,22,PT1H,MC-MagdalenaEcop,12412.35,20677.9
2024-10-24,15,PT1H,MC-MagdalenaEcop,11833.95,24746.8
2024-10-24,19,PT1H,MC-MagdalenaEcop,11227.43,27807.4
2024-10-24,14,PT1H,MC-MagdalenaEcop,11357.23,26107.3
2024-10-24,3,PT1H,MC-MagdalenaEcop,12086.69,24213.6
2024-10-24,12,PT1H,MC-MagdalenaEcop,12216.91,24805.4
2024-10-24,11,PT1H,MC-MagdalenaEcop,11250.28,21615.2
2024-10-24,10,PT1H,MC-MagdalenaEcop,10014.23,19672.7
2024-10-24,8,PT1H,MC-MagdalenaEcop,9293.92,18851.0
2024-10-24,7,PT1H,MC-MagdalenaEcop,11554.81,20099.6
2024-10-24,6,PT1H,MC-MagdalenaEcop,11400.28,21806.4
2024-10-24,5,PT1H,MC-MagdalenaEcop,13888.59,25086.3
2024-10-24,4,PT1H,MC-MagdalenaEcop,13831.57,24177.2
2024-10-24,24,PT1H,MC-MagdalenaEcop,11610.62,23538.1
2024-10-24,13,PT1H,MC-MagdalenaEcop,11725.28,25550.6
2024-10-24,9,PT1H,MC-MagdalenaEcop,10395.41,20740.3
2024-10-24,1,PT1H,MC-MagdalenaEcop,19153.17,24347.1
2024-10-24,2,PT1H,MC-MagdalenaEcop,17115.05,24022.7
2024-10-25,3,PT1H,MC-MagdalenaEcop,11442.84,29463.6
2024-10-25,6,PT1H,MC-MagdalenaEcop,23122.01,29668.2
2024-10-25,7,PT1H,MC-MagdalenaEcop,22853.14,26164.7
2024-10-25,8,PT1H,MC-MagdalenaEcop,23769.24,24401.5
2024-10-25,9,PT1H,MC-MagdalenaEcop,25076.12,24828.4
2024-10-25,10,PT1H,MC-MagdalenaEcop,25282.55,22584.6
2024-10-25,11,PT1H,MC-MagdalenaEcop,25389.99,23660.6
2024-10-25,12,PT1H,MC-MagdalenaEcop,25096.39,23234.6
2024-10-25,13,PT1H,MC-MagdalenaEcop,24217.94,21567.9
2024-10-25,14,PT1H,MC-MagdalenaEcop,23012.96,19896.3
2024-10-25,15,PT1H,MC-MagdalenaEcop,22538.38,20274.9
2024-10-25,16,PT1H,MC-MagdalenaEcop,21712.25,20886.0
2024-10-25,17,PT1H,MC-MagdalenaEcop,21024.01,20030.6
2024-10-25,18,PT1H,MC-MagdalenaEcop,20412.99,19448.2
2024-10-25,19,PT1H,MC-MagdalenaEcop,20427.7,18776.4
2024-10-25,20,PT1H,MC-MagdalenaEcop,19780.07,17465.9
2024-10-25,21,PT1H,MC-MagdalenaEcop,16729.6,16825.7
2024-10-25,22,PT1H,MC-MagdalenaEcop,16665.93,20945.9
2024-10-25,23,PT1H,MC-MagdalenaEcop,17445.08,22172.7
2024-10-25,24,PT1H,MC-MagdalenaEcop,18454.0,21747.4
2024-10-25,5,PT1H,MC-MagdalenaEcop,18484.17,28270.3
2024-10-25,2,PT1H,MC-MagdalenaEcop,11039.09,29151.4
2024-10-25,4,PT1H,MC-MagdalenaEcop,10819.03,29032.7
2024-10-25,1,PT1H,MC-MagdalenaEcop,11572.78,29447.6
2024-10-26,1,PT1H,MC-MagdalenaEcop,21564.45,34136.3
2024-10-26,2,PT1H,MC-MagdalenaEcop,23184.26,32264.5
2024-10-26,3,PT1H,MC-MagdalenaEcop,23323.48,32670.6
2024-10-26,4,PT1H,MC-MagdalenaEcop,23271.65,29679.1
2024-10-26,5,PT1H,MC-MagdalenaEcop,23432.21,31675.8
2024-10-26,6,PT1H,MC-MagdalenaEcop,23517.61,36047.3
2024-10-26,7,PT1H,MC-MagdalenaEcop,23041.82,33308.6
2024-10-26,8,PT1H,MC-MagdalenaEcop,17462.29,35921.8
2024-10-26,9,PT1H,MC-MagdalenaEcop,17055.19,38260.1
2024-10-26,22,PT1H,MC-MagdalenaEcop,20655.65,3328.8
2024-10-26,21,PT1H,MC-MagdalenaEcop,20656.87,3494.3
2024-10-26,12,PT1H,MC-MagdalenaEcop,18655.42,39831.9
2024-10-26,13,PT1H,MC-MagdalenaEcop,18244.04,39284.9
2024-10-26,14,PT1H,MC-MagdalenaEcop,18464.32,39614.9
2024-10-26,15,PT1H,MC-MagdalenaEcop,18548.98,27789.2
2024-10-26,16,PT1H,MC-MagdalenaEcop,18606.13,13076.7
2024-10-26,17,PT1H,MC-MagdalenaEcop,18724.54,1591.4
2024-10-26,18,PT1H,MC-MagdalenaEcop,19167.86,614.1
2024-10-26,19,PT1H,MC-MagdalenaEcop,19853.46,3114.1
2024-10-26,20,PT1H,MC-MagdalenaEcop,22899.37,1620.8
2024-10-26,11,PT1H,MC-MagdalenaEcop,19985.99,38339.5
2024-10-26,10,PT1H,MC-MagdalenaEcop,20343.99,38873.8
2024-10-26,23,PT1H,MC-MagdalenaEcop,20576.91,1931.9
2024-10-26,24,PT1H,MC-MagdalenaEcop,20452.22,3475.6
2024-10-27,20,PT1H,MC-MagdalenaEcop,22247.73,23279.6
2024-10-27,23,PT1H,MC-MagdalenaEcop,22665.41,25734.5
2024-10-27,22,PT1H,MC-MagdalenaEcop,23018.11,25611.6
2024-10-27,21,PT1H,MC-MagdalenaEcop,22490.1,26051.2
2024-10-27,1,PT1H,MC-MagdalenaEcop,19700.95,17239.5
2024-10-27,2,PT1H,MC-MagdalenaEcop,21619.45,23230.6
2024-10-27,3,PT1H,MC-MagdalenaEcop,21561.03,23411.7
2024-10-27,4,PT1H,MC-MagdalenaEcop,21278.01,23402.6
2024-10-27,5,PT1H,MC-MagdalenaEcop,18292.41,22492.3
2024-10-27,6,PT1H,MC-MagdalenaEcop,16725.71,24015.2
2024-10-27,24,PT1H,MC-MagdalenaEcop,22452.76,26015.9
2024-10-27,7,PT1H,MC-MagdalenaEcop,16873.83,23395.7
2024-10-27,9,PT1H,MC-MagdalenaEcop,23470.42,24285.9
2024-10-27,10,PT1H,MC-MagdalenaEcop,23657.48,24399.9
2024-10-27,11,PT1H,MC-MagdalenaEcop,23810.01,24714.9
2024-10-27,12,PT1H,MC-MagdalenaEcop,23830.73,23097.2
2024-10-27,13,PT1H,MC-MagdalenaEcop,23560.29,23561.9
2024-10-27,14,PT1H,MC-MagdalenaEcop,22782.87,23744.7
2024-10-27,15,PT1H,MC-MagdalenaEcop,23729.04,21280.2
2024-10-27,16,PT1H,MC-MagdalenaEcop,22259.33,20696.3
2024-10-27,17,PT1H,MC-MagdalenaEcop,19481.61,21790.7
2024-10-27,18,PT1H,MC-MagdalenaEcop,19048.93,21699.3
2024-10-27,8,PT1H,MC-MagdalenaEcop,22366.14,23921.6
2024-10-27,19,PT1H,MC-MagdalenaEcop,19619.82,22873.3
2024-10-28,1,PT1H,MC-MagdalenaEcop,22595.72,39511.8
2024-10-28,21,PT1H,MC-MagdalenaEcop,26269.64,8219.6
2024-10-28,22,PT1H,MC-MagdalenaEcop,26023.27,9408.1
2024-10-28,23,PT1H,MC-MagdalenaEcop,25842.04,10521.1
2024-10-28,24,PT1H,MC-MagdalenaEcop,24629.15,9934.7
2024-10-28,18,PT1H,MC-MagdalenaEcop,24803.26,17179.6
2024-10-28,17,PT1H,MC-MagdalenaEcop,28553.06,15017.3
2024-10-28,16,PT1H,MC-MagdalenaEcop,30505.1,18084.2
2024-10-28,15,PT1H,MC-MagdalenaEcop,30215.97,17448.8
2024-10-28,14,PT1H,MC-MagdalenaEcop,24976.8,17267.8
2024-10-28,13,PT1H,MC-MagdalenaEcop,21811.53,17019.3
2024-10-28,19,PT1H,MC-MagdalenaEcop,24947.02,11356.8
2024-10-28,12,PT1H,MC-MagdalenaEcop,24020.62,20287.6
2024-10-28,10,PT1H,MC-MagdalenaEcop,23758.9,21357.1
2024-10-28,9,PT1H,MC-MagdalenaEcop,21291.18,14314.4
2024-10-28,8,PT1H,MC-MagdalenaEcop,20047.07,18846.5
2024-10-28,7,PT1H,MC-MagdalenaEcop,18318.2,30982.2
2024-10-28,6,PT1H,MC-MagdalenaEcop,18522.34,36006.4
2024-10-28,5,PT1H,MC-MagdalenaEcop,18930.37,41182.1
2024-10-28,4,PT1H,MC-MagdalenaEcop,19310.61,41674.0
2024-10-28,3,PT1H,MC-MagdalenaEcop,20984.03,40735.0
2024-10-28,2,PT1H,MC-MagdalenaEcop,22431.08,39152.5
2024-10-28,11,PT1H,MC-MagdalenaEcop,25355.81,21393.6
2024-10-28,20,PT1H,MC-MagdalenaEcop,25588.91,7335.2
2024-10-29,7,PT1H,MC-MagdalenaEcop,19255.21,22251.7
2024-10-29,24,PT1H,MC-MagdalenaEcop,27917.67,10323.5
2024-10-29,8,PT1H,MC-MagdalenaEcop,21186.59,25235.4
2024-10-29,9,PT1H,MC-MagdalenaEcop,24345.23,29197.2
2024-10-29,10,PT1H,MC-MagdalenaEcop,27214.79,30146.0
2024-10-29,11,PT1H,MC-MagdalenaEcop,29441.1,30371.8
2024-10-29,12,PT1H,MC-MagdalenaEcop,31191.05,27768.2
2024-10-29,13,PT1H,MC-MagdalenaEcop,32133.34,24699.5
2024-10-29,14,PT1H,MC-MagdalenaEcop,28635.58,29685.4
2024-10-29,6,PT1H,MC-MagdalenaEcop,24379.41,24051.8
2024-10-29,5,PT1H,MC-MagdalenaEcop,23003.0,21001.4
2024-10-29,17,PT1H,MC-MagdalenaEcop,30350.81,24922.7
2024-10-29,18,PT1H,MC-MagdalenaEcop,33566.66,24166.9
2024-10-29,19,PT1H,MC-MagdalenaEcop,34139.3,21529.9
2024-10-29,20,PT1H,MC-MagdalenaEcop,33366.38,21096.5
2024-10-29,21,PT1H,MC-MagdalenaEcop,29165.22,15099.2
2024-10-29,22,PT1H,MC-MagdalenaEcop,29470.49,13918.0
2024-10-29,23,PT1H,MC-MagdalenaEcop,27969.48,12909.3
2024-10-29,16,PT1H,MC-MagdalenaEcop,29459.2,26153.6
2024-10-29,15,PT1H,MC-MagdalenaEcop,29698.58,28356.2
2024-10-29,1,PT1H,MC-MagdalenaEcop,22198.07,9185.6
2024-10-29,4,PT1H,MC-MagdalenaEcop,21370.31,18571.5
2024-10-29,3,PT1H,MC-MagdalenaEcop,21660.74,16993.1
2024-10-29,2,PT1H,MC-MagdalenaEcop,22174.41,16811.7
2024-10-30,24,PT1H,MC-MagdalenaEcop,18331.78,12017.7
2024-10-30,23,PT1H,MC-MagdalenaEcop,18654.55,9664.9
2024-10-30,22,PT1H,MC-MagdalenaEcop,21309.41,1125.4
2024-10-30,21,PT1H,MC-MagdalenaEcop,18395.47,365.9
2024-10-30,20,PT1H,MC-MagdalenaEcop,8958.31,184.3
2024-10-30,19,PT1H,MC-MagdalenaEcop,20041.44,128.9
2024-10-30,18,PT1H,MC-MagdalenaEcop,15641.35,3483.6
2024-10-30,17,PT1H,MC-MagdalenaEcop,14295.11,6679.5
2024-10-30,16,PT1H,MC-MagdalenaEcop,21354.8,18592.3
2024-10-30,14,PT1H,MC-MagdalenaEcop,21334.03,24460.4
2024-10-30,2,PT1H,MC-MagdalenaEcop,31789.67,41126.0
2024-10-30,11,PT1H,MC-MagdalenaEcop,23377.24,20515.6
2024-10-30,10,PT1H,MC-MagdalenaEcop,33161.05,21285.4
2024-10-30,9,PT1H,MC-MagdalenaEcop,32096.32,22291.3
2024-10-30,8,PT1H,MC-MagdalenaEcop,32424.37,26569.7
2024-10-30,7,PT1H,MC-MagdalenaEcop,29689.82,40164.6
2024-10-30,6,PT1H,MC-MagdalenaEcop,29730.36,42416.2
2024-10-30,5,PT1H,MC-MagdalenaEcop,31348.29,42739.0
2024-10-30,4,PT1H,MC-MagdalenaEcop,31697.38,43524.4
2024-10-30,3,PT1H,MC-MagdalenaEcop,32094.47,44870.5
2024-10-30,1,PT1H,MC-MagdalenaEcop,27619.01,31028.8
2024-10-30,12,PT1H,MC-MagdalenaEcop,25732.17,22378.1
2024-10-30,13,PT1H,MC-MagdalenaEcop,23435.92,23917.8
2024-10-30,15,PT1H,MC-MagdalenaEcop,28766.57,24915.8
2024-10-31,22,PT1H,MC-MagdalenaEcop,24555.56,32303.4
2024-10-31,24,PT1H,MC-MagdalenaEcop,21956.06,35625.9
2024-10-31,21,PT1H,MC-MagdalenaEcop,30346.27,29945.1
2024-10-31,20,PT1H,MC-MagdalenaEcop,31620.55,39006.7
2024-10-31,19,PT1H,MC-MagdalenaEcop,31703.57,43008.4
2024-10-31,18,PT1H,MC-MagdalenaEcop,30595.67,43153.5
2024-10-31,17,PT1H,MC-MagdalenaEcop,32203.36,44388.5
2024-10-31,16,PT1H,MC-MagdalenaEcop,31718.71,48128.9
2024-10-31,15,PT1H,MC-MagdalenaEcop,32155.24,49125.4
2024-10-31,14,PT1H,MC-MagdalenaEcop,32327.15,49568.9
2024-10-31,13,PT1H,MC-MagdalenaEcop,31270.13,48401.8
2024-10-31,12,PT1H,MC-MagdalenaEcop,31250.98,47650.4
2024-10-31,23,PT1H,MC-MagdalenaEcop,21926.4,34972.4
2024-10-31,10,PT1H,MC-MagdalenaEcop,32104.1,42339.5
2024-10-31,9,PT1H,MC-MagdalenaEcop,30675.8,35649.8
2024-10-31,8,PT1H,MC-MagdalenaEcop,19204.09,32115.9
2024-10-31,7,PT1H,MC-MagdalenaEcop,20208.35,31324.2
2024-10-31,6,PT1H,MC-MagdalenaEcop,17986.83,31845.1
2024-10-31,5,PT1H,MC-MagdalenaEcop,17543.25,31785.7
2024-10-31,4,PT1H,MC-MagdalenaEcop,19444.0,31504.4
2024-10-31,3,PT1H,MC-MagdalenaEcop,19888.89,27653.0
2024-10-31,2,PT1H,MC-MagdalenaEcop,19101.02,21320.2
2024-10-31,1,PT1H,MC-MagdalenaEcop,19216.1,6242.7
2024-10-31,11,PT1H,MC-MagdalenaEcop,33892.07,47386.1
2024-11-01,9,PT1H,MC-MagdalenaEcop,36714.97,43246.9
2024-11-01,8,PT1H,MC-MagdalenaEcop,32135.24,43933.9
2024-11-01,7,PT1H,MC-MagdalenaEcop,29930.88,40941.7
2024-11-01,2,PT1H,MC-MagdalenaEcop,22910.85,34649.7
2024-11-01,5,PT1H,MC-MagdalenaEcop,26403.78,34443.5
2024-11-01,4,PT1H,MC-MagdalenaEcop,22586.11,33690.3
2024-11-01,3,PT1H,MC-MagdalenaEcop,22697.12,34600.0
2024-11-01,6,PT1H,MC-MagdalenaEcop,30151.62,38469.1
2024-11-01,10,PT1H,MC-MagdalenaEcop,37231.61,43346.7
2024-11-01,15,PT1H,MC-MagdalenaEcop,37742.14,44500.4
2024-11-01,12,PT1H,MC-MagdalenaEcop,38038.12,46172.1
2024-11-01,13,PT1H,MC-MagdalenaEcop,35304.77,42644.4
2024-11-01,14,PT1H,MC-MagdalenaEcop,36970.53,44322.9
2024-11-01,16,PT1H,MC-MagdalenaEcop,36219.96,40224.6
2024-11-01,17,PT1H,MC-MagdalenaEcop,32357.17,35381.0
2024-11-01,18,PT1H,MC-MagdalenaEcop,32942.77,35547.9
2024-11-01,19,PT1H,MC-MagdalenaEcop,33094.85,35218.6
2024-11-01,20,PT1H,MC-MagdalenaEcop,31082.24,31679.0
2024-11-01,21,PT1H,MC-MagdalenaEcop,27796.08,27758.2
2024-11-01,1,PT1H,MC-MagdalenaEcop,22804.25,33546.0
2024-11-01,11,PT1H,MC-MagdalenaEcop,37781.19,45215.2
2024-11-01,23,PT1H,MC-MagdalenaEcop,20469.96,26100.0
2024-11-01,24,PT1H,MC-MagdalenaEcop,20359.12,29919.1
2024-11-01,22,PT1H,MC-MagdalenaEcop,22489.83,25658.7
2024-11-02,23,PT1H,MC-MagdalenaEcop,36557.3,13355.1
2024-11-02,22,PT1H,MC-MagdalenaEcop,34502.32,19092.9
2024-11-02,21,PT1H,MC-MagdalenaEcop,36955.19,22163.6
2024-11-02,20,PT1H,MC-MagdalenaEcop,37227.99,19483.8
2024-11-02,19,PT1H,MC-MagdalenaEcop,37119.67,30189.4
2024-11-02,18,PT1H,MC-MagdalenaEcop,35362.55,43361.4
2024-11-02,17,PT1H,MC-MagdalenaEcop,35771.32,41769.7
2024-11-02,16,PT1H,MC-MagdalenaEcop,33719.55,40136.7
2024-11-02,15,PT1H,MC-MagdalenaEcop,34914.33,40160.5
2024-11-02,14,PT1H,MC-MagdalenaEcop,37020.34,38710.5
2024-11-02,1,PT1H,MC-MagdalenaEcop,18858.57,42992.6
2024-11-02,13,PT1H,MC-MagdalenaEcop,35599.83,38583.5
2024-11-02,24,PT1H,MC-MagdalenaEcop,34926.75,12959.9
2024-11-02,10,PT1H,MC-MagdalenaEcop,28533.96,42804.5
2024-11-02,9,PT1H,MC-MagdalenaEcop,23986.01,42294.7
2024-11-02,8,PT1H,MC-MagdalenaEcop,20879.81,44409.4
2024-11-02,7,PT1H,MC-MagdalenaEcop,20600.41,46248.2
2024-11-02,6,PT1H,MC-MagdalenaEcop,19290.93,47303.4
2024-11-02,5,PT1H,MC-MagdalenaEcop,19417.95,48394.9
2024-11-02,4,PT1H,MC-MagdalenaEcop,20602.73,47579.2
2024-11-02,3,PT1H,MC-MagdalenaEcop,20603.44,46236.2
2024-11-02,2,PT1H,MC-MagdalenaEcop,20229.49,45784.1
2024-11-02,12,PT1H,MC-MagdalenaEcop,31501.23,38618.9
2024-11-02,11,PT1H,MC-MagdalenaEcop,29358.97,38577.3
2024-11-03,1,PT1H,MC-MagdalenaEcop,33469.43,55159.6
2024-11-03,13,PT1H,MC-MagdalenaEcop,36514.48,55987.2
2024-11-03,5,PT1H,MC-MagdalenaEcop,35482.61,61557.7
2024-11-03,6,PT1H,MC-MagdalenaEcop,36932.27,61238.8
2024-11-03,7,PT1H,MC-MagdalenaEcop,35977.42,54041.2
2024-11-03,8,PT1H,MC-MagdalenaEcop,36180.72,50276.5
2024-11-03,9,PT1H,MC-MagdalenaEcop,37079.63,56278.7
2024-11-03,10,PT1H,MC-MagdalenaEcop,38079.96,58341.7
2024-11-03,11,PT1H,MC-MagdalenaEcop,39627.48,57780.9
2024-11-03,12,PT1H,MC-MagdalenaEcop,39913.46,58012.4
2024-11-03,2,PT1H,MC-MagdalenaEcop,34611.47,65690.4
2024-11-03,4,PT1H,MC-MagdalenaEcop,34055.76,59364.9
2024-11-03,14,PT1H,MC-MagdalenaEcop,33081.5,38825.0
2024-11-03,16,PT1H,MC-MagdalenaEcop,31209.64,14990.0
2024-11-03,17,PT1H,MC-MagdalenaEcop,28891.95,14193.4
2024-11-03,18,PT1H,MC-MagdalenaEcop,30295.8,14439.7
2024-11-03,19,PT1H,MC-MagdalenaEcop,32043.3,6112.8
2024-11-03,20,PT1H,MC-MagdalenaEcop,31515.76,2910.6
2024-11-03,21,PT1H,MC-MagdalenaEcop,30796.25,861.8
2024-11-03,22,PT1H,MC-MagdalenaEcop,33214.91,979.5
2024-11-03,23,PT1H,MC-MagdalenaEcop,31247.02,1911.4
2024-11-03,24,PT1H,MC-MagdalenaEcop,29398.0,5496.9
2024-11-03,15,PT1H,MC-MagdalenaEcop,32474.74,33420.9
2024-11-03,3,PT1H,MC-MagdalenaEcop,34434.86,63338.0
2024-11-04,1,PT1H,MC-MagdalenaEcop,32402.68,35079.1
2024-11-04,24,PT1H,MC-MagdalenaEcop,33860.76,38235.0
2024-11-04,23,PT1H,MC-MagdalenaEcop,34227.68,40117.4
2024-11-04,12,PT1H,MC-MagdalenaEcop,33053.43,37290.5
2024-11-04,11,PT1H,MC-MagdalenaEcop,33056.85,39362.8
2024-11-04,19,PT1H,MC-MagdalenaEcop,34821.45,38718.3
2024-11-04,18,PT1H,MC-MagdalenaEcop,32620.26,38505.2
2024-11-04,17,PT1H,MC-MagdalenaEcop,32032.46,44325.0
2024-11-04,16,PT1H,MC-MagdalenaEcop,32058.75,47354.6
2024-11-04,15,PT1H,MC-MagdalenaEcop,32300.64,46905.8
2024-11-04,14,PT1H,MC-MagdalenaEcop,32099.48,38774.5
2024-11-04,13,PT1H,MC-MagdalenaEcop,32884.3,33862.0
2024-11-04,22,PT1H,MC-MagdalenaEcop,34560.93,40398.7
2024-11-04,20,PT1H,MC-MagdalenaEcop,34414.15,39714.5
2024-11-04,21,PT1H,MC-MagdalenaEcop,33533.88,40771.1
2024-11-04,9,PT1H,MC-MagdalenaEcop,36218.99,33054.4
2024-11-04,8,PT1H,MC-MagdalenaEcop,33554.45,31123.5
2024-11-04,7,PT1H,MC-MagdalenaEcop,34126.75,28440.2
2024-11-04,6,PT1H,MC-MagdalenaEcop,35997.9,28757.1
2024-11-04,5,PT1H,MC-MagdalenaEcop,34437.87,29390.3
2024-11-04,4,PT1H,MC-MagdalenaEcop,34966.14,29980.5
2024-11-04,3,PT1H,MC-MagdalenaEcop,34685.24,32577.7
2024-11-04,2,PT1H,MC-MagdalenaEcop,34244.82,34823.5
2024-11-04,10,PT1H,MC-MagdalenaEcop,34086.07,36884.3
2024-11-05,18,PT1H,MC-MagdalenaEcop,18431.06,26945.6
2024-11-05,24,PT1H,MC-MagdalenaEcop,26634.33,22412.6
2024-11-05,23,PT1H,MC-MagdalenaEcop,25801.68,22454.2
2024-11-05,17,PT1H,MC-MagdalenaEcop,9875.85,24365.1
2024-11-05,16,PT1H,MC-MagdalenaEcop,4261.61,23649.6
2024-11-05,15,PT1H,MC-MagdalenaEcop,3961.89,23841.7
2024-11-05,14,PT1H,MC-MagdalenaEcop,3005.44,22988.7
2024-11-05,13,PT1H,MC-MagdalenaEcop,5758.55,25795.5
2024-11-05,12,PT1H,MC-MagdalenaEcop,9160.22,25039.3
2024-11-05,11,PT1H,MC-MagdalenaEcop,11917.13,23635.1
2024-11-05,20,PT1H,MC-MagdalenaEcop,26448.91,26774.9
2024-11-05,9,PT1H,MC-MagdalenaEcop,21499.42,19545.9
2024-11-05,8,PT1H,MC-MagdalenaEcop,21160.66,17011.2
2024-11-05,7,PT1H,MC-MagdalenaEcop,21227.55,15461.4
2024-11-05,6,PT1H,MC-MagdalenaEcop,20418.3,19573.3
2024-11-05,5,PT1H,MC-MagdalenaEcop,18861.62,18468.8
2024-11-05,4,PT1H,MC-MagdalenaEcop,21640.73,17158.7
2024-11-05,3,PT1H,MC-MagdalenaEcop,24381.43,17391.7
2024-11-05,2,PT1H,MC-MagdalenaEcop,30196.38,17803.9
2024-11-05,1,PT1H,MC-MagdalenaEcop,31152.37,17822.9
2024-11-05,21,PT1H,MC-MagdalenaEcop,26405.61,23403.7
2024-11-05,22,PT1H,MC-MagdalenaEcop,25733.65,23658.7
2024-11-05,19,PT1H,MC-MagdalenaEcop,18360.26,27395.1
2024-11-05,10,PT1H,MC-MagdalenaEcop,14115.42,21848.6
2024-11-06,11,PT1H,MC-MagdalenaEcop,22603.5,18833.9
2024-11-06,23,PT1H,MC-MagdalenaEcop,21905.92,19481.0
2024-11-06,1,PT1H,MC-MagdalenaEcop,19622.43,3800.3
2024-11-06,2,PT1H,MC-MagdalenaEcop,21555.7,14947.1
2024-11-06,3,PT1H,MC-MagdalenaEcop,21220.54,23479.4
2024-11-06,4,PT1H,MC-MagdalenaEcop,21800.43,25325.0
2024-11-06,5,PT1H,MC-MagdalenaEcop,24433.19,25489.4
2024-11-06,6,PT1H,MC-MagdalenaEcop,23318.41,25557.9
2024-11-06,7,PT1H,MC-MagdalenaEcop,21109.23,25158.4
2024-11-06,8,PT1H,MC-MagdalenaEcop,21732.96,25162.2
2024-11-06,9,PT1H,MC-MagdalenaEcop,22215.85,23135.5
2024-11-06,10,PT1H,MC-MagdalenaEcop,22898.65,21621.9
2024-11-06,12,PT1H,MC-MagdalenaEcop,13786.14,23642.1
2024-11-06,13,PT1H,MC-MagdalenaEcop,12430.96,24335.6
2024-11-06,14,PT1H,MC-MagdalenaEcop,13514.1,20333.0
2024-11-06,15,PT1H,MC-MagdalenaEcop,15049.06,22177.5
2024-11-06,16,PT1H,MC-MagdalenaEcop,15761.07,25408.6
2024-11-06,17,PT1H,MC-MagdalenaEcop,14881.02,25078.2
2024-11-06,18,PT1H,MC-MagdalenaEcop,15184.01,23870.8
2024-11-06,19,PT1H,MC-MagdalenaEcop,19107.88,22087.0
2024-11-06,20,PT1H,MC-MagdalenaEcop,25333.14,22965.7
2024-11-06,21,PT1H,MC-MagdalenaEcop,25258.75,23057.6
2024-11-06,22,PT1H,MC-MagdalenaEcop,24150.74,20038.0
2024-11-06,24,PT1H,MC-MagdalenaEcop,22455.55,19459.8
2024-11-07,23,PT1H,MC-MagdalenaEcop,37938.87,22362.7
2024-11-07,22,PT1H,MC-MagdalenaEcop,38990.2,22290.9
2024-11-07,24,PT1H,MC-MagdalenaEcop,37038.83,20851.8
2024-11-07,1,PT1H,MC-MagdalenaEcop,22043.28,34391.1
2024-11-07,2,PT1H,MC-MagdalenaEcop,22276.82,30732.6
2024-11-07,4,PT1H,MC-MagdalenaEcop,17755.06,24838.5
2024-11-07,5,PT1H,MC-MagdalenaEcop,21166.51,24940.9
2024-11-07,6,PT1H,MC-MagdalenaEcop,21618.86,20474.2
2024-11-07,7,PT1H,MC-MagdalenaEcop,16247.98,20751.6
2024-11-07,8,PT1H,MC-MagdalenaEcop,3196.83,16693.2
2024-11-07,9,PT1H,MC-MagdalenaEcop,739.41,18670.4
2024-11-07,10,PT1H,MC-MagdalenaEcop,1540.66,17986.2
2024-11-07,11,PT1H,MC-MagdalenaEcop,4293.92,20205.0
2024-11-07,3,PT1H,MC-MagdalenaEcop,19011.38,21706.4
2024-11-07,13,PT1H,MC-MagdalenaEcop,4380.19,21057.6
2024-11-07,14,PT1H,MC-MagdalenaEcop,6387.68,20396.9
2024-11-07,15,PT1H,MC-MagdalenaEcop,18987.1,21252.7
2024-11-07,16,PT1H,MC-MagdalenaEcop,19545.07,23527.6
2024-11-07,17,PT1H,MC-MagdalenaEcop,19583.42,21634.2
2024-11-07,18,PT1H,MC-MagdalenaEcop,21852.64,18190.7
2024-11-07,19,PT1H,MC-MagdalenaEcop,30704.69,20153.9
2024-11-07,20,PT1H,MC-MagdalenaEcop,34724.29,19467.6
2024-11-07,21,PT1H,MC-MagdalenaEcop,35927.19,19929.0
2024-11-07,12,PT1H,MC-MagdalenaEcop,5044.19,21940.1
2024-11-08,12,PT1H,MC-MagdalenaEcop,24741.81,27628.2
2024-11-08,13,PT1H,MC-MagdalenaEcop,24028.45,26661.5
2024-11-08,14,PT1H,MC-MagdalenaEcop,23559.18,25335.4
2024-11-08,15,PT1H,MC-MagdalenaEcop,24907.2,24813.1
2024-11-08,18,PT1H,MC-MagdalenaEcop,20190.7,22474.2
2024-11-08,24,PT1H,MC-MagdalenaEcop,26606.17,20318.3
2024-11-08,17,PT1H,MC-MagdalenaEcop,22871.57,23146.6
2024-11-08,11,PT1H,MC-MagdalenaEcop,25265.32,27951.3
2024-11-08,19,PT1H,MC-MagdalenaEcop,19128.54,22480.4
2024-11-08,16,PT1H,MC-MagdalenaEcop,24911.0,23904.0
2024-11-08,10,PT1H,MC-MagdalenaEcop,17588.51,27833.1
2024-11-08,6,PT1H,MC-MagdalenaEcop,9838.83,25455.4
2024-11-08,22,PT1H,MC-MagdalenaEcop,22273.31,18350.6
2024-11-08,8,PT1H,MC-MagdalenaEcop,10846.49,26167.7
2024-11-08,7,PT1H,MC-MagdalenaEcop,10083.1,25159.5
2024-11-08,5,PT1H,MC-MagdalenaEcop,10491.66,20351.5
2024-11-08,4,PT1H,MC-MagdalenaEcop,8464.31,11916.2
2024-11-08,3,PT1H,MC-MagdalenaEcop,5302.98,12602.7
2024-11-08,2,PT1H,MC-MagdalenaEcop,11374.67,12158.3
2024-11-08,21,PT1H,MC-MagdalenaEcop,21353.6,18410.7
2024-11-08,20,PT1H,MC-MagdalenaEcop,21241.61,21767.7
2024-11-08,1,PT1H,MC-MagdalenaEcop,21653.96,12745.7
2024-11-08,9,PT1H,MC-MagdalenaEcop,9262.13,27605.9
2024-11-08,23,PT1H,MC-MagdalenaEcop,26877.99,19208.0
2024-11-09,21,PT1H,MC-MagdalenaEcop,25465.54,22024.2
2024-11-09,23,PT1H,MC-MagdalenaEcop,24674.85,21949.0
2024-11-09,1,PT1H,MC-MagdalenaEcop,26270.75,23001.9
2024-11-09,2,PT1H,MC-MagdalenaEcop,29099.71,24728.9
2024-11-09,3,PT1H,MC-MagdalenaEcop,27209.18,24877.4
2024-11-09,4,PT1H,MC-MagdalenaEcop,27335.82,24822.1
2024-11-09,5,PT1H,MC-MagdalenaEcop,25507.09,24993.3
2024-11-09,24,PT1H,MC-MagdalenaEcop,23049.57,21816.1
2024-11-09,7,PT1H,MC-MagdalenaEcop,24048.99,24577.1
2024-11-09,8,PT1H,MC-MagdalenaEcop,34213.84,18628.2
2024-11-09,9,PT1H,MC-MagdalenaEcop,44070.78,18194.2
2024-11-09,10,PT1H,MC-MagdalenaEcop,43837.71,21700.7
2024-11-09,6,PT1H,MC-MagdalenaEcop,25532.84,25084.4
2024-11-09,12,PT1H,MC-MagdalenaEcop,26323.83,19900.3
2024-11-09,13,PT1H,MC-MagdalenaEcop,27226.8,19461.7
2024-11-09,14,PT1H,MC-MagdalenaEcop,26464.05,19696.6
2024-11-09,15,PT1H,MC-MagdalenaEcop,25616.57,19786.8
2024-11-09,16,PT1H,MC-MagdalenaEcop,25694.52,19847.8
2024-11-09,17,PT1H,MC-MagdalenaEcop,24271.87,19974.0
2024-11-09,18,PT1H,MC-MagdalenaEcop,24320.51,20446.7
2024-11-09,19,PT1H,MC-MagdalenaEcop,25052.19,21167.7
2024-11-09,20,PT1H,MC-MagdalenaEcop,25914.91,24415.2
2024-11-09,22,PT1H,MC-MagdalenaEcop,25284.98,22033.0
2024-11-09,11,PT1H,MC-MagdalenaEcop,43052.61,21319.0
2024-11-10,10,PT1H,MC-MagdalenaEcop,23631.06,24019.9
2024-11-10,9,PT1H,MC-MagdalenaEcop,21242.49,23830.0
2024-11-10,8,PT1H,MC-MagdalenaEcop,21851.45,22709.3
2024-11-10,7,PT1H,MC-MagdalenaEcop,21114.05,17135.2
2024-11-10,1,PT1H,MC-MagdalenaEcop,22622.6,20004.4
2024-11-10,5,PT1H,MC-MagdalenaEcop,22680.18,18574.9
2024-11-10,4,PT1H,MC-MagdalenaEcop,22737.77,21604.9
2024-11-10,3,PT1H,MC-MagdalenaEcop,21311.21,21892.2
2024-11-10,2,PT1H,MC-MagdalenaEcop,23126.08,21951.5
2024-11-10,6,PT1H,MC-MagdalenaEcop,22703.07,16984.8
2024-11-10,12,PT1H,MC-MagdalenaEcop,24544.4,24195.7
2024-11-10,11,PT1H,MC-MagdalenaEcop,24770.79,24174.7
2024-11-10,14,PT1H,MC-MagdalenaEcop,19077.46,23132.2
2024-11-10,13,PT1H,MC-MagdalenaEcop,22530.73,23921.2
2024-11-10,23,PT1H,MC-MagdalenaEcop,24011.65,23013.0
2024-11-10,22,PT1H,MC-MagdalenaEcop,24700.69,23371.0
2024-11-10,21,PT1H,MC-MagdalenaEcop,24947.11,22825.1
2024-11-10,20,PT1H,MC-MagdalenaEcop,24474.18,22579.1
2024-11-10,24,PT1H,MC-MagdalenaEcop,24010.6,22797.2
2024-11-10,18,PT1H,MC-MagdalenaEcop,21078.17,19342.7
2024-11-10,17,PT1H,MC-MagdalenaEcop,20396.13,19781.8
2024-11-10,16,PT1H,MC-MagdalenaEcop,20019.86,22600.9
2024-11-10,15,PT1H,MC-MagdalenaEcop,18516.38,24092.5
2024-11-10,19,PT1H,MC-MagdalenaEcop,23081.91,19912.1
2024-11-11,12,PT1H,MC-MagdalenaEcop,25903.38,22534.1
2024-11-11,5,PT1H,MC-MagdalenaEcop,26259.16,17761.0
2024-11-11,6,PT1H,MC-MagdalenaEcop,26237.98,17378.3
2024-11-11,7,PT1H,MC-MagdalenaEcop,24972.8,17186.9
2024-11-11,8,PT1H,MC-MagdalenaEcop,25368.05,18808.1
2024-11-11,9,PT1H,MC-MagdalenaEcop,25794.51,19974.7
2024-11-11,10,PT1H,MC-MagdalenaEcop,26048.87,22288.7
2024-11-11,11,PT1H,MC-MagdalenaEcop,25908.25,23786.1
2024-11-11,13,PT1H,MC-MagdalenaEcop,26365.39,20462.6
2024-11-11,20,PT1H,MC-MagdalenaEcop,25804.04,23994.7
2024-11-11,15,PT1H,MC-MagdalenaEcop,26845.81,28343.4
2024-11-11,16,PT1H,MC-MagdalenaEcop,25075.48,28614.6
2024-11-11,17,PT1H,MC-MagdalenaEcop,23242.11,26784.1
2024-11-11,19,PT1H,MC-MagdalenaEcop,25538.09,23392.8
2024-11-11,21,PT1H,MC-MagdalenaEcop,25295.14,24633.0
2024-11-11,22,PT1H,MC-MagdalenaEcop,24580.51,24412.0
2024-11-11,23,PT1H,MC-MagdalenaEcop,24167.73,24242.0
2024-11-11,2,PT1H,MC-MagdalenaEcop,25797.77,21043.6
2024-11-11,1,PT1H,MC-MagdalenaEcop,24107.86,21198.0
2024-11-11,14,PT1H,MC-MagdalenaEcop,26538.73,23430.7
2024-11-11,18,PT1H,MC-MagdalenaEcop,24331.24,23268.0
2024-11-11,3,PT1H,MC-MagdalenaEcop,25128.41,19686.7
2024-11-11,24,PT1H,MC-MagdalenaEcop,20978.94,23104.7
2024-11-11,4,PT1H,MC-MagdalenaEcop,24126.98,18117.5
2024-11-12,20,PT1H,MC-MagdalenaEcop,20929.68,27285.7
2024-11-12,24,PT1H,MC-MagdalenaEcop,9038.88,22839.9
2024-11-12,23,PT1H,MC-MagdalenaEcop,12033.92,22882.3
2024-11-12,22,PT1H,MC-MagdalenaEcop,21713.6,24109.8
2024-11-12,21,PT1H,MC-MagdalenaEcop,21978.81,23850.1
2024-11-12,19,PT1H,MC-MagdalenaEcop,20866.05,27917.7
2024-11-12,18,PT1H,MC-MagdalenaEcop,21456.77,27459.4
2024-11-12,17,PT1H,MC-MagdalenaEcop,20950.77,24829.7
2024-11-12,16,PT1H,MC-MagdalenaEcop,20568.92,24100.5
2024-11-12,14,PT1H,MC-MagdalenaEcop,16831.88,23427.0
2024-11-12,13,PT1H,MC-MagdalenaEcop,17029.74,26287.3
2024-11-12,12,PT1H,MC-MagdalenaEcop,13764.53,25516.8
2024-11-12,15,PT1H,MC-MagdalenaEcop,16885.96,24296.3
2024-11-12,10,PT1H,MC-MagdalenaEcop,14200.6,22265.1
2024-11-12,1,PT1H,MC-MagdalenaEcop,25069.21,18162.7
2024-11-12,2,PT1H,MC-MagdalenaEcop,28186.67,18143.3
2024-11-12,11,PT1H,MC-MagdalenaEcop,13617.96,24085.7
2024-11-12,4,PT1H,MC-MagdalenaEcop,23200.42,17485.8
2024-11-12,5,PT1H,MC-MagdalenaEcop,25960.55,18820.9
2024-11-12,3,PT1H,MC-MagdalenaEcop,15242.42,17723.3
2024-11-12,7,PT1H,MC-MagdalenaEcop,21628.91,15756.1
2024-11-12,8,PT1H,MC-MagdalenaEcop,23403.07,17335.5
2024-11-12,9,PT1H,MC-MagdalenaEcop,20741.66,19918.5
2024-11-12,6,PT1H,MC-MagdalenaEcop,25939.69,19946.5
2024-11-13,4,PT1H,MC-MagdalenaEcop,24934.5,28649.4
2024-11-13,5,PT1H,MC-MagdalenaEcop,23651.2,28334.0
2024-11-13,11,PT1H,MC-MagdalenaEcop,30336.77,21131.9
2024-11-13,2,PT1H,MC-MagdalenaEcop,24799.24,28732.8
2024-11-13,6,PT1H,MC-MagdalenaEcop,21569.36,26872.2
2024-11-13,7,PT1H,MC-MagdalenaEcop,21697.66,26835.5
2024-11-13,8,PT1H,MC-MagdalenaEcop,21773.69,29306.3
2024-11-13,9,PT1H,MC-MagdalenaEcop,23426.13,29009.9
2024-11-13,10,PT1H,MC-MagdalenaEcop,25686.84,29971.9
2024-11-13,12,PT1H,MC-MagdalenaEcop,34213.44,23259.7
2024-11-13,24,PT1H,MC-MagdalenaEcop,31479.68,16573.2
2024-11-13,14,PT1H,MC-MagdalenaEcop,35041.94,19285.9
2024-11-13,15,PT1H,MC-MagdalenaEcop,36155.21,26001.3
2024-11-13,16,PT1H,MC-MagdalenaEcop,36439.72,19304.6
2024-11-13,17,PT1H,MC-MagdalenaEcop,36834.92,12926.0
2024-11-13,18,PT1H,MC-MagdalenaEcop,36845.91,14142.4
2024-11-13,19,PT1H,MC-MagdalenaEcop,37264.68,18108.0
2024-11-13,20,PT1H,MC-MagdalenaEcop,34033.55,8094.1
2024-11-13,21,PT1H,MC-MagdalenaEcop,31190.02,16620.8
2024-11-13,22,PT1H,MC-MagdalenaEcop,30571.3,19263.6
2024-11-13,1,PT1H,MC-MagdalenaEcop,18184.01,24964.5
2024-11-13,23,PT1H,MC-MagdalenaEcop,31328.43,16864.9
2024-11-13,13,PT1H,MC-MagdalenaEcop,35880.04,21185.0
2024-11-13,3,PT1H,MC-MagdalenaEcop,24597.06,29008.2
2024-11-14,20,PT1H,MC-MagdalenaEcop,19915.39,26691.4
2024-11-14,24,PT1H,MC-MagdalenaEcop,22413.46,18543.5
2024-11-14,19,PT1H,MC-MagdalenaEcop,20310.48,26761.5
2024-11-14,17,PT1H,MC-MagdalenaEcop,23318.88,27193.4
2024-11-14,18,PT1H,MC-MagdalenaEcop,20235.79,25836.3
2024-11-14,16,PT1H,MC-MagdalenaEcop,25159.31,26784.3
2024-11-14,15,PT1H,MC-MagdalenaEcop,25856.84,27152.7
2024-11-14,14,PT1H,MC-MagdalenaEcop,24499.56,27297.9
2024-11-14,13,PT1H,MC-MagdalenaEcop,23450.39,26405.6
2024-11-14,12,PT1H,MC-MagdalenaEcop,24278.33,26389.5
2024-11-14,11,PT1H,MC-MagdalenaEcop,24326.35,28618.8
2024-11-14,21,PT1H,MC-MagdalenaEcop,19561.64,25615.8
2024-11-14,10,PT1H,MC-MagdalenaEcop,26073.61,27109.6
2024-11-14,9,PT1H,MC-MagdalenaEcop,26328.02,25903.9
2024-11-14,8,PT1H,MC-MagdalenaEcop,25955.73,16220.5
2024-11-14,7,PT1H,MC-MagdalenaEcop,25209.03,17068.2
2024-11-14,6,PT1H,MC-MagdalenaEcop,25052.31,15193.0
2024-11-14,5,PT1H,MC-MagdalenaEcop,24946.73,14818.5
2024-11-14,4,PT1H,MC-MagdalenaEcop,25062.62,16423.0
2024-11-14,3,PT1H,MC-MagdalenaEcop,24381.35,16798.5
2024-11-14,2,PT1H,MC-MagdalenaEcop,29110.31,16133.5
2024-11-14,1,PT1H,MC-MagdalenaEcop,32015.82,16230.6
2024-11-14,22,PT1H,MC-MagdalenaEcop,22131.8,20737.7
2024-11-14,23,PT1H,MC-MagdalenaEcop,22572.77,18518.4
2024-11-15,1,PT1H,MC-MagdalenaEcop,22597.02,16785.8
2024-11-15,24,PT1H,MC-MagdalenaEcop,21959.48,14987.1
2024-11-15,4,PT1H,MC-MagdalenaEcop,22022.9,16625.3
2024-11-15,23,PT1H,MC-MagdalenaEcop,28020.72,15068.6
2024-11-15,22,PT1H,MC-MagdalenaEcop,27922.42,16554.5
2024-11-15,21,PT1H,MC-MagdalenaEcop,27791.84,20448.0
2024-11-15,20,PT1H,MC-MagdalenaEcop,27910.22,22865.5
2024-11-15,19,PT1H,MC-MagdalenaEcop,28009.63,24346.0
2024-11-15,18,PT1H,MC-MagdalenaEcop,28700.26,24244.2
2024-11-15,17,PT1H,MC-MagdalenaEcop,29077.86,23813.4
2024-11-15,16,PT1H,MC-MagdalenaEcop,30607.19,26655.0
2024-11-15,15,PT1H,MC-MagdalenaEcop,30380.24,27774.8
2024-11-15,14,PT1H,MC-MagdalenaEcop,30475.79,27207.2
2024-11-15,13,PT1H,MC-MagdalenaEcop,28247.7,25981.7
2024-11-15,12,PT1H,MC-MagdalenaEcop,26193.46,27992.5
2024-11-15,11,PT1H,MC-MagdalenaEcop,25935.04,27803.5
2024-11-15,10,PT1H,MC-MagdalenaEcop,24214.26,27399.2
2024-11-15,9,PT1H,MC-MagdalenaEcop,23908.31,27019.2
2024-11-15,8,PT1H,MC-MagdalenaEcop,19677.24,23650.1
2024-11-15,7,PT1H,MC-MagdalenaEcop,19518.86,22028.5
2024-11-15,6,PT1H,MC-MagdalenaEcop,19802.66,22190.9
2024-11-15,5,PT1H,MC-MagdalenaEcop,22067.3,19433.8
2024-11-15,2,PT1H,MC-MagdalenaEcop,23860.74,16864.2
2024-11-15,3,PT1H,MC-MagdalenaEcop,23685.97,16707.0
2024-11-16,8,PT1H,MC-MagdalenaEcop,26855.68,15865.2
2024-11-16,19,PT1H,MC-MagdalenaEcop,29053.32,28186.9
2024-11-16,24,PT1H,MC-MagdalenaEcop,26972.13,26531.7
2024-11-16,23,PT1H,MC-MagdalenaEcop,27355.69,27769.9
2024-11-16,1,PT1H,MC-MagdalenaEcop,19682.4,14330.3
2024-11-16,2,PT1H,MC-MagdalenaEcop,24674.65,15371.3
2024-11-16,3,PT1H,MC-MagdalenaEcop,26690.76,15655.3
2024-11-16,4,PT1H,MC-MagdalenaEcop,25993.31,15654.8
2024-11-16,5,PT1H,MC-MagdalenaEcop,25274.89,14755.1
2024-11-16,6,PT1H,MC-MagdalenaEcop,25274.21,14658.6
2024-11-16,7,PT1H,MC-MagdalenaEcop,26081.8,15653.0
2024-11-16,20,PT1H,MC-MagdalenaEcop,25765.97,28269.2
2024-11-16,22,PT1H,MC-MagdalenaEcop,27237.82,26209.5
2024-11-16,10,PT1H,MC-MagdalenaEcop,28562.37,21677.4
2024-11-16,11,PT1H,MC-MagdalenaEcop,27822.54,22303.8
2024-11-16,12,PT1H,MC-MagdalenaEcop,28367.2,23930.6
2024-11-16,13,PT1H,MC-MagdalenaEcop,29385.14,27042.9
2024-11-16,14,PT1H,MC-MagdalenaEcop,30519.11,28121.5
2024-11-16,15,PT1H,MC-MagdalenaEcop,27430.64,26522.3
2024-11-16,16,PT1H,MC-MagdalenaEcop,26979.65,25615.1
2024-11-16,17,PT1H,MC-MagdalenaEcop,26452.6,27173.1
2024-11-16,18,PT1H,MC-MagdalenaEcop,27827.69,26862.7
2024-11-16,9,PT1H,MC-MagdalenaEcop,28340.6,18223.9
2024-11-16,21,PT1H,MC-MagdalenaEcop,24813.93,28062.0
2024-11-17,23,PT1H,MC-MagdalenaEcop,32380.42,20454.2
2024-11-17,2,PT1H,MC-MagdalenaEcop,31285.11,22655.5
2024-11-17,3,PT1H,MC-MagdalenaEcop,31183.17,22539.9
2024-11-17,4,PT1H,MC-MagdalenaEcop,31233.66,22291.9
2024-11-17,5,PT1H,MC-MagdalenaEcop,35844.24,23225.5
2024-11-17,6,PT1H,MC-MagdalenaEcop,37333.98,24173.9
2024-11-17,7,PT1H,MC-MagdalenaEcop,35451.73,23549.2
2024-11-17,8,PT1H,MC-MagdalenaEcop,34247.5,23682.2
2024-11-17,9,PT1H,MC-MagdalenaEcop,31398.48,24270.4
2024-11-17,11,PT1H,MC-MagdalenaEcop,33219.77,25937.4
2024-11-17,12,PT1H,MC-MagdalenaEcop,35876.91,26124.5
2024-11-17,14,PT1H,MC-MagdalenaEcop,39062.04,21654.5
2024-11-17,15,PT1H,MC-MagdalenaEcop,40593.49,21257.5
2024-11-17,16,PT1H,MC-MagdalenaEcop,38740.88,20429.8
2024-11-17,17,PT1H,MC-MagdalenaEcop,34357.91,18913.3
2024-11-17,18,PT1H,MC-MagdalenaEcop,33019.32,19831.9
2024-11-17,19,PT1H,MC-MagdalenaEcop,33483.61,20965.2
2024-11-17,20,PT1H,MC-MagdalenaEcop,35611.35,20620.0
2024-11-17,21,PT1H,MC-MagdalenaEcop,35911.38,20149.3
2024-11-17,22,PT1H,MC-MagdalenaEcop,32489.26,21741.8
2024-11-17,1,PT1H,MC-MagdalenaEcop,28576.84,21908.3
2024-11-17,24,PT1H,MC-MagdalenaEcop,33109.38,19244.4
2024-11-17,10,PT1H,MC-MagdalenaEcop,32615.72,24924.9
2024-11-17,13,PT1H,MC-MagdalenaEcop,37252.54,23900.6
2024-11-18,23,PT1H,MC-MagdalenaEcop,37522.27,23127.2
2024-11-18,2,PT1H,MC-MagdalenaEcop,31734.0,23138.8
2024-11-18,3,PT1H,MC-MagdalenaEcop,32107.33,23436.2
2024-11-18,4,PT1H,MC-MagdalenaEcop,33385.93,23626.0
2024-11-18,5,PT1H,MC-MagdalenaEcop,34279.7,23269.2
2024-11-18,6,PT1H,MC-MagdalenaEcop,35693.85,24322.8
2024-11-18,7,PT1H,MC-MagdalenaEcop,35488.66,23059.0
2024-11-18,8,PT1H,MC-MagdalenaEcop,36559.77,22672.5
2024-11-18,9,PT1H,MC-MagdalenaEcop,36919.58,24472.1
2024-11-18,10,PT1H,MC-MagdalenaEcop,35967.64,23031.6
2024-11-18,11,PT1H,MC-MagdalenaEcop,37166.0,22336.4
2024-11-18,12,PT1H,MC-MagdalenaEcop,37404.7,22334.1
2024-11-18,13,PT1H,MC-MagdalenaEcop,37987.17,22219.9
2024-11-18,14,PT1H,MC-MagdalenaEcop,36880.4,21689.8
2024-11-18,15,PT1H,MC-MagdalenaEcop,36974.09,21825.7
2024-11-18,16,PT1H,MC-MagdalenaEcop,38199.45,21662.3
2024-11-18,17,PT1H,MC-MagdalenaEcop,37232.69,21644.6
2024-11-18,18,PT1H,MC-MagdalenaEcop,36621.68,22041.6
2024-11-18,19,PT1H,MC-MagdalenaEcop,36693.52,23518.2
2024-11-18,20,PT1H,MC-MagdalenaEcop,36985.91,23243.1
2024-11-18,21,PT1H,MC-MagdalenaEcop,39778.21,22648.6
2024-11-18,22,PT1H,MC-MagdalenaEcop,38912.48,23352.3
2024-11-18,1,PT1H,MC-MagdalenaEcop,32379.27,21894.6
2024-11-18,24,PT1H,MC-MagdalenaEcop,37405.08,22879.4
2024-11-19,15,PT1H,MC-MagdalenaEcop,30274.48,4932.9
2024-11-19,17,PT1H,MC-MagdalenaEcop,30520.56,12281.3
2024-11-19,13,PT1H,MC-MagdalenaEcop,25795.34,7165.3
2024-11-19,12,PT1H,MC-MagdalenaEcop,26820.14,11392.1
2024-11-19,11,PT1H,MC-MagdalenaEcop,28274.43,14817.7
2024-11-19,10,PT1H,MC-MagdalenaEcop,27762.57,17549.3
2024-11-19,9,PT1H,MC-MagdalenaEcop,29213.23,26724.3
2024-11-19,8,PT1H,MC-MagdalenaEcop,32674.6,26303.4
2024-11-19,7,PT1H,MC-MagdalenaEcop,33334.09,26386.5
2024-11-19,6,PT1H,MC-MagdalenaEcop,33559.19,25381.0
2024-11-19,5,PT1H,MC-MagdalenaEcop,35085.33,23446.7
2024-11-19,4,PT1H,MC-MagdalenaEcop,36197.86,26899.9
2024-11-19,3,PT1H,MC-MagdalenaEcop,35994.46,30305.4
2024-11-19,2,PT1H,MC-MagdalenaEcop,36555.87,37530.8
2024-11-19,1,PT1H,MC-MagdalenaEcop,37025.41,38718.7
2024-11-19,24,PT1H,MC-MagdalenaEcop,25255.3,33104.8
2024-11-19,23,PT1H,MC-MagdalenaEcop,26644.86,32070.1
2024-11-19,22,PT1H,MC-MagdalenaEcop,27525.03,31985.6
2024-11-19,21,PT1H,MC-MagdalenaEcop,27753.25,32810.6
2024-11-19,20,PT1H,MC-MagdalenaEcop,29238.63,32864.4
2024-11-19,19,PT1H,MC-MagdalenaEcop,31375.38,22813.7
2024-11-19,18,PT1H,MC-MagdalenaEcop,31358.76,22911.7
2024-11-19,16,PT1H,MC-MagdalenaEcop,30508.4,5305.3
2024-11-19,14,PT1H,MC-MagdalenaEcop,29022.22,3744.4
2024-11-20,2,PT1H,MC-MagdalenaEcop,31286.21,24517.2
2024-11-20,1,PT1H,MC-MagdalenaEcop,28054.45,22319.3
2024-11-20,3,PT1H,MC-MagdalenaEcop,30469.91,24136.2
2024-11-20,6,PT1H,MC-MagdalenaEcop,34671.26,26521.3
2024-11-20,7,PT1H,MC-MagdalenaEcop,34151.5,24009.6
2024-11-20,8,PT1H,MC-MagdalenaEcop,34483.88,24718.8
2024-11-20,9,PT1H,MC-MagdalenaEcop,34575.9,25267.8
2024-11-20,10,PT1H,MC-MagdalenaEcop,31345.43,26044.1
2024-11-20,11,PT1H,MC-MagdalenaEcop,26036.33,25708.5
2024-11-20,12,PT1H,MC-MagdalenaEcop,27618.76,15683.8
2024-11-20,13,PT1H,MC-MagdalenaEcop,26992.86,14143.1
2024-11-20,14,PT1H,MC-MagdalenaEcop,27678.23,15374.5
2024-11-20,4,PT1H,MC-MagdalenaEcop,30607.32,24795.5
2024-11-20,15,PT1H,MC-MagdalenaEcop,30812.37,17119.7
2024-11-20,16,PT1H,MC-MagdalenaEcop,31655.41,17929.2
2024-11-20,17,PT1H,MC-MagdalenaEcop,30208.9,16928.6
2024-11-20,18,PT1H,MC-MagdalenaEcop,25826.9,17273.1
2024-11-20,19,PT1H,MC-MagdalenaEcop,30479.39,21724.3
2024-11-20,20,PT1H,MC-MagdalenaEcop,42202.4,28801.9
2024-11-20,21,PT1H,MC-MagdalenaEcop,43183.49,28717.3
2024-11-20,22,PT1H,MC-MagdalenaEcop,42972.02,27467.6
2024-11-20,23,PT1H,MC-MagdalenaEcop,42368.41,24915.4
2024-11-20,24,PT1H,MC-MagdalenaEcop,41081.09,25540.3
2024-11-20,5,PT1H,MC-MagdalenaEcop,33496.6,27788.7
2024-11-21,1,PT1H,MC-MagdalenaEcop,35783.89,26177.0
2024-11-21,4,PT1H,MC-MagdalenaEcop,34233.21,21086.6
2024-11-21,5,PT1H,MC-MagdalenaEcop,33231.65,25136.3
2024-11-21,24,PT1H,MC-MagdalenaEcop,18977.09,43977.9
2024-11-21,23,PT1H,MC-MagdalenaEcop,20492.39,45046.3
2024-11-21,22,PT1H,MC-MagdalenaEcop,20217.51,46294.3
2024-11-21,21,PT1H,MC-MagdalenaEcop,20652.73,42648.3
2024-11-21,20,PT1H,MC-MagdalenaEcop,21032.4,41220.4
2024-11-21,19,PT1H,MC-MagdalenaEcop,22043.82,36448.8
2024-11-21,18,PT1H,MC-MagdalenaEcop,23117.54,25950.7
2024-11-21,17,PT1H,MC-MagdalenaEcop,24837.93,23257.0
2024-11-21,16,PT1H,MC-MagdalenaEcop,24210.21,23211.5
2024-11-21,15,PT1H,MC-MagdalenaEcop,22509.94,22549.1
2024-11-21,14,PT1H,MC-MagdalenaEcop,19596.26,7592.7
2024-11-21,13,PT1H,MC-MagdalenaEcop,14405.78,5209.6
2024-11-21,12,PT1H,MC-MagdalenaEcop,21602.13,5997.8
2024-11-21,11,PT1H,MC-MagdalenaEcop,25868.01,5107.2
2024-11-21,10,PT1H,MC-MagdalenaEcop,31182.72,1838.9
2024-11-21,9,PT1H,MC-MagdalenaEcop,35002.96,887.7
2024-11-21,8,PT1H,MC-MagdalenaEcop,33906.53,3804.9
2024-11-21,7,PT1H,MC-MagdalenaEcop,31284.32,19297.6
2024-11-21,6,PT1H,MC-MagdalenaEcop,32455.65,25673.2
2024-11-21,2,PT1H,MC-MagdalenaEcop,35161.99,26454.3
2024-11-21,3,PT1H,MC-MagdalenaEcop,34869.14,22577.9
2024-11-22,23,PT1H,MC-MagdalenaEcop,22142.97,33222.5
2024-11-22,2,PT1H,MC-MagdalenaEcop,17657.97,14065.4
2024-11-22,24,PT1H,MC-MagdalenaEcop,22543.95,32886.6
2024-11-22,22,PT1H,MC-MagdalenaEcop,22986.65,27532.6
2024-11-22,21,PT1H,MC-MagdalenaEcop,25129.87,26386.2
2024-11-22,20,PT1H,MC-MagdalenaEcop,27280.84,26247.8
2024-11-22,19,PT1H,MC-MagdalenaEcop,26279.82,23636.7
2024-11-22,18,PT1H,MC-MagdalenaEcop,26686.71,24959.2
2024-11-22,17,PT1H,MC-MagdalenaEcop,29249.67,28271.9
2024-11-22,16,PT1H,MC-MagdalenaEcop,29547.59,30792.0
2024-11-22,15,PT1H,MC-MagdalenaEcop,27931.33,30787.3
2024-11-22,1,PT1H,MC-MagdalenaEcop,18732.33,26767.3
2024-11-22,14,PT1H,MC-MagdalenaEcop,27588.12,29121.5
2024-11-22,12,PT1H,MC-MagdalenaEcop,19152.53,30582.9
2024-11-22,10,PT1H,MC-MagdalenaEcop,20581.43,21743.7
2024-11-22,9,PT1H,MC-MagdalenaEcop,21178.66,11455.0
2024-11-22,8,PT1H,MC-MagdalenaEcop,19845.45,13412.8
2024-11-22,7,PT1H,MC-MagdalenaEcop,18917.16,12469.5
2024-11-22,6,PT1H,MC-MagdalenaEcop,19470.26,12167.6
2024-11-22,5,PT1H,MC-MagdalenaEcop,17175.26,12974.3
2024-11-22,4,PT1H,MC-MagdalenaEcop,17094.01,10469.2
2024-11-22,3,PT1H,MC-MagdalenaEcop,17257.63,6562.8
2024-11-22,13,PT1H,MC-MagdalenaEcop,23151.07,29701.4
2024-11-22,11,PT1H,MC-MagdalenaEcop,19796.79,31229.8
2024-11-23,24,PT1H,MC-MagdalenaEcop,28687.41,18571.9
2024-11-23,13,PT1H,MC-MagdalenaEcop,27127.91,21935.9
2024-11-23,23,PT1H,MC-MagdalenaEcop,28959.73,19880.8
2024-11-23,22,PT1H,MC-MagdalenaEcop,33620.68,20372.1
2024-11-23,21,PT1H,MC-MagdalenaEcop,34902.52,20507.5
2024-11-23,20,PT1H,MC-MagdalenaEcop,35031.63,20869.4
2024-11-23,19,PT1H,MC-MagdalenaEcop,32345.25,20174.6
2024-11-23,18,PT1H,MC-MagdalenaEcop,29138.17,19595.4
2024-11-23,17,PT1H,MC-MagdalenaEcop,25346.39,19556.2
2024-11-23,16,PT1H,MC-MagdalenaEcop,25788.5,20701.9
2024-11-23,15,PT1H,MC-MagdalenaEcop,26937.11,20639.1
2024-11-23,14,PT1H,MC-MagdalenaEcop,30194.19,21321.6
2024-11-23,1,PT1H,MC-MagdalenaEcop,26275.51,21165.9
2024-11-23,12,PT1H,MC-MagdalenaEcop,28757.82,21208.7
2024-11-23,11,PT1H,MC-MagdalenaEcop,32662.9,34680.4
2024-11-23,10,PT1H,MC-MagdalenaEcop,30601.63,35312.7
2024-11-23,9,PT1H,MC-MagdalenaEcop,28201.42,35500.4
2024-11-23,8,PT1H,MC-MagdalenaEcop,29003.65,27562.5
2024-11-23,7,PT1H,MC-MagdalenaEcop,25531.2,19376.7
2024-11-23,6,PT1H,MC-MagdalenaEcop,28668.15,20571.7
2024-11-23,5,PT1H,MC-MagdalenaEcop,31352.51,20551.0
2024-11-23,4,PT1H,MC-MagdalenaEcop,30721.97,22023.6
2024-11-23,3,PT1H,MC-MagdalenaEcop,30606.9,21921.7
2024-11-23,2,PT1H,MC-MagdalenaEcop,30303.21,23444.1
2024-11-24,24,PT1H,MC-MagdalenaEcop,42409.89,24379.4
2024-11-24,2,PT1H,MC-MagdalenaEcop,27973.66,23481.6
2024-11-24,18,PT1H,MC-MagdalenaEcop,29277.43,21403.1
2024-11-24,1,PT1H,MC-MagdalenaEcop,28522.57,22970.6
2024-11-24,23,PT1H,MC-MagdalenaEcop,36659.71,24380.4
2024-11-24,22,PT1H,MC-MagdalenaEcop,32242.2,25079.7
2024-11-24,21,PT1H,MC-MagdalenaEcop,33579.87,25319.8
2024-11-24,20,PT1H,MC-MagdalenaEcop,31768.74,24839.9
2024-11-24,19,PT1H,MC-MagdalenaEcop,29719.72,23426.8
2024-11-24,17,PT1H,MC-MagdalenaEcop,29440.54,20710.9
2024-11-24,16,PT1H,MC-MagdalenaEcop,30760.36,20329.0
2024-11-24,15,PT1H,MC-MagdalenaEcop,29734.72,18803.0
2024-11-24,13,PT1H,MC-MagdalenaEcop,30018.93,22877.4
2024-11-24,14,PT1H,MC-MagdalenaEcop,29697.41,19372.5
2024-11-24,11,PT1H,MC-MagdalenaEcop,30354.93,25150.9
2024-11-24,10,PT1H,MC-MagdalenaEcop,33218.15,23994.1
2024-11-24,9,PT1H,MC-MagdalenaEcop,33032.27,21569.9
2024-11-24,8,PT1H,MC-MagdalenaEcop,32110.03,22187.9
2024-11-24,7,PT1H,MC-MagdalenaEcop,32791.63,21439.5
2024-11-24,6,PT1H,MC-MagdalenaEcop,33435.73,23052.3
2024-11-24,5,PT1H,MC-MagdalenaEcop,30761.21,23029.0
2024-11-24,4,PT1H,MC-MagdalenaEcop,27542.69,23087.5
2024-11-24,3,PT1H,MC-MagdalenaEcop,27181.42,21639.6
2024-11-24,12,PT1H,MC-MagdalenaEcop,28223.55,24921.1
2024-11-25,19,PT1H,MC-MagdalenaEcop,28243.15,22361.5
2024-11-25,17,PT1H,MC-MagdalenaEcop,44956.16,20361.1
2024-11-25,18,PT1H,MC-MagdalenaEcop,40369.93,21314.8
2024-11-25,20,PT1H,MC-MagdalenaEcop,25510.27,22594.4
2024-11-25,14,PT1H,MC-MagdalenaEcop,44329.41,23247.7
2024-11-25,22,PT1H,MC-MagdalenaEcop,21790.18,21533.0
2024-11-25,23,PT1H,MC-MagdalenaEcop,20310.7,21171.6
2024-11-25,24,PT1H,MC-MagdalenaEcop,20522.3,18379.4
2024-11-25,16,PT1H,MC-MagdalenaEcop,45977.58,21966.4
2024-11-25,21,PT1H,MC-MagdalenaEcop,24695.73,22148.8
2024-11-25,15,PT1H,MC-MagdalenaEcop,45964.81,23516.6
2024-11-25,12,PT1H,MC-MagdalenaEcop,47131.96,22691.3
2024-11-25,1,PT1H,MC-MagdalenaEcop,41977.51,21119.2
2024-11-25,11,PT1H,MC-MagdalenaEcop,46597.4,22695.6
2024-11-25,10,PT1H,MC-MagdalenaEcop,45887.25,22818.7
2024-11-25,9,PT1H,MC-MagdalenaEcop,44596.64,22596.0
2024-11-25,8,PT1H,MC-MagdalenaEcop,43785.41,22222.6
2024-11-25,7,PT1H,MC-MagdalenaEcop,43449.24,21876.5
2024-11-25,6,PT1H,MC-MagdalenaEcop,43916.79,22984.3
2024-11-25,5,PT1H,MC-MagdalenaEcop,44591.46,23002.9
2024-11-25,4,PT1H,MC-MagdalenaEcop,42820.48,21135.9
2024-11-25,3,PT1H,MC-MagdalenaEcop,41974.31,22012.8
2024-11-25,2,PT1H,MC-MagdalenaEcop,41920.2,22598.9
2024-11-25,13,PT1H,MC-MagdalenaEcop,45863.69,23095.9
2024-11-26,13,PT1H,MC-MagdalenaEcop,27266.86,19135.6
2024-11-26,14,PT1H,MC-MagdalenaEcop,27506.7,18913.4
2024-11-26,15,PT1H,MC-MagdalenaEcop,26420.33,18974.1
2024-11-26,16,PT1H,MC-MagdalenaEcop,25199.64,23110.3
2024-11-26,22,PT1H,MC-MagdalenaEcop,36083.51,24395.9
2024-11-26,18,PT1H,MC-MagdalenaEcop,26500.4,24107.4
2024-11-26,19,PT1H,MC-MagdalenaEcop,30093.62,23434.0
2024-11-26,20,PT1H,MC-MagdalenaEcop,33988.17,23505.5
2024-11-26,12,PT1H,MC-MagdalenaEcop,27144.98,15468.5
2024-11-26,17,PT1H,MC-MagdalenaEcop,26574.76,23539.2
2024-11-26,11,PT1H,MC-MagdalenaEcop,27263.52,15303.9
2024-11-26,5,PT1H,MC-MagdalenaEcop,37458.09,29165.5
2024-11-26,9,PT1H,MC-MagdalenaEcop,31242.93,23304.3
2024-11-26,8,PT1H,MC-MagdalenaEcop,31656.27,26293.3
2024-11-26,7,PT1H,MC-MagdalenaEcop,35365.19,24300.8
2024-11-26,6,PT1H,MC-MagdalenaEcop,38016.3,29142.1
2024-11-26,4,PT1H,MC-MagdalenaEcop,40384.4,26065.7
2024-11-26,3,PT1H,MC-MagdalenaEcop,42030.16,17128.3
2024-11-26,2,PT1H,MC-MagdalenaEcop,40958.92,31665.6
2024-11-26,23,PT1H,MC-MagdalenaEcop,35625.68,13524.9
2024-11-26,24,PT1H,MC-MagdalenaEcop,38025.76,10161.3
2024-11-26,10,PT1H,MC-MagdalenaEcop,26730.77,15958.3
2024-11-26,21,PT1H,MC-MagdalenaEcop,36710.85,24683.7
2024-11-26,1,PT1H,MC-MagdalenaEcop,29679.18,28164.5
2024-11-27,2,PT1H,MC-MagdalenaEcop,35293.78,18549.3
2024-11-27,24,PT1H,MC-MagdalenaEcop,41960.11,23543.5
2024-11-27,1,PT1H,MC-MagdalenaEcop,37933.84,13603.9
2024-11-27,3,PT1H,MC-MagdalenaEcop,38798.38,18398.2
2024-11-27,4,PT1H,MC-MagdalenaEcop,40727.23,18650.5
2024-11-27,5,PT1H,MC-MagdalenaEcop,40496.3,17691.1
2024-11-27,6,PT1H,MC-MagdalenaEcop,39067.97,16134.8
2024-11-27,7,PT1H,MC-MagdalenaEcop,39419.6,16230.7
2024-11-27,8,PT1H,MC-MagdalenaEcop,38267.87,16287.5
2024-11-27,10,PT1H,MC-MagdalenaEcop,37506.77,19212.9
2024-11-27,11,PT1H,MC-MagdalenaEcop,38847.85,22689.1
2024-11-27,12,PT1H,MC-MagdalenaEcop,39265.16,25587.2
2024-11-27,9,PT1H,MC-MagdalenaEcop,35023.49,17522.8
2024-11-27,14,PT1H,MC-MagdalenaEcop,40447.65,26206.5
2024-11-27,15,PT1H,MC-MagdalenaEcop,40756.7,27038.8
2024-11-27,16,PT1H,MC-MagdalenaEcop,42807.53,27251.5
2024-11-27,17,PT1H,MC-MagdalenaEcop,44083.49,27546.9
2024-11-27,18,PT1H,MC-MagdalenaEcop,43902.52,27555.1
2024-11-27,19,PT1H,MC-MagdalenaEcop,45507.68,27858.2
2024-11-27,20,PT1H,MC-MagdalenaEcop,44435.75,25442.7
2024-11-27,21,PT1H,MC-MagdalenaEcop,43988.41,23316.9
2024-11-27,22,PT1H,MC-MagdalenaEcop,41312.81,22864.4
2024-11-27,13,PT1H,MC-MagdalenaEcop,40332.33,26833.1
2024-11-27,23,PT1H,MC-MagdalenaEcop,42170.37,23430.4
2024-11-28,15,PT1H,MC-MagdalenaEcop,39315.76,23515.9
2024-11-28,14,PT1H,MC-MagdalenaEcop,39235.52,22282.1
2024-11-28,13,PT1H,MC-MagdalenaEcop,38904.44,21328.3
2024-11-28,12,PT1H,MC-MagdalenaEcop,38908.92,22080.9
2024-11-28,11,PT1H,MC-MagdalenaEcop,31999.41,22124.6
2024-11-28,8,PT1H,MC-MagdalenaEcop,37849.09,23605.8
2024-11-28,10,PT1H,MC-MagdalenaEcop,35065.37,23713.0
2024-11-28,9,PT1H,MC-MagdalenaEcop,40118.18,23944.3
2024-11-28,16,PT1H,MC-MagdalenaEcop,38007.99,22881.8
2024-11-28,7,PT1H,MC-MagdalenaEcop,37725.71,22927.0
2024-11-28,6,PT1H,MC-MagdalenaEcop,39170.2,22784.6
2024-11-28,21,PT1H,MC-MagdalenaEcop,24134.75,17783.1
2024-11-28,1,PT1H,MC-MagdalenaEcop,39355.68,29114.9
2024-11-28,18,PT1H,MC-MagdalenaEcop,37889.38,18406.0
2024-11-28,24,PT1H,MC-MagdalenaEcop,25423.09,20385.6
2024-11-28,23,PT1H,MC-MagdalenaEcop,25170.95,20530.5
2024-11-28,22,PT1H,MC-MagdalenaEcop,24528.15,20129.6
2024-11-28,19,PT1H,MC-MagdalenaEcop,31117.14,18463.9
2024-11-28,20,PT1H,MC-MagdalenaEcop,25586.58,18104.7
2024-11-28,5,PT1H,MC-MagdalenaEcop,39059.72,22688.6
2024-11-28,4,PT1H,MC-MagdalenaEcop,38559.2,22793.9
2024-11-28,3,PT1H,MC-MagdalenaEcop,38652.27,22174.6
2024-11-28,17,PT1H,MC-MagdalenaEcop,38473.2,21208.7
2024-11-28,2,PT1H,MC-MagdalenaEcop,39642.18,26473.6
2024-11-29,23,PT1H,MC-MagdalenaEcop,38127.79,24218.1
2024-11-29,24,PT1H,MC-MagdalenaEcop,37640.31,18981.6
2024-11-29,11,PT1H,MC-MagdalenaEcop,32387.41,22416.2
2024-11-29,21,PT1H,MC-MagdalenaEcop,38507.61,24010.4
2024-11-29,1,PT1H,MC-MagdalenaEcop,29323.4,19532.4
2024-11-29,2,PT1H,MC-MagdalenaEcop,35430.36,20624.2
2024-11-29,3,PT1H,MC-MagdalenaEcop,34093.65,20473.2
2024-11-29,4,PT1H,MC-MagdalenaEcop,33708.94,19036.4
2024-11-29,5,PT1H,MC-MagdalenaEcop,32404.3,19074.7
2024-11-29,6,PT1H,MC-MagdalenaEcop,36048.6,17118.2
2024-11-29,7,PT1H,MC-MagdalenaEcop,36181.31,16873.0
2024-11-29,8,PT1H,MC-MagdalenaEcop,36807.31,17009.9
2024-11-29,9,PT1H,MC-MagdalenaEcop,36892.01,20665.2
2024-11-29,10,PT1H,MC-MagdalenaEcop,36865.25,20929.6
2024-11-29,12,PT1H,MC-MagdalenaEcop,35117.34,22639.5
2024-11-29,13,PT1H,MC-MagdalenaEcop,37449.62,24414.2
2024-11-29,14,PT1H,MC-MagdalenaEcop,36884.35,26339.1
2024-11-29,15,PT1H,MC-MagdalenaEcop,37845.23,26256.6
2024-11-29,16,PT1H,MC-MagdalenaEcop,37658.37,26452.7
2024-11-29,17,PT1H,MC-MagdalenaEcop,39044.94,25131.4
2024-11-29,18,PT1H,MC-MagdalenaEcop,40013.98,24805.2
2024-11-29,19,PT1H,MC-MagdalenaEcop,39617.68,24198.5
2024-11-29,20,PT1H,MC-MagdalenaEcop,39289.96,24112.6
2024-11-29,22,PT1H,MC-MagdalenaEcop,40390.42,24133.2
2024-11-30,1,PT1H,MC-MagdalenaEcop,36646.59,16199.6
2024-11-30,20,PT1H,MC-MagdalenaEcop,33767.5,21193.6
2024-11-30,12,PT1H,MC-MagdalenaEcop,31620.61,23343.3
2024-11-30,19,PT1H,MC-MagdalenaEcop,36246.21,23897.6
2024-11-30,18,PT1H,MC-MagdalenaEcop,36230.55,22899.5
2024-11-30,17,PT1H,MC-MagdalenaEcop,36677.91,21768.4
2024-11-30,16,PT1H,MC-MagdalenaEcop,38656.58,22201.9
2024-11-30,15,PT1H,MC-MagdalenaEcop,38708.41,22572.9
2024-11-30,14,PT1H,MC-MagdalenaEcop,39658.05,25113.3
2024-11-30,13,PT1H,MC-MagdalenaEcop,38735.42,24180.5
2024-11-30,24,PT1H,MC-MagdalenaEcop,27432.93,22195.7
2024-11-30,11,PT1H,MC-MagdalenaEcop,33296.53,22895.2
2024-11-30,10,PT1H,MC-MagdalenaEcop,35137.69,23503.8
2024-11-30,9,PT1H,MC-MagdalenaEcop,33262.3,23321.4
2024-11-30,8,PT1H,MC-MagdalenaEcop,33641.95,22100.0
2024-11-30,7,PT1H,MC-MagdalenaEcop,32549.75,21463.4
2024-11-30,6,PT1H,MC-MagdalenaEcop,32213.31,20799.1
2024-11-30,5,PT1H,MC-MagdalenaEcop,33454.45,20799.7
2024-11-30,4,PT1H,MC-MagdalenaEcop,33336.4,21390.6
2024-11-30,3,PT1H,MC-MagdalenaEcop,31502.41,21964.3
2024-11-30,2,PT1H,MC-MagdalenaEcop,31307.82,20306.0
2024-11-30,23,PT1H,MC-MagdalenaEcop,23202.32,22511.2
2024-11-30,21,PT1H,MC-MagdalenaEcop,21423.89,20410.5
2024-11-30,22,PT1H,MC-MagdalenaEcop,23354.5,22414.3
2024-12-01,24,PT1H,MC-MagdalenaEcop,7865.82,21268.2
2024-12-01,23,PT1H,MC-MagdalenaEcop,9655.85,20800.2
2024-12-01,21,PT1H,MC-MagdalenaEcop,10654.98,23057.2
2024-12-01,10,PT1H,MC-MagdalenaEcop,12717.15,20951.2
2024-12-01,20,PT1H,MC-MagdalenaEcop,10922.95,22864.6
2024-12-01,22,PT1H,MC-MagdalenaEcop,10414.98,20870.0
2024-12-01,1,PT1H,MC-MagdalenaEcop,29027.88,18358.0
2024-12-01,3,PT1H,MC-MagdalenaEcop,25254.57,20031.5
2024-12-01,4,PT1H,MC-MagdalenaEcop,22455.49,20063.9
2024-12-01,5,PT1H,MC-MagdalenaEcop,21540.34,23024.1
2024-12-01,6,PT1H,MC-MagdalenaEcop,17027.49,23980.6
2024-12-01,7,PT1H,MC-MagdalenaEcop,16829.95,22772.1
2024-12-01,8,PT1H,MC-MagdalenaEcop,16619.05,21998.9
2024-12-01,9,PT1H,MC-MagdalenaEcop,16991.29,20169.7
2024-12-01,11,PT1H,MC-MagdalenaEcop,12890.47,21339.1
2024-12-01,2,PT1H,MC-MagdalenaEcop,25519.59,20096.9
2024-12-01,13,PT1H,MC-MagdalenaEcop,13572.81,23928.3
2024-12-01,14,PT1H,MC-MagdalenaEcop,14805.86,25090.2
2024-12-01,15,PT1H,MC-MagdalenaEcop,13705.67,26073.4
2024-12-01,16,PT1H,MC-MagdalenaEcop,15397.24,24883.9
2024-12-01,17,PT1H,MC-MagdalenaEcop,15471.42,22069.8
2024-12-01,18,PT1H,MC-MagdalenaEcop,13024.42,21210.4
2024-12-01,12,PT1H,MC-MagdalenaEcop,14084.87,23045.1
2024-12-01,19,PT1H,MC-MagdalenaEcop,12403.95,21498.5
2024-12-02,5,PT1H,MC-MagdalenaEcop,16307.28,34354.8
2024-12-02,18,PT1H,MC-MagdalenaEcop,21719.72,36701.2
2024-12-02,19,PT1H,MC-MagdalenaEcop,17806.28,36763.2
2024-12-02,20,PT1H,MC-MagdalenaEcop,17759.57,37056.1
2024-12-02,23,PT1H,MC-MagdalenaEcop,16334.69,37603.5
2024-12-02,22,PT1H,MC-MagdalenaEcop,15500.48,38996.3
2024-12-02,17,PT1H,MC-MagdalenaEcop,20950.09,37313.4
2024-12-02,24,PT1H,MC-MagdalenaEcop,14998.43,37486.1
2024-12-02,21,PT1H,MC-MagdalenaEcop,16147.31,39853.7
2024-12-02,16,PT1H,MC-MagdalenaEcop,20736.62,38281.9
2024-12-02,12,PT1H,MC-MagdalenaEcop,20858.63,37485.7
2024-12-02,14,PT1H,MC-MagdalenaEcop,21443.8,36960.4
2024-12-02,13,PT1H,MC-MagdalenaEcop,22971.39,38069.3
2024-12-02,11,PT1H,MC-MagdalenaEcop,20711.73,37246.5
2024-12-02,10,PT1H,MC-MagdalenaEcop,22851.93,36045.9
2024-12-02,9,PT1H,MC-MagdalenaEcop,22047.96,36999.7
2024-12-02,8,PT1H,MC-MagdalenaEcop,21275.26,36639.2
2024-12-02,7,PT1H,MC-MagdalenaEcop,20909.02,35566.0
2024-12-02,3,PT1H,MC-MagdalenaEcop,7144.45,32178.3
2024-12-02,4,PT1H,MC-MagdalenaEcop,8729.27,33459.3
2024-12-02,15,PT1H,MC-MagdalenaEcop,20889.71,37054.3
2024-12-02,6,PT1H,MC-MagdalenaEcop,20942.46,35771.6
2024-12-02,1,PT1H,MC-MagdalenaEcop,7394.28,32450.7
2024-12-02,2,PT1H,MC-MagdalenaEcop,7414.01,31804.2
2024-12-03,23,PT1H,MC-MagdalenaEcop,14852.15,31500.2
2024-12-03,2,PT1H,MC-MagdalenaEcop,6796.82,43213.5
2024-12-03,1,PT1H,MC-MagdalenaEcop,10204.94,43768.4
2024-12-03,3,PT1H,MC-MagdalenaEcop,5722.45,42550.0
2024-12-03,4,PT1H,MC-MagdalenaEcop,5590.01,42790.4
2024-12-03,5,PT1H,MC-MagdalenaEcop,7496.34,41475.5
2024-12-03,6,PT1H,MC-MagdalenaEcop,8289.97,39671.9
2024-12-03,7,PT1H,MC-MagdalenaEcop,5817.59,39405.8
2024-12-03,8,PT1H,MC-MagdalenaEcop,5409.08,38626.4
2024-12-03,9,PT1H,MC-MagdalenaEcop,6138.02,34535.6
2024-12-03,10,PT1H,MC-MagdalenaEcop,19258.68,32821.1
2024-12-03,11,PT1H,MC-MagdalenaEcop,23128.57,33426.1
2024-12-03,12,PT1H,MC-MagdalenaEcop,22237.7,31707.3
2024-12-03,13,PT1H,MC-MagdalenaEcop,22300.43,30496.2
2024-12-03,14,PT1H,MC-MagdalenaEcop,22052.18,34309.8
2024-12-03,15,PT1H,MC-MagdalenaEcop,22506.77,35789.8
2024-12-03,16,PT1H,MC-MagdalenaEcop,22607.15,36066.3
2024-12-03,17,PT1H,MC-MagdalenaEcop,22389.82,36080.6
2024-12-03,19,PT1H,MC-MagdalenaEcop,23543.52,37080.9
2024-12-03,20,PT1H,MC-MagdalenaEcop,23447.39,34555.6
2024-12-03,21,PT1H,MC-MagdalenaEcop,17878.75,32800.1
2024-12-03,22,PT1H,MC-MagdalenaEcop,16052.11,32540.4
2024-12-03,24,PT1H,MC-MagdalenaEcop,14502.44,29857.9
2024-12-03,18,PT1H,MC-MagdalenaEcop,22272.81,37071.3
2024-12-04,3,PT1H,MC-MagdalenaEcop,14326.22,33544.1
2024-12-04,1,PT1H,MC-MagdalenaEcop,15650.82,30885.7
2024-12-04,2,PT1H,MC-MagdalenaEcop,15318.86,34442.5
2024-12-04,4,PT1H,MC-MagdalenaEcop,13673.57,33695.3
2024-12-04,15,PT1H,MC-MagdalenaEcop,16174.34,33921.0
2024-12-04,24,PT1H,MC-MagdalenaEcop,24147.31,45222.3
2024-12-04,23,PT1H,MC-MagdalenaEcop,23571.59,46639.1
2024-12-04,22,PT1H,MC-MagdalenaEcop,23628.51,47303.4
2024-12-04,21,PT1H,MC-MagdalenaEcop,23362.29,47526.2
2024-12-04,20,PT1H,MC-MagdalenaEcop,22873.92,46446.4
2024-12-04,19,PT1H,MC-MagdalenaEcop,22616.91,33544.5
2024-12-04,18,PT1H,MC-MagdalenaEcop,22916.43,28434.1
2024-12-04,5,PT1H,MC-MagdalenaEcop,12568.46,36875.1
2024-12-04,17,PT1H,MC-MagdalenaEcop,20723.13,33256.8
2024-12-04,14,PT1H,MC-MagdalenaEcop,11888.94,30471.6
2024-12-04,13,PT1H,MC-MagdalenaEcop,2001.11,29717.3
2024-12-04,12,PT1H,MC-MagdalenaEcop,0.0,30406.2
2024-12-04,11,PT1H,MC-MagdalenaEcop,0.0,28664.6
2024-12-04,10,PT1H,MC-MagdalenaEcop,749.18,34507.6
2024-12-04,9,PT1H,MC-MagdalenaEcop,5634.8,38063.0
2024-12-04,8,PT1H,MC-MagdalenaEcop,13246.92,37961.7
2024-12-04,16,PT1H,MC-MagdalenaEcop,15761.04,34848.8
2024-12-04,7,PT1H,MC-MagdalenaEcop,14920.61,37595.9
2024-12-04,6,PT1H,MC-MagdalenaEcop,14591.28,38167.9
2024-12-05,22,PT1H,MC-MagdalenaEcop,13599.62,27698.0
2024-12-05,1,PT1H,MC-MagdalenaEcop,22109.86,49016.2
2024-12-05,4,PT1H,MC-MagdalenaEcop,22599.96,46892.6
2024-12-05,5,PT1H,MC-MagdalenaEcop,22100.55,45520.9
2024-12-05,6,PT1H,MC-MagdalenaEcop,22321.07,44458.2
2024-12-05,7,PT1H,MC-MagdalenaEcop,22006.13,42854.0
2024-12-05,8,PT1H,MC-MagdalenaEcop,19968.84,46445.2
2024-12-05,9,PT1H,MC-MagdalenaEcop,12313.31,47946.8
2024-12-05,2,PT1H,MC-MagdalenaEcop,22069.65,48164.5
2024-12-05,10,PT1H,MC-MagdalenaEcop,10118.07,42714.9
2024-12-05,21,PT1H,MC-MagdalenaEcop,10802.38,28284.0
2024-12-05,11,PT1H,MC-MagdalenaEcop,9067.8,35436.4
2024-12-05,13,PT1H,MC-MagdalenaEcop,7765.2,19738.8
2024-12-05,14,PT1H,MC-MagdalenaEcop,7171.84,26847.2
2024-12-05,15,PT1H,MC-MagdalenaEcop,7348.85,30837.5
2024-12-05,16,PT1H,MC-MagdalenaEcop,8086.56,33166.0
2024-12-05,17,PT1H,MC-MagdalenaEcop,7068.77,34025.7
2024-12-05,18,PT1H,MC-MagdalenaEcop,6126.79,31669.6
2024-12-05,19,PT1H,MC-MagdalenaEcop,6923.82,30189.1
2024-12-05,24,PT1H,MC-MagdalenaEcop,22795.38,25999.2
2024-12-05,20,PT1H,MC-MagdalenaEcop,7061.01,28804.0
2024-12-05,12,PT1H,MC-MagdalenaEcop,6906.2,29594.2
2024-12-05,23,PT1H,MC-MagdalenaEcop,19118.06,28074.4
2024-12-05,3,PT1H,MC-MagdalenaEcop,22145.91,47763.5
2024-12-06,3,PT1H,MC-MagdalenaEcop,26445.21,28011.6
2024-12-06,4,PT1H,MC-MagdalenaEcop,25733.69,27746.1
2024-12-06,23,PT1H,MC-MagdalenaEcop,6499.02,35938.4
2024-12-06,22,PT1H,MC-MagdalenaEcop,4049.67,37307.3
2024-12-06,21,PT1H,MC-MagdalenaEcop,4242.34,40774.9
2024-12-06,20,PT1H,MC-MagdalenaEcop,4474.73,44264.9
2024-12-06,19,PT1H,MC-MagdalenaEcop,3895.08,42640.7
2024-12-06,18,PT1H,MC-MagdalenaEcop,7892.02,43310.9
2024-12-06,17,PT1H,MC-MagdalenaEcop,8795.83,47469.5
2024-12-06,16,PT1H,MC-MagdalenaEcop,9343.65,47952.9
2024-12-06,15,PT1H,MC-MagdalenaEcop,11380.61,45330.4
2024-12-06,14,PT1H,MC-MagdalenaEcop,13245.5,44773.5
2024-12-06,13,PT1H,MC-MagdalenaEcop,8735.93,37574.1
2024-12-06,24,PT1H,MC-MagdalenaEcop,7498.35,36589.0
2024-12-06,11,PT1H,MC-MagdalenaEcop,25949.06,32131.6
2024-12-06,12,PT1H,MC-MagdalenaEcop,15015.4,31086.2
2024-12-06,1,PT1H,MC-MagdalenaEcop,25422.16,30404.4
2024-12-06,5,PT1H,MC-MagdalenaEcop,26230.88,27878.0
2024-12-06,6,PT1H,MC-MagdalenaEcop,26380.9,31601.8
2024-12-06,2,PT1H,MC-MagdalenaEcop,26402.75,28661.2
2024-12-06,8,PT1H,MC-MagdalenaEcop,25890.86,32210.5
2024-12-06,9,PT1H,MC-MagdalenaEcop,25279.83,34373.8
2024-12-06,10,PT1H,MC-MagdalenaEcop,25524.09,33404.7
2024-12-06,7,PT1H,MC-MagdalenaEcop,25609.34,30704.3
2024-12-07,16,PT1H,MC-MagdalenaEcop,39876.48,31646.0
2024-12-07,15,PT1H,MC-MagdalenaEcop,38509.62,33055.0
2024-12-07,14,PT1H,MC-MagdalenaEcop,39210.31,37050.7
2024-12-07,13,PT1H,MC-MagdalenaEcop,39024.42,33289.1
2024-12-07,12,PT1H,MC-MagdalenaEcop,38979.62,35288.6
2024-12-07,10,PT1H,MC-MagdalenaEcop,37179.05,37550.5
2024-12-07,8,PT1H,MC-MagdalenaEcop,34121.74,35590.2
2024-12-07,17,PT1H,MC-MagdalenaEcop,34759.65,31103.6
2024-12-07,6,PT1H,MC-MagdalenaEcop,22160.59,35178.6
2024-12-07,5,PT1H,MC-MagdalenaEcop,12333.02,38471.6
2024-12-07,4,PT1H,MC-MagdalenaEcop,7010.07,37698.1
2024-12-07,9,PT1H,MC-MagdalenaEcop,36843.05,34606.0
2024-12-07,7,PT1H,MC-MagdalenaEcop,29207.85,31330.3
2024-12-07,11,PT1H,MC-MagdalenaEcop,38428.79,40079.1
2024-12-07,20,PT1H,MC-MagdalenaEcop,25040.68,42975.0
2024-12-07,2,PT1H,MC-MagdalenaEcop,7429.54,37184.4
2024-12-07,19,PT1H,MC-MagdalenaEcop,25665.83,39679.5
2024-12-07,1,PT1H,MC-MagdalenaEcop,7577.38,32243.4
2024-12-07,3,PT1H,MC-MagdalenaEcop,6958.64,37556.9
2024-12-07,18,PT1H,MC-MagdalenaEcop,26577.71,35755.2
2024-12-07,21,PT1H,MC-MagdalenaEcop,23856.52,42816.6
2024-12-07,24,PT1H,MC-MagdalenaEcop,23048.81,35202.2
2024-12-07,23,PT1H,MC-MagdalenaEcop,22565.04,35536.3
2024-12-07,22,PT1H,MC-MagdalenaEcop,23712.89,41254.1
2024-12-08,3,PT1H,MC-MagdalenaEcop,21034.27,31591.2
2024-12-08,5,PT1H,MC-MagdalenaEcop,21173.63,35750.4
2024-12-08,6,PT1H,MC-MagdalenaEcop,22490.38,38857.8
2024-12-08,7,PT1H,MC-MagdalenaEcop,22006.15,38109.5
2024-12-08,8,PT1H,MC-MagdalenaEcop,21527.83,37317.6
2024-12-08,9,PT1H,MC-MagdalenaEcop,21897.98,38389.1
2024-12-08,10,PT1H,MC-MagdalenaEcop,22007.84,38605.0
2024-12-08,11,PT1H,MC-MagdalenaEcop,22345.8,35278.4
2024-12-08,12,PT1H,MC-MagdalenaEcop,24261.12,32802.0
2024-12-08,13,PT1H,MC-MagdalenaEcop,23483.99,34888.0
2024-12-08,14,PT1H,MC-MagdalenaEcop,24887.71,34514.4
2024-12-08,16,PT1H,MC-MagdalenaEcop,25987.48,35749.4
2024-12-08,4,PT1H,MC-MagdalenaEcop,20957.63,32010.9
2024-12-08,17,PT1H,MC-MagdalenaEcop,26339.5,34216.0
2024-12-08,18,PT1H,MC-MagdalenaEcop,26373.19,34026.5
2024-12-08,20,PT1H,MC-MagdalenaEcop,22271.57,36911.0
2024-12-08,21,PT1H,MC-MagdalenaEcop,22664.71,39015.3
2024-12-08,22,PT1H,MC-MagdalenaEcop,23055.46,37471.1
2024-12-08,23,PT1H,MC-MagdalenaEcop,23172.14,42603.7
2024-12-08,24,PT1H,MC-MagdalenaEcop,23629.59,49284.6
2024-12-08,1,PT1H,MC-MagdalenaEcop,20839.49,33149.4
2024-12-08,2,PT1H,MC-MagdalenaEcop,20849.27,32511.6
2024-12-08,15,PT1H,MC-MagdalenaEcop,25944.58,34557.8
2024-12-08,19,PT1H,MC-MagdalenaEcop,25259.14,34530.3
2024-12-09,23,PT1H,MC-MagdalenaEcop,23806.88,11104.6
2024-12-09,5,PT1H,MC-MagdalenaEcop,27181.73,24367.8
2024-12-09,6,PT1H,MC-MagdalenaEcop,27093.18,23999.3
2024-12-09,1,PT1H,MC-MagdalenaEcop,23939.9,22940.0
2024-12-09,2,PT1H,MC-MagdalenaEcop,25787.95,22908.7
2024-12-09,3,PT1H,MC-MagdalenaEcop,27370.99,22938.2
2024-12-09,4,PT1H,MC-MagdalenaEcop,26565.85,23400.5
2024-12-09,22,PT1H,MC-MagdalenaEcop,25906.84,11912.8
2024-12-09,7,PT1H,MC-MagdalenaEcop,27963.78,23743.9
2024-12-09,8,PT1H,MC-MagdalenaEcop,29184.55,23927.5
2024-12-09,9,PT1H,MC-MagdalenaEcop,34898.39,24370.7
2024-12-09,11,PT1H,MC-MagdalenaEcop,34575.7,25463.6
2024-12-09,10,PT1H,MC-MagdalenaEcop,35608.55,25075.7
2024-12-09,13,PT1H,MC-MagdalenaEcop,39565.65,25062.8
2024-12-09,14,PT1H,MC-MagdalenaEcop,37048.65,24224.7
2024-12-09,15,PT1H,MC-MagdalenaEcop,17159.97,25118.0
2024-12-09,16,PT1H,MC-MagdalenaEcop,13260.14,25125.0
2024-12-09,17,PT1H,MC-MagdalenaEcop,14047.26,24567.1
2024-12-09,18,PT1H,MC-MagdalenaEcop,17846.52,22061.9
2024-12-09,19,PT1H,MC-MagdalenaEcop,23077.11,15427.7
2024-12-09,20,PT1H,MC-MagdalenaEcop,25409.94,13934.8
2024-12-09,21,PT1H,MC-MagdalenaEcop,25942.22,13489.9
2024-12-09,12,PT1H,MC-MagdalenaEcop,36716.51,25755.6
2024-12-09,24,PT1H,MC-MagdalenaEcop,25089.83,11220.2
2024-12-10,19,PT1H,MC-MagdalenaEcop,11992.35,19803.7
2024-12-10,16,PT1H,MC-MagdalenaEcop,13033.06,16593.1
2024-12-10,17,PT1H,MC-MagdalenaEcop,12237.62,17498.1
2024-12-10,18,PT1H,MC-MagdalenaEcop,12113.21,17449.1
2024-12-10,23,PT1H,MC-MagdalenaEcop,8131.21,23454.2
2024-12-10,21,PT1H,MC-MagdalenaEcop,7665.79,24158.3
2024-12-10,22,PT1H,MC-MagdalenaEcop,7732.28,23755.5
2024-12-10,24,PT1H,MC-MagdalenaEcop,8841.6,25033.6
2024-12-10,15,PT1H,MC-MagdalenaEcop,16833.67,17396.4
2024-12-10,20,PT1H,MC-MagdalenaEcop,8233.89,22366.6
2024-12-10,14,PT1H,MC-MagdalenaEcop,22834.41,18111.4
2024-12-10,1,PT1H,MC-MagdalenaEcop,24204.0,19541.0
2024-12-10,12,PT1H,MC-MagdalenaEcop,23730.65,17873.3
2024-12-10,11,PT1H,MC-MagdalenaEcop,26575.64,17951.3
2024-12-10,10,PT1H,MC-MagdalenaEcop,32857.18,17600.7
2024-12-10,9,PT1H,MC-MagdalenaEcop,34907.12,20570.1
2024-12-10,8,PT1H,MC-MagdalenaEcop,33061.67,20842.1
2024-12-10,7,PT1H,MC-MagdalenaEcop,31737.39,23282.8
2024-12-10,6,PT1H,MC-MagdalenaEcop,25390.1,25027.4
2024-12-10,5,PT1H,MC-MagdalenaEcop,23852.01,24660.1
2024-12-10,4,PT1H,MC-MagdalenaEcop,23960.27,26585.8
2024-12-10,3,PT1H,MC-MagdalenaEcop,24017.2,27668.8
2024-12-10,13,PT1H,MC-MagdalenaEcop,25726.51,17953.5
2024-12-10,2,PT1H,MC-MagdalenaEcop,24305.8,26963.9
2024-12-11,13,PT1H,MC-MagdalenaEcop,9029.83,21244.4
2024-12-11,12,PT1H,MC-MagdalenaEcop,8269.53,20682.6
2024-12-11,11,PT1H,MC-MagdalenaEcop,10269.64,20462.9
2024-12-11,6,PT1H,MC-MagdalenaEcop,20525.46,20578.8
2024-12-11,9,PT1H,MC-MagdalenaEcop,21270.8,18449.4
2024-12-11,8,PT1H,MC-MagdalenaEcop,22164.64,20157.5
2024-12-11,7,PT1H,MC-MagdalenaEcop,21224.62,20763.9
2024-12-11,14,PT1H,MC-MagdalenaEcop,7747.79,21305.1
2024-12-11,10,PT1H,MC-MagdalenaEcop,19703.49,19756.8
2024-12-11,15,PT1H,MC-MagdalenaEcop,5934.87,21467.8
2024-12-11,22,PT1H,MC-MagdalenaEcop,2912.32,21760.6
2024-12-11,18,PT1H,MC-MagdalenaEcop,5727.9,23124.1
2024-12-11,19,PT1H,MC-MagdalenaEcop,6105.73,23959.2
2024-12-11,20,PT1H,MC-MagdalenaEcop,5473.1,23394.8
2024-12-11,21,PT1H,MC-MagdalenaEcop,4805.47,23159.3
2024-12-11,23,PT1H,MC-MagdalenaEcop,4092.71,22212.1
2024-12-11,24,PT1H,MC-MagdalenaEcop,3095.36,22101.4
2024-12-11,1,PT1H,MC-MagdalenaEcop,12181.95,19981.7
2024-12-11,2,PT1H,MC-MagdalenaEcop,21589.68,18591.7
2024-12-11,5,PT1H,MC-MagdalenaEcop,20251.38,21330.8
2024-12-11,16,PT1H,MC-MagdalenaEcop,5382.85,22547.6
2024-12-11,4,PT1H,MC-MagdalenaEcop,21582.87,21452.3
2024-12-11,17,PT1H,MC-MagdalenaEcop,4916.27,23219.4
2024-12-11,3,PT1H,MC-MagdalenaEcop,22853.11,20436.8
2024-12-12,23,PT1H,MC-MagdalenaEcop,11255.95,15279.5
2024-12-12,6,PT1H,MC-MagdalenaEcop,21762.11,23771.8
2024-12-12,7,PT1H,MC-MagdalenaEcop,21586.01,22895.6
2024-12-12,8,PT1H,MC-MagdalenaEcop,21446.89,22970.4
2024-12-12,9,PT1H,MC-MagdalenaEcop,22835.34,24346.9
2024-12-12,10,PT1H,MC-MagdalenaEcop,26898.02,21281.7
2024-12-12,11,PT1H,MC-MagdalenaEcop,24501.83,19421.8
2024-12-12,12,PT1H,MC-MagdalenaEcop,24632.01,23613.3
2024-12-12,24,PT1H,MC-MagdalenaEcop,11320.7,15432.4
2024-12-12,13,PT1H,MC-MagdalenaEcop,25639.12,23610.6
2024-12-12,15,PT1H,MC-MagdalenaEcop,26435.67,23860.1
2024-12-12,16,PT1H,MC-MagdalenaEcop,26362.44,23066.8
2024-12-12,17,PT1H,MC-MagdalenaEcop,23313.71,23349.0
2024-12-12,18,PT1H,MC-MagdalenaEcop,23130.26,22994.8
2024-12-12,19,PT1H,MC-MagdalenaEcop,23567.68,18876.6
2024-12-12,20,PT1H,MC-MagdalenaEcop,22864.29,15521.6
2024-12-12,21,PT1H,MC-MagdalenaEcop,19136.9,14640.9
2024-12-12,22,PT1H,MC-MagdalenaEcop,12203.48,14889.5
2024-12-12,14,PT1H,MC-MagdalenaEcop,26506.69,23811.5
2024-12-12,4,PT1H,MC-MagdalenaEcop,5166.17,23401.2
2024-12-12,5,PT1H,MC-MagdalenaEcop,18671.32,23704.8
2024-12-12,2,PT1H,MC-MagdalenaEcop,5050.95,24058.1
2024-12-12,1,PT1H,MC-MagdalenaEcop,4459.62,23884.3
2024-12-12,3,PT1H,MC-MagdalenaEcop,3898.72,23457.6
2024-12-13,7,PT1H,MC-MagdalenaEcop,23315.22,21112.5
2024-12-13,8,PT1H,MC-MagdalenaEcop,23466.85,21477.6
2024-12-13,24,PT1H,MC-MagdalenaEcop,23712.31,21963.5
2024-12-13,23,PT1H,MC-MagdalenaEcop,23161.12,22247.8
2024-12-13,22,PT1H,MC-MagdalenaEcop,21444.25,23567.5
2024-12-13,21,PT1H,MC-MagdalenaEcop,22953.42,22459.3
2024-12-13,20,PT1H,MC-MagdalenaEcop,25666.92,22915.6
2024-12-13,19,PT1H,MC-MagdalenaEcop,26859.57,23106.8
2024-12-13,18,PT1H,MC-MagdalenaEcop,26448.62,23347.9
2024-12-13,16,PT1H,MC-MagdalenaEcop,25287.88,21974.0
2024-12-13,15,PT1H,MC-MagdalenaEcop,25544.64,22083.0
2024-12-13,14,PT1H,MC-MagdalenaEcop,24847.29,21522.6
2024-12-13,13,PT1H,MC-MagdalenaEcop,24597.19,21852.3
2024-12-13,12,PT1H,MC-MagdalenaEcop,25116.23,20492.0
2024-12-13,11,PT1H,MC-MagdalenaEcop,24785.84,18899.8
2024-12-13,3,PT1H,MC-MagdalenaEcop,22757.64,19894.9
2024-12-13,10,PT1H,MC-MagdalenaEcop,26347.57,21511.4
2024-12-13,9,PT1H,MC-MagdalenaEcop,24526.36,21527.1
2024-12-13,17,PT1H,MC-MagdalenaEcop,24784.43,22782.7
2024-12-13,2,PT1H,MC-MagdalenaEcop,18032.76,20674.6
2024-12-13,6,PT1H,MC-MagdalenaEcop,23425.05,21035.1
2024-12-13,1,PT1H,MC-MagdalenaEcop,11617.08,17112.7
2024-12-13,4,PT1H,MC-MagdalenaEcop,20183.92,19670.5
2024-12-13,5,PT1H,MC-MagdalenaEcop,23668.0,18909.6
2024-12-14,20,PT1H,MC-MagdalenaEcop,24259.89,21824.8
2024-12-14,24,PT1H,MC-MagdalenaEcop,36493.67,17740.6
2024-12-14,23,PT1H,MC-MagdalenaEcop,37641.66,15006.2
2024-12-14,22,PT1H,MC-MagdalenaEcop,29421.61,15104.6
2024-12-14,21,PT1H,MC-MagdalenaEcop,24826.21,13846.8
2024-12-14,1,PT1H,MC-MagdalenaEcop,21746.99,23695.6
2024-12-14,2,PT1H,MC-MagdalenaEcop,21929.58,20245.0
2024-12-14,3,PT1H,MC-MagdalenaEcop,21839.62,20370.8
2024-12-14,4,PT1H,MC-MagdalenaEcop,21343.0,21556.2
2024-12-14,5,PT1H,MC-MagdalenaEcop,20967.73,21632.5
2024-12-14,12,PT1H,MC-MagdalenaEcop,23183.87,20447.2
2024-12-14,7,PT1H,MC-MagdalenaEcop,20688.6,21047.7
2024-12-14,6,PT1H,MC-MagdalenaEcop,21638.38,20830.3
2024-12-14,15,PT1H,MC-MagdalenaEcop,30136.14,25028.2
2024-12-14,16,PT1H,MC-MagdalenaEcop,29493.03,24994.7
2024-12-14,18,PT1H,MC-MagdalenaEcop,25337.3,23426.7
2024-12-14,19,PT1H,MC-MagdalenaEcop,25656.81,23426.8
2024-12-14,17,PT1H,MC-MagdalenaEcop,26423.94,23715.9
2024-12-14,13,PT1H,MC-MagdalenaEcop,25995.67,25045.7
2024-12-14,11,PT1H,MC-MagdalenaEcop,22237.48,21530.4
2024-12-14,10,PT1H,MC-MagdalenaEcop,22173.45,22720.4
2024-12-14,9,PT1H,MC-MagdalenaEcop,21628.06,21508.3
2024-12-14,8,PT1H,MC-MagdalenaEcop,20425.8,21753.6
2024-12-14,14,PT1H,MC-MagdalenaEcop,26730.48,25642.0
2024-12-15,14,PT1H,MC-MagdalenaEcop,27224.14,20016.6
2024-12-15,19,PT1H,MC-MagdalenaEcop,24736.69,16761.0
2024-12-15,18,PT1H,MC-MagdalenaEcop,24489.87,17609.4
2024-12-15,17,PT1H,MC-MagdalenaEcop,23095.44,20915.9
2024-12-15,16,PT1H,MC-MagdalenaEcop,22639.98,20815.7
2024-12-15,15,PT1H,MC-MagdalenaEcop,26999.43,18529.9
2024-12-15,13,PT1H,MC-MagdalenaEcop,26691.37,18350.4
2024-12-15,9,PT1H,MC-MagdalenaEcop,25115.9,22969.7
2024-12-15,11,PT1H,MC-MagdalenaEcop,24611.73,17428.4
2024-12-15,10,PT1H,MC-MagdalenaEcop,24084.4,17194.2
2024-12-15,8,PT1H,MC-MagdalenaEcop,23145.35,22466.7
2024-12-15,7,PT1H,MC-MagdalenaEcop,21400.74,22751.7
2024-12-15,6,PT1H,MC-MagdalenaEcop,22705.86,23018.6
2024-12-15,5,PT1H,MC-MagdalenaEcop,23194.08,29116.6
2024-12-15,4,PT1H,MC-MagdalenaEcop,30989.62,30353.2
2024-12-15,3,PT1H,MC-MagdalenaEcop,35154.43,34135.5
2024-12-15,23,PT1H,MC-MagdalenaEcop,20433.9,13057.6
2024-12-15,1,PT1H,MC-MagdalenaEcop,36287.92,39234.3
2024-12-15,22,PT1H,MC-MagdalenaEcop,20908.23,14083.4
2024-12-15,12,PT1H,MC-MagdalenaEcop,25678.33,19042.3
2024-12-15,2,PT1H,MC-MagdalenaEcop,35373.78,34493.6
2024-12-15,20,PT1H,MC-MagdalenaEcop,24084.77,14759.8
2024-12-15,21,PT1H,MC-MagdalenaEcop,21988.4,14397.7
2024-12-15,24,PT1H,MC-MagdalenaEcop,19880.8,10638.8
2024-12-16,1,PT1H,MC-MagdalenaEcop,20001.22,20104.5
2024-12-16,2,PT1H,MC-MagdalenaEcop,21042.09,21655.7
2024-12-16,3,PT1H,MC-MagdalenaEcop,21944.22,22984.5
2024-12-16,4,PT1H,MC-MagdalenaEcop,21747.5,22308.7
2024-12-16,5,PT1H,MC-MagdalenaEcop,21736.72,22825.6
2024-12-16,6,PT1H,MC-MagdalenaEcop,22283.25,22751.3
2024-12-16,7,PT1H,MC-MagdalenaEcop,22519.79,23482.0
2024-12-16,8,PT1H,MC-MagdalenaEcop,23011.52,24506.7
2024-12-16,9,PT1H,MC-MagdalenaEcop,23383.36,29302.8
2024-12-16,10,PT1H,MC-MagdalenaEcop,26281.97,29898.9
2024-12-16,11,PT1H,MC-MagdalenaEcop,28420.02,29031.9
2024-12-16,24,PT1H,MC-MagdalenaEcop,24645.38,21069.7
2024-12-16,13,PT1H,MC-MagdalenaEcop,28221.61,33220.3
2024-12-16,14,PT1H,MC-MagdalenaEcop,28965.53,31107.6
2024-12-16,15,PT1H,MC-MagdalenaEcop,29613.28,14413.6
2024-12-16,16,PT1H,MC-MagdalenaEcop,29299.47,11140.2
2024-12-16,17,PT1H,MC-MagdalenaEcop,28332.72,11800.9
2024-12-16,18,PT1H,MC-MagdalenaEcop,28021.66,14989.9
2024-12-16,19,PT1H,MC-MagdalenaEcop,27724.69,19370.3
2024-12-16,20,PT1H,MC-MagdalenaEcop,24332.52,21328.4
2024-12-16,21,PT1H,MC-MagdalenaEcop,25996.56,21775.2
2024-12-16,23,PT1H,MC-MagdalenaEcop,25707.19,19992.9
2024-12-16,22,PT1H,MC-MagdalenaEcop,26643.28,21755.5
2024-12-16,12,PT1H,MC-MagdalenaEcop,30184.28,30828.8
2024-12-17,9,PT1H,MC-MagdalenaEcop,29589.64,39061.6
2024-12-17,8,PT1H,MC-MagdalenaEcop,23071.55,36997.0
2024-12-17,7,PT1H,MC-MagdalenaEcop,22256.55,35515.5
2024-12-17,3,PT1H,MC-MagdalenaEcop,21246.45,26878.7
2024-12-17,5,PT1H,MC-MagdalenaEcop,23516.74,26693.9
2024-12-17,4,PT1H,MC-MagdalenaEcop,22592.13,26815.0
2024-12-17,10,PT1H,MC-MagdalenaEcop,37552.19,36768.2
2024-12-17,6,PT1H,MC-MagdalenaEcop,22883.95,28414.6
2024-12-17,11,PT1H,MC-MagdalenaEcop,37934.89,29740.9
2024-12-17,17,PT1H,MC-MagdalenaEcop,38833.69,13700.6
2024-12-17,13,PT1H,MC-MagdalenaEcop,34497.71,28791.0
2024-12-17,14,PT1H,MC-MagdalenaEcop,36440.86,25555.5
2024-12-17,15,PT1H,MC-MagdalenaEcop,39760.52,18842.3
2024-12-17,16,PT1H,MC-MagdalenaEcop,39476.45,14590.4
2024-12-17,2,PT1H,MC-MagdalenaEcop,21176.98,27201.6
2024-12-17,18,PT1H,MC-MagdalenaEcop,39777.72,13561.4
2024-12-17,19,PT1H,MC-MagdalenaEcop,41289.86,13416.2
2024-12-17,20,PT1H,MC-MagdalenaEcop,40946.38,9211.5
2024-12-17,21,PT1H,MC-MagdalenaEcop,40554.1,8575.9
2024-12-17,22,PT1H,MC-MagdalenaEcop,39223.92,8660.3
2024-12-17,12,PT1H,MC-MagdalenaEcop,38020.67,26558.1
2024-12-17,1,PT1H,MC-MagdalenaEcop,22951.0,27087.7
2024-12-17,24,PT1H,MC-MagdalenaEcop,38648.88,9901.3
2024-12-17,23,PT1H,MC-MagdalenaEcop,38600.38,9106.6
2024-12-18,23,PT1H,MC-MagdalenaEcop,23755.91,7728.0
2024-12-18,4,PT1H,MC-MagdalenaEcop,33464.9,40711.1
2024-12-18,5,PT1H,MC-MagdalenaEcop,33308.98,38200.1
2024-12-18,3,PT1H,MC-MagdalenaEcop,34303.03,43106.5
2024-12-18,6,PT1H,MC-MagdalenaEcop,33326.96,38717.0
2024-12-18,7,PT1H,MC-MagdalenaEcop,32739.71,40035.5
2024-12-18,8,PT1H,MC-MagdalenaEcop,32125.61,41808.2
2024-12-18,9,PT1H,MC-MagdalenaEcop,30645.76,40122.6
2024-12-18,10,PT1H,MC-MagdalenaEcop,31255.76,37166.9
2024-12-18,11,PT1H,MC-MagdalenaEcop,31419.04,19376.5
2024-12-18,12,PT1H,MC-MagdalenaEcop,31429.38,15604.7
2024-12-18,13,PT1H,MC-MagdalenaEcop,32213.19,17038.5
2024-12-18,14,PT1H,MC-MagdalenaEcop,33479.2,14620.8
2024-12-18,15,PT1H,MC-MagdalenaEcop,33642.32,11202.0
2024-12-18,16,PT1H,MC-MagdalenaEcop,32880.21,10161.0
2024-12-18,17,PT1H,MC-MagdalenaEcop,31808.76,9281.1
2024-12-18,18,PT1H,MC-MagdalenaEcop,31326.07,10811.7
2024-12-18,20,PT1H,MC-MagdalenaEcop,31529.34,10321.2
2024-12-18,21,PT1H,MC-MagdalenaEcop,32271.93,9062.2
2024-12-18,22,PT1H,MC-MagdalenaEcop,26458.89,5502.1
2024-12-18,24,PT1H,MC-MagdalenaEcop,24545.51,5847.2
2024-12-18,19,PT1H,MC-MagdalenaEcop,32007.09,11514.2
2024-12-18,2,PT1H,MC-MagdalenaEcop,36007.85,40723.9
2024-12-18,1,PT1H,MC-MagdalenaEcop,39110.62,22982.8
2024-12-19,2,PT1H,MC-MagdalenaEcop,23579.06,35405.3
2024-12-19,1,PT1H,MC-MagdalenaEcop,24585.88,35469.8
2024-12-19,24,PT1H,MC-MagdalenaEcop,21542.99,36569.2
2024-12-19,20,PT1H,MC-MagdalenaEcop,24723.06,11324.4
2024-12-19,22,PT1H,MC-MagdalenaEcop,25162.94,21821.1
2024-12-19,19,PT1H,MC-MagdalenaEcop,24760.98,11104.4
2024-12-19,18,PT1H,MC-MagdalenaEcop,22833.92,9836.1
2024-12-19,17,PT1H,MC-MagdalenaEcop,22776.09,11346.9
2024-12-19,15,PT1H,MC-MagdalenaEcop,21308.75,11796.1
2024-12-19,14,PT1H,MC-MagdalenaEcop,21089.73,11512.2
2024-12-19,13,PT1H,MC-MagdalenaEcop,21821.67,12463.8
2024-12-19,16,PT1H,MC-MagdalenaEcop,23087.33,12979.2
2024-12-19,11,PT1H,MC-MagdalenaEcop,21658.32,14552.9
2024-12-19,3,PT1H,MC-MagdalenaEcop,21988.51,35527.6
2024-12-19,4,PT1H,MC-MagdalenaEcop,21361.85,36255.8
2024-12-19,12,PT1H,MC-MagdalenaEcop,21645.19,11086.2
2024-12-19,5,PT1H,MC-MagdalenaEcop,22107.71,35454.9
2024-12-19,6,PT1H,MC-MagdalenaEcop,21946.22,35808.5
2024-12-19,21,PT1H,MC-MagdalenaEcop,24341.84,17324.9
2024-12-19,8,PT1H,MC-MagdalenaEcop,21231.58,32036.0
2024-12-19,9,PT1H,MC-MagdalenaEcop,21378.84,19758.1
2024-12-19,10,PT1H,MC-MagdalenaEcop,22613.46,16237.4
2024-12-19,23,PT1H,MC-MagdalenaEcop,24289.22,30671.5
2024-12-19,7,PT1H,MC-MagdalenaEcop,21242.98,35303.4
2024-12-20,4,PT1H,MC-MagdalenaEcop,22722.71,35741.8
2024-12-20,18,PT1H,MC-MagdalenaEcop,22289.27,10968.3
2024-12-20,24,PT1H,MC-MagdalenaEcop,22088.19,10421.6
2024-12-20,23,PT1H,MC-MagdalenaEcop,23656.5,9034.0
2024-12-20,22,PT1H,MC-MagdalenaEcop,23524.06,5633.1
2024-12-20,21,PT1H,MC-MagdalenaEcop,23281.67,5890.6
2024-12-20,20,PT1H,MC-MagdalenaEcop,23514.36,6213.3
2024-12-20,19,PT1H,MC-MagdalenaEcop,23405.06,5408.4
2024-12-20,16,PT1H,MC-MagdalenaEcop,21979.84,12983.9
2024-12-20,3,PT1H,MC-MagdalenaEcop,23716.92,36729.8
2024-12-20,14,PT1H,MC-MagdalenaEcop,32768.69,18401.7
2024-12-20,2,PT1H,MC-MagdalenaEcop,22906.75,36670.8
2024-12-20,1,PT1H,MC-MagdalenaEcop,22134.99,35309.2
2024-12-20,15,PT1H,MC-MagdalenaEcop,32247.51,15812.2
2024-12-20,5,PT1H,MC-MagdalenaEcop,22395.64,36432.2
2024-12-20,6,PT1H,MC-MagdalenaEcop,22927.17,36640.5
2024-12-20,7,PT1H,MC-MagdalenaEcop,23025.45,35569.1
2024-12-20,17,PT1H,MC-MagdalenaEcop,22258.68,12223.2
2024-12-20,9,PT1H,MC-MagdalenaEcop,20455.91,35111.6
2024-12-20,10,PT1H,MC-MagdalenaEcop,26536.98,35450.8
2024-12-20,11,PT1H,MC-MagdalenaEcop,30706.29,36040.8
2024-12-20,13,PT1H,MC-MagdalenaEcop,32607.49,12140.0
2024-12-20,12,PT1H,MC-MagdalenaEcop,32817.07,20859.2
2024-12-20,8,PT1H,MC-MagdalenaEcop,20196.51,35960.0
2024-12-21,20,PT1H,MC-MagdalenaEcop,23646.17,21181.7
2024-12-21,22,PT1H,MC-MagdalenaEcop,25246.45,20068.5
2024-12-21,1,PT1H,MC-MagdalenaEcop,19635.53,6419.6
2024-12-21,2,PT1H,MC-MagdalenaEcop,19449.19,6294.6
2024-12-21,3,PT1H,MC-MagdalenaEcop,20692.46,5896.3
2024-12-21,4,PT1H,MC-MagdalenaEcop,20573.12,5939.8
2024-12-21,5,PT1H,MC-MagdalenaEcop,21570.37,10442.4
2024-12-21,6,PT1H,MC-MagdalenaEcop,22152.4,18755.5
2024-12-21,19,PT1H,MC-MagdalenaEcop,24039.15,21710.5
2024-12-21,24,PT1H,MC-MagdalenaEcop,24712.18,19506.8
2024-12-21,9,PT1H,MC-MagdalenaEcop,20695.49,31175.2
2024-12-21,8,PT1H,MC-MagdalenaEcop,20219.17,28873.3
2024-12-21,10,PT1H,MC-MagdalenaEcop,19799.87,31459.4
2024-12-21,11,PT1H,MC-MagdalenaEcop,20114.16,32516.6
2024-12-21,12,PT1H,MC-MagdalenaEcop,20700.79,32982.5
2024-12-21,14,PT1H,MC-MagdalenaEcop,23338.66,33177.7
2024-12-21,18,PT1H,MC-MagdalenaEcop,23337.13,22491.9
2024-12-21,23,PT1H,MC-MagdalenaEcop,24971.75,19097.6
2024-12-21,15,PT1H,MC-MagdalenaEcop,24658.21,32585.0
2024-12-21,16,PT1H,MC-MagdalenaEcop,24555.28,33741.2
2024-12-21,17,PT1H,MC-MagdalenaEcop,23456.08,29412.9
2024-12-21,21,PT1H,MC-MagdalenaEcop,23944.52,20180.0
2024-12-21,7,PT1H,MC-MagdalenaEcop,20620.0,24716.7
2024-12-21,13,PT1H,MC-MagdalenaEcop,21850.76,33020.4
2024-12-22,1,PT1H,MC-MagdalenaEcop,24860.37,20360.0
2024-12-22,23,PT1H,MC-MagdalenaEcop,22995.67,22637.8
2024-12-22,21,PT1H,MC-MagdalenaEcop,22298.0,22132.3
2024-12-22,20,PT1H,MC-MagdalenaEcop,23946.01,21748.4
2024-12-22,19,PT1H,MC-MagdalenaEcop,25026.29,24665.8
2024-12-22,18,PT1H,MC-MagdalenaEcop,24367.3,25763.7
2024-12-22,17,PT1H,MC-MagdalenaEcop,23730.77,25730.8
2024-12-22,16,PT1H,MC-MagdalenaEcop,23589.82,25387.0
2024-12-22,15,PT1H,MC-MagdalenaEcop,23725.98,25345.1
2024-12-22,13,PT1H,MC-MagdalenaEcop,22943.57,22942.3
2024-12-22,12,PT1H,MC-MagdalenaEcop,22112.86,23701.2
2024-12-22,24,PT1H,MC-MagdalenaEcop,22766.93,23084.5
2024-12-22,11,PT1H,MC-MagdalenaEcop,24371.71,21830.9
2024-12-22,9,PT1H,MC-MagdalenaEcop,22704.32,21393.6
2024-12-22,8,PT1H,MC-MagdalenaEcop,22660.62,21032.1
2024-12-22,7,PT1H,MC-MagdalenaEcop,22846.46,21499.2
2024-12-22,6,PT1H,MC-MagdalenaEcop,24892.27,21972.1
2024-12-22,5,PT1H,MC-MagdalenaEcop,24200.35,20686.3
2024-12-22,4,PT1H,MC-MagdalenaEcop,23628.77,20475.3
2024-12-22,3,PT1H,MC-MagdalenaEcop,24384.44,20550.2
2024-12-22,2,PT1H,MC-MagdalenaEcop,25161.64,20369.5
2024-12-22,22,PT1H,MC-MagdalenaEcop,22004.51,22523.9
2024-12-22,10,PT1H,MC-MagdalenaEcop,22647.25,21500.9
2024-12-22,14,PT1H,MC-MagdalenaEcop,23377.66,24313.1
2024-12-23,24,PT1H,MC-MagdalenaEcop,23335.8,21339.7
2024-12-23,1,PT1H,MC-MagdalenaEcop,21303.76,20362.1
2024-12-23,22,PT1H,MC-MagdalenaEcop,24649.16,22034.3
2024-12-23,21,PT1H,MC-MagdalenaEcop,25191.95,22054.3
2024-12-23,20,PT1H,MC-MagdalenaEcop,25389.02,21601.8
2024-12-23,19,PT1H,MC-MagdalenaEcop,25926.19,19618.6
2024-12-23,18,PT1H,MC-MagdalenaEcop,24110.19,15181.9
2024-12-23,17,PT1H,MC-MagdalenaEcop,24648.11,11952.0
2024-12-23,16,PT1H,MC-MagdalenaEcop,26304.63,11282.9
2024-12-23,15,PT1H,MC-MagdalenaEcop,25419.21,14598.3
2024-12-23,14,PT1H,MC-MagdalenaEcop,24543.01,31506.3
2024-12-23,13,PT1H,MC-MagdalenaEcop,24287.44,33646.1
2024-12-23,23,PT1H,MC-MagdalenaEcop,24415.8,20249.0
2024-12-23,11,PT1H,MC-MagdalenaEcop,25601.79,29404.0
2024-12-23,10,PT1H,MC-MagdalenaEcop,25110.25,30282.0
2024-12-23,9,PT1H,MC-MagdalenaEcop,24470.12,29678.3
2024-12-23,8,PT1H,MC-MagdalenaEcop,22902.06,24820.8
2024-12-23,7,PT1H,MC-MagdalenaEcop,21513.23,23782.9
2024-12-23,6,PT1H,MC-MagdalenaEcop,20934.45,23042.8
2024-12-23,5,PT1H,MC-MagdalenaEcop,21019.03,23118.1
2024-12-23,4,PT1H,MC-MagdalenaEcop,20720.41,22594.5
2024-12-23,3,PT1H,MC-MagdalenaEcop,19496.99,23279.0
2024-12-23,2,PT1H,MC-MagdalenaEcop,20804.33,21933.2
2024-12-23,12,PT1H,MC-MagdalenaEcop,24700.4,31223.9
2024-12-24,7,PT1H,MC-MagdalenaEcop,22173.67,35970.7
2024-12-24,6,PT1H,MC-MagdalenaEcop,22662.7,28778.8
2024-12-24,5,PT1H,MC-MagdalenaEcop,24916.3,27036.0
2024-12-24,24,PT1H,MC-MagdalenaEcop,28532.46,10028.2
2024-12-24,3,PT1H,MC-MagdalenaEcop,26163.69,27223.2
2024-12-24,2,PT1H,MC-MagdalenaEcop,25707.5,27550.2
2024-12-24,1,PT1H,MC-MagdalenaEcop,23906.94,27434.8
2024-12-24,8,PT1H,MC-MagdalenaEcop,22884.96,37471.2
2024-12-24,4,PT1H,MC-MagdalenaEcop,26957.86,27158.7
2024-12-24,9,PT1H,MC-MagdalenaEcop,23807.92,39562.2
2024-12-24,15,PT1H,MC-MagdalenaEcop,30803.29,19083.7
2024-12-24,11,PT1H,MC-MagdalenaEcop,25463.16,30122.1
2024-12-24,12,PT1H,MC-MagdalenaEcop,28686.67,26898.5
2024-12-24,13,PT1H,MC-MagdalenaEcop,30161.74,29159.9
2024-12-24,14,PT1H,MC-MagdalenaEcop,31522.71,25883.0
2024-12-24,16,PT1H,MC-MagdalenaEcop,30099.03,14777.4
2024-12-24,17,PT1H,MC-MagdalenaEcop,30387.49,13876.1
2024-12-24,18,PT1H,MC-MagdalenaEcop,26742.54,13735.1
2024-12-24,19,PT1H,MC-MagdalenaEcop,27394.0,13588.2
2024-12-24,20,PT1H,MC-MagdalenaEcop,27334.93,9329.6
2024-12-24,22,PT1H,MC-MagdalenaEcop,29759.64,8771.2
2024-12-24,10,PT1H,MC-MagdalenaEcop,25147.24,37239.5
2024-12-24,21,PT1H,MC-MagdalenaEcop,29202.2,8685.9
2024-12-24,23,PT1H,MC-MagdalenaEcop,29078.06,9223.2
2024-12-25,13,PT1H,MC-MagdalenaEcop,27925.54,17256.8
2024-12-25,23,PT1H,MC-MagdalenaEcop,30629.24,7827.0
2024-12-25,22,PT1H,MC-MagdalenaEcop,30713.63,5572.5
2024-12-25,21,PT1H,MC-MagdalenaEcop,30269.25,9178.3
2024-12-25,20,PT1H,MC-MagdalenaEcop,29824.91,10453.5
2024-12-25,19,PT1H,MC-MagdalenaEcop,30163.85,11661.8
2024-12-25,18,PT1H,MC-MagdalenaEcop,29631.17,10950.2
2024-12-25,17,PT1H,MC-MagdalenaEcop,29442.64,9400.0
2024-12-25,16,PT1H,MC-MagdalenaEcop,29309.02,10291.1
2024-12-25,24,PT1H,MC-MagdalenaEcop,30993.27,5922.1
2024-12-25,15,PT1H,MC-MagdalenaEcop,29666.58,11345.5
2024-12-25,3,PT1H,MC-MagdalenaEcop,27785.0,43659.0
2024-12-25,12,PT1H,MC-MagdalenaEcop,27653.45,15804.6
2024-12-25,11,PT1H,MC-MagdalenaEcop,27504.92,19624.8
2024-12-25,10,PT1H,MC-MagdalenaEcop,26410.25,37643.3
2024-12-25,9,PT1H,MC-MagdalenaEcop,25847.61,40636.8
2024-12-25,8,PT1H,MC-MagdalenaEcop,25705.38,42344.0
2024-12-25,7,PT1H,MC-MagdalenaEcop,23751.33,40548.6
2024-12-25,6,PT1H,MC-MagdalenaEcop,25034.66,39213.2
2024-12-25,14,PT1H,MC-MagdalenaEcop,28906.15,14808.1
2024-12-25,5,PT1H,MC-MagdalenaEcop,26926.37,38689.7
2024-12-25,4,PT1H,MC-MagdalenaEcop,27587.02,41232.8
2024-12-25,2,PT1H,MC-MagdalenaEcop,27849.46,41245.9
2024-12-25,1,PT1H,MC-MagdalenaEcop,28055.93,23277.3
2024-12-26,21,PT1H,MC-MagdalenaEcop,35741.75,23184.2
2024-12-26,4,PT1H,MC-MagdalenaEcop,29201.0,6268.8
2024-12-26,5,PT1H,MC-MagdalenaEcop,27610.89,22630.2
2024-12-26,6,PT1H,MC-MagdalenaEcop,28271.16,26374.6
2024-12-26,7,PT1H,MC-MagdalenaEcop,29027.39,26161.3
2024-12-26,8,PT1H,MC-MagdalenaEcop,30570.13,25992.7
2024-12-26,9,PT1H,MC-MagdalenaEcop,30982.64,27674.8
2024-12-26,10,PT1H,MC-MagdalenaEcop,31346.35,32596.7
2024-12-26,2,PT1H,MC-MagdalenaEcop,30262.95,6129.2
2024-12-26,11,PT1H,MC-MagdalenaEcop,31170.04,29693.8
2024-12-26,13,PT1H,MC-MagdalenaEcop,32050.56,31071.6
2024-12-26,14,PT1H,MC-MagdalenaEcop,30603.92,32122.7
2024-12-26,15,PT1H,MC-MagdalenaEcop,29394.83,32036.6
2024-12-26,16,PT1H,MC-MagdalenaEcop,29343.04,31947.9
2024-12-26,17,PT1H,MC-MagdalenaEcop,34654.47,28254.4
2024-12-26,18,PT1H,MC-MagdalenaEcop,37566.47,28032.1
2024-12-26,19,PT1H,MC-MagdalenaEcop,38458.83,28552.1
2024-12-26,20,PT1H,MC-MagdalenaEcop,37537.86,27699.9
2024-12-26,24,PT1H,MC-MagdalenaEcop,35460.59,13724.9
2024-12-26,12,PT1H,MC-MagdalenaEcop,32673.1,29851.5
2024-12-26,23,PT1H,MC-MagdalenaEcop,35680.43,13646.5
2024-12-26,22,PT1H,MC-MagdalenaEcop,34883.98,14794.4
2024-12-26,1,PT1H,MC-MagdalenaEcop,30671.08,5412.8
2024-12-26,3,PT1H,MC-MagdalenaEcop,30313.03,4733.3
2024-12-27,3,PT1H,MC-MagdalenaEcop,31499.91,22194.3
2024-12-27,2,PT1H,MC-MagdalenaEcop,31590.71,17588.4
2024-12-27,1,PT1H,MC-MagdalenaEcop,35170.2,11334.4
2024-12-27,24,PT1H,MC-MagdalenaEcop,22370.16,23124.9
2024-12-27,23,PT1H,MC-MagdalenaEcop,22695.25,22587.6
2024-12-27,22,PT1H,MC-MagdalenaEcop,23096.99,20914.0
2024-12-27,21,PT1H,MC-MagdalenaEcop,24555.64,22375.1
2024-12-27,20,PT1H,MC-MagdalenaEcop,25641.32,25020.3
2024-12-27,19,PT1H,MC-MagdalenaEcop,26179.62,26182.9
2024-12-27,18,PT1H,MC-MagdalenaEcop,25760.85,25792.3
2024-12-27,17,PT1H,MC-MagdalenaEcop,27719.98,24170.0
2024-12-27,16,PT1H,MC-MagdalenaEcop,29619.48,24660.8
2024-12-27,15,PT1H,MC-MagdalenaEcop,28787.77,24911.1
2024-12-27,14,PT1H,MC-MagdalenaEcop,29409.32,24231.3
2024-12-27,13,PT1H,MC-MagdalenaEcop,30166.22,23987.5
2024-12-27,12,PT1H,MC-MagdalenaEcop,31552.12,24493.4
2024-12-27,11,PT1H,MC-MagdalenaEcop,31496.26,24171.4
2024-12-27,10,PT1H,MC-MagdalenaEcop,31034.89,25693.8
2024-12-27,9,PT1H,MC-MagdalenaEcop,31717.69,23918.4
2024-12-27,8,PT1H,MC-MagdalenaEcop,29495.36,22885.6
2024-12-27,7,PT1H,MC-MagdalenaEcop,27644.68,22737.8
2024-12-27,6,PT1H,MC-MagdalenaEcop,28653.43,22844.9
2024-12-27,4,PT1H,MC-MagdalenaEcop,31256.52,19685.4
2024-12-27,5,PT1H,MC-MagdalenaEcop,30382.44,23081.7
2024-12-28,23,PT1H,MC-MagdalenaEcop,25843.72,34286.3
2024-12-28,1,PT1H,MC-MagdalenaEcop,22238.06,19812.7
2024-12-28,22,PT1H,MC-MagdalenaEcop,26186.28,26801.1
2024-12-28,21,PT1H,MC-MagdalenaEcop,26174.92,22606.6
2024-12-28,20,PT1H,MC-MagdalenaEcop,26699.85,22090.9
2024-12-28,19,PT1H,MC-MagdalenaEcop,27349.18,23362.9
2024-12-28,18,PT1H,MC-MagdalenaEcop,26312.31,23082.0
2024-12-28,17,PT1H,MC-MagdalenaEcop,26245.57,24071.5
2024-12-28,16,PT1H,MC-MagdalenaEcop,26827.74,26866.2
2024-12-28,15,PT1H,MC-MagdalenaEcop,25478.93,27451.8
2024-12-28,14,PT1H,MC-MagdalenaEcop,24472.5,24350.6
2024-12-28,13,PT1H,MC-MagdalenaEcop,22819.82,23681.5
2024-12-28,12,PT1H,MC-MagdalenaEcop,21436.36,21121.1
2024-12-28,11,PT1H,MC-MagdalenaEcop,22577.34,20259.3
2024-12-28,10,PT1H,MC-MagdalenaEcop,22248.04,20201.0
2024-12-28,9,PT1H,MC-MagdalenaEcop,22538.75,19704.4
2024-12-28,8,PT1H,MC-MagdalenaEcop,22198.22,18609.6
2024-12-28,7,PT1H,MC-MagdalenaEcop,22213.3,18848.9
2024-12-28,6,PT1H,MC-MagdalenaEcop,21554.61,19713.8
2024-12-28,5,PT1H,MC-MagdalenaEcop,21473.38,19103.1
2024-12-28,4,PT1H,MC-MagdalenaEcop,22166.58,19444.8
2024-12-28,3,PT1H,MC-MagdalenaEcop,21950.38,19897.0
2024-12-28,2,PT1H,MC-MagdalenaEcop,22204.76,19978.9
2024-12-28,24,PT1H,MC-MagdalenaEcop,21595.14,33240.9
2024-12-29,24,PT1H,MC-MagdalenaEcop,25464.54,17855.6
2024-12-29,3,PT1H,MC-MagdalenaEcop,20370.68,31565.7
2024-12-29,12,PT1H,MC-MagdalenaEcop,31489.66,23059.7
2024-12-29,20,PT1H,MC-MagdalenaEcop,29395.26,21619.3
2024-12-29,19,PT1H,MC-MagdalenaEcop,27901.12,22204.4
2024-12-29,18,PT1H,MC-MagdalenaEcop,26731.25,21992.9
2024-12-29,17,PT1H,MC-MagdalenaEcop,26951.98,20741.2
2024-12-29,16,PT1H,MC-MagdalenaEcop,24140.71,20332.4
2024-12-29,15,PT1H,MC-MagdalenaEcop,24256.28,24245.6
2024-12-29,14,PT1H,MC-MagdalenaEcop,24725.84,24447.3
2024-12-29,13,PT1H,MC-MagdalenaEcop,29457.05,23969.0
2024-12-29,22,PT1H,MC-MagdalenaEcop,28570.72,18777.9
2024-12-29,11,PT1H,MC-MagdalenaEcop,31438.75,22102.3
2024-12-29,10,PT1H,MC-MagdalenaEcop,31509.86,21628.9
2024-12-29,9,PT1H,MC-MagdalenaEcop,30887.46,22554.8
2024-12-29,8,PT1H,MC-MagdalenaEcop,28760.3,20786.0
2024-12-29,7,PT1H,MC-MagdalenaEcop,24834.31,19220.0
2024-12-29,6,PT1H,MC-MagdalenaEcop,25216.45,20391.5
2024-12-29,5,PT1H,MC-MagdalenaEcop,25212.41,20829.7
2024-12-29,4,PT1H,MC-MagdalenaEcop,24599.34,27827.3
2024-12-29,2,PT1H,MC-MagdalenaEcop,19942.55,31762.6
2024-12-29,1,PT1H,MC-MagdalenaEcop,20343.0,32583.2
2024-12-29,21,PT1H,MC-MagdalenaEcop,28233.91,19737.5
2024-12-29,23,PT1H,MC-MagdalenaEcop,28057.69,18352.1
2024-12-30,6,PT1H,MC-MagdalenaEcop,27648.81,22449.4
2024-12-30,5,PT1H,MC-MagdalenaEcop,26093.08,21899.0
2024-12-30,3,PT1H,MC-MagdalenaEcop,23068.92,22108.0
2024-12-30,15,PT1H,MC-MagdalenaEcop,23553.91,29830.8
2024-12-30,24,PT1H,MC-MagdalenaEcop,23212.78,24828.1
2024-12-30,23,PT1H,MC-MagdalenaEcop,22085.26,25897.3
2024-12-30,22,PT1H,MC-MagdalenaEcop,22681.14,26840.0
2024-12-30,21,PT1H,MC-MagdalenaEcop,21483.35,26178.7
2024-12-30,20,PT1H,MC-MagdalenaEcop,21454.45,24503.0
2024-12-30,19,PT1H,MC-MagdalenaEcop,21835.28,27919.0
2024-12-30,18,PT1H,MC-MagdalenaEcop,23080.02,28228.0
2024-12-30,17,PT1H,MC-MagdalenaEcop,22954.63,28541.3
2024-12-30,16,PT1H,MC-MagdalenaEcop,23216.82,29514.8
2024-12-30,14,PT1H,MC-MagdalenaEcop,22957.97,29178.5
2024-12-30,13,PT1H,MC-MagdalenaEcop,23705.32,28429.4
2024-12-30,12,PT1H,MC-MagdalenaEcop,23193.8,30405.8
2024-12-30,11,PT1H,MC-MagdalenaEcop,27684.58,28629.2
2024-12-30,10,PT1H,MC-MagdalenaEcop,27121.08,26476.1
2024-12-30,9,PT1H,MC-MagdalenaEcop,27455.04,23557.2
2024-12-30,8,PT1H,MC-MagdalenaEcop,24843.44,23182.8
2024-12-30,7,PT1H,MC-MagdalenaEcop,27201.46,22687.6
2024-12-30,4,PT1H,MC-MagdalenaEcop,22694.12,21909.9
2024-12-30,2,PT1H,MC-MagdalenaEcop,23051.81,21199.6
2024-12-30,1,PT1H,MC-MagdalenaEcop,23623.16,20151.4
2024-12-31,21,PT1H,MC-MagdalenaEcop,16748.83,31502.8
2024-12-31,1,PT1H,MC-MagdalenaEcop,23384.0,17838.6
2024-12-31,2,PT1H,MC-MagdalenaEcop,22213.66,16460.5
2024-12-31,3,PT1H,MC-MagdalenaEcop,21503.0,16514.5
2024-12-31,4,PT1H,MC-MagdalenaEcop,21327.45,17559.8
2024-12-31,5,PT1H,MC-MagdalenaEcop,20630.2,18278.0
2024-12-31,6,PT1H,MC-MagdalenaEcop,18721.8,17786.5
2024-12-31,7,PT1H,MC-MagdalenaEcop,18753.1,17299.1
2024-12-31,8,PT1H,MC-MagdalenaEcop,19301.13,17932.2
2024-12-31,22,PT1H,MC-MagdalenaEcop,15217.58,30479.5
2024-12-31,9,PT1H,MC-MagdalenaEcop,19876.71,22995.5
2024-12-31,10,PT1H,MC-MagdalenaEcop,19931.54,29180.9
2024-12-31,11,PT1H,MC-MagdalenaEcop,18769.6,29478.2
2024-12-31,12,PT1H,MC-MagdalenaEcop,18971.46,29544.8
2024-12-31,13,PT1H,MC-MagdalenaEcop,19474.49,26808.2
2024-12-31,14,PT1H,MC-MagdalenaEcop,19704.52,28317.6
2024-12-31,15,PT1H,MC-MagdalenaEcop,19509.12,30896.4
2024-12-31,16,PT1H,MC-MagdalenaEcop,18006.0,30675.7
2024-12-31,17,PT1H,MC-MagdalenaEcop,18939.46,30176.4
2024-12-31,18,PT1H,MC-MagdalenaEcop,18727.37,30909.7
2024-12-31,19,PT1H,MC-MagdalenaEcop,18912.62,32074.4
2024-12-31,24,PT1H,MC-MagdalenaEcop,15277.45,30032.8
2024-12-31,20,PT1H,MC-MagdalenaEcop,19010.33,31807.6
2024-12-31,23,PT1H,MC-MagdalenaEcop,15394.52,29995.2
2025-01-01,22,PT1H,MC-MagdalenaEcop,25749.85,18766.3
2025-01-01,24,PT1H,MC-MagdalenaEcop,25014.65,17409.9
2025-01-01,21,PT1H,MC-MagdalenaEcop,25879.87,22877.0
2025-01-01,20,PT1H,MC-MagdalenaEcop,25880.06,22350.6
2025-01-01,19,PT1H,MC-MagdalenaEcop,24503.65,22689.3
2025-01-01,18,PT1H,MC-MagdalenaEcop,22071.91,22216.5
2025-01-01,17,PT1H,MC-MagdalenaEcop,21828.89,22558.7
2025-01-01,16,PT1H,MC-MagdalenaEcop,21919.38,23318.2
2025-01-01,15,PT1H,MC-MagdalenaEcop,22414.13,23858.5
2025-01-01,14,PT1H,MC-MagdalenaEcop,22900.95,23742.8
2025-01-01,13,PT1H,MC-MagdalenaEcop,23663.42,22845.4
2025-01-01,23,PT1H,MC-MagdalenaEcop,23898.22,16850.2
2025-01-01,12,PT1H,MC-MagdalenaEcop,24126.09,22289.7
2025-01-01,10,PT1H,MC-MagdalenaEcop,23497.84,22166.7
2025-01-01,9,PT1H,MC-MagdalenaEcop,23212.56,21734.3
2025-01-01,8,PT1H,MC-MagdalenaEcop,22863.42,22783.3
2025-01-01,7,PT1H,MC-MagdalenaEcop,18580.31,23218.6
2025-01-01,6,PT1H,MC-MagdalenaEcop,19070.69,23634.9
2025-01-01,5,PT1H,MC-MagdalenaEcop,17320.48,23622.2
2025-01-01,4,PT1H,MC-MagdalenaEcop,16287.89,23732.7
2025-01-01,3,PT1H,MC-MagdalenaEcop,16323.86,24326.8
2025-01-01,2,PT1H,MC-MagdalenaEcop,16439.36,25535.3
2025-01-01,11,PT1H,MC-MagdalenaEcop,24405.25,22282.4
2025-01-01,1,PT1H,MC-MagdalenaEcop,16141.23,27734.8
2025-01-02,23,PT1H,MC-MagdalenaEcop,20948.84,24266.0
2025-01-02,2,PT1H,MC-MagdalenaEcop,24612.42,23556.8
2025-01-02,24,PT1H,MC-MagdalenaEcop,20886.26,21523.5
2025-01-02,1,PT1H,MC-MagdalenaEcop,24939.99,24562.2
2025-01-02,3,PT1H,MC-MagdalenaEcop,24203.83,21968.4
2025-01-02,4,PT1H,MC-MagdalenaEcop,24134.81,21342.6
2025-01-02,5,PT1H,MC-MagdalenaEcop,24689.59,22087.5
2025-01-02,6,PT1H,MC-MagdalenaEcop,25398.1,21926.2
2025-01-02,7,PT1H,MC-MagdalenaEcop,25460.85,21223.9
2025-01-02,9,PT1H,MC-MagdalenaEcop,25324.09,21359.6
2025-01-02,10,PT1H,MC-MagdalenaEcop,25070.13,22592.5
2025-01-02,11,PT1H,MC-MagdalenaEcop,25147.54,21638.7
2025-01-02,8,PT1H,MC-MagdalenaEcop,25572.13,21212.5
2025-01-02,13,PT1H,MC-MagdalenaEcop,25158.6,21801.8
2025-01-02,14,PT1H,MC-MagdalenaEcop,25417.61,21070.9
2025-01-02,15,PT1H,MC-MagdalenaEcop,25436.79,21289.6
2025-01-02,16,PT1H,MC-MagdalenaEcop,24927.54,23065.7
2025-01-02,17,PT1H,MC-MagdalenaEcop,21609.27,22754.9
2025-01-02,18,PT1H,MC-MagdalenaEcop,20455.19,22812.7
2025-01-02,19,PT1H,MC-MagdalenaEcop,20507.48,24727.1
2025-01-02,20,PT1H,MC-MagdalenaEcop,20032.0,24689.2
2025-01-02,12,PT1H,MC-MagdalenaEcop,25390.53,21625.6
2025-01-02,21,PT1H,MC-MagdalenaEcop,20750.2,24308.5
2025-01-02,22,PT1H,MC-MagdalenaEcop,20769.14,25138.5
2025-01-03,15,PT1H,MC-MagdalenaEcop,21000.86,29444.6
2025-01-03,16,PT1H,MC-MagdalenaEcop,19326.29,20072.5
2025-01-03,17,PT1H,MC-MagdalenaEcop,18549.9,20327.1
2025-01-03,21,PT1H,MC-MagdalenaEcop,21409.05,21250.8
2025-01-03,19,PT1H,MC-MagdalenaEcop,18952.75,21363.4
2025-01-03,20,PT1H,MC-MagdalenaEcop,21603.75,21463.2
2025-01-03,14,PT1H,MC-MagdalenaEcop,21255.89,29920.3
2025-01-03,18,PT1H,MC-MagdalenaEcop,18626.36,20355.0
2025-01-03,13,PT1H,MC-MagdalenaEcop,21733.42,29773.1
2025-01-03,24,PT1H,MC-MagdalenaEcop,22394.03,20171.4
2025-01-03,11,PT1H,MC-MagdalenaEcop,23492.22,28037.8
2025-01-03,10,PT1H,MC-MagdalenaEcop,23964.48,24232.2
2025-01-03,9,PT1H,MC-MagdalenaEcop,24074.82,18681.5
2025-01-03,8,PT1H,MC-MagdalenaEcop,25332.31,18444.8
2025-01-03,7,PT1H,MC-MagdalenaEcop,25280.44,21026.9
2025-01-03,6,PT1H,MC-MagdalenaEcop,24759.24,20937.2
2025-01-03,5,PT1H,MC-MagdalenaEcop,24673.81,20452.1
2025-01-03,4,PT1H,MC-MagdalenaEcop,24606.62,20750.6
2025-01-03,22,PT1H,MC-MagdalenaEcop,23172.21,21482.1
2025-01-03,3,PT1H,MC-MagdalenaEcop,24861.79,21658.1
2025-01-03,12,PT1H,MC-MagdalenaEcop,21285.84,29964.5
2025-01-03,23,PT1H,MC-MagdalenaEcop,22940.44,21603.0
2025-01-03,1,PT1H,MC-MagdalenaEcop,24003.93,20214.2
2025-01-03,2,PT1H,MC-MagdalenaEcop,24268.68,20918.6
2025-01-04,23,PT1H,MC-MagdalenaEcop,21260.11,25372.5
2025-01-04,24,PT1H,MC-MagdalenaEcop,21020.11,25108.9
2025-01-04,1,PT1H,MC-MagdalenaEcop,21354.76,19952.8
2025-01-04,2,PT1H,MC-MagdalenaEcop,22081.36,19763.5
2025-01-04,3,PT1H,MC-MagdalenaEcop,21237.63,21026.3
2025-01-04,4,PT1H,MC-MagdalenaEcop,22347.46,20905.1
2025-01-04,5,PT1H,MC-MagdalenaEcop,22946.64,21917.9
2025-01-04,6,PT1H,MC-MagdalenaEcop,23280.62,22509.1
2025-01-04,7,PT1H,MC-MagdalenaEcop,22951.48,20952.7
2025-01-04,8,PT1H,MC-MagdalenaEcop,24296.65,20545.6
2025-01-04,9,PT1H,MC-MagdalenaEcop,23087.9,21029.3
2025-01-04,10,PT1H,MC-MagdalenaEcop,22920.13,20119.7
2025-01-04,12,PT1H,MC-MagdalenaEcop,20416.77,21034.7
2025-01-04,13,PT1H,MC-MagdalenaEcop,19936.2,22202.7
2025-01-04,14,PT1H,MC-MagdalenaEcop,19472.18,23713.9
2025-01-04,15,PT1H,MC-MagdalenaEcop,19450.46,25054.1
2025-01-04,16,PT1H,MC-MagdalenaEcop,21343.3,24949.5
2025-01-04,18,PT1H,MC-MagdalenaEcop,22115.41,23712.3
2025-01-04,19,PT1H,MC-MagdalenaEcop,22773.36,24415.3
2025-01-04,20,PT1H,MC-MagdalenaEcop,22873.96,24016.2
2025-01-04,21,PT1H,MC-MagdalenaEcop,22395.71,24319.2
2025-01-04,22,PT1H,MC-MagdalenaEcop,19400.76,25651.5
2025-01-04,11,PT1H,MC-MagdalenaEcop,22942.41,20438.9
2025-01-04,17,PT1H,MC-MagdalenaEcop,22029.6,23833.1
2025-01-05,22,PT1H,MC-MagdalenaEcop,24521.7,21122.7
2025-01-05,23,PT1H,MC-MagdalenaEcop,24530.51,22073.7
2025-01-05,1,PT1H,MC-MagdalenaEcop,21177.84,23862.8
2025-01-05,2,PT1H,MC-MagdalenaEcop,21417.22,24151.9
2025-01-05,3,PT1H,MC-MagdalenaEcop,21092.14,23406.2
2025-01-05,4,PT1H,MC-MagdalenaEcop,24979.14,22681.1
2025-01-05,5,PT1H,MC-MagdalenaEcop,21502.67,23229.5
2025-01-05,7,PT1H,MC-MagdalenaEcop,18670.08,21930.5
2025-01-05,8,PT1H,MC-MagdalenaEcop,17856.38,21752.2
2025-01-05,9,PT1H,MC-MagdalenaEcop,19220.52,21794.1
2025-01-05,10,PT1H,MC-MagdalenaEcop,8708.86,21739.4
2025-01-05,11,PT1H,MC-MagdalenaEcop,9645.4,23394.0
2025-01-05,6,PT1H,MC-MagdalenaEcop,19416.86,23893.4
2025-01-05,13,PT1H,MC-MagdalenaEcop,16153.76,22023.7
2025-01-05,21,PT1H,MC-MagdalenaEcop,24358.68,21394.3
2025-01-05,20,PT1H,MC-MagdalenaEcop,22880.76,22975.5
2025-01-05,12,PT1H,MC-MagdalenaEcop,13391.34,21226.7
2025-01-05,18,PT1H,MC-MagdalenaEcop,22042.69,23389.7
2025-01-05,24,PT1H,MC-MagdalenaEcop,24475.91,21854.2
2025-01-05,19,PT1H,MC-MagdalenaEcop,23540.1,24012.0
2025-01-05,17,PT1H,MC-MagdalenaEcop,20521.68,22779.0
2025-01-05,16,PT1H,MC-MagdalenaEcop,18999.05,22643.8
2025-01-05,15,PT1H,MC-MagdalenaEcop,19177.09,22774.4
2025-01-05,14,PT1H,MC-MagdalenaEcop,18018.09,22440.2
2025-01-06,21,PT1H,MC-MagdalenaEcop,19575.45,24278.1
2025-01-06,12,PT1H,MC-MagdalenaEcop,20420.8,23814.4
2025-01-06,20,PT1H,MC-MagdalenaEcop,19434.85,24468.0
2025-01-06,19,PT1H,MC-MagdalenaEcop,19472.54,24985.7
2025-01-06,18,PT1H,MC-MagdalenaEcop,19442.01,23245.6
2025-01-06,17,PT1H,MC-MagdalenaEcop,19746.74,23764.0
2025-01-06,15,PT1H,MC-MagdalenaEcop,19667.83,24507.1
2025-01-06,14,PT1H,MC-MagdalenaEcop,19727.62,23662.7
2025-01-06,13,PT1H,MC-MagdalenaEcop,19868.71,23416.4
2025-01-06,22,PT1H,MC-MagdalenaEcop,18902.8,23765.0
2025-01-06,11,PT1H,MC-MagdalenaEcop,21276.8,24683.0
2025-01-06,16,PT1H,MC-MagdalenaEcop,19904.98,25360.4
2025-01-06,9,PT1H,MC-MagdalenaEcop,22075.99,23592.4
2025-01-06,24,PT1H,MC-MagdalenaEcop,19208.55,22499.3
2025-01-06,23,PT1H,MC-MagdalenaEcop,19068.94,23540.1
2025-01-06,1,PT1H,MC-MagdalenaEcop,24541.24,20540.9
2025-01-06,2,PT1H,MC-MagdalenaEcop,24328.53,20059.6
2025-01-06,3,PT1H,MC-MagdalenaEcop,24260.62,18799.7
2025-01-06,10,PT1H,MC-MagdalenaEcop,21106.33,24209.3
2025-01-06,5,PT1H,MC-MagdalenaEcop,23565.22,20266.5
2025-01-06,6,PT1H,MC-MagdalenaEcop,22825.07,20185.0
2025-01-06,7,PT1H,MC-MagdalenaEcop,22273.14,20742.8
2025-01-06,8,PT1H,MC-MagdalenaEcop,22230.7,22081.3
2025-01-06,4,PT1H,MC-MagdalenaEcop,24129.3,19978.8
2025-01-07,1,PT1H,MC-MagdalenaEcop,19191.5,20116.1
2025-01-07,11,PT1H,MC-MagdalenaEcop,20200.82,21424.9
2025-01-07,3,PT1H,MC-MagdalenaEcop,19049.29,22014.0
2025-01-07,4,PT1H,MC-MagdalenaEcop,19932.4,22681.9
2025-01-07,5,PT1H,MC-MagdalenaEcop,21417.33,20965.0
2025-01-07,6,PT1H,MC-MagdalenaEcop,21108.89,19069.7
2025-01-07,7,PT1H,MC-MagdalenaEcop,20848.34,18658.4
2025-01-07,8,PT1H,MC-MagdalenaEcop,17581.75,19256.6
2025-01-07,9,PT1H,MC-MagdalenaEcop,17859.72,20032.8
2025-01-07,10,PT1H,MC-MagdalenaEcop,18862.96,21159.2
2025-01-07,2,PT1H,MC-MagdalenaEcop,19109.34,21630.4
2025-01-07,12,PT1H,MC-MagdalenaEcop,20413.02,24135.9
2025-01-07,14,PT1H,MC-MagdalenaEcop,21546.83,26521.0
2025-01-07,13,PT1H,MC-MagdalenaEcop,21565.03,25376.5
2025-01-07,24,PT1H,MC-MagdalenaEcop,24684.81,24006.2
2025-01-07,22,PT1H,MC-MagdalenaEcop,24730.42,25038.3
2025-01-07,21,PT1H,MC-MagdalenaEcop,23892.13,24559.5
2025-01-07,20,PT1H,MC-MagdalenaEcop,22037.46,22989.1
2025-01-07,23,PT1H,MC-MagdalenaEcop,24456.94,24465.1
2025-01-07,18,PT1H,MC-MagdalenaEcop,19916.48,22500.9
2025-01-07,17,PT1H,MC-MagdalenaEcop,19279.14,25566.3
2025-01-07,16,PT1H,MC-MagdalenaEcop,19211.38,25323.7
2025-01-07,15,PT1H,MC-MagdalenaEcop,19981.25,25916.0
2025-01-07,19,PT1H,MC-MagdalenaEcop,20013.67,23038.7
2025-01-08,3,PT1H,MC-MagdalenaEcop,22455.86,22408.9
2025-01-08,4,PT1H,MC-MagdalenaEcop,22395.71,22249.3
2025-01-08,5,PT1H,MC-MagdalenaEcop,22280.76,21716.7
2025-01-08,6,PT1H,MC-MagdalenaEcop,22226.56,20191.7
2025-01-08,7,PT1H,MC-MagdalenaEcop,22495.02,19157.1
2025-01-08,8,PT1H,MC-MagdalenaEcop,22434.8,20732.4
2025-01-08,9,PT1H,MC-MagdalenaEcop,19500.65,20847.0
2025-01-08,10,PT1H,MC-MagdalenaEcop,18912.98,21300.6
2025-01-08,11,PT1H,MC-MagdalenaEcop,20721.03,22183.1
2025-01-08,12,PT1H,MC-MagdalenaEcop,20523.69,22302.8
2025-01-08,13,PT1H,MC-MagdalenaEcop,20328.63,22522.2
2025-01-08,1,PT1H,MC-MagdalenaEcop,25049.73,22627.3
2025-01-08,15,PT1H,MC-MagdalenaEcop,24730.38,23925.7
2025-01-08,16,PT1H,MC-MagdalenaEcop,25134.24,23637.4
2025-01-08,17,PT1H,MC-MagdalenaEcop,25140.51,23745.2
2025-01-08,18,PT1H,MC-MagdalenaEcop,24701.27,23897.1
2025-01-08,19,PT1H,MC-MagdalenaEcop,24829.33,24316.6
2025-01-08,20,PT1H,MC-MagdalenaEcop,24623.36,24043.3
2025-01-08,21,PT1H,MC-MagdalenaEcop,24619.13,24401.5
2025-01-08,22,PT1H,MC-MagdalenaEcop,23678.03,24769.8
2025-01-08,23,PT1H,MC-MagdalenaEcop,22249.97,24701.7
2025-01-08,24,PT1H,MC-MagdalenaEcop,22008.49,24995.2
2025-01-08,2,PT1H,MC-MagdalenaEcop,23184.87,22460.8
2025-01-08,14,PT1H,MC-MagdalenaEcop,23971.06,23312.7
2025-01-09,13,PT1H,MC-MagdalenaEcop,17934.6,22644.4
2025-01-09,14,PT1H,MC-MagdalenaEcop,22105.39,21622.8
2025-01-09,15,PT1H,MC-MagdalenaEcop,24341.88,20768.9
2025-01-09,20,PT1H,MC-MagdalenaEcop,24310.65,26509.6
2025-01-09,18,PT1H,MC-MagdalenaEcop,24415.6,26539.8
2025-01-09,19,PT1H,MC-MagdalenaEcop,24069.97,27160.0
2025-01-09,12,PT1H,MC-MagdalenaEcop,17511.05,23084.0
2025-01-09,16,PT1H,MC-MagdalenaEcop,24809.24,20732.3
2025-01-09,11,PT1H,MC-MagdalenaEcop,17562.26,22022.6
2025-01-09,6,PT1H,MC-MagdalenaEcop,18259.16,19975.3
2025-01-09,9,PT1H,MC-MagdalenaEcop,17545.18,21890.2
2025-01-09,8,PT1H,MC-MagdalenaEcop,17464.0,21598.9
2025-01-09,7,PT1H,MC-MagdalenaEcop,18857.58,20509.4
2025-01-09,21,PT1H,MC-MagdalenaEcop,24191.31,25241.1
2025-01-09,5,PT1H,MC-MagdalenaEcop,18310.59,19509.1
2025-01-09,4,PT1H,MC-MagdalenaEcop,18498.41,20632.0
2025-01-09,3,PT1H,MC-MagdalenaEcop,18650.74,21417.3
2025-01-09,2,PT1H,MC-MagdalenaEcop,18753.5,21382.0
2025-01-09,1,PT1H,MC-MagdalenaEcop,21286.08,21670.2
2025-01-09,10,PT1H,MC-MagdalenaEcop,17314.1,22147.1
2025-01-09,22,PT1H,MC-MagdalenaEcop,23885.96,24645.4
2025-01-09,17,PT1H,MC-MagdalenaEcop,24730.76,24483.3
2025-01-09,24,PT1H,MC-MagdalenaEcop,23683.63,25052.6
2025-01-09,23,PT1H,MC-MagdalenaEcop,23713.34,25207.8
2025-01-10,23,PT1H,MC-MagdalenaEcop,30758.29,18042.0
2025-01-10,3,PT1H,MC-MagdalenaEcop,25275.46,25037.6
2025-01-10,4,PT1H,MC-MagdalenaEcop,25698.88,24844.2
2025-01-10,5,PT1H,MC-MagdalenaEcop,22212.66,24149.7
2025-01-10,6,PT1H,MC-MagdalenaEcop,20635.86,22776.0
2025-01-10,7,PT1H,MC-MagdalenaEcop,28854.52,21974.5
2025-01-10,8,PT1H,MC-MagdalenaEcop,34016.85,23444.9
2025-01-10,9,PT1H,MC-MagdalenaEcop,34564.09,25210.6
2025-01-10,10,PT1H,MC-MagdalenaEcop,34963.15,24668.1
2025-01-10,11,PT1H,MC-MagdalenaEcop,34043.52,25034.7
2025-01-10,12,PT1H,MC-MagdalenaEcop,34454.5,25079.1
2025-01-10,13,PT1H,MC-MagdalenaEcop,34329.79,23977.9
2025-01-10,14,PT1H,MC-MagdalenaEcop,34383.18,23376.5
2025-01-10,15,PT1H,MC-MagdalenaEcop,32892.5,22882.7
2025-01-10,16,PT1H,MC-MagdalenaEcop,30983.36,23543.5
2025-01-10,17,PT1H,MC-MagdalenaEcop,32573.27,22034.3
2025-01-10,18,PT1H,MC-MagdalenaEcop,32989.79,20477.7
2025-01-10,19,PT1H,MC-MagdalenaEcop,33300.43,20800.5
2025-01-10,20,PT1H,MC-MagdalenaEcop,32352.11,20372.8
2025-01-10,21,PT1H,MC-MagdalenaEcop,31777.86,19510.2
2025-01-10,22,PT1H,MC-MagdalenaEcop,31907.56,18361.2
2025-01-10,24,PT1H,MC-MagdalenaEcop,29095.98,17783.7
2025-01-10,2,PT1H,MC-MagdalenaEcop,28259.42,25109.7
2025-01-10,1,PT1H,MC-MagdalenaEcop,25243.26,27953.7
2025-01-11,23,PT1H,MC-MagdalenaEcop,25172.54,24741.3
2025-01-11,22,PT1H,MC-MagdalenaEcop,21618.78,25069.1
2025-01-11,21,PT1H,MC-MagdalenaEcop,20088.51,25048.2
2025-01-11,20,PT1H,MC-MagdalenaEcop,20454.63,25550.6
2025-01-11,19,PT1H,MC-MagdalenaEcop,20649.25,26172.0
2025-01-11,18,PT1H,MC-MagdalenaEcop,20992.97,25189.7
2025-01-11,17,PT1H,MC-MagdalenaEcop,23359.07,25125.9
2025-01-11,16,PT1H,MC-MagdalenaEcop,23552.26,25683.0
2025-01-11,15,PT1H,MC-MagdalenaEcop,22377.8,24392.2
2025-01-11,14,PT1H,MC-MagdalenaEcop,15887.11,23429.1
2025-01-11,13,PT1H,MC-MagdalenaEcop,10489.4,21847.6
2025-01-11,24,PT1H,MC-MagdalenaEcop,24985.48,20675.6
2025-01-11,11,PT1H,MC-MagdalenaEcop,23579.15,21615.5
2025-01-11,9,PT1H,MC-MagdalenaEcop,29045.55,21578.6
2025-01-11,8,PT1H,MC-MagdalenaEcop,31623.78,21252.7
2025-01-11,7,PT1H,MC-MagdalenaEcop,31936.78,21267.2
2025-01-11,6,PT1H,MC-MagdalenaEcop,33659.44,20636.8
2025-01-11,5,PT1H,MC-MagdalenaEcop,30153.67,20559.1
2025-01-11,4,PT1H,MC-MagdalenaEcop,29367.84,21222.4
2025-01-11,3,PT1H,MC-MagdalenaEcop,34006.92,21015.5
2025-01-11,2,PT1H,MC-MagdalenaEcop,34519.47,21259.0
2025-01-11,1,PT1H,MC-MagdalenaEcop,30878.75,21290.8
2025-01-11,10,PT1H,MC-MagdalenaEcop,28274.0,21300.4
2025-01-11,12,PT1H,MC-MagdalenaEcop,18571.47,20523.7
2025-01-12,12,PT1H,MC-MagdalenaEcop,22031.01,26949.7
2025-01-12,1,PT1H,MC-MagdalenaEcop,29170.17,17413.7
2025-01-12,23,PT1H,MC-MagdalenaEcop,24536.88,24013.7
2025-01-12,22,PT1H,MC-MagdalenaEcop,21518.16,24452.6
2025-01-12,21,PT1H,MC-MagdalenaEcop,19603.4,24154.4
2025-01-12,20,PT1H,MC-MagdalenaEcop,19164.42,25148.0
2025-01-12,19,PT1H,MC-MagdalenaEcop,19472.56,23869.7
2025-01-12,18,PT1H,MC-MagdalenaEcop,19936.72,22878.9
2025-01-12,17,PT1H,MC-MagdalenaEcop,22753.2,23067.7
2025-01-12,16,PT1H,MC-MagdalenaEcop,23792.53,20662.6
2025-01-12,15,PT1H,MC-MagdalenaEcop,23766.12,20761.5
2025-01-12,14,PT1H,MC-MagdalenaEcop,23770.22,21163.2
2025-01-12,24,PT1H,MC-MagdalenaEcop,24579.76,21795.2
2025-01-12,11,PT1H,MC-MagdalenaEcop,26545.74,26906.2
2025-01-12,10,PT1H,MC-MagdalenaEcop,28925.5,26967.0
2025-01-12,9,PT1H,MC-MagdalenaEcop,27626.77,26434.6
2025-01-12,8,PT1H,MC-MagdalenaEcop,26309.48,24614.7
2025-01-12,7,PT1H,MC-MagdalenaEcop,25660.86,21256.0
2025-01-12,6,PT1H,MC-MagdalenaEcop,28669.85,21582.9
2025-01-12,5,PT1H,MC-MagdalenaEcop,29290.44,21579.5
2025-01-12,4,PT1H,MC-MagdalenaEcop,30383.37,21055.0
2025-01-12,3,PT1H,MC-MagdalenaEcop,31014.15,17437.3
2025-01-12,2,PT1H,MC-MagdalenaEcop,29852.97,17071.1
2025-01-12,13,PT1H,MC-MagdalenaEcop,23429.07,25210.8
2025-01-13,21,PT1H,MC-MagdalenaEcop,28252.54,19705.3
2025-01-13,20,PT1H,MC-MagdalenaEcop,27649.46,19678.8
2025-01-13,19,PT1H,MC-MagdalenaEcop,25979.77,20028.1
2025-01-13,14,PT1H,MC-MagdalenaEcop,26252.02,21067.9
2025-01-13,17,PT1H,MC-MagdalenaEcop,25895.87,21064.8
2025-01-13,16,PT1H,MC-MagdalenaEcop,26661.52,21305.3
2025-01-13,15,PT1H,MC-MagdalenaEcop,26296.51,21614.5
2025-01-13,22,PT1H,MC-MagdalenaEcop,24366.8,20813.9
2025-01-13,18,PT1H,MC-MagdalenaEcop,25359.38,21179.8
2025-01-13,23,PT1H,MC-MagdalenaEcop,22151.9,20267.4
2025-01-13,4,PT1H,MC-MagdalenaEcop,24136.1,20825.9
2025-01-13,1,PT1H,MC-MagdalenaEcop,24640.66,21678.0
2025-01-13,2,PT1H,MC-MagdalenaEcop,24668.77,21153.9
2025-01-13,3,PT1H,MC-MagdalenaEcop,24666.19,21169.6
2025-01-13,5,PT1H,MC-MagdalenaEcop,22507.18,23943.5
2025-01-13,6,PT1H,MC-MagdalenaEcop,22656.78,25370.5
2025-01-13,7,PT1H,MC-MagdalenaEcop,22791.02,24960.1
2025-01-13,8,PT1H,MC-MagdalenaEcop,24165.98,22797.3
2025-01-13,9,PT1H,MC-MagdalenaEcop,26213.56,25192.7
2025-01-13,13,PT1H,MC-MagdalenaEcop,27656.79,21753.4
2025-01-13,24,PT1H,MC-MagdalenaEcop,22217.55,21301.6
2025-01-13,12,PT1H,MC-MagdalenaEcop,28214.42,21284.2
2025-01-13,10,PT1H,MC-MagdalenaEcop,28309.05,24886.4
2025-01-13,11,PT1H,MC-MagdalenaEcop,27941.06,25403.3
2025-01-14,21,PT1H,MC-MagdalenaEcop,23000.34,19304.4
2025-01-14,1,PT1H,MC-MagdalenaEcop,19396.68,26962.0
2025-01-14,2,PT1H,MC-MagdalenaEcop,24716.94,25613.1
2025-01-14,3,PT1H,MC-MagdalenaEcop,35132.54,24794.0
2025-01-14,4,PT1H,MC-MagdalenaEcop,30984.6,24591.7
2025-01-14,5,PT1H,MC-MagdalenaEcop,30501.13,23788.0
2025-01-14,6,PT1H,MC-MagdalenaEcop,26730.4,21588.4
2025-01-14,7,PT1H,MC-MagdalenaEcop,26475.38,21624.5
2025-01-14,8,PT1H,MC-MagdalenaEcop,26454.36,22256.2
2025-01-14,9,PT1H,MC-MagdalenaEcop,26373.08,22919.6
2025-01-14,10,PT1H,MC-MagdalenaEcop,24874.46,22982.8
2025-01-14,24,PT1H,MC-MagdalenaEcop,27541.67,17618.5
2025-01-14,13,PT1H,MC-MagdalenaEcop,24328.38,22456.0
2025-01-14,14,PT1H,MC-MagdalenaEcop,24647.67,22721.1
2025-01-14,15,PT1H,MC-MagdalenaEcop,24815.2,22495.9
2025-01-14,16,PT1H,MC-MagdalenaEcop,25344.2,20763.4
2025-01-14,17,PT1H,MC-MagdalenaEcop,26835.16,21839.3
2025-01-14,18,PT1H,MC-MagdalenaEcop,27329.01,21594.9
2025-01-14,19,PT1H,MC-MagdalenaEcop,28688.46,21798.4
2025-01-14,20,PT1H,MC-MagdalenaEcop,17101.97,21911.0
2025-01-14,11,PT1H,MC-MagdalenaEcop,24166.85,21643.5
2025-01-14,12,PT1H,MC-MagdalenaEcop,24366.6,21876.2
2025-01-14,23,PT1H,MC-MagdalenaEcop,27937.06,17753.5
2025-01-14,22,PT1H,MC-MagdalenaEcop,26673.38,17549.5
2025-01-15,24,PT1H,MC-MagdalenaEcop,15925.1,25227.2
2025-01-15,23,PT1H,MC-MagdalenaEcop,6013.65,24101.7
2025-01-15,22,PT1H,MC-MagdalenaEcop,5847.2,25968.3
2025-01-15,21,PT1H,MC-MagdalenaEcop,5980.78,26089.4
2025-01-15,20,PT1H,MC-MagdalenaEcop,5076.4,26089.6
2025-01-15,19,PT1H,MC-MagdalenaEcop,4638.22,24702.0
2025-01-15,18,PT1H,MC-MagdalenaEcop,4661.84,22260.6
2025-01-15,17,PT1H,MC-MagdalenaEcop,6327.54,22015.6
2025-01-15,15,PT1H,MC-MagdalenaEcop,16638.34,22605.6
2025-01-15,14,PT1H,MC-MagdalenaEcop,19612.23,23096.3
2025-01-15,13,PT1H,MC-MagdalenaEcop,19567.42,23865.0
2025-01-15,12,PT1H,MC-MagdalenaEcop,27118.7,24331.4
2025-01-15,16,PT1H,MC-MagdalenaEcop,7657.31,22106.8
2025-01-15,10,PT1H,MC-MagdalenaEcop,27877.99,23698.1
2025-01-15,11,PT1H,MC-MagdalenaEcop,28158.24,24612.8
2025-01-15,2,PT1H,MC-MagdalenaEcop,29500.21,16582.4
2025-01-15,3,PT1H,MC-MagdalenaEcop,28916.39,16466.0
2025-01-15,4,PT1H,MC-MagdalenaEcop,26944.74,16429.7
2025-01-15,5,PT1H,MC-MagdalenaEcop,26931.05,17470.7
2025-01-15,1,PT1H,MC-MagdalenaEcop,27907.26,16281.9
2025-01-15,7,PT1H,MC-MagdalenaEcop,26150.22,18740.7
2025-01-15,8,PT1H,MC-MagdalenaEcop,26788.67,23058.5
2025-01-15,9,PT1H,MC-MagdalenaEcop,27442.26,23410.5
2025-01-15,6,PT1H,MC-MagdalenaEcop,26482.68,19235.1
2025-01-16,10,PT1H,MC-MagdalenaEcop,33996.0,23372.6
2025-01-16,1,PT1H,MC-MagdalenaEcop,18073.67,23251.4
2025-01-16,2,PT1H,MC-MagdalenaEcop,20414.16,22946.1
2025-01-16,3,PT1H,MC-MagdalenaEcop,24613.2,22565.3
2025-01-16,4,PT1H,MC-MagdalenaEcop,26425.73,22501.0
2025-01-16,5,PT1H,MC-MagdalenaEcop,24953.28,23018.0
2025-01-16,7,PT1H,MC-MagdalenaEcop,25133.54,23736.7
2025-01-16,8,PT1H,MC-MagdalenaEcop,25350.8,23840.4
2025-01-16,9,PT1H,MC-MagdalenaEcop,26338.22,23609.3
2025-01-16,11,PT1H,MC-MagdalenaEcop,35122.42,23444.8
2025-01-16,6,PT1H,MC-MagdalenaEcop,24583.94,23678.3
2025-01-16,13,PT1H,MC-MagdalenaEcop,36081.88,23455.1
2025-01-16,24,PT1H,MC-MagdalenaEcop,33037.92,19473.7
2025-01-16,12,PT1H,MC-MagdalenaEcop,35719.41,23671.2
2025-01-16,22,PT1H,MC-MagdalenaEcop,34687.91,19364.6
2025-01-16,21,PT1H,MC-MagdalenaEcop,34744.2,19336.9
2025-01-16,20,PT1H,MC-MagdalenaEcop,34463.72,18667.6
2025-01-16,19,PT1H,MC-MagdalenaEcop,34497.23,19110.7
2025-01-16,23,PT1H,MC-MagdalenaEcop,33905.56,19532.0
2025-01-16,17,PT1H,MC-MagdalenaEcop,34784.59,20147.5
2025-01-16,16,PT1H,MC-MagdalenaEcop,36637.71,23239.8
2025-01-16,15,PT1H,MC-MagdalenaEcop,36771.04,23714.3
2025-01-16,14,PT1H,MC-MagdalenaEcop,36579.76,23696.4
2025-01-16,18,PT1H,MC-MagdalenaEcop,33761.99,19072.0
2025-01-17,24,PT1H,MC-MagdalenaEcop,22031.93,21852.7
2025-01-17,16,PT1H,MC-MagdalenaEcop,33205.17,18860.5
2025-01-17,17,PT1H,MC-MagdalenaEcop,34877.59,18103.2
2025-01-17,18,PT1H,MC-MagdalenaEcop,34665.03,18177.8
2025-01-17,19,PT1H,MC-MagdalenaEcop,34826.37,18486.1
2025-01-17,22,PT1H,MC-MagdalenaEcop,35232.1,22611.7
2025-01-17,21,PT1H,MC-MagdalenaEcop,35521.89,20882.0
2025-01-17,23,PT1H,MC-MagdalenaEcop,22653.2,22385.7
2025-01-17,2,PT1H,MC-MagdalenaEcop,30823.64,23681.2
2025-01-17,1,PT1H,MC-MagdalenaEcop,31590.02,23423.0
2025-01-17,20,PT1H,MC-MagdalenaEcop,34776.35,21071.9
2025-01-17,15,PT1H,MC-MagdalenaEcop,30225.47,20493.8
2025-01-17,12,PT1H,MC-MagdalenaEcop,35208.29,20771.8
2025-01-17,13,PT1H,MC-MagdalenaEcop,36067.13,21208.4
2025-01-17,11,PT1H,MC-MagdalenaEcop,34012.36,22923.9
2025-01-17,10,PT1H,MC-MagdalenaEcop,34002.63,23384.5
2025-01-17,9,PT1H,MC-MagdalenaEcop,33198.91,23492.1
2025-01-17,8,PT1H,MC-MagdalenaEcop,30513.71,24718.6
2025-01-17,7,PT1H,MC-MagdalenaEcop,32600.62,24668.0
2025-01-17,6,PT1H,MC-MagdalenaEcop,33708.4,24159.7
2025-01-17,5,PT1H,MC-MagdalenaEcop,33507.77,24076.4
2025-01-17,4,PT1H,MC-MagdalenaEcop,33764.6,24010.8
2025-01-17,3,PT1H,MC-MagdalenaEcop,33332.73,24259.7
2025-01-17,14,PT1H,MC-MagdalenaEcop,32143.34,20742.6
2025-01-18,13,PT1H,MC-MagdalenaEcop,31437.53,20109.9
2025-01-18,11,PT1H,MC-MagdalenaEcop,32809.56,23140.7
2025-01-18,10,PT1H,MC-MagdalenaEcop,31995.34,23118.3
2025-01-18,9,PT1H,MC-MagdalenaEcop,25864.28,23287.4
2025-01-18,5,PT1H,MC-MagdalenaEcop,33091.24,23145.0
2025-01-18,7,PT1H,MC-MagdalenaEcop,28690.29,23149.9
2025-01-18,6,PT1H,MC-MagdalenaEcop,31651.4,23481.7
2025-01-18,14,PT1H,MC-MagdalenaEcop,31006.83,19642.0
2025-01-18,8,PT1H,MC-MagdalenaEcop,25439.37,24506.1
2025-01-18,15,PT1H,MC-MagdalenaEcop,31370.96,19620.1
2025-01-18,12,PT1H,MC-MagdalenaEcop,32086.82,20594.4
2025-01-18,17,PT1H,MC-MagdalenaEcop,31316.62,22220.4
2025-01-18,18,PT1H,MC-MagdalenaEcop,30462.47,22307.0
2025-01-18,19,PT1H,MC-MagdalenaEcop,31054.15,22960.3
2025-01-18,20,PT1H,MC-MagdalenaEcop,28007.96,23061.7
2025-01-18,21,PT1H,MC-MagdalenaEcop,26902.68,22579.6
2025-01-18,22,PT1H,MC-MagdalenaEcop,26102.52,19570.0
2025-01-18,23,PT1H,MC-MagdalenaEcop,25941.43,21444.6
2025-01-18,24,PT1H,MC-MagdalenaEcop,25622.3,21202.7
2025-01-18,4,PT1H,MC-MagdalenaEcop,31928.95,22540.9
2025-01-18,16,PT1H,MC-MagdalenaEcop,31497.83,21528.5
2025-01-18,3,PT1H,MC-MagdalenaEcop,31320.75,21422.0
2025-01-18,2,PT1H,MC-MagdalenaEcop,24108.84,22272.6
2025-01-18,1,PT1H,MC-MagdalenaEcop,19638.83,21540.1
2025-01-19,3,PT1H,MC-MagdalenaEcop,28498.78,23402.1
2025-01-19,1,PT1H,MC-MagdalenaEcop,25919.85,23497.2
2025-01-19,24,PT1H,MC-MagdalenaEcop,15991.9,27154.9
2025-01-19,23,PT1H,MC-MagdalenaEcop,16816.17,27215.4
2025-01-19,22,PT1H,MC-MagdalenaEcop,18331.77,27205.6
2025-01-19,21,PT1H,MC-MagdalenaEcop,20723.71,27014.9
2025-01-19,20,PT1H,MC-MagdalenaEcop,22688.08,25375.8
2025-01-19,19,PT1H,MC-MagdalenaEcop,23381.91,26107.0
2025-01-19,18,PT1H,MC-MagdalenaEcop,22692.4,24456.3
2025-01-19,17,PT1H,MC-MagdalenaEcop,22247.98,22769.4
2025-01-19,16,PT1H,MC-MagdalenaEcop,23058.9,21080.8
2025-01-19,15,PT1H,MC-MagdalenaEcop,24239.93,21278.2
2025-01-19,14,PT1H,MC-MagdalenaEcop,26970.41,19992.9
2025-01-19,13,PT1H,MC-MagdalenaEcop,26405.44,17925.2
2025-01-19,12,PT1H,MC-MagdalenaEcop,26371.56,14861.6
2025-01-19,11,PT1H,MC-MagdalenaEcop,27142.73,10707.2
2025-01-19,10,PT1H,MC-MagdalenaEcop,29967.94,9668.5
2025-01-19,9,PT1H,MC-MagdalenaEcop,29636.5,21326.4
2025-01-19,8,PT1H,MC-MagdalenaEcop,28161.14,19813.5
2025-01-19,7,PT1H,MC-MagdalenaEcop,29512.91,20715.9
2025-01-19,6,PT1H,MC-MagdalenaEcop,31443.24,21544.2
2025-01-19,5,PT1H,MC-MagdalenaEcop,31711.46,23857.4
2025-01-19,4,PT1H,MC-MagdalenaEcop,29310.86,27713.0
2025-01-19,2,PT1H,MC-MagdalenaEcop,27422.39,23762.6
2025-01-20,22,PT1H,MC-MagdalenaEcop,16954.43,27333.4
2025-01-20,21,PT1H,MC-MagdalenaEcop,17548.29,28295.7
2025-01-20,23,PT1H,MC-MagdalenaEcop,16043.1,27573.5
2025-01-20,1,PT1H,MC-MagdalenaEcop,20120.37,35483.6
2025-01-20,2,PT1H,MC-MagdalenaEcop,21769.56,35176.1
2025-01-20,3,PT1H,MC-MagdalenaEcop,21919.59,35077.9
2025-01-20,4,PT1H,MC-MagdalenaEcop,21613.86,34888.1
2025-01-20,5,PT1H,MC-MagdalenaEcop,24992.22,34072.8
2025-01-20,6,PT1H,MC-MagdalenaEcop,26463.31,33002.9
2025-01-20,7,PT1H,MC-MagdalenaEcop,26988.13,32205.1
2025-01-20,8,PT1H,MC-MagdalenaEcop,27877.86,32143.7
2025-01-20,9,PT1H,MC-MagdalenaEcop,28228.52,31920.1
2025-01-20,24,PT1H,MC-MagdalenaEcop,15389.94,27775.3
2025-01-20,10,PT1H,MC-MagdalenaEcop,31072.61,30518.5
2025-01-20,12,PT1H,MC-MagdalenaEcop,34291.02,29527.6
2025-01-20,13,PT1H,MC-MagdalenaEcop,33605.58,28729.6
2025-01-20,14,PT1H,MC-MagdalenaEcop,33725.81,28525.6
2025-01-20,15,PT1H,MC-MagdalenaEcop,33484.17,28439.2
2025-01-20,16,PT1H,MC-MagdalenaEcop,29810.9,28782.0
2025-01-20,17,PT1H,MC-MagdalenaEcop,21483.78,28553.3
2025-01-20,18,PT1H,MC-MagdalenaEcop,19524.83,28112.8
2025-01-20,19,PT1H,MC-MagdalenaEcop,17948.77,28146.9
2025-01-20,20,PT1H,MC-MagdalenaEcop,17525.31,28092.4
2025-01-20,11,PT1H,MC-MagdalenaEcop,33668.21,30764.9
2025-01-21,1,PT1H,MC-MagdalenaEcop,12518.4,28318.1
2025-01-21,2,PT1H,MC-MagdalenaEcop,9085.14,28196.9
2025-01-21,3,PT1H,MC-MagdalenaEcop,11526.91,28108.4
2025-01-21,4,PT1H,MC-MagdalenaEcop,16155.88,29411.0
2025-01-21,24,PT1H,MC-MagdalenaEcop,5896.8,36420.9
2025-01-21,23,PT1H,MC-MagdalenaEcop,4846.94,36084.8
2025-01-21,22,PT1H,MC-MagdalenaEcop,7234.93,36488.2
2025-01-21,21,PT1H,MC-MagdalenaEcop,10102.2,35241.7
2025-01-21,20,PT1H,MC-MagdalenaEcop,15360.2,32506.0
2025-01-21,19,PT1H,MC-MagdalenaEcop,24946.89,29520.8
2025-01-21,17,PT1H,MC-MagdalenaEcop,23426.27,28447.4
2025-01-21,16,PT1H,MC-MagdalenaEcop,23958.71,28347.4
2025-01-21,15,PT1H,MC-MagdalenaEcop,24353.3,29483.0
2025-01-21,14,PT1H,MC-MagdalenaEcop,24046.51,31792.3
2025-01-21,18,PT1H,MC-MagdalenaEcop,24653.69,29387.5
2025-01-21,12,PT1H,MC-MagdalenaEcop,24711.41,30119.9
2025-01-21,11,PT1H,MC-MagdalenaEcop,24110.15,29806.9
2025-01-21,10,PT1H,MC-MagdalenaEcop,24010.2,27833.5
2025-01-21,9,PT1H,MC-MagdalenaEcop,21401.84,26353.7
2025-01-21,8,PT1H,MC-MagdalenaEcop,20448.99,25943.7
2025-01-21,7,PT1H,MC-MagdalenaEcop,19023.08,30762.0
2025-01-21,6,PT1H,MC-MagdalenaEcop,16420.69,31146.3
2025-01-21,5,PT1H,MC-MagdalenaEcop,16211.34,31601.3
2025-01-21,13,PT1H,MC-MagdalenaEcop,24614.17,31819.1
2025-01-22,9,PT1H,MC-MagdalenaEcop,25395.18,26082.1
2025-01-22,8,PT1H,MC-MagdalenaEcop,24915.66,30005.0
2025-01-22,7,PT1H,MC-MagdalenaEcop,23007.52,30085.5
2025-01-22,6,PT1H,MC-MagdalenaEcop,23355.32,29726.6
2025-01-22,1,PT1H,MC-MagdalenaEcop,11358.4,33501.2
2025-01-22,4,PT1H,MC-MagdalenaEcop,22811.67,29952.8
2025-01-22,3,PT1H,MC-MagdalenaEcop,22653.94,30033.2
2025-01-22,2,PT1H,MC-MagdalenaEcop,22966.95,31007.9
2025-01-22,10,PT1H,MC-MagdalenaEcop,24880.74,25296.4
2025-01-22,5,PT1H,MC-MagdalenaEcop,22617.98,29799.1
2025-01-22,11,PT1H,MC-MagdalenaEcop,24567.08,27713.7
2025-01-22,21,PT1H,MC-MagdalenaEcop,21697.51,32915.5
2025-01-22,13,PT1H,MC-MagdalenaEcop,25678.2,27189.1
2025-01-22,14,PT1H,MC-MagdalenaEcop,22140.58,32059.0
2025-01-22,15,PT1H,MC-MagdalenaEcop,20597.87,33074.2
2025-01-22,16,PT1H,MC-MagdalenaEcop,15904.1,33614.2
2025-01-22,17,PT1H,MC-MagdalenaEcop,10076.87,33622.5
2025-01-22,18,PT1H,MC-MagdalenaEcop,10458.65,33035.3
2025-01-22,19,PT1H,MC-MagdalenaEcop,24963.97,33196.5
2025-01-22,20,PT1H,MC-MagdalenaEcop,22751.71,32921.1
2025-01-22,23,PT1H,MC-MagdalenaEcop,21624.78,29757.9
2025-01-22,22,PT1H,MC-MagdalenaEcop,21704.86,31667.2
2025-01-22,12,PT1H,MC-MagdalenaEcop,25785.33,27449.9
2025-01-22,24,PT1H,MC-MagdalenaEcop,21678.91,29435.1
2025-01-23,2,PT1H,MC-MagdalenaEcop,31274.58,27379.3
2025-01-23,23,PT1H,MC-MagdalenaEcop,15186.5,34617.9
2025-01-23,24,PT1H,MC-MagdalenaEcop,19727.38,34574.5
2025-01-23,1,PT1H,MC-MagdalenaEcop,24794.75,31075.5
2025-01-23,3,PT1H,MC-MagdalenaEcop,28454.4,27229.4
2025-01-23,4,PT1H,MC-MagdalenaEcop,25718.01,27007.1
2025-01-23,5,PT1H,MC-MagdalenaEcop,22600.26,26732.9
2025-01-23,6,PT1H,MC-MagdalenaEcop,22168.41,26657.9
2025-01-23,8,PT1H,MC-MagdalenaEcop,20104.17,25497.4
2025-01-23,9,PT1H,MC-MagdalenaEcop,19563.86,25615.9
2025-01-23,10,PT1H,MC-MagdalenaEcop,19664.68,25278.7
2025-01-23,11,PT1H,MC-MagdalenaEcop,19760.18,25640.8
2025-01-23,7,PT1H,MC-MagdalenaEcop,23194.55,27531.2
2025-01-23,13,PT1H,MC-MagdalenaEcop,19278.61,26184.2
2025-01-23,12,PT1H,MC-MagdalenaEcop,19305.11,25566.1
2025-01-23,21,PT1H,MC-MagdalenaEcop,13847.1,35305.4
2025-01-23,20,PT1H,MC-MagdalenaEcop,13046.22,35479.6
2025-01-23,19,PT1H,MC-MagdalenaEcop,11917.75,35128.3
2025-01-23,18,PT1H,MC-MagdalenaEcop,13628.07,35642.8
2025-01-23,22,PT1H,MC-MagdalenaEcop,13696.18,34869.8
2025-01-23,16,PT1H,MC-MagdalenaEcop,18461.33,36217.3
2025-01-23,15,PT1H,MC-MagdalenaEcop,17082.56,35535.2
2025-01-23,14,PT1H,MC-MagdalenaEcop,19471.21,32271.2
2025-01-23,17,PT1H,MC-MagdalenaEcop,17028.66,36102.7
2025-01-24,11,PT1H,MC-MagdalenaEcop,16495.16,33931.6
2025-01-24,3,PT1H,MC-MagdalenaEcop,20661.48,25194.9
2025-01-24,4,PT1H,MC-MagdalenaEcop,20910.31,25616.8
2025-01-24,5,PT1H,MC-MagdalenaEcop,20849.16,22143.1
2025-01-24,6,PT1H,MC-MagdalenaEcop,20815.58,20571.9
2025-01-24,7,PT1H,MC-MagdalenaEcop,20880.38,28761.1
2025-01-24,8,PT1H,MC-MagdalenaEcop,20364.68,33905.0
2025-01-24,9,PT1H,MC-MagdalenaEcop,20899.24,34450.3
2025-01-24,10,PT1H,MC-MagdalenaEcop,19516.65,34847.9
2025-01-24,12,PT1H,MC-MagdalenaEcop,22963.62,34341.1
2025-01-24,24,PT1H,MC-MagdalenaEcop,28635.71,29001.7
2025-01-24,14,PT1H,MC-MagdalenaEcop,25681.64,34270.0
2025-01-24,15,PT1H,MC-MagdalenaEcop,25730.41,32784.7
2025-01-24,16,PT1H,MC-MagdalenaEcop,25391.78,30882.4
2025-01-24,17,PT1H,MC-MagdalenaEcop,26857.26,32466.6
2025-01-24,18,PT1H,MC-MagdalenaEcop,32170.1,32881.6
2025-01-24,19,PT1H,MC-MagdalenaEcop,31618.14,33181.1
2025-01-24,20,PT1H,MC-MagdalenaEcop,31178.57,32236.2
2025-01-24,21,PT1H,MC-MagdalenaEcop,29725.55,31664.0
2025-01-24,22,PT1H,MC-MagdalenaEcop,27689.25,31803.2
2025-01-24,23,PT1H,MC-MagdalenaEcop,27671.72,30658.1
2025-01-24,13,PT1H,MC-MagdalenaEcop,25492.98,34216.8
2025-01-24,2,PT1H,MC-MagdalenaEcop,20920.59,28168.2
2025-01-24,1,PT1H,MC-MagdalenaEcop,20460.27,25162.8
2025-01-25,14,PT1H,MC-MagdalenaEcop,6949.56,19248.8
2025-01-25,4,PT1H,MC-MagdalenaEcop,28638.84,35573.5
2025-01-25,5,PT1H,MC-MagdalenaEcop,28721.94,36525.1
2025-01-25,6,PT1H,MC-MagdalenaEcop,28798.97,40770.5
2025-01-25,7,PT1H,MC-MagdalenaEcop,29817.56,38684.4
2025-01-25,8,PT1H,MC-MagdalenaEcop,29626.72,38305.3
2025-01-25,9,PT1H,MC-MagdalenaEcop,29775.53,35183.2
2025-01-25,10,PT1H,MC-MagdalenaEcop,23981.65,34248.9
2025-01-25,11,PT1H,MC-MagdalenaEcop,14161.5,28563.6
2025-01-25,12,PT1H,MC-MagdalenaEcop,14263.19,22499.4
2025-01-25,13,PT1H,MC-MagdalenaEcop,12906.24,12712.3
2025-01-25,15,PT1H,MC-MagdalenaEcop,7510.96,27108.8
2025-01-25,16,PT1H,MC-MagdalenaEcop,12793.23,28531.0
2025-01-25,17,PT1H,MC-MagdalenaEcop,14206.55,28297.1
2025-01-25,18,PT1H,MC-MagdalenaEcop,13572.82,25431.8
2025-01-25,19,PT1H,MC-MagdalenaEcop,15720.62,25005.5
2025-01-25,20,PT1H,MC-MagdalenaEcop,23047.7,24769.9
2025-01-25,21,PT1H,MC-MagdalenaEcop,21845.55,24326.5
2025-01-25,22,PT1H,MC-MagdalenaEcop,19783.24,26189.6
2025-01-25,23,PT1H,MC-MagdalenaEcop,20122.93,30493.1
2025-01-25,3,PT1H,MC-MagdalenaEcop,26859.1,41191.2
2025-01-25,24,PT1H,MC-MagdalenaEcop,21654.47,30266.6
2025-01-25,2,PT1H,MC-MagdalenaEcop,27223.86,41811.9
2025-01-25,1,PT1H,MC-MagdalenaEcop,28418.66,37403.1
2025-01-26,23,PT1H,MC-MagdalenaEcop,24025.66,29893.2
2025-01-26,3,PT1H,MC-MagdalenaEcop,22936.34,37781.9
2025-01-26,4,PT1H,MC-MagdalenaEcop,24601.19,37013.6
2025-01-26,5,PT1H,MC-MagdalenaEcop,24597.43,35682.6
2025-01-26,6,PT1H,MC-MagdalenaEcop,25614.32,34926.8
2025-01-26,7,PT1H,MC-MagdalenaEcop,25735.75,31262.1
2025-01-26,8,PT1H,MC-MagdalenaEcop,25575.8,32052.1
2025-01-26,9,PT1H,MC-MagdalenaEcop,22630.86,33656.4
2025-01-26,10,PT1H,MC-MagdalenaEcop,21770.59,35238.1
2025-01-26,11,PT1H,MC-MagdalenaEcop,21553.95,32339.8
2025-01-26,2,PT1H,MC-MagdalenaEcop,23184.7,36367.7
2025-01-26,12,PT1H,MC-MagdalenaEcop,20451.3,26841.4
2025-01-26,14,PT1H,MC-MagdalenaEcop,21122.56,28959.5
2025-01-26,15,PT1H,MC-MagdalenaEcop,20495.06,28954.5
2025-01-26,16,PT1H,MC-MagdalenaEcop,20491.47,28986.7
2025-01-26,17,PT1H,MC-MagdalenaEcop,20097.91,27720.9
2025-01-26,18,PT1H,MC-MagdalenaEcop,20087.62,24290.8
2025-01-26,19,PT1H,MC-MagdalenaEcop,20187.08,23715.5
2025-01-26,20,PT1H,MC-MagdalenaEcop,20064.99,23340.2
2025-01-26,21,PT1H,MC-MagdalenaEcop,21118.15,23874.8
2025-01-26,22,PT1H,MC-MagdalenaEcop,23865.14,26216.8
2025-01-26,13,PT1H,MC-MagdalenaEcop,21959.66,28544.1
2025-01-26,24,PT1H,MC-MagdalenaEcop,22818.25,29945.5
2025-01-26,1,PT1H,MC-MagdalenaEcop,23790.32,35536.1
2025-01-27,11,PT1H,MC-MagdalenaEcop,33201.95,33876.1
2025-01-27,23,PT1H,MC-MagdalenaEcop,21512.43,26859.3
2025-01-27,1,PT1H,MC-MagdalenaEcop,19724.8,29875.9
2025-01-27,2,PT1H,MC-MagdalenaEcop,18407.98,29909.9
2025-01-27,3,PT1H,MC-MagdalenaEcop,18605.16,29906.8
2025-01-27,4,PT1H,MC-MagdalenaEcop,18836.86,29264.3
2025-01-27,5,PT1H,MC-MagdalenaEcop,22643.08,27290.0
2025-01-27,6,PT1H,MC-MagdalenaEcop,23555.63,27471.3
2025-01-27,7,PT1H,MC-MagdalenaEcop,28937.27,27634.0
2025-01-27,8,PT1H,MC-MagdalenaEcop,31714.34,29300.5
2025-01-27,24,PT1H,MC-MagdalenaEcop,21537.5,26938.9
2025-01-27,9,PT1H,MC-MagdalenaEcop,32349.02,31782.3
2025-01-27,22,PT1H,MC-MagdalenaEcop,22859.03,29543.9
2025-01-27,12,PT1H,MC-MagdalenaEcop,33276.2,34207.5
2025-01-27,13,PT1H,MC-MagdalenaEcop,33490.46,33531.6
2025-01-27,14,PT1H,MC-MagdalenaEcop,32056.44,31828.9
2025-01-27,15,PT1H,MC-MagdalenaEcop,29236.63,31882.8
2025-01-27,16,PT1H,MC-MagdalenaEcop,29010.77,32325.3
2025-01-27,17,PT1H,MC-MagdalenaEcop,24958.8,31397.2
2025-01-27,18,PT1H,MC-MagdalenaEcop,23306.39,30747.0
2025-01-27,19,PT1H,MC-MagdalenaEcop,23876.81,31488.9
2025-01-27,10,PT1H,MC-MagdalenaEcop,32687.47,34322.2
2025-01-27,20,PT1H,MC-MagdalenaEcop,22939.38,33512.7
2025-01-27,21,PT1H,MC-MagdalenaEcop,22702.94,34243.7
2025-01-28,24,PT1H,MC-MagdalenaEcop,20239.29,32602.7
2025-01-28,2,PT1H,MC-MagdalenaEcop,25368.88,29259.9
2025-01-28,22,PT1H,MC-MagdalenaEcop,28545.48,31575.2
2025-01-28,21,PT1H,MC-MagdalenaEcop,30474.32,27218.5
2025-01-28,20,PT1H,MC-MagdalenaEcop,30904.95,20238.4
2025-01-28,19,PT1H,MC-MagdalenaEcop,31494.67,33949.8
2025-01-28,18,PT1H,MC-MagdalenaEcop,30849.59,32351.0
2025-01-28,17,PT1H,MC-MagdalenaEcop,30652.31,31766.6
2025-01-28,16,PT1H,MC-MagdalenaEcop,32899.25,30002.2
2025-01-28,15,PT1H,MC-MagdalenaEcop,33261.05,29376.2
2025-01-28,14,PT1H,MC-MagdalenaEcop,33159.0,29178.0
2025-01-28,23,PT1H,MC-MagdalenaEcop,21159.25,33070.6
2025-01-28,12,PT1H,MC-MagdalenaEcop,26696.71,28845.3
2025-01-28,13,PT1H,MC-MagdalenaEcop,31012.95,28800.1
2025-01-28,4,PT1H,MC-MagdalenaEcop,25759.52,36677.1
2025-01-28,5,PT1H,MC-MagdalenaEcop,25435.82,36104.9
2025-01-28,6,PT1H,MC-MagdalenaEcop,25348.43,31642.7
2025-01-28,7,PT1H,MC-MagdalenaEcop,24978.57,31340.9
2025-01-28,3,PT1H,MC-MagdalenaEcop,25533.97,41585.7
2025-01-28,9,PT1H,MC-MagdalenaEcop,26410.64,31219.8
2025-01-28,10,PT1H,MC-MagdalenaEcop,26725.16,29446.3
2025-01-28,11,PT1H,MC-MagdalenaEcop,26671.69,28609.0
2025-01-28,1,PT1H,MC-MagdalenaEcop,23248.67,22964.0
2025-01-28,8,PT1H,MC-MagdalenaEcop,25637.43,31316.0
2025-01-29,14,PT1H,MC-MagdalenaEcop,15639.73,32346.5
2025-01-29,22,PT1H,MC-MagdalenaEcop,6134.93,9650.8
2025-01-29,21,PT1H,MC-MagdalenaEcop,6409.15,9861.1
2025-01-29,20,PT1H,MC-MagdalenaEcop,6878.05,8369.9
2025-01-29,19,PT1H,MC-MagdalenaEcop,7276.92,7647.5
2025-01-29,18,PT1H,MC-MagdalenaEcop,7287.59,7696.4
2025-01-29,17,PT1H,MC-MagdalenaEcop,8596.0,10442.8
2025-01-29,16,PT1H,MC-MagdalenaEcop,15001.34,12635.3
2025-01-29,15,PT1H,MC-MagdalenaEcop,16795.96,27443.2
2025-01-29,13,PT1H,MC-MagdalenaEcop,13902.79,32272.7
2025-01-29,23,PT1H,MC-MagdalenaEcop,7901.58,9925.3
2025-01-29,11,PT1H,MC-MagdalenaEcop,17941.74,46437.1
2025-01-29,10,PT1H,MC-MagdalenaEcop,20701.04,45975.1
2025-01-29,9,PT1H,MC-MagdalenaEcop,21036.4,45256.6
2025-01-29,8,PT1H,MC-MagdalenaEcop,22214.19,44179.0
2025-01-29,6,PT1H,MC-MagdalenaEcop,21437.76,43674.5
2025-01-29,5,PT1H,MC-MagdalenaEcop,19911.04,44413.8
2025-01-29,4,PT1H,MC-MagdalenaEcop,20276.39,44436.3
2025-01-29,3,PT1H,MC-MagdalenaEcop,19619.9,47687.2
2025-01-29,2,PT1H,MC-MagdalenaEcop,19171.55,48649.8
2025-01-29,12,PT1H,MC-MagdalenaEcop,13465.38,44723.2
2025-01-29,7,PT1H,MC-MagdalenaEcop,21210.8,43126.3
2025-01-29,24,PT1H,MC-MagdalenaEcop,8604.86,26267.2
2025-01-29,1,PT1H,MC-MagdalenaEcop,19348.2,46023.3
2025-01-30,21,PT1H,MC-MagdalenaEcop,21109.44,34662.3
2025-01-30,20,PT1H,MC-MagdalenaEcop,23992.06,34382.4
2025-01-30,19,PT1H,MC-MagdalenaEcop,22722.86,34415.9
2025-01-30,18,PT1H,MC-MagdalenaEcop,20451.84,33692.4
2025-01-30,17,PT1H,MC-MagdalenaEcop,21326.72,34712.6
2025-01-30,16,PT1H,MC-MagdalenaEcop,22251.5,36561.3
2025-01-30,15,PT1H,MC-MagdalenaEcop,22418.56,36694.3
2025-01-30,14,PT1H,MC-MagdalenaEcop,22343.05,36503.5
2025-01-30,13,PT1H,MC-MagdalenaEcop,23126.33,36006.8
2025-01-30,22,PT1H,MC-MagdalenaEcop,15195.25,34616.1
2025-01-30,12,PT1H,MC-MagdalenaEcop,23345.51,35645.2
2025-01-30,10,PT1H,MC-MagdalenaEcop,20372.41,33925.8
2025-01-30,9,PT1H,MC-MagdalenaEcop,20624.37,26286.1
2025-01-30,8,PT1H,MC-MagdalenaEcop,19200.34,25301.0
2025-01-30,7,PT1H,MC-MagdalenaEcop,11940.12,25084.3
2025-01-30,6,PT1H,MC-MagdalenaEcop,10307.18,24536.0
2025-01-30,5,PT1H,MC-MagdalenaEcop,9785.68,24904.4
2025-01-30,4,PT1H,MC-MagdalenaEcop,9615.21,26373.4
2025-01-30,3,PT1H,MC-MagdalenaEcop,8822.08,24565.1
2025-01-30,2,PT1H,MC-MagdalenaEcop,6633.67,20376.0
2025-01-30,11,PT1H,MC-MagdalenaEcop,22819.62,35049.6
2025-01-30,23,PT1H,MC-MagdalenaEcop,13741.68,33835.6
2025-01-30,24,PT1H,MC-MagdalenaEcop,13673.5,32970.0
2025-01-30,1,PT1H,MC-MagdalenaEcop,7733.9,18041.0
2025-01-31,1,PT1H,MC-MagdalenaEcop,16331.12,29841.5
2025-01-31,2,PT1H,MC-MagdalenaEcop,25196.76,29117.8
2025-01-31,3,PT1H,MC-MagdalenaEcop,24519.14,31487.2
2025-01-31,4,PT1H,MC-MagdalenaEcop,23423.28,31895.1
2025-01-31,5,PT1H,MC-MagdalenaEcop,23817.3,31652.5
2025-01-31,6,PT1H,MC-MagdalenaEcop,19932.07,31842.0
2025-01-31,7,PT1H,MC-MagdalenaEcop,19638.25,30795.9
2025-01-31,8,PT1H,MC-MagdalenaEcop,19736.69,28825.1
2025-01-31,9,PT1H,MC-MagdalenaEcop,20104.54,31360.8
2025-01-31,10,PT1H,MC-MagdalenaEcop,19199.22,32119.8
2025-01-31,23,PT1H,MC-MagdalenaEcop,24445.09,21402.2
2025-01-31,24,PT1H,MC-MagdalenaEcop,24074.41,20815.5
2025-01-31,13,PT1H,MC-MagdalenaEcop,19255.6,34069.4
2025-01-31,14,PT1H,MC-MagdalenaEcop,19037.51,30364.0
2025-01-31,15,PT1H,MC-MagdalenaEcop,19698.48,28552.9
2025-01-31,16,PT1H,MC-MagdalenaEcop,19314.35,31366.8
2025-01-31,17,PT1H,MC-MagdalenaEcop,18836.19,32946.1
2025-01-31,18,PT1H,MC-MagdalenaEcop,18549.55,32745.4
2025-01-31,19,PT1H,MC-MagdalenaEcop,18404.44,32887.7
2025-01-31,20,PT1H,MC-MagdalenaEcop,23898.42,32840.5
2025-01-31,21,PT1H,MC-MagdalenaEcop,24063.13,33544.5
2025-01-31,22,PT1H,MC-MagdalenaEcop,24102.15,33280.9
2025-01-31,12,PT1H,MC-MagdalenaEcop,19339.92,33258.4
2025-01-31,11,PT1H,MC-MagdalenaEcop,19055.85,32129.0
2025-02-01,1,PT1H,MC-MagdalenaEcop,24312.5,20760.4
2025-02-01,24,PT1H,MC-MagdalenaEcop,23038.75,27082.5
2025-02-01,23,PT1H,MC-MagdalenaEcop,23018.26,27419.7
2025-02-01,22,PT1H,MC-MagdalenaEcop,23099.79,27589.9
2025-02-01,21,PT1H,MC-MagdalenaEcop,23156.96,28425.3
2025-02-01,20,PT1H,MC-MagdalenaEcop,23317.58,29593.2
2025-02-01,19,PT1H,MC-MagdalenaEcop,24549.6,32811.8
2025-02-01,18,PT1H,MC-MagdalenaEcop,28832.26,32196.6
2025-02-01,16,PT1H,MC-MagdalenaEcop,30358.9,33290.6
2025-02-01,15,PT1H,MC-MagdalenaEcop,29262.17,33156.5
2025-02-01,14,PT1H,MC-MagdalenaEcop,28761.91,32771.8
2025-02-01,13,PT1H,MC-MagdalenaEcop,30719.84,33226.8
2025-02-01,17,PT1H,MC-MagdalenaEcop,29355.58,33099.1
2025-02-01,11,PT1H,MC-MagdalenaEcop,30245.53,34676.5
2025-02-01,12,PT1H,MC-MagdalenaEcop,30464.23,33912.9
2025-02-01,3,PT1H,MC-MagdalenaEcop,23743.76,33103.5
2025-02-01,4,PT1H,MC-MagdalenaEcop,22859.9,33746.1
2025-02-01,5,PT1H,MC-MagdalenaEcop,21692.52,34974.1
2025-02-01,6,PT1H,MC-MagdalenaEcop,19778.06,33452.8
2025-02-01,2,PT1H,MC-MagdalenaEcop,23925.93,25483.4
2025-02-01,8,PT1H,MC-MagdalenaEcop,30100.45,26889.2
2025-02-01,9,PT1H,MC-MagdalenaEcop,29567.51,27338.2
2025-02-01,10,PT1H,MC-MagdalenaEcop,29807.52,33816.2
2025-02-01,7,PT1H,MC-MagdalenaEcop,22161.98,30324.1
2025-02-02,12,PT1H,MC-MagdalenaEcop,17925.3,32026.5
2025-02-02,3,PT1H,MC-MagdalenaEcop,22933.11,34609.0
2025-02-02,4,PT1H,MC-MagdalenaEcop,21516.91,35594.9
2025-02-02,5,PT1H,MC-MagdalenaEcop,18931.87,38509.4
2025-02-02,6,PT1H,MC-MagdalenaEcop,19171.64,38183.8
2025-02-02,7,PT1H,MC-MagdalenaEcop,18846.52,35840.2
2025-02-02,8,PT1H,MC-MagdalenaEcop,18689.76,34199.1
2025-02-02,9,PT1H,MC-MagdalenaEcop,18130.97,35990.3
2025-02-02,10,PT1H,MC-MagdalenaEcop,17763.14,36392.7
2025-02-02,11,PT1H,MC-MagdalenaEcop,17925.3,32962.7
2025-02-02,13,PT1H,MC-MagdalenaEcop,22501.65,32067.6
2025-02-02,1,PT1H,MC-MagdalenaEcop,23622.32,31478.1
2025-02-02,15,PT1H,MC-MagdalenaEcop,23739.96,29438.6
2025-02-02,16,PT1H,MC-MagdalenaEcop,24426.24,28004.7
2025-02-02,17,PT1H,MC-MagdalenaEcop,24314.45,27020.2
2025-02-02,18,PT1H,MC-MagdalenaEcop,24441.91,27559.8
2025-02-02,19,PT1H,MC-MagdalenaEcop,24455.42,28386.9
2025-02-02,20,PT1H,MC-MagdalenaEcop,23801.06,27544.5
2025-02-02,21,PT1H,MC-MagdalenaEcop,23161.78,25159.7
2025-02-02,22,PT1H,MC-MagdalenaEcop,22941.6,22265.7
2025-02-02,23,PT1H,MC-MagdalenaEcop,23575.07,20425.7
2025-02-02,2,PT1H,MC-MagdalenaEcop,23413.3,33302.2
2025-02-02,14,PT1H,MC-MagdalenaEcop,24142.66,32753.5
2025-02-02,24,PT1H,MC-MagdalenaEcop,23965.35,19425.0
2025-02-03,2,PT1H,MC-MagdalenaEcop,23613.56,19752.8
2025-02-03,24,PT1H,MC-MagdalenaEcop,24739.86,13967.2
2025-02-03,22,PT1H,MC-MagdalenaEcop,24501.49,15386.0
2025-02-03,21,PT1H,MC-MagdalenaEcop,24191.87,15914.6
2025-02-03,20,PT1H,MC-MagdalenaEcop,24158.45,15893.7
2025-02-03,19,PT1H,MC-MagdalenaEcop,24403.39,16277.8
2025-02-03,18,PT1H,MC-MagdalenaEcop,23586.14,17717.1
2025-02-03,17,PT1H,MC-MagdalenaEcop,24434.22,19493.7
2025-02-03,16,PT1H,MC-MagdalenaEcop,24565.62,27045.5
2025-02-03,15,PT1H,MC-MagdalenaEcop,24569.29,30376.8
2025-02-03,13,PT1H,MC-MagdalenaEcop,23666.01,30486.9
2025-02-03,12,PT1H,MC-MagdalenaEcop,22553.25,31108.6
2025-02-03,11,PT1H,MC-MagdalenaEcop,22619.41,30543.7
2025-02-03,10,PT1H,MC-MagdalenaEcop,22101.54,28189.8
2025-02-03,9,PT1H,MC-MagdalenaEcop,22566.28,25610.5
2025-02-03,8,PT1H,MC-MagdalenaEcop,24736.64,25292.5
2025-02-03,7,PT1H,MC-MagdalenaEcop,24118.68,24485.6
2025-02-03,6,PT1H,MC-MagdalenaEcop,23589.67,24009.6
2025-02-03,5,PT1H,MC-MagdalenaEcop,23614.46,22675.5
2025-02-03,4,PT1H,MC-MagdalenaEcop,23607.91,19611.6
2025-02-03,3,PT1H,MC-MagdalenaEcop,23946.97,19888.9
2025-02-03,23,PT1H,MC-MagdalenaEcop,25253.42,14559.5
2025-02-03,1,PT1H,MC-MagdalenaEcop,22552.16,18257.2
2025-02-03,14,PT1H,MC-MagdalenaEcop,24308.12,30596.0
2025-02-04,4,PT1H,MC-MagdalenaEcop,27675.15,20227.4
2025-02-04,24,PT1H,MC-MagdalenaEcop,21866.21,7389.2
2025-02-04,23,PT1H,MC-MagdalenaEcop,22828.3,6075.5
2025-02-04,22,PT1H,MC-MagdalenaEcop,22982.38,9063.8
2025-02-04,21,PT1H,MC-MagdalenaEcop,25247.51,12641.9
2025-02-04,20,PT1H,MC-MagdalenaEcop,24733.13,19221.7
2025-02-04,19,PT1H,MC-MagdalenaEcop,24589.51,31218.5
2025-02-04,18,PT1H,MC-MagdalenaEcop,23699.57,30861.6
2025-02-04,17,PT1H,MC-MagdalenaEcop,24025.28,29325.6
2025-02-04,16,PT1H,MC-MagdalenaEcop,23339.5,29991.9
2025-02-04,15,PT1H,MC-MagdalenaEcop,23566.24,30485.7
2025-02-04,14,PT1H,MC-MagdalenaEcop,23684.84,30101.8
2025-02-04,13,PT1H,MC-MagdalenaEcop,23117.52,30812.1
2025-02-04,12,PT1H,MC-MagdalenaEcop,25079.52,30933.8
2025-02-04,11,PT1H,MC-MagdalenaEcop,27077.6,30181.4
2025-02-04,10,PT1H,MC-MagdalenaEcop,27161.34,30056.3
2025-02-04,9,PT1H,MC-MagdalenaEcop,27398.38,26792.2
2025-02-04,8,PT1H,MC-MagdalenaEcop,26438.66,25599.8
2025-02-04,7,PT1H,MC-MagdalenaEcop,27125.29,23815.5
2025-02-04,6,PT1H,MC-MagdalenaEcop,27176.29,20558.8
2025-02-04,5,PT1H,MC-MagdalenaEcop,27083.85,20296.9
2025-02-04,1,PT1H,MC-MagdalenaEcop,22702.02,15675.5
2025-02-04,3,PT1H,MC-MagdalenaEcop,27117.23,14434.8
2025-02-04,2,PT1H,MC-MagdalenaEcop,23589.03,11379.1
2025-02-05,24,PT1H,MC-MagdalenaEcop,23151.34,22674.0
2025-02-05,22,PT1H,MC-MagdalenaEcop,22411.35,22701.1
2025-02-05,20,PT1H,MC-MagdalenaEcop,19428.64,23785.5
2025-02-05,19,PT1H,MC-MagdalenaEcop,19042.14,26098.3
2025-02-05,18,PT1H,MC-MagdalenaEcop,20287.97,10943.9
2025-02-05,23,PT1H,MC-MagdalenaEcop,23268.92,22617.4
2025-02-05,16,PT1H,MC-MagdalenaEcop,19871.48,16636.8
2025-02-05,15,PT1H,MC-MagdalenaEcop,19820.65,21543.8
2025-02-05,14,PT1H,MC-MagdalenaEcop,19310.91,23156.6
2025-02-05,13,PT1H,MC-MagdalenaEcop,19458.38,26855.0
2025-02-05,12,PT1H,MC-MagdalenaEcop,19188.62,26967.0
2025-02-05,11,PT1H,MC-MagdalenaEcop,18216.38,25693.4
2025-02-05,10,PT1H,MC-MagdalenaEcop,18634.46,26021.3
2025-02-05,9,PT1H,MC-MagdalenaEcop,19484.6,26559.1
2025-02-05,17,PT1H,MC-MagdalenaEcop,19365.71,10544.8
2025-02-05,7,PT1H,MC-MagdalenaEcop,22828.62,24063.0
2025-02-05,8,PT1H,MC-MagdalenaEcop,21367.2,26057.8
2025-02-05,1,PT1H,MC-MagdalenaEcop,21819.86,11884.5
2025-02-05,2,PT1H,MC-MagdalenaEcop,21689.36,24020.5
2025-02-05,21,PT1H,MC-MagdalenaEcop,20729.48,22683.4
2025-02-05,4,PT1H,MC-MagdalenaEcop,21018.18,23858.2
2025-02-05,5,PT1H,MC-MagdalenaEcop,22589.78,23655.7
2025-02-05,6,PT1H,MC-MagdalenaEcop,22405.55,24426.6
2025-02-05,3,PT1H,MC-MagdalenaEcop,21200.54,23693.3
2025-02-06,19,PT1H,MC-MagdalenaEcop,20804.71,13644.7
2025-02-06,18,PT1H,MC-MagdalenaEcop,21055.13,15612.8
2025-02-06,17,PT1H,MC-MagdalenaEcop,20746.94,19506.2
2025-02-06,16,PT1H,MC-MagdalenaEcop,21395.54,21146.5
2025-02-06,15,PT1H,MC-MagdalenaEcop,21707.27,19567.9
2025-02-06,14,PT1H,MC-MagdalenaEcop,21210.19,22302.7
2025-02-06,13,PT1H,MC-MagdalenaEcop,20730.71,22082.2
2025-02-06,12,PT1H,MC-MagdalenaEcop,20955.51,22112.5
2025-02-06,11,PT1H,MC-MagdalenaEcop,22560.62,22633.5
2025-02-06,10,PT1H,MC-MagdalenaEcop,22195.07,22524.2
2025-02-06,9,PT1H,MC-MagdalenaEcop,22346.83,22408.8
2025-02-06,7,PT1H,MC-MagdalenaEcop,22048.62,26565.5
2025-02-06,6,PT1H,MC-MagdalenaEcop,21883.56,25390.7
2025-02-06,5,PT1H,MC-MagdalenaEcop,21989.61,25885.1
2025-02-06,3,PT1H,MC-MagdalenaEcop,23339.02,32587.6
2025-02-06,2,PT1H,MC-MagdalenaEcop,23388.18,35816.4
2025-02-06,1,PT1H,MC-MagdalenaEcop,23119.89,28397.6
2025-02-06,24,PT1H,MC-MagdalenaEcop,25259.26,22596.0
2025-02-06,23,PT1H,MC-MagdalenaEcop,24944.41,17397.1
2025-02-06,20,PT1H,MC-MagdalenaEcop,20421.92,14936.7
2025-02-06,22,PT1H,MC-MagdalenaEcop,24506.18,15690.8
2025-02-06,21,PT1H,MC-MagdalenaEcop,20029.15,15853.6
2025-02-06,8,PT1H,MC-MagdalenaEcop,22116.23,23027.4
2025-02-06,4,PT1H,MC-MagdalenaEcop,23012.93,29454.7
2025-02-07,24,PT1H,MC-MagdalenaEcop,11377.15,26356.7
2025-02-07,1,PT1H,MC-MagdalenaEcop,26253.63,18834.8
2025-02-07,21,PT1H,MC-MagdalenaEcop,14858.49,27349.4
2025-02-07,22,PT1H,MC-MagdalenaEcop,12495.73,25485.9
2025-02-07,20,PT1H,MC-MagdalenaEcop,24863.8,28686.3
2025-02-07,19,PT1H,MC-MagdalenaEcop,25562.11,29090.7
2025-02-07,18,PT1H,MC-MagdalenaEcop,25502.05,29608.5
2025-02-07,17,PT1H,MC-MagdalenaEcop,25425.59,24720.4
2025-02-07,16,PT1H,MC-MagdalenaEcop,25429.86,23372.1
2025-02-07,15,PT1H,MC-MagdalenaEcop,25666.94,23683.6
2025-02-07,13,PT1H,MC-MagdalenaEcop,26352.32,23465.2
2025-02-07,12,PT1H,MC-MagdalenaEcop,24534.11,21138.0
2025-02-07,11,PT1H,MC-MagdalenaEcop,24594.99,15186.6
2025-02-07,14,PT1H,MC-MagdalenaEcop,26823.45,23638.7
2025-02-07,9,PT1H,MC-MagdalenaEcop,24572.88,19238.6
2025-02-07,10,PT1H,MC-MagdalenaEcop,23597.63,17966.6
2025-02-07,3,PT1H,MC-MagdalenaEcop,19882.67,19019.9
2025-02-07,4,PT1H,MC-MagdalenaEcop,19996.36,19248.8
2025-02-07,5,PT1H,MC-MagdalenaEcop,24612.26,19192.6
2025-02-07,2,PT1H,MC-MagdalenaEcop,24719.56,19258.3
2025-02-07,7,PT1H,MC-MagdalenaEcop,24369.27,19221.3
2025-02-07,8,PT1H,MC-MagdalenaEcop,24364.61,18746.8
2025-02-07,6,PT1H,MC-MagdalenaEcop,24413.51,19161.7
2025-02-07,23,PT1H,MC-MagdalenaEcop,9504.98,25469.7
2025-02-08,10,PT1H,MC-MagdalenaEcop,24675.77,25742.3
2025-02-08,2,PT1H,MC-MagdalenaEcop,19917.81,29221.2
2025-02-08,3,PT1H,MC-MagdalenaEcop,21839.12,28829.8
2025-02-08,1,PT1H,MC-MagdalenaEcop,19796.73,30503.2
2025-02-08,4,PT1H,MC-MagdalenaEcop,23171.0,30739.5
2025-02-08,5,PT1H,MC-MagdalenaEcop,24494.81,30828.7
2025-02-08,6,PT1H,MC-MagdalenaEcop,22754.62,30911.3
2025-02-08,7,PT1H,MC-MagdalenaEcop,19903.5,32004.3
2025-02-08,8,PT1H,MC-MagdalenaEcop,21226.83,31799.5
2025-02-08,9,PT1H,MC-MagdalenaEcop,21104.1,31959.2
2025-02-08,20,PT1H,MC-MagdalenaEcop,20097.83,24730.2
2025-02-08,12,PT1H,MC-MagdalenaEcop,25214.07,15314.4
2025-02-08,13,PT1H,MC-MagdalenaEcop,25485.08,13858.4
2025-02-08,14,PT1H,MC-MagdalenaEcop,25337.65,7466.9
2025-02-08,15,PT1H,MC-MagdalenaEcop,20138.15,8069.3
2025-02-08,16,PT1H,MC-MagdalenaEcop,19545.43,13737.1
2025-02-08,17,PT1H,MC-MagdalenaEcop,21729.37,15253.6
2025-02-08,18,PT1H,MC-MagdalenaEcop,19746.3,14573.6
2025-02-08,19,PT1H,MC-MagdalenaEcop,20087.61,16868.2
2025-02-08,24,PT1H,MC-MagdalenaEcop,20530.0,23245.3
2025-02-08,23,PT1H,MC-MagdalenaEcop,19534.82,21601.9
2025-02-08,21,PT1H,MC-MagdalenaEcop,19319.11,23440.3
2025-02-08,11,PT1H,MC-MagdalenaEcop,24971.67,15205.3
2025-02-08,22,PT1H,MC-MagdalenaEcop,19737.97,21237.4
2025-02-09,13,PT1H,MC-MagdalenaEcop,24258.22,21894.5
2025-02-09,12,PT1H,MC-MagdalenaEcop,21275.24,20391.3
2025-02-09,3,PT1H,MC-MagdalenaEcop,19199.1,22867.8
2025-02-09,4,PT1H,MC-MagdalenaEcop,19929.53,24526.9
2025-02-09,5,PT1H,MC-MagdalenaEcop,19905.44,24523.2
2025-02-09,6,PT1H,MC-MagdalenaEcop,19964.21,25536.6
2025-02-09,7,PT1H,MC-MagdalenaEcop,19638.02,25657.6
2025-02-09,8,PT1H,MC-MagdalenaEcop,19992.55,25498.2
2025-02-09,9,PT1H,MC-MagdalenaEcop,20977.25,22563.4
2025-02-09,10,PT1H,MC-MagdalenaEcop,20711.37,21706.0
2025-02-09,11,PT1H,MC-MagdalenaEcop,18872.77,21490.1
2025-02-09,2,PT1H,MC-MagdalenaEcop,19061.05,23115.3
2025-02-09,14,PT1H,MC-MagdalenaEcop,24374.37,21060.2
2025-02-09,16,PT1H,MC-MagdalenaEcop,21972.33,20431.3
2025-02-09,17,PT1H,MC-MagdalenaEcop,20518.71,20039.1
2025-02-09,18,PT1H,MC-MagdalenaEcop,23610.83,20028.8
2025-02-09,19,PT1H,MC-MagdalenaEcop,24611.11,20117.9
2025-02-09,20,PT1H,MC-MagdalenaEcop,24977.92,19996.3
2025-02-09,21,PT1H,MC-MagdalenaEcop,23075.0,21045.8
2025-02-09,22,PT1H,MC-MagdalenaEcop,22992.44,23793.4
2025-02-09,23,PT1H,MC-MagdalenaEcop,21888.1,23953.4
2025-02-09,24,PT1H,MC-MagdalenaEcop,21605.81,22750.1
2025-02-09,15,PT1H,MC-MagdalenaEcop,25848.81,20434.9
2025-02-09,1,PT1H,MC-MagdalenaEcop,19090.4,23718.9
2025-02-10,1,PT1H,MC-MagdalenaEcop,18606.89,16481.4
2025-02-10,2,PT1H,MC-MagdalenaEcop,19002.25,15381.8
2025-02-10,23,PT1H,MC-MagdalenaEcop,24480.44,17974.2
2025-02-10,24,PT1H,MC-MagdalenaEcop,24032.67,17995.2
2025-02-10,3,PT1H,MC-MagdalenaEcop,22096.12,15546.5
2025-02-10,4,PT1H,MC-MagdalenaEcop,22178.35,15740.0
2025-02-10,5,PT1H,MC-MagdalenaEcop,22875.5,18918.4
2025-02-10,6,PT1H,MC-MagdalenaEcop,23200.59,19680.4
2025-02-10,7,PT1H,MC-MagdalenaEcop,23230.0,24174.4
2025-02-10,9,PT1H,MC-MagdalenaEcop,24236.94,27023.5
2025-02-10,10,PT1H,MC-MagdalenaEcop,23617.86,27306.1
2025-02-10,11,PT1H,MC-MagdalenaEcop,25169.6,27735.7
2025-02-10,12,PT1H,MC-MagdalenaEcop,25110.04,27797.7
2025-02-10,8,PT1H,MC-MagdalenaEcop,23881.17,26493.5
2025-02-10,14,PT1H,MC-MagdalenaEcop,25270.99,26779.1
2025-02-10,15,PT1H,MC-MagdalenaEcop,21380.13,24424.4
2025-02-10,16,PT1H,MC-MagdalenaEcop,20161.86,24235.8
2025-02-10,17,PT1H,MC-MagdalenaEcop,23721.81,20852.2
2025-02-10,18,PT1H,MC-MagdalenaEcop,25502.12,19472.3
2025-02-10,19,PT1H,MC-MagdalenaEcop,25164.21,19938.6
2025-02-10,20,PT1H,MC-MagdalenaEcop,24795.48,19155.8
2025-02-10,21,PT1H,MC-MagdalenaEcop,24644.31,18958.4
2025-02-10,13,PT1H,MC-MagdalenaEcop,24917.02,27976.6
2025-02-10,22,PT1H,MC-MagdalenaEcop,22866.99,19098.7
2025-02-11,10,PT1H,MC-MagdalenaEcop,16318.09,20944.6
2025-02-11,9,PT1H,MC-MagdalenaEcop,16586.73,20698.3
2025-02-11,8,PT1H,MC-MagdalenaEcop,17696.47,20092.6
2025-02-11,4,PT1H,MC-MagdalenaEcop,23814.66,20188.2
2025-02-11,6,PT1H,MC-MagdalenaEcop,23246.57,19866.2
2025-02-11,5,PT1H,MC-MagdalenaEcop,23261.07,19934.6
2025-02-11,11,PT1H,MC-MagdalenaEcop,15564.98,20902.7
2025-02-11,3,PT1H,MC-MagdalenaEcop,23491.35,20011.5
2025-02-11,7,PT1H,MC-MagdalenaEcop,19791.74,19576.5
2025-02-11,12,PT1H,MC-MagdalenaEcop,15958.49,20922.3
2025-02-11,17,PT1H,MC-MagdalenaEcop,17743.11,24020.9
2025-02-11,14,PT1H,MC-MagdalenaEcop,16437.98,25984.5
2025-02-11,15,PT1H,MC-MagdalenaEcop,16921.6,26064.4
2025-02-11,16,PT1H,MC-MagdalenaEcop,17294.04,25781.0
2025-02-11,18,PT1H,MC-MagdalenaEcop,17149.71,24175.4
2025-02-11,19,PT1H,MC-MagdalenaEcop,17914.96,24670.7
2025-02-11,20,PT1H,MC-MagdalenaEcop,17618.76,24208.8
2025-02-11,21,PT1H,MC-MagdalenaEcop,17639.21,23871.5
2025-02-11,22,PT1H,MC-MagdalenaEcop,17607.46,22370.5
2025-02-11,24,PT1H,MC-MagdalenaEcop,17223.69,15864.1
2025-02-11,2,PT1H,MC-MagdalenaEcop,24005.7,19882.2
2025-02-11,13,PT1H,MC-MagdalenaEcop,16355.06,24303.4
2025-02-11,23,PT1H,MC-MagdalenaEcop,17495.5,16584.7
2025-02-11,1,PT1H,MC-MagdalenaEcop,23817.68,18221.4
2025-02-12,1,PT1H,MC-MagdalenaEcop,28019.85,28153.0
2025-02-12,24,PT1H,MC-MagdalenaEcop,24652.82,12526.2
2025-02-12,23,PT1H,MC-MagdalenaEcop,24858.17,11503.3
2025-02-12,22,PT1H,MC-MagdalenaEcop,24898.59,8933.6
2025-02-12,21,PT1H,MC-MagdalenaEcop,24307.92,9322.4
2025-02-12,20,PT1H,MC-MagdalenaEcop,25338.67,10004.5
2025-02-12,19,PT1H,MC-MagdalenaEcop,25960.22,10584.7
2025-02-12,18,PT1H,MC-MagdalenaEcop,28930.6,10610.2
2025-02-12,17,PT1H,MC-MagdalenaEcop,38536.24,12513.3
2025-02-12,16,PT1H,MC-MagdalenaEcop,37293.68,21830.2
2025-02-12,15,PT1H,MC-MagdalenaEcop,38180.32,24440.6
2025-02-12,14,PT1H,MC-MagdalenaEcop,38995.15,22758.8
2025-02-12,2,PT1H,MC-MagdalenaEcop,29942.18,27896.0
2025-02-12,12,PT1H,MC-MagdalenaEcop,35607.03,19596.1
2025-02-12,11,PT1H,MC-MagdalenaEcop,32582.19,26107.2
2025-02-12,10,PT1H,MC-MagdalenaEcop,33455.64,30120.8
2025-02-12,9,PT1H,MC-MagdalenaEcop,37777.65,30608.6
2025-02-12,8,PT1H,MC-MagdalenaEcop,38702.2,32321.7
2025-02-12,7,PT1H,MC-MagdalenaEcop,38619.53,30862.2
2025-02-12,6,PT1H,MC-MagdalenaEcop,38314.71,31192.4
2025-02-12,5,PT1H,MC-MagdalenaEcop,36717.5,28971.7
2025-02-12,4,PT1H,MC-MagdalenaEcop,37580.28,29503.1
2025-02-12,3,PT1H,MC-MagdalenaEcop,32712.6,28548.2
2025-02-12,13,PT1H,MC-MagdalenaEcop,37580.19,20232.3
2025-02-13,15,PT1H,MC-MagdalenaEcop,34906.52,28141.1
2025-02-13,16,PT1H,MC-MagdalenaEcop,33929.0,27931.4
2025-02-13,17,PT1H,MC-MagdalenaEcop,33453.7,26771.0
2025-02-13,22,PT1H,MC-MagdalenaEcop,20749.96,19077.2
2025-02-13,19,PT1H,MC-MagdalenaEcop,36949.57,28512.9
2025-02-13,20,PT1H,MC-MagdalenaEcop,29679.69,30105.5
2025-02-13,21,PT1H,MC-MagdalenaEcop,26684.88,26488.4
2025-02-13,14,PT1H,MC-MagdalenaEcop,34920.25,28046.3
2025-02-13,18,PT1H,MC-MagdalenaEcop,36963.87,25673.2
2025-02-13,13,PT1H,MC-MagdalenaEcop,34587.9,29029.2
2025-02-13,7,PT1H,MC-MagdalenaEcop,29771.84,14992.6
2025-02-13,11,PT1H,MC-MagdalenaEcop,33898.91,28644.3
2025-02-13,10,PT1H,MC-MagdalenaEcop,35655.35,25573.5
2025-02-13,9,PT1H,MC-MagdalenaEcop,33371.67,25889.7
2025-02-13,8,PT1H,MC-MagdalenaEcop,32861.87,24102.8
2025-02-13,6,PT1H,MC-MagdalenaEcop,25767.06,12943.6
2025-02-13,5,PT1H,MC-MagdalenaEcop,26336.13,12289.2
2025-02-13,4,PT1H,MC-MagdalenaEcop,28035.64,12075.3
2025-02-13,3,PT1H,MC-MagdalenaEcop,27183.51,11080.1
2025-02-13,2,PT1H,MC-MagdalenaEcop,24320.61,8334.0
2025-02-13,23,PT1H,MC-MagdalenaEcop,19345.1,17253.2
2025-02-13,12,PT1H,MC-MagdalenaEcop,33686.83,29304.2
2025-02-13,1,PT1H,MC-MagdalenaEcop,24392.0,9714.6
2025-02-13,24,PT1H,MC-MagdalenaEcop,22395.7,17167.7
2025-02-14,23,PT1H,MC-MagdalenaEcop,34784.15,25180.6
2025-02-14,20,PT1H,MC-MagdalenaEcop,36781.67,24607.7
2025-02-14,19,PT1H,MC-MagdalenaEcop,38966.71,18950.7
2025-02-14,18,PT1H,MC-MagdalenaEcop,40105.35,19110.1
2025-02-14,17,PT1H,MC-MagdalenaEcop,40682.81,19405.2
2025-02-14,16,PT1H,MC-MagdalenaEcop,40315.08,19897.6
2025-02-14,15,PT1H,MC-MagdalenaEcop,40249.57,20293.1
2025-02-14,14,PT1H,MC-MagdalenaEcop,40534.36,19612.5
2025-02-14,13,PT1H,MC-MagdalenaEcop,39846.66,19837.1
2025-02-14,12,PT1H,MC-MagdalenaEcop,40031.08,19923.9
2025-02-14,11,PT1H,MC-MagdalenaEcop,33069.88,19631.4
2025-02-14,10,PT1H,MC-MagdalenaEcop,32131.93,19779.0
2025-02-14,9,PT1H,MC-MagdalenaEcop,30048.28,20711.2
2025-02-14,8,PT1H,MC-MagdalenaEcop,27843.85,20332.5
2025-02-14,7,PT1H,MC-MagdalenaEcop,28557.78,20231.1
2025-02-14,6,PT1H,MC-MagdalenaEcop,29745.64,20533.6
2025-02-14,5,PT1H,MC-MagdalenaEcop,29327.74,24534.2
2025-02-14,4,PT1H,MC-MagdalenaEcop,28067.46,24128.5
2025-02-14,3,PT1H,MC-MagdalenaEcop,25334.63,25256.8
2025-02-14,2,PT1H,MC-MagdalenaEcop,24358.83,25954.6
2025-02-14,21,PT1H,MC-MagdalenaEcop,36354.74,24777.3
2025-02-14,22,PT1H,MC-MagdalenaEcop,35500.88,24827.5
2025-02-14,1,PT1H,MC-MagdalenaEcop,25864.16,16825.8
2025-02-14,24,PT1H,MC-MagdalenaEcop,34586.08,24798.9
2025-02-15,1,PT1H,MC-MagdalenaEcop,35515.1,20149.9
2025-02-15,3,PT1H,MC-MagdalenaEcop,38304.85,19678.6
2025-02-15,4,PT1H,MC-MagdalenaEcop,38531.39,18946.0
2025-02-15,5,PT1H,MC-MagdalenaEcop,38129.21,17978.5
2025-02-15,6,PT1H,MC-MagdalenaEcop,38536.24,16391.8
2025-02-15,7,PT1H,MC-MagdalenaEcop,37604.07,18367.6
2025-02-15,8,PT1H,MC-MagdalenaEcop,36296.98,24946.9
2025-02-15,9,PT1H,MC-MagdalenaEcop,37320.89,24505.2
2025-02-15,10,PT1H,MC-MagdalenaEcop,38156.31,24704.2
2025-02-15,11,PT1H,MC-MagdalenaEcop,37912.69,25067.2
2025-02-15,12,PT1H,MC-MagdalenaEcop,36161.72,25248.4
2025-02-15,13,PT1H,MC-MagdalenaEcop,35059.5,25460.3
2025-02-15,15,PT1H,MC-MagdalenaEcop,24705.41,24252.2
2025-02-15,16,PT1H,MC-MagdalenaEcop,22203.54,25161.1
2025-02-15,17,PT1H,MC-MagdalenaEcop,14625.32,24329.6
2025-02-15,18,PT1H,MC-MagdalenaEcop,8794.16,23895.9
2025-02-15,19,PT1H,MC-MagdalenaEcop,9009.25,20346.4
2025-02-15,20,PT1H,MC-MagdalenaEcop,9409.87,19325.4
2025-02-15,21,PT1H,MC-MagdalenaEcop,8865.96,19192.2
2025-02-15,22,PT1H,MC-MagdalenaEcop,7839.0,19144.9
2025-02-15,23,PT1H,MC-MagdalenaEcop,5943.05,19077.3
2025-02-15,14,PT1H,MC-MagdalenaEcop,34073.41,23837.6
2025-02-15,2,PT1H,MC-MagdalenaEcop,36268.03,19829.6
2025-02-15,24,PT1H,MC-MagdalenaEcop,3331.52,19094.3
2025-02-16,12,PT1H,MC-MagdalenaEcop,21932.63,17750.5
2025-02-16,1,PT1H,MC-MagdalenaEcop,10122.78,23388.8
2025-02-16,2,PT1H,MC-MagdalenaEcop,21458.63,23181.9
2025-02-16,3,PT1H,MC-MagdalenaEcop,26916.22,22706.7
2025-02-16,4,PT1H,MC-MagdalenaEcop,30640.96,21305.1
2025-02-16,5,PT1H,MC-MagdalenaEcop,34052.47,18746.7
2025-02-16,6,PT1H,MC-MagdalenaEcop,34395.19,18984.0
2025-02-16,8,PT1H,MC-MagdalenaEcop,31522.41,18507.1
2025-02-16,9,PT1H,MC-MagdalenaEcop,31129.14,17954.0
2025-02-16,10,PT1H,MC-MagdalenaEcop,28578.47,17590.0
2025-02-16,11,PT1H,MC-MagdalenaEcop,22350.27,17750.5
2025-02-16,13,PT1H,MC-MagdalenaEcop,14544.23,22279.6
2025-02-16,7,PT1H,MC-MagdalenaEcop,32312.66,18662.2
2025-02-16,15,PT1H,MC-MagdalenaEcop,13855.04,23505.2
2025-02-16,14,PT1H,MC-MagdalenaEcop,16675.27,23903.7
2025-02-16,23,PT1H,MC-MagdalenaEcop,2398.53,23342.0
2025-02-16,22,PT1H,MC-MagdalenaEcop,1819.32,22715.1
2025-02-16,21,PT1H,MC-MagdalenaEcop,1937.64,22923.0
2025-02-16,20,PT1H,MC-MagdalenaEcop,4071.39,23555.7
2025-02-16,24,PT1H,MC-MagdalenaEcop,3131.68,23728.3
2025-02-16,18,PT1H,MC-MagdalenaEcop,8125.71,24199.9
2025-02-16,17,PT1H,MC-MagdalenaEcop,8472.96,24073.7
2025-02-16,16,PT1H,MC-MagdalenaEcop,11086.36,24184.4
2025-02-16,19,PT1H,MC-MagdalenaEcop,7889.54,24203.3
2025-02-17,11,PT1H,MC-MagdalenaEcop,25497.34,20451.8
2025-02-17,1,PT1H,MC-MagdalenaEcop,9787.88,20391.0
2025-02-17,2,PT1H,MC-MagdalenaEcop,11389.23,21350.2
2025-02-17,3,PT1H,MC-MagdalenaEcop,13464.9,21651.5
2025-02-17,4,PT1H,MC-MagdalenaEcop,13633.02,21345.1
2025-02-17,6,PT1H,MC-MagdalenaEcop,22326.66,21328.6
2025-02-17,7,PT1H,MC-MagdalenaEcop,22691.59,21806.7
2025-02-17,8,PT1H,MC-MagdalenaEcop,23261.16,22365.2
2025-02-17,9,PT1H,MC-MagdalenaEcop,24295.54,20403.8
2025-02-17,10,PT1H,MC-MagdalenaEcop,24850.25,19983.8
2025-02-17,12,PT1H,MC-MagdalenaEcop,24800.91,20392.0
2025-02-17,5,PT1H,MC-MagdalenaEcop,17667.85,21351.0
2025-02-17,14,PT1H,MC-MagdalenaEcop,22855.09,21977.9
2025-02-17,24,PT1H,MC-MagdalenaEcop,9835.07,22368.1
2025-02-17,23,PT1H,MC-MagdalenaEcop,9851.64,22832.2
2025-02-17,22,PT1H,MC-MagdalenaEcop,10533.72,22152.7
2025-02-17,21,PT1H,MC-MagdalenaEcop,11453.9,21862.9
2025-02-17,20,PT1H,MC-MagdalenaEcop,10854.67,21832.7
2025-02-17,13,PT1H,MC-MagdalenaEcop,25425.96,21397.6
2025-02-17,18,PT1H,MC-MagdalenaEcop,10332.55,21325.5
2025-02-17,17,PT1H,MC-MagdalenaEcop,11685.76,22091.9
2025-02-17,16,PT1H,MC-MagdalenaEcop,13933.95,22210.6
2025-02-17,15,PT1H,MC-MagdalenaEcop,17433.34,22214.0
2025-02-17,19,PT1H,MC-MagdalenaEcop,9703.16,22054.0
2025-02-18,22,PT1H,MC-MagdalenaEcop,8998.81,19833.5
2025-02-18,2,PT1H,MC-MagdalenaEcop,17677.17,20356.8
2025-02-18,3,PT1H,MC-MagdalenaEcop,15431.42,23400.0
2025-02-18,4,PT1H,MC-MagdalenaEcop,15614.42,23881.2
2025-02-18,5,PT1H,MC-MagdalenaEcop,16149.38,23371.2
2025-02-18,6,PT1H,MC-MagdalenaEcop,16138.35,23451.0
2025-02-18,7,PT1H,MC-MagdalenaEcop,16090.24,23407.0
2025-02-18,8,PT1H,MC-MagdalenaEcop,16597.46,22814.7
2025-02-18,9,PT1H,MC-MagdalenaEcop,16809.39,23642.5
2025-02-18,10,PT1H,MC-MagdalenaEcop,18097.53,23438.1
2025-02-18,13,PT1H,MC-MagdalenaEcop,20747.58,19950.1
2025-02-18,12,PT1H,MC-MagdalenaEcop,19656.84,21642.4
2025-02-18,14,PT1H,MC-MagdalenaEcop,17662.15,20439.4
2025-02-18,15,PT1H,MC-MagdalenaEcop,12684.46,20337.1
2025-02-18,16,PT1H,MC-MagdalenaEcop,10937.41,20141.5
2025-02-18,1,PT1H,MC-MagdalenaEcop,13959.73,19591.7
2025-02-18,18,PT1H,MC-MagdalenaEcop,7167.58,20452.1
2025-02-18,19,PT1H,MC-MagdalenaEcop,9237.44,21209.7
2025-02-18,20,PT1H,MC-MagdalenaEcop,8883.54,21333.6
2025-02-18,21,PT1H,MC-MagdalenaEcop,8899.54,21777.3
2025-02-18,11,PT1H,MC-MagdalenaEcop,18948.29,23365.8
2025-02-18,17,PT1H,MC-MagdalenaEcop,10119.06,20733.1
2025-02-18,23,PT1H,MC-MagdalenaEcop,8552.5,19700.6
2025-02-18,24,PT1H,MC-MagdalenaEcop,6580.63,18870.7
2025-02-19,7,PT1H,MC-MagdalenaEcop,18710.28,23773.7
2025-02-19,1,PT1H,MC-MagdalenaEcop,5415.84,22723.6
2025-02-19,23,PT1H,MC-MagdalenaEcop,6797.85,24232.0
2025-02-19,22,PT1H,MC-MagdalenaEcop,7458.45,23339.3
2025-02-19,21,PT1H,MC-MagdalenaEcop,8558.87,21578.6
2025-02-19,20,PT1H,MC-MagdalenaEcop,7640.73,20224.5
2025-02-19,19,PT1H,MC-MagdalenaEcop,7857.94,19822.1
2025-02-19,18,PT1H,MC-MagdalenaEcop,7870.71,21129.0
2025-02-19,16,PT1H,MC-MagdalenaEcop,8031.26,20695.4
2025-02-19,15,PT1H,MC-MagdalenaEcop,9352.89,20642.5
2025-02-19,14,PT1H,MC-MagdalenaEcop,16535.08,20111.9
2025-02-19,17,PT1H,MC-MagdalenaEcop,7371.32,20169.0
2025-02-19,12,PT1H,MC-MagdalenaEcop,19131.09,19984.6
2025-02-19,13,PT1H,MC-MagdalenaEcop,19319.78,20265.4
2025-02-19,3,PT1H,MC-MagdalenaEcop,18390.14,22078.9
2025-02-19,4,PT1H,MC-MagdalenaEcop,18858.4,21889.1
2025-02-19,5,PT1H,MC-MagdalenaEcop,18584.94,23525.1
2025-02-19,6,PT1H,MC-MagdalenaEcop,18754.19,23333.3
2025-02-19,2,PT1H,MC-MagdalenaEcop,14256.05,22587.8
2025-02-19,8,PT1H,MC-MagdalenaEcop,18997.8,22252.4
2025-02-19,9,PT1H,MC-MagdalenaEcop,17151.63,20292.7
2025-02-19,10,PT1H,MC-MagdalenaEcop,18997.7,19407.7
2025-02-19,11,PT1H,MC-MagdalenaEcop,18392.79,18972.5
2025-02-19,24,PT1H,MC-MagdalenaEcop,13008.33,24109.6
2025-02-20,23,PT1H,MC-MagdalenaEcop,12823.8,24258.4
2025-02-20,24,PT1H,MC-MagdalenaEcop,16343.44,24564.5
2025-02-20,1,PT1H,MC-MagdalenaEcop,12587.75,22484.8
2025-02-20,2,PT1H,MC-MagdalenaEcop,11959.95,22745.6
2025-02-20,3,PT1H,MC-MagdalenaEcop,9467.24,22697.9
2025-02-20,4,PT1H,MC-MagdalenaEcop,12356.96,22380.9
2025-02-20,5,PT1H,MC-MagdalenaEcop,12262.74,21386.1
2025-02-20,6,PT1H,MC-MagdalenaEcop,10750.36,21283.0
2025-02-20,7,PT1H,MC-MagdalenaEcop,9913.31,21443.5
2025-02-20,21,PT1H,MC-MagdalenaEcop,14791.8,19470.3
2025-02-20,9,PT1H,MC-MagdalenaEcop,12491.72,21733.4
2025-02-20,10,PT1H,MC-MagdalenaEcop,12883.99,21585.8
2025-02-20,11,PT1H,MC-MagdalenaEcop,11947.51,21941.2
2025-02-20,12,PT1H,MC-MagdalenaEcop,12329.39,20380.8
2025-02-20,13,PT1H,MC-MagdalenaEcop,14459.42,20162.3
2025-02-20,14,PT1H,MC-MagdalenaEcop,15695.7,20628.4
2025-02-20,15,PT1H,MC-MagdalenaEcop,15985.0,21111.6
2025-02-20,16,PT1H,MC-MagdalenaEcop,15684.48,20808.6
2025-02-20,17,PT1H,MC-MagdalenaEcop,14737.76,20178.1
2025-02-20,20,PT1H,MC-MagdalenaEcop,15249.41,19852.1
2025-02-20,19,PT1H,MC-MagdalenaEcop,14582.14,20224.2
2025-02-20,8,PT1H,MC-MagdalenaEcop,12690.5,21509.2
2025-02-20,18,PT1H,MC-MagdalenaEcop,14130.37,20477.7
2025-02-20,22,PT1H,MC-MagdalenaEcop,13869.32,23832.4
2025-02-21,16,PT1H,MC-MagdalenaEcop,33804.65,24363.7
2025-02-21,22,PT1H,MC-MagdalenaEcop,31298.95,11976.9
2025-02-21,21,PT1H,MC-MagdalenaEcop,31841.64,14229.7
2025-02-21,20,PT1H,MC-MagdalenaEcop,32419.11,23811.6
2025-02-21,19,PT1H,MC-MagdalenaEcop,32642.27,24480.3
2025-02-21,18,PT1H,MC-MagdalenaEcop,35170.74,24432.8
2025-02-21,17,PT1H,MC-MagdalenaEcop,34856.61,24359.6
2025-02-21,15,PT1H,MC-MagdalenaEcop,35578.16,24590.7
2025-02-21,14,PT1H,MC-MagdalenaEcop,35804.74,25698.3
2025-02-21,13,PT1H,MC-MagdalenaEcop,35531.02,25247.1
2025-02-21,23,PT1H,MC-MagdalenaEcop,30605.27,9112.7
2025-02-21,12,PT1H,MC-MagdalenaEcop,35126.3,23505.8
2025-02-21,10,PT1H,MC-MagdalenaEcop,33902.71,22609.0
2025-02-21,9,PT1H,MC-MagdalenaEcop,32017.25,23543.0
2025-02-21,8,PT1H,MC-MagdalenaEcop,30078.31,23343.5
2025-02-21,4,PT1H,MC-MagdalenaEcop,30974.3,19160.1
2025-02-21,7,PT1H,MC-MagdalenaEcop,28628.78,23348.0
2025-02-21,6,PT1H,MC-MagdalenaEcop,29609.99,23390.3
2025-02-21,1,PT1H,MC-MagdalenaEcop,31327.17,25152.6
2025-02-21,2,PT1H,MC-MagdalenaEcop,32302.52,23683.4
2025-02-21,3,PT1H,MC-MagdalenaEcop,32680.25,19051.3
2025-02-21,11,PT1H,MC-MagdalenaEcop,34704.17,23564.1
2025-02-21,24,PT1H,MC-MagdalenaEcop,30820.36,10905.7
2025-02-21,5,PT1H,MC-MagdalenaEcop,30044.54,23580.7
2025-02-22,23,PT1H,MC-MagdalenaEcop,28101.57,19416.1
2025-02-22,6,PT1H,MC-MagdalenaEcop,31870.23,22614.7
2025-02-22,1,PT1H,MC-MagdalenaEcop,29922.81,19676.3
2025-02-22,2,PT1H,MC-MagdalenaEcop,30385.42,19796.6
2025-02-22,3,PT1H,MC-MagdalenaEcop,29839.06,21705.2
2025-02-22,7,PT1H,MC-MagdalenaEcop,30836.93,19782.4
2025-02-22,8,PT1H,MC-MagdalenaEcop,27173.61,21097.0
2025-02-22,9,PT1H,MC-MagdalenaEcop,25564.24,20975.1
2025-02-22,10,PT1H,MC-MagdalenaEcop,27091.01,24523.2
2025-02-22,5,PT1H,MC-MagdalenaEcop,30157.68,24343.4
2025-02-22,11,PT1H,MC-MagdalenaEcop,27401.8,24817.1
2025-02-22,13,PT1H,MC-MagdalenaEcop,28181.6,25327.2
2025-02-22,14,PT1H,MC-MagdalenaEcop,26709.59,25180.7
2025-02-22,15,PT1H,MC-MagdalenaEcop,26076.46,20015.5
2025-02-22,16,PT1H,MC-MagdalenaEcop,26061.09,19426.7
2025-02-22,17,PT1H,MC-MagdalenaEcop,27267.46,21596.2
2025-02-22,18,PT1H,MC-MagdalenaEcop,28162.08,19626.2
2025-02-22,19,PT1H,MC-MagdalenaEcop,29111.36,19955.3
2025-02-22,20,PT1H,MC-MagdalenaEcop,28768.77,19965.4
2025-02-22,12,PT1H,MC-MagdalenaEcop,27560.49,25057.9
2025-02-22,21,PT1H,MC-MagdalenaEcop,28971.04,19191.8
2025-02-22,22,PT1H,MC-MagdalenaEcop,28551.7,19617.9
2025-02-22,4,PT1H,MC-MagdalenaEcop,29888.03,23028.3
2025-02-22,24,PT1H,MC-MagdalenaEcop,28427.32,20404.7
2025-02-23,21,PT1H,MC-MagdalenaEcop,6533.41,23011.8
2025-02-23,1,PT1H,MC-MagdalenaEcop,28652.69,19048.1
2025-02-23,2,PT1H,MC-MagdalenaEcop,32264.32,19018.8
2025-02-23,3,PT1H,MC-MagdalenaEcop,32410.48,19156.5
2025-02-23,4,PT1H,MC-MagdalenaEcop,32058.23,19885.0
2025-02-23,5,PT1H,MC-MagdalenaEcop,31979.53,19860.9
2025-02-23,6,PT1H,MC-MagdalenaEcop,30627.29,19919.5
2025-02-23,7,PT1H,MC-MagdalenaEcop,31329.11,19594.2
2025-02-23,8,PT1H,MC-MagdalenaEcop,16618.1,19947.8
2025-02-23,20,PT1H,MC-MagdalenaEcop,7417.28,24909.5
2025-02-23,9,PT1H,MC-MagdalenaEcop,13043.46,20929.8
2025-02-23,11,PT1H,MC-MagdalenaEcop,12957.74,18831.1
2025-02-23,12,PT1H,MC-MagdalenaEcop,12989.7,21227.0
2025-02-23,14,PT1H,MC-MagdalenaEcop,13134.54,24317.6
2025-02-23,15,PT1H,MC-MagdalenaEcop,13421.48,25788.0
2025-02-23,16,PT1H,MC-MagdalenaEcop,11378.82,21922.2
2025-02-23,17,PT1H,MC-MagdalenaEcop,8800.32,20472.5
2025-02-23,18,PT1H,MC-MagdalenaEcop,8514.67,23556.2
2025-02-23,24,PT1H,MC-MagdalenaEcop,6682.95,21556.6
2025-02-23,23,PT1H,MC-MagdalenaEcop,6627.52,21838.2
2025-02-23,19,PT1H,MC-MagdalenaEcop,7326.6,24543.7
2025-02-23,10,PT1H,MC-MagdalenaEcop,12021.32,20664.7
2025-02-23,22,PT1H,MC-MagdalenaEcop,5839.22,22939.5
2025-02-23,13,PT1H,MC-MagdalenaEcop,13027.04,24201.8
2025-02-24,21,PT1H,MC-MagdalenaEcop,3356.2,36470.0
2025-02-24,22,PT1H,MC-MagdalenaEcop,4794.84,33849.8
2025-02-24,7,PT1H,MC-MagdalenaEcop,4948.8,34387.0
2025-02-24,20,PT1H,MC-MagdalenaEcop,2367.03,36693.7
2025-02-24,19,PT1H,MC-MagdalenaEcop,2920.31,37239.4
2025-02-24,18,PT1H,MC-MagdalenaEcop,2674.6,37749.4
2025-02-24,17,PT1H,MC-MagdalenaEcop,3111.97,35114.8
2025-02-24,16,PT1H,MC-MagdalenaEcop,3341.85,29846.6
2025-02-24,15,PT1H,MC-MagdalenaEcop,5990.64,31649.5
2025-02-24,14,PT1H,MC-MagdalenaEcop,9555.1,37407.4
2025-02-24,23,PT1H,MC-MagdalenaEcop,4622.36,36237.5
2025-02-24,13,PT1H,MC-MagdalenaEcop,8955.33,36883.6
2025-02-24,12,PT1H,MC-MagdalenaEcop,9044.64,37169.2
2025-02-24,11,PT1H,MC-MagdalenaEcop,3482.07,37257.4
2025-02-24,10,PT1H,MC-MagdalenaEcop,721.09,34961.0
2025-02-24,9,PT1H,MC-MagdalenaEcop,50.69,35877.2
2025-02-24,2,PT1H,MC-MagdalenaEcop,4337.94,28130.6
2025-02-24,3,PT1H,MC-MagdalenaEcop,4162.91,32709.1
2025-02-24,4,PT1H,MC-MagdalenaEcop,4159.24,32830.7
2025-02-24,5,PT1H,MC-MagdalenaEcop,4581.6,33862.4
2025-02-24,6,PT1H,MC-MagdalenaEcop,5491.68,34343.5
2025-02-24,1,PT1H,MC-MagdalenaEcop,4014.6,27545.5
2025-02-24,24,PT1H,MC-MagdalenaEcop,4550.59,35574.9
2025-02-24,8,PT1H,MC-MagdalenaEcop,1123.94,35350.7
2025-02-25,8,PT1H,MC-MagdalenaEcop,18544.07,32539.1
2025-02-25,5,PT1H,MC-MagdalenaEcop,25329.12,42767.8
2025-02-25,9,PT1H,MC-MagdalenaEcop,20358.62,30499.2
2025-02-25,10,PT1H,MC-MagdalenaEcop,20268.61,30005.4
2025-02-25,11,PT1H,MC-MagdalenaEcop,12192.72,28621.1
2025-02-25,12,PT1H,MC-MagdalenaEcop,374.46,29344.4
2025-02-25,13,PT1H,MC-MagdalenaEcop,242.17,30073.4
2025-02-25,14,PT1H,MC-MagdalenaEcop,756.52,30225.8
2025-02-25,15,PT1H,MC-MagdalenaEcop,676.73,31114.8
2025-02-25,16,PT1H,MC-MagdalenaEcop,6.79,31799.4
2025-02-25,17,PT1H,MC-MagdalenaEcop,1.26,32624.8
2025-02-25,19,PT1H,MC-MagdalenaEcop,14390.89,32930.7
2025-02-25,20,PT1H,MC-MagdalenaEcop,14553.48,32386.3
2025-02-25,21,PT1H,MC-MagdalenaEcop,13935.58,32423.9
2025-02-25,22,PT1H,MC-MagdalenaEcop,13115.54,32375.5
2025-02-25,23,PT1H,MC-MagdalenaEcop,11199.41,32169.7
2025-02-25,7,PT1H,MC-MagdalenaEcop,15542.18,36390.6
2025-02-25,6,PT1H,MC-MagdalenaEcop,15254.59,42741.1
2025-02-25,18,PT1H,MC-MagdalenaEcop,2371.97,31534.1
2025-02-25,1,PT1H,MC-MagdalenaEcop,17952.59,43790.9
2025-02-25,24,PT1H,MC-MagdalenaEcop,13287.8,31670.1
2025-02-25,2,PT1H,MC-MagdalenaEcop,21735.62,44136.5
2025-02-25,3,PT1H,MC-MagdalenaEcop,22984.2,43191.1
2025-02-25,4,PT1H,MC-MagdalenaEcop,22985.31,43785.4
2025-02-26,16,PT1H,MC-MagdalenaEcop,31005.41,39163.1
2025-02-26,22,PT1H,MC-MagdalenaEcop,19448.4,26150.0
2025-02-26,21,PT1H,MC-MagdalenaEcop,22037.09,25519.9
2025-02-26,24,PT1H,MC-MagdalenaEcop,20567.31,25892.0
2025-02-26,20,PT1H,MC-MagdalenaEcop,31925.55,26602.0
2025-02-26,11,PT1H,MC-MagdalenaEcop,20629.97,34216.7
2025-02-26,10,PT1H,MC-MagdalenaEcop,15403.87,35133.7
2025-02-26,9,PT1H,MC-MagdalenaEcop,12900.84,39671.2
2025-02-26,8,PT1H,MC-MagdalenaEcop,13342.25,40641.9
2025-02-26,7,PT1H,MC-MagdalenaEcop,13376.51,40555.1
2025-02-26,19,PT1H,MC-MagdalenaEcop,31460.94,27254.6
2025-02-26,6,PT1H,MC-MagdalenaEcop,13760.88,40235.1
2025-02-26,5,PT1H,MC-MagdalenaEcop,13248.8,38558.2
2025-02-26,1,PT1H,MC-MagdalenaEcop,13374.8,29426.9
2025-02-26,23,PT1H,MC-MagdalenaEcop,18063.27,26107.6
2025-02-26,17,PT1H,MC-MagdalenaEcop,31087.99,40467.6
2025-02-26,18,PT1H,MC-MagdalenaEcop,31252.82,30383.1
2025-02-26,2,PT1H,MC-MagdalenaEcop,12879.3,31445.1
2025-02-26,14,PT1H,MC-MagdalenaEcop,29689.66,40949.4
2025-02-26,13,PT1H,MC-MagdalenaEcop,27098.94,39463.9
2025-02-26,3,PT1H,MC-MagdalenaEcop,12293.79,34353.6
2025-02-26,4,PT1H,MC-MagdalenaEcop,12059.07,39464.0
2025-02-26,15,PT1H,MC-MagdalenaEcop,30203.93,40094.0
2025-02-26,12,PT1H,MC-MagdalenaEcop,26811.89,37392.4
2025-02-27,21,PT1H,MC-MagdalenaEcop,14961.78,30728.6
2025-02-27,2,PT1H,MC-MagdalenaEcop,20239.14,28016.1
2025-02-27,22,PT1H,MC-MagdalenaEcop,13027.2,23904.3
2025-02-27,23,PT1H,MC-MagdalenaEcop,13966.26,22286.6
2025-02-27,24,PT1H,MC-MagdalenaEcop,16191.3,25799.5
2025-02-27,16,PT1H,MC-MagdalenaEcop,12965.79,39080.5
2025-02-27,1,PT1H,MC-MagdalenaEcop,19980.77,28098.3
2025-02-27,15,PT1H,MC-MagdalenaEcop,12495.57,40206.1
2025-02-27,14,PT1H,MC-MagdalenaEcop,10236.38,40222.0
2025-02-27,13,PT1H,MC-MagdalenaEcop,10363.5,39839.2
2025-02-27,12,PT1H,MC-MagdalenaEcop,10017.4,38801.6
2025-02-27,11,PT1H,MC-MagdalenaEcop,9876.04,39045.8
2025-02-27,10,PT1H,MC-MagdalenaEcop,18250.77,41068.4
2025-02-27,9,PT1H,MC-MagdalenaEcop,18999.92,38438.7
2025-02-27,8,PT1H,MC-MagdalenaEcop,18969.2,37851.7
2025-02-27,7,PT1H,MC-MagdalenaEcop,19073.85,34293.4
2025-02-27,6,PT1H,MC-MagdalenaEcop,19985.05,29681.7
2025-02-27,5,PT1H,MC-MagdalenaEcop,20289.24,30337.0
2025-02-27,18,PT1H,MC-MagdalenaEcop,11435.68,42575.3
2025-02-27,19,PT1H,MC-MagdalenaEcop,13254.42,42548.8
2025-02-27,20,PT1H,MC-MagdalenaEcop,14384.66,34177.3
2025-02-27,3,PT1H,MC-MagdalenaEcop,19912.57,31312.8
2025-02-27,17,PT1H,MC-MagdalenaEcop,11891.42,38533.2
2025-02-27,4,PT1H,MC-MagdalenaEcop,19971.74,32294.1
2025-02-28,11,PT1H,MC-MagdalenaEcop,13791.69,33714.2
2025-02-28,24,PT1H,MC-MagdalenaEcop,31761.74,35259.9
2025-02-28,23,PT1H,MC-MagdalenaEcop,34048.74,35461.9
2025-02-28,22,PT1H,MC-MagdalenaEcop,34350.81,36192.6
2025-02-28,21,PT1H,MC-MagdalenaEcop,34709.59,37063.1
2025-02-28,20,PT1H,MC-MagdalenaEcop,32298.81,37498.3
2025-02-28,19,PT1H,MC-MagdalenaEcop,29493.47,39725.9
2025-02-28,18,PT1H,MC-MagdalenaEcop,28518.8,40886.7
2025-02-28,17,PT1H,MC-MagdalenaEcop,28136.06,41475.5
2025-02-28,16,PT1H,MC-MagdalenaEcop,26058.43,41100.6
2025-02-28,12,PT1H,MC-MagdalenaEcop,14354.47,40811.0
2025-02-28,15,PT1H,MC-MagdalenaEcop,23993.17,41033.8
2025-02-28,1,PT1H,MC-MagdalenaEcop,16201.22,26368.1
2025-02-28,14,PT1H,MC-MagdalenaEcop,24679.83,41324.1
2025-02-28,3,PT1H,MC-MagdalenaEcop,17172.92,25828.2
2025-02-28,4,PT1H,MC-MagdalenaEcop,15934.84,28614.3
2025-02-28,5,PT1H,MC-MagdalenaEcop,15496.21,29899.1
2025-02-28,13,PT1H,MC-MagdalenaEcop,18638.18,40623.0
2025-02-28,7,PT1H,MC-MagdalenaEcop,13897.9,29114.2
2025-02-28,8,PT1H,MC-MagdalenaEcop,13317.12,28386.3
2025-02-28,9,PT1H,MC-MagdalenaEcop,12195.49,30633.7
2025-02-28,10,PT1H,MC-MagdalenaEcop,12822.45,32758.0
2025-02-28,2,PT1H,MC-MagdalenaEcop,17285.39,24833.4
2025-02-28,6,PT1H,MC-MagdalenaEcop,14044.54,30325.2
2025-03-01,4,PT1H,MC-MagdalenaEcop,22263.93,23778.4
2025-03-01,5,PT1H,MC-MagdalenaEcop,22764.15,25136.9
2025-03-01,20,PT1H,MC-MagdalenaEcop,22012.04,20624.7
2025-03-01,2,PT1H,MC-MagdalenaEcop,21736.77,20439.9
2025-03-01,24,PT1H,MC-MagdalenaEcop,25117.41,21068.2
2025-03-01,23,PT1H,MC-MagdalenaEcop,24966.43,20046.9
2025-03-01,22,PT1H,MC-MagdalenaEcop,22860.83,20255.4
2025-03-01,21,PT1H,MC-MagdalenaEcop,23190.75,19825.5
2025-03-01,19,PT1H,MC-MagdalenaEcop,22665.16,20614.2
2025-03-01,18,PT1H,MC-MagdalenaEcop,23472.36,20263.9
2025-03-01,1,PT1H,MC-MagdalenaEcop,25477.22,20315.7
2025-03-01,16,PT1H,MC-MagdalenaEcop,22719.6,20057.8
2025-03-01,17,PT1H,MC-MagdalenaEcop,23580.23,22299.0
2025-03-01,14,PT1H,MC-MagdalenaEcop,20414.83,26001.8
2025-03-01,13,PT1H,MC-MagdalenaEcop,19947.53,26153.1
2025-03-01,12,PT1H,MC-MagdalenaEcop,19831.04,25875.0
2025-03-01,11,PT1H,MC-MagdalenaEcop,18869.91,25626.3
2025-03-01,10,PT1H,MC-MagdalenaEcop,17566.46,25322.6
2025-03-01,9,PT1H,MC-MagdalenaEcop,18080.59,21657.3
2025-03-01,8,PT1H,MC-MagdalenaEcop,20037.66,21783.3
2025-03-01,7,PT1H,MC-MagdalenaEcop,20731.79,20425.2
2025-03-01,6,PT1H,MC-MagdalenaEcop,20442.0,23351.1
2025-03-01,15,PT1H,MC-MagdalenaEcop,20736.6,20666.0
2025-03-01,3,PT1H,MC-MagdalenaEcop,22145.16,22411.6
2025-03-02,4,PT1H,MC-MagdalenaEcop,26197.19,20541.2
2025-03-02,1,PT1H,MC-MagdalenaEcop,24140.92,19676.8
2025-03-02,10,PT1H,MC-MagdalenaEcop,26300.61,21346.7
2025-03-02,2,PT1H,MC-MagdalenaEcop,23927.98,19646.5
2025-03-02,8,PT1H,MC-MagdalenaEcop,27043.22,20606.1
2025-03-02,7,PT1H,MC-MagdalenaEcop,26532.09,20240.9
2025-03-02,24,PT1H,MC-MagdalenaEcop,26311.19,22268.1
2025-03-02,9,PT1H,MC-MagdalenaEcop,26165.17,21620.6
2025-03-02,23,PT1H,MC-MagdalenaEcop,26692.11,22558.9
2025-03-02,14,PT1H,MC-MagdalenaEcop,24479.12,25120.3
2025-03-02,21,PT1H,MC-MagdalenaEcop,26539.79,23771.7
2025-03-02,20,PT1H,MC-MagdalenaEcop,26377.84,25732.0
2025-03-02,19,PT1H,MC-MagdalenaEcop,24615.16,25354.1
2025-03-02,18,PT1H,MC-MagdalenaEcop,21692.86,24333.7
2025-03-02,17,PT1H,MC-MagdalenaEcop,21199.09,21148.2
2025-03-02,16,PT1H,MC-MagdalenaEcop,21163.71,22645.7
2025-03-02,15,PT1H,MC-MagdalenaEcop,21323.61,26639.2
2025-03-02,6,PT1H,MC-MagdalenaEcop,26830.62,20576.9
2025-03-02,13,PT1H,MC-MagdalenaEcop,25285.13,25000.6
2025-03-02,22,PT1H,MC-MagdalenaEcop,26976.73,23696.6
2025-03-02,5,PT1H,MC-MagdalenaEcop,26533.02,20516.4
2025-03-02,11,PT1H,MC-MagdalenaEcop,24196.41,19452.6
2025-03-02,12,PT1H,MC-MagdalenaEcop,26391.15,21927.6
2025-03-02,3,PT1H,MC-MagdalenaEcop,25267.25,19788.7
2025-03-03,1,PT1H,MC-MagdalenaEcop,26781.8,13156.9
2025-03-03,2,PT1H,MC-MagdalenaEcop,26407.08,15307.7
2025-03-03,3,PT1H,MC-MagdalenaEcop,26258.19,18095.7
2025-03-03,6,PT1H,MC-MagdalenaEcop,25890.79,29998.6
2025-03-03,5,PT1H,MC-MagdalenaEcop,26451.36,23741.0
2025-03-03,23,PT1H,MC-MagdalenaEcop,25334.35,13242.5
2025-03-03,22,PT1H,MC-MagdalenaEcop,25234.67,14158.6
2025-03-03,21,PT1H,MC-MagdalenaEcop,25510.0,15384.6
2025-03-03,20,PT1H,MC-MagdalenaEcop,25473.43,14579.7
2025-03-03,19,PT1H,MC-MagdalenaEcop,25905.96,13033.0
2025-03-03,7,PT1H,MC-MagdalenaEcop,21232.05,30488.8
2025-03-03,17,PT1H,MC-MagdalenaEcop,26831.37,15706.0
2025-03-03,24,PT1H,MC-MagdalenaEcop,25287.76,13220.2
2025-03-03,18,PT1H,MC-MagdalenaEcop,26439.92,13888.4
2025-03-03,8,PT1H,MC-MagdalenaEcop,17730.22,31253.8
2025-03-03,9,PT1H,MC-MagdalenaEcop,18010.22,32643.2
2025-03-03,10,PT1H,MC-MagdalenaEcop,20456.08,33388.3
2025-03-03,4,PT1H,MC-MagdalenaEcop,25904.71,18321.5
2025-03-03,12,PT1H,MC-MagdalenaEcop,21210.72,33322.0
2025-03-03,13,PT1H,MC-MagdalenaEcop,21042.05,34161.5
2025-03-03,14,PT1H,MC-MagdalenaEcop,23287.05,30708.4
2025-03-03,16,PT1H,MC-MagdalenaEcop,26706.12,18725.7
2025-03-03,15,PT1H,MC-MagdalenaEcop,26641.25,23426.0
2025-03-03,11,PT1H,MC-MagdalenaEcop,21227.12,34257.4
2025-03-04,7,PT1H,MC-MagdalenaEcop,22688.06,25918.1
2025-03-04,8,PT1H,MC-MagdalenaEcop,21976.69,26734.8
2025-03-04,9,PT1H,MC-MagdalenaEcop,22738.44,27076.1
2025-03-04,10,PT1H,MC-MagdalenaEcop,22249.78,29150.2
2025-03-04,11,PT1H,MC-MagdalenaEcop,21716.58,30520.1
2025-03-04,15,PT1H,MC-MagdalenaEcop,23446.2,20434.2
2025-03-04,14,PT1H,MC-MagdalenaEcop,22065.95,28449.2
2025-03-04,16,PT1H,MC-MagdalenaEcop,25716.2,17621.2
2025-03-04,17,PT1H,MC-MagdalenaEcop,25555.01,16303.5
2025-03-04,19,PT1H,MC-MagdalenaEcop,25279.76,14873.9
2025-03-04,20,PT1H,MC-MagdalenaEcop,25318.32,14304.1
2025-03-04,21,PT1H,MC-MagdalenaEcop,25499.6,14329.8
2025-03-04,12,PT1H,MC-MagdalenaEcop,21148.7,31661.0
2025-03-04,18,PT1H,MC-MagdalenaEcop,25682.12,11551.1
2025-03-04,13,PT1H,MC-MagdalenaEcop,22487.5,33417.2
2025-03-04,6,PT1H,MC-MagdalenaEcop,25122.71,25995.6
2025-03-04,1,PT1H,MC-MagdalenaEcop,25201.43,22487.6
2025-03-04,2,PT1H,MC-MagdalenaEcop,24895.55,28473.3
2025-03-04,3,PT1H,MC-MagdalenaEcop,24900.15,24857.3
2025-03-04,5,PT1H,MC-MagdalenaEcop,24712.02,26013.3
2025-03-04,4,PT1H,MC-MagdalenaEcop,24732.97,25151.9
2025-03-04,24,PT1H,MC-MagdalenaEcop,26184.35,10606.0
2025-03-04,23,PT1H,MC-MagdalenaEcop,25648.14,13781.0
2025-03-04,22,PT1H,MC-MagdalenaEcop,25433.4,14499.7
2025-03-05,12,PT1H,MC-MagdalenaEcop,7283.52,31401.0
2025-03-05,11,PT1H,MC-MagdalenaEcop,20257.79,30189.5
2025-03-05,22,PT1H,MC-MagdalenaEcop,8323.97,12248.1
2025-03-05,23,PT1H,MC-MagdalenaEcop,7825.06,11164.2
2025-03-05,24,PT1H,MC-MagdalenaEcop,7175.46,21354.5
2025-03-05,10,PT1H,MC-MagdalenaEcop,20281.24,31182.1
2025-03-05,9,PT1H,MC-MagdalenaEcop,19959.06,28153.0
2025-03-05,5,PT1H,MC-MagdalenaEcop,25813.52,30504.8
2025-03-05,7,PT1H,MC-MagdalenaEcop,19752.7,30710.5
2025-03-05,6,PT1H,MC-MagdalenaEcop,23370.7,30782.5
2025-03-05,13,PT1H,MC-MagdalenaEcop,6696.5,31710.6
2025-03-05,4,PT1H,MC-MagdalenaEcop,24991.56,30953.5
2025-03-05,3,PT1H,MC-MagdalenaEcop,24809.52,30185.2
2025-03-05,2,PT1H,MC-MagdalenaEcop,25244.88,23401.8
2025-03-05,1,PT1H,MC-MagdalenaEcop,25863.96,8896.5
2025-03-05,8,PT1H,MC-MagdalenaEcop,20062.0,31182.3
2025-03-05,14,PT1H,MC-MagdalenaEcop,4917.02,27141.3
2025-03-05,15,PT1H,MC-MagdalenaEcop,4042.07,15356.6
2025-03-05,17,PT1H,MC-MagdalenaEcop,7132.32,12105.1
2025-03-05,18,PT1H,MC-MagdalenaEcop,7065.25,12924.5
2025-03-05,19,PT1H,MC-MagdalenaEcop,7661.76,12893.6
2025-03-05,20,PT1H,MC-MagdalenaEcop,7377.52,12537.2
2025-03-05,21,PT1H,MC-MagdalenaEcop,8506.72,14043.7
2025-03-05,16,PT1H,MC-MagdalenaEcop,5412.84,13188.0
2025-03-06,2,PT1H,MC-MagdalenaEcop,5855.93,19968.5
2025-03-06,4,PT1H,MC-MagdalenaEcop,5932.47,20631.1
2025-03-06,5,PT1H,MC-MagdalenaEcop,6089.42,20473.8
2025-03-06,6,PT1H,MC-MagdalenaEcop,8105.72,17950.0
2025-03-06,7,PT1H,MC-MagdalenaEcop,7887.4,16553.1
2025-03-06,1,PT1H,MC-MagdalenaEcop,7326.08,21016.2
2025-03-06,8,PT1H,MC-MagdalenaEcop,8385.63,21187.7
2025-03-06,9,PT1H,MC-MagdalenaEcop,8918.97,20856.0
2025-03-06,11,PT1H,MC-MagdalenaEcop,7797.5,19947.8
2025-03-06,12,PT1H,MC-MagdalenaEcop,8017.73,20585.1
2025-03-06,13,PT1H,MC-MagdalenaEcop,8110.39,24139.6
2025-03-06,14,PT1H,MC-MagdalenaEcop,7459.39,26202.7
2025-03-06,15,PT1H,MC-MagdalenaEcop,3669.13,26685.5
2025-03-06,16,PT1H,MC-MagdalenaEcop,3747.44,26184.0
2025-03-06,17,PT1H,MC-MagdalenaEcop,3476.46,24604.1
2025-03-06,18,PT1H,MC-MagdalenaEcop,2857.78,23590.5
2025-03-06,19,PT1H,MC-MagdalenaEcop,3193.43,24334.4
2025-03-06,20,PT1H,MC-MagdalenaEcop,2901.5,25447.9
2025-03-06,21,PT1H,MC-MagdalenaEcop,3698.9,24684.3
2025-03-06,22,PT1H,MC-MagdalenaEcop,3598.56,23154.9
2025-03-06,10,PT1H,MC-MagdalenaEcop,8200.46,21510.6
2025-03-06,3,PT1H,MC-MagdalenaEcop,7756.2,15808.7
2025-03-06,23,PT1H,MC-MagdalenaEcop,3162.95,21410.1
2025-03-06,24,PT1H,MC-MagdalenaEcop,3443.59,27283.6
2025-03-07,4,PT1H,MC-MagdalenaEcop,24814.88,21167.5
2025-03-07,5,PT1H,MC-MagdalenaEcop,24731.97,20532.4
2025-03-07,6,PT1H,MC-MagdalenaEcop,23208.14,20235.6
2025-03-07,24,PT1H,MC-MagdalenaEcop,21213.54,21062.3
2025-03-07,7,PT1H,MC-MagdalenaEcop,24027.46,19565.3
2025-03-07,23,PT1H,MC-MagdalenaEcop,18413.26,20915.4
2025-03-07,22,PT1H,MC-MagdalenaEcop,18754.63,21389.2
2025-03-07,21,PT1H,MC-MagdalenaEcop,18407.99,21749.9
2025-03-07,3,PT1H,MC-MagdalenaEcop,24522.91,22332.8
2025-03-07,20,PT1H,MC-MagdalenaEcop,18589.04,22144.4
2025-03-07,18,PT1H,MC-MagdalenaEcop,18788.04,24033.9
2025-03-07,17,PT1H,MC-MagdalenaEcop,18772.35,23819.3
2025-03-07,16,PT1H,MC-MagdalenaEcop,18826.29,23100.8
2025-03-07,8,PT1H,MC-MagdalenaEcop,19481.51,20555.5
2025-03-07,14,PT1H,MC-MagdalenaEcop,18947.14,24467.0
2025-03-07,13,PT1H,MC-MagdalenaEcop,18944.46,24280.0
2025-03-07,12,PT1H,MC-MagdalenaEcop,18409.69,24003.6
2025-03-07,11,PT1H,MC-MagdalenaEcop,18828.57,23715.2
2025-03-07,19,PT1H,MC-MagdalenaEcop,18734.04,22296.8
2025-03-07,10,PT1H,MC-MagdalenaEcop,19263.12,23167.8
2025-03-07,15,PT1H,MC-MagdalenaEcop,18857.67,24312.2
2025-03-07,2,PT1H,MC-MagdalenaEcop,24661.76,22074.7
2025-03-07,1,PT1H,MC-MagdalenaEcop,19875.62,21408.5
2025-03-07,9,PT1H,MC-MagdalenaEcop,19179.57,21879.9
2025-03-08,21,PT1H,MC-MagdalenaEcop,20210.4,22681.4
2025-03-08,6,PT1H,MC-MagdalenaEcop,21764.51,24961.1
2025-03-08,7,PT1H,MC-MagdalenaEcop,21283.12,24152.2
2025-03-08,8,PT1H,MC-MagdalenaEcop,21471.8,21284.2
2025-03-08,9,PT1H,MC-MagdalenaEcop,19853.17,20024.2
2025-03-08,10,PT1H,MC-MagdalenaEcop,20027.53,21219.5
2025-03-08,11,PT1H,MC-MagdalenaEcop,22807.38,21462.8
2025-03-08,12,PT1H,MC-MagdalenaEcop,19514.98,21587.0
2025-03-08,13,PT1H,MC-MagdalenaEcop,21368.08,22073.3
2025-03-08,23,PT1H,MC-MagdalenaEcop,24311.89,22010.7
2025-03-08,15,PT1H,MC-MagdalenaEcop,22498.73,20425.2
2025-03-08,16,PT1H,MC-MagdalenaEcop,21731.54,20413.2
2025-03-08,17,PT1H,MC-MagdalenaEcop,22061.82,21357.6
2025-03-08,18,PT1H,MC-MagdalenaEcop,22298.22,22058.0
2025-03-08,19,PT1H,MC-MagdalenaEcop,23903.88,22791.2
2025-03-08,20,PT1H,MC-MagdalenaEcop,23060.89,22523.0
2025-03-08,22,PT1H,MC-MagdalenaEcop,23657.3,22363.1
2025-03-08,14,PT1H,MC-MagdalenaEcop,22436.84,20920.9
2025-03-08,4,PT1H,MC-MagdalenaEcop,21807.33,23409.3
2025-03-08,24,PT1H,MC-MagdalenaEcop,23656.13,22265.7
2025-03-08,3,PT1H,MC-MagdalenaEcop,21155.63,23370.9
2025-03-08,2,PT1H,MC-MagdalenaEcop,20723.41,23798.7
2025-03-08,1,PT1H,MC-MagdalenaEcop,21182.27,23436.5
2025-03-08,5,PT1H,MC-MagdalenaEcop,21999.26,23620.4
2025-03-09,4,PT1H,MC-MagdalenaEcop,26653.86,43277.6
2025-03-09,5,PT1H,MC-MagdalenaEcop,26329.05,43171.4
2025-03-09,6,PT1H,MC-MagdalenaEcop,26654.82,41346.4
2025-03-09,7,PT1H,MC-MagdalenaEcop,26367.64,42293.6
2025-03-09,8,PT1H,MC-MagdalenaEcop,26104.86,22438.7
2025-03-09,9,PT1H,MC-MagdalenaEcop,26096.41,17614.2
2025-03-09,10,PT1H,MC-MagdalenaEcop,25643.9,16234.7
2025-03-09,11,PT1H,MC-MagdalenaEcop,25594.06,17498.5
2025-03-09,12,PT1H,MC-MagdalenaEcop,25762.32,17541.7
2025-03-09,13,PT1H,MC-MagdalenaEcop,25642.89,17592.0
2025-03-09,14,PT1H,MC-MagdalenaEcop,20736.68,17737.1
2025-03-09,16,PT1H,MC-MagdalenaEcop,19937.62,15367.5
2025-03-09,17,PT1H,MC-MagdalenaEcop,19922.86,11887.4
2025-03-09,18,PT1H,MC-MagdalenaEcop,19686.74,11501.9
2025-03-09,19,PT1H,MC-MagdalenaEcop,19623.52,9888.4
2025-03-09,20,PT1H,MC-MagdalenaEcop,19883.73,10010.8
2025-03-09,21,PT1H,MC-MagdalenaEcop,20282.49,8817.9
2025-03-09,22,PT1H,MC-MagdalenaEcop,19524.94,7890.9
2025-03-09,23,PT1H,MC-MagdalenaEcop,19577.3,8954.9
2025-03-09,24,PT1H,MC-MagdalenaEcop,19586.28,9029.7
2025-03-09,1,PT1H,MC-MagdalenaEcop,22971.28,38681.3
2025-03-09,2,PT1H,MC-MagdalenaEcop,24829.3,43555.8
2025-03-09,15,PT1H,MC-MagdalenaEcop,18643.46,18124.4
2025-03-09,3,PT1H,MC-MagdalenaEcop,26045.81,43753.1
2025-03-10,11,PT1H,MC-MagdalenaEcop,25809.0,19182.7
2025-03-10,23,PT1H,MC-MagdalenaEcop,23427.21,22892.5
2025-03-10,24,PT1H,MC-MagdalenaEcop,22534.99,22850.4
2025-03-10,2,PT1H,MC-MagdalenaEcop,19876.19,23861.4
2025-03-10,3,PT1H,MC-MagdalenaEcop,19877.79,23726.9
2025-03-10,4,PT1H,MC-MagdalenaEcop,19651.33,23407.6
2025-03-10,5,PT1H,MC-MagdalenaEcop,19739.36,23901.4
2025-03-10,6,PT1H,MC-MagdalenaEcop,19789.03,23395.1
2025-03-10,7,PT1H,MC-MagdalenaEcop,19776.99,19187.2
2025-03-10,8,PT1H,MC-MagdalenaEcop,20286.94,16024.3
2025-03-10,9,PT1H,MC-MagdalenaEcop,21345.78,16277.2
2025-03-10,10,PT1H,MC-MagdalenaEcop,24946.53,18486.3
2025-03-10,1,PT1H,MC-MagdalenaEcop,19979.44,24199.8
2025-03-10,22,PT1H,MC-MagdalenaEcop,24161.41,22802.4
2025-03-10,13,PT1H,MC-MagdalenaEcop,25437.11,19015.6
2025-03-10,14,PT1H,MC-MagdalenaEcop,24625.53,21043.3
2025-03-10,15,PT1H,MC-MagdalenaEcop,24460.34,24072.9
2025-03-10,16,PT1H,MC-MagdalenaEcop,24191.28,24131.5
2025-03-10,17,PT1H,MC-MagdalenaEcop,21595.54,24244.6
2025-03-10,18,PT1H,MC-MagdalenaEcop,22576.66,23891.0
2025-03-10,19,PT1H,MC-MagdalenaEcop,22582.07,23398.8
2025-03-10,20,PT1H,MC-MagdalenaEcop,24593.68,23008.1
2025-03-10,21,PT1H,MC-MagdalenaEcop,24740.41,23041.1
2025-03-10,12,PT1H,MC-MagdalenaEcop,25610.43,19167.9
2025-03-11,22,PT1H,MC-MagdalenaEcop,25448.15,23015.8
2025-03-11,13,PT1H,MC-MagdalenaEcop,20869.8,20351.1
2025-03-11,14,PT1H,MC-MagdalenaEcop,21164.95,19969.7
2025-03-11,15,PT1H,MC-MagdalenaEcop,21546.92,21218.2
2025-03-11,21,PT1H,MC-MagdalenaEcop,23618.26,23065.6
2025-03-11,17,PT1H,MC-MagdalenaEcop,22364.28,23125.8
2025-03-11,18,PT1H,MC-MagdalenaEcop,23053.72,23240.7
2025-03-11,19,PT1H,MC-MagdalenaEcop,23363.82,22866.8
2025-03-11,11,PT1H,MC-MagdalenaEcop,16783.71,19653.7
2025-03-11,16,PT1H,MC-MagdalenaEcop,22115.17,23271.6
2025-03-11,10,PT1H,MC-MagdalenaEcop,16431.2,20136.0
2025-03-11,4,PT1H,MC-MagdalenaEcop,21292.44,22382.2
2025-03-11,8,PT1H,MC-MagdalenaEcop,17259.19,19889.0
2025-03-11,7,PT1H,MC-MagdalenaEcop,17030.27,20532.5
2025-03-11,6,PT1H,MC-MagdalenaEcop,17542.6,22734.7
2025-03-11,5,PT1H,MC-MagdalenaEcop,20072.85,22363.2
2025-03-11,3,PT1H,MC-MagdalenaEcop,20804.2,22533.4
2025-03-11,2,PT1H,MC-MagdalenaEcop,22212.32,22529.3
2025-03-11,1,PT1H,MC-MagdalenaEcop,22136.17,22805.9
2025-03-11,23,PT1H,MC-MagdalenaEcop,25188.0,23210.0
2025-03-11,24,PT1H,MC-MagdalenaEcop,25252.62,23695.0
2025-03-11,9,PT1H,MC-MagdalenaEcop,17382.43,20578.0
2025-03-11,20,PT1H,MC-MagdalenaEcop,22484.63,22901.7
2025-03-11,12,PT1H,MC-MagdalenaEcop,19962.55,19140.0
2025-03-12,15,PT1H,MC-MagdalenaEcop,30254.37,31477.2
2025-03-12,21,PT1H,MC-MagdalenaEcop,34233.27,22958.8
2025-03-12,20,PT1H,MC-MagdalenaEcop,34244.19,33260.8
2025-03-12,19,PT1H,MC-MagdalenaEcop,33480.89,32776.8
2025-03-12,18,PT1H,MC-MagdalenaEcop,32892.85,32570.0
2025-03-12,17,PT1H,MC-MagdalenaEcop,31013.77,32398.3
2025-03-12,16,PT1H,MC-MagdalenaEcop,31084.29,32312.2
2025-03-12,14,PT1H,MC-MagdalenaEcop,30724.97,30941.4
2025-03-12,13,PT1H,MC-MagdalenaEcop,30013.93,28242.4
2025-03-12,12,PT1H,MC-MagdalenaEcop,28550.2,27943.3
2025-03-12,11,PT1H,MC-MagdalenaEcop,27973.87,21502.8
2025-03-12,10,PT1H,MC-MagdalenaEcop,27554.79,16058.1
2025-03-12,9,PT1H,MC-MagdalenaEcop,29868.5,13450.4
2025-03-12,8,PT1H,MC-MagdalenaEcop,26448.44,13910.3
2025-03-12,7,PT1H,MC-MagdalenaEcop,25389.34,13946.0
2025-03-12,6,PT1H,MC-MagdalenaEcop,25830.68,14346.4
2025-03-12,5,PT1H,MC-MagdalenaEcop,24835.84,13812.9
2025-03-12,4,PT1H,MC-MagdalenaEcop,24031.81,12573.4
2025-03-12,24,PT1H,MC-MagdalenaEcop,32955.42,21437.5
2025-03-12,1,PT1H,MC-MagdalenaEcop,25241.01,13944.2
2025-03-12,23,PT1H,MC-MagdalenaEcop,32972.65,18828.8
2025-03-12,2,PT1H,MC-MagdalenaEcop,25098.33,13428.0
2025-03-12,22,PT1H,MC-MagdalenaEcop,33561.93,20271.8
2025-03-12,3,PT1H,MC-MagdalenaEcop,24610.55,12818.0
2025-03-13,3,PT1H,MC-MagdalenaEcop,23836.07,28207.9
2025-03-13,2,PT1H,MC-MagdalenaEcop,24051.46,28670.4
2025-03-13,24,PT1H,MC-MagdalenaEcop,17148.02,22938.3
2025-03-13,22,PT1H,MC-MagdalenaEcop,16111.5,18457.7
2025-03-13,21,PT1H,MC-MagdalenaEcop,17962.7,21187.2
2025-03-13,20,PT1H,MC-MagdalenaEcop,19301.18,20370.0
2025-03-13,19,PT1H,MC-MagdalenaEcop,20787.27,18769.4
2025-03-13,18,PT1H,MC-MagdalenaEcop,18969.78,16203.9
2025-03-13,17,PT1H,MC-MagdalenaEcop,19251.84,16849.3
2025-03-13,4,PT1H,MC-MagdalenaEcop,24557.68,28291.7
2025-03-13,15,PT1H,MC-MagdalenaEcop,21005.56,17704.8
2025-03-13,14,PT1H,MC-MagdalenaEcop,20890.5,14505.6
2025-03-13,16,PT1H,MC-MagdalenaEcop,20245.24,18370.7
2025-03-13,12,PT1H,MC-MagdalenaEcop,20376.19,14195.5
2025-03-13,1,PT1H,MC-MagdalenaEcop,30804.84,28304.5
2025-03-13,13,PT1H,MC-MagdalenaEcop,21105.17,14685.6
2025-03-13,6,PT1H,MC-MagdalenaEcop,24187.15,28310.6
2025-03-13,7,PT1H,MC-MagdalenaEcop,22924.93,27020.2
2025-03-13,5,PT1H,MC-MagdalenaEcop,23388.86,28741.4
2025-03-13,9,PT1H,MC-MagdalenaEcop,20753.7,26915.6
2025-03-13,10,PT1H,MC-MagdalenaEcop,20493.46,25854.7
2025-03-13,11,PT1H,MC-MagdalenaEcop,20483.39,13995.3
2025-03-13,23,PT1H,MC-MagdalenaEcop,16116.97,19787.5
2025-03-13,8,PT1H,MC-MagdalenaEcop,20576.24,26872.1
2025-03-14,8,PT1H,MC-MagdalenaEcop,23060.46,13372.9
2025-03-14,24,PT1H,MC-MagdalenaEcop,19205.19,31880.9
2025-03-14,3,PT1H,MC-MagdalenaEcop,16533.29,17241.9
2025-03-14,4,PT1H,MC-MagdalenaEcop,17412.37,15999.6
2025-03-14,5,PT1H,MC-MagdalenaEcop,19668.55,15559.5
2025-03-14,6,PT1H,MC-MagdalenaEcop,23315.33,14102.8
2025-03-14,7,PT1H,MC-MagdalenaEcop,22268.79,13955.7
2025-03-14,9,PT1H,MC-MagdalenaEcop,21123.05,12247.4
2025-03-14,2,PT1H,MC-MagdalenaEcop,16600.23,17354.8
2025-03-14,11,PT1H,MC-MagdalenaEcop,20440.52,13849.1
2025-03-14,12,PT1H,MC-MagdalenaEcop,20502.41,14413.8
2025-03-14,13,PT1H,MC-MagdalenaEcop,23298.86,18712.2
2025-03-14,14,PT1H,MC-MagdalenaEcop,22529.95,24774.6
2025-03-14,15,PT1H,MC-MagdalenaEcop,20963.08,24085.6
2025-03-14,16,PT1H,MC-MagdalenaEcop,21973.46,26158.0
2025-03-14,17,PT1H,MC-MagdalenaEcop,19198.08,28242.8
2025-03-14,18,PT1H,MC-MagdalenaEcop,19539.35,28626.8
2025-03-14,19,PT1H,MC-MagdalenaEcop,19886.95,29594.8
2025-03-14,20,PT1H,MC-MagdalenaEcop,19434.26,32409.8
2025-03-14,21,PT1H,MC-MagdalenaEcop,18324.14,34828.9
2025-03-14,10,PT1H,MC-MagdalenaEcop,21578.97,12876.5
2025-03-14,22,PT1H,MC-MagdalenaEcop,16795.53,34478.9
2025-03-14,23,PT1H,MC-MagdalenaEcop,19258.24,34175.8
2025-03-14,1,PT1H,MC-MagdalenaEcop,17139.86,16266.9
2025-03-15,22,PT1H,MC-MagdalenaEcop,17318.54,23018.5
2025-03-15,21,PT1H,MC-MagdalenaEcop,17171.22,23340.6
2025-03-15,24,PT1H,MC-MagdalenaEcop,17680.15,25289.7
2025-03-15,23,PT1H,MC-MagdalenaEcop,17861.22,25137.7
2025-03-15,1,PT1H,MC-MagdalenaEcop,19490.68,25651.8
2025-03-15,2,PT1H,MC-MagdalenaEcop,19624.91,21887.2
2025-03-15,3,PT1H,MC-MagdalenaEcop,19567.89,22298.2
2025-03-15,4,PT1H,MC-MagdalenaEcop,19826.42,22417.8
2025-03-15,5,PT1H,MC-MagdalenaEcop,21203.48,22921.2
2025-03-15,6,PT1H,MC-MagdalenaEcop,20911.75,20584.0
2025-03-15,7,PT1H,MC-MagdalenaEcop,21013.64,20875.7
2025-03-15,20,PT1H,MC-MagdalenaEcop,17299.98,22154.2
2025-03-15,9,PT1H,MC-MagdalenaEcop,22772.96,18207.4
2025-03-15,8,PT1H,MC-MagdalenaEcop,21262.1,20177.1
2025-03-15,17,PT1H,MC-MagdalenaEcop,16772.9,23742.5
2025-03-15,16,PT1H,MC-MagdalenaEcop,20747.99,22876.4
2025-03-15,19,PT1H,MC-MagdalenaEcop,16939.38,22811.6
2025-03-15,15,PT1H,MC-MagdalenaEcop,22372.32,20880.5
2025-03-15,18,PT1H,MC-MagdalenaEcop,17151.35,23634.0
2025-03-15,13,PT1H,MC-MagdalenaEcop,24386.05,20086.4
2025-03-15,12,PT1H,MC-MagdalenaEcop,25108.5,19969.1
2025-03-15,11,PT1H,MC-MagdalenaEcop,23394.99,19001.8
2025-03-15,10,PT1H,MC-MagdalenaEcop,22452.68,17689.9
2025-03-15,14,PT1H,MC-MagdalenaEcop,23262.19,20556.7
2025-03-16,24,PT1H,MC-MagdalenaEcop,19504.99,22948.9
2025-03-16,13,PT1H,MC-MagdalenaEcop,18959.41,22054.3
2025-03-16,22,PT1H,MC-MagdalenaEcop,17944.68,23529.1
2025-03-16,21,PT1H,MC-MagdalenaEcop,17941.79,23138.2
2025-03-16,20,PT1H,MC-MagdalenaEcop,17895.12,22997.0
2025-03-16,19,PT1H,MC-MagdalenaEcop,18358.9,21460.2
2025-03-16,17,PT1H,MC-MagdalenaEcop,21441.66,18492.0
2025-03-16,16,PT1H,MC-MagdalenaEcop,20462.88,18461.1
2025-03-16,15,PT1H,MC-MagdalenaEcop,18606.8,18600.6
2025-03-16,14,PT1H,MC-MagdalenaEcop,16363.08,21351.6
2025-03-16,23,PT1H,MC-MagdalenaEcop,18169.96,23281.0
2025-03-16,18,PT1H,MC-MagdalenaEcop,21415.04,18922.5
2025-03-16,10,PT1H,MC-MagdalenaEcop,19286.23,22939.6
2025-03-16,1,PT1H,MC-MagdalenaEcop,18226.38,21056.8
2025-03-16,12,PT1H,MC-MagdalenaEcop,21466.9,23018.6
2025-03-16,2,PT1H,MC-MagdalenaEcop,17975.13,20871.1
2025-03-16,3,PT1H,MC-MagdalenaEcop,17628.39,22038.7
2025-03-16,4,PT1H,MC-MagdalenaEcop,17860.13,22849.5
2025-03-16,11,PT1H,MC-MagdalenaEcop,21138.26,21105.1
2025-03-16,5,PT1H,MC-MagdalenaEcop,17719.92,23142.3
2025-03-16,6,PT1H,MC-MagdalenaEcop,15326.81,23401.7
2025-03-16,7,PT1H,MC-MagdalenaEcop,16421.02,23141.5
2025-03-16,9,PT1H,MC-MagdalenaEcop,19982.56,22821.6
2025-03-16,8,PT1H,MC-MagdalenaEcop,18897.96,23587.1
2025-03-17,22,PT1H,MC-MagdalenaEcop,23503.93,22976.1
2025-03-17,23,PT1H,MC-MagdalenaEcop,24972.07,23066.8
2025-03-17,24,PT1H,MC-MagdalenaEcop,25661.46,23024.4
2025-03-17,19,PT1H,MC-MagdalenaEcop,25086.69,23577.0
2025-03-17,18,PT1H,MC-MagdalenaEcop,24917.89,24073.0
2025-03-17,17,PT1H,MC-MagdalenaEcop,25146.98,24429.2
2025-03-17,16,PT1H,MC-MagdalenaEcop,24685.78,24315.3
2025-03-17,15,PT1H,MC-MagdalenaEcop,24568.12,24256.2
2025-03-17,14,PT1H,MC-MagdalenaEcop,24034.41,21203.6
2025-03-17,13,PT1H,MC-MagdalenaEcop,21648.11,19160.4
2025-03-17,11,PT1H,MC-MagdalenaEcop,19951.28,19328.8
2025-03-17,21,PT1H,MC-MagdalenaEcop,23416.94,23216.7
2025-03-17,10,PT1H,MC-MagdalenaEcop,19846.57,18627.1
2025-03-17,9,PT1H,MC-MagdalenaEcop,20518.87,16401.1
2025-03-17,7,PT1H,MC-MagdalenaEcop,20456.26,19333.3
2025-03-17,6,PT1H,MC-MagdalenaEcop,19931.66,23573.2
2025-03-17,5,PT1H,MC-MagdalenaEcop,22555.93,24083.4
2025-03-17,4,PT1H,MC-MagdalenaEcop,20844.88,23585.9
2025-03-17,3,PT1H,MC-MagdalenaEcop,21420.83,23907.6
2025-03-17,2,PT1H,MC-MagdalenaEcop,20863.84,24043.1
2025-03-17,1,PT1H,MC-MagdalenaEcop,20765.64,24384.1
2025-03-17,12,PT1H,MC-MagdalenaEcop,19936.29,19313.9
2025-03-17,8,PT1H,MC-MagdalenaEcop,20321.83,16146.3
2025-03-17,20,PT1H,MC-MagdalenaEcop,24834.85,23183.4
2025-03-18,17,PT1H,MC-MagdalenaEcop,23983.95,23301.9
2025-03-18,23,PT1H,MC-MagdalenaEcop,24891.76,23386.8
2025-03-18,21,PT1H,MC-MagdalenaEcop,24819.66,23241.4
2025-03-18,20,PT1H,MC-MagdalenaEcop,24963.48,23076.2
2025-03-18,24,PT1H,MC-MagdalenaEcop,24784.68,23875.5
2025-03-18,16,PT1H,MC-MagdalenaEcop,22675.6,23448.8
2025-03-18,15,PT1H,MC-MagdalenaEcop,22463.66,21379.8
2025-03-18,14,PT1H,MC-MagdalenaEcop,22607.67,20121.8
2025-03-18,13,PT1H,MC-MagdalenaEcop,22291.36,20506.0
2025-03-18,12,PT1H,MC-MagdalenaEcop,21370.89,19285.8
2025-03-18,11,PT1H,MC-MagdalenaEcop,22859.87,19803.4
2025-03-18,22,PT1H,MC-MagdalenaEcop,24561.95,23191.0
2025-03-18,10,PT1H,MC-MagdalenaEcop,22905.58,20289.4
2025-03-18,8,PT1H,MC-MagdalenaEcop,24678.99,20040.5
2025-03-18,7,PT1H,MC-MagdalenaEcop,23688.34,20688.8
2025-03-18,6,PT1H,MC-MagdalenaEcop,21981.31,22907.9
2025-03-18,5,PT1H,MC-MagdalenaEcop,23726.78,22533.5
2025-03-18,4,PT1H,MC-MagdalenaEcop,24375.22,22552.6
2025-03-18,3,PT1H,MC-MagdalenaEcop,24317.69,22705.0
2025-03-18,2,PT1H,MC-MagdalenaEcop,24412.8,22700.8
2025-03-18,1,PT1H,MC-MagdalenaEcop,26233.54,22979.6
2025-03-18,19,PT1H,MC-MagdalenaEcop,24268.85,23041.0
2025-03-18,9,PT1H,MC-MagdalenaEcop,23217.9,20734.7
2025-03-18,18,PT1H,MC-MagdalenaEcop,23945.02,23417.7
2025-03-19,1,PT1H,MC-MagdalenaEcop,24857.15,18432.6
2025-03-19,4,PT1H,MC-MagdalenaEcop,24765.24,17550.1
2025-03-19,5,PT1H,MC-MagdalenaEcop,24325.55,18136.9
2025-03-19,23,PT1H,MC-MagdalenaEcop,23490.03,24075.7
2025-03-19,22,PT1H,MC-MagdalenaEcop,24520.2,24505.8
2025-03-19,24,PT1H,MC-MagdalenaEcop,22779.59,24063.1
2025-03-19,21,PT1H,MC-MagdalenaEcop,24590.59,24985.8
2025-03-19,20,PT1H,MC-MagdalenaEcop,22078.66,24993.8
2025-03-19,19,PT1H,MC-MagdalenaEcop,18813.33,24436.7
2025-03-19,18,PT1H,MC-MagdalenaEcop,19012.29,24017.5
2025-03-19,17,PT1H,MC-MagdalenaEcop,19451.89,22646.0
2025-03-19,3,PT1H,MC-MagdalenaEcop,24109.24,17972.5
2025-03-19,16,PT1H,MC-MagdalenaEcop,18183.83,22697.5
2025-03-19,14,PT1H,MC-MagdalenaEcop,16256.25,22435.2
2025-03-19,13,PT1H,MC-MagdalenaEcop,18124.25,21916.2
2025-03-19,12,PT1H,MC-MagdalenaEcop,20294.04,20847.9
2025-03-19,11,PT1H,MC-MagdalenaEcop,20513.82,20427.3
2025-03-19,10,PT1H,MC-MagdalenaEcop,20548.1,20121.4
2025-03-19,9,PT1H,MC-MagdalenaEcop,19563.2,21810.1
2025-03-19,8,PT1H,MC-MagdalenaEcop,22250.52,19313.9
2025-03-19,7,PT1H,MC-MagdalenaEcop,23638.29,18540.9
2025-03-19,6,PT1H,MC-MagdalenaEcop,23473.61,18863.0
2025-03-19,15,PT1H,MC-MagdalenaEcop,18543.81,22091.7
2025-03-19,2,PT1H,MC-MagdalenaEcop,25330.18,18328.5
2025-03-20,24,PT1H,MC-MagdalenaEcop,24899.26,12656.3
2025-03-20,1,PT1H,MC-MagdalenaEcop,22968.47,26961.8
2025-03-20,2,PT1H,MC-MagdalenaEcop,22942.08,21495.9
2025-03-20,3,PT1H,MC-MagdalenaEcop,24628.85,28527.5
2025-03-20,23,PT1H,MC-MagdalenaEcop,25397.66,11634.3
2025-03-20,22,PT1H,MC-MagdalenaEcop,25968.75,13234.8
2025-03-20,21,PT1H,MC-MagdalenaEcop,25251.8,13575.6
2025-03-20,20,PT1H,MC-MagdalenaEcop,24961.37,10667.7
2025-03-20,19,PT1H,MC-MagdalenaEcop,25568.87,11743.9
2025-03-20,18,PT1H,MC-MagdalenaEcop,24948.45,10508.2
2025-03-20,16,PT1H,MC-MagdalenaEcop,20084.77,13789.1
2025-03-20,15,PT1H,MC-MagdalenaEcop,21097.61,13482.3
2025-03-20,14,PT1H,MC-MagdalenaEcop,21231.92,27459.6
2025-03-20,13,PT1H,MC-MagdalenaEcop,18460.3,29832.3
2025-03-20,17,PT1H,MC-MagdalenaEcop,22339.71,12789.7
2025-03-20,11,PT1H,MC-MagdalenaEcop,18050.14,28673.0
2025-03-20,10,PT1H,MC-MagdalenaEcop,18696.55,30149.4
2025-03-20,9,PT1H,MC-MagdalenaEcop,21956.86,32763.5
2025-03-20,8,PT1H,MC-MagdalenaEcop,23593.63,30820.8
2025-03-20,7,PT1H,MC-MagdalenaEcop,23411.22,29015.8
2025-03-20,6,PT1H,MC-MagdalenaEcop,23176.46,29789.6
2025-03-20,12,PT1H,MC-MagdalenaEcop,18073.87,29456.9
2025-03-20,5,PT1H,MC-MagdalenaEcop,22897.77,22360.2
2025-03-20,4,PT1H,MC-MagdalenaEcop,23972.57,21821.9
2025-03-21,7,PT1H,MC-MagdalenaEcop,23135.25,25255.3
2025-03-21,8,PT1H,MC-MagdalenaEcop,22941.1,20478.9
2025-03-21,9,PT1H,MC-MagdalenaEcop,23541.91,20161.7
2025-03-21,10,PT1H,MC-MagdalenaEcop,21499.91,20249.4
2025-03-21,12,PT1H,MC-MagdalenaEcop,22087.9,19352.8
2025-03-21,11,PT1H,MC-MagdalenaEcop,21692.37,19792.9
2025-03-21,16,PT1H,MC-MagdalenaEcop,21396.06,19790.5
2025-03-21,15,PT1H,MC-MagdalenaEcop,21667.45,19823.4
2025-03-21,6,PT1H,MC-MagdalenaEcop,22980.0,24394.4
2025-03-21,14,PT1H,MC-MagdalenaEcop,21582.27,19917.4
2025-03-21,5,PT1H,MC-MagdalenaEcop,23081.52,25995.5
2025-03-21,13,PT1H,MC-MagdalenaEcop,21969.96,19914.6
2025-03-21,3,PT1H,MC-MagdalenaEcop,23856.55,25775.8
2025-03-21,2,PT1H,MC-MagdalenaEcop,23103.58,25921.7
2025-03-21,1,PT1H,MC-MagdalenaEcop,22540.65,20893.0
2025-03-21,24,PT1H,MC-MagdalenaEcop,17664.41,22298.7
2025-03-21,21,PT1H,MC-MagdalenaEcop,16745.52,19341.0
2025-03-21,20,PT1H,MC-MagdalenaEcop,17428.96,19531.2
2025-03-21,19,PT1H,MC-MagdalenaEcop,19008.36,19683.5
2025-03-21,23,PT1H,MC-MagdalenaEcop,16670.91,19356.5
2025-03-21,17,PT1H,MC-MagdalenaEcop,19051.98,19733.8
2025-03-21,18,PT1H,MC-MagdalenaEcop,18955.09,19750.3
2025-03-21,22,PT1H,MC-MagdalenaEcop,16354.14,19715.2
2025-03-21,4,PT1H,MC-MagdalenaEcop,23730.38,26082.6
2025-03-22,24,PT1H,MC-MagdalenaEcop,19929.73,23134.8
2025-03-22,2,PT1H,MC-MagdalenaEcop,18514.3,20268.0
2025-03-22,17,PT1H,MC-MagdalenaEcop,19324.54,21576.3
2025-03-22,22,PT1H,MC-MagdalenaEcop,19406.76,23136.0
2025-03-22,21,PT1H,MC-MagdalenaEcop,19255.69,19756.5
2025-03-22,20,PT1H,MC-MagdalenaEcop,19455.56,22543.0
2025-03-22,19,PT1H,MC-MagdalenaEcop,19489.88,23367.0
2025-03-22,18,PT1H,MC-MagdalenaEcop,19626.96,21807.4
2025-03-22,16,PT1H,MC-MagdalenaEcop,18508.52,21253.5
2025-03-22,15,PT1H,MC-MagdalenaEcop,18463.61,22003.4
2025-03-22,1,PT1H,MC-MagdalenaEcop,18593.51,20716.5
2025-03-22,13,PT1H,MC-MagdalenaEcop,20295.88,20898.2
2025-03-22,14,PT1H,MC-MagdalenaEcop,18582.98,21942.9
2025-03-22,11,PT1H,MC-MagdalenaEcop,19637.66,22305.2
2025-03-22,10,PT1H,MC-MagdalenaEcop,20017.23,19587.7
2025-03-22,9,PT1H,MC-MagdalenaEcop,18129.07,19417.3
2025-03-22,8,PT1H,MC-MagdalenaEcop,18940.9,20999.6
2025-03-22,7,PT1H,MC-MagdalenaEcop,19274.52,20815.1
2025-03-22,6,PT1H,MC-MagdalenaEcop,19464.76,21285.7
2025-03-22,5,PT1H,MC-MagdalenaEcop,18961.22,21515.2
2025-03-22,4,PT1H,MC-MagdalenaEcop,18684.27,21327.6
2025-03-22,3,PT1H,MC-MagdalenaEcop,18613.16,20690.5
2025-03-22,12,PT1H,MC-MagdalenaEcop,20060.45,19086.7
2025-03-22,23,PT1H,MC-MagdalenaEcop,20043.53,23775.9
2025-03-23,6,PT1H,MC-MagdalenaEcop,22387.56,24777.0
2025-03-23,5,PT1H,MC-MagdalenaEcop,24411.55,24474.3
2025-03-23,4,PT1H,MC-MagdalenaEcop,25238.92,24776.1
2025-03-23,1,PT1H,MC-MagdalenaEcop,24127.53,21354.4
2025-03-23,23,PT1H,MC-MagdalenaEcop,21681.12,18200.8
2025-03-23,22,PT1H,MC-MagdalenaEcop,23475.61,18152.1
2025-03-23,2,PT1H,MC-MagdalenaEcop,25520.88,23080.8
2025-03-23,7,PT1H,MC-MagdalenaEcop,22463.48,24510.2
2025-03-23,24,PT1H,MC-MagdalenaEcop,23380.07,18209.1
2025-03-23,8,PT1H,MC-MagdalenaEcop,21400.54,24266.0
2025-03-23,18,PT1H,MC-MagdalenaEcop,23928.75,18302.5
2025-03-23,10,PT1H,MC-MagdalenaEcop,21510.41,23837.7
2025-03-23,11,PT1H,MC-MagdalenaEcop,24080.43,23791.4
2025-03-23,12,PT1H,MC-MagdalenaEcop,23939.24,23947.7
2025-03-23,13,PT1H,MC-MagdalenaEcop,21924.43,23836.8
2025-03-23,14,PT1H,MC-MagdalenaEcop,22729.92,19278.0
2025-03-23,15,PT1H,MC-MagdalenaEcop,22999.7,17333.1
2025-03-23,16,PT1H,MC-MagdalenaEcop,21374.81,18535.6
2025-03-23,17,PT1H,MC-MagdalenaEcop,23499.87,18521.9
2025-03-23,19,PT1H,MC-MagdalenaEcop,23695.39,18233.7
2025-03-23,20,PT1H,MC-MagdalenaEcop,23941.48,18475.5
2025-03-23,21,PT1H,MC-MagdalenaEcop,23435.94,18846.0
2025-03-23,9,PT1H,MC-MagdalenaEcop,23935.65,24258.2
2025-03-23,3,PT1H,MC-MagdalenaEcop,25738.85,24211.1
2025-03-24,1,PT1H,MC-MagdalenaEcop,21157.29,18823.2
2025-03-24,2,PT1H,MC-MagdalenaEcop,18702.34,18726.0
2025-03-24,22,PT1H,MC-MagdalenaEcop,30777.39,22761.1
2025-03-24,12,PT1H,MC-MagdalenaEcop,25108.97,24125.5
2025-03-24,3,PT1H,MC-MagdalenaEcop,18886.43,18727.5
2025-03-24,4,PT1H,MC-MagdalenaEcop,18762.3,18514.3
2025-03-24,5,PT1H,MC-MagdalenaEcop,18477.46,18597.1
2025-03-24,6,PT1H,MC-MagdalenaEcop,18458.46,18643.9
2025-03-24,7,PT1H,MC-MagdalenaEcop,18534.54,18632.6
2025-03-24,8,PT1H,MC-MagdalenaEcop,18307.36,19112.8
2025-03-24,9,PT1H,MC-MagdalenaEcop,18558.08,20109.8
2025-03-24,10,PT1H,MC-MagdalenaEcop,18262.92,23500.4
2025-03-24,11,PT1H,MC-MagdalenaEcop,18563.1,24312.5
2025-03-24,24,PT1H,MC-MagdalenaEcop,29184.94,21229.6
2025-03-24,13,PT1H,MC-MagdalenaEcop,30967.23,23962.3
2025-03-24,14,PT1H,MC-MagdalenaEcop,30357.9,23198.1
2025-03-24,15,PT1H,MC-MagdalenaEcop,28933.54,23042.5
2025-03-24,16,PT1H,MC-MagdalenaEcop,29311.86,22789.2
2025-03-24,17,PT1H,MC-MagdalenaEcop,29358.05,20345.0
2025-03-24,18,PT1H,MC-MagdalenaEcop,29454.47,21268.8
2025-03-24,19,PT1H,MC-MagdalenaEcop,31053.03,21263.9
2025-03-24,20,PT1H,MC-MagdalenaEcop,31656.14,23158.1
2025-03-24,21,PT1H,MC-MagdalenaEcop,31324.64,23296.3
2025-03-24,23,PT1H,MC-MagdalenaEcop,30304.28,22069.7
2025-03-25,10,PT1H,MC-MagdalenaEcop,18686.72,16591.4
2025-03-25,1,PT1H,MC-MagdalenaEcop,28423.31,22348.5
2025-03-25,2,PT1H,MC-MagdalenaEcop,18865.32,22425.4
2025-03-25,11,PT1H,MC-MagdalenaEcop,19072.8,16947.1
2025-03-25,12,PT1H,MC-MagdalenaEcop,32742.07,20155.0
2025-03-25,13,PT1H,MC-MagdalenaEcop,34849.32,21070.6
2025-03-25,14,PT1H,MC-MagdalenaEcop,36978.24,21368.4
2025-03-25,15,PT1H,MC-MagdalenaEcop,36227.41,21753.9
2025-03-25,16,PT1H,MC-MagdalenaEcop,37297.22,22327.3
2025-03-25,17,PT1H,MC-MagdalenaEcop,36194.01,22578.7
2025-03-25,24,PT1H,MC-MagdalenaEcop,34750.99,25493.5
2025-03-25,18,PT1H,MC-MagdalenaEcop,34370.55,23274.5
2025-03-25,19,PT1H,MC-MagdalenaEcop,36584.08,23577.4
2025-03-25,20,PT1H,MC-MagdalenaEcop,35747.65,22690.2
2025-03-25,21,PT1H,MC-MagdalenaEcop,34272.64,23834.2
2025-03-25,22,PT1H,MC-MagdalenaEcop,33586.55,25690.8
2025-03-25,23,PT1H,MC-MagdalenaEcop,34690.48,25428.2
2025-03-25,8,PT1H,MC-MagdalenaEcop,23386.8,17427.0
2025-03-25,6,PT1H,MC-MagdalenaEcop,23551.66,17713.0
2025-03-25,5,PT1H,MC-MagdalenaEcop,21995.46,20266.3
2025-03-25,4,PT1H,MC-MagdalenaEcop,20400.28,21497.1
2025-03-25,3,PT1H,MC-MagdalenaEcop,18731.98,21004.4
2025-03-25,9,PT1H,MC-MagdalenaEcop,23268.35,17551.3
2025-03-25,7,PT1H,MC-MagdalenaEcop,23323.87,17195.9
2025-03-26,1,PT1H,MC-MagdalenaEcop,37545.97,29005.3
2025-03-26,23,PT1H,MC-MagdalenaEcop,19645.01,27410.5
2025-03-26,7,PT1H,MC-MagdalenaEcop,40576.62,27583.5
2025-03-26,8,PT1H,MC-MagdalenaEcop,39412.06,25964.7
2025-03-26,9,PT1H,MC-MagdalenaEcop,39990.29,22830.0
2025-03-26,10,PT1H,MC-MagdalenaEcop,41320.54,23978.9
2025-03-26,11,PT1H,MC-MagdalenaEcop,38287.4,23938.9
2025-03-26,12,PT1H,MC-MagdalenaEcop,31367.28,23682.5
2025-03-26,13,PT1H,MC-MagdalenaEcop,25641.78,21151.5
2025-03-26,6,PT1H,MC-MagdalenaEcop,39099.69,27391.4
2025-03-26,14,PT1H,MC-MagdalenaEcop,24478.84,18972.5
2025-03-26,16,PT1H,MC-MagdalenaEcop,22694.3,21221.0
2025-03-26,18,PT1H,MC-MagdalenaEcop,21617.61,22187.4
2025-03-26,19,PT1H,MC-MagdalenaEcop,21269.18,21945.3
2025-03-26,20,PT1H,MC-MagdalenaEcop,20010.69,25754.2
2025-03-26,21,PT1H,MC-MagdalenaEcop,20083.0,28684.3
2025-03-26,22,PT1H,MC-MagdalenaEcop,19922.67,28612.2
2025-03-26,24,PT1H,MC-MagdalenaEcop,21499.94,26581.8
2025-03-26,15,PT1H,MC-MagdalenaEcop,21911.58,21640.9
2025-03-26,5,PT1H,MC-MagdalenaEcop,35030.32,28385.2
2025-03-26,17,PT1H,MC-MagdalenaEcop,22556.83,22700.2
2025-03-26,3,PT1H,MC-MagdalenaEcop,38295.99,28132.8
2025-03-26,2,PT1H,MC-MagdalenaEcop,37797.78,29557.0
2025-03-26,4,PT1H,MC-MagdalenaEcop,35007.46,28898.0
2025-03-27,22,PT1H,MC-MagdalenaEcop,33998.15,19330.7
2025-03-27,21,PT1H,MC-MagdalenaEcop,34866.93,21548.8
2025-03-27,20,PT1H,MC-MagdalenaEcop,35394.77,23150.2
2025-03-27,19,PT1H,MC-MagdalenaEcop,36010.15,24927.6
2025-03-27,18,PT1H,MC-MagdalenaEcop,33380.28,22744.6
2025-03-27,17,PT1H,MC-MagdalenaEcop,33421.0,23099.8
2025-03-27,16,PT1H,MC-MagdalenaEcop,35423.29,24291.5
2025-03-27,24,PT1H,MC-MagdalenaEcop,32689.81,20565.1
2025-03-27,1,PT1H,MC-MagdalenaEcop,21606.37,36987.3
2025-03-27,23,PT1H,MC-MagdalenaEcop,33644.1,19333.7
2025-03-27,3,PT1H,MC-MagdalenaEcop,24252.97,28593.5
2025-03-27,2,PT1H,MC-MagdalenaEcop,20932.22,28845.2
2025-03-27,5,PT1H,MC-MagdalenaEcop,33430.58,28066.8
2025-03-27,6,PT1H,MC-MagdalenaEcop,33476.6,29005.0
2025-03-27,15,PT1H,MC-MagdalenaEcop,37998.68,25199.8
2025-03-27,7,PT1H,MC-MagdalenaEcop,33225.46,27501.6
2025-03-27,14,PT1H,MC-MagdalenaEcop,38800.06,25060.2
2025-03-27,13,PT1H,MC-MagdalenaEcop,37083.52,25315.2
2025-03-27,8,PT1H,MC-MagdalenaEcop,33480.54,24692.8
2025-03-27,12,PT1H,MC-MagdalenaEcop,37211.16,24445.0
2025-03-27,11,PT1H,MC-MagdalenaEcop,38065.25,24569.5
2025-03-27,4,PT1H,MC-MagdalenaEcop,32972.16,29455.7
2025-03-27,9,PT1H,MC-MagdalenaEcop,32274.27,24896.9
2025-03-27,10,PT1H,MC-MagdalenaEcop,36337.74,24583.3
2025-03-28,10,PT1H,MC-MagdalenaEcop,24252.69,27250.6
2025-03-28,12,PT1H,MC-MagdalenaEcop,29414.12,25891.5
2025-03-28,13,PT1H,MC-MagdalenaEcop,32626.33,29421.7
2025-03-28,14,PT1H,MC-MagdalenaEcop,33019.04,28451.0
2025-03-28,15,PT1H,MC-MagdalenaEcop,33452.1,26473.1
2025-03-28,11,PT1H,MC-MagdalenaEcop,26018.27,25813.4
2025-03-28,9,PT1H,MC-MagdalenaEcop,22573.59,26675.0
2025-03-28,3,PT1H,MC-MagdalenaEcop,22022.59,20881.1
2025-03-28,7,PT1H,MC-MagdalenaEcop,26731.16,28121.4
2025-03-28,6,PT1H,MC-MagdalenaEcop,28048.53,29442.5
2025-03-28,5,PT1H,MC-MagdalenaEcop,23193.98,24838.9
2025-03-28,4,PT1H,MC-MagdalenaEcop,20454.96,21990.8
2025-03-28,2,PT1H,MC-MagdalenaEcop,28098.67,20965.6
2025-03-28,1,PT1H,MC-MagdalenaEcop,31337.39,21646.8
2025-03-28,16,PT1H,MC-MagdalenaEcop,33130.01,27748.6
2025-03-28,8,PT1H,MC-MagdalenaEcop,25581.17,29120.7
2025-03-28,17,PT1H,MC-MagdalenaEcop,32766.56,24245.0
2025-03-28,23,PT1H,MC-MagdalenaEcop,28212.37,24320.9
2025-03-28,22,PT1H,MC-MagdalenaEcop,33053.17,21212.1
2025-03-28,21,PT1H,MC-MagdalenaEcop,33145.25,23131.8
2025-03-28,24,PT1H,MC-MagdalenaEcop,27542.3,24254.0
2025-03-28,20,PT1H,MC-MagdalenaEcop,33881.62,24533.1
2025-03-28,19,PT1H,MC-MagdalenaEcop,34095.93,25104.6
2025-03-28,18,PT1H,MC-MagdalenaEcop,33372.31,24675.8
2025-03-29,12,PT1H,MC-MagdalenaEcop,25435.47,26380.5
2025-03-29,1,PT1H,MC-MagdalenaEcop,28989.9,20480.3
2025-03-29,2,PT1H,MC-MagdalenaEcop,31463.96,20621.3
2025-03-29,13,PT1H,MC-MagdalenaEcop,25454.42,25621.7
2025-03-29,4,PT1H,MC-MagdalenaEcop,30091.24,20832.9
2025-03-29,5,PT1H,MC-MagdalenaEcop,30369.17,22279.2
2025-03-29,6,PT1H,MC-MagdalenaEcop,30432.82,21972.8
2025-03-29,7,PT1H,MC-MagdalenaEcop,29619.96,22079.8
2025-03-29,8,PT1H,MC-MagdalenaEcop,29540.0,22340.8
2025-03-29,3,PT1H,MC-MagdalenaEcop,29863.51,20561.4
2025-03-29,23,PT1H,MC-MagdalenaEcop,23074.96,18769.0
2025-03-29,11,PT1H,MC-MagdalenaEcop,26798.54,24580.9
2025-03-29,10,PT1H,MC-MagdalenaEcop,29054.34,23591.2
2025-03-29,24,PT1H,MC-MagdalenaEcop,22625.47,18578.8
2025-03-29,9,PT1H,MC-MagdalenaEcop,29725.36,23927.6
2025-03-29,14,PT1H,MC-MagdalenaEcop,25546.15,24441.4
2025-03-29,15,PT1H,MC-MagdalenaEcop,26306.89,23506.8
2025-03-29,16,PT1H,MC-MagdalenaEcop,28498.89,21800.8
2025-03-29,18,PT1H,MC-MagdalenaEcop,30451.14,18023.4
2025-03-29,19,PT1H,MC-MagdalenaEcop,28822.72,17790.8
2025-03-29,20,PT1H,MC-MagdalenaEcop,24749.21,18169.5
2025-03-29,21,PT1H,MC-MagdalenaEcop,23474.55,18034.3
2025-03-29,22,PT1H,MC-MagdalenaEcop,23789.68,18199.0
2025-03-29,17,PT1H,MC-MagdalenaEcop,29572.87,17625.9
2025-03-30,24,PT1H,MC-MagdalenaEcop,41811.78,22165.2
2025-03-30,1,PT1H,MC-MagdalenaEcop,22536.39,20712.8
2025-03-30,2,PT1H,MC-MagdalenaEcop,22627.5,20427.5
2025-03-30,3,PT1H,MC-MagdalenaEcop,22748.76,20033.6
2025-03-30,4,PT1H,MC-MagdalenaEcop,22377.24,20296.8
2025-03-30,5,PT1H,MC-MagdalenaEcop,23649.31,20137.6
2025-03-30,6,PT1H,MC-MagdalenaEcop,24882.23,17419.3
2025-03-30,7,PT1H,MC-MagdalenaEcop,25881.35,18662.2
2025-03-30,8,PT1H,MC-MagdalenaEcop,29404.37,21475.7
2025-03-30,9,PT1H,MC-MagdalenaEcop,34288.87,22707.6
2025-03-30,11,PT1H,MC-MagdalenaEcop,38026.44,24020.4
2025-03-30,12,PT1H,MC-MagdalenaEcop,38409.44,24393.7
2025-03-30,13,PT1H,MC-MagdalenaEcop,39554.04,21545.5
2025-03-30,14,PT1H,MC-MagdalenaEcop,40827.2,18596.4
2025-03-30,15,PT1H,MC-MagdalenaEcop,39425.5,21145.0
2025-03-30,23,PT1H,MC-MagdalenaEcop,41972.44,20648.8
2025-03-30,17,PT1H,MC-MagdalenaEcop,40055.24,24365.0
2025-03-30,18,PT1H,MC-MagdalenaEcop,39959.43,24334.8
2025-03-30,19,PT1H,MC-MagdalenaEcop,40123.27,20853.4
2025-03-30,22,PT1H,MC-MagdalenaEcop,39451.31,20392.9
2025-03-30,20,PT1H,MC-MagdalenaEcop,39355.04,20326.6
2025-03-30,21,PT1H,MC-MagdalenaEcop,38674.93,20379.6
2025-03-30,10,PT1H,MC-MagdalenaEcop,37862.25,21916.7
2025-03-30,16,PT1H,MC-MagdalenaEcop,38069.0,23253.2
2025-03-31,5,PT1H,MC-MagdalenaEcop,39186.08,32221.4
2025-03-31,9,PT1H,MC-MagdalenaEcop,36941.47,29312.3
2025-03-31,20,PT1H,MC-MagdalenaEcop,21060.92,35465.8
2025-03-31,21,PT1H,MC-MagdalenaEcop,22665.34,33440.9
2025-03-31,22,PT1H,MC-MagdalenaEcop,20534.03,33575.2
2025-03-31,23,PT1H,MC-MagdalenaEcop,18780.08,35671.8
2025-03-31,24,PT1H,MC-MagdalenaEcop,18662.24,36656.3
2025-03-31,17,PT1H,MC-MagdalenaEcop,23345.24,35921.5
2025-03-31,16,PT1H,MC-MagdalenaEcop,23743.84,35262.9
2025-03-31,15,PT1H,MC-MagdalenaEcop,23877.16,35094.9
2025-03-31,14,PT1H,MC-MagdalenaEcop,23838.05,34332.7
2025-03-31,13,PT1H,MC-MagdalenaEcop,24089.32,30924.9
2025-03-31,12,PT1H,MC-MagdalenaEcop,23706.61,28480.3
2025-03-31,19,PT1H,MC-MagdalenaEcop,22746.4,35825.4
2025-03-31,11,PT1H,MC-MagdalenaEcop,28436.04,28501.7
2025-03-31,8,PT1H,MC-MagdalenaEcop,39200.74,29030.9
2025-03-31,7,PT1H,MC-MagdalenaEcop,37784.03,29222.9
2025-03-31,6,PT1H,MC-MagdalenaEcop,38462.15,28473.7
2025-03-31,4,PT1H,MC-MagdalenaEcop,38548.84,29777.9
2025-03-31,3,PT1H,MC-MagdalenaEcop,39716.64,30600.4
2025-03-31,2,PT1H,MC-MagdalenaEcop,36550.47,29804.9
2025-03-31,1,PT1H,MC-MagdalenaEcop,42715.11,29664.7
2025-03-31,10,PT1H,MC-MagdalenaEcop,36878.83,28352.2
2025-03-31,18,PT1H,MC-MagdalenaEcop,23877.04,35594.4
2025-04-01,21,PT1H,MC-MagdalenaEcop,20131.27,33570.3
2025-04-01,3,PT1H,MC-MagdalenaEcop,19639.12,32901.3
2025-04-01,2,PT1H,MC-MagdalenaEcop,19686.82,33030.0
2025-04-01,24,PT1H,MC-MagdalenaEcop,37370.35,33533.0
2025-04-01,20,PT1H,MC-MagdalenaEcop,19494.27,33764.8
2025-04-01,23,PT1H,MC-MagdalenaEcop,37064.82,33677.8
2025-04-01,22,PT1H,MC-MagdalenaEcop,26525.4,33231.7
2025-04-01,19,PT1H,MC-MagdalenaEcop,17298.36,32825.3
2025-04-01,18,PT1H,MC-MagdalenaEcop,16923.04,32397.3
2025-04-01,17,PT1H,MC-MagdalenaEcop,15811.8,32449.9
2025-04-01,16,PT1H,MC-MagdalenaEcop,16854.67,30680.3
2025-04-01,15,PT1H,MC-MagdalenaEcop,17672.86,30393.6
2025-04-01,14,PT1H,MC-MagdalenaEcop,17174.07,30588.4
2025-04-01,13,PT1H,MC-MagdalenaEcop,19955.78,30160.6
2025-04-01,1,PT1H,MC-MagdalenaEcop,19221.93,35492.7
2025-04-01,11,PT1H,MC-MagdalenaEcop,21458.81,30929.5
2025-04-01,10,PT1H,MC-MagdalenaEcop,21646.89,30991.4
2025-04-01,9,PT1H,MC-MagdalenaEcop,21250.46,31413.8
2025-04-01,8,PT1H,MC-MagdalenaEcop,20306.4,33390.0
2025-04-01,7,PT1H,MC-MagdalenaEcop,19287.99,32050.1
2025-04-01,6,PT1H,MC-MagdalenaEcop,20006.61,29741.2
2025-04-01,5,PT1H,MC-MagdalenaEcop,19614.89,32102.1
2025-04-01,4,PT1H,MC-MagdalenaEcop,19722.42,32979.2
2025-04-01,12,PT1H,MC-MagdalenaEcop,20788.0,28915.6
2025-04-02,15,PT1H,MC-MagdalenaEcop,35334.23,27530.5
2025-04-02,16,PT1H,MC-MagdalenaEcop,34640.81,26996.3
2025-04-02,17,PT1H,MC-MagdalenaEcop,39999.56,28878.2
2025-04-02,18,PT1H,MC-MagdalenaEcop,40649.43,28225.8
2025-04-02,22,PT1H,MC-MagdalenaEcop,39682.35,36399.9
2025-04-02,20,PT1H,MC-MagdalenaEcop,40156.05,32766.5
2025-04-02,21,PT1H,MC-MagdalenaEcop,40526.87,36494.4
2025-04-02,14,PT1H,MC-MagdalenaEcop,35617.57,24135.6
2025-04-02,23,PT1H,MC-MagdalenaEcop,38776.93,34871.1
2025-04-02,19,PT1H,MC-MagdalenaEcop,40691.64,27920.5
2025-04-02,13,PT1H,MC-MagdalenaEcop,38321.73,26907.8
2025-04-02,9,PT1H,MC-MagdalenaEcop,36402.83,29043.4
2025-04-02,11,PT1H,MC-MagdalenaEcop,36859.98,30454.1
2025-04-02,10,PT1H,MC-MagdalenaEcop,35921.06,30505.0
2025-04-02,8,PT1H,MC-MagdalenaEcop,37060.62,33031.6
2025-04-02,7,PT1H,MC-MagdalenaEcop,36203.94,35091.1
2025-04-02,6,PT1H,MC-MagdalenaEcop,37324.4,34846.7
2025-04-02,5,PT1H,MC-MagdalenaEcop,37799.34,36111.1
2025-04-02,24,PT1H,MC-MagdalenaEcop,37177.69,33816.7
2025-04-02,3,PT1H,MC-MagdalenaEcop,36833.51,35790.0
2025-04-02,2,PT1H,MC-MagdalenaEcop,39456.52,37602.0
2025-04-02,1,PT1H,MC-MagdalenaEcop,37725.4,36900.0
2025-04-02,12,PT1H,MC-MagdalenaEcop,38048.56,30128.0
2025-04-02,4,PT1H,MC-MagdalenaEcop,39142.28,36763.6
2025-04-03,24,PT1H,MC-MagdalenaEcop,19681.34,35261.7
2025-04-03,7,PT1H,MC-MagdalenaEcop,38031.62,33155.0
2025-04-03,1,PT1H,MC-MagdalenaEcop,33493.23,32528.1
2025-04-03,2,PT1H,MC-MagdalenaEcop,33852.36,32490.8
2025-04-03,3,PT1H,MC-MagdalenaEcop,26980.71,34878.9
2025-04-03,4,PT1H,MC-MagdalenaEcop,25383.07,33949.7
2025-04-03,5,PT1H,MC-MagdalenaEcop,38384.05,32428.0
2025-04-03,6,PT1H,MC-MagdalenaEcop,38941.22,32822.6
2025-04-03,8,PT1H,MC-MagdalenaEcop,33290.84,33413.2
2025-04-03,9,PT1H,MC-MagdalenaEcop,30748.33,31095.9
2025-04-03,10,PT1H,MC-MagdalenaEcop,35581.74,26480.1
2025-04-03,12,PT1H,MC-MagdalenaEcop,30553.18,25598.5
2025-04-03,11,PT1H,MC-MagdalenaEcop,34936.36,25564.9
2025-04-03,14,PT1H,MC-MagdalenaEcop,32350.96,30069.6
2025-04-03,15,PT1H,MC-MagdalenaEcop,32747.54,29879.4
2025-04-03,23,PT1H,MC-MagdalenaEcop,21220.06,35967.3
2025-04-03,16,PT1H,MC-MagdalenaEcop,33238.06,28445.5
2025-04-03,17,PT1H,MC-MagdalenaEcop,25599.23,31638.0
2025-04-03,18,PT1H,MC-MagdalenaEcop,31176.33,35331.3
2025-04-03,19,PT1H,MC-MagdalenaEcop,31742.96,36199.7
2025-04-03,20,PT1H,MC-MagdalenaEcop,31802.84,35339.6
2025-04-03,21,PT1H,MC-MagdalenaEcop,29252.98,35750.8
2025-04-03,22,PT1H,MC-MagdalenaEcop,20737.25,36775.9
2025-04-03,13,PT1H,MC-MagdalenaEcop,30877.08,26145.6
2025-04-04,17,PT1H,MC-MagdalenaEcop,33213.22,29231.2
2025-04-04,14,PT1H,MC-MagdalenaEcop,35633.56,33112.0
2025-04-04,15,PT1H,MC-MagdalenaEcop,35653.64,33242.7
2025-04-04,16,PT1H,MC-MagdalenaEcop,34183.66,32826.4
2025-04-04,18,PT1H,MC-MagdalenaEcop,32700.32,29082.6
2025-04-04,22,PT1H,MC-MagdalenaEcop,22184.07,25093.3
2025-04-04,20,PT1H,MC-MagdalenaEcop,28876.04,26731.8
2025-04-04,21,PT1H,MC-MagdalenaEcop,22933.42,25683.6
2025-04-04,24,PT1H,MC-MagdalenaEcop,14995.75,27103.0
2025-04-04,13,PT1H,MC-MagdalenaEcop,35616.86,33706.7
2025-04-04,19,PT1H,MC-MagdalenaEcop,33245.02,29154.3
2025-04-04,12,PT1H,MC-MagdalenaEcop,36020.58,33887.5
2025-04-04,11,PT1H,MC-MagdalenaEcop,36111.67,33280.9
2025-04-04,10,PT1H,MC-MagdalenaEcop,36342.14,32985.7
2025-04-04,9,PT1H,MC-MagdalenaEcop,34402.65,36117.6
2025-04-04,8,PT1H,MC-MagdalenaEcop,31793.61,35196.1
2025-04-04,7,PT1H,MC-MagdalenaEcop,29785.98,35493.9
2025-04-04,6,PT1H,MC-MagdalenaEcop,31460.63,35255.8
2025-04-04,5,PT1H,MC-MagdalenaEcop,32607.03,35411.5
2025-04-04,4,PT1H,MC-MagdalenaEcop,31745.19,36406.7
2025-04-04,3,PT1H,MC-MagdalenaEcop,32192.63,36600.2
2025-04-04,1,PT1H,MC-MagdalenaEcop,18503.23,34581.9
2025-04-04,23,PT1H,MC-MagdalenaEcop,17426.14,25579.2
2025-04-04,2,PT1H,MC-MagdalenaEcop,25922.1,35445.3
2025-04-05,15,PT1H,MC-MagdalenaEcop,15733.99,30871.1
2025-04-05,16,PT1H,MC-MagdalenaEcop,15935.66,30946.2
2025-04-05,18,PT1H,MC-MagdalenaEcop,13631.01,32815.6
2025-04-05,22,PT1H,MC-MagdalenaEcop,8014.52,32447.5
2025-04-05,20,PT1H,MC-MagdalenaEcop,8344.49,32519.1
2025-04-05,21,PT1H,MC-MagdalenaEcop,7953.97,32185.0
2025-04-05,14,PT1H,MC-MagdalenaEcop,15450.51,31070.6
2025-04-05,23,PT1H,MC-MagdalenaEcop,7208.04,33511.9
2025-04-05,19,PT1H,MC-MagdalenaEcop,14403.08,32576.5
2025-04-05,13,PT1H,MC-MagdalenaEcop,13727.11,33933.7
2025-04-05,8,PT1H,MC-MagdalenaEcop,15263.5,31668.9
2025-04-05,11,PT1H,MC-MagdalenaEcop,13136.51,32833.5
2025-04-05,10,PT1H,MC-MagdalenaEcop,11747.85,33467.9
2025-04-05,9,PT1H,MC-MagdalenaEcop,12890.19,30311.9
2025-04-05,7,PT1H,MC-MagdalenaEcop,17473.95,32226.5
2025-04-05,6,PT1H,MC-MagdalenaEcop,18253.83,32544.5
2025-04-05,5,PT1H,MC-MagdalenaEcop,15399.38,31702.8
2025-04-05,4,PT1H,MC-MagdalenaEcop,15245.45,31239.9
2025-04-05,3,PT1H,MC-MagdalenaEcop,15611.0,31121.1
2025-04-05,2,PT1H,MC-MagdalenaEcop,16229.03,30955.8
2025-04-05,1,PT1H,MC-MagdalenaEcop,14896.16,31088.2
2025-04-05,12,PT1H,MC-MagdalenaEcop,13360.8,33540.1
2025-04-05,17,PT1H,MC-MagdalenaEcop,13901.75,32310.1
2025-04-05,24,PT1H,MC-MagdalenaEcop,7336.41,33321.7
2025-04-06,19,PT1H,MC-MagdalenaEcop,16091.74,32575.6
2025-04-06,18,PT1H,MC-MagdalenaEcop,14433.91,32906.5
2025-04-06,17,PT1H,MC-MagdalenaEcop,13831.13,32316.9
2025-04-06,16,PT1H,MC-MagdalenaEcop,12274.8,29395.4
2025-04-06,15,PT1H,MC-MagdalenaEcop,11562.92,31629.2
2025-04-06,14,PT1H,MC-MagdalenaEcop,11270.22,31258.4
2025-04-06,13,PT1H,MC-MagdalenaEcop,12498.73,30151.0
2025-04-06,12,PT1H,MC-MagdalenaEcop,12026.54,32920.9
2025-04-06,11,PT1H,MC-MagdalenaEcop,11189.97,33115.0
2025-04-06,10,PT1H,MC-MagdalenaEcop,12294.07,29581.8
2025-04-06,9,PT1H,MC-MagdalenaEcop,13680.26,32916.0
2025-04-06,8,PT1H,MC-MagdalenaEcop,12794.97,29430.8
2025-04-06,7,PT1H,MC-MagdalenaEcop,10663.53,30892.1
2025-04-06,6,PT1H,MC-MagdalenaEcop,11430.33,30787.7
2025-04-06,5,PT1H,MC-MagdalenaEcop,11505.78,33570.2
2025-04-06,4,PT1H,MC-MagdalenaEcop,8329.79,34707.6
2025-04-06,3,PT1H,MC-MagdalenaEcop,7506.23,35394.9
2025-04-06,2,PT1H,MC-MagdalenaEcop,7096.7,35095.3
2025-04-06,1,PT1H,MC-MagdalenaEcop,6893.85,33179.7
2025-04-06,23,PT1H,MC-MagdalenaEcop,17228.95,29816.5
2025-04-06,24,PT1H,MC-MagdalenaEcop,14254.97,32152.2
2025-04-06,20,PT1H,MC-MagdalenaEcop,16230.0,32914.0
2025-04-06,22,PT1H,MC-MagdalenaEcop,17740.28,32283.5
2025-04-06,21,PT1H,MC-MagdalenaEcop,16978.53,32219.0
2025-04-07,1,PT1H,MC-MagdalenaEcop,13079.46,29664.7
2025-04-07,3,PT1H,MC-MagdalenaEcop,12119.16,30600.4
2025-04-07,24,PT1H,MC-MagdalenaEcop,20043.37,36656.3
2025-04-07,4,PT1H,MC-MagdalenaEcop,11994.62,29777.9
2025-04-07,5,PT1H,MC-MagdalenaEcop,11913.04,32221.4
2025-04-07,6,PT1H,MC-MagdalenaEcop,11907.58,28473.7
2025-04-07,7,PT1H,MC-MagdalenaEcop,10906.18,29222.9
2025-04-07,8,PT1H,MC-MagdalenaEcop,10427.22,29030.9
2025-04-07,9,PT1H,MC-MagdalenaEcop,10866.41,29312.3
2025-04-07,10,PT1H,MC-MagdalenaEcop,11929.42,28352.2
2025-04-07,11,PT1H,MC-MagdalenaEcop,12395.86,28501.7
2025-04-07,12,PT1H,MC-MagdalenaEcop,12625.97,28480.3
2025-04-07,14,PT1H,MC-MagdalenaEcop,17004.49,34332.7
2025-04-07,15,PT1H,MC-MagdalenaEcop,17908.78,35094.9
2025-04-07,16,PT1H,MC-MagdalenaEcop,16650.44,35262.9
2025-04-07,17,PT1H,MC-MagdalenaEcop,12282.32,35921.5
2025-04-07,18,PT1H,MC-MagdalenaEcop,12847.42,35594.4
2025-04-07,19,PT1H,MC-MagdalenaEcop,13290.38,35825.4
2025-04-07,20,PT1H,MC-MagdalenaEcop,13413.26,35465.8
2025-04-07,21,PT1H,MC-MagdalenaEcop,10962.16,33440.9
2025-04-07,22,PT1H,MC-MagdalenaEcop,17223.01,33575.2
2025-04-07,13,PT1H,MC-MagdalenaEcop,14582.77,30924.9
2025-04-07,23,PT1H,MC-MagdalenaEcop,19387.82,35671.8
2025-04-07,2,PT1H,MC-MagdalenaEcop,12310.04,29804.9
2025-04-08,16,PT1H,MC-MagdalenaEcop,14115.24,44547.7
2025-04-08,20,PT1H,MC-MagdalenaEcop,13541.55,42687.3
2025-04-08,24,PT1H,MC-MagdalenaEcop,19347.33,41507.2
2025-04-08,23,PT1H,MC-MagdalenaEcop,18947.61,41434.9
2025-04-08,22,PT1H,MC-MagdalenaEcop,13781.91,40116.7
2025-04-08,21,PT1H,MC-MagdalenaEcop,13647.15,40926.0
2025-04-08,19,PT1H,MC-MagdalenaEcop,14041.2,43686.1
2025-04-08,18,PT1H,MC-MagdalenaEcop,14120.32,41052.9
2025-04-08,17,PT1H,MC-MagdalenaEcop,14013.33,43230.3
2025-04-08,15,PT1H,MC-MagdalenaEcop,14247.3,43270.2
2025-04-08,14,PT1H,MC-MagdalenaEcop,14159.8,44166.8
2025-04-08,12,PT1H,MC-MagdalenaEcop,14599.15,39108.3
2025-04-08,13,PT1H,MC-MagdalenaEcop,14112.53,41624.6
2025-04-08,10,PT1H,MC-MagdalenaEcop,15070.01,22324.4
2025-04-08,9,PT1H,MC-MagdalenaEcop,13855.5,27795.4
2025-04-08,8,PT1H,MC-MagdalenaEcop,14950.79,27936.9
2025-04-08,7,PT1H,MC-MagdalenaEcop,19786.42,27861.7
2025-04-08,6,PT1H,MC-MagdalenaEcop,20002.78,28133.7
2025-04-08,5,PT1H,MC-MagdalenaEcop,19790.24,26275.4
2025-04-08,4,PT1H,MC-MagdalenaEcop,20119.52,24370.6
2025-04-08,3,PT1H,MC-MagdalenaEcop,19412.56,22378.4
2025-04-08,2,PT1H,MC-MagdalenaEcop,19879.76,22537.6
2025-04-08,1,PT1H,MC-MagdalenaEcop,19938.55,33951.1
2025-04-08,11,PT1H,MC-MagdalenaEcop,14920.58,22785.4
2025-04-09,21,PT1H,MC-MagdalenaEcop,30461.18,23409.4
2025-04-09,9,PT1H,MC-MagdalenaEcop,22460.96,46624.0
2025-04-09,20,PT1H,MC-MagdalenaEcop,33149.09,23325.1
2025-04-09,22,PT1H,MC-MagdalenaEcop,30478.4,23232.5
2025-04-09,8,PT1H,MC-MagdalenaEcop,21136.13,45950.0
2025-04-09,23,PT1H,MC-MagdalenaEcop,30653.37,22908.8
2025-04-09,24,PT1H,MC-MagdalenaEcop,29967.71,25071.0
2025-04-09,5,PT1H,MC-MagdalenaEcop,21893.25,40842.5
2025-04-09,6,PT1H,MC-MagdalenaEcop,21137.41,45585.8
2025-04-09,19,PT1H,MC-MagdalenaEcop,34403.04,24792.0
2025-04-09,10,PT1H,MC-MagdalenaEcop,26351.79,48174.5
2025-04-09,17,PT1H,MC-MagdalenaEcop,32013.42,26303.0
2025-04-09,16,PT1H,MC-MagdalenaEcop,31443.57,26463.2
2025-04-09,15,PT1H,MC-MagdalenaEcop,33443.99,25550.8
2025-04-09,14,PT1H,MC-MagdalenaEcop,31223.05,28543.3
2025-04-09,13,PT1H,MC-MagdalenaEcop,30251.61,29898.9
2025-04-09,12,PT1H,MC-MagdalenaEcop,29082.88,36572.7
2025-04-09,11,PT1H,MC-MagdalenaEcop,25387.25,44639.0
2025-04-09,4,PT1H,MC-MagdalenaEcop,22243.1,40815.8
2025-04-09,3,PT1H,MC-MagdalenaEcop,21713.0,44649.0
2025-04-09,1,PT1H,MC-MagdalenaEcop,21175.76,43774.8
2025-04-09,2,PT1H,MC-MagdalenaEcop,21341.42,44068.3
2025-04-09,7,PT1H,MC-MagdalenaEcop,21119.57,47307.4
2025-04-09,18,PT1H,MC-MagdalenaEcop,33791.82,25208.2
2025-04-10,1,PT1H,MC-MagdalenaEcop,29948.34,22521.8
2025-04-10,15,PT1H,MC-MagdalenaEcop,11701.88,39601.1
2025-04-10,3,PT1H,MC-MagdalenaEcop,31644.89,25279.3
2025-04-10,24,PT1H,MC-MagdalenaEcop,9841.92,34069.7
2025-04-10,23,PT1H,MC-MagdalenaEcop,9598.7,35064.0
2025-04-10,22,PT1H,MC-MagdalenaEcop,10534.44,35432.9
2025-04-10,21,PT1H,MC-MagdalenaEcop,11350.42,36328.1
2025-04-10,20,PT1H,MC-MagdalenaEcop,12203.55,36878.0
2025-04-10,19,PT1H,MC-MagdalenaEcop,13076.78,37519.2
2025-04-10,18,PT1H,MC-MagdalenaEcop,12663.64,34789.1
2025-04-10,17,PT1H,MC-MagdalenaEcop,11418.33,34831.5
2025-04-10,2,PT1H,MC-MagdalenaEcop,29580.92,21819.4
2025-04-10,16,PT1H,MC-MagdalenaEcop,11813.41,36917.7
2025-04-10,12,PT1H,MC-MagdalenaEcop,31916.97,38780.5
2025-04-10,11,PT1H,MC-MagdalenaEcop,31716.43,39670.4
2025-04-10,10,PT1H,MC-MagdalenaEcop,32167.38,37870.5
2025-04-10,9,PT1H,MC-MagdalenaEcop,34432.2,33636.8
2025-04-10,8,PT1H,MC-MagdalenaEcop,35072.03,34893.6
2025-04-10,7,PT1H,MC-MagdalenaEcop,34877.44,34627.8
2025-04-10,6,PT1H,MC-MagdalenaEcop,36032.97,34889.5
2025-04-10,5,PT1H,MC-MagdalenaEcop,33613.77,34841.5
2025-04-10,4,PT1H,MC-MagdalenaEcop,32412.2,34363.9
2025-04-10,13,PT1H,MC-MagdalenaEcop,31312.95,38647.5
2025-04-10,14,PT1H,MC-MagdalenaEcop,11090.93,40436.0
2025-04-11,23,PT1H,MC-MagdalenaEcop,13384.74,33794.8
2025-04-11,24,PT1H,MC-MagdalenaEcop,13092.49,32992.3
2025-04-11,2,PT1H,MC-MagdalenaEcop,9951.22,33658.6
2025-04-11,12,PT1H,MC-MagdalenaEcop,16241.52,35233.9
2025-04-11,20,PT1H,MC-MagdalenaEcop,11448.92,40573.8
2025-04-11,19,PT1H,MC-MagdalenaEcop,11992.0,40830.4
2025-04-11,18,PT1H,MC-MagdalenaEcop,12083.87,39973.9
2025-04-11,17,PT1H,MC-MagdalenaEcop,12176.55,39248.5
2025-04-11,16,PT1H,MC-MagdalenaEcop,12748.57,39683.7
2025-04-11,15,PT1H,MC-MagdalenaEcop,13182.17,40069.4
2025-04-11,14,PT1H,MC-MagdalenaEcop,16720.45,39550.8
2025-04-11,13,PT1H,MC-MagdalenaEcop,14382.06,39080.6
2025-04-11,1,PT1H,MC-MagdalenaEcop,9803.42,37537.0
2025-04-11,22,PT1H,MC-MagdalenaEcop,12984.42,39591.7
2025-04-11,11,PT1H,MC-MagdalenaEcop,15661.5,31167.3
2025-04-11,10,PT1H,MC-MagdalenaEcop,9561.06,29053.0
2025-04-11,9,PT1H,MC-MagdalenaEcop,8867.2,27042.2
2025-04-11,8,PT1H,MC-MagdalenaEcop,11380.49,30643.9
2025-04-11,7,PT1H,MC-MagdalenaEcop,8673.12,32021.0
2025-04-11,6,PT1H,MC-MagdalenaEcop,6580.09,33598.6
2025-04-11,5,PT1H,MC-MagdalenaEcop,8086.43,27785.2
2025-04-11,4,PT1H,MC-MagdalenaEcop,9928.72,24505.1
2025-04-11,3,PT1H,MC-MagdalenaEcop,11126.05,26382.4
2025-04-11,21,PT1H,MC-MagdalenaEcop,10806.8,39692.0
2025-04-12,22,PT1H,MC-MagdalenaEcop,23708.71,29883.7
2025-04-12,1,PT1H,MC-MagdalenaEcop,13828.15,36413.8
2025-04-12,2,PT1H,MC-MagdalenaEcop,12827.9,39520.6
2025-04-12,21,PT1H,MC-MagdalenaEcop,22712.18,29478.0
2025-04-12,20,PT1H,MC-MagdalenaEcop,21849.21,31078.6
2025-04-12,19,PT1H,MC-MagdalenaEcop,21580.02,36193.9
2025-04-12,18,PT1H,MC-MagdalenaEcop,18101.87,38248.8
2025-04-12,17,PT1H,MC-MagdalenaEcop,17847.45,37145.9
2025-04-12,16,PT1H,MC-MagdalenaEcop,21981.3,35797.2
2025-04-12,15,PT1H,MC-MagdalenaEcop,21512.59,33044.7
2025-04-12,14,PT1H,MC-MagdalenaEcop,20326.96,32089.4
2025-04-12,23,PT1H,MC-MagdalenaEcop,23908.09,28986.2
2025-04-12,13,PT1H,MC-MagdalenaEcop,23340.78,31974.2
2025-04-12,10,PT1H,MC-MagdalenaEcop,20040.44,36494.7
2025-04-12,8,PT1H,MC-MagdalenaEcop,15977.04,37104.6
2025-04-12,7,PT1H,MC-MagdalenaEcop,16620.81,37205.0
2025-04-12,6,PT1H,MC-MagdalenaEcop,17636.13,38225.8
2025-04-12,5,PT1H,MC-MagdalenaEcop,19028.26,38145.8
2025-04-12,4,PT1H,MC-MagdalenaEcop,14610.27,37796.8
2025-04-12,3,PT1H,MC-MagdalenaEcop,14135.8,37510.9
2025-04-12,24,PT1H,MC-MagdalenaEcop,24483.04,28421.7
2025-04-12,12,PT1H,MC-MagdalenaEcop,24796.71,31950.4
2025-04-12,11,PT1H,MC-MagdalenaEcop,22417.83,33662.0
2025-04-12,9,PT1H,MC-MagdalenaEcop,19716.76,37337.4
2025-04-13,17,PT1H,MC-MagdalenaEcop,25346.59,40626.9
2025-04-13,3,PT1H,MC-MagdalenaEcop,24915.63,23077.8
2025-04-13,4,PT1H,MC-MagdalenaEcop,24615.76,22701.0
2025-04-13,5,PT1H,MC-MagdalenaEcop,25046.05,23991.0
2025-04-13,6,PT1H,MC-MagdalenaEcop,23600.32,25241.2
2025-04-13,7,PT1H,MC-MagdalenaEcop,21439.35,26254.3
2025-04-13,8,PT1H,MC-MagdalenaEcop,22353.55,29826.7
2025-04-13,9,PT1H,MC-MagdalenaEcop,23091.18,34779.7
2025-04-13,10,PT1H,MC-MagdalenaEcop,22439.08,38403.2
2025-04-13,11,PT1H,MC-MagdalenaEcop,25026.45,38569.7
2025-04-13,12,PT1H,MC-MagdalenaEcop,23145.98,38958.1
2025-04-13,1,PT1H,MC-MagdalenaEcop,24328.34,22862.4
2025-04-13,13,PT1H,MC-MagdalenaEcop,24554.44,40118.7
2025-04-13,15,PT1H,MC-MagdalenaEcop,25238.71,39988.4
2025-04-13,16,PT1H,MC-MagdalenaEcop,25276.87,38612.8
2025-04-13,18,PT1H,MC-MagdalenaEcop,24113.73,40529.8
2025-04-13,19,PT1H,MC-MagdalenaEcop,22353.81,40685.9
2025-04-13,20,PT1H,MC-MagdalenaEcop,21077.16,39906.9
2025-04-13,21,PT1H,MC-MagdalenaEcop,20366.87,39217.3
2025-04-13,22,PT1H,MC-MagdalenaEcop,21156.97,40014.5
2025-04-13,23,PT1H,MC-MagdalenaEcop,19910.13,42571.0
2025-04-13,24,PT1H,MC-MagdalenaEcop,14639.99,42408.1
2025-04-13,14,PT1H,MC-MagdalenaEcop,25133.0,41409.7
2025-04-13,2,PT1H,MC-MagdalenaEcop,24978.83,22954.8
2025-04-14,19,PT1H,MC-MagdalenaEcop,7656.81,27135.6
2025-04-14,20,PT1H,MC-MagdalenaEcop,7183.36,25091.9
2025-04-14,17,PT1H,MC-MagdalenaEcop,8190.6,27833.3
2025-04-14,14,PT1H,MC-MagdalenaEcop,17944.89,28423.3
2025-04-14,15,PT1H,MC-MagdalenaEcop,11658.02,28478.9
2025-04-14,13,PT1H,MC-MagdalenaEcop,21266.6,28720.4
2025-04-14,16,PT1H,MC-MagdalenaEcop,9139.96,28318.2
2025-04-14,12,PT1H,MC-MagdalenaEcop,24575.56,28275.2
2025-04-14,11,PT1H,MC-MagdalenaEcop,24157.72,33953.0
2025-04-14,18,PT1H,MC-MagdalenaEcop,7892.68,28477.1
2025-04-14,9,PT1H,MC-MagdalenaEcop,24574.28,44056.3
2025-04-14,8,PT1H,MC-MagdalenaEcop,24656.44,46741.1
2025-04-14,7,PT1H,MC-MagdalenaEcop,23869.1,45047.7
2025-04-14,10,PT1H,MC-MagdalenaEcop,24479.42,43982.5
2025-04-14,5,PT1H,MC-MagdalenaEcop,21133.65,46722.5
2025-04-14,6,PT1H,MC-MagdalenaEcop,22208.7,45861.6
2025-04-14,22,PT1H,MC-MagdalenaEcop,8835.4,24507.9
2025-04-14,23,PT1H,MC-MagdalenaEcop,9068.96,22397.9
2025-04-14,24,PT1H,MC-MagdalenaEcop,9763.69,22255.9
2025-04-14,21,PT1H,MC-MagdalenaEcop,8988.66,27016.7
2025-04-14,2,PT1H,MC-MagdalenaEcop,17681.21,43537.1
2025-04-14,3,PT1H,MC-MagdalenaEcop,20825.44,47363.9
2025-04-14,4,PT1H,MC-MagdalenaEcop,21152.71,45961.6
2025-04-14,1,PT1H,MC-MagdalenaEcop,14497.85,51050.6
2025-04-15,9,PT1H,MC-MagdalenaEcop,16257.46,35405.9
2025-04-15,1,PT1H,MC-MagdalenaEcop,9085.74,32027.1
2025-04-15,2,PT1H,MC-MagdalenaEcop,7048.34,32801.4
2025-04-15,3,PT1H,MC-MagdalenaEcop,8537.96,32722.0
2025-04-15,4,PT1H,MC-MagdalenaEcop,7967.4,32860.7
2025-04-15,5,PT1H,MC-MagdalenaEcop,6143.07,32681.6
2025-04-15,6,PT1H,MC-MagdalenaEcop,9852.82,33334.1
2025-04-15,7,PT1H,MC-MagdalenaEcop,11587.36,32137.1
2025-04-15,8,PT1H,MC-MagdalenaEcop,18871.34,33833.4
2025-04-15,10,PT1H,MC-MagdalenaEcop,12023.93,36066.2
2025-04-15,16,PT1H,MC-MagdalenaEcop,17440.54,28084.0
2025-04-15,12,PT1H,MC-MagdalenaEcop,21400.23,34635.6
2025-04-15,24,PT1H,MC-MagdalenaEcop,9270.86,62256.0
2025-04-15,23,PT1H,MC-MagdalenaEcop,16738.04,61747.1
2025-04-15,11,PT1H,MC-MagdalenaEcop,18467.48,35752.9
2025-04-15,21,PT1H,MC-MagdalenaEcop,9265.22,33531.7
2025-04-15,20,PT1H,MC-MagdalenaEcop,7267.01,32470.7
2025-04-15,19,PT1H,MC-MagdalenaEcop,7976.35,28813.1
2025-04-15,22,PT1H,MC-MagdalenaEcop,12407.15,44192.1
2025-04-15,17,PT1H,MC-MagdalenaEcop,12581.58,26347.0
2025-04-15,15,PT1H,MC-MagdalenaEcop,23804.18,29446.9
2025-04-15,14,PT1H,MC-MagdalenaEcop,23823.59,28616.0
2025-04-15,13,PT1H,MC-MagdalenaEcop,20464.31,33249.4
2025-04-15,18,PT1H,MC-MagdalenaEcop,10653.87,28197.9
2025-04-16,2,PT1H,MC-MagdalenaEcop,21839.06,36110.9
2025-04-16,24,PT1H,MC-MagdalenaEcop,20652.85,34025.9
2025-04-16,23,PT1H,MC-MagdalenaEcop,20324.55,35489.1
2025-04-16,22,PT1H,MC-MagdalenaEcop,20373.6,36317.5
2025-04-16,21,PT1H,MC-MagdalenaEcop,20738.5,37080.2
2025-04-16,20,PT1H,MC-MagdalenaEcop,20932.85,36740.9
2025-04-16,19,PT1H,MC-MagdalenaEcop,21129.2,37231.0
2025-04-16,17,PT1H,MC-MagdalenaEcop,20316.02,36607.7
2025-04-16,16,PT1H,MC-MagdalenaEcop,21179.24,31704.7
2025-04-16,1,PT1H,MC-MagdalenaEcop,20854.18,34527.0
2025-04-16,14,PT1H,MC-MagdalenaEcop,21062.89,32598.4
2025-04-16,15,PT1H,MC-MagdalenaEcop,21862.04,32339.2
2025-04-16,3,PT1H,MC-MagdalenaEcop,22038.9,33710.9
2025-04-16,4,PT1H,MC-MagdalenaEcop,21887.43,35823.4
2025-04-16,5,PT1H,MC-MagdalenaEcop,21927.98,34594.6
2025-04-16,6,PT1H,MC-MagdalenaEcop,21796.69,34160.1
2025-04-16,7,PT1H,MC-MagdalenaEcop,21403.07,33134.9
2025-04-16,18,PT1H,MC-MagdalenaEcop,20399.38,37202.3
2025-04-16,8,PT1H,MC-MagdalenaEcop,20951.06,33918.7
2025-04-16,13,PT1H,MC-MagdalenaEcop,20748.42,35072.6
2025-04-16,9,PT1H,MC-MagdalenaEcop,20636.34,33316.9
2025-04-16,10,PT1H,MC-MagdalenaEcop,20824.04,32876.1
2025-04-16,11,PT1H,MC-MagdalenaEcop,20462.99,33735.2
2025-04-16,12,PT1H,MC-MagdalenaEcop,20576.37,34822.7
2025-04-17,5,PT1H,MC-MagdalenaEcop,19960.95,25899.7
2025-04-17,6,PT1H,MC-MagdalenaEcop,20524.01,25873.1
2025-04-17,8,PT1H,MC-MagdalenaEcop,20632.57,25661.3
2025-04-17,9,PT1H,MC-MagdalenaEcop,20840.95,26012.6
2025-04-17,10,PT1H,MC-MagdalenaEcop,21188.61,25599.1
2025-04-17,11,PT1H,MC-MagdalenaEcop,20982.65,26019.7
2025-04-17,12,PT1H,MC-MagdalenaEcop,21184.21,35191.4
2025-04-17,13,PT1H,MC-MagdalenaEcop,21144.52,43399.7
2025-04-17,14,PT1H,MC-MagdalenaEcop,21329.63,42545.9
2025-04-17,16,PT1H,MC-MagdalenaEcop,20119.71,41080.3
2025-04-17,7,PT1H,MC-MagdalenaEcop,20194.03,25979.7
2025-04-17,18,PT1H,MC-MagdalenaEcop,18999.22,41280.1
2025-04-17,4,PT1H,MC-MagdalenaEcop,19315.86,26298.8
2025-04-17,3,PT1H,MC-MagdalenaEcop,19250.09,26472.7
2025-04-17,17,PT1H,MC-MagdalenaEcop,19289.62,41145.0
2025-04-17,1,PT1H,MC-MagdalenaEcop,18757.96,29654.5
2025-04-17,2,PT1H,MC-MagdalenaEcop,19249.33,26214.8
2025-04-17,24,PT1H,MC-MagdalenaEcop,18031.92,40902.5
2025-04-17,23,PT1H,MC-MagdalenaEcop,18394.65,42470.8
2025-04-17,21,PT1H,MC-MagdalenaEcop,19049.56,43890.5
2025-04-17,20,PT1H,MC-MagdalenaEcop,19073.3,44355.0
2025-04-17,19,PT1H,MC-MagdalenaEcop,19284.05,43509.9
2025-04-17,22,PT1H,MC-MagdalenaEcop,18679.31,43133.7
2025-04-17,15,PT1H,MC-MagdalenaEcop,20999.19,40550.2
2025-04-18,3,PT1H,MC-MagdalenaEcop,19250.09,26472.7
2025-04-18,4,PT1H,MC-MagdalenaEcop,19315.86,26298.8
2025-04-18,5,PT1H,MC-MagdalenaEcop,19960.95,25899.7
2025-04-18,6,PT1H,MC-MagdalenaEcop,20524.01,25873.1
2025-04-18,7,PT1H,MC-MagdalenaEcop,20194.03,25979.7
2025-04-18,8,PT1H,MC-MagdalenaEcop,20632.57,25661.3
2025-04-18,10,PT1H,MC-MagdalenaEcop,21188.61,25599.1
2025-04-18,9,PT1H,MC-MagdalenaEcop,20840.95,26012.6
2025-04-18,24,PT1H,MC-MagdalenaEcop,18031.92,40902.5
2025-04-18,12,PT1H,MC-MagdalenaEcop,21184.21,35191.4
2025-04-18,13,PT1H,MC-MagdalenaEcop,21144.52,43399.7
2025-04-18,14,PT1H,MC-MagdalenaEcop,21329.63,42545.9
2025-04-18,15,PT1H,MC-MagdalenaEcop,20999.19,40550.2
2025-04-18,16,PT1H,MC-MagdalenaEcop,20119.71,41080.3
2025-04-18,17,PT1H,MC-MagdalenaEcop,19289.62,41145.0
2025-04-18,18,PT1H,MC-MagdalenaEcop,18999.22,41280.1
2025-04-18,19,PT1H,MC-MagdalenaEcop,19284.05,43509.9
2025-04-18,1,PT1H,MC-MagdalenaEcop,18757.96,29654.5
2025-04-18,20,PT1H,MC-MagdalenaEcop,19073.3,44355.0
2025-04-18,21,PT1H,MC-MagdalenaEcop,19049.56,43890.5
2025-04-18,22,PT1H,MC-MagdalenaEcop,18679.31,43133.7
2025-04-18,23,PT1H,MC-MagdalenaEcop,18394.65,42470.8
2025-04-18,11,PT1H,MC-MagdalenaEcop,20982.65,26019.7
2025-04-18,2,PT1H,MC-MagdalenaEcop,19249.33,26214.8
2025-04-19,9,PT1H,MC-MagdalenaEcop,22592.13,33442.0
2025-04-19,23,PT1H,MC-MagdalenaEcop,21199.82,18704.8
2025-04-19,21,PT1H,MC-MagdalenaEcop,21550.88,20629.4
2025-04-19,20,PT1H,MC-MagdalenaEcop,22195.34,21642.3
2025-04-19,24,PT1H,MC-MagdalenaEcop,21050.24,19037.7
2025-04-19,19,PT1H,MC-MagdalenaEcop,22596.78,37355.9
2025-04-19,18,PT1H,MC-MagdalenaEcop,22789.92,35363.4
2025-04-19,17,PT1H,MC-MagdalenaEcop,22722.79,36065.6
2025-04-19,16,PT1H,MC-MagdalenaEcop,22932.06,41340.8
2025-04-19,15,PT1H,MC-MagdalenaEcop,22812.21,40817.7
2025-04-19,14,PT1H,MC-MagdalenaEcop,22921.07,40082.5
2025-04-19,22,PT1H,MC-MagdalenaEcop,21209.23,20796.5
2025-04-19,12,PT1H,MC-MagdalenaEcop,22531.73,34662.6
2025-04-19,10,PT1H,MC-MagdalenaEcop,22861.74,30479.3
2025-04-19,8,PT1H,MC-MagdalenaEcop,22444.56,39597.5
2025-04-19,7,PT1H,MC-MagdalenaEcop,21984.13,45330.5
2025-04-19,6,PT1H,MC-MagdalenaEcop,22228.15,47353.2
2025-04-19,5,PT1H,MC-MagdalenaEcop,21836.15,39949.9
2025-04-19,4,PT1H,MC-MagdalenaEcop,21579.5,39550.7
2025-04-19,3,PT1H,MC-MagdalenaEcop,21666.46,40498.8
2025-04-19,2,PT1H,MC-MagdalenaEcop,21641.31,42101.7
2025-04-19,1,PT1H,MC-MagdalenaEcop,20890.17,38644.7
2025-04-19,11,PT1H,MC-MagdalenaEcop,23013.56,34080.9
2025-04-19,13,PT1H,MC-MagdalenaEcop,22757.48,35612.7
2025-04-20,6,PT1H,MC-MagdalenaEcop,41505.74,31765.9
2025-04-20,2,PT1H,MC-MagdalenaEcop,37004.46,19726.1
2025-04-20,1,PT1H,MC-MagdalenaEcop,37884.54,19162.6
2025-04-20,20,PT1H,MC-MagdalenaEcop,41415.25,45090.4
2025-04-20,22,PT1H,MC-MagdalenaEcop,39766.84,49296.3
2025-04-20,23,PT1H,MC-MagdalenaEcop,42195.18,47875.7
2025-04-20,24,PT1H,MC-MagdalenaEcop,41942.24,39613.4
2025-04-20,19,PT1H,MC-MagdalenaEcop,41983.73,44706.3
2025-04-20,18,PT1H,MC-MagdalenaEcop,41393.43,40110.5
2025-04-20,17,PT1H,MC-MagdalenaEcop,42067.12,38435.8
2025-04-20,16,PT1H,MC-MagdalenaEcop,42679.23,34112.0
2025-04-20,15,PT1H,MC-MagdalenaEcop,43094.91,32134.2
2025-04-20,21,PT1H,MC-MagdalenaEcop,39142.07,47170.0
2025-04-20,13,PT1H,MC-MagdalenaEcop,39906.58,34734.1
2025-04-20,4,PT1H,MC-MagdalenaEcop,35500.44,23151.9
2025-04-20,5,PT1H,MC-MagdalenaEcop,38485.74,31975.5
2025-04-20,7,PT1H,MC-MagdalenaEcop,40464.9,29635.6
2025-04-20,8,PT1H,MC-MagdalenaEcop,40106.03,35557.1
2025-04-20,14,PT1H,MC-MagdalenaEcop,42451.44,31321.1
2025-04-20,9,PT1H,MC-MagdalenaEcop,40299.18,38016.7
2025-04-20,10,PT1H,MC-MagdalenaEcop,38569.1,34165.6
2025-04-20,11,PT1H,MC-MagdalenaEcop,38474.48,31098.1
2025-04-20,12,PT1H,MC-MagdalenaEcop,39910.34,33422.3
2025-04-20,3,PT1H,MC-MagdalenaEcop,36786.97,20863.9
2025-04-21,3,PT1H,MC-MagdalenaEcop,34370.42,30744.6
2025-04-21,2,PT1H,MC-MagdalenaEcop,42418.24,31228.7
2025-04-21,1,PT1H,MC-MagdalenaEcop,43340.25,33180.0
2025-04-21,24,PT1H,MC-MagdalenaEcop,23326.44,50840.7
2025-04-21,17,PT1H,MC-MagdalenaEcop,24696.94,31158.4
2025-04-21,22,PT1H,MC-MagdalenaEcop,23260.22,43688.2
2025-04-21,21,PT1H,MC-MagdalenaEcop,21530.99,27800.4
2025-04-21,20,PT1H,MC-MagdalenaEcop,22446.21,34016.5
2025-04-21,19,PT1H,MC-MagdalenaEcop,23743.55,33704.9
2025-04-21,18,PT1H,MC-MagdalenaEcop,23840.79,32591.5
2025-04-21,23,PT1H,MC-MagdalenaEcop,23296.2,49178.2
2025-04-21,15,PT1H,MC-MagdalenaEcop,36354.86,45427.3
2025-04-21,14,PT1H,MC-MagdalenaEcop,35458.44,43134.0
2025-04-21,10,PT1H,MC-MagdalenaEcop,41664.94,30263.4
2025-04-21,16,PT1H,MC-MagdalenaEcop,31660.29,42236.1
2025-04-21,8,PT1H,MC-MagdalenaEcop,43252.34,26453.8
2025-04-21,7,PT1H,MC-MagdalenaEcop,40675.62,27668.5
2025-04-21,6,PT1H,MC-MagdalenaEcop,41875.53,30208.0
2025-04-21,9,PT1H,MC-MagdalenaEcop,41440.66,27567.6
2025-04-21,4,PT1H,MC-MagdalenaEcop,36730.6,30428.8
2025-04-21,11,PT1H,MC-MagdalenaEcop,43166.17,31446.3
2025-04-21,12,PT1H,MC-MagdalenaEcop,39721.72,32029.9
2025-04-21,13,PT1H,MC-MagdalenaEcop,36629.55,36992.4
2025-04-21,5,PT1H,MC-MagdalenaEcop,38158.33,30221.9
2025-04-22,8,PT1H,MC-MagdalenaEcop,40427.24,31872.2
2025-04-22,1,PT1H,MC-MagdalenaEcop,34617.98,42501.9
2025-04-22,2,PT1H,MC-MagdalenaEcop,36746.79,42376.6
2025-04-22,3,PT1H,MC-MagdalenaEcop,34585.03,41380.9
2025-04-22,4,PT1H,MC-MagdalenaEcop,36976.14,42887.6
2025-04-22,5,PT1H,MC-MagdalenaEcop,36231.61,42185.8
2025-04-22,6,PT1H,MC-MagdalenaEcop,36616.71,42638.8
2025-04-22,7,PT1H,MC-MagdalenaEcop,38331.69,42177.6
2025-04-22,9,PT1H,MC-MagdalenaEcop,42905.45,29538.0
2025-04-22,17,PT1H,MC-MagdalenaEcop,21602.64,29874.4
2025-04-22,11,PT1H,MC-MagdalenaEcop,43448.5,31807.9
2025-04-22,24,PT1H,MC-MagdalenaEcop,21074.02,41241.9
2025-04-22,10,PT1H,MC-MagdalenaEcop,43291.06,32126.3
2025-04-22,22,PT1H,MC-MagdalenaEcop,21975.96,29381.2
2025-04-22,21,PT1H,MC-MagdalenaEcop,20840.67,29084.0
2025-04-22,20,PT1H,MC-MagdalenaEcop,22442.57,28859.0
2025-04-22,19,PT1H,MC-MagdalenaEcop,22428.22,29923.8
2025-04-22,23,PT1H,MC-MagdalenaEcop,21372.16,40390.0
2025-04-22,16,PT1H,MC-MagdalenaEcop,21550.57,30091.6
2025-04-22,15,PT1H,MC-MagdalenaEcop,21544.32,30373.0
2025-04-22,12,PT1H,MC-MagdalenaEcop,37579.91,31122.8
2025-04-22,13,PT1H,MC-MagdalenaEcop,26469.58,30085.8
2025-04-22,14,PT1H,MC-MagdalenaEcop,24185.63,30186.5
2025-04-22,18,PT1H,MC-MagdalenaEcop,21887.13,30102.4
2025-04-23,10,PT1H,MC-MagdalenaEcop,44130.01,33415.3
2025-04-23,9,PT1H,MC-MagdalenaEcop,44061.81,28483.1
2025-04-23,8,PT1H,MC-MagdalenaEcop,39663.11,26803.6
2025-04-23,7,PT1H,MC-MagdalenaEcop,38856.05,26782.6
2025-04-23,5,PT1H,MC-MagdalenaEcop,39164.09,27763.4
2025-04-23,4,PT1H,MC-MagdalenaEcop,38850.72,28206.9
2025-04-23,3,PT1H,MC-MagdalenaEcop,38715.21,27534.9
2025-04-23,2,PT1H,MC-MagdalenaEcop,36506.54,27063.9
2025-04-23,1,PT1H,MC-MagdalenaEcop,28668.71,26853.9
2025-04-23,6,PT1H,MC-MagdalenaEcop,38821.51,26805.2
2025-04-23,11,PT1H,MC-MagdalenaEcop,44815.72,32192.6
2025-04-23,14,PT1H,MC-MagdalenaEcop,44172.97,39590.5
2025-04-23,13,PT1H,MC-MagdalenaEcop,44876.08,38359.0
2025-04-23,15,PT1H,MC-MagdalenaEcop,44822.3,42405.9
2025-04-23,16,PT1H,MC-MagdalenaEcop,44847.01,39870.0
2025-04-23,24,PT1H,MC-MagdalenaEcop,42869.71,37999.1
2025-04-23,23,PT1H,MC-MagdalenaEcop,44582.44,38868.3
2025-04-23,22,PT1H,MC-MagdalenaEcop,44683.16,38646.5
2025-04-23,21,PT1H,MC-MagdalenaEcop,43846.91,38614.7
2025-04-23,20,PT1H,MC-MagdalenaEcop,44961.7,42022.1
2025-04-23,19,PT1H,MC-MagdalenaEcop,46110.39,43611.7
2025-04-23,18,PT1H,MC-MagdalenaEcop,45877.08,42846.8
2025-04-23,17,PT1H,MC-MagdalenaEcop,45000.05,40592.4
2025-04-23,12,PT1H,MC-MagdalenaEcop,45034.0,36877.5
2025-04-24,1,PT1H,MC-MagdalenaEcop,42015.11,45306.0
2025-04-24,24,PT1H,MC-MagdalenaEcop,39635.64,14895.9
2025-04-24,2,PT1H,MC-MagdalenaEcop,43398.09,44746.2
2025-04-24,14,PT1H,MC-MagdalenaEcop,39263.46,16795.2
2025-04-24,22,PT1H,MC-MagdalenaEcop,39788.75,15948.0
2025-04-24,21,PT1H,MC-MagdalenaEcop,38630.93,17168.6
2025-04-24,20,PT1H,MC-MagdalenaEcop,37828.04,18459.1
2025-04-24,19,PT1H,MC-MagdalenaEcop,37442.87,19780.8
2025-04-24,18,PT1H,MC-MagdalenaEcop,37155.95,19153.6
2025-04-24,17,PT1H,MC-MagdalenaEcop,39652.72,17282.1
2025-04-24,16,PT1H,MC-MagdalenaEcop,40364.35,17882.3
2025-04-24,3,PT1H,MC-MagdalenaEcop,42078.68,47864.2
2025-04-24,4,PT1H,MC-MagdalenaEcop,40524.91,49024.6
2025-04-24,15,PT1H,MC-MagdalenaEcop,41121.25,17711.7
2025-04-24,13,PT1H,MC-MagdalenaEcop,41511.34,47452.9
2025-04-24,12,PT1H,MC-MagdalenaEcop,41718.34,48285.1
2025-04-24,11,PT1H,MC-MagdalenaEcop,43824.9,47984.3
2025-04-24,10,PT1H,MC-MagdalenaEcop,45234.8,48674.5
2025-04-24,9,PT1H,MC-MagdalenaEcop,44971.33,52082.6
2025-04-24,8,PT1H,MC-MagdalenaEcop,44477.67,53064.5
2025-04-24,7,PT1H,MC-MagdalenaEcop,41796.95,52768.4
2025-04-24,23,PT1H,MC-MagdalenaEcop,39752.95,14532.3
2025-04-24,6,PT1H,MC-MagdalenaEcop,41955.97,54487.0
2025-04-24,5,PT1H,MC-MagdalenaEcop,44392.39,50860.0
2025-04-25,24,PT1H,MC-MagdalenaEcop,40488.0,38783.8
2025-04-25,7,PT1H,MC-MagdalenaEcop,39341.42,25692.3
2025-04-25,8,PT1H,MC-MagdalenaEcop,39667.95,33712.3
2025-04-25,9,PT1H,MC-MagdalenaEcop,39152.21,26267.2
2025-04-25,1,PT1H,MC-MagdalenaEcop,40062.36,29040.6
2025-04-25,5,PT1H,MC-MagdalenaEcop,39486.7,23954.3
2025-04-25,4,PT1H,MC-MagdalenaEcop,39512.08,29411.7
2025-04-25,10,PT1H,MC-MagdalenaEcop,41244.14,28322.6
2025-04-25,11,PT1H,MC-MagdalenaEcop,41691.47,46393.9
2025-04-25,22,PT1H,MC-MagdalenaEcop,43174.86,38463.6
2025-04-25,12,PT1H,MC-MagdalenaEcop,41041.79,48112.1
2025-04-25,14,PT1H,MC-MagdalenaEcop,41587.4,49530.8
2025-04-25,15,PT1H,MC-MagdalenaEcop,41831.09,39049.4
2025-04-25,16,PT1H,MC-MagdalenaEcop,40955.3,37765.0
2025-04-25,17,PT1H,MC-MagdalenaEcop,40662.55,36070.5
2025-04-25,18,PT1H,MC-MagdalenaEcop,42979.78,35795.9
2025-04-25,19,PT1H,MC-MagdalenaEcop,43512.71,35523.8
2025-04-25,20,PT1H,MC-MagdalenaEcop,42736.34,33915.0
2025-04-25,21,PT1H,MC-MagdalenaEcop,43879.96,32012.9
2025-04-25,13,PT1H,MC-MagdalenaEcop,40928.77,42603.8
2025-04-25,23,PT1H,MC-MagdalenaEcop,43118.72,39649.5
2025-04-25,6,PT1H,MC-MagdalenaEcop,39340.18,19492.1
2025-04-25,2,PT1H,MC-MagdalenaEcop,39706.57,29478.4
2025-04-25,3,PT1H,MC-MagdalenaEcop,39401.62,32958.6
2025-04-26,3,PT1H,MC-MagdalenaEcop,40182.99,24875.3
2025-04-26,21,PT1H,MC-MagdalenaEcop,44071.17,39951.4
2025-04-26,19,PT1H,MC-MagdalenaEcop,43765.73,37959.9
2025-04-26,18,PT1H,MC-MagdalenaEcop,43259.11,31851.7
2025-04-26,17,PT1H,MC-MagdalenaEcop,42545.71,31404.2
2025-04-26,22,PT1H,MC-MagdalenaEcop,43736.48,41714.3
2025-04-26,16,PT1H,MC-MagdalenaEcop,42628.51,38675.7
2025-04-26,15,PT1H,MC-MagdalenaEcop,42068.06,37851.3
2025-04-26,14,PT1H,MC-MagdalenaEcop,42328.82,35765.7
2025-04-26,13,PT1H,MC-MagdalenaEcop,42213.71,41067.1
2025-04-26,11,PT1H,MC-MagdalenaEcop,41575.29,39443.6
2025-04-26,10,PT1H,MC-MagdalenaEcop,40472.93,35261.7
2025-04-26,9,PT1H,MC-MagdalenaEcop,41400.83,34692.3
2025-04-26,8,PT1H,MC-MagdalenaEcop,41646.66,28114.1
2025-04-26,7,PT1H,MC-MagdalenaEcop,41103.45,29246.5
2025-04-26,23,PT1H,MC-MagdalenaEcop,41905.71,42065.0
2025-04-26,6,PT1H,MC-MagdalenaEcop,39936.52,31032.5
2025-04-26,24,PT1H,MC-MagdalenaEcop,36297.43,43076.4
2025-04-26,12,PT1H,MC-MagdalenaEcop,41506.64,43628.1
2025-04-26,20,PT1H,MC-MagdalenaEcop,44434.13,38433.4
2025-04-26,5,PT1H,MC-MagdalenaEcop,39308.19,33481.3
2025-04-26,1,PT1H,MC-MagdalenaEcop,40593.3,24334.1
2025-04-26,2,PT1H,MC-MagdalenaEcop,40624.62,22574.6
2025-04-26,4,PT1H,MC-MagdalenaEcop,40258.59,25709.9
2025-04-27,20,PT1H,MC-MagdalenaEcop,40986.51,31645.3
2025-04-27,1,PT1H,MC-MagdalenaEcop,32906.82,36536.6
2025-04-27,4,PT1H,MC-MagdalenaEcop,30865.79,36968.2
2025-04-27,5,PT1H,MC-MagdalenaEcop,35274.47,37614.2
2025-04-27,6,PT1H,MC-MagdalenaEcop,35895.21,35443.6
2025-04-27,7,PT1H,MC-MagdalenaEcop,34936.13,32199.1
2025-04-27,8,PT1H,MC-MagdalenaEcop,35200.17,33571.7
2025-04-27,9,PT1H,MC-MagdalenaEcop,35173.87,34679.1
2025-04-27,10,PT1H,MC-MagdalenaEcop,35318.46,33700.1
2025-04-27,12,PT1H,MC-MagdalenaEcop,36986.86,34761.4
2025-04-27,14,PT1H,MC-MagdalenaEcop,43406.82,37744.7
2025-04-27,15,PT1H,MC-MagdalenaEcop,43782.74,37903.4
2025-04-27,16,PT1H,MC-MagdalenaEcop,43793.18,37960.7
2025-04-27,17,PT1H,MC-MagdalenaEcop,43669.76,38065.4
2025-04-27,18,PT1H,MC-MagdalenaEcop,44389.39,36214.4
2025-04-27,19,PT1H,MC-MagdalenaEcop,44268.38,33562.1
2025-04-27,11,PT1H,MC-MagdalenaEcop,31207.95,37584.8
2025-04-27,13,PT1H,MC-MagdalenaEcop,43297.83,36876.1
2025-04-27,23,PT1H,MC-MagdalenaEcop,41959.59,29903.1
2025-04-27,3,PT1H,MC-MagdalenaEcop,29018.56,37418.4
2025-04-27,22,PT1H,MC-MagdalenaEcop,42928.25,31775.1
2025-04-27,2,PT1H,MC-MagdalenaEcop,29693.56,37513.3
2025-04-27,24,PT1H,MC-MagdalenaEcop,40623.62,21990.5
2025-04-27,21,PT1H,MC-MagdalenaEcop,41235.1,30578.9
2025-04-28,14,PT1H,MC-MagdalenaEcop,41341.84,37729.5
2025-04-28,13,PT1H,MC-MagdalenaEcop,43122.2,44713.5
2025-04-28,12,PT1H,MC-MagdalenaEcop,46271.88,51670.7
2025-04-28,11,PT1H,MC-MagdalenaEcop,43420.19,50792.1
2025-04-28,23,PT1H,MC-MagdalenaEcop,44860.38,19067.7
2025-04-28,15,PT1H,MC-MagdalenaEcop,41668.69,24511.2
2025-04-28,24,PT1H,MC-MagdalenaEcop,43277.74,20528.4
2025-04-28,9,PT1H,MC-MagdalenaEcop,46147.56,51668.0
2025-04-28,8,PT1H,MC-MagdalenaEcop,44766.26,51840.7
2025-04-28,7,PT1H,MC-MagdalenaEcop,43130.31,50185.3
2025-04-28,10,PT1H,MC-MagdalenaEcop,45884.43,51468.5
2025-04-28,16,PT1H,MC-MagdalenaEcop,41505.89,19217.0
2025-04-28,2,PT1H,MC-MagdalenaEcop,39654.33,37175.1
2025-04-28,3,PT1H,MC-MagdalenaEcop,39683.33,43786.0
2025-04-28,19,PT1H,MC-MagdalenaEcop,39252.3,16098.6
2025-04-28,20,PT1H,MC-MagdalenaEcop,43542.66,15103.2
2025-04-28,21,PT1H,MC-MagdalenaEcop,44991.58,18898.9
2025-04-28,22,PT1H,MC-MagdalenaEcop,45288.9,18576.6
2025-04-28,1,PT1H,MC-MagdalenaEcop,40812.79,30482.1
2025-04-28,6,PT1H,MC-MagdalenaEcop,42667.12,46694.3
2025-04-28,5,PT1H,MC-MagdalenaEcop,42539.11,44434.0
2025-04-28,4,PT1H,MC-MagdalenaEcop,40324.35,44474.1
2025-04-28,17,PT1H,MC-MagdalenaEcop,41297.84,17220.9
2025-04-28,18,PT1H,MC-MagdalenaEcop,40109.86,16594.5
2025-04-29,23,PT1H,MC-MagdalenaEcop,20764.93,43188.2
2025-04-29,22,PT1H,MC-MagdalenaEcop,24344.73,32013.4
2025-04-29,21,PT1H,MC-MagdalenaEcop,24876.4,23906.5
2025-04-29,12,PT1H,MC-MagdalenaEcop,42847.45,55217.7
2025-04-29,2,PT1H,MC-MagdalenaEcop,42018.51,18186.4
2025-04-29,1,PT1H,MC-MagdalenaEcop,41977.07,23443.4
2025-04-29,24,PT1H,MC-MagdalenaEcop,18259.33,23921.0
2025-04-29,6,PT1H,MC-MagdalenaEcop,38695.76,25422.6
2025-04-29,7,PT1H,MC-MagdalenaEcop,38846.6,29898.2
2025-04-29,4,PT1H,MC-MagdalenaEcop,38432.18,20557.8
2025-04-29,9,PT1H,MC-MagdalenaEcop,43200.7,41948.1
2025-04-29,10,PT1H,MC-MagdalenaEcop,41986.65,31024.6
2025-04-29,11,PT1H,MC-MagdalenaEcop,41599.67,47650.5
2025-04-29,8,PT1H,MC-MagdalenaEcop,42100.17,48692.6
2025-04-29,5,PT1H,MC-MagdalenaEcop,38044.83,15850.6
2025-04-29,14,PT1H,MC-MagdalenaEcop,43207.33,61470.6
2025-04-29,15,PT1H,MC-MagdalenaEcop,45268.42,61420.5
2025-04-29,16,PT1H,MC-MagdalenaEcop,41142.59,45000.8
2025-04-29,17,PT1H,MC-MagdalenaEcop,34408.46,32463.5
2025-04-29,18,PT1H,MC-MagdalenaEcop,33464.21,27489.5
2025-04-29,19,PT1H,MC-MagdalenaEcop,30931.75,20580.9
2025-04-29,20,PT1H,MC-MagdalenaEcop,29398.23,18750.6
2025-04-29,13,PT1H,MC-MagdalenaEcop,42324.41,52802.8
2025-04-29,3,PT1H,MC-MagdalenaEcop,39629.14,22030.0
2025-04-30,24,PT1H,MC-MagdalenaEcop,22132.9,48627.0
2025-04-30,23,PT1H,MC-MagdalenaEcop,23683.26,41188.4
2025-04-30,22,PT1H,MC-MagdalenaEcop,23824.92,40882.4
2025-04-30,21,PT1H,MC-MagdalenaEcop,23357.96,40030.0
2025-04-30,16,PT1H,MC-MagdalenaEcop,21892.1,41525.8
2025-04-30,19,PT1H,MC-MagdalenaEcop,24618.71,34948.8
2025-04-30,18,PT1H,MC-MagdalenaEcop,23610.06,35537.9
2025-04-30,17,PT1H,MC-MagdalenaEcop,22383.3,35806.9
2025-04-30,20,PT1H,MC-MagdalenaEcop,24296.35,37737.2
2025-04-30,2,PT1H,MC-MagdalenaEcop,18530.14,25425.6
2025-04-30,6,PT1H,MC-MagdalenaEcop,40652.82,31958.0
2025-04-30,12,PT1H,MC-MagdalenaEcop,42977.23,35622.8
2025-04-30,11,PT1H,MC-MagdalenaEcop,43374.33,35380.0
2025-04-30,10,PT1H,MC-MagdalenaEcop,42362.85,35081.2
2025-04-30,9,PT1H,MC-MagdalenaEcop,43473.61,35383.0
2025-04-30,8,PT1H,MC-MagdalenaEcop,40845.19,35463.0
2025-04-30,7,PT1H,MC-MagdalenaEcop,39411.47,31403.1
2025-04-30,5,PT1H,MC-MagdalenaEcop,40577.2,31944.5
2025-04-30,4,PT1H,MC-MagdalenaEcop,36735.19,32199.1
2025-04-30,3,PT1H,MC-MagdalenaEcop,27239.64,31959.9
2025-04-30,14,PT1H,MC-MagdalenaEcop,30072.43,29641.1
2025-04-30,13,PT1H,MC-MagdalenaEcop,38733.73,34440.1
2025-04-30,15,PT1H,MC-MagdalenaEcop,22996.98,25893.6
2025-04-30,1,PT1H,MC-MagdalenaEcop,19630.67,14851.5
2025-05-01,23,PT1H,MC-MagdalenaEcop,36916.85,37745.8
2025-05-01,24,PT1H,MC-MagdalenaEcop,36695.48,37293.6
2025-05-01,21,PT1H,MC-MagdalenaEcop,37474.11,35573.6
2025-05-01,20,PT1H,MC-MagdalenaEcop,37547.53,38844.9
2025-05-01,19,PT1H,MC-MagdalenaEcop,38279.44,38176.0
2025-05-01,18,PT1H,MC-MagdalenaEcop,39027.32,35918.2
2025-05-01,17,PT1H,MC-MagdalenaEcop,40773.33,35120.6
2025-05-01,16,PT1H,MC-MagdalenaEcop,40713.13,35336.1
2025-05-01,15,PT1H,MC-MagdalenaEcop,36580.87,32924.5
2025-05-01,14,PT1H,MC-MagdalenaEcop,32864.53,33076.0
2025-05-01,13,PT1H,MC-MagdalenaEcop,30691.02,33825.4
2025-05-01,12,PT1H,MC-MagdalenaEcop,29970.01,33152.8
2025-05-01,11,PT1H,MC-MagdalenaEcop,30037.06,32962.5
2025-05-01,10,PT1H,MC-MagdalenaEcop,29835.75,32312.6
2025-05-01,9,PT1H,MC-MagdalenaEcop,28042.73,32348.8
2025-05-01,8,PT1H,MC-MagdalenaEcop,27257.48,30963.5
2025-05-01,7,PT1H,MC-MagdalenaEcop,27560.98,29996.7
2025-05-01,6,PT1H,MC-MagdalenaEcop,30598.54,32829.3
2025-05-01,5,PT1H,MC-MagdalenaEcop,30041.04,32435.8
2025-05-01,4,PT1H,MC-MagdalenaEcop,29825.56,33098.6
2025-05-01,3,PT1H,MC-MagdalenaEcop,29083.61,31652.1
2025-05-01,2,PT1H,MC-MagdalenaEcop,28220.07,33534.8
2025-05-01,1,PT1H,MC-MagdalenaEcop,22021.44,35802.5
2025-05-01,22,PT1H,MC-MagdalenaEcop,36924.34,38216.4
2025-05-02,1,PT1H,MC-MagdalenaEcop,37143.13,35759.9
2025-05-02,2,PT1H,MC-MagdalenaEcop,36732.26,34790.4
2025-05-02,3,PT1H,MC-MagdalenaEcop,36471.77,34784.7
2025-05-02,13,PT1H,MC-MagdalenaEcop,41098.17,31028.7
2025-05-02,23,PT1H,MC-MagdalenaEcop,30020.92,26569.6
2025-05-02,22,PT1H,MC-MagdalenaEcop,29228.56,33233.0
2025-05-02,21,PT1H,MC-MagdalenaEcop,31320.79,39050.2
2025-05-02,20,PT1H,MC-MagdalenaEcop,32863.1,38901.5
2025-05-02,19,PT1H,MC-MagdalenaEcop,33000.34,38736.5
2025-05-02,18,PT1H,MC-MagdalenaEcop,33811.84,38534.5
2025-05-02,17,PT1H,MC-MagdalenaEcop,33602.83,39613.0
2025-05-02,24,PT1H,MC-MagdalenaEcop,31399.18,23025.0
2025-05-02,16,PT1H,MC-MagdalenaEcop,37248.53,40031.7
2025-05-02,14,PT1H,MC-MagdalenaEcop,41182.95,23878.8
2025-05-02,12,PT1H,MC-MagdalenaEcop,40910.83,33626.7
2025-05-02,11,PT1H,MC-MagdalenaEcop,38098.04,35220.7
2025-05-02,10,PT1H,MC-MagdalenaEcop,37259.1,35045.8
2025-05-02,9,PT1H,MC-MagdalenaEcop,37533.67,34777.7
2025-05-02,8,PT1H,MC-MagdalenaEcop,37649.72,34433.3
2025-05-02,7,PT1H,MC-MagdalenaEcop,36384.4,33142.6
2025-05-02,15,PT1H,MC-MagdalenaEcop,41484.28,30678.0
2025-05-02,6,PT1H,MC-MagdalenaEcop,37037.6,34829.3
2025-05-02,5,PT1H,MC-MagdalenaEcop,37328.82,36329.6
2025-05-02,4,PT1H,MC-MagdalenaEcop,36627.52,37119.7
2025-05-03,20,PT1H,MC-MagdalenaEcop,42527.98,39520.2
2025-05-03,4,PT1H,MC-MagdalenaEcop,39459.98,26285.9
2025-05-03,5,PT1H,MC-MagdalenaEcop,40084.46,25676.4
2025-05-03,6,PT1H,MC-MagdalenaEcop,39891.99,26872.1
2025-05-03,7,PT1H,MC-MagdalenaEcop,38405.57,31720.4
2025-05-03,8,PT1H,MC-MagdalenaEcop,39318.41,34505.6
2025-05-03,24,PT1H,MC-MagdalenaEcop,43866.92,39930.2
2025-05-03,9,PT1H,MC-MagdalenaEcop,41389.18,35088.7
2025-05-03,10,PT1H,MC-MagdalenaEcop,41400.11,35278.9
2025-05-03,11,PT1H,MC-MagdalenaEcop,41165.13,35457.6
2025-05-03,12,PT1H,MC-MagdalenaEcop,42194.4,35949.6
2025-05-03,13,PT1H,MC-MagdalenaEcop,41751.37,35969.5
2025-05-03,14,PT1H,MC-MagdalenaEcop,42471.51,40109.3
2025-05-03,15,PT1H,MC-MagdalenaEcop,42448.46,41359.0
2025-05-03,23,PT1H,MC-MagdalenaEcop,42049.95,39941.5
2025-05-03,16,PT1H,MC-MagdalenaEcop,42240.6,38732.2
2025-05-03,17,PT1H,MC-MagdalenaEcop,43522.43,37666.1
2025-05-03,18,PT1H,MC-MagdalenaEcop,43836.02,37237.0
2025-05-03,19,PT1H,MC-MagdalenaEcop,42430.04,34170.3
2025-05-03,21,PT1H,MC-MagdalenaEcop,42914.59,40149.9
2025-05-03,22,PT1H,MC-MagdalenaEcop,42208.64,39783.3
2025-05-03,3,PT1H,MC-MagdalenaEcop,39485.61,25057.9
2025-05-03,2,PT1H,MC-MagdalenaEcop,39627.13,22874.1
2025-05-03,1,PT1H,MC-MagdalenaEcop,31712.86,23805.1
2025-05-04,3,PT1H,MC-MagdalenaEcop,43023.43,31403.4
2025-05-04,5,PT1H,MC-MagdalenaEcop,40220.04,32865.0
2025-05-04,6,PT1H,MC-MagdalenaEcop,38367.9,35381.9
2025-05-04,7,PT1H,MC-MagdalenaEcop,35485.0,34552.4
2025-05-04,8,PT1H,MC-MagdalenaEcop,33457.56,34212.1
2025-05-04,9,PT1H,MC-MagdalenaEcop,34063.42,34335.4
2025-05-04,10,PT1H,MC-MagdalenaEcop,34394.89,32879.9
2025-05-04,11,PT1H,MC-MagdalenaEcop,34481.68,32823.6
2025-05-04,12,PT1H,MC-MagdalenaEcop,32414.03,34111.4
2025-05-04,13,PT1H,MC-MagdalenaEcop,30083.36,34195.1
2025-05-04,15,PT1H,MC-MagdalenaEcop,21071.13,36932.1
2025-05-04,16,PT1H,MC-MagdalenaEcop,21055.53,36636.0
2025-05-04,17,PT1H,MC-MagdalenaEcop,26003.12,36040.5
2025-05-04,18,PT1H,MC-MagdalenaEcop,30693.62,35326.4
2025-05-04,19,PT1H,MC-MagdalenaEcop,31349.63,35920.4
2025-05-04,20,PT1H,MC-MagdalenaEcop,31867.11,35443.7
2025-05-04,21,PT1H,MC-MagdalenaEcop,30962.95,33446.4
2025-05-04,22,PT1H,MC-MagdalenaEcop,31328.01,34028.4
2025-05-04,2,PT1H,MC-MagdalenaEcop,44066.97,31609.1
2025-05-04,1,PT1H,MC-MagdalenaEcop,43639.57,32381.3
2025-05-04,14,PT1H,MC-MagdalenaEcop,24074.84,36389.9
2025-05-04,4,PT1H,MC-MagdalenaEcop,41064.98,30267.3
2025-05-04,24,PT1H,MC-MagdalenaEcop,30102.54,35903.6
2025-05-04,23,PT1H,MC-MagdalenaEcop,30963.19,36055.8
2025-05-05,14,PT1H,MC-MagdalenaEcop,39118.86,40261.7
2025-05-05,24,PT1H,MC-MagdalenaEcop,40036.95,26772.6
2025-05-05,22,PT1H,MC-MagdalenaEcop,40775.46,26623.3
2025-05-05,21,PT1H,MC-MagdalenaEcop,40715.73,24708.5
2025-05-05,20,PT1H,MC-MagdalenaEcop,34023.32,25751.1
2025-05-05,19,PT1H,MC-MagdalenaEcop,28040.17,27248.8
2025-05-05,18,PT1H,MC-MagdalenaEcop,19896.48,27013.5
2025-05-05,17,PT1H,MC-MagdalenaEcop,19570.93,27878.4
2025-05-05,16,PT1H,MC-MagdalenaEcop,23796.18,35977.6
2025-05-05,15,PT1H,MC-MagdalenaEcop,29490.95,41453.3
2025-05-05,13,PT1H,MC-MagdalenaEcop,39256.34,41709.1
2025-05-05,12,PT1H,MC-MagdalenaEcop,39288.23,45315.9
2025-05-05,23,PT1H,MC-MagdalenaEcop,39922.56,26659.7
2025-05-05,10,PT1H,MC-MagdalenaEcop,39215.06,47398.5
2025-05-05,9,PT1H,MC-MagdalenaEcop,38822.39,47251.1
2025-05-05,8,PT1H,MC-MagdalenaEcop,38952.79,49281.1
2025-05-05,7,PT1H,MC-MagdalenaEcop,39254.62,46219.7
2025-05-05,6,PT1H,MC-MagdalenaEcop,39961.66,47557.4
2025-05-05,5,PT1H,MC-MagdalenaEcop,40097.58,43344.3
2025-05-05,4,PT1H,MC-MagdalenaEcop,38717.11,41705.3
2025-05-05,3,PT1H,MC-MagdalenaEcop,36697.34,39033.2
2025-05-05,2,PT1H,MC-MagdalenaEcop,34971.79,48371.1
2025-05-05,1,PT1H,MC-MagdalenaEcop,26100.71,49383.3
2025-05-05,11,PT1H,MC-MagdalenaEcop,38914.27,49222.5
2025-05-06,15,PT1H,MC-MagdalenaEcop,16393.15,27158.6
2025-05-06,16,PT1H,MC-MagdalenaEcop,26773.33,27071.2
2025-05-06,17,PT1H,MC-MagdalenaEcop,24703.18,27144.6
2025-05-06,18,PT1H,MC-MagdalenaEcop,23824.28,27404.4
2025-05-06,23,PT1H,MC-MagdalenaEcop,25619.68,26678.5
2025-05-06,20,PT1H,MC-MagdalenaEcop,24265.48,28098.8
2025-05-06,21,PT1H,MC-MagdalenaEcop,24174.38,25990.3
2025-05-06,22,PT1H,MC-MagdalenaEcop,26437.69,27444.2
2025-05-06,14,PT1H,MC-MagdalenaEcop,11575.83,30547.6
2025-05-06,19,PT1H,MC-MagdalenaEcop,23907.12,28141.8
2025-05-06,13,PT1H,MC-MagdalenaEcop,18263.2,33646.1
2025-05-06,7,PT1H,MC-MagdalenaEcop,40270.9,49067.8
2025-05-06,11,PT1H,MC-MagdalenaEcop,41069.52,55576.9
2025-05-06,10,PT1H,MC-MagdalenaEcop,40467.03,55360.7
2025-05-06,9,PT1H,MC-MagdalenaEcop,40597.15,54866.2
2025-05-06,8,PT1H,MC-MagdalenaEcop,40050.52,51679.9
2025-05-06,6,PT1H,MC-MagdalenaEcop,40278.17,46958.9
2025-05-06,5,PT1H,MC-MagdalenaEcop,40106.27,46398.5
2025-05-06,4,PT1H,MC-MagdalenaEcop,37536.1,47332.3
2025-05-06,3,PT1H,MC-MagdalenaEcop,37350.4,44226.7
2025-05-06,2,PT1H,MC-MagdalenaEcop,37891.74,46950.5
2025-05-06,24,PT1H,MC-MagdalenaEcop,25168.84,26210.0
2025-05-06,12,PT1H,MC-MagdalenaEcop,29171.32,47863.9
2025-05-06,1,PT1H,MC-MagdalenaEcop,39866.33,44322.6
2025-05-07,23,PT1H,MC-MagdalenaEcop,33625.98,40754.0
2025-05-07,24,PT1H,MC-MagdalenaEcop,33138.79,39181.9
2025-05-07,1,PT1H,MC-MagdalenaEcop,25786.88,26012.3
2025-05-07,21,PT1H,MC-MagdalenaEcop,33425.89,40054.9
2025-05-07,20,PT1H,MC-MagdalenaEcop,32387.78,41081.7
2025-05-07,19,PT1H,MC-MagdalenaEcop,30652.75,42138.8
2025-05-07,18,PT1H,MC-MagdalenaEcop,29494.01,41901.6
2025-05-07,17,PT1H,MC-MagdalenaEcop,29030.9,41138.3
2025-05-07,15,PT1H,MC-MagdalenaEcop,29027.14,41036.0
2025-05-07,14,PT1H,MC-MagdalenaEcop,30219.82,40354.3
2025-05-07,13,PT1H,MC-MagdalenaEcop,29074.21,41003.4
2025-05-07,12,PT1H,MC-MagdalenaEcop,29783.25,41215.5
2025-05-07,11,PT1H,MC-MagdalenaEcop,30276.41,41045.1
2025-05-07,16,PT1H,MC-MagdalenaEcop,29122.46,41045.5
2025-05-07,9,PT1H,MC-MagdalenaEcop,29860.18,40345.9
2025-05-07,22,PT1H,MC-MagdalenaEcop,33981.09,40830.8
2025-05-07,8,PT1H,MC-MagdalenaEcop,26439.86,36273.1
2025-05-07,7,PT1H,MC-MagdalenaEcop,26703.69,35507.4
2025-05-07,6,PT1H,MC-MagdalenaEcop,26924.14,35407.3
2025-05-07,5,PT1H,MC-MagdalenaEcop,23534.31,35644.4
2025-05-07,4,PT1H,MC-MagdalenaEcop,28552.8,35340.1
2025-05-07,3,PT1H,MC-MagdalenaEcop,28273.37,35245.7
2025-05-07,2,PT1H,MC-MagdalenaEcop,27655.93,33217.1
2025-05-07,10,PT1H,MC-MagdalenaEcop,30263.19,40366.1
2025-05-08,16,PT1H,MC-MagdalenaEcop,5860.15,37807.9
2025-05-08,17,PT1H,MC-MagdalenaEcop,6888.45,37090.9
2025-05-08,18,PT1H,MC-MagdalenaEcop,11635.41,34799.4
2025-05-08,19,PT1H,MC-MagdalenaEcop,12201.74,35126.9
2025-05-08,24,PT1H,MC-MagdalenaEcop,11057.28,37092.3
2025-05-08,21,PT1H,MC-MagdalenaEcop,12405.77,36258.5
2025-05-08,22,PT1H,MC-MagdalenaEcop,11683.03,37333.8
2025-05-08,23,PT1H,MC-MagdalenaEcop,11317.35,37208.5
2025-05-08,15,PT1H,MC-MagdalenaEcop,6230.08,38498.8
2025-05-08,20,PT1H,MC-MagdalenaEcop,11943.38,35533.6
2025-05-08,1,PT1H,MC-MagdalenaEcop,32905.09,39361.8
2025-05-08,14,PT1H,MC-MagdalenaEcop,4841.09,36779.1
2025-05-08,12,PT1H,MC-MagdalenaEcop,15517.35,39090.1
2025-05-08,13,PT1H,MC-MagdalenaEcop,6698.29,38826.5
2025-05-08,3,PT1H,MC-MagdalenaEcop,32780.99,39412.1
2025-05-08,4,PT1H,MC-MagdalenaEcop,31952.52,37943.3
2025-05-08,5,PT1H,MC-MagdalenaEcop,31898.59,41569.1
2025-05-08,6,PT1H,MC-MagdalenaEcop,30987.05,39270.0
2025-05-08,2,PT1H,MC-MagdalenaEcop,32784.92,40667.9
2025-05-08,8,PT1H,MC-MagdalenaEcop,20335.09,41697.9
2025-05-08,9,PT1H,MC-MagdalenaEcop,20789.42,42096.3
2025-05-08,10,PT1H,MC-MagdalenaEcop,20926.83,42381.8
2025-05-08,11,PT1H,MC-MagdalenaEcop,20592.22,41123.1
2025-05-08,7,PT1H,MC-MagdalenaEcop,25367.01,39171.4
2025-05-09,11,PT1H,MC-MagdalenaEcop,20083.26,39149.2
2025-05-09,3,PT1H,MC-MagdalenaEcop,16979.83,37018.6
2025-05-09,4,PT1H,MC-MagdalenaEcop,17507.57,37100.0
2025-05-09,5,PT1H,MC-MagdalenaEcop,19889.52,37119.1
2025-05-09,6,PT1H,MC-MagdalenaEcop,19825.13,36994.6
2025-05-09,7,PT1H,MC-MagdalenaEcop,19959.93,36928.4
2025-05-09,8,PT1H,MC-MagdalenaEcop,20156.31,37301.8
2025-05-09,9,PT1H,MC-MagdalenaEcop,20406.13,36795.1
2025-05-09,10,PT1H,MC-MagdalenaEcop,20139.25,38794.3
2025-05-09,12,PT1H,MC-MagdalenaEcop,20113.89,38575.9
2025-05-09,18,PT1H,MC-MagdalenaEcop,22842.17,40352.0
2025-05-09,2,PT1H,MC-MagdalenaEcop,17787.55,37347.2
2025-05-09,15,PT1H,MC-MagdalenaEcop,22872.95,39327.2
2025-05-09,16,PT1H,MC-MagdalenaEcop,23246.64,38487.1
2025-05-09,17,PT1H,MC-MagdalenaEcop,22874.61,38217.6
2025-05-09,19,PT1H,MC-MagdalenaEcop,21453.77,40884.4
2025-05-09,20,PT1H,MC-MagdalenaEcop,21698.29,40128.3
2025-05-09,21,PT1H,MC-MagdalenaEcop,22568.02,41165.3
2025-05-09,22,PT1H,MC-MagdalenaEcop,22776.09,40685.6
2025-05-09,23,PT1H,MC-MagdalenaEcop,22458.74,40565.0
2025-05-09,24,PT1H,MC-MagdalenaEcop,22846.38,38069.3
2025-05-09,13,PT1H,MC-MagdalenaEcop,19944.81,38444.9
2025-05-09,1,PT1H,MC-MagdalenaEcop,11981.44,37601.7
2025-05-09,14,PT1H,MC-MagdalenaEcop,19167.06,39088.1
2025-05-10,24,PT1H,MC-MagdalenaEcop,5799.11,33758.2
2025-05-10,2,PT1H,MC-MagdalenaEcop,27028.82,37692.1
2025-05-10,3,PT1H,MC-MagdalenaEcop,30893.22,37264.0
2025-05-10,5,PT1H,MC-MagdalenaEcop,32262.33,36457.4
2025-05-10,6,PT1H,MC-MagdalenaEcop,33274.38,37029.3
2025-05-10,7,PT1H,MC-MagdalenaEcop,32062.3,38128.0
2025-05-10,8,PT1H,MC-MagdalenaEcop,32619.51,38630.7
2025-05-10,9,PT1H,MC-MagdalenaEcop,32915.23,38474.7
2025-05-10,10,PT1H,MC-MagdalenaEcop,33933.37,37586.6
2025-05-10,11,PT1H,MC-MagdalenaEcop,33803.6,38646.6
2025-05-10,12,PT1H,MC-MagdalenaEcop,34249.19,38630.1
2025-05-10,13,PT1H,MC-MagdalenaEcop,34267.49,39207.7
2025-05-10,4,PT1H,MC-MagdalenaEcop,30515.03,37324.4
2025-05-10,15,PT1H,MC-MagdalenaEcop,31075.0,39091.1
2025-05-10,16,PT1H,MC-MagdalenaEcop,25860.7,39615.7
2025-05-10,17,PT1H,MC-MagdalenaEcop,22586.51,39494.3
2025-05-10,18,PT1H,MC-MagdalenaEcop,22584.33,40135.6
2025-05-10,19,PT1H,MC-MagdalenaEcop,22545.81,40523.5
2025-05-10,20,PT1H,MC-MagdalenaEcop,18759.54,41098.0
2025-05-10,21,PT1H,MC-MagdalenaEcop,12534.98,40883.0
2025-05-10,22,PT1H,MC-MagdalenaEcop,8760.82,40662.8
2025-05-10,23,PT1H,MC-MagdalenaEcop,6646.54,38891.7
2025-05-10,1,PT1H,MC-MagdalenaEcop,21098.33,37661.7
2025-05-10,14,PT1H,MC-MagdalenaEcop,34014.39,39253.7
2025-05-11,11,PT1H,MC-MagdalenaEcop,5982.25,31439.0
2025-05-11,12,PT1H,MC-MagdalenaEcop,6420.25,37313.4
2025-05-11,13,PT1H,MC-MagdalenaEcop,8038.43,43722.7
2025-05-11,17,PT1H,MC-MagdalenaEcop,1360.22,44099.2
2025-05-11,15,PT1H,MC-MagdalenaEcop,6763.26,44231.6
2025-05-11,16,PT1H,MC-MagdalenaEcop,4735.59,44275.1
2025-05-11,10,PT1H,MC-MagdalenaEcop,3400.09,35567.0
2025-05-11,14,PT1H,MC-MagdalenaEcop,6999.85,43866.7
2025-05-11,9,PT1H,MC-MagdalenaEcop,4971.77,35379.6
2025-05-11,3,PT1H,MC-MagdalenaEcop,5528.16,29310.2
2025-05-11,7,PT1H,MC-MagdalenaEcop,6012.6,35273.8
2025-05-11,6,PT1H,MC-MagdalenaEcop,4785.5,36332.1
2025-05-11,5,PT1H,MC-MagdalenaEcop,5173.58,35473.7
2025-05-11,4,PT1H,MC-MagdalenaEcop,4895.61,31060.0
2025-05-11,2,PT1H,MC-MagdalenaEcop,4861.73,30129.0
2025-05-11,24,PT1H,MC-MagdalenaEcop,284.35,41170.5
2025-05-11,1,PT1H,MC-MagdalenaEcop,5326.5,33230.6
2025-05-11,21,PT1H,MC-MagdalenaEcop,4939.4,41820.4
2025-05-11,18,PT1H,MC-MagdalenaEcop,1665.51,44817.7
2025-05-11,8,PT1H,MC-MagdalenaEcop,8095.53,35492.5
2025-05-11,20,PT1H,MC-MagdalenaEcop,5491.92,41527.1
2025-05-11,19,PT1H,MC-MagdalenaEcop,3628.87,44798.2
2025-05-11,22,PT1H,MC-MagdalenaEcop,1145.15,43530.7
2025-05-11,23,PT1H,MC-MagdalenaEcop,622.21,42280.3
2025-05-12,2,PT1H,MC-MagdalenaEcop,20410.31,36176.7
2025-05-12,21,PT1H,MC-MagdalenaEcop,35858.67,36166.7
2025-05-12,20,PT1H,MC-MagdalenaEcop,34840.96,36166.7
2025-05-12,19,PT1H,MC-MagdalenaEcop,28825.16,36166.7
2025-05-12,18,PT1H,MC-MagdalenaEcop,23670.96,36176.7
2025-05-12,17,PT1H,MC-MagdalenaEcop,20544.09,36176.7
2025-05-12,16,PT1H,MC-MagdalenaEcop,21906.31,36176.7
2025-05-12,15,PT1H,MC-MagdalenaEcop,22287.52,36176.7
2025-05-12,14,PT1H,MC-MagdalenaEcop,21899.1,36176.7
2025-05-12,13,PT1H,MC-MagdalenaEcop,21612.15,36176.7
2025-05-12,12,PT1H,MC-MagdalenaEcop,21429.83,36176.7
2025-05-12,11,PT1H,MC-MagdalenaEcop,22055.07,36176.7
2025-05-12,1,PT1H,MC-MagdalenaEcop,13182.08,36176.7
2025-05-12,9,PT1H,MC-MagdalenaEcop,25424.06,36176.7
2025-05-12,8,PT1H,MC-MagdalenaEcop,21696.82,36176.7
2025-05-12,7,PT1H,MC-MagdalenaEcop,18724.31,36176.7
2025-05-12,6,PT1H,MC-MagdalenaEcop,15781.08,36176.7
2025-05-12,5,PT1H,MC-MagdalenaEcop,15843.89,36176.7
2025-05-12,4,PT1H,MC-MagdalenaEcop,13548.41,36176.7
2025-05-12,3,PT1H,MC-MagdalenaEcop,15584.6,36176.7
2025-05-12,22,PT1H,MC-MagdalenaEcop,36389.06,36176.7
2025-05-12,23,PT1H,MC-MagdalenaEcop,35670.12,36176.7
2025-05-12,24,PT1H,MC-MagdalenaEcop,35425.19,36176.7
2025-05-12,10,PT1H,MC-MagdalenaEcop,26199.36,36176.7
2025-05-13,21,PT1H,MC-MagdalenaEcop,15048.02,36166.7
2025-05-13,2,PT1H,MC-MagdalenaEcop,30155.59,36176.7
2025-05-13,20,PT1H,MC-MagdalenaEcop,15024.7,36166.7
2025-05-13,19,PT1H,MC-MagdalenaEcop,15055.71,36166.7
2025-05-13,18,PT1H,MC-MagdalenaEcop,17827.58,36176.7
2025-05-13,17,PT1H,MC-MagdalenaEcop,22399.65,36176.7
2025-05-13,16,PT1H,MC-MagdalenaEcop,22890.25,36176.7
2025-05-13,15,PT1H,MC-MagdalenaEcop,22712.51,36176.7
2025-05-13,14,PT1H,MC-MagdalenaEcop,22204.6,36176.7
2025-05-13,22,PT1H,MC-MagdalenaEcop,14926.44,36176.7
2025-05-13,1,PT1H,MC-MagdalenaEcop,37121.7,36176.7
2025-05-13,11,PT1H,MC-MagdalenaEcop,21818.12,36176.7
2025-05-13,10,PT1H,MC-MagdalenaEcop,22911.66,36176.7
2025-05-13,9,PT1H,MC-MagdalenaEcop,22205.16,36176.7
2025-05-13,8,PT1H,MC-MagdalenaEcop,21588.56,36176.7
2025-05-13,7,PT1H,MC-MagdalenaEcop,28596.07,36176.7
2025-05-13,6,PT1H,MC-MagdalenaEcop,30710.57,36176.7
2025-05-13,5,PT1H,MC-MagdalenaEcop,30426.99,36176.7
2025-05-13,23,PT1H,MC-MagdalenaEcop,16523.79,36176.7
2025-05-13,24,PT1H,MC-MagdalenaEcop,20623.75,36176.7
2025-05-13,12,PT1H,MC-MagdalenaEcop,21508.38,36176.7
2025-05-13,13,PT1H,MC-MagdalenaEcop,21601.92,36176.7
2025-05-13,4,PT1H,MC-MagdalenaEcop,29969.76,36176.7
2025-05-13,3,PT1H,MC-MagdalenaEcop,30262.86,36176.7
2025-05-14,9,PT1H,MC-MagdalenaEcop,20570.6,36176.7
2025-05-14,21,PT1H,MC-MagdalenaEcop,19830.88,36166.7
2025-05-14,20,PT1H,MC-MagdalenaEcop,20105.49,36166.7
2025-05-14,19,PT1H,MC-MagdalenaEcop,22416.29,36166.7
2025-05-14,18,PT1H,MC-MagdalenaEcop,23517.48,36176.7
2025-05-14,1,PT1H,MC-MagdalenaEcop,22116.46,36176.7
2025-05-14,2,PT1H,MC-MagdalenaEcop,22534.31,36176.7
2025-05-14,3,PT1H,MC-MagdalenaEcop,23012.66,36176.7
2025-05-14,4,PT1H,MC-MagdalenaEcop,22135.21,36176.7
2025-05-14,5,PT1H,MC-MagdalenaEcop,22652.63,36176.7
2025-05-14,7,PT1H,MC-MagdalenaEcop,22713.52,36176.7
2025-05-14,8,PT1H,MC-MagdalenaEcop,21910.74,36176.7
2025-05-14,17,PT1H,MC-MagdalenaEcop,22763.41,36176.7
2025-05-14,10,PT1H,MC-MagdalenaEcop,16562.65,36176.7
2025-05-14,11,PT1H,MC-MagdalenaEcop,20262.32,36176.7
2025-05-14,12,PT1H,MC-MagdalenaEcop,21642.94,36176.7
2025-05-14,13,PT1H,MC-MagdalenaEcop,23776.91,36176.7
2025-05-14,14,PT1H,MC-MagdalenaEcop,23737.95,36176.7
2025-05-14,6,PT1H,MC-MagdalenaEcop,22526.38,36176.7
2025-05-14,22,PT1H,MC-MagdalenaEcop,20327.05,36176.7
2025-05-14,23,PT1H,MC-MagdalenaEcop,19650.47,36176.7
2025-05-14,24,PT1H,MC-MagdalenaEcop,19657.62,36176.7
2025-05-14,15,PT1H,MC-MagdalenaEcop,22849.16,36176.7
2025-05-14,16,PT1H,MC-MagdalenaEcop,22367.87,36176.7
2025-05-15,3,PT1H,MC-MagdalenaEcop,19612.96,36176.7
2025-05-15,18,PT1H,MC-MagdalenaEcop,24734.05,36176.7
2025-05-15,17,PT1H,MC-MagdalenaEcop,24630.4,36176.7
2025-05-15,23,PT1H,MC-MagdalenaEcop,21763.63,36176.7
2025-05-15,16,PT1H,MC-MagdalenaEcop,23985.68,36176.7
2025-05-15,15,PT1H,MC-MagdalenaEcop,24159.09,36176.7
2025-05-15,14,PT1H,MC-MagdalenaEcop,24307.74,36176.7
2025-05-15,13,PT1H,MC-MagdalenaEcop,22363.87,36176.7
2025-05-15,2,PT1H,MC-MagdalenaEcop,19842.15,36176.7
2025-05-15,12,PT1H,MC-MagdalenaEcop,22084.78,36176.7
2025-05-15,1,PT1H,MC-MagdalenaEcop,19466.41,36176.7
2025-05-15,9,PT1H,MC-MagdalenaEcop,19441.15,36176.7
2025-05-15,8,PT1H,MC-MagdalenaEcop,19276.65,36176.7
2025-05-15,7,PT1H,MC-MagdalenaEcop,19313.92,36176.7
2025-05-15,6,PT1H,MC-MagdalenaEcop,19399.99,36176.7
2025-05-15,5,PT1H,MC-MagdalenaEcop,19034.52,36176.7
2025-05-15,4,PT1H,MC-MagdalenaEcop,19168.52,36176.7
2025-05-15,11,PT1H,MC-MagdalenaEcop,21033.57,36176.7
2025-05-15,10,PT1H,MC-MagdalenaEcop,19739.22,36176.7
2025-05-15,19,PT1H,MC-MagdalenaEcop,24677.31,36166.7
2025-05-15,20,PT1H,MC-MagdalenaEcop,24589.34,36166.7
2025-05-15,21,PT1H,MC-MagdalenaEcop,24051.24,36166.7
2025-05-15,24,PT1H,MC-MagdalenaEcop,19325.65,36176.7
2025-05-15,22,PT1H,MC-MagdalenaEcop,21455.68,36176.7
2025-05-16,21,PT1H,MC-MagdalenaEcop,23461.9,36166.7
2025-05-16,20,PT1H,MC-MagdalenaEcop,23774.36,36166.7
2025-05-16,19,PT1H,MC-MagdalenaEcop,23470.81,36166.7
2025-05-16,18,PT1H,MC-MagdalenaEcop,23542.54,36176.7
2025-05-16,17,PT1H,MC-MagdalenaEcop,23463.26,36176.7
2025-05-16,16,PT1H,MC-MagdalenaEcop,23610.96,36176.7
2025-05-16,15,PT1H,MC-MagdalenaEcop,23462.2,36176.7
2025-05-16,14,PT1H,MC-MagdalenaEcop,23936.33,36176.7
2025-05-16,13,PT1H,MC-MagdalenaEcop,23970.64,36176.7
2025-05-16,12,PT1H,MC-MagdalenaEcop,21424.69,36176.7
2025-05-16,11,PT1H,MC-MagdalenaEcop,18454.06,36176.7
2025-05-16,9,PT1H,MC-MagdalenaEcop,18572.79,36176.7
2025-05-16,23,PT1H,MC-MagdalenaEcop,22442.39,36176.7
2025-05-16,8,PT1H,MC-MagdalenaEcop,18724.78,36176.7
2025-05-16,7,PT1H,MC-MagdalenaEcop,18721.69,36176.7
2025-05-16,6,PT1H,MC-MagdalenaEcop,19668.69,36176.7
2025-05-16,5,PT1H,MC-MagdalenaEcop,18978.81,36176.7
2025-05-16,4,PT1H,MC-MagdalenaEcop,18575.42,36176.7
2025-05-16,3,PT1H,MC-MagdalenaEcop,18843.4,36176.7
2025-05-16,2,PT1H,MC-MagdalenaEcop,18976.89,36176.7
2025-05-16,1,PT1H,MC-MagdalenaEcop,18939.5,36176.7
2025-05-16,24,PT1H,MC-MagdalenaEcop,21242.81,36176.7
2025-05-16,10,PT1H,MC-MagdalenaEcop,18461.6,36176.7
2025-05-16,22,PT1H,MC-MagdalenaEcop,23141.41,36176.7
2025-05-17,22,PT1H,MC-MagdalenaEcop,30502.87,36176.7
2025-05-17,2,PT1H,MC-MagdalenaEcop,19071.47,36176.7
2025-05-17,24,PT1H,MC-MagdalenaEcop,31744.98,36176.7
2025-05-17,23,PT1H,MC-MagdalenaEcop,30100.87,36176.7
2025-05-17,21,PT1H,MC-MagdalenaEcop,31686.46,36166.7
2025-05-17,20,PT1H,MC-MagdalenaEcop,32068.95,36166.7
2025-05-17,19,PT1H,MC-MagdalenaEcop,26168.25,36166.7
2025-05-17,18,PT1H,MC-MagdalenaEcop,22763.13,36176.7
2025-05-17,1,PT1H,MC-MagdalenaEcop,19203.73,36176.7
2025-05-17,16,PT1H,MC-MagdalenaEcop,22722.9,36176.7
2025-05-17,15,PT1H,MC-MagdalenaEcop,20037.18,36176.7
2025-05-17,14,PT1H,MC-MagdalenaEcop,19070.75,36176.7
2025-05-17,17,PT1H,MC-MagdalenaEcop,22546.19,36176.7
2025-05-17,12,PT1H,MC-MagdalenaEcop,17816.75,36176.7
2025-05-17,13,PT1H,MC-MagdalenaEcop,17764.56,36176.7
2025-05-17,4,PT1H,MC-MagdalenaEcop,19532.87,36176.7
2025-05-17,5,PT1H,MC-MagdalenaEcop,19034.68,36176.7
2025-05-17,6,PT1H,MC-MagdalenaEcop,19717.17,36176.7
2025-05-17,3,PT1H,MC-MagdalenaEcop,19081.04,36176.7
2025-05-17,8,PT1H,MC-MagdalenaEcop,19464.23,36176.7
2025-05-17,9,PT1H,MC-MagdalenaEcop,18274.07,36176.7
2025-05-17,10,PT1H,MC-MagdalenaEcop,18645.18,36176.7
2025-05-17,11,PT1H,MC-MagdalenaEcop,18529.95,36176.7
2025-05-17,7,PT1H,MC-MagdalenaEcop,19933.85,36176.7
2025-05-18,24,PT1H,MC-MagdalenaEcop,18168.25,36176.7
2025-05-18,23,PT1H,MC-MagdalenaEcop,18270.26,36176.7
2025-05-18,22,PT1H,MC-MagdalenaEcop,18180.71,36176.7
2025-05-18,21,PT1H,MC-MagdalenaEcop,18496.33,36166.7
2025-05-18,20,PT1H,MC-MagdalenaEcop,18432.04,36166.7
2025-05-18,19,PT1H,MC-MagdalenaEcop,18247.51,36166.7
2025-05-18,18,PT1H,MC-MagdalenaEcop,18545.41,36176.7
2025-05-18,17,PT1H,MC-MagdalenaEcop,18427.96,36176.7
2025-05-18,16,PT1H,MC-MagdalenaEcop,18387.68,36176.7
2025-05-18,5,PT1H,MC-MagdalenaEcop,22290.45,36176.7
2025-05-18,14,PT1H,MC-MagdalenaEcop,18740.0,36176.7
2025-05-18,13,PT1H,MC-MagdalenaEcop,17413.89,36176.7
2025-05-18,12,PT1H,MC-MagdalenaEcop,15893.84,36176.7
2025-05-18,11,PT1H,MC-MagdalenaEcop,16441.26,36176.7
2025-05-18,10,PT1H,MC-MagdalenaEcop,17625.91,36176.7
2025-05-18,9,PT1H,MC-MagdalenaEcop,18723.02,36176.7
2025-05-18,8,PT1H,MC-MagdalenaEcop,19875.46,36176.7
2025-05-18,7,PT1H,MC-MagdalenaEcop,18931.34,36176.7
2025-05-18,6,PT1H,MC-MagdalenaEcop,21111.04,36176.7
2025-05-18,1,PT1H,MC-MagdalenaEcop,27825.21,36176.7
2025-05-18,15,PT1H,MC-MagdalenaEcop,18736.82,36176.7
2025-05-18,2,PT1H,MC-MagdalenaEcop,20922.87,36176.7
2025-05-18,3,PT1H,MC-MagdalenaEcop,20422.95,36176.7
2025-05-18,4,PT1H,MC-MagdalenaEcop,21068.73,36176.7
2025-05-19,1,PT1H,MC-MagdalenaEcop,19978.78,16390.7
2025-05-19,2,PT1H,MC-MagdalenaEcop,21718.29,22162.3
2025-05-19,3,PT1H,MC-MagdalenaEcop,22066.21,23254.4
2025-05-19,4,PT1H,MC-MagdalenaEcop,22823.47,24559.0
2025-05-19,5,PT1H,MC-MagdalenaEcop,24717.0,25409.3
2025-05-19,6,PT1H,MC-MagdalenaEcop,24949.34,25352.2
2025-05-19,7,PT1H,MC-MagdalenaEcop,25538.07,24905.4
2025-05-19,8,PT1H,MC-MagdalenaEcop,24039.97,24788.5
2025-05-19,9,PT1H,MC-MagdalenaEcop,24489.23,24757.8
2025-05-19,10,PT1H,MC-MagdalenaEcop,24417.28,25022.4
2025-05-19,11,PT1H,MC-MagdalenaEcop,24252.85,24833.8
2025-05-19,12,PT1H,MC-MagdalenaEcop,24423.3,25050.0
2025-05-19,14,PT1H,MC-MagdalenaEcop,20598.3,24932.2
2025-05-19,15,PT1H,MC-MagdalenaEcop,20310.52,18638.5
2025-05-19,16,PT1H,MC-MagdalenaEcop,21471.45,14961.8
2025-05-19,17,PT1H,MC-MagdalenaEcop,21214.9,12284.8
2025-05-19,18,PT1H,MC-MagdalenaEcop,21013.04,12520.5
2025-05-19,19,PT1H,MC-MagdalenaEcop,20991.63,17831.0
2025-05-19,20,PT1H,MC-MagdalenaEcop,20922.97,21737.0
2025-05-19,21,PT1H,MC-MagdalenaEcop,21013.4,25880.7
2025-05-19,22,PT1H,MC-MagdalenaEcop,21006.68,25993.8
2025-05-19,24,PT1H,MC-MagdalenaEcop,21401.92,25524.8
2025-05-19,13,PT1H,MC-MagdalenaEcop,20939.95,25014.2
2025-05-19,23,PT1H,MC-MagdalenaEcop,21228.84,25404.9
2025-05-20,2,PT1H,MC-MagdalenaEcop,20646.76,27476.7
2025-05-20,4,PT1H,MC-MagdalenaEcop,19983.53,27250.7
2025-05-20,5,PT1H,MC-MagdalenaEcop,20704.25,29191.4
2025-05-20,6,PT1H,MC-MagdalenaEcop,21959.25,29348.4
2025-05-20,7,PT1H,MC-MagdalenaEcop,22227.31,29348.3
2025-05-20,8,PT1H,MC-MagdalenaEcop,22512.24,29186.0
2025-05-20,9,PT1H,MC-MagdalenaEcop,22681.27,29639.4
2025-05-20,10,PT1H,MC-MagdalenaEcop,22118.33,29554.8
2025-05-20,11,PT1H,MC-MagdalenaEcop,22709.17,29980.6
2025-05-20,12,PT1H,MC-MagdalenaEcop,23316.95,21397.6
2025-05-20,13,PT1H,MC-MagdalenaEcop,23713.91,13337.0
2025-05-20,1,PT1H,MC-MagdalenaEcop,21076.38,28962.7
2025-05-20,14,PT1H,MC-MagdalenaEcop,23897.06,8503.7
2025-05-20,16,PT1H,MC-MagdalenaEcop,23186.21,19811.1
2025-05-20,17,PT1H,MC-MagdalenaEcop,23528.78,18234.1
2025-05-20,18,PT1H,MC-MagdalenaEcop,23045.47,17489.9
2025-05-20,19,PT1H,MC-MagdalenaEcop,22515.78,17471.8
2025-05-20,20,PT1H,MC-MagdalenaEcop,22187.51,17795.6
2025-05-20,21,PT1H,MC-MagdalenaEcop,21318.43,17746.3
2025-05-20,22,PT1H,MC-MagdalenaEcop,21006.65,19245.2
2025-05-20,23,PT1H,MC-MagdalenaEcop,21396.57,18663.1
2025-05-20,24,PT1H,MC-MagdalenaEcop,21191.31,18279.3
2025-05-20,15,PT1H,MC-MagdalenaEcop,23589.2,12180.2
2025-05-20,3,PT1H,MC-MagdalenaEcop,20247.52,27116.2
2025-05-21,1,PT1H,MC-MagdalenaEcop,20781.65,19378.2
2025-05-21,24,PT1H,MC-MagdalenaEcop,22821.42,25148.7
2025-05-21,23,PT1H,MC-MagdalenaEcop,23028.53,25552.3
2025-05-21,2,PT1H,MC-MagdalenaEcop,23202.47,20986.9
2025-05-21,3,PT1H,MC-MagdalenaEcop,22902.99,21458.9
2025-05-21,4,PT1H,MC-MagdalenaEcop,22725.37,21641.3
2025-05-21,5,PT1H,MC-MagdalenaEcop,22868.05,17762.4
2025-05-21,6,PT1H,MC-MagdalenaEcop,22929.61,20452.8
2025-05-21,7,PT1H,MC-MagdalenaEcop,12067.95,20257.4
2025-05-21,8,PT1H,MC-MagdalenaEcop,6854.27,20093.5
2025-05-21,9,PT1H,MC-MagdalenaEcop,122.37,22759.1
2025-05-21,10,PT1H,MC-MagdalenaEcop,714.36,22994.1
2025-05-21,11,PT1H,MC-MagdalenaEcop,560.56,23097.9
2025-05-21,12,PT1H,MC-MagdalenaEcop,52.87,22695.1
2025-05-21,13,PT1H,MC-MagdalenaEcop,485.16,22086.8
2025-05-21,14,PT1H,MC-MagdalenaEcop,708.22,23049.4
2025-05-21,15,PT1H,MC-MagdalenaEcop,531.68,22112.0
2025-05-21,16,PT1H,MC-MagdalenaEcop,409.63,22139.9
2025-05-21,17,PT1H,MC-MagdalenaEcop,334.67,22017.7
2025-05-21,18,PT1H,MC-MagdalenaEcop,9604.08,22352.3
2025-05-21,19,PT1H,MC-MagdalenaEcop,20640.12,23278.1
2025-05-21,20,PT1H,MC-MagdalenaEcop,24344.83,24640.0
2025-05-21,21,PT1H,MC-MagdalenaEcop,23746.21,25424.0
2025-05-21,22,PT1H,MC-MagdalenaEcop,22234.47,25831.1
2025-05-22,3,PT1H,MC-MagdalenaEcop,24598.53,40642.2
2025-05-22,2,PT1H,MC-MagdalenaEcop,22434.28,40647.6
2025-05-22,1,PT1H,MC-MagdalenaEcop,19497.54,40611.7
2025-05-22,15,PT1H,MC-MagdalenaEcop,20454.7,9079.9
2025-05-22,4,PT1H,MC-MagdalenaEcop,24034.85,39487.4
2025-05-22,7,PT1H,MC-MagdalenaEcop,25265.39,31344.8
2025-05-22,8,PT1H,MC-MagdalenaEcop,24460.73,25086.2
2025-05-22,9,PT1H,MC-MagdalenaEcop,17929.04,25795.5
2025-05-22,10,PT1H,MC-MagdalenaEcop,18876.26,25883.5
2025-05-22,11,PT1H,MC-MagdalenaEcop,18464.48,25488.9
2025-05-22,12,PT1H,MC-MagdalenaEcop,18820.9,19538.6
2025-05-22,13,PT1H,MC-MagdalenaEcop,21389.76,9666.8
2025-05-22,14,PT1H,MC-MagdalenaEcop,20450.13,7522.2
2025-05-22,5,PT1H,MC-MagdalenaEcop,21340.85,39542.0
2025-05-22,16,PT1H,MC-MagdalenaEcop,21514.23,8444.3
2025-05-22,17,PT1H,MC-MagdalenaEcop,21223.83,9541.2
2025-05-22,18,PT1H,MC-MagdalenaEcop,22917.42,14257.0
2025-05-22,19,PT1H,MC-MagdalenaEcop,24552.59,14994.2
2025-05-22,20,PT1H,MC-MagdalenaEcop,24106.17,14658.8
2025-05-22,21,PT1H,MC-MagdalenaEcop,24292.71,15147.1
2025-05-22,22,PT1H,MC-MagdalenaEcop,24390.31,14240.9
2025-05-22,23,PT1H,MC-MagdalenaEcop,21702.25,13760.7
2025-05-22,24,PT1H,MC-MagdalenaEcop,21039.93,13429.3
2025-05-22,6,PT1H,MC-MagdalenaEcop,24374.93,38399.2
2025-05-23,18,PT1H,MC-MagdalenaEcop,30539.02,24988.9
2025-05-23,23,PT1H,MC-MagdalenaEcop,27817.52,24557.6
2025-05-23,22,PT1H,MC-MagdalenaEcop,30059.48,24867.5
2025-05-23,17,PT1H,MC-MagdalenaEcop,29982.68,25075.8
2025-05-23,16,PT1H,MC-MagdalenaEcop,30414.2,25599.0
2025-05-23,15,PT1H,MC-MagdalenaEcop,30641.88,25219.9
2025-05-23,14,PT1H,MC-MagdalenaEcop,29644.88,21106.2
2025-05-23,13,PT1H,MC-MagdalenaEcop,29370.4,21806.7
2025-05-23,12,PT1H,MC-MagdalenaEcop,29539.76,22153.6
2025-05-23,11,PT1H,MC-MagdalenaEcop,27202.86,22040.0
2025-05-23,10,PT1H,MC-MagdalenaEcop,22367.67,22013.9
2025-05-23,19,PT1H,MC-MagdalenaEcop,31603.56,23541.4
2025-05-23,9,PT1H,MC-MagdalenaEcop,21040.35,22499.9
2025-05-23,7,PT1H,MC-MagdalenaEcop,23764.38,21832.9
2025-05-23,6,PT1H,MC-MagdalenaEcop,22725.4,21852.0
2025-05-23,5,PT1H,MC-MagdalenaEcop,20806.86,21938.8
2025-05-23,4,PT1H,MC-MagdalenaEcop,20223.89,19276.2
2025-05-23,3,PT1H,MC-MagdalenaEcop,20399.35,18647.7
2025-05-23,2,PT1H,MC-MagdalenaEcop,20398.63,19456.0
2025-05-23,1,PT1H,MC-MagdalenaEcop,20464.41,13196.5
2025-05-23,20,PT1H,MC-MagdalenaEcop,31351.16,23808.6
2025-05-23,8,PT1H,MC-MagdalenaEcop,21926.81,22082.6
2025-05-23,21,PT1H,MC-MagdalenaEcop,30940.67,24696.6
2025-05-23,24,PT1H,MC-MagdalenaEcop,21495.87,24951.5
2025-05-24,23,PT1H,MC-MagdalenaEcop,30210.91,6586.0
2025-05-24,5,PT1H,MC-MagdalenaEcop,22943.84,27718.1
2025-05-24,6,PT1H,MC-MagdalenaEcop,23358.46,28698.0
2025-05-24,7,PT1H,MC-MagdalenaEcop,20370.33,27660.7
2025-05-24,8,PT1H,MC-MagdalenaEcop,19452.35,28178.8
2025-05-24,9,PT1H,MC-MagdalenaEcop,19423.47,28531.8
2025-05-24,10,PT1H,MC-MagdalenaEcop,19892.03,29279.9
2025-05-24,11,PT1H,MC-MagdalenaEcop,20165.96,29269.5
2025-05-24,12,PT1H,MC-MagdalenaEcop,22052.15,29663.9
2025-05-24,13,PT1H,MC-MagdalenaEcop,23605.3,29636.7
2025-05-24,14,PT1H,MC-MagdalenaEcop,33657.7,29439.8
2025-05-24,15,PT1H,MC-MagdalenaEcop,33833.9,26870.5
2025-05-24,16,PT1H,MC-MagdalenaEcop,33535.27,22238.8
2025-05-24,17,PT1H,MC-MagdalenaEcop,29706.28,19457.3
2025-05-24,18,PT1H,MC-MagdalenaEcop,30474.17,19472.5
2025-05-24,19,PT1H,MC-MagdalenaEcop,30440.78,19437.6
2025-05-24,20,PT1H,MC-MagdalenaEcop,30707.23,16130.4
2025-05-24,21,PT1H,MC-MagdalenaEcop,30805.24,10668.5
2025-05-24,22,PT1H,MC-MagdalenaEcop,30348.89,8251.5
2025-05-24,1,PT1H,MC-MagdalenaEcop,21770.4,18024.2
2025-05-24,4,PT1H,MC-MagdalenaEcop,22328.11,26214.0
2025-05-24,3,PT1H,MC-MagdalenaEcop,22053.58,26556.6
2025-05-24,24,PT1H,MC-MagdalenaEcop,29741.52,5962.7
2025-05-24,2,PT1H,MC-MagdalenaEcop,21963.9,23262.0
2025-05-25,24,PT1H,MC-MagdalenaEcop,22819.65,7689.1
2025-05-25,5,PT1H,MC-MagdalenaEcop,21938.46,23811.1
2025-05-25,6,PT1H,MC-MagdalenaEcop,19087.56,21331.8
2025-05-25,7,PT1H,MC-MagdalenaEcop,19653.72,26412.0
2025-05-25,8,PT1H,MC-MagdalenaEcop,20369.97,32331.1
2025-05-25,9,PT1H,MC-MagdalenaEcop,20252.34,24879.5
2025-05-25,10,PT1H,MC-MagdalenaEcop,19607.45,20679.1
2025-05-25,11,PT1H,MC-MagdalenaEcop,18903.04,27219.7
2025-05-25,12,PT1H,MC-MagdalenaEcop,18942.96,27691.8
2025-05-25,13,PT1H,MC-MagdalenaEcop,20379.35,34159.2
2025-05-25,14,PT1H,MC-MagdalenaEcop,22033.93,30105.4
2025-05-25,15,PT1H,MC-MagdalenaEcop,21976.7,29095.7
2025-05-25,16,PT1H,MC-MagdalenaEcop,21832.52,23248.0
2025-05-25,17,PT1H,MC-MagdalenaEcop,21495.59,14055.5
2025-05-25,18,PT1H,MC-MagdalenaEcop,22886.78,15314.5
2025-05-25,19,PT1H,MC-MagdalenaEcop,21546.99,17681.1
2025-05-25,20,PT1H,MC-MagdalenaEcop,22641.99,23809.3
2025-05-25,21,PT1H,MC-MagdalenaEcop,23432.19,22024.9
2025-05-25,22,PT1H,MC-MagdalenaEcop,23141.6,11287.0
2025-05-25,23,PT1H,MC-MagdalenaEcop,22911.33,9664.7
2025-05-25,1,PT1H,MC-MagdalenaEcop,23592.35,24544.0
2025-05-25,3,PT1H,MC-MagdalenaEcop,20816.6,25372.6
2025-05-25,2,PT1H,MC-MagdalenaEcop,20712.43,22470.7
2025-05-25,4,PT1H,MC-MagdalenaEcop,21030.6,22332.1
2025-05-26,11,PT1H,MC-MagdalenaEcop,19208.6,20196.6
2025-05-26,22,PT1H,MC-MagdalenaEcop,23489.36,32935.4
2025-05-26,23,PT1H,MC-MagdalenaEcop,22962.17,32366.0
2025-05-26,24,PT1H,MC-MagdalenaEcop,20355.66,32062.8
2025-05-26,19,PT1H,MC-MagdalenaEcop,19131.5,26190.3
2025-05-26,18,PT1H,MC-MagdalenaEcop,17695.02,21479.6
2025-05-26,17,PT1H,MC-MagdalenaEcop,18252.86,18661.6
2025-05-26,16,PT1H,MC-MagdalenaEcop,17391.9,19972.7
2025-05-26,15,PT1H,MC-MagdalenaEcop,19758.14,20463.0
2025-05-26,14,PT1H,MC-MagdalenaEcop,20251.84,20063.2
2025-05-26,13,PT1H,MC-MagdalenaEcop,19048.46,19769.3
2025-05-26,12,PT1H,MC-MagdalenaEcop,16761.6,19676.0
2025-05-26,20,PT1H,MC-MagdalenaEcop,22553.77,31667.7
2025-05-26,10,PT1H,MC-MagdalenaEcop,19153.78,23990.0
2025-05-26,9,PT1H,MC-MagdalenaEcop,19628.88,23262.0
2025-05-26,8,PT1H,MC-MagdalenaEcop,22592.62,19894.6
2025-05-26,7,PT1H,MC-MagdalenaEcop,21613.19,17134.7
2025-05-26,6,PT1H,MC-MagdalenaEcop,22726.0,14380.7
2025-05-26,5,PT1H,MC-MagdalenaEcop,22568.6,14429.6
2025-05-26,4,PT1H,MC-MagdalenaEcop,22169.61,12408.3
2025-05-26,3,PT1H,MC-MagdalenaEcop,21213.66,14202.6
2025-05-26,2,PT1H,MC-MagdalenaEcop,21235.66,18626.6
2025-05-26,1,PT1H,MC-MagdalenaEcop,21499.18,12797.2
2025-05-26,21,PT1H,MC-MagdalenaEcop,23866.89,32568.4
2025-05-27,1,PT1H,MC-MagdalenaEcop,20570.83,34448.8
2025-05-27,2,PT1H,MC-MagdalenaEcop,20358.77,27932.0
2025-05-27,24,PT1H,MC-MagdalenaEcop,19854.87,18903.0
2025-05-27,22,PT1H,MC-MagdalenaEcop,20324.23,13729.9
2025-05-27,3,PT1H,MC-MagdalenaEcop,20111.37,27944.9
2025-05-27,4,PT1H,MC-MagdalenaEcop,20258.71,27734.8
2025-05-27,5,PT1H,MC-MagdalenaEcop,24650.68,28122.1
2025-05-27,6,PT1H,MC-MagdalenaEcop,25471.51,28388.4
2025-05-27,23,PT1H,MC-MagdalenaEcop,20026.95,15196.1
2025-05-27,8,PT1H,MC-MagdalenaEcop,29668.74,19910.3
2025-05-27,9,PT1H,MC-MagdalenaEcop,31821.32,20634.1
2025-05-27,10,PT1H,MC-MagdalenaEcop,33208.05,21160.7
2025-05-27,11,PT1H,MC-MagdalenaEcop,34214.51,20138.9
2025-05-27,7,PT1H,MC-MagdalenaEcop,25773.57,26446.4
2025-05-27,13,PT1H,MC-MagdalenaEcop,33534.86,19863.4
2025-05-27,14,PT1H,MC-MagdalenaEcop,34661.85,20518.8
2025-05-27,15,PT1H,MC-MagdalenaEcop,34562.9,21055.7
2025-05-27,16,PT1H,MC-MagdalenaEcop,34378.15,21211.5
2025-05-27,17,PT1H,MC-MagdalenaEcop,34201.01,20694.7
2025-05-27,18,PT1H,MC-MagdalenaEcop,32053.19,16417.1
2025-05-27,19,PT1H,MC-MagdalenaEcop,26182.89,13823.3
2025-05-27,20,PT1H,MC-MagdalenaEcop,25317.43,13689.8
2025-05-27,21,PT1H,MC-MagdalenaEcop,25383.86,13712.6
2025-05-27,12,PT1H,MC-MagdalenaEcop,34733.18,19980.7
2025-05-28,15,PT1H,MC-MagdalenaEcop,20726.73,22720.1
2025-05-28,16,PT1H,MC-MagdalenaEcop,21585.62,22208.6
2025-05-28,17,PT1H,MC-MagdalenaEcop,21585.81,22792.9
2025-05-28,18,PT1H,MC-MagdalenaEcop,21606.95,23523.2
2025-05-28,23,PT1H,MC-MagdalenaEcop,19463.01,19588.0
2025-05-28,20,PT1H,MC-MagdalenaEcop,20462.07,20008.8
2025-05-28,21,PT1H,MC-MagdalenaEcop,20624.18,19692.9
2025-05-28,22,PT1H,MC-MagdalenaEcop,20035.78,20207.6
2025-05-28,24,PT1H,MC-MagdalenaEcop,19341.2,19414.0
2025-05-28,19,PT1H,MC-MagdalenaEcop,20884.76,22366.7
2025-05-28,13,PT1H,MC-MagdalenaEcop,19256.44,23498.9
2025-05-28,14,PT1H,MC-MagdalenaEcop,20916.91,23577.9
2025-05-28,11,PT1H,MC-MagdalenaEcop,18551.25,20135.2
2025-05-28,10,PT1H,MC-MagdalenaEcop,19269.39,16500.5
2025-05-28,9,PT1H,MC-MagdalenaEcop,20122.55,20417.1
2025-05-28,8,PT1H,MC-MagdalenaEcop,19450.85,21795.3
2025-05-28,7,PT1H,MC-MagdalenaEcop,19052.9,22605.5
2025-05-28,6,PT1H,MC-MagdalenaEcop,18997.24,22399.2
2025-05-28,5,PT1H,MC-MagdalenaEcop,19214.5,22474.4
2025-05-28,4,PT1H,MC-MagdalenaEcop,19147.84,21893.7
2025-05-28,3,PT1H,MC-MagdalenaEcop,19758.85,22853.1
2025-05-28,2,PT1H,MC-MagdalenaEcop,19869.88,22393.1
2025-05-28,1,PT1H,MC-MagdalenaEcop,20190.81,21848.9
2025-05-28,12,PT1H,MC-MagdalenaEcop,18280.22,21511.4
2025-05-29,10,PT1H,MC-MagdalenaEcop,36987.74,20027.6
2025-05-29,9,PT1H,MC-MagdalenaEcop,35532.15,19753.9
2025-05-29,8,PT1H,MC-MagdalenaEcop,28275.39,19589.7
2025-05-29,3,PT1H,MC-MagdalenaEcop,21250.47,19855.8
2025-05-29,6,PT1H,MC-MagdalenaEcop,26904.82,19556.4
2025-05-29,5,PT1H,MC-MagdalenaEcop,23926.88,19213.0
2025-05-29,4,PT1H,MC-MagdalenaEcop,20781.13,19306.9
2025-05-29,11,PT1H,MC-MagdalenaEcop,37175.31,21326.7
2025-05-29,7,PT1H,MC-MagdalenaEcop,26631.14,19526.2
2025-05-29,12,PT1H,MC-MagdalenaEcop,37599.75,22415.6
2025-05-29,18,PT1H,MC-MagdalenaEcop,34498.91,25071.1
2025-05-29,14,PT1H,MC-MagdalenaEcop,33893.07,24532.2
2025-05-29,15,PT1H,MC-MagdalenaEcop,33927.32,24489.1
2025-05-29,16,PT1H,MC-MagdalenaEcop,33862.67,24261.7
2025-05-29,17,PT1H,MC-MagdalenaEcop,33781.1,24974.5
2025-05-29,19,PT1H,MC-MagdalenaEcop,22708.83,25031.3
2025-05-29,20,PT1H,MC-MagdalenaEcop,21111.9,24947.8
2025-05-29,21,PT1H,MC-MagdalenaEcop,21233.52,24355.2
2025-05-29,24,PT1H,MC-MagdalenaEcop,20285.58,19502.8
2025-05-29,23,PT1H,MC-MagdalenaEcop,20804.67,22022.2
2025-05-29,13,PT1H,MC-MagdalenaEcop,34779.72,22539.9
2025-05-29,22,PT1H,MC-MagdalenaEcop,20901.86,21778.6
2025-05-29,2,PT1H,MC-MagdalenaEcop,21644.4,20088.6
2025-05-29,1,PT1H,MC-MagdalenaEcop,20038.25,19708.0
2025-05-30,24,PT1H,MC-MagdalenaEcop,31116.75,21828.4
2025-05-30,3,PT1H,MC-MagdalenaEcop,30947.21,19408.0
2025-05-30,4,PT1H,MC-MagdalenaEcop,30888.71,19129.3
2025-05-30,5,PT1H,MC-MagdalenaEcop,29837.47,19602.9
2025-05-30,6,PT1H,MC-MagdalenaEcop,31493.56,20234.5
2025-05-30,7,PT1H,MC-MagdalenaEcop,30531.98,19342.3
2025-05-30,8,PT1H,MC-MagdalenaEcop,32886.61,19235.7
2025-05-30,9,PT1H,MC-MagdalenaEcop,35408.43,19032.1
2025-05-30,10,PT1H,MC-MagdalenaEcop,36559.11,18974.1
2025-05-30,11,PT1H,MC-MagdalenaEcop,36013.58,18983.0
2025-05-30,12,PT1H,MC-MagdalenaEcop,36487.78,22174.4
2025-05-30,13,PT1H,MC-MagdalenaEcop,30867.21,24546.2
2025-05-30,14,PT1H,MC-MagdalenaEcop,28759.88,24563.3
2025-05-30,15,PT1H,MC-MagdalenaEcop,26295.41,24210.9
2025-05-30,16,PT1H,MC-MagdalenaEcop,25615.79,24243.4
2025-05-30,17,PT1H,MC-MagdalenaEcop,30728.7,24069.6
2025-05-30,18,PT1H,MC-MagdalenaEcop,31164.88,24075.9
2025-05-30,19,PT1H,MC-MagdalenaEcop,32029.05,24022.2
2025-05-30,20,PT1H,MC-MagdalenaEcop,33316.27,24271.8
2025-05-30,21,PT1H,MC-MagdalenaEcop,33345.19,23996.0
2025-05-30,22,PT1H,MC-MagdalenaEcop,32269.46,23753.4
2025-05-30,2,PT1H,MC-MagdalenaEcop,23664.43,19558.6
2025-05-30,1,PT1H,MC-MagdalenaEcop,21417.04,19494.2
2025-05-30,23,PT1H,MC-MagdalenaEcop,31583.27,23001.9
2025-05-31,1,PT1H,MC-MagdalenaEcop,31044.11,18039.7
2025-05-31,24,PT1H,MC-MagdalenaEcop,27550.46,30121.3
2025-05-31,23,PT1H,MC-MagdalenaEcop,28065.69,28529.4
2025-05-31,22,PT1H,MC-MagdalenaEcop,28367.41,28909.2
2025-05-31,21,PT1H,MC-MagdalenaEcop,27907.28,30163.3
2025-05-31,20,PT1H,MC-MagdalenaEcop,28313.22,30518.3
2025-05-31,19,PT1H,MC-MagdalenaEcop,28628.65,24845.8
2025-05-31,18,PT1H,MC-MagdalenaEcop,28120.83,21477.4
2025-05-31,17,PT1H,MC-MagdalenaEcop,28577.56,21237.6
2025-05-31,16,PT1H,MC-MagdalenaEcop,32316.04,21403.4
2025-05-31,15,PT1H,MC-MagdalenaEcop,34252.77,18940.8
2025-05-31,14,PT1H,MC-MagdalenaEcop,33737.11,17974.0
2025-05-31,13,PT1H,MC-MagdalenaEcop,34638.43,16738.3
2025-05-31,12,PT1H,MC-MagdalenaEcop,35318.12,16862.3
2025-05-31,11,PT1H,MC-MagdalenaEcop,35352.87,17575.4
2025-05-31,10,PT1H,MC-MagdalenaEcop,34492.98,17582.6
2025-05-31,9,PT1H,MC-MagdalenaEcop,34218.99,17184.5
2025-05-31,8,PT1H,MC-MagdalenaEcop,32836.68,18441.4
2025-05-31,7,PT1H,MC-MagdalenaEcop,32067.02,18856.1
2025-05-31,6,PT1H,MC-MagdalenaEcop,34441.65,18587.4
2025-05-31,5,PT1H,MC-MagdalenaEcop,31035.18,17992.5
2025-05-31,4,PT1H,MC-MagdalenaEcop,30484.31,18428.9
2025-05-31,3,PT1H,MC-MagdalenaEcop,30512.51,18108.4
2025-05-31,2,PT1H,MC-MagdalenaEcop,30736.58,18114.9
2025-06-01,23,PT1H,MC-MagdalenaEcop,32423.18,19964.2
2025-06-01,24,PT1H,MC-MagdalenaEcop,31886.43,19894.5
2025-06-01,1,PT1H,MC-MagdalenaEcop,32370.84,30585.1
2025-06-01,2,PT1H,MC-MagdalenaEcop,34829.45,22998.4
2025-06-01,3,PT1H,MC-MagdalenaEcop,34390.71,22425.6
2025-06-01,4,PT1H,MC-MagdalenaEcop,34555.52,23123.3
2025-06-01,5,PT1H,MC-MagdalenaEcop,30724.82,24446.7
2025-06-01,6,PT1H,MC-MagdalenaEcop,33337.09,23060.9
2025-06-01,8,PT1H,MC-MagdalenaEcop,32767.84,21714.2
2025-06-01,9,PT1H,MC-MagdalenaEcop,26397.72,20532.6
2025-06-01,10,PT1H,MC-MagdalenaEcop,19978.62,19348.1
2025-06-01,11,PT1H,MC-MagdalenaEcop,13653.89,18103.3
2025-06-01,7,PT1H,MC-MagdalenaEcop,35730.95,20721.1
2025-06-01,13,PT1H,MC-MagdalenaEcop,18702.74,19248.3
2025-06-01,14,PT1H,MC-MagdalenaEcop,23859.64,20752.4
2025-06-01,15,PT1H,MC-MagdalenaEcop,25023.16,20782.3
2025-06-01,16,PT1H,MC-MagdalenaEcop,25256.99,20305.6
2025-06-01,17,PT1H,MC-MagdalenaEcop,26408.31,20275.9
2025-06-01,18,PT1H,MC-MagdalenaEcop,28085.96,20250.9
2025-06-01,19,PT1H,MC-MagdalenaEcop,30268.94,19953.4
2025-06-01,20,PT1H,MC-MagdalenaEcop,32193.25,20197.1
2025-06-01,21,PT1H,MC-MagdalenaEcop,33237.36,20405.1
2025-06-01,12,PT1H,MC-MagdalenaEcop,15054.11,17582.3
2025-06-01,22,PT1H,MC-MagdalenaEcop,32731.16,19961.9
2025-06-02,15,PT1H,MC-MagdalenaEcop,34684.59,38804.6
2025-06-02,16,PT1H,MC-MagdalenaEcop,35460.65,43294.2
2025-06-02,17,PT1H,MC-MagdalenaEcop,35606.71,43355.7
2025-06-02,18,PT1H,MC-MagdalenaEcop,35472.88,41497.1
2025-06-02,22,PT1H,MC-MagdalenaEcop,32977.35,39286.4
2025-06-02,20,PT1H,MC-MagdalenaEcop,35937.15,39975.4
2025-06-02,21,PT1H,MC-MagdalenaEcop,35579.97,39842.7
2025-06-02,14,PT1H,MC-MagdalenaEcop,35623.36,34754.1
2025-06-02,19,PT1H,MC-MagdalenaEcop,35385.93,40775.3
2025-06-02,13,PT1H,MC-MagdalenaEcop,38356.13,32439.3
2025-06-02,2,PT1H,MC-MagdalenaEcop,32877.4,29754.0
2025-06-02,11,PT1H,MC-MagdalenaEcop,38143.42,31778.3
2025-06-02,10,PT1H,MC-MagdalenaEcop,34768.15,31505.1
2025-06-02,9,PT1H,MC-MagdalenaEcop,33956.16,29577.2
2025-06-02,8,PT1H,MC-MagdalenaEcop,31603.03,28703.0
2025-06-02,7,PT1H,MC-MagdalenaEcop,30699.01,29065.7
2025-06-02,6,PT1H,MC-MagdalenaEcop,32906.22,32211.9
2025-06-02,5,PT1H,MC-MagdalenaEcop,32068.55,31657.1
2025-06-02,4,PT1H,MC-MagdalenaEcop,32389.37,31417.3
2025-06-02,3,PT1H,MC-MagdalenaEcop,33878.52,30629.0
2025-06-02,24,PT1H,MC-MagdalenaEcop,33235.06,38910.1
2025-06-02,1,PT1H,MC-MagdalenaEcop,31117.85,23053.0
2025-06-02,12,PT1H,MC-MagdalenaEcop,41584.11,31702.7
2025-06-02,23,PT1H,MC-MagdalenaEcop,33373.29,39151.8
2025-06-03,12,PT1H,MC-MagdalenaEcop,36342.81,36703.7
2025-06-03,2,PT1H,MC-MagdalenaEcop,32465.81,32241.7
2025-06-03,24,PT1H,MC-MagdalenaEcop,30369.59,33050.4
2025-06-03,23,PT1H,MC-MagdalenaEcop,29357.99,33530.1
2025-06-03,22,PT1H,MC-MagdalenaEcop,27884.0,32919.9
2025-06-03,21,PT1H,MC-MagdalenaEcop,27689.7,33290.2
2025-06-03,20,PT1H,MC-MagdalenaEcop,32675.92,34779.5
2025-06-03,18,PT1H,MC-MagdalenaEcop,33406.52,36134.2
2025-06-03,17,PT1H,MC-MagdalenaEcop,35382.15,37164.2
2025-06-03,16,PT1H,MC-MagdalenaEcop,37735.05,36618.8
2025-06-03,15,PT1H,MC-MagdalenaEcop,37183.22,37322.6
2025-06-03,14,PT1H,MC-MagdalenaEcop,37417.42,37555.4
2025-06-03,19,PT1H,MC-MagdalenaEcop,33535.49,35269.8
2025-06-03,11,PT1H,MC-MagdalenaEcop,35995.1,35747.3
2025-06-03,10,PT1H,MC-MagdalenaEcop,36007.79,34794.7
2025-06-03,9,PT1H,MC-MagdalenaEcop,34111.38,35595.7
2025-06-03,8,PT1H,MC-MagdalenaEcop,34200.86,35233.4
2025-06-03,7,PT1H,MC-MagdalenaEcop,35100.12,34791.0
2025-06-03,6,PT1H,MC-MagdalenaEcop,33265.75,34463.0
2025-06-03,5,PT1H,MC-MagdalenaEcop,34160.19,32547.4
2025-06-03,4,PT1H,MC-MagdalenaEcop,33445.31,31379.7
2025-06-03,3,PT1H,MC-MagdalenaEcop,31979.02,31887.5
2025-06-03,1,PT1H,MC-MagdalenaEcop,32972.37,32883.0
2025-06-03,13,PT1H,MC-MagdalenaEcop,37479.71,37237.6
2025-06-04,11,PT1H,MC-MagdalenaEcop,35048.88,35.4
2025-06-04,10,PT1H,MC-MagdalenaEcop,33038.94,477.6
2025-06-04,9,PT1H,MC-MagdalenaEcop,29344.87,656.9
2025-06-04,8,PT1H,MC-MagdalenaEcop,28788.72,19758.2
2025-06-04,7,PT1H,MC-MagdalenaEcop,30746.43,33315.4
2025-06-04,1,PT1H,MC-MagdalenaEcop,29542.16,56247.7
2025-06-04,5,PT1H,MC-MagdalenaEcop,29855.46,62161.8
2025-06-04,4,PT1H,MC-MagdalenaEcop,27535.48,61791.6
2025-06-04,2,PT1H,MC-MagdalenaEcop,27611.94,63087.7
2025-06-04,12,PT1H,MC-MagdalenaEcop,35514.33,651.2
2025-06-04,6,PT1H,MC-MagdalenaEcop,31673.22,62501.9
2025-06-04,13,PT1H,MC-MagdalenaEcop,35954.68,1918.3
2025-06-04,3,PT1H,MC-MagdalenaEcop,28531.99,62336.8
2025-06-04,15,PT1H,MC-MagdalenaEcop,34123.96,2184.0
2025-06-04,24,PT1H,MC-MagdalenaEcop,38876.74,60850.9
2025-06-04,22,PT1H,MC-MagdalenaEcop,39657.39,59166.5
2025-06-04,14,PT1H,MC-MagdalenaEcop,36082.67,2784.3
2025-06-04,21,PT1H,MC-MagdalenaEcop,38906.41,63802.9
2025-06-04,23,PT1H,MC-MagdalenaEcop,39611.76,61801.6
2025-06-04,19,PT1H,MC-MagdalenaEcop,35801.05,57209.2
2025-06-04,18,PT1H,MC-MagdalenaEcop,34899.22,30279.1
2025-06-04,17,PT1H,MC-MagdalenaEcop,33022.98,1689.1
2025-06-04,16,PT1H,MC-MagdalenaEcop,32089.82,1634.8
2025-06-04,20,PT1H,MC-MagdalenaEcop,38778.83,66798.1
2025-06-05,10,PT1H,MC-MagdalenaEcop,30000.82,29908.6
2025-06-05,3,PT1H,MC-MagdalenaEcop,32048.56,38648.0
2025-06-05,4,PT1H,MC-MagdalenaEcop,31037.96,37700.8
2025-06-05,5,PT1H,MC-MagdalenaEcop,31673.15,33391.8
2025-06-05,6,PT1H,MC-MagdalenaEcop,32092.81,38686.1
2025-06-05,7,PT1H,MC-MagdalenaEcop,30637.09,39724.5
2025-06-05,8,PT1H,MC-MagdalenaEcop,30287.66,38115.1
2025-06-05,9,PT1H,MC-MagdalenaEcop,30950.0,28301.4
2025-06-05,11,PT1H,MC-MagdalenaEcop,26338.83,29294.7
2025-06-05,16,PT1H,MC-MagdalenaEcop,24669.29,34154.3
2025-06-05,13,PT1H,MC-MagdalenaEcop,27862.55,33654.9
2025-06-05,14,PT1H,MC-MagdalenaEcop,24986.58,32366.3
2025-06-05,15,PT1H,MC-MagdalenaEcop,24899.65,32311.8
2025-06-05,2,PT1H,MC-MagdalenaEcop,32346.61,35748.1
2025-06-05,17,PT1H,MC-MagdalenaEcop,24071.58,33595.8
2025-06-05,18,PT1H,MC-MagdalenaEcop,24617.92,36614.1
2025-06-05,19,PT1H,MC-MagdalenaEcop,25587.58,39174.6
2025-06-05,20,PT1H,MC-MagdalenaEcop,25411.21,35487.5
2025-06-05,21,PT1H,MC-MagdalenaEcop,24872.47,38614.0
2025-06-05,12,PT1H,MC-MagdalenaEcop,27808.99,30339.2
2025-06-05,1,PT1H,MC-MagdalenaEcop,39952.75,30752.8
2025-06-05,22,PT1H,MC-MagdalenaEcop,25364.21,38773.9
2025-06-05,24,PT1H,MC-MagdalenaEcop,20056.35,33332.1
2025-06-05,23,PT1H,MC-MagdalenaEcop,19032.91,34450.6
2025-06-06,22,PT1H,MC-MagdalenaEcop,36566.57,40114.3
2025-06-06,24,PT1H,MC-MagdalenaEcop,35759.48,28440.3
2025-06-06,1,PT1H,MC-MagdalenaEcop,20794.39,27177.7
2025-06-06,2,PT1H,MC-MagdalenaEcop,20909.68,27067.4
2025-06-06,3,PT1H,MC-MagdalenaEcop,23971.23,27130.4
2025-06-06,4,PT1H,MC-MagdalenaEcop,25585.77,26848.7
2025-06-06,5,PT1H,MC-MagdalenaEcop,25826.92,27597.8
2025-06-06,6,PT1H,MC-MagdalenaEcop,24115.67,30234.3
2025-06-06,7,PT1H,MC-MagdalenaEcop,23682.38,31649.4
2025-06-06,8,PT1H,MC-MagdalenaEcop,22897.39,29277.9
2025-06-06,21,PT1H,MC-MagdalenaEcop,37124.76,41375.8
2025-06-06,9,PT1H,MC-MagdalenaEcop,27469.67,28018.1
2025-06-06,11,PT1H,MC-MagdalenaEcop,34575.96,36517.1
2025-06-06,12,PT1H,MC-MagdalenaEcop,36495.78,39544.7
2025-06-06,13,PT1H,MC-MagdalenaEcop,38385.9,39111.3
2025-06-06,14,PT1H,MC-MagdalenaEcop,38311.94,39615.1
2025-06-06,15,PT1H,MC-MagdalenaEcop,38779.82,41093.2
2025-06-06,16,PT1H,MC-MagdalenaEcop,38846.5,40629.6
2025-06-06,17,PT1H,MC-MagdalenaEcop,38428.54,39976.0
2025-06-06,19,PT1H,MC-MagdalenaEcop,38755.42,42230.0
2025-06-06,20,PT1H,MC-MagdalenaEcop,37952.33,42075.3
2025-06-06,23,PT1H,MC-MagdalenaEcop,35892.19,37034.0
2025-06-06,10,PT1H,MC-MagdalenaEcop,32603.38,29735.1
2025-06-06,18,PT1H,MC-MagdalenaEcop,38400.9,40647.6
2025-06-07,4,PT1H,MC-MagdalenaEcop,35468.66,30613.9
2025-06-07,5,PT1H,MC-MagdalenaEcop,32090.86,31516.7
2025-06-07,1,PT1H,MC-MagdalenaEcop,35181.41,29894.9
2025-06-07,9,PT1H,MC-MagdalenaEcop,33182.74,26672.4
2025-06-07,2,PT1H,MC-MagdalenaEcop,35002.86,29939.8
2025-06-07,3,PT1H,MC-MagdalenaEcop,34868.85,30337.9
2025-06-07,24,PT1H,MC-MagdalenaEcop,32670.87,41094.3
2025-06-07,23,PT1H,MC-MagdalenaEcop,32269.45,41755.2
2025-06-07,22,PT1H,MC-MagdalenaEcop,32722.66,42028.3
2025-06-07,21,PT1H,MC-MagdalenaEcop,34362.77,42795.8
2025-06-07,20,PT1H,MC-MagdalenaEcop,34849.22,42549.7
2025-06-07,7,PT1H,MC-MagdalenaEcop,31475.84,27858.2
2025-06-07,19,PT1H,MC-MagdalenaEcop,33419.28,42148.5
2025-06-07,17,PT1H,MC-MagdalenaEcop,34342.73,41042.1
2025-06-07,16,PT1H,MC-MagdalenaEcop,36028.66,46270.8
2025-06-07,15,PT1H,MC-MagdalenaEcop,35512.08,46825.6
2025-06-07,14,PT1H,MC-MagdalenaEcop,35595.21,46602.3
2025-06-07,13,PT1H,MC-MagdalenaEcop,35043.32,32465.5
2025-06-07,12,PT1H,MC-MagdalenaEcop,35018.45,30424.8
2025-06-07,11,PT1H,MC-MagdalenaEcop,34307.66,27806.1
2025-06-07,10,PT1H,MC-MagdalenaEcop,33870.99,27497.5
2025-06-07,18,PT1H,MC-MagdalenaEcop,33133.15,42149.9
2025-06-07,6,PT1H,MC-MagdalenaEcop,31921.6,32032.7
2025-06-07,8,PT1H,MC-MagdalenaEcop,32119.98,26818.0
2025-06-08,16,PT1H,MC-MagdalenaEcop,38671.24,36468.4
2025-06-08,7,PT1H,MC-MagdalenaEcop,33258.91,32855.2
2025-06-08,23,PT1H,MC-MagdalenaEcop,36513.16,38547.5
2025-06-08,22,PT1H,MC-MagdalenaEcop,37435.4,39029.3
2025-06-08,24,PT1H,MC-MagdalenaEcop,36407.38,38423.4
2025-06-08,8,PT1H,MC-MagdalenaEcop,33953.26,33936.2
2025-06-08,9,PT1H,MC-MagdalenaEcop,29579.98,33802.9
2025-06-08,10,PT1H,MC-MagdalenaEcop,30862.44,32711.9
2025-06-08,11,PT1H,MC-MagdalenaEcop,32245.67,31602.8
2025-06-08,12,PT1H,MC-MagdalenaEcop,32180.09,31674.9
2025-06-08,21,PT1H,MC-MagdalenaEcop,38607.08,39465.8
2025-06-08,20,PT1H,MC-MagdalenaEcop,39832.37,38204.2
2025-06-08,19,PT1H,MC-MagdalenaEcop,40107.46,36256.6
2025-06-08,18,PT1H,MC-MagdalenaEcop,39212.4,38342.8
2025-06-08,17,PT1H,MC-MagdalenaEcop,38861.75,35985.7
2025-06-08,13,PT1H,MC-MagdalenaEcop,34626.78,34054.8
2025-06-08,6,PT1H,MC-MagdalenaEcop,33397.81,32116.0
2025-06-08,5,PT1H,MC-MagdalenaEcop,33633.15,36852.9
2025-06-08,4,PT1H,MC-MagdalenaEcop,33595.46,35386.0
2025-06-08,3,PT1H,MC-MagdalenaEcop,33405.24,35183.1
2025-06-08,15,PT1H,MC-MagdalenaEcop,38467.9,36640.0
2025-06-08,14,PT1H,MC-MagdalenaEcop,37037.75,36864.6
2025-06-08,2,PT1H,MC-MagdalenaEcop,32781.54,35002.8
2025-06-08,1,PT1H,MC-MagdalenaEcop,32128.71,39733.2
2025-06-09,14,PT1H,MC-MagdalenaEcop,37466.88,22455.4
2025-06-09,13,PT1H,MC-MagdalenaEcop,37585.58,21072.2
2025-06-09,12,PT1H,MC-MagdalenaEcop,37895.48,18576.6
2025-06-09,11,PT1H,MC-MagdalenaEcop,37942.52,21310.6
2025-06-09,10,PT1H,MC-MagdalenaEcop,37133.35,21290.3
2025-06-09,9,PT1H,MC-MagdalenaEcop,38170.03,21824.1
2025-06-09,7,PT1H,MC-MagdalenaEcop,36385.41,24230.1
2025-06-09,6,PT1H,MC-MagdalenaEcop,36610.21,25407.5
2025-06-09,5,PT1H,MC-MagdalenaEcop,36107.72,25202.2
2025-06-09,4,PT1H,MC-MagdalenaEcop,36735.74,24735.7
2025-06-09,3,PT1H,MC-MagdalenaEcop,37971.19,23614.9
2025-06-09,2,PT1H,MC-MagdalenaEcop,38266.56,23764.0
2025-06-09,1,PT1H,MC-MagdalenaEcop,36880.75,23965.7
2025-06-09,8,PT1H,MC-MagdalenaEcop,36332.04,25208.2
2025-06-09,18,PT1H,MC-MagdalenaEcop,36302.81,19533.2
2025-06-09,22,PT1H,MC-MagdalenaEcop,35898.24,26066.4
2025-06-09,15,PT1H,MC-MagdalenaEcop,36848.7,22016.2
2025-06-09,20,PT1H,MC-MagdalenaEcop,34659.85,25013.5
2025-06-09,16,PT1H,MC-MagdalenaEcop,36806.82,19272.7
2025-06-09,17,PT1H,MC-MagdalenaEcop,36547.75,20204.0
2025-06-09,21,PT1H,MC-MagdalenaEcop,34334.45,26442.7
2025-06-09,19,PT1H,MC-MagdalenaEcop,36013.12,21118.2
2025-06-09,23,PT1H,MC-MagdalenaEcop,37499.18,25386.5
2025-06-09,24,PT1H,MC-MagdalenaEcop,35025.18,22467.2
2025-06-10,11,PT1H,MC-MagdalenaEcop,26286.3,22644.6
2025-06-10,12,PT1H,MC-MagdalenaEcop,27983.25,22909.8
2025-06-10,13,PT1H,MC-MagdalenaEcop,27578.62,22056.3
2025-06-10,19,PT1H,MC-MagdalenaEcop,13454.58,17202.5
2025-06-10,15,PT1H,MC-MagdalenaEcop,21817.47,22870.1
2025-06-10,16,PT1H,MC-MagdalenaEcop,26203.2,22753.7
2025-06-10,17,PT1H,MC-MagdalenaEcop,17232.7,22499.8
2025-06-10,14,PT1H,MC-MagdalenaEcop,23025.32,22923.6
2025-06-10,10,PT1H,MC-MagdalenaEcop,26326.87,21970.7
2025-06-10,8,PT1H,MC-MagdalenaEcop,32356.8,19709.9
2025-06-10,7,PT1H,MC-MagdalenaEcop,38401.11,17098.2
2025-06-10,6,PT1H,MC-MagdalenaEcop,39351.04,16816.2
2025-06-10,5,PT1H,MC-MagdalenaEcop,39073.56,16295.6
2025-06-10,4,PT1H,MC-MagdalenaEcop,38343.57,13333.1
2025-06-10,3,PT1H,MC-MagdalenaEcop,38079.91,13225.1
2025-06-10,2,PT1H,MC-MagdalenaEcop,35855.68,13405.9
2025-06-10,18,PT1H,MC-MagdalenaEcop,13221.84,21105.3
2025-06-10,1,PT1H,MC-MagdalenaEcop,34988.44,13530.0
2025-06-10,24,PT1H,MC-MagdalenaEcop,16748.9,12988.1
2025-06-10,22,PT1H,MC-MagdalenaEcop,13431.94,13301.9
2025-06-10,21,PT1H,MC-MagdalenaEcop,13187.62,16636.5
2025-06-10,20,PT1H,MC-MagdalenaEcop,13149.76,16655.1
2025-06-10,9,PT1H,MC-MagdalenaEcop,29013.1,21054.4
2025-06-10,23,PT1H,MC-MagdalenaEcop,15839.56,13104.6
2025-06-11,19,PT1H,MC-MagdalenaEcop,27181.58,21747.5
2025-06-11,23,PT1H,MC-MagdalenaEcop,25928.84,20209.3
2025-06-11,24,PT1H,MC-MagdalenaEcop,25903.2,20024.0
2025-06-11,2,PT1H,MC-MagdalenaEcop,16088.71,20542.4
2025-06-11,1,PT1H,MC-MagdalenaEcop,16343.95,20845.4
2025-06-11,3,PT1H,MC-MagdalenaEcop,17413.41,20478.9
2025-06-11,4,PT1H,MC-MagdalenaEcop,18762.62,19785.9
2025-06-11,5,PT1H,MC-MagdalenaEcop,18968.76,19846.4
2025-06-11,7,PT1H,MC-MagdalenaEcop,19294.8,19787.6
2025-06-11,8,PT1H,MC-MagdalenaEcop,9205.67,20204.4
2025-06-11,9,PT1H,MC-MagdalenaEcop,4153.55,20791.4
2025-06-11,10,PT1H,MC-MagdalenaEcop,105.65,19883.6
2025-06-11,6,PT1H,MC-MagdalenaEcop,19154.94,19694.8
2025-06-11,12,PT1H,MC-MagdalenaEcop,7874.32,18985.8
2025-06-11,22,PT1H,MC-MagdalenaEcop,26355.11,20810.8
2025-06-11,11,PT1H,MC-MagdalenaEcop,575.45,19243.3
2025-06-11,20,PT1H,MC-MagdalenaEcop,27322.52,21335.1
2025-06-11,18,PT1H,MC-MagdalenaEcop,26001.83,22358.2
2025-06-11,17,PT1H,MC-MagdalenaEcop,26505.74,22419.9
2025-06-11,21,PT1H,MC-MagdalenaEcop,27167.45,21452.1
2025-06-11,15,PT1H,MC-MagdalenaEcop,24459.17,21471.4
2025-06-11,14,PT1H,MC-MagdalenaEcop,20543.39,21732.8
2025-06-11,13,PT1H,MC-MagdalenaEcop,19505.73,19849.3
2025-06-11,16,PT1H,MC-MagdalenaEcop,27106.88,22508.7
2025-06-12,13,PT1H,MC-MagdalenaEcop,34024.7,28744.1
2025-06-12,24,PT1H,MC-MagdalenaEcop,21556.46,16825.7
2025-06-12,21,PT1H,MC-MagdalenaEcop,24475.22,17614.4
2025-06-12,20,PT1H,MC-MagdalenaEcop,28362.6,17538.8
2025-06-12,19,PT1H,MC-MagdalenaEcop,30244.13,18823.7
2025-06-12,18,PT1H,MC-MagdalenaEcop,29571.17,28654.2
2025-06-12,17,PT1H,MC-MagdalenaEcop,29045.51,28097.2
2025-06-12,16,PT1H,MC-MagdalenaEcop,29684.54,28192.6
2025-06-12,15,PT1H,MC-MagdalenaEcop,30283.21,28215.5
2025-06-12,14,PT1H,MC-MagdalenaEcop,32884.46,28079.3
2025-06-12,12,PT1H,MC-MagdalenaEcop,33978.71,31184.4
2025-06-12,23,PT1H,MC-MagdalenaEcop,23333.51,17302.7
2025-06-12,10,PT1H,MC-MagdalenaEcop,31293.63,30631.5
2025-06-12,9,PT1H,MC-MagdalenaEcop,29442.87,29475.7
2025-06-12,8,PT1H,MC-MagdalenaEcop,23460.98,23385.8
2025-06-12,7,PT1H,MC-MagdalenaEcop,23049.45,22020.0
2025-06-12,6,PT1H,MC-MagdalenaEcop,22488.09,22261.2
2025-06-12,5,PT1H,MC-MagdalenaEcop,23898.17,19751.0
2025-06-12,4,PT1H,MC-MagdalenaEcop,27986.81,17088.6
2025-06-12,3,PT1H,MC-MagdalenaEcop,27939.35,17464.3
2025-06-12,2,PT1H,MC-MagdalenaEcop,28029.62,17828.9
2025-06-12,1,PT1H,MC-MagdalenaEcop,27930.75,16518.4
2025-06-12,11,PT1H,MC-MagdalenaEcop,33662.15,30839.6
2025-06-12,22,PT1H,MC-MagdalenaEcop,22912.06,17370.3
2025-06-13,4,PT1H,MC-MagdalenaEcop,20337.32,23144.9
2025-06-13,24,PT1H,MC-MagdalenaEcop,31703.03,22971.6
2025-06-13,1,PT1H,MC-MagdalenaEcop,19743.59,15985.3
2025-06-13,2,PT1H,MC-MagdalenaEcop,20774.29,17729.5
2025-06-13,5,PT1H,MC-MagdalenaEcop,19873.99,22368.0
2025-06-13,6,PT1H,MC-MagdalenaEcop,19806.26,23638.3
2025-06-13,7,PT1H,MC-MagdalenaEcop,18921.81,22873.9
2025-06-13,8,PT1H,MC-MagdalenaEcop,18565.13,24689.2
2025-06-13,9,PT1H,MC-MagdalenaEcop,18594.91,26541.0
2025-06-13,10,PT1H,MC-MagdalenaEcop,18555.31,27448.9
2025-06-13,11,PT1H,MC-MagdalenaEcop,19945.14,26944.1
2025-06-13,12,PT1H,MC-MagdalenaEcop,22172.73,27200.9
2025-06-13,3,PT1H,MC-MagdalenaEcop,20362.47,23160.7
2025-06-13,14,PT1H,MC-MagdalenaEcop,22594.55,21291.2
2025-06-13,13,PT1H,MC-MagdalenaEcop,22526.81,22914.7
2025-06-13,23,PT1H,MC-MagdalenaEcop,33498.8,23366.7
2025-06-13,21,PT1H,MC-MagdalenaEcop,33346.74,24668.4
2025-06-13,20,PT1H,MC-MagdalenaEcop,33508.27,24623.7
2025-06-13,22,PT1H,MC-MagdalenaEcop,33800.85,23858.1
2025-06-13,18,PT1H,MC-MagdalenaEcop,32733.65,23054.6
2025-06-13,17,PT1H,MC-MagdalenaEcop,32670.79,22815.6
2025-06-13,16,PT1H,MC-MagdalenaEcop,33170.28,18982.1
2025-06-13,15,PT1H,MC-MagdalenaEcop,28204.21,19487.2
2025-06-13,19,PT1H,MC-MagdalenaEcop,33365.43,23671.3
2025-06-14,24,PT1H,MC-MagdalenaEcop,32960.58,19907.0
2025-06-14,8,PT1H,MC-MagdalenaEcop,31634.81,23800.5
2025-06-14,1,PT1H,MC-MagdalenaEcop,30006.25,22439.3
2025-06-14,2,PT1H,MC-MagdalenaEcop,29454.24,22214.7
2025-06-14,3,PT1H,MC-MagdalenaEcop,31074.77,22013.5
2025-06-14,4,PT1H,MC-MagdalenaEcop,32030.28,22017.3
2025-06-14,5,PT1H,MC-MagdalenaEcop,32475.88,22393.0
2025-06-14,6,PT1H,MC-MagdalenaEcop,31985.02,24903.9
2025-06-14,7,PT1H,MC-MagdalenaEcop,31331.45,23199.0
2025-06-14,9,PT1H,MC-MagdalenaEcop,31104.73,24785.8
2025-06-14,14,PT1H,MC-MagdalenaEcop,32046.31,24426.9
2025-06-14,11,PT1H,MC-MagdalenaEcop,31519.72,25636.1
2025-06-14,12,PT1H,MC-MagdalenaEcop,32249.42,25616.0
2025-06-14,13,PT1H,MC-MagdalenaEcop,32638.56,25076.6
2025-06-14,15,PT1H,MC-MagdalenaEcop,32389.88,24830.8
2025-06-14,16,PT1H,MC-MagdalenaEcop,32192.44,23311.0
2025-06-14,17,PT1H,MC-MagdalenaEcop,31878.0,20627.8
2025-06-14,18,PT1H,MC-MagdalenaEcop,32741.91,20288.5
2025-06-14,19,PT1H,MC-MagdalenaEcop,34101.05,20740.8
2025-06-14,22,PT1H,MC-MagdalenaEcop,33291.63,20579.6
2025-06-14,23,PT1H,MC-MagdalenaEcop,33266.92,20342.8
2025-06-14,10,PT1H,MC-MagdalenaEcop,31064.66,25053.5
2025-06-14,21,PT1H,MC-MagdalenaEcop,33000.94,20245.9
2025-06-14,20,PT1H,MC-MagdalenaEcop,33633.36,20482.8
2025-06-15,24,PT1H,MC-MagdalenaEcop,34650.12,26004.2
2025-06-15,23,PT1H,MC-MagdalenaEcop,35836.27,26429.5
2025-06-15,22,PT1H,MC-MagdalenaEcop,36319.64,26649.9
2025-06-15,4,PT1H,MC-MagdalenaEcop,31622.72,27903.5
2025-06-15,5,PT1H,MC-MagdalenaEcop,31797.46,24850.4
2025-06-15,6,PT1H,MC-MagdalenaEcop,32289.89,26950.6
2025-06-15,7,PT1H,MC-MagdalenaEcop,31301.86,28589.7
2025-06-15,8,PT1H,MC-MagdalenaEcop,31136.81,26191.7
2025-06-15,9,PT1H,MC-MagdalenaEcop,31339.11,21018.9
2025-06-15,3,PT1H,MC-MagdalenaEcop,30571.07,27927.9
2025-06-15,10,PT1H,MC-MagdalenaEcop,29574.53,15622.1
2025-06-15,12,PT1H,MC-MagdalenaEcop,30320.15,11688.8
2025-06-15,13,PT1H,MC-MagdalenaEcop,30743.89,14626.1
2025-06-15,14,PT1H,MC-MagdalenaEcop,30686.01,18751.8
2025-06-15,15,PT1H,MC-MagdalenaEcop,30853.41,19736.1
2025-06-15,16,PT1H,MC-MagdalenaEcop,31235.23,20202.0
2025-06-15,17,PT1H,MC-MagdalenaEcop,31623.47,21439.9
2025-06-15,18,PT1H,MC-MagdalenaEcop,32090.77,22845.1
2025-06-15,19,PT1H,MC-MagdalenaEcop,34208.64,24638.5
2025-06-15,11,PT1H,MC-MagdalenaEcop,30048.22,10551.9
2025-06-15,20,PT1H,MC-MagdalenaEcop,36248.07,26277.3
2025-06-15,1,PT1H,MC-MagdalenaEcop,33862.91,26270.9
2025-06-15,21,PT1H,MC-MagdalenaEcop,36699.24,27059.2
2025-06-15,2,PT1H,MC-MagdalenaEcop,32018.35,28285.2
2025-06-16,4,PT1H,MC-MagdalenaEcop,34285.6,35781.2
2025-06-16,5,PT1H,MC-MagdalenaEcop,33558.97,35531.8
2025-06-16,6,PT1H,MC-MagdalenaEcop,31462.97,36437.7
2025-06-16,7,PT1H,MC-MagdalenaEcop,29790.84,33961.4
2025-06-16,8,PT1H,MC-MagdalenaEcop,31382.43,35040.5
2025-06-16,9,PT1H,MC-MagdalenaEcop,31892.63,37526.0
2025-06-16,10,PT1H,MC-MagdalenaEcop,31771.49,38419.1
2025-06-16,11,PT1H,MC-MagdalenaEcop,32055.78,42210.8
2025-06-16,12,PT1H,MC-MagdalenaEcop,32288.97,46001.7
2025-06-16,22,PT1H,MC-MagdalenaEcop,34019.02,36273.8
2025-06-16,15,PT1H,MC-MagdalenaEcop,32225.67,38164.4
2025-06-16,16,PT1H,MC-MagdalenaEcop,34152.44,38986.7
2025-06-16,17,PT1H,MC-MagdalenaEcop,33215.86,39121.7
2025-06-16,18,PT1H,MC-MagdalenaEcop,33029.82,39000.6
2025-06-16,19,PT1H,MC-MagdalenaEcop,33490.99,38987.6
2025-06-16,20,PT1H,MC-MagdalenaEcop,33606.37,39592.3
2025-06-16,1,PT1H,MC-MagdalenaEcop,35194.93,34349.9
2025-06-16,21,PT1H,MC-MagdalenaEcop,31771.03,39181.1
2025-06-16,24,PT1H,MC-MagdalenaEcop,31059.19,36687.1
2025-06-16,14,PT1H,MC-MagdalenaEcop,32216.66,39241.8
2025-06-16,13,PT1H,MC-MagdalenaEcop,32257.33,42391.9
2025-06-16,2,PT1H,MC-MagdalenaEcop,34924.09,36376.4
2025-06-16,3,PT1H,MC-MagdalenaEcop,34779.25,37480.5
2025-06-16,23,PT1H,MC-MagdalenaEcop,33347.14,36712.9
2025-06-17,18,PT1H,MC-MagdalenaEcop,30602.39,37435.0
2025-06-17,17,PT1H,MC-MagdalenaEcop,35891.01,39676.6
2025-06-17,16,PT1H,MC-MagdalenaEcop,36234.71,42320.9
2025-06-17,15,PT1H,MC-MagdalenaEcop,36308.3,41681.8
2025-06-17,14,PT1H,MC-MagdalenaEcop,36557.23,41802.1
2025-06-17,13,PT1H,MC-MagdalenaEcop,35409.36,41893.5
2025-06-17,12,PT1H,MC-MagdalenaEcop,35446.54,40709.6
2025-06-17,11,PT1H,MC-MagdalenaEcop,34335.48,40262.1
2025-06-17,10,PT1H,MC-MagdalenaEcop,35332.27,40301.4
2025-06-17,9,PT1H,MC-MagdalenaEcop,36597.28,38199.0
2025-06-17,7,PT1H,MC-MagdalenaEcop,34736.08,39228.0
2025-06-17,6,PT1H,MC-MagdalenaEcop,33871.44,37083.6
2025-06-17,5,PT1H,MC-MagdalenaEcop,34135.3,38078.9
2025-06-17,4,PT1H,MC-MagdalenaEcop,34312.97,37266.7
2025-06-17,3,PT1H,MC-MagdalenaEcop,31895.39,35618.5
2025-06-17,2,PT1H,MC-MagdalenaEcop,31639.3,36158.0
2025-06-17,1,PT1H,MC-MagdalenaEcop,33265.63,36784.2
2025-06-17,23,PT1H,MC-MagdalenaEcop,32966.25,32745.7
2025-06-17,24,PT1H,MC-MagdalenaEcop,31829.21,33835.6
2025-06-17,8,PT1H,MC-MagdalenaEcop,36226.61,38239.6
2025-06-17,20,PT1H,MC-MagdalenaEcop,25013.82,36446.9
2025-06-17,19,PT1H,MC-MagdalenaEcop,24476.95,37474.0
2025-06-17,22,PT1H,MC-MagdalenaEcop,34010.26,31027.4
2025-06-17,21,PT1H,MC-MagdalenaEcop,29688.08,30949.1
2025-06-18,6,PT1H,MC-MagdalenaEcop,32042.55,35943.4
2025-06-18,2,PT1H,MC-MagdalenaEcop,29369.53,31372.5
2025-06-18,3,PT1H,MC-MagdalenaEcop,30641.64,32304.3
2025-06-18,4,PT1H,MC-MagdalenaEcop,31389.4,31066.1
2025-06-18,24,PT1H,MC-MagdalenaEcop,31386.26,44223.8
2025-06-18,23,PT1H,MC-MagdalenaEcop,34105.01,44871.9
2025-06-18,22,PT1H,MC-MagdalenaEcop,34481.35,45022.4
2025-06-18,21,PT1H,MC-MagdalenaEcop,34776.41,44063.7
2025-06-18,20,PT1H,MC-MagdalenaEcop,33679.54,43886.2
2025-06-18,19,PT1H,MC-MagdalenaEcop,33351.59,40555.5
2025-06-18,18,PT1H,MC-MagdalenaEcop,32753.75,39573.7
2025-06-18,17,PT1H,MC-MagdalenaEcop,31199.89,37516.3
2025-06-18,16,PT1H,MC-MagdalenaEcop,31154.28,36486.5
2025-06-18,15,PT1H,MC-MagdalenaEcop,33230.24,38683.3
2025-06-18,14,PT1H,MC-MagdalenaEcop,35036.87,40828.3
2025-06-18,13,PT1H,MC-MagdalenaEcop,32481.95,40660.8
2025-06-18,12,PT1H,MC-MagdalenaEcop,31350.74,40223.5
2025-06-18,11,PT1H,MC-MagdalenaEcop,29803.33,39685.2
2025-06-18,10,PT1H,MC-MagdalenaEcop,28573.2,37496.3
2025-06-18,9,PT1H,MC-MagdalenaEcop,30554.82,33212.5
2025-06-18,8,PT1H,MC-MagdalenaEcop,30768.66,32585.2
2025-06-18,7,PT1H,MC-MagdalenaEcop,31361.58,34870.7
2025-06-18,5,PT1H,MC-MagdalenaEcop,31607.13,33927.3
2025-06-18,1,PT1H,MC-MagdalenaEcop,31675.28,33430.5
2025-06-19,5,PT1H,MC-MagdalenaEcop,32129.73,32559.6
2025-06-19,23,PT1H,MC-MagdalenaEcop,29345.63,28522.9
2025-06-19,24,PT1H,MC-MagdalenaEcop,28832.83,27736.3
2025-06-19,2,PT1H,MC-MagdalenaEcop,30561.76,29390.5
2025-06-19,3,PT1H,MC-MagdalenaEcop,31492.22,28789.2
2025-06-19,4,PT1H,MC-MagdalenaEcop,31240.57,28169.8
2025-06-19,6,PT1H,MC-MagdalenaEcop,32255.09,36698.6
2025-06-19,7,PT1H,MC-MagdalenaEcop,31581.19,36300.9
2025-06-19,8,PT1H,MC-MagdalenaEcop,32314.46,38552.9
2025-06-19,9,PT1H,MC-MagdalenaEcop,32951.64,48594.2
2025-06-19,10,PT1H,MC-MagdalenaEcop,31258.13,50499.9
2025-06-19,11,PT1H,MC-MagdalenaEcop,31263.9,50843.0
2025-06-19,1,PT1H,MC-MagdalenaEcop,30880.53,27229.7
2025-06-19,13,PT1H,MC-MagdalenaEcop,34012.91,47387.9
2025-06-19,14,PT1H,MC-MagdalenaEcop,35519.41,46291.7
2025-06-19,15,PT1H,MC-MagdalenaEcop,37099.66,46516.3
2025-06-19,16,PT1H,MC-MagdalenaEcop,36808.07,46478.6
2025-06-19,17,PT1H,MC-MagdalenaEcop,35992.55,46321.2
2025-06-19,18,PT1H,MC-MagdalenaEcop,36508.75,47239.7
2025-06-19,19,PT1H,MC-MagdalenaEcop,37001.37,31037.3
2025-06-19,20,PT1H,MC-MagdalenaEcop,35612.82,28918.7
2025-06-19,21,PT1H,MC-MagdalenaEcop,30696.63,29043.2
2025-06-19,22,PT1H,MC-MagdalenaEcop,30211.76,28634.3
2025-06-19,12,PT1H,MC-MagdalenaEcop,32722.77,51411.4
2025-06-20,9,PT1H,MC-MagdalenaEcop,32507.38,32203.0
2025-06-20,8,PT1H,MC-MagdalenaEcop,31608.62,26617.0
2025-06-20,7,PT1H,MC-MagdalenaEcop,31620.55,27604.9
2025-06-20,6,PT1H,MC-MagdalenaEcop,32300.94,28278.5
2025-06-20,2,PT1H,MC-MagdalenaEcop,31981.21,24202.8
2025-06-20,4,PT1H,MC-MagdalenaEcop,32221.86,29903.3
2025-06-20,3,PT1H,MC-MagdalenaEcop,32940.66,27998.1
2025-06-20,10,PT1H,MC-MagdalenaEcop,32849.26,38142.7
2025-06-20,1,PT1H,MC-MagdalenaEcop,29463.15,23935.3
2025-06-20,5,PT1H,MC-MagdalenaEcop,32094.94,30198.1
2025-06-20,11,PT1H,MC-MagdalenaEcop,32437.77,40503.2
2025-06-20,16,PT1H,MC-MagdalenaEcop,30894.78,45622.7
2025-06-20,13,PT1H,MC-MagdalenaEcop,30630.57,44901.7
2025-06-20,14,PT1H,MC-MagdalenaEcop,30027.52,44922.9
2025-06-20,15,PT1H,MC-MagdalenaEcop,29795.06,45550.5
2025-06-20,17,PT1H,MC-MagdalenaEcop,30326.41,45091.1
2025-06-20,18,PT1H,MC-MagdalenaEcop,31406.31,45026.6
2025-06-20,19,PT1H,MC-MagdalenaEcop,32414.71,45516.1
2025-06-20,20,PT1H,MC-MagdalenaEcop,32335.72,44518.9
2025-06-20,21,PT1H,MC-MagdalenaEcop,30916.24,43545.0
2025-06-20,23,PT1H,MC-MagdalenaEcop,29728.6,42126.4
2025-06-20,24,PT1H,MC-MagdalenaEcop,29751.32,41875.3
2025-06-20,12,PT1H,MC-MagdalenaEcop,32139.08,42788.3
2025-06-20,22,PT1H,MC-MagdalenaEcop,29956.86,42995.7
2025-06-21,1,PT1H,MC-MagdalenaEcop,29552.37,39314.3
2025-06-21,24,PT1H,MC-MagdalenaEcop,19917.89,36362.8
2025-06-21,20,PT1H,MC-MagdalenaEcop,21951.27,39022.2
2025-06-21,19,PT1H,MC-MagdalenaEcop,23230.42,37425.1
2025-06-21,18,PT1H,MC-MagdalenaEcop,24093.34,37011.1
2025-06-21,17,PT1H,MC-MagdalenaEcop,24624.94,38319.3
2025-06-21,16,PT1H,MC-MagdalenaEcop,23534.53,40250.5
2025-06-21,15,PT1H,MC-MagdalenaEcop,23414.92,39619.6
2025-06-21,14,PT1H,MC-MagdalenaEcop,22654.27,39761.7
2025-06-21,13,PT1H,MC-MagdalenaEcop,19716.47,39225.4
2025-06-21,12,PT1H,MC-MagdalenaEcop,19381.32,39194.2
2025-06-21,11,PT1H,MC-MagdalenaEcop,18254.09,38573.8
2025-06-21,10,PT1H,MC-MagdalenaEcop,18502.93,38079.2
2025-06-21,9,PT1H,MC-MagdalenaEcop,25441.1,37274.9
2025-06-21,8,PT1H,MC-MagdalenaEcop,32043.5,35958.7
2025-06-21,7,PT1H,MC-MagdalenaEcop,30525.29,35109.8
2025-06-21,6,PT1H,MC-MagdalenaEcop,30622.23,35680.4
2025-06-21,5,PT1H,MC-MagdalenaEcop,30847.04,35823.0
2025-06-21,4,PT1H,MC-MagdalenaEcop,30950.66,39586.6
2025-06-21,3,PT1H,MC-MagdalenaEcop,31028.47,38930.7
2025-06-21,2,PT1H,MC-MagdalenaEcop,30456.58,39166.8
2025-06-21,21,PT1H,MC-MagdalenaEcop,23437.88,38387.7
2025-06-21,23,PT1H,MC-MagdalenaEcop,23161.89,36099.1
2025-06-21,22,PT1H,MC-MagdalenaEcop,23545.83,36640.1
2025-06-22,24,PT1H,MC-MagdalenaEcop,32302.77,39424.5
2025-06-22,23,PT1H,MC-MagdalenaEcop,32631.89,39580.9
2025-06-22,21,PT1H,MC-MagdalenaEcop,33142.66,41775.3
2025-06-22,20,PT1H,MC-MagdalenaEcop,32770.48,43235.5
2025-06-22,19,PT1H,MC-MagdalenaEcop,32861.02,43461.6
2025-06-22,18,PT1H,MC-MagdalenaEcop,32837.57,42453.1
2025-06-22,17,PT1H,MC-MagdalenaEcop,33220.4,42054.0
2025-06-22,16,PT1H,MC-MagdalenaEcop,33614.15,41805.3
2025-06-22,15,PT1H,MC-MagdalenaEcop,33772.26,41691.8
2025-06-22,14,PT1H,MC-MagdalenaEcop,33795.12,40045.5
2025-06-22,13,PT1H,MC-MagdalenaEcop,33410.15,37327.3
2025-06-22,1,PT1H,MC-MagdalenaEcop,32919.96,34505.8
2025-06-22,12,PT1H,MC-MagdalenaEcop,33259.61,34675.7
2025-06-22,10,PT1H,MC-MagdalenaEcop,32793.23,33163.8
2025-06-22,9,PT1H,MC-MagdalenaEcop,31993.45,31665.2
2025-06-22,8,PT1H,MC-MagdalenaEcop,30149.8,36323.5
2025-06-22,7,PT1H,MC-MagdalenaEcop,30754.51,35513.3
2025-06-22,6,PT1H,MC-MagdalenaEcop,31096.36,35785.9
2025-06-22,5,PT1H,MC-MagdalenaEcop,31207.73,36064.5
2025-06-22,4,PT1H,MC-MagdalenaEcop,31895.65,36097.0
2025-06-22,3,PT1H,MC-MagdalenaEcop,32104.57,35982.9
2025-06-22,22,PT1H,MC-MagdalenaEcop,33180.81,40610.9
2025-06-22,2,PT1H,MC-MagdalenaEcop,33690.07,35308.5
2025-06-22,11,PT1H,MC-MagdalenaEcop,30409.94,34732.3
2025-06-23,24,PT1H,MC-MagdalenaEcop,28419.62,32312.7
2025-06-23,1,PT1H,MC-MagdalenaEcop,31816.21,30254.2
2025-06-23,14,PT1H,MC-MagdalenaEcop,33832.67,34562.7
2025-06-23,23,PT1H,MC-MagdalenaEcop,28705.92,32335.4
2025-06-23,20,PT1H,MC-MagdalenaEcop,30511.71,34870.2
2025-06-23,19,PT1H,MC-MagdalenaEcop,32750.06,34337.6
2025-06-23,18,PT1H,MC-MagdalenaEcop,30495.12,34350.3
2025-06-23,17,PT1H,MC-MagdalenaEcop,30739.8,34457.0
2025-06-23,16,PT1H,MC-MagdalenaEcop,31936.9,34338.0
2025-06-23,15,PT1H,MC-MagdalenaEcop,32173.62,33613.8
2025-06-23,13,PT1H,MC-MagdalenaEcop,33881.52,37337.2
2025-06-23,12,PT1H,MC-MagdalenaEcop,34001.87,40516.4
2025-06-23,11,PT1H,MC-MagdalenaEcop,33237.89,37177.6
2025-06-23,21,PT1H,MC-MagdalenaEcop,29581.88,34508.1
2025-06-23,10,PT1H,MC-MagdalenaEcop,31866.22,33838.2
2025-06-23,8,PT1H,MC-MagdalenaEcop,30813.19,30862.5
2025-06-23,7,PT1H,MC-MagdalenaEcop,30484.49,29912.1
2025-06-23,6,PT1H,MC-MagdalenaEcop,30824.25,32093.1
2025-06-23,5,PT1H,MC-MagdalenaEcop,31097.12,31295.2
2025-06-23,4,PT1H,MC-MagdalenaEcop,31380.1,31514.8
2025-06-23,3,PT1H,MC-MagdalenaEcop,31306.6,33011.5
2025-06-23,2,PT1H,MC-MagdalenaEcop,30783.97,32039.1
2025-06-23,9,PT1H,MC-MagdalenaEcop,31072.66,33051.5
2025-06-23,22,PT1H,MC-MagdalenaEcop,29136.11,31948.7
2025-06-24,7,PT1H,MC-MagdalenaEcop,22414.95,50328.2
2025-06-24,8,PT1H,MC-MagdalenaEcop,24187.31,42501.5
2025-06-24,9,PT1H,MC-MagdalenaEcop,30779.69,38176.4
2025-06-24,11,PT1H,MC-MagdalenaEcop,30729.8,34564.9
2025-06-24,10,PT1H,MC-MagdalenaEcop,30644.27,34646.2
2025-06-24,12,PT1H,MC-MagdalenaEcop,30182.96,36903.7
2025-06-24,5,PT1H,MC-MagdalenaEcop,29606.15,51259.3
2025-06-24,4,PT1H,MC-MagdalenaEcop,29705.06,50206.9
2025-06-24,3,PT1H,MC-MagdalenaEcop,29853.7,49818.2
2025-06-24,6,PT1H,MC-MagdalenaEcop,27600.6,51597.4
2025-06-24,13,PT1H,MC-MagdalenaEcop,30895.42,35876.2
2025-06-24,1,PT1H,MC-MagdalenaEcop,29028.15,45755.1
2025-06-24,15,PT1H,MC-MagdalenaEcop,32128.49,26896.8
2025-06-24,16,PT1H,MC-MagdalenaEcop,33984.54,33986.5
2025-06-24,17,PT1H,MC-MagdalenaEcop,35118.26,22537.9
2025-06-24,18,PT1H,MC-MagdalenaEcop,35762.08,17355.3
2025-06-24,19,PT1H,MC-MagdalenaEcop,37165.11,17536.7
2025-06-24,20,PT1H,MC-MagdalenaEcop,36709.34,17155.4
2025-06-24,21,PT1H,MC-MagdalenaEcop,36376.38,17540.4
2025-06-24,22,PT1H,MC-MagdalenaEcop,35767.05,17812.0
2025-06-24,23,PT1H,MC-MagdalenaEcop,35594.98,21139.5
2025-06-24,24,PT1H,MC-MagdalenaEcop,36058.35,22548.8
2025-06-24,14,PT1H,MC-MagdalenaEcop,34690.01,29722.4
2025-06-24,2,PT1H,MC-MagdalenaEcop,30060.99,46938.4
2025-06-25,22,PT1H,MC-MagdalenaEcop,31474.44,47196.4
2025-06-25,21,PT1H,MC-MagdalenaEcop,32404.02,48611.1
2025-06-25,9,PT1H,MC-MagdalenaEcop,34484.73,8201.9
2025-06-25,1,PT1H,MC-MagdalenaEcop,35729.79,29593.1
2025-06-25,2,PT1H,MC-MagdalenaEcop,35363.99,29077.0
2025-06-25,3,PT1H,MC-MagdalenaEcop,33931.66,31377.2
2025-06-25,4,PT1H,MC-MagdalenaEcop,32825.34,33738.5
2025-06-25,5,PT1H,MC-MagdalenaEcop,32940.07,34319.3
2025-06-25,6,PT1H,MC-MagdalenaEcop,34403.7,34690.7
2025-06-25,7,PT1H,MC-MagdalenaEcop,34294.54,34731.4
2025-06-25,8,PT1H,MC-MagdalenaEcop,33971.4,17142.9
2025-06-25,24,PT1H,MC-MagdalenaEcop,30776.43,46277.2
2025-06-25,10,PT1H,MC-MagdalenaEcop,32780.64,678.8
2025-06-25,12,PT1H,MC-MagdalenaEcop,29071.69,15137.5
2025-06-25,13,PT1H,MC-MagdalenaEcop,30150.44,34770.9
2025-06-25,14,PT1H,MC-MagdalenaEcop,30304.66,36677.5
2025-06-25,15,PT1H,MC-MagdalenaEcop,29932.28,43714.5
2025-06-25,16,PT1H,MC-MagdalenaEcop,31190.0,48436.0
2025-06-25,17,PT1H,MC-MagdalenaEcop,32843.05,47318.9
2025-06-25,18,PT1H,MC-MagdalenaEcop,34954.57,46353.6
2025-06-25,19,PT1H,MC-MagdalenaEcop,35225.65,48677.2
2025-06-25,20,PT1H,MC-MagdalenaEcop,33038.2,48851.9
2025-06-25,11,PT1H,MC-MagdalenaEcop,31112.9,1550.4
2025-06-25,23,PT1H,MC-MagdalenaEcop,30947.98,46374.9
2025-06-26,4,PT1H,MC-MagdalenaEcop,29067.56,33722.5
2025-06-26,3,PT1H,MC-MagdalenaEcop,29047.15,33572.4
2025-06-26,16,PT1H,MC-MagdalenaEcop,31326.38,35696.7
2025-06-26,2,PT1H,MC-MagdalenaEcop,29527.91,33827.4
2025-06-26,1,PT1H,MC-MagdalenaEcop,31071.09,33633.3
2025-06-26,5,PT1H,MC-MagdalenaEcop,28599.74,28719.0
2025-06-26,6,PT1H,MC-MagdalenaEcop,29134.93,26965.2
2025-06-26,7,PT1H,MC-MagdalenaEcop,28844.66,27620.7
2025-06-26,8,PT1H,MC-MagdalenaEcop,29809.49,28274.5
2025-06-26,10,PT1H,MC-MagdalenaEcop,31144.89,37626.8
2025-06-26,11,PT1H,MC-MagdalenaEcop,31295.68,40542.5
2025-06-26,12,PT1H,MC-MagdalenaEcop,32115.94,40939.2
2025-06-26,13,PT1H,MC-MagdalenaEcop,31835.68,40806.1
2025-06-26,9,PT1H,MC-MagdalenaEcop,30384.81,35365.0
2025-06-26,15,PT1H,MC-MagdalenaEcop,32588.29,36370.2
2025-06-26,14,PT1H,MC-MagdalenaEcop,31963.87,39471.9
2025-06-26,23,PT1H,MC-MagdalenaEcop,34435.76,27937.4
2025-06-26,22,PT1H,MC-MagdalenaEcop,34432.13,27448.0
2025-06-26,21,PT1H,MC-MagdalenaEcop,34343.08,29354.4
2025-06-26,20,PT1H,MC-MagdalenaEcop,35148.91,34162.2
2025-06-26,24,PT1H,MC-MagdalenaEcop,35285.78,25760.9
2025-06-26,18,PT1H,MC-MagdalenaEcop,33251.85,35446.8
2025-06-26,17,PT1H,MC-MagdalenaEcop,32285.2,34926.7
2025-06-26,19,PT1H,MC-MagdalenaEcop,32107.09,36220.1
2025-06-27,11,PT1H,MC-MagdalenaEcop,30269.11,26792.7
2025-06-27,2,PT1H,MC-MagdalenaEcop,31125.21,27554.2
2025-06-27,3,PT1H,MC-MagdalenaEcop,29715.3,26994.8
2025-06-27,4,PT1H,MC-MagdalenaEcop,29704.18,26925.7
2025-06-27,5,PT1H,MC-MagdalenaEcop,29605.05,26304.9
2025-06-27,6,PT1H,MC-MagdalenaEcop,29726.7,26172.4
2025-06-27,7,PT1H,MC-MagdalenaEcop,28508.05,25075.9
2025-06-27,8,PT1H,MC-MagdalenaEcop,29296.04,24633.4
2025-06-27,9,PT1H,MC-MagdalenaEcop,31756.66,24879.5
2025-06-27,10,PT1H,MC-MagdalenaEcop,33099.34,24817.8
2025-06-27,12,PT1H,MC-MagdalenaEcop,33326.81,29595.0
2025-06-27,24,PT1H,MC-MagdalenaEcop,29447.64,42470.1
2025-06-27,14,PT1H,MC-MagdalenaEcop,33935.55,30016.7
2025-06-27,15,PT1H,MC-MagdalenaEcop,33724.77,37819.9
2025-06-27,16,PT1H,MC-MagdalenaEcop,33104.93,44399.6
2025-06-27,17,PT1H,MC-MagdalenaEcop,32506.33,43628.9
2025-06-27,18,PT1H,MC-MagdalenaEcop,32964.85,43715.6
2025-06-27,19,PT1H,MC-MagdalenaEcop,30640.63,44543.8
2025-06-27,20,PT1H,MC-MagdalenaEcop,29980.07,44823.7
2025-06-27,21,PT1H,MC-MagdalenaEcop,28941.26,44564.4
2025-06-27,22,PT1H,MC-MagdalenaEcop,28191.34,45203.9
2025-06-27,1,PT1H,MC-MagdalenaEcop,34640.78,26187.9
2025-06-27,13,PT1H,MC-MagdalenaEcop,33671.83,29764.0
2025-06-27,23,PT1H,MC-MagdalenaEcop,28487.16,44861.2
2025-06-28,2,PT1H,MC-MagdalenaEcop,28292.48,31222.9
2025-06-28,3,PT1H,MC-MagdalenaEcop,28514.07,32856.8
2025-06-28,21,PT1H,MC-MagdalenaEcop,31482.6,34865.9
2025-06-28,23,PT1H,MC-MagdalenaEcop,31871.23,35041.8
2025-06-28,22,PT1H,MC-MagdalenaEcop,31556.46,35108.7
2025-06-28,20,PT1H,MC-MagdalenaEcop,32224.9,35372.9
2025-06-28,19,PT1H,MC-MagdalenaEcop,36775.43,35814.3
2025-06-28,24,PT1H,MC-MagdalenaEcop,31941.24,34668.8
2025-06-28,18,PT1H,MC-MagdalenaEcop,32940.48,34472.3
2025-06-28,17,PT1H,MC-MagdalenaEcop,31323.58,33587.3
2025-06-28,16,PT1H,MC-MagdalenaEcop,30772.62,34028.1
2025-06-28,14,PT1H,MC-MagdalenaEcop,30958.39,33840.6
2025-06-28,13,PT1H,MC-MagdalenaEcop,30257.64,34472.8
2025-06-28,12,PT1H,MC-MagdalenaEcop,29449.28,34135.7
2025-06-28,15,PT1H,MC-MagdalenaEcop,30390.01,34182.2
2025-06-28,10,PT1H,MC-MagdalenaEcop,28701.89,32920.6
2025-06-28,9,PT1H,MC-MagdalenaEcop,28680.77,32981.4
2025-06-28,8,PT1H,MC-MagdalenaEcop,29367.98,33571.9
2025-06-28,7,PT1H,MC-MagdalenaEcop,28192.57,33206.4
2025-06-28,6,PT1H,MC-MagdalenaEcop,28734.62,33783.3
2025-06-28,5,PT1H,MC-MagdalenaEcop,28798.33,34350.4
2025-06-28,4,PT1H,MC-MagdalenaEcop,29331.5,33895.3
2025-06-28,11,PT1H,MC-MagdalenaEcop,29245.73,33496.3
2025-06-28,1,PT1H,MC-MagdalenaEcop,28634.65,31733.2
2025-06-29,7,PT1H,MC-MagdalenaEcop,31058.21,32291.2
2025-06-29,6,PT1H,MC-MagdalenaEcop,31930.95,33325.0
2025-06-29,5,PT1H,MC-MagdalenaEcop,32293.16,32812.1
2025-06-29,4,PT1H,MC-MagdalenaEcop,31498.5,32776.5
2025-06-29,22,PT1H,MC-MagdalenaEcop,37810.79,37637.7
2025-06-29,3,PT1H,MC-MagdalenaEcop,29237.01,31626.3
2025-06-29,2,PT1H,MC-MagdalenaEcop,29665.61,33127.4
2025-06-29,8,PT1H,MC-MagdalenaEcop,31132.35,32131.4
2025-06-29,1,PT1H,MC-MagdalenaEcop,31513.45,35062.9
2025-06-29,9,PT1H,MC-MagdalenaEcop,31957.49,32352.5
2025-06-29,21,PT1H,MC-MagdalenaEcop,38028.76,37972.9
2025-06-29,11,PT1H,MC-MagdalenaEcop,33386.9,31159.0
2025-06-29,12,PT1H,MC-MagdalenaEcop,32838.15,31468.3
2025-06-29,13,PT1H,MC-MagdalenaEcop,31399.05,31886.5
2025-06-29,14,PT1H,MC-MagdalenaEcop,32639.03,31749.4
2025-06-29,15,PT1H,MC-MagdalenaEcop,33819.93,31833.0
2025-06-29,16,PT1H,MC-MagdalenaEcop,34991.77,32291.0
2025-06-29,17,PT1H,MC-MagdalenaEcop,37513.91,32713.9
2025-06-29,18,PT1H,MC-MagdalenaEcop,38258.4,33236.3
2025-06-29,24,PT1H,MC-MagdalenaEcop,34036.57,35869.5
2025-06-29,23,PT1H,MC-MagdalenaEcop,34622.41,37181.7
2025-06-29,19,PT1H,MC-MagdalenaEcop,37685.84,35526.0
2025-06-29,10,PT1H,MC-MagdalenaEcop,32835.37,30598.0
2025-06-29,20,PT1H,MC-MagdalenaEcop,38192.98,37624.7
2025-06-30,2,PT1H,MC-MagdalenaEcop,35177.87,33351.6
2025-06-30,4,PT1H,MC-MagdalenaEcop,36338.48,33818.1
2025-06-30,24,PT1H,MC-MagdalenaEcop,34259.49,30652.2
2025-06-30,1,PT1H,MC-MagdalenaEcop,34371.33,34290.8
2025-06-30,22,PT1H,MC-MagdalenaEcop,36449.12,31421.9
2025-06-30,21,PT1H,MC-MagdalenaEcop,36826.14,31862.7
2025-06-30,20,PT1H,MC-MagdalenaEcop,37139.93,32846.7
2025-06-30,19,PT1H,MC-MagdalenaEcop,37389.37,35423.0
2025-06-30,18,PT1H,MC-MagdalenaEcop,37306.06,32975.8
2025-06-30,17,PT1H,MC-MagdalenaEcop,37082.32,33151.3
2025-06-30,16,PT1H,MC-MagdalenaEcop,37886.61,34371.4
2025-06-30,15,PT1H,MC-MagdalenaEcop,38149.17,34698.7
2025-06-30,14,PT1H,MC-MagdalenaEcop,37674.11,36519.1
2025-06-30,13,PT1H,MC-MagdalenaEcop,36494.37,36530.6
2025-06-30,12,PT1H,MC-MagdalenaEcop,33898.03,36689.7
2025-06-30,11,PT1H,MC-MagdalenaEcop,35882.22,35896.0
2025-06-30,10,PT1H,MC-MagdalenaEcop,37187.21,34524.9
2025-06-30,9,PT1H,MC-MagdalenaEcop,37120.7,33614.2
2025-06-30,8,PT1H,MC-MagdalenaEcop,36461.01,33215.5
2025-06-30,7,PT1H,MC-MagdalenaEcop,36083.26,32883.1
2025-06-30,6,PT1H,MC-MagdalenaEcop,37160.96,33281.2
2025-06-30,5,PT1H,MC-MagdalenaEcop,36569.13,33570.2
2025-06-30,23,PT1H,MC-MagdalenaEcop,33650.92,30979.5
2025-06-30,3,PT1H,MC-MagdalenaEcop,36107.41,33813.7
2025-07-01,24,PT1H,MC-MagdalenaEcop,32400.41,31625.4
2025-07-01,1,PT1H,MC-MagdalenaEcop,34055.06,33005.6
2025-07-01,21,PT1H,MC-MagdalenaEcop,37011.49,29546.7
2025-07-01,20,PT1H,MC-MagdalenaEcop,36906.56,24835.9
2025-07-01,19,PT1H,MC-MagdalenaEcop,37262.86,24342.6
2025-07-01,18,PT1H,MC-MagdalenaEcop,36539.54,30267.7
2025-07-01,17,PT1H,MC-MagdalenaEcop,34176.92,35617.0
2025-07-01,16,PT1H,MC-MagdalenaEcop,34164.48,36075.6
2025-07-01,15,PT1H,MC-MagdalenaEcop,34284.84,36164.5
2025-07-01,14,PT1H,MC-MagdalenaEcop,33777.64,36356.3
2025-07-01,13,PT1H,MC-MagdalenaEcop,33569.81,35099.5
2025-07-01,12,PT1H,MC-MagdalenaEcop,33809.14,35271.1
2025-07-01,11,PT1H,MC-MagdalenaEcop,31924.12,34174.2
2025-07-01,10,PT1H,MC-MagdalenaEcop,29944.91,35129.1
2025-07-01,9,PT1H,MC-MagdalenaEcop,32799.82,36430.1
2025-07-01,7,PT1H,MC-MagdalenaEcop,32239.32,34482.0
2025-07-01,6,PT1H,MC-MagdalenaEcop,33809.16,33602.0
2025-07-01,5,PT1H,MC-MagdalenaEcop,33712.21,33771.5
2025-07-01,4,PT1H,MC-MagdalenaEcop,33685.73,33922.0
2025-07-01,3,PT1H,MC-MagdalenaEcop,32522.79,31684.0
2025-07-01,2,PT1H,MC-MagdalenaEcop,32392.17,31429.0
2025-07-01,22,PT1H,MC-MagdalenaEcop,35375.15,33703.7
2025-07-01,23,PT1H,MC-MagdalenaEcop,35315.78,32742.5
2025-07-01,8,PT1H,MC-MagdalenaEcop,32353.26,35932.1
2025-07-02,4,PT1H,MC-MagdalenaEcop,32448.38,32470.4
2025-07-02,18,PT1H,MC-MagdalenaEcop,38889.65,34014.9
2025-07-02,19,PT1H,MC-MagdalenaEcop,37564.35,34628.2
2025-07-02,20,PT1H,MC-MagdalenaEcop,35900.54,35032.3
2025-07-02,21,PT1H,MC-MagdalenaEcop,39558.47,36151.8
2025-07-02,15,PT1H,MC-MagdalenaEcop,38343.69,34396.1
2025-07-02,23,PT1H,MC-MagdalenaEcop,35224.78,35381.0
2025-07-02,14,PT1H,MC-MagdalenaEcop,38118.0,36402.2
2025-07-02,13,PT1H,MC-MagdalenaEcop,38743.46,33719.6
2025-07-02,12,PT1H,MC-MagdalenaEcop,40597.5,32591.8
2025-07-02,16,PT1H,MC-MagdalenaEcop,36608.69,32300.9
2025-07-02,11,PT1H,MC-MagdalenaEcop,39379.96,30964.6
2025-07-02,9,PT1H,MC-MagdalenaEcop,35122.47,31677.3
2025-07-02,8,PT1H,MC-MagdalenaEcop,34300.88,31915.6
2025-07-02,7,PT1H,MC-MagdalenaEcop,32127.77,32517.7
2025-07-02,6,PT1H,MC-MagdalenaEcop,32698.49,33165.8
2025-07-02,5,PT1H,MC-MagdalenaEcop,32217.27,32767.6
2025-07-02,3,PT1H,MC-MagdalenaEcop,33478.69,31805.0
2025-07-02,2,PT1H,MC-MagdalenaEcop,35536.71,30421.5
2025-07-02,1,PT1H,MC-MagdalenaEcop,32896.43,32708.8
2025-07-02,24,PT1H,MC-MagdalenaEcop,38040.79,32473.9
2025-07-02,10,PT1H,MC-MagdalenaEcop,38222.37,29539.8
2025-07-02,17,PT1H,MC-MagdalenaEcop,37066.99,32294.9
2025-07-02,22,PT1H,MC-MagdalenaEcop,38731.1,35868.4
2025-07-03,6,PT1H,MC-MagdalenaEcop,37535.89,32565.6
2025-07-03,1,PT1H,MC-MagdalenaEcop,39603.57,31151.2
2025-07-03,5,PT1H,MC-MagdalenaEcop,38332.63,32430.0
2025-07-03,4,PT1H,MC-MagdalenaEcop,38908.06,31509.2
2025-07-03,3,PT1H,MC-MagdalenaEcop,39234.78,31726.2
2025-07-03,2,PT1H,MC-MagdalenaEcop,39718.95,30821.2
2025-07-03,8,PT1H,MC-MagdalenaEcop,39186.83,32671.3
2025-07-03,9,PT1H,MC-MagdalenaEcop,39967.87,33376.6
2025-07-03,10,PT1H,MC-MagdalenaEcop,40762.52,31607.3
2025-07-03,11,PT1H,MC-MagdalenaEcop,41245.05,31704.1
2025-07-03,12,PT1H,MC-MagdalenaEcop,41992.31,33051.2
2025-07-03,13,PT1H,MC-MagdalenaEcop,41540.26,34185.8
2025-07-03,7,PT1H,MC-MagdalenaEcop,38610.11,31801.8
2025-07-03,15,PT1H,MC-MagdalenaEcop,40233.32,37380.1
2025-07-03,16,PT1H,MC-MagdalenaEcop,41756.94,37038.4
2025-07-03,17,PT1H,MC-MagdalenaEcop,43261.89,36250.7
2025-07-03,18,PT1H,MC-MagdalenaEcop,42927.25,36704.2
2025-07-03,19,PT1H,MC-MagdalenaEcop,43368.13,37294.0
2025-07-03,24,PT1H,MC-MagdalenaEcop,38468.21,29051.0
2025-07-03,20,PT1H,MC-MagdalenaEcop,41844.91,35947.0
2025-07-03,14,PT1H,MC-MagdalenaEcop,42216.54,35766.9
2025-07-03,23,PT1H,MC-MagdalenaEcop,37607.69,29712.9
2025-07-03,22,PT1H,MC-MagdalenaEcop,39211.27,30500.6
2025-07-03,21,PT1H,MC-MagdalenaEcop,41485.78,30962.7
2025-07-04,8,PT1H,MC-MagdalenaEcop,38425.3,33523.1
2025-07-04,7,PT1H,MC-MagdalenaEcop,38037.57,33372.3
2025-07-04,6,PT1H,MC-MagdalenaEcop,38806.95,34173.8
2025-07-04,21,PT1H,MC-MagdalenaEcop,32081.6,32706.4
2025-07-04,19,PT1H,MC-MagdalenaEcop,35879.78,34274.0
2025-07-04,20,PT1H,MC-MagdalenaEcop,32405.02,34143.7
2025-07-04,22,PT1H,MC-MagdalenaEcop,30775.64,31691.5
2025-07-04,3,PT1H,MC-MagdalenaEcop,38122.32,34826.7
2025-07-04,5,PT1H,MC-MagdalenaEcop,38741.45,33921.2
2025-07-04,9,PT1H,MC-MagdalenaEcop,36169.76,34332.6
2025-07-04,13,PT1H,MC-MagdalenaEcop,37933.52,32237.0
2025-07-04,11,PT1H,MC-MagdalenaEcop,34925.59,34333.8
2025-07-04,12,PT1H,MC-MagdalenaEcop,37214.0,33914.3
2025-07-04,24,PT1H,MC-MagdalenaEcop,30590.79,31416.9
2025-07-04,1,PT1H,MC-MagdalenaEcop,36065.54,31119.2
2025-07-04,2,PT1H,MC-MagdalenaEcop,35875.34,33827.1
2025-07-04,23,PT1H,MC-MagdalenaEcop,30554.85,31449.2
2025-07-04,14,PT1H,MC-MagdalenaEcop,37794.89,31705.9
2025-07-04,15,PT1H,MC-MagdalenaEcop,38709.13,31565.0
2025-07-04,16,PT1H,MC-MagdalenaEcop,40226.77,32695.8
2025-07-04,17,PT1H,MC-MagdalenaEcop,38885.13,32042.1
2025-07-04,18,PT1H,MC-MagdalenaEcop,36879.23,33147.4
2025-07-04,10,PT1H,MC-MagdalenaEcop,33970.93,34734.3
2025-07-04,4,PT1H,MC-MagdalenaEcop,38767.98,34056.8
2025-07-05,22,PT1H,MC-MagdalenaEcop,33416.96,31226.7
2025-07-05,4,PT1H,MC-MagdalenaEcop,31264.28,40968.3
2025-07-05,12,PT1H,MC-MagdalenaEcop,31171.98,25662.3
2025-07-05,18,PT1H,MC-MagdalenaEcop,33344.59,31845.5
2025-07-05,17,PT1H,MC-MagdalenaEcop,31131.14,32494.4
2025-07-05,16,PT1H,MC-MagdalenaEcop,33643.65,31073.7
2025-07-05,15,PT1H,MC-MagdalenaEcop,33817.44,31007.5
2025-07-05,14,PT1H,MC-MagdalenaEcop,33006.7,30117.3
2025-07-05,13,PT1H,MC-MagdalenaEcop,31282.29,25931.4
2025-07-05,21,PT1H,MC-MagdalenaEcop,33550.04,30804.8
2025-07-05,11,PT1H,MC-MagdalenaEcop,30986.38,24265.2
2025-07-05,10,PT1H,MC-MagdalenaEcop,30554.74,24629.5
2025-07-05,9,PT1H,MC-MagdalenaEcop,29990.0,33664.2
2025-07-05,8,PT1H,MC-MagdalenaEcop,28794.94,42554.2
2025-07-05,7,PT1H,MC-MagdalenaEcop,29251.95,40507.5
2025-07-05,6,PT1H,MC-MagdalenaEcop,30980.99,40579.8
2025-07-05,5,PT1H,MC-MagdalenaEcop,31195.52,40872.5
2025-07-05,3,PT1H,MC-MagdalenaEcop,31538.58,40967.3
2025-07-05,2,PT1H,MC-MagdalenaEcop,30271.68,40365.4
2025-07-05,1,PT1H,MC-MagdalenaEcop,30786.81,39087.5
2025-07-05,23,PT1H,MC-MagdalenaEcop,33165.26,30683.6
2025-07-05,24,PT1H,MC-MagdalenaEcop,33299.61,26264.8
2025-07-05,19,PT1H,MC-MagdalenaEcop,35754.22,30677.2
2025-07-05,20,PT1H,MC-MagdalenaEcop,34344.93,28959.3
2025-07-06,2,PT1H,MC-MagdalenaEcop,33879.15,34337.5
2025-07-06,4,PT1H,MC-MagdalenaEcop,32810.69,32441.0
2025-07-06,3,PT1H,MC-MagdalenaEcop,34245.82,32726.8
2025-07-06,1,PT1H,MC-MagdalenaEcop,33845.98,33701.6
2025-07-06,5,PT1H,MC-MagdalenaEcop,34172.41,31748.1
2025-07-06,11,PT1H,MC-MagdalenaEcop,34436.91,31000.7
2025-07-06,7,PT1H,MC-MagdalenaEcop,33431.66,31043.5
2025-07-06,6,PT1H,MC-MagdalenaEcop,34476.24,31548.2
2025-07-06,24,PT1H,MC-MagdalenaEcop,34935.38,32988.2
2025-07-06,21,PT1H,MC-MagdalenaEcop,33262.19,33793.3
2025-07-06,20,PT1H,MC-MagdalenaEcop,33225.87,33451.5
2025-07-06,19,PT1H,MC-MagdalenaEcop,32775.96,33544.4
2025-07-06,18,PT1H,MC-MagdalenaEcop,34716.28,33562.9
2025-07-06,17,PT1H,MC-MagdalenaEcop,34487.11,33973.0
2025-07-06,16,PT1H,MC-MagdalenaEcop,35542.68,34382.5
2025-07-06,15,PT1H,MC-MagdalenaEcop,35091.5,34599.1
2025-07-06,14,PT1H,MC-MagdalenaEcop,35687.45,34561.6
2025-07-06,13,PT1H,MC-MagdalenaEcop,34613.86,34198.8
2025-07-06,12,PT1H,MC-MagdalenaEcop,33547.19,33946.9
2025-07-06,9,PT1H,MC-MagdalenaEcop,32981.74,32598.8
2025-07-06,8,PT1H,MC-MagdalenaEcop,33035.04,30580.2
2025-07-06,10,PT1H,MC-MagdalenaEcop,34559.5,33318.9
2025-07-06,23,PT1H,MC-MagdalenaEcop,36011.19,33317.7
2025-07-06,22,PT1H,MC-MagdalenaEcop,34019.03,33845.0
2025-07-07,14,PT1H,MC-MagdalenaEcop,19719.88,35925.5
2025-07-07,19,PT1H,MC-MagdalenaEcop,33868.47,34847.1
2025-07-07,18,PT1H,MC-MagdalenaEcop,32401.1,32439.9
2025-07-07,17,PT1H,MC-MagdalenaEcop,23071.07,32612.5
2025-07-07,16,PT1H,MC-MagdalenaEcop,16520.4,33812.8
2025-07-07,1,PT1H,MC-MagdalenaEcop,32362.32,33733.4
2025-07-07,15,PT1H,MC-MagdalenaEcop,15397.8,34134.8
2025-07-07,2,PT1H,MC-MagdalenaEcop,35754.43,32809.6
2025-07-07,13,PT1H,MC-MagdalenaEcop,29518.08,35936.8
2025-07-07,3,PT1H,MC-MagdalenaEcop,35153.21,33264.1
2025-07-07,5,PT1H,MC-MagdalenaEcop,34287.7,33024.6
2025-07-07,6,PT1H,MC-MagdalenaEcop,34804.58,32740.2
2025-07-07,7,PT1H,MC-MagdalenaEcop,32596.43,32348.7
2025-07-07,8,PT1H,MC-MagdalenaEcop,33427.97,32675.7
2025-07-07,9,PT1H,MC-MagdalenaEcop,32497.07,33067.8
2025-07-07,10,PT1H,MC-MagdalenaEcop,29552.69,33963.7
2025-07-07,20,PT1H,MC-MagdalenaEcop,34793.3,32312.7
2025-07-07,11,PT1H,MC-MagdalenaEcop,29029.98,35312.5
2025-07-07,12,PT1H,MC-MagdalenaEcop,28974.27,36093.3
2025-07-07,4,PT1H,MC-MagdalenaEcop,34149.92,33268.4
2025-07-07,21,PT1H,MC-MagdalenaEcop,33039.63,31344.6
2025-07-07,24,PT1H,MC-MagdalenaEcop,31201.49,30154.1
2025-07-07,23,PT1H,MC-MagdalenaEcop,30959.38,30476.0
2025-07-07,22,PT1H,MC-MagdalenaEcop,30635.07,30911.2
2025-07-08,20,PT1H,MC-MagdalenaEcop,32394.32,38197.3
2025-07-08,19,PT1H,MC-MagdalenaEcop,32905.69,38663.6
2025-07-08,17,PT1H,MC-MagdalenaEcop,31486.01,36451.0
2025-07-08,16,PT1H,MC-MagdalenaEcop,32599.4,35324.4
2025-07-08,15,PT1H,MC-MagdalenaEcop,32430.01,33405.8
2025-07-08,14,PT1H,MC-MagdalenaEcop,32889.45,35956.1
2025-07-08,13,PT1H,MC-MagdalenaEcop,32772.32,32076.7
2025-07-08,12,PT1H,MC-MagdalenaEcop,32526.99,31473.0
2025-07-08,11,PT1H,MC-MagdalenaEcop,32869.83,32048.8
2025-07-08,10,PT1H,MC-MagdalenaEcop,32658.95,31928.1
2025-07-08,9,PT1H,MC-MagdalenaEcop,33589.88,32113.0
2025-07-08,8,PT1H,MC-MagdalenaEcop,34284.81,25292.6
2025-07-08,6,PT1H,MC-MagdalenaEcop,29998.43,28924.9
2025-07-08,5,PT1H,MC-MagdalenaEcop,30675.65,30962.5
2025-07-08,4,PT1H,MC-MagdalenaEcop,30078.2,31083.4
2025-07-08,3,PT1H,MC-MagdalenaEcop,32443.37,31136.1
2025-07-08,2,PT1H,MC-MagdalenaEcop,31536.11,31359.8
2025-07-08,1,PT1H,MC-MagdalenaEcop,31735.9,30326.9
2025-07-08,24,PT1H,MC-MagdalenaEcop,32243.77,37675.9
2025-07-08,23,PT1H,MC-MagdalenaEcop,32291.14,37056.5
2025-07-08,22,PT1H,MC-MagdalenaEcop,31613.87,37281.0
2025-07-08,21,PT1H,MC-MagdalenaEcop,32465.49,37877.1
2025-07-08,7,PT1H,MC-MagdalenaEcop,30779.72,23328.5
2025-07-08,18,PT1H,MC-MagdalenaEcop,32059.25,37267.1
2025-07-09,1,PT1H,MC-MagdalenaEcop,33260.55,36374.5
2025-07-09,17,PT1H,MC-MagdalenaEcop,0.0,33453.8
2025-07-09,24,PT1H,MC-MagdalenaEcop,31992.95,31141.2
2025-07-09,23,PT1H,MC-MagdalenaEcop,31991.49,31357.9
2025-07-09,22,PT1H,MC-MagdalenaEcop,32036.09,31916.6
2025-07-09,21,PT1H,MC-MagdalenaEcop,30821.64,32967.1
2025-07-09,20,PT1H,MC-MagdalenaEcop,31171.89,33581.1
2025-07-09,19,PT1H,MC-MagdalenaEcop,28400.67,35830.8
2025-07-09,18,PT1H,MC-MagdalenaEcop,4428.72,35523.3
2025-07-09,16,PT1H,MC-MagdalenaEcop,0.0,31781.0
2025-07-09,15,PT1H,MC-MagdalenaEcop,2.54,30516.8
2025-07-09,13,PT1H,MC-MagdalenaEcop,4515.73,30682.1
2025-07-09,12,PT1H,MC-MagdalenaEcop,5318.88,29062.8
2025-07-09,11,PT1H,MC-MagdalenaEcop,3286.93,31674.6
2025-07-09,14,PT1H,MC-MagdalenaEcop,15.75,30814.5
2025-07-09,9,PT1H,MC-MagdalenaEcop,0.0,35084.7
2025-07-09,8,PT1H,MC-MagdalenaEcop,15576.29,34524.7
2025-07-09,7,PT1H,MC-MagdalenaEcop,27656.51,34914.4
2025-07-09,2,PT1H,MC-MagdalenaEcop,33479.91,35885.4
2025-07-09,3,PT1H,MC-MagdalenaEcop,33434.03,34528.4
2025-07-09,6,PT1H,MC-MagdalenaEcop,34827.32,35172.8
2025-07-09,10,PT1H,MC-MagdalenaEcop,65.25,33343.6
2025-07-09,5,PT1H,MC-MagdalenaEcop,33260.66,33621.5
2025-07-09,4,PT1H,MC-MagdalenaEcop,33884.32,33456.4
2025-07-10,3,PT1H,MC-MagdalenaEcop,34818.95,30603.6
2025-07-10,23,PT1H,MC-MagdalenaEcop,29181.42,36093.4
2025-07-10,11,PT1H,MC-MagdalenaEcop,0.0,32894.4
2025-07-10,10,PT1H,MC-MagdalenaEcop,90.41,32710.1
2025-07-10,4,PT1H,MC-MagdalenaEcop,33813.38,30540.4
2025-07-10,6,PT1H,MC-MagdalenaEcop,34320.44,30580.2
2025-07-10,7,PT1H,MC-MagdalenaEcop,26980.1,30221.4
2025-07-10,8,PT1H,MC-MagdalenaEcop,10888.38,31256.0
2025-07-10,9,PT1H,MC-MagdalenaEcop,41.79,31865.3
2025-07-10,2,PT1H,MC-MagdalenaEcop,33531.57,30967.3
2025-07-10,5,PT1H,MC-MagdalenaEcop,33958.12,30033.2
2025-07-10,1,PT1H,MC-MagdalenaEcop,31405.39,32457.3
2025-07-10,22,PT1H,MC-MagdalenaEcop,29601.89,36074.1
2025-07-10,13,PT1H,MC-MagdalenaEcop,303.97,33454.3
2025-07-10,24,PT1H,MC-MagdalenaEcop,29281.31,36777.1
2025-07-10,14,PT1H,MC-MagdalenaEcop,876.65,33655.7
2025-07-10,15,PT1H,MC-MagdalenaEcop,193.45,34404.3
2025-07-10,16,PT1H,MC-MagdalenaEcop,0.0,33031.6
2025-07-10,17,PT1H,MC-MagdalenaEcop,4.67,34025.1
2025-07-10,20,PT1H,MC-MagdalenaEcop,30188.03,36915.7
2025-07-10,18,PT1H,MC-MagdalenaEcop,11606.0,35043.4
2025-07-10,19,PT1H,MC-MagdalenaEcop,31559.64,33796.2
2025-07-10,21,PT1H,MC-MagdalenaEcop,29546.63,36001.2
2025-07-10,12,PT1H,MC-MagdalenaEcop,177.06,33808.9
2025-07-11,8,PT1H,MC-MagdalenaEcop,10463.44,31343.9
2025-07-11,7,PT1H,MC-MagdalenaEcop,25517.79,30446.1
2025-07-11,9,PT1H,MC-MagdalenaEcop,7821.64,33980.2
2025-07-11,13,PT1H,MC-MagdalenaEcop,5464.82,35914.6
2025-07-11,11,PT1H,MC-MagdalenaEcop,7398.79,32493.1
2025-07-11,4,PT1H,MC-MagdalenaEcop,28619.84,31713.8
2025-07-11,10,PT1H,MC-MagdalenaEcop,7805.59,35490.4
2025-07-11,5,PT1H,MC-MagdalenaEcop,28915.57,31606.3
2025-07-11,1,PT1H,MC-MagdalenaEcop,28560.89,36854.3
2025-07-11,2,PT1H,MC-MagdalenaEcop,26654.22,33131.2
2025-07-11,3,PT1H,MC-MagdalenaEcop,28506.58,31789.7
2025-07-11,24,PT1H,MC-MagdalenaEcop,25416.53,31225.9
2025-07-11,23,PT1H,MC-MagdalenaEcop,19930.17,30311.8
2025-07-11,22,PT1H,MC-MagdalenaEcop,19588.09,30044.3
2025-07-11,6,PT1H,MC-MagdalenaEcop,28726.11,31714.3
2025-07-11,20,PT1H,MC-MagdalenaEcop,19649.82,32023.4
2025-07-11,21,PT1H,MC-MagdalenaEcop,19542.65,30863.0
2025-07-11,14,PT1H,MC-MagdalenaEcop,4324.06,36238.1
2025-07-11,15,PT1H,MC-MagdalenaEcop,5043.55,36092.5
2025-07-11,12,PT1H,MC-MagdalenaEcop,7018.45,35767.3
2025-07-11,17,PT1H,MC-MagdalenaEcop,4577.33,34781.5
2025-07-11,18,PT1H,MC-MagdalenaEcop,12503.86,35239.7
2025-07-11,19,PT1H,MC-MagdalenaEcop,21360.44,32729.7
2025-07-11,16,PT1H,MC-MagdalenaEcop,4799.54,35414.8
2025-07-12,1,PT1H,MC-MagdalenaEcop,32920.47,31105.0
2025-07-12,2,PT1H,MC-MagdalenaEcop,32812.79,30876.3
2025-07-12,3,PT1H,MC-MagdalenaEcop,32650.44,31383.1
2025-07-12,10,PT1H,MC-MagdalenaEcop,38346.66,31377.2
2025-07-12,5,PT1H,MC-MagdalenaEcop,33027.63,31688.3
2025-07-12,6,PT1H,MC-MagdalenaEcop,32946.54,31663.1
2025-07-12,7,PT1H,MC-MagdalenaEcop,32660.98,30839.8
2025-07-12,8,PT1H,MC-MagdalenaEcop,36254.62,32029.2
2025-07-12,9,PT1H,MC-MagdalenaEcop,38114.97,31366.4
2025-07-12,4,PT1H,MC-MagdalenaEcop,32688.62,32209.6
2025-07-12,15,PT1H,MC-MagdalenaEcop,33790.13,33280.3
2025-07-12,13,PT1H,MC-MagdalenaEcop,32653.4,33139.7
2025-07-12,14,PT1H,MC-MagdalenaEcop,33163.14,33874.7
2025-07-12,16,PT1H,MC-MagdalenaEcop,32731.57,33696.9
2025-07-12,17,PT1H,MC-MagdalenaEcop,33845.4,34254.7
2025-07-12,18,PT1H,MC-MagdalenaEcop,36065.31,36051.3
2025-07-12,19,PT1H,MC-MagdalenaEcop,37540.56,40255.9
2025-07-12,21,PT1H,MC-MagdalenaEcop,38213.48,34411.3
2025-07-12,22,PT1H,MC-MagdalenaEcop,36744.44,34432.9
2025-07-12,23,PT1H,MC-MagdalenaEcop,37352.88,34823.4
2025-07-12,24,PT1H,MC-MagdalenaEcop,37305.92,34950.1
2025-07-12,12,PT1H,MC-MagdalenaEcop,36556.81,32343.1
2025-07-12,20,PT1H,MC-MagdalenaEcop,37900.78,35124.5
2025-07-12,11,PT1H,MC-MagdalenaEcop,40287.65,32033.1
2025-07-13,2,PT1H,MC-MagdalenaEcop,37259.25,29294.0
2025-07-13,24,PT1H,MC-MagdalenaEcop,40504.26,33627.4
2025-07-13,23,PT1H,MC-MagdalenaEcop,40499.93,34185.5
2025-07-13,22,PT1H,MC-MagdalenaEcop,40693.45,37317.7
2025-07-13,21,PT1H,MC-MagdalenaEcop,40548.68,37583.2
2025-07-13,20,PT1H,MC-MagdalenaEcop,39003.7,37765.8
2025-07-13,19,PT1H,MC-MagdalenaEcop,38491.43,37252.5
2025-07-13,17,PT1H,MC-MagdalenaEcop,38651.26,36980.6
2025-07-13,16,PT1H,MC-MagdalenaEcop,39280.29,34486.1
2025-07-13,15,PT1H,MC-MagdalenaEcop,41112.69,33415.2
2025-07-13,14,PT1H,MC-MagdalenaEcop,41112.23,32252.2
2025-07-13,18,PT1H,MC-MagdalenaEcop,39267.3,37674.3
2025-07-13,12,PT1H,MC-MagdalenaEcop,40575.69,32385.9
2025-07-13,13,PT1H,MC-MagdalenaEcop,41103.81,30937.9
2025-07-13,4,PT1H,MC-MagdalenaEcop,37708.04,31092.4
2025-07-13,5,PT1H,MC-MagdalenaEcop,38146.16,31884.9
2025-07-13,6,PT1H,MC-MagdalenaEcop,39538.03,31398.9
2025-07-13,7,PT1H,MC-MagdalenaEcop,38448.24,30590.8
2025-07-13,3,PT1H,MC-MagdalenaEcop,37784.59,28885.7
2025-07-13,9,PT1H,MC-MagdalenaEcop,38824.45,31322.0
2025-07-13,10,PT1H,MC-MagdalenaEcop,39160.09,32272.9
2025-07-13,11,PT1H,MC-MagdalenaEcop,39924.73,32830.6
2025-07-13,8,PT1H,MC-MagdalenaEcop,37723.88,30577.1
2025-07-13,1,PT1H,MC-MagdalenaEcop,34369.65,31196.4
2025-07-14,11,PT1H,MC-MagdalenaEcop,40383.92,34792.7
2025-07-14,24,PT1H,MC-MagdalenaEcop,38474.41,33096.3
2025-07-14,3,PT1H,MC-MagdalenaEcop,38159.75,35031.3
2025-07-14,4,PT1H,MC-MagdalenaEcop,38392.37,35274.8
2025-07-14,5,PT1H,MC-MagdalenaEcop,37840.0,35460.2
2025-07-14,6,PT1H,MC-MagdalenaEcop,38872.23,35990.7
2025-07-14,7,PT1H,MC-MagdalenaEcop,39145.63,34930.2
2025-07-14,8,PT1H,MC-MagdalenaEcop,38201.33,35294.7
2025-07-14,9,PT1H,MC-MagdalenaEcop,36717.1,35982.1
2025-07-14,10,PT1H,MC-MagdalenaEcop,37471.23,36007.1
2025-07-14,23,PT1H,MC-MagdalenaEcop,38191.05,32491.6
2025-07-14,13,PT1H,MC-MagdalenaEcop,40342.07,35337.4
2025-07-14,14,PT1H,MC-MagdalenaEcop,41847.55,36480.6
2025-07-14,15,PT1H,MC-MagdalenaEcop,40837.71,36966.9
2025-07-14,16,PT1H,MC-MagdalenaEcop,39087.9,36671.7
2025-07-14,17,PT1H,MC-MagdalenaEcop,37356.11,35822.6
2025-07-14,18,PT1H,MC-MagdalenaEcop,38796.68,36105.7
2025-07-14,19,PT1H,MC-MagdalenaEcop,38894.06,36205.2
2025-07-14,20,PT1H,MC-MagdalenaEcop,39121.08,35999.3
2025-07-14,21,PT1H,MC-MagdalenaEcop,39547.55,35669.1
2025-07-14,22,PT1H,MC-MagdalenaEcop,38948.75,35248.4
2025-07-14,2,PT1H,MC-MagdalenaEcop,38112.3,34087.2
2025-07-14,12,PT1H,MC-MagdalenaEcop,37433.66,32957.5
2025-07-14,1,PT1H,MC-MagdalenaEcop,39498.91,33306.7
2025-07-15,12,PT1H,MC-MagdalenaEcop,38967.22,35122.3
2025-07-15,2,PT1H,MC-MagdalenaEcop,37037.22,33621.9
2025-07-15,24,PT1H,MC-MagdalenaEcop,37554.83,33691.5
2025-07-15,23,PT1H,MC-MagdalenaEcop,38933.88,36775.1
2025-07-15,22,PT1H,MC-MagdalenaEcop,39696.97,36839.9
2025-07-15,21,PT1H,MC-MagdalenaEcop,42341.66,38460.2
2025-07-15,20,PT1H,MC-MagdalenaEcop,42876.35,38436.4
2025-07-15,19,PT1H,MC-MagdalenaEcop,42782.83,38726.9
2025-07-15,18,PT1H,MC-MagdalenaEcop,41884.66,37923.5
2025-07-15,17,PT1H,MC-MagdalenaEcop,41410.02,35536.9
2025-07-15,16,PT1H,MC-MagdalenaEcop,40469.59,35568.2
2025-07-15,1,PT1H,MC-MagdalenaEcop,37201.8,35264.3
2025-07-15,15,PT1H,MC-MagdalenaEcop,40717.26,35656.2
2025-07-15,13,PT1H,MC-MagdalenaEcop,39221.64,34760.8
2025-07-15,11,PT1H,MC-MagdalenaEcop,38888.99,33216.3
2025-07-15,10,PT1H,MC-MagdalenaEcop,39047.02,31070.7
2025-07-15,9,PT1H,MC-MagdalenaEcop,38564.35,33986.3
2025-07-15,8,PT1H,MC-MagdalenaEcop,38373.7,33532.5
2025-07-15,7,PT1H,MC-MagdalenaEcop,38059.31,33415.3
2025-07-15,6,PT1H,MC-MagdalenaEcop,37833.3,35000.5
2025-07-15,5,PT1H,MC-MagdalenaEcop,38626.99,34873.8
2025-07-15,3,PT1H,MC-MagdalenaEcop,37894.86,33662.8
2025-07-15,14,PT1H,MC-MagdalenaEcop,40444.2,35178.4
2025-07-15,4,PT1H,MC-MagdalenaEcop,39341.68,34889.4
2025-07-16,5,PT1H,MC-MagdalenaEcop,39049.52,31112.0
2025-07-16,1,PT1H,MC-MagdalenaEcop,36593.29,32120.5
2025-07-16,2,PT1H,MC-MagdalenaEcop,38033.02,34336.8
2025-07-16,23,PT1H,MC-MagdalenaEcop,37344.0,34207.4
2025-07-16,24,PT1H,MC-MagdalenaEcop,37022.88,36872.6
2025-07-16,4,PT1H,MC-MagdalenaEcop,38834.04,31346.5
2025-07-16,22,PT1H,MC-MagdalenaEcop,39497.85,37603.2
2025-07-16,21,PT1H,MC-MagdalenaEcop,40311.55,38413.2
2025-07-16,20,PT1H,MC-MagdalenaEcop,40661.31,34896.7
2025-07-16,19,PT1H,MC-MagdalenaEcop,40730.51,36516.3
2025-07-16,18,PT1H,MC-MagdalenaEcop,39981.64,37801.4
2025-07-16,17,PT1H,MC-MagdalenaEcop,36319.68,35989.5
2025-07-16,3,PT1H,MC-MagdalenaEcop,39550.33,32357.9
2025-07-16,15,PT1H,MC-MagdalenaEcop,32166.84,37232.9
2025-07-16,6,PT1H,MC-MagdalenaEcop,39653.24,31590.9
2025-07-16,16,PT1H,MC-MagdalenaEcop,32087.54,35520.9
2025-07-16,8,PT1H,MC-MagdalenaEcop,37245.32,33142.3
2025-07-16,9,PT1H,MC-MagdalenaEcop,37131.89,34059.0
2025-07-16,7,PT1H,MC-MagdalenaEcop,40641.95,31031.0
2025-07-16,11,PT1H,MC-MagdalenaEcop,33182.85,38184.8
2025-07-16,12,PT1H,MC-MagdalenaEcop,30166.29,39386.6
2025-07-16,13,PT1H,MC-MagdalenaEcop,31783.91,37447.2
2025-07-16,14,PT1H,MC-MagdalenaEcop,33401.1,36967.9
2025-07-16,10,PT1H,MC-MagdalenaEcop,35209.8,37072.4
2025-07-17,15,PT1H,MC-MagdalenaEcop,18801.84,35097.7
2025-07-17,11,PT1H,MC-MagdalenaEcop,20600.48,36003.4
2025-07-17,12,PT1H,MC-MagdalenaEcop,21271.35,36666.8
2025-07-17,13,PT1H,MC-MagdalenaEcop,21155.1,36188.0
2025-07-17,14,PT1H,MC-MagdalenaEcop,18763.11,36813.3
2025-07-17,16,PT1H,MC-MagdalenaEcop,27338.28,36466.6
2025-07-17,21,PT1H,MC-MagdalenaEcop,29225.32,36228.1
2025-07-17,18,PT1H,MC-MagdalenaEcop,28795.28,37422.2
2025-07-17,20,PT1H,MC-MagdalenaEcop,28525.65,36517.4
2025-07-17,22,PT1H,MC-MagdalenaEcop,28604.4,34230.1
2025-07-17,23,PT1H,MC-MagdalenaEcop,28979.41,32835.0
2025-07-17,2,PT1H,MC-MagdalenaEcop,36147.79,34610.7
2025-07-17,17,PT1H,MC-MagdalenaEcop,28875.26,37798.8
2025-07-17,24,PT1H,MC-MagdalenaEcop,28385.01,33564.9
2025-07-17,19,PT1H,MC-MagdalenaEcop,28815.65,37829.6
2025-07-17,3,PT1H,MC-MagdalenaEcop,35480.73,34175.6
2025-07-17,4,PT1H,MC-MagdalenaEcop,34455.28,33881.7
2025-07-17,5,PT1H,MC-MagdalenaEcop,34518.08,33311.8
2025-07-17,6,PT1H,MC-MagdalenaEcop,34593.96,32728.1
2025-07-17,7,PT1H,MC-MagdalenaEcop,32781.28,33711.0
2025-07-17,8,PT1H,MC-MagdalenaEcop,33477.27,34176.5
2025-07-17,9,PT1H,MC-MagdalenaEcop,28772.69,34861.1
2025-07-17,10,PT1H,MC-MagdalenaEcop,23405.73,35540.8
2025-07-17,1,PT1H,MC-MagdalenaEcop,36570.98,34550.6
2025-07-18,17,PT1H,MC-MagdalenaEcop,30778.85,37841.7
2025-07-18,6,PT1H,MC-MagdalenaEcop,30526.58,37842.0
2025-07-18,7,PT1H,MC-MagdalenaEcop,32890.97,37033.9
2025-07-18,8,PT1H,MC-MagdalenaEcop,35719.37,37374.9
2025-07-18,9,PT1H,MC-MagdalenaEcop,35940.78,35141.2
2025-07-18,10,PT1H,MC-MagdalenaEcop,35550.27,33082.8
2025-07-18,11,PT1H,MC-MagdalenaEcop,35374.38,33974.2
2025-07-18,12,PT1H,MC-MagdalenaEcop,35538.87,36273.7
2025-07-18,14,PT1H,MC-MagdalenaEcop,23636.54,36796.3
2025-07-18,15,PT1H,MC-MagdalenaEcop,25143.16,37728.9
2025-07-18,1,PT1H,MC-MagdalenaEcop,27896.0,35085.2
2025-07-18,2,PT1H,MC-MagdalenaEcop,26615.06,34942.1
2025-07-18,3,PT1H,MC-MagdalenaEcop,25840.46,37165.4
2025-07-18,24,PT1H,MC-MagdalenaEcop,33099.03,29752.5
2025-07-18,23,PT1H,MC-MagdalenaEcop,33943.53,29825.6
2025-07-18,22,PT1H,MC-MagdalenaEcop,33560.82,29943.4
2025-07-18,21,PT1H,MC-MagdalenaEcop,35956.96,31240.2
2025-07-18,20,PT1H,MC-MagdalenaEcop,38325.37,31560.7
2025-07-18,19,PT1H,MC-MagdalenaEcop,34646.32,34966.5
2025-07-18,18,PT1H,MC-MagdalenaEcop,29580.34,35942.1
2025-07-18,16,PT1H,MC-MagdalenaEcop,25378.36,39219.8
2025-07-18,13,PT1H,MC-MagdalenaEcop,27729.15,36932.0
2025-07-18,4,PT1H,MC-MagdalenaEcop,27155.62,37763.5
2025-07-18,5,PT1H,MC-MagdalenaEcop,28372.75,37781.4
2025-07-19,23,PT1H,MC-MagdalenaEcop,36234.05,36717.2
2025-07-19,20,PT1H,MC-MagdalenaEcop,38149.83,37830.3
2025-07-19,19,PT1H,MC-MagdalenaEcop,37653.27,39447.6
2025-07-19,18,PT1H,MC-MagdalenaEcop,37257.26,36804.8
2025-07-19,17,PT1H,MC-MagdalenaEcop,36678.03,34339.5
2025-07-19,22,PT1H,MC-MagdalenaEcop,36225.89,36870.5
2025-07-19,16,PT1H,MC-MagdalenaEcop,37152.65,37126.0
2025-07-19,15,PT1H,MC-MagdalenaEcop,36344.14,37261.6
2025-07-19,14,PT1H,MC-MagdalenaEcop,34975.38,36406.9
2025-07-19,13,PT1H,MC-MagdalenaEcop,29152.63,34497.3
2025-07-19,12,PT1H,MC-MagdalenaEcop,32246.16,34450.5
2025-07-19,11,PT1H,MC-MagdalenaEcop,32622.8,34286.2
2025-07-19,10,PT1H,MC-MagdalenaEcop,31733.06,33735.4
2025-07-19,9,PT1H,MC-MagdalenaEcop,31325.57,33105.6
2025-07-19,8,PT1H,MC-MagdalenaEcop,30696.29,31747.5
2025-07-19,7,PT1H,MC-MagdalenaEcop,30819.87,32175.6
2025-07-19,6,PT1H,MC-MagdalenaEcop,32941.31,34011.6
2025-07-19,5,PT1H,MC-MagdalenaEcop,34624.38,34263.8
2025-07-19,4,PT1H,MC-MagdalenaEcop,34369.21,34421.9
2025-07-19,3,PT1H,MC-MagdalenaEcop,33067.9,34700.5
2025-07-19,2,PT1H,MC-MagdalenaEcop,33127.7,33260.3
2025-07-19,1,PT1H,MC-MagdalenaEcop,32610.16,33906.0
2025-07-19,24,PT1H,MC-MagdalenaEcop,35637.8,36833.7
2025-07-19,21,PT1H,MC-MagdalenaEcop,37777.35,37009.6
2025-07-20,9,PT1H,MC-MagdalenaEcop,31173.87,33846.4
2025-07-20,5,PT1H,MC-MagdalenaEcop,31874.01,35267.5
2025-07-20,4,PT1H,MC-MagdalenaEcop,34095.67,33895.3
2025-07-20,8,PT1H,MC-MagdalenaEcop,30604.73,34027.3
2025-07-20,11,PT1H,MC-MagdalenaEcop,31633.8,35429.4
2025-07-20,12,PT1H,MC-MagdalenaEcop,30366.44,34610.8
2025-07-20,10,PT1H,MC-MagdalenaEcop,31720.75,35541.6
2025-07-20,24,PT1H,MC-MagdalenaEcop,31228.16,35971.5
2025-07-20,13,PT1H,MC-MagdalenaEcop,22984.91,35655.0
2025-07-20,14,PT1H,MC-MagdalenaEcop,24506.47,36801.6
2025-07-20,15,PT1H,MC-MagdalenaEcop,27853.85,36114.7
2025-07-20,16,PT1H,MC-MagdalenaEcop,27600.84,36621.1
2025-07-20,6,PT1H,MC-MagdalenaEcop,32038.26,35487.7
2025-07-20,17,PT1H,MC-MagdalenaEcop,26803.05,35603.8
2025-07-20,19,PT1H,MC-MagdalenaEcop,25023.91,33894.4
2025-07-20,20,PT1H,MC-MagdalenaEcop,24708.33,34350.0
2025-07-20,21,PT1H,MC-MagdalenaEcop,24523.5,34425.3
2025-07-20,22,PT1H,MC-MagdalenaEcop,26209.06,35205.4
2025-07-20,23,PT1H,MC-MagdalenaEcop,29230.37,37138.9
2025-07-20,1,PT1H,MC-MagdalenaEcop,35499.2,34843.3
2025-07-20,2,PT1H,MC-MagdalenaEcop,35234.98,35009.4
2025-07-20,3,PT1H,MC-MagdalenaEcop,35459.1,35338.8
2025-07-20,18,PT1H,MC-MagdalenaEcop,26364.98,35742.7
2025-07-20,7,PT1H,MC-MagdalenaEcop,31161.42,34388.0
2025-07-21,1,PT1H,MC-MagdalenaEcop,30971.92,39235.3
2025-07-21,7,PT1H,MC-MagdalenaEcop,36097.23,39487.6
2025-07-21,19,PT1H,MC-MagdalenaEcop,24155.62,40850.5
2025-07-21,16,PT1H,MC-MagdalenaEcop,21889.97,19905.8
2025-07-21,24,PT1H,MC-MagdalenaEcop,23119.38,37611.3
2025-07-21,15,PT1H,MC-MagdalenaEcop,19891.57,18558.7
2025-07-21,14,PT1H,MC-MagdalenaEcop,19610.54,23798.6
2025-07-21,13,PT1H,MC-MagdalenaEcop,17483.12,35969.4
2025-07-21,12,PT1H,MC-MagdalenaEcop,29772.29,35397.0
2025-07-21,11,PT1H,MC-MagdalenaEcop,35373.09,35371.4
2025-07-21,10,PT1H,MC-MagdalenaEcop,36385.89,35978.4
2025-07-21,9,PT1H,MC-MagdalenaEcop,36264.57,39543.2
2025-07-21,18,PT1H,MC-MagdalenaEcop,24519.53,38957.5
2025-07-21,8,PT1H,MC-MagdalenaEcop,35987.59,40475.6
2025-07-21,17,PT1H,MC-MagdalenaEcop,23424.46,27907.1
2025-07-21,6,PT1H,MC-MagdalenaEcop,35724.97,42167.5
2025-07-21,5,PT1H,MC-MagdalenaEcop,34109.63,41560.1
2025-07-21,4,PT1H,MC-MagdalenaEcop,35412.31,41400.5
2025-07-21,22,PT1H,MC-MagdalenaEcop,24160.56,37112.2
2025-07-21,3,PT1H,MC-MagdalenaEcop,36468.39,42524.2
2025-07-21,2,PT1H,MC-MagdalenaEcop,31284.58,43321.5
2025-07-21,21,PT1H,MC-MagdalenaEcop,23274.26,39758.9
2025-07-21,20,PT1H,MC-MagdalenaEcop,21797.26,41943.1
2025-07-21,23,PT1H,MC-MagdalenaEcop,23377.77,37374.5
2025-07-22,23,PT1H,MC-MagdalenaEcop,15725.01,36576.1
2025-07-22,10,PT1H,MC-MagdalenaEcop,19363.53,37297.8
2025-07-22,20,PT1H,MC-MagdalenaEcop,14287.48,36768.2
2025-07-22,24,PT1H,MC-MagdalenaEcop,15062.93,36554.2
2025-07-22,1,PT1H,MC-MagdalenaEcop,21760.15,35945.4
2025-07-22,2,PT1H,MC-MagdalenaEcop,21388.45,35725.7
2025-07-22,3,PT1H,MC-MagdalenaEcop,21494.13,36676.6
2025-07-22,4,PT1H,MC-MagdalenaEcop,21535.44,33984.4
2025-07-22,5,PT1H,MC-MagdalenaEcop,21697.84,34691.5
2025-07-22,6,PT1H,MC-MagdalenaEcop,22229.36,33910.9
2025-07-22,7,PT1H,MC-MagdalenaEcop,20405.42,34823.4
2025-07-22,8,PT1H,MC-MagdalenaEcop,18542.24,38776.3
2025-07-22,9,PT1H,MC-MagdalenaEcop,18075.73,38180.2
2025-07-22,11,PT1H,MC-MagdalenaEcop,20043.74,37563.3
2025-07-22,12,PT1H,MC-MagdalenaEcop,19630.39,37244.2
2025-07-22,13,PT1H,MC-MagdalenaEcop,19293.69,37456.9
2025-07-22,14,PT1H,MC-MagdalenaEcop,18880.38,37501.6
2025-07-22,15,PT1H,MC-MagdalenaEcop,18273.41,37075.5
2025-07-22,16,PT1H,MC-MagdalenaEcop,15534.81,37225.8
2025-07-22,17,PT1H,MC-MagdalenaEcop,14740.17,36040.4
2025-07-22,18,PT1H,MC-MagdalenaEcop,17303.03,36419.5
2025-07-22,19,PT1H,MC-MagdalenaEcop,18537.06,37267.5
2025-07-22,21,PT1H,MC-MagdalenaEcop,13839.0,36721.4
2025-07-22,22,PT1H,MC-MagdalenaEcop,14228.15,35783.3
2025-07-23,24,PT1H,MC-MagdalenaEcop,22231.4,61689.6
2025-07-23,13,PT1H,MC-MagdalenaEcop,24613.83,11203.4
2025-07-23,2,PT1H,MC-MagdalenaEcop,15283.72,64535.7
2025-07-23,22,PT1H,MC-MagdalenaEcop,20314.11,61744.7
2025-07-23,21,PT1H,MC-MagdalenaEcop,19500.42,59485.6
2025-07-23,20,PT1H,MC-MagdalenaEcop,18625.43,60198.0
2025-07-23,19,PT1H,MC-MagdalenaEcop,21478.6,54833.8
2025-07-23,18,PT1H,MC-MagdalenaEcop,23094.9,8812.9
2025-07-23,17,PT1H,MC-MagdalenaEcop,24983.21,10.0
2025-07-23,16,PT1H,MC-MagdalenaEcop,25470.93,10.1
2025-07-23,23,PT1H,MC-MagdalenaEcop,22192.2,61538.1
2025-07-23,15,PT1H,MC-MagdalenaEcop,24979.88,19.2
2025-07-23,3,PT1H,MC-MagdalenaEcop,16230.33,64288.9
2025-07-23,12,PT1H,MC-MagdalenaEcop,19578.59,12625.3
2025-07-23,11,PT1H,MC-MagdalenaEcop,17460.11,8703.7
2025-07-23,10,PT1H,MC-MagdalenaEcop,19425.78,1464.1
2025-07-23,9,PT1H,MC-MagdalenaEcop,19180.7,1088.7
2025-07-23,8,PT1H,MC-MagdalenaEcop,19218.59,30000.1
2025-07-23,7,PT1H,MC-MagdalenaEcop,15880.3,53154.4
2025-07-23,6,PT1H,MC-MagdalenaEcop,15653.81,67068.0
2025-07-23,14,PT1H,MC-MagdalenaEcop,25187.57,360.6
2025-07-23,1,PT1H,MC-MagdalenaEcop,16131.17,64128.3
2025-07-23,4,PT1H,MC-MagdalenaEcop,15639.55,65247.3
2025-07-23,5,PT1H,MC-MagdalenaEcop,15857.07,63999.7
2025-07-24,23,PT1H,MC-MagdalenaEcop,24208.7,57979.2
2025-07-24,19,PT1H,MC-MagdalenaEcop,22089.13,62539.0
2025-07-24,18,PT1H,MC-MagdalenaEcop,21535.93,24942.7
2025-07-24,17,PT1H,MC-MagdalenaEcop,17885.21,2686.8
2025-07-24,16,PT1H,MC-MagdalenaEcop,14063.1,108.6
2025-07-24,15,PT1H,MC-MagdalenaEcop,14063.1,2028.3
2025-07-24,14,PT1H,MC-MagdalenaEcop,14063.1,5249.4
2025-07-24,13,PT1H,MC-MagdalenaEcop,14063.1,4451.3
2025-07-24,12,PT1H,MC-MagdalenaEcop,14063.1,2463.2
2025-07-24,11,PT1H,MC-MagdalenaEcop,14063.1,754.1
2025-07-24,10,PT1H,MC-MagdalenaEcop,14063.1,2969.7
2025-07-24,8,PT1H,MC-MagdalenaEcop,14063.1,22346.3
2025-07-24,7,PT1H,MC-MagdalenaEcop,14063.1,53162.5
2025-07-24,6,PT1H,MC-MagdalenaEcop,14063.1,67457.5
2025-07-24,5,PT1H,MC-MagdalenaEcop,14063.1,66760.0
2025-07-24,4,PT1H,MC-MagdalenaEcop,14063.1,66357.7
2025-07-24,3,PT1H,MC-MagdalenaEcop,14063.1,68400.8
2025-07-24,2,PT1H,MC-MagdalenaEcop,14063.1,65796.7
2025-07-24,1,PT1H,MC-MagdalenaEcop,14063.1,61637.0
2025-07-24,9,PT1H,MC-MagdalenaEcop,14063.1,2342.9
2025-07-24,24,PT1H,MC-MagdalenaEcop,25521.04,58188.0
2025-07-24,22,PT1H,MC-MagdalenaEcop,21967.5,58800.0
2025-07-24,21,PT1H,MC-MagdalenaEcop,21694.19,58742.2
2025-07-24,20,PT1H,MC-MagdalenaEcop,21975.26,60046.1
2025-07-25,3,PT1H,MC-MagdalenaEcop,22724.56,61495.6
2025-07-25,4,PT1H,MC-MagdalenaEcop,23992.98,62175.0
2025-07-25,5,PT1H,MC-MagdalenaEcop,24477.99,62599.6
2025-07-25,6,PT1H,MC-MagdalenaEcop,24451.81,62175.0
2025-07-25,7,PT1H,MC-MagdalenaEcop,24433.1,54277.0
2025-07-25,8,PT1H,MC-MagdalenaEcop,24303.85,23024.6
2025-07-25,9,PT1H,MC-MagdalenaEcop,24269.36,18778.4
2025-07-25,10,PT1H,MC-MagdalenaEcop,22354.45,18608.5
2025-07-25,11,PT1H,MC-MagdalenaEcop,23601.95,17504.5
2025-07-25,12,PT1H,MC-MagdalenaEcop,23476.32,16485.4
2025-07-25,1,PT1H,MC-MagdalenaEcop,24830.87,61495.6
2025-07-25,15,PT1H,MC-MagdalenaEcop,16773.31,11984.4
2025-07-25,16,PT1H,MC-MagdalenaEcop,18522.31,11559.8
2025-07-25,17,PT1H,MC-MagdalenaEcop,21736.25,11729.6
2025-07-25,18,PT1H,MC-MagdalenaEcop,21203.88,29478.9
2025-07-25,19,PT1H,MC-MagdalenaEcop,20863.93,45519.7
2025-07-25,20,PT1H,MC-MagdalenaEcop,23594.43,42122.7
2025-07-25,21,PT1H,MC-MagdalenaEcop,24153.26,41952.9
2025-07-25,22,PT1H,MC-MagdalenaEcop,23852.63,42047.8
2025-07-25,23,PT1H,MC-MagdalenaEcop,23918.96,42557.4
2025-07-25,24,PT1H,MC-MagdalenaEcop,23627.12,55635.8
2025-07-25,14,PT1H,MC-MagdalenaEcop,18012.61,11389.9
2025-07-25,13,PT1H,MC-MagdalenaEcop,20189.45,13598.0
2025-07-25,2,PT1H,MC-MagdalenaEcop,24261.41,58013.7
2025-07-26,10,PT1H,MC-MagdalenaEcop,21413.05,39889.1
2025-07-26,19,PT1H,MC-MagdalenaEcop,19598.46,38945.1
2025-07-26,18,PT1H,MC-MagdalenaEcop,19633.64,37533.7
2025-07-26,17,PT1H,MC-MagdalenaEcop,17378.75,35218.9
2025-07-26,16,PT1H,MC-MagdalenaEcop,19470.57,33960.0
2025-07-26,15,PT1H,MC-MagdalenaEcop,19303.18,34975.3
2025-07-26,14,PT1H,MC-MagdalenaEcop,19223.61,34366.1
2025-07-26,13,PT1H,MC-MagdalenaEcop,19215.26,33716.4
2025-07-26,12,PT1H,MC-MagdalenaEcop,19437.73,37493.1
2025-07-26,11,PT1H,MC-MagdalenaEcop,19712.23,41757.2
2025-07-26,9,PT1H,MC-MagdalenaEcop,23204.59,39361.2
2025-07-26,8,PT1H,MC-MagdalenaEcop,23147.22,37574.3
2025-07-26,7,PT1H,MC-MagdalenaEcop,24570.41,33838.2
2025-07-26,6,PT1H,MC-MagdalenaEcop,24629.89,34000.6
2025-07-26,5,PT1H,MC-MagdalenaEcop,24034.14,34122.5
2025-07-26,4,PT1H,MC-MagdalenaEcop,24261.34,33716.4
2025-07-26,3,PT1H,MC-MagdalenaEcop,23652.16,33675.8
2025-07-26,2,PT1H,MC-MagdalenaEcop,21349.28,33878.8
2025-07-26,20,PT1H,MC-MagdalenaEcop,21382.61,39310.6
2025-07-26,1,PT1H,MC-MagdalenaEcop,24126.37,33960.0
2025-07-26,24,PT1H,MC-MagdalenaEcop,23416.88,38589.6
2025-07-26,22,PT1H,MC-MagdalenaEcop,23693.43,37980.4
2025-07-26,23,PT1H,MC-MagdalenaEcop,23665.62,38752.0
2025-07-26,21,PT1H,MC-MagdalenaEcop,22651.75,39594.8
2025-07-27,7,PT1H,MC-MagdalenaEcop,21108.16,35609.0
2025-07-27,22,PT1H,MC-MagdalenaEcop,18727.68,38060.4
2025-07-27,21,PT1H,MC-MagdalenaEcop,21431.5,37830.8
2025-07-27,20,PT1H,MC-MagdalenaEcop,23193.77,36440.5
2025-07-27,19,PT1H,MC-MagdalenaEcop,24652.49,35855.2
2025-07-27,18,PT1H,MC-MagdalenaEcop,25144.78,36779.8
2025-07-27,2,PT1H,MC-MagdalenaEcop,23169.45,34804.1
2025-07-27,17,PT1H,MC-MagdalenaEcop,24980.59,35938.3
2025-07-27,6,PT1H,MC-MagdalenaEcop,23023.7,36816.4
2025-07-27,16,PT1H,MC-MagdalenaEcop,24837.04,36633.5
2025-07-27,15,PT1H,MC-MagdalenaEcop,24573.92,38316.5
2025-07-27,14,PT1H,MC-MagdalenaEcop,24699.47,38353.1
2025-07-27,13,PT1H,MC-MagdalenaEcop,24517.44,38353.1
2025-07-27,12,PT1H,MC-MagdalenaEcop,25256.14,37914.0
2025-07-27,11,PT1H,MC-MagdalenaEcop,25260.4,37255.5
2025-07-27,10,PT1H,MC-MagdalenaEcop,25455.7,36523.7
2025-07-27,9,PT1H,MC-MagdalenaEcop,23523.65,36231.0
2025-07-27,8,PT1H,MC-MagdalenaEcop,23677.97,35170.0
2025-07-27,4,PT1H,MC-MagdalenaEcop,23119.45,35133.4
2025-07-27,1,PT1H,MC-MagdalenaEcop,22803.7,31913.8
2025-07-27,3,PT1H,MC-MagdalenaEcop,22469.76,35170.0
2025-07-27,5,PT1H,MC-MagdalenaEcop,22542.13,35609.0
2025-07-27,24,PT1H,MC-MagdalenaEcop,18494.22,37731.1
2025-07-27,23,PT1H,MC-MagdalenaEcop,18737.27,37767.7
2025-07-28,19,PT1H,MC-MagdalenaEcop,22762.7,34946.2
2025-07-28,18,PT1H,MC-MagdalenaEcop,22191.17,34815.5
2025-07-28,17,PT1H,MC-MagdalenaEcop,21331.36,33689.3
2025-07-28,16,PT1H,MC-MagdalenaEcop,21953.65,34991.4
2025-07-28,15,PT1H,MC-MagdalenaEcop,21328.42,36575.1
2025-07-28,14,PT1H,MC-MagdalenaEcop,21022.36,37595.7
2025-07-28,13,PT1H,MC-MagdalenaEcop,20876.25,36293.6
2025-07-28,12,PT1H,MC-MagdalenaEcop,22065.83,33548.5
2025-07-28,11,PT1H,MC-MagdalenaEcop,21001.5,36328.8
2025-07-28,10,PT1H,MC-MagdalenaEcop,22211.69,33724.5
2025-07-28,23,PT1H,MC-MagdalenaEcop,24572.43,34217.2
2025-07-28,24,PT1H,MC-MagdalenaEcop,22242.58,34358.0
2025-07-28,7,PT1H,MC-MagdalenaEcop,22261.87,35061.8
2025-07-28,6,PT1H,MC-MagdalenaEcop,22436.83,34921.1
2025-07-28,5,PT1H,MC-MagdalenaEcop,22242.3,34076.4
2025-07-28,4,PT1H,MC-MagdalenaEcop,21849.66,34287.6
2025-07-28,3,PT1H,MC-MagdalenaEcop,23794.32,34287.6
2025-07-28,2,PT1H,MC-MagdalenaEcop,24147.01,34111.6
2025-07-28,1,PT1H,MC-MagdalenaEcop,19101.64,35273.0
2025-07-28,21,PT1H,MC-MagdalenaEcop,23960.17,35474.1
2025-07-28,20,PT1H,MC-MagdalenaEcop,24005.47,35192.6
2025-07-28,22,PT1H,MC-MagdalenaEcop,23708.26,34956.2
2025-07-28,8,PT1H,MC-MagdalenaEcop,21876.26,34358.0
2025-07-28,9,PT1H,MC-MagdalenaEcop,22705.76,33126.2
2025-07-29,10,PT1H,MC-MagdalenaEcop,22692.39,34441.7
2025-07-29,24,PT1H,MC-MagdalenaEcop,21312.69,32985.4
2025-07-29,20,PT1H,MC-MagdalenaEcop,14319.16,37656.4
2025-07-29,19,PT1H,MC-MagdalenaEcop,13820.23,37656.4
2025-07-29,18,PT1H,MC-MagdalenaEcop,14199.42,36972.9
2025-07-29,17,PT1H,MC-MagdalenaEcop,14170.67,36695.5
2025-07-29,16,PT1H,MC-MagdalenaEcop,13882.71,35620.6
2025-07-29,15,PT1H,MC-MagdalenaEcop,16992.63,36002.0
2025-07-29,14,PT1H,MC-MagdalenaEcop,17277.56,35794.0
2025-07-29,13,PT1H,MC-MagdalenaEcop,23275.18,34684.4
2025-07-29,12,PT1H,MC-MagdalenaEcop,23382.55,34407.0
2025-07-29,11,PT1H,MC-MagdalenaEcop,23057.63,34476.4
2025-07-29,9,PT1H,MC-MagdalenaEcop,23431.18,34129.6
2025-07-29,8,PT1H,MC-MagdalenaEcop,22192.17,33921.6
2025-07-29,7,PT1H,MC-MagdalenaEcop,24188.52,33609.5
2025-07-29,6,PT1H,MC-MagdalenaEcop,24337.41,33332.1
2025-07-29,5,PT1H,MC-MagdalenaEcop,24238.57,33990.9
2025-07-29,4,PT1H,MC-MagdalenaEcop,24089.02,34649.7
2025-07-29,3,PT1H,MC-MagdalenaEcop,24885.71,33505.5
2025-07-29,2,PT1H,MC-MagdalenaEcop,24390.46,32603.9
2025-07-29,23,PT1H,MC-MagdalenaEcop,22559.18,34199.0
2025-07-29,21,PT1H,MC-MagdalenaEcop,17514.76,37171.0
2025-07-29,22,PT1H,MC-MagdalenaEcop,18256.15,34857.8
2025-07-29,1,PT1H,MC-MagdalenaEcop,24011.69,32846.7
2025-07-30,3,PT1H,MC-MagdalenaEcop,22421.81,37375.2
2025-07-30,4,PT1H,MC-MagdalenaEcop,22669.91,36558.1
2025-07-30,24,PT1H,MC-MagdalenaEcop,40046.2,34886.7
2025-07-30,22,PT1H,MC-MagdalenaEcop,40932.83,37152.3
2025-07-30,21,PT1H,MC-MagdalenaEcop,41322.46,38033.8
2025-07-30,20,PT1H,MC-MagdalenaEcop,38770.46,38405.2
2025-07-30,19,PT1H,MC-MagdalenaEcop,38867.35,38405.2
2025-07-30,18,PT1H,MC-MagdalenaEcop,40826.74,37783.8
2025-07-30,17,PT1H,MC-MagdalenaEcop,41555.82,34738.1
2025-07-30,16,PT1H,MC-MagdalenaEcop,42783.9,30355.3
2025-07-30,2,PT1H,MC-MagdalenaEcop,20449.05,35926.7
2025-07-30,15,PT1H,MC-MagdalenaEcop,36355.25,30503.9
2025-07-30,23,PT1H,MC-MagdalenaEcop,40334.58,33735.3
2025-07-30,13,PT1H,MC-MagdalenaEcop,41490.16,30132.4
2025-07-30,12,PT1H,MC-MagdalenaEcop,39855.63,28646.8
2025-07-30,11,PT1H,MC-MagdalenaEcop,34698.46,31283.9
2025-07-30,10,PT1H,MC-MagdalenaEcop,31582.29,33066.7
2025-07-30,9,PT1H,MC-MagdalenaEcop,33252.01,35220.9
2025-07-30,8,PT1H,MC-MagdalenaEcop,28460.7,34961.0
2025-07-30,7,PT1H,MC-MagdalenaEcop,21947.65,38303.8
2025-07-30,6,PT1H,MC-MagdalenaEcop,21298.02,37412.3
2025-07-30,5,PT1H,MC-MagdalenaEcop,22250.83,37040.9
2025-07-30,1,PT1H,MC-MagdalenaEcop,19805.41,34626.7
2025-07-30,14,PT1H,MC-MagdalenaEcop,35141.94,31655.3
2025-07-31,9,PT1H,MC-MagdalenaEcop,37800.89,35216.0
2025-07-31,8,PT1H,MC-MagdalenaEcop,37125.22,40621.3
2025-07-31,4,PT1H,MC-MagdalenaEcop,36585.93,41912.8
2025-07-31,6,PT1H,MC-MagdalenaEcop,36812.99,42008.5
2025-07-31,5,PT1H,MC-MagdalenaEcop,36895.55,41912.8
2025-07-31,23,PT1H,MC-MagdalenaEcop,35000.95,35168.2
2025-07-31,7,PT1H,MC-MagdalenaEcop,36445.19,39903.8
2025-07-31,10,PT1H,MC-MagdalenaEcop,38145.43,28471.4
2025-07-31,14,PT1H,MC-MagdalenaEcop,41595.7,22827.0
2025-07-31,12,PT1H,MC-MagdalenaEcop,40346.49,26079.7
2025-07-31,13,PT1H,MC-MagdalenaEcop,40636.46,25792.7
2025-07-31,15,PT1H,MC-MagdalenaEcop,41394.83,22874.8
2025-07-31,16,PT1H,MC-MagdalenaEcop,44263.56,33015.7
2025-07-31,17,PT1H,MC-MagdalenaEcop,44193.26,34929.0
2025-07-31,18,PT1H,MC-MagdalenaEcop,43708.29,34833.4
2025-07-31,19,PT1H,MC-MagdalenaEcop,43597.76,34823.4
2025-07-31,20,PT1H,MC-MagdalenaEcop,37648.07,34632.0
2025-07-31,24,PT1H,MC-MagdalenaEcop,34754.99,34402.9
2025-07-31,11,PT1H,MC-MagdalenaEcop,40015.47,25266.5
2025-07-31,3,PT1H,MC-MagdalenaEcop,37209.03,43108.7
2025-07-31,22,PT1H,MC-MagdalenaEcop,35637.9,34785.5
2025-07-31,1,PT1H,MC-MagdalenaEcop,41030.92,44352.4
2025-07-31,21,PT1H,MC-MagdalenaEcop,35773.37,35445.2
2025-07-31,2,PT1H,MC-MagdalenaEcop,38564.19,43826.2
2025-08-01,23,PT1H,MC-MagdalenaEcop,37316.38,38039.9
2025-08-01,1,PT1H,MC-MagdalenaEcop,36002.78,31065.6
2025-08-01,2,PT1H,MC-MagdalenaEcop,34695.24,29661.9
2025-08-01,3,PT1H,MC-MagdalenaEcop,34549.76,28828.5
2025-08-01,4,PT1H,MC-MagdalenaEcop,34210.16,30363.7
2025-08-01,5,PT1H,MC-MagdalenaEcop,34344.01,31723.5
2025-08-01,6,PT1H,MC-MagdalenaEcop,34383.74,34223.8
2025-08-01,7,PT1H,MC-MagdalenaEcop,33059.57,36811.7
2025-08-01,8,PT1H,MC-MagdalenaEcop,33685.04,39969.9
2025-08-01,22,PT1H,MC-MagdalenaEcop,38134.17,37382.0
2025-08-01,12,PT1H,MC-MagdalenaEcop,37742.87,39838.3
2025-08-01,13,PT1H,MC-MagdalenaEcop,39037.86,30846.2
2025-08-01,14,PT1H,MC-MagdalenaEcop,39836.61,26328.3
2025-08-01,15,PT1H,MC-MagdalenaEcop,40579.03,27995.1
2025-08-01,16,PT1H,MC-MagdalenaEcop,40385.92,28170.6
2025-08-01,17,PT1H,MC-MagdalenaEcop,40637.52,34223.8
2025-08-01,20,PT1H,MC-MagdalenaEcop,41368.17,42723.3
2025-08-01,18,PT1H,MC-MagdalenaEcop,40971.52,32820.1
2025-08-01,19,PT1H,MC-MagdalenaEcop,41652.71,38644.0
2025-08-01,10,PT1H,MC-MagdalenaEcop,36173.86,39838.3
2025-08-01,11,PT1H,MC-MagdalenaEcop,35689.6,39619.0
2025-08-01,9,PT1H,MC-MagdalenaEcop,35812.49,40145.4
2025-08-01,21,PT1H,MC-MagdalenaEcop,40555.93,40047.6
2025-08-01,24,PT1H,MC-MagdalenaEcop,37968.71,36899.4
2025-08-02,21,PT1H,MC-MagdalenaEcop,42799.16,38376.1
2025-08-02,24,PT1H,MC-MagdalenaEcop,45502.38,36187.5
2025-08-02,20,PT1H,MC-MagdalenaEcop,43278.7,38815.9
2025-08-02,1,PT1H,MC-MagdalenaEcop,36734.59,33149.4
2025-08-02,2,PT1H,MC-MagdalenaEcop,37520.82,33589.1
2025-08-02,3,PT1H,MC-MagdalenaEcop,37506.34,33589.1
2025-08-02,4,PT1H,MC-MagdalenaEcop,38386.04,34828.3
2025-08-02,5,PT1H,MC-MagdalenaEcop,39791.5,35148.1
2025-08-02,6,PT1H,MC-MagdalenaEcop,41641.07,33429.2
2025-08-02,7,PT1H,MC-MagdalenaEcop,40725.72,31310.5
2025-08-02,8,PT1H,MC-MagdalenaEcop,42209.95,31190.6
2025-08-02,11,PT1H,MC-MagdalenaEcop,44129.57,33189.4
2025-08-02,10,PT1H,MC-MagdalenaEcop,41397.41,32389.9
2025-08-02,9,PT1H,MC-MagdalenaEcop,41314.14,31910.2
2025-08-02,19,PT1H,MC-MagdalenaEcop,45635.31,38336.2
2025-08-02,22,PT1H,MC-MagdalenaEcop,42976.92,36827.1
2025-08-02,18,PT1H,MC-MagdalenaEcop,45338.22,37866.5
2025-08-02,17,PT1H,MC-MagdalenaEcop,44895.91,37226.9
2025-08-02,23,PT1H,MC-MagdalenaEcop,45045.35,36827.1
2025-08-02,15,PT1H,MC-MagdalenaEcop,44418.77,36827.1
2025-08-02,14,PT1H,MC-MagdalenaEcop,44713.12,35388.0
2025-08-02,13,PT1H,MC-MagdalenaEcop,44940.17,29591.6
2025-08-02,12,PT1H,MC-MagdalenaEcop,44230.88,32669.7
2025-08-02,16,PT1H,MC-MagdalenaEcop,44912.31,37546.7
2025-08-03,24,PT1H,MC-MagdalenaEcop,39600.18,36814.4
2025-08-03,23,PT1H,MC-MagdalenaEcop,40356.89,34537.4
2025-08-03,22,PT1H,MC-MagdalenaEcop,40576.67,30959.2
2025-08-03,21,PT1H,MC-MagdalenaEcop,40532.13,28904.5
2025-08-03,20,PT1H,MC-MagdalenaEcop,41524.65,29136.9
2025-08-03,19,PT1H,MC-MagdalenaEcop,41793.27,29648.0
2025-08-03,17,PT1H,MC-MagdalenaEcop,40618.71,31656.2
2025-08-03,16,PT1H,MC-MagdalenaEcop,40358.32,32585.7
2025-08-03,15,PT1H,MC-MagdalenaEcop,39939.12,32957.4
2025-08-03,14,PT1H,MC-MagdalenaEcop,40538.53,29007.4
2025-08-03,13,PT1H,MC-MagdalenaEcop,40426.64,27148.6
2025-08-03,18,PT1H,MC-MagdalenaEcop,41412.11,31098.6
2025-08-03,10,PT1H,MC-MagdalenaEcop,41946.72,37372.1
2025-08-03,12,PT1H,MC-MagdalenaEcop,40414.88,35885.0
2025-08-03,1,PT1H,MC-MagdalenaEcop,43603.17,41879.7
2025-08-03,2,PT1H,MC-MagdalenaEcop,42652.53,41693.8
2025-08-03,3,PT1H,MC-MagdalenaEcop,44408.8,41926.2
2025-08-03,4,PT1H,MC-MagdalenaEcop,45260.02,40253.2
2025-08-03,11,PT1H,MC-MagdalenaEcop,39636.48,37465.0
2025-08-03,6,PT1H,MC-MagdalenaEcop,44815.79,37836.8
2025-08-03,7,PT1H,MC-MagdalenaEcop,43476.66,36721.5
2025-08-03,8,PT1H,MC-MagdalenaEcop,42112.03,36210.3
2025-08-03,9,PT1H,MC-MagdalenaEcop,41963.05,36860.9
2025-08-03,5,PT1H,MC-MagdalenaEcop,44493.59,37650.9
2025-08-04,22,PT1H,MC-MagdalenaEcop,40557.68,26573.5
2025-08-04,1,PT1H,MC-MagdalenaEcop,39629.35,34551.3
2025-08-04,2,PT1H,MC-MagdalenaEcop,39591.14,34945.8
2025-08-04,3,PT1H,MC-MagdalenaEcop,40038.5,40644.3
2025-08-04,4,PT1H,MC-MagdalenaEcop,40436.06,39460.8
2025-08-04,5,PT1H,MC-MagdalenaEcop,42465.35,38058.1
2025-08-04,6,PT1H,MC-MagdalenaEcop,42941.11,39811.4
2025-08-04,7,PT1H,MC-MagdalenaEcop,42621.34,40205.9
2025-08-04,8,PT1H,MC-MagdalenaEcop,41246.52,40162.1
2025-08-04,9,PT1H,MC-MagdalenaEcop,41856.3,40381.3
2025-08-04,11,PT1H,MC-MagdalenaEcop,36325.37,39504.6
2025-08-04,13,PT1H,MC-MagdalenaEcop,37397.45,19340.9
2025-08-04,14,PT1H,MC-MagdalenaEcop,36507.0,21751.8
2025-08-04,15,PT1H,MC-MagdalenaEcop,35394.79,21927.1
2025-08-04,17,PT1H,MC-MagdalenaEcop,38281.77,25696.8
2025-08-04,18,PT1H,MC-MagdalenaEcop,40827.59,26792.7
2025-08-04,19,PT1H,MC-MagdalenaEcop,43314.68,26519.7
2025-08-04,20,PT1H,MC-MagdalenaEcop,42067.31,24065.0
2025-08-04,23,PT1H,MC-MagdalenaEcop,38632.61,25696.8
2025-08-04,21,PT1H,MC-MagdalenaEcop,41335.72,25686.8
2025-08-04,10,PT1H,MC-MagdalenaEcop,40650.8,40556.6
2025-08-04,16,PT1H,MC-MagdalenaEcop,34409.71,24338.0
2025-08-04,12,PT1H,MC-MagdalenaEcop,37045.83,33148.6
2025-08-04,24,PT1H,MC-MagdalenaEcop,38916.62,25390.0
2025-08-05,20,PT1H,MC-MagdalenaEcop,41543.07,24275.9
2025-08-05,1,PT1H,MC-MagdalenaEcop,39039.62,37273.8
2025-08-05,2,PT1H,MC-MagdalenaEcop,40081.82,36661.8
2025-08-05,3,PT1H,MC-MagdalenaEcop,39336.81,36729.8
2025-08-05,4,PT1H,MC-MagdalenaEcop,39274.99,36729.8
2025-08-05,5,PT1H,MC-MagdalenaEcop,40360.74,37137.8
2025-08-05,6,PT1H,MC-MagdalenaEcop,41445.4,38021.8
2025-08-05,7,PT1H,MC-MagdalenaEcop,39106.99,35165.8
2025-08-05,8,PT1H,MC-MagdalenaEcop,37094.66,31697.8
2025-08-05,9,PT1H,MC-MagdalenaEcop,34987.18,31153.8
2025-08-05,10,PT1H,MC-MagdalenaEcop,35164.63,33193.8
2025-08-05,11,PT1H,MC-MagdalenaEcop,35249.99,34417.8
2025-08-05,12,PT1H,MC-MagdalenaEcop,33121.88,33805.8
2025-08-05,13,PT1H,MC-MagdalenaEcop,33750.01,33125.8
2025-08-05,14,PT1H,MC-MagdalenaEcop,34429.01,32377.8
2025-08-05,15,PT1H,MC-MagdalenaEcop,34769.83,31221.8
2025-08-05,16,PT1H,MC-MagdalenaEcop,34695.29,26529.9
2025-08-05,17,PT1H,MC-MagdalenaEcop,39642.44,25305.9
2025-08-05,18,PT1H,MC-MagdalenaEcop,40340.68,29385.8
2025-08-05,19,PT1H,MC-MagdalenaEcop,41496.31,31551.8
2025-08-05,24,PT1H,MC-MagdalenaEcop,38697.77,25169.9
2025-08-05,23,PT1H,MC-MagdalenaEcop,37726.76,26597.9
2025-08-05,22,PT1H,MC-MagdalenaEcop,39954.42,24081.9
2025-08-05,21,PT1H,MC-MagdalenaEcop,41127.29,23595.9
2025-08-06,1,PT1H,MC-MagdalenaEcop,38985.38,25046.3
2025-08-06,2,PT1H,MC-MagdalenaEcop,39052.25,23785.1
2025-08-06,3,PT1H,MC-MagdalenaEcop,38946.61,25424.7
2025-08-06,5,PT1H,MC-MagdalenaEcop,41824.28,24731.0
2025-08-06,6,PT1H,MC-MagdalenaEcop,42932.21,24478.8
2025-08-06,7,PT1H,MC-MagdalenaEcop,41814.37,24920.2
2025-08-06,8,PT1H,MC-MagdalenaEcop,39861.36,30343.7
2025-08-06,9,PT1H,MC-MagdalenaEcop,42744.75,30217.6
2025-08-06,10,PT1H,MC-MagdalenaEcop,41628.89,30532.9
2025-08-06,11,PT1H,MC-MagdalenaEcop,36088.88,27568.9
2025-08-06,12,PT1H,MC-MagdalenaEcop,35796.51,30974.3
2025-08-06,13,PT1H,MC-MagdalenaEcop,35095.31,38731.2
2025-08-06,4,PT1H,MC-MagdalenaEcop,39168.52,24415.7
2025-08-06,14,PT1H,MC-MagdalenaEcop,35593.95,39803.3
2025-08-06,15,PT1H,MC-MagdalenaEcop,35776.58,39424.9
2025-08-06,16,PT1H,MC-MagdalenaEcop,35732.65,40370.8
2025-08-06,17,PT1H,MC-MagdalenaEcop,41760.19,39487.9
2025-08-06,18,PT1H,MC-MagdalenaEcop,41680.92,36587.0
2025-08-06,19,PT1H,MC-MagdalenaEcop,42847.13,34117.5
2025-08-06,20,PT1H,MC-MagdalenaEcop,42840.79,29703.1
2025-08-06,21,PT1H,MC-MagdalenaEcop,42351.03,31090.5
2025-08-06,22,PT1H,MC-MagdalenaEcop,43051.51,32361.7
2025-08-06,23,PT1H,MC-MagdalenaEcop,42425.71,35578.0
2025-08-06,24,PT1H,MC-MagdalenaEcop,42208.39,35514.9
2025-08-07,23,PT1H,MC-MagdalenaEcop,40508.8,29032.0
2025-08-07,22,PT1H,MC-MagdalenaEcop,40908.11,31495.2
2025-08-07,2,PT1H,MC-MagdalenaEcop,39486.14,30457.7
2025-08-07,21,PT1H,MC-MagdalenaEcop,41545.15,31870.0
2025-08-07,20,PT1H,MC-MagdalenaEcop,41605.38,32165.0
2025-08-07,19,PT1H,MC-MagdalenaEcop,41410.76,32349.0
2025-08-07,18,PT1H,MC-MagdalenaEcop,40934.2,32261.2
2025-08-07,17,PT1H,MC-MagdalenaEcop,40943.9,32008.2
2025-08-07,16,PT1H,MC-MagdalenaEcop,42701.09,32766.9
2025-08-07,15,PT1H,MC-MagdalenaEcop,43285.47,33030.7
2025-08-07,14,PT1H,MC-MagdalenaEcop,43551.8,32596.1
2025-08-07,13,PT1H,MC-MagdalenaEcop,44005.31,31574.7
2025-08-07,12,PT1H,MC-MagdalenaEcop,42028.68,29448.3
2025-08-07,11,PT1H,MC-MagdalenaEcop,42981.58,31088.1
2025-08-07,10,PT1H,MC-MagdalenaEcop,42754.4,32173.1
2025-08-07,9,PT1H,MC-MagdalenaEcop,37929.57,32150.7
2025-08-07,8,PT1H,MC-MagdalenaEcop,40942.55,31536.6
2025-08-07,7,PT1H,MC-MagdalenaEcop,40665.72,31210.9
2025-08-07,6,PT1H,MC-MagdalenaEcop,40044.29,32158.5
2025-08-07,5,PT1H,MC-MagdalenaEcop,40151.98,31684.4
2025-08-07,4,PT1H,MC-MagdalenaEcop,40148.45,31518.8
2025-08-07,3,PT1H,MC-MagdalenaEcop,39765.79,31301.2
2025-08-07,24,PT1H,MC-MagdalenaEcop,39039.68,29572.3
2025-08-07,1,PT1H,MC-MagdalenaEcop,40325.62,29760.3
2025-08-08,14,PT1H,MC-MagdalenaEcop,39729.03,24965.5
2025-08-08,23,PT1H,MC-MagdalenaEcop,36726.82,33173.8
2025-08-08,2,PT1H,MC-MagdalenaEcop,37770.81,33724.7
2025-08-08,3,PT1H,MC-MagdalenaEcop,38819.57,31410.9
2025-08-08,4,PT1H,MC-MagdalenaEcop,39094.39,33339.1
2025-08-08,5,PT1H,MC-MagdalenaEcop,38088.34,33945.1
2025-08-08,6,PT1H,MC-MagdalenaEcop,38614.74,33834.9
2025-08-08,7,PT1H,MC-MagdalenaEcop,36587.71,33834.9
2025-08-08,8,PT1H,MC-MagdalenaEcop,36030.24,33669.6
2025-08-08,9,PT1H,MC-MagdalenaEcop,34347.52,33504.3
2025-08-08,10,PT1H,MC-MagdalenaEcop,35091.63,31025.3
2025-08-08,24,PT1H,MC-MagdalenaEcop,37216.6,32843.3
2025-08-08,11,PT1H,MC-MagdalenaEcop,38052.81,32953.5
2025-08-08,13,PT1H,MC-MagdalenaEcop,40652.3,27940.3
2025-08-08,15,PT1H,MC-MagdalenaEcop,37912.06,23423.0
2025-08-08,16,PT1H,MC-MagdalenaEcop,36977.21,25846.9
2025-08-08,17,PT1H,MC-MagdalenaEcop,38006.67,30309.2
2025-08-08,18,PT1H,MC-MagdalenaEcop,38967.45,29758.3
2025-08-08,19,PT1H,MC-MagdalenaEcop,39332.04,29142.3
2025-08-08,20,PT1H,MC-MagdalenaEcop,39628.41,32943.5
2025-08-08,21,PT1H,MC-MagdalenaEcop,38912.69,33439.3
2025-08-08,22,PT1H,MC-MagdalenaEcop,37827.63,33118.7
2025-08-08,12,PT1H,MC-MagdalenaEcop,38868.54,32678.0
2025-08-08,1,PT1H,MC-MagdalenaEcop,38122.9,34385.8
2025-08-09,4,PT1H,MC-MagdalenaEcop,39178.29,35021.3
2025-08-09,1,PT1H,MC-MagdalenaEcop,36815.4,34735.8
2025-08-09,3,PT1H,MC-MagdalenaEcop,39610.42,34164.6
2025-08-09,2,PT1H,MC-MagdalenaEcop,38021.45,30680.6
2025-08-09,24,PT1H,MC-MagdalenaEcop,40703.24,33707.7
2025-08-09,23,PT1H,MC-MagdalenaEcop,41208.44,34164.6
2025-08-09,22,PT1H,MC-MagdalenaEcop,40983.37,34164.6
2025-08-09,21,PT1H,MC-MagdalenaEcop,40831.85,32612.5
2025-08-09,19,PT1H,MC-MagdalenaEcop,40759.13,28271.8
2025-08-09,18,PT1H,MC-MagdalenaEcop,40036.88,28338.9
2025-08-09,17,PT1H,MC-MagdalenaEcop,39001.61,25083.4
2025-08-09,16,PT1H,MC-MagdalenaEcop,39268.32,28110.5
2025-08-09,20,PT1H,MC-MagdalenaEcop,40401.55,30842.0
2025-08-09,14,PT1H,MC-MagdalenaEcop,37759.9,27824.9
2025-08-09,5,PT1H,MC-MagdalenaEcop,38731.51,34621.5
2025-08-09,15,PT1H,MC-MagdalenaEcop,37554.33,27882.0
2025-08-09,7,PT1H,MC-MagdalenaEcop,35675.2,35306.9
2025-08-09,8,PT1H,MC-MagdalenaEcop,34332.96,33136.6
2025-08-09,9,PT1H,MC-MagdalenaEcop,35409.57,33479.2
2025-08-09,6,PT1H,MC-MagdalenaEcop,37709.34,35478.3
2025-08-09,11,PT1H,MC-MagdalenaEcop,35728.73,30737.7
2025-08-09,12,PT1H,MC-MagdalenaEcop,36318.48,27596.4
2025-08-09,13,PT1H,MC-MagdalenaEcop,36661.84,27824.9
2025-08-09,10,PT1H,MC-MagdalenaEcop,34944.98,31423.1
2025-08-10,11,PT1H,MC-MagdalenaEcop,36962.47,34506.2
2025-08-10,20,PT1H,MC-MagdalenaEcop,38980.91,31545.5
2025-08-10,19,PT1H,MC-MagdalenaEcop,38507.13,33476.9
2025-08-10,18,PT1H,MC-MagdalenaEcop,37767.02,34184.3
2025-08-10,17,PT1H,MC-MagdalenaEcop,37455.36,33916.1
2025-08-10,16,PT1H,MC-MagdalenaEcop,37651.0,33647.8
2025-08-10,15,PT1H,MC-MagdalenaEcop,37345.58,33433.2
2025-08-10,14,PT1H,MC-MagdalenaEcop,36969.68,33594.2
2025-08-10,13,PT1H,MC-MagdalenaEcop,36389.62,33218.6
2025-08-10,12,PT1H,MC-MagdalenaEcop,35797.09,34559.8
2025-08-10,10,PT1H,MC-MagdalenaEcop,37460.53,34667.1
2025-08-10,21,PT1H,MC-MagdalenaEcop,40075.35,29024.0
2025-08-10,8,PT1H,MC-MagdalenaEcop,37412.85,32199.3
2025-08-10,7,PT1H,MC-MagdalenaEcop,39275.32,28712.1
2025-08-10,6,PT1H,MC-MagdalenaEcop,40101.14,31340.9
2025-08-10,5,PT1H,MC-MagdalenaEcop,39490.73,30697.1
2025-08-10,4,PT1H,MC-MagdalenaEcop,40464.6,31555.5
2025-08-10,3,PT1H,MC-MagdalenaEcop,40886.91,30643.5
2025-08-10,2,PT1H,MC-MagdalenaEcop,38440.65,31662.8
2025-08-10,1,PT1H,MC-MagdalenaEcop,40866.29,31019.0
2025-08-10,22,PT1H,MC-MagdalenaEcop,39243.38,25332.2
2025-08-10,24,PT1H,MC-MagdalenaEcop,38373.11,25010.4
2025-08-10,9,PT1H,MC-MagdalenaEcop,35692.39,31931.1
2025-08-10,23,PT1H,MC-MagdalenaEcop,39008.93,25332.2
2025-08-11,14,PT1H,MC-MagdalenaEcop,37355.08,36280.2
2025-08-11,2,PT1H,MC-MagdalenaEcop,38848.02,41578.1
2025-08-11,23,PT1H,MC-MagdalenaEcop,36713.34,41985.6
2025-08-11,22,PT1H,MC-MagdalenaEcop,36733.19,40559.3
2025-08-11,21,PT1H,MC-MagdalenaEcop,39919.96,41024.7
2025-08-11,20,PT1H,MC-MagdalenaEcop,41143.63,41092.7
2025-08-11,19,PT1H,MC-MagdalenaEcop,41723.83,38987.1
2025-08-11,18,PT1H,MC-MagdalenaEcop,38626.79,38114.1
2025-08-11,17,PT1H,MC-MagdalenaEcop,37855.3,36687.7
2025-08-11,16,PT1H,MC-MagdalenaEcop,38357.94,37706.6
2025-08-11,15,PT1H,MC-MagdalenaEcop,37042.34,36823.6
2025-08-11,13,PT1H,MC-MagdalenaEcop,36759.45,36008.5
2025-08-11,12,PT1H,MC-MagdalenaEcop,36275.57,38182.0
2025-08-11,11,PT1H,MC-MagdalenaEcop,35326.95,36144.4
2025-08-11,10,PT1H,MC-MagdalenaEcop,36627.23,38182.0
2025-08-11,9,PT1H,MC-MagdalenaEcop,35715.12,39132.9
2025-08-11,8,PT1H,MC-MagdalenaEcop,35965.35,37774.5
2025-08-11,7,PT1H,MC-MagdalenaEcop,35808.96,38182.0
2025-08-11,6,PT1H,MC-MagdalenaEcop,38099.37,38589.5
2025-08-11,5,PT1H,MC-MagdalenaEcop,40492.49,38182.0
2025-08-11,3,PT1H,MC-MagdalenaEcop,39442.05,40831.0
2025-08-11,24,PT1H,MC-MagdalenaEcop,37967.27,38046.2
2025-08-11,1,PT1H,MC-MagdalenaEcop,39442.02,32544.5
2025-08-11,4,PT1H,MC-MagdalenaEcop,39684.44,37570.7
2025-08-12,2,PT1H,MC-MagdalenaEcop,37979.58,45426.7
2025-08-12,1,PT1H,MC-MagdalenaEcop,38255.28,44766.4
2025-08-12,24,PT1H,MC-MagdalenaEcop,39944.94,39703.8
2025-08-12,23,PT1H,MC-MagdalenaEcop,39625.58,41904.9
2025-08-12,22,PT1H,MC-MagdalenaEcop,40625.12,33760.7
2025-08-12,21,PT1H,MC-MagdalenaEcop,40045.43,32650.1
2025-08-12,20,PT1H,MC-MagdalenaEcop,38802.48,26560.3
2025-08-12,19,PT1H,MC-MagdalenaEcop,37424.82,25679.9
2025-08-12,18,PT1H,MC-MagdalenaEcop,35157.62,26423.6
2025-08-12,17,PT1H,MC-MagdalenaEcop,36332.72,26497.0
2025-08-12,16,PT1H,MC-MagdalenaEcop,32813.52,26130.1
2025-08-12,15,PT1H,MC-MagdalenaEcop,29095.13,32073.2
2025-08-12,14,PT1H,MC-MagdalenaEcop,28584.68,32293.3
2025-08-12,13,PT1H,MC-MagdalenaEcop,28706.71,43519.1
2025-08-12,12,PT1H,MC-MagdalenaEcop,28515.97,44032.6
2025-08-12,11,PT1H,MC-MagdalenaEcop,29240.09,43152.2
2025-08-12,10,PT1H,MC-MagdalenaEcop,30795.97,42418.5
2025-08-12,9,PT1H,MC-MagdalenaEcop,33582.83,43885.9
2025-08-12,8,PT1H,MC-MagdalenaEcop,37092.88,41758.1
2025-08-12,7,PT1H,MC-MagdalenaEcop,36066.91,45353.3
2025-08-12,6,PT1H,MC-MagdalenaEcop,38385.48,45426.7
2025-08-12,5,PT1H,MC-MagdalenaEcop,39367.35,45280.0
2025-08-12,4,PT1H,MC-MagdalenaEcop,39311.55,44986.5
2025-08-12,3,PT1H,MC-MagdalenaEcop,38310.23,46527.3
2025-08-13,20,PT1H,MC-MagdalenaEcop,36357.7,44551.8
2025-08-13,21,PT1H,MC-MagdalenaEcop,37600.18,47443.6
2025-08-13,1,PT1H,MC-MagdalenaEcop,38107.51,23099.2
2025-08-13,2,PT1H,MC-MagdalenaEcop,37415.46,23867.4
2025-08-13,3,PT1H,MC-MagdalenaEcop,37192.43,26126.6
2025-08-13,4,PT1H,MC-MagdalenaEcop,36119.94,26307.3
2025-08-13,5,PT1H,MC-MagdalenaEcop,37998.29,25900.7
2025-08-13,6,PT1H,MC-MagdalenaEcop,37183.57,24906.6
2025-08-13,7,PT1H,MC-MagdalenaEcop,36927.1,25584.4
2025-08-13,8,PT1H,MC-MagdalenaEcop,38089.77,33265.7
2025-08-13,9,PT1H,MC-MagdalenaEcop,38216.95,38778.2
2025-08-13,22,PT1H,MC-MagdalenaEcop,37453.04,47047.0
2025-08-13,10,PT1H,MC-MagdalenaEcop,38152.85,37016.0
2025-08-13,12,PT1H,MC-MagdalenaEcop,34444.74,45872.2
2025-08-13,13,PT1H,MC-MagdalenaEcop,35285.8,47544.0
2025-08-13,14,PT1H,MC-MagdalenaEcop,36480.71,40314.5
2025-08-13,15,PT1H,MC-MagdalenaEcop,37578.37,41850.8
2025-08-13,16,PT1H,MC-MagdalenaEcop,36584.52,49125.5
2025-08-13,17,PT1H,MC-MagdalenaEcop,36352.6,47634.4
2025-08-13,18,PT1H,MC-MagdalenaEcop,38275.45,46730.7
2025-08-13,24,PT1H,MC-MagdalenaEcop,34247.71,46007.7
2025-08-13,19,PT1H,MC-MagdalenaEcop,39026.17,44687.4
2025-08-13,11,PT1H,MC-MagdalenaEcop,34957.35,40133.8
2025-08-13,23,PT1H,MC-MagdalenaEcop,34232.44,46414.4
2025-08-14,18,PT1H,MC-MagdalenaEcop,32588.93,42957.5
2025-08-14,17,PT1H,MC-MagdalenaEcop,33575.95,43461.4
2025-08-14,23,PT1H,MC-MagdalenaEcop,37164.06,34275.0
2025-08-14,20,PT1H,MC-MagdalenaEcop,33630.99,36978.3
2025-08-14,22,PT1H,MC-MagdalenaEcop,36415.32,34972.7
2025-08-14,21,PT1H,MC-MagdalenaEcop,33962.97,35156.5
2025-08-14,2,PT1H,MC-MagdalenaEcop,35435.13,37957.3
2025-08-14,3,PT1H,MC-MagdalenaEcop,31791.58,36717.0
2025-08-14,4,PT1H,MC-MagdalenaEcop,32815.18,36058.0
2025-08-14,5,PT1H,MC-MagdalenaEcop,34933.01,36484.4
2025-08-14,6,PT1H,MC-MagdalenaEcop,37445.33,36329.4
2025-08-14,7,PT1H,MC-MagdalenaEcop,38009.5,35786.7
2025-08-14,8,PT1H,MC-MagdalenaEcop,36758.99,36445.6
2025-08-14,9,PT1H,MC-MagdalenaEcop,36966.21,37182.1
2025-08-14,10,PT1H,MC-MagdalenaEcop,33568.93,37647.2
2025-08-14,11,PT1H,MC-MagdalenaEcop,34894.08,39469.0
2025-08-14,12,PT1H,MC-MagdalenaEcop,32986.6,39779.1
2025-08-14,13,PT1H,MC-MagdalenaEcop,33061.9,40011.7
2025-08-14,14,PT1H,MC-MagdalenaEcop,33699.64,40903.2
2025-08-14,15,PT1H,MC-MagdalenaEcop,33413.63,40748.2
2025-08-14,16,PT1H,MC-MagdalenaEcop,34121.08,43500.2
2025-08-14,1,PT1H,MC-MagdalenaEcop,35146.94,40438.1
2025-08-14,19,PT1H,MC-MagdalenaEcop,32790.12,42831.3
2025-08-14,24,PT1H,MC-MagdalenaEcop,36570.48,34120.0
2025-08-15,12,PT1H,MC-MagdalenaEcop,42807.75,38654.9
2025-08-15,21,PT1H,MC-MagdalenaEcop,37236.71,41393.7
2025-08-15,20,PT1H,MC-MagdalenaEcop,36301.65,42323.5
2025-08-15,19,PT1H,MC-MagdalenaEcop,36706.15,42566.0
2025-08-15,18,PT1H,MC-MagdalenaEcop,35720.08,41929.2
2025-08-15,17,PT1H,MC-MagdalenaEcop,37553.59,41605.9
2025-08-15,16,PT1H,MC-MagdalenaEcop,37754.61,41403.7
2025-08-15,15,PT1H,MC-MagdalenaEcop,37372.03,41525.0
2025-08-15,14,PT1H,MC-MagdalenaEcop,37691.77,40716.5
2025-08-15,22,PT1H,MC-MagdalenaEcop,37553.73,38978.3
2025-08-15,13,PT1H,MC-MagdalenaEcop,41605.69,39908.1
2025-08-15,11,PT1H,MC-MagdalenaEcop,41698.51,36633.8
2025-08-15,10,PT1H,MC-MagdalenaEcop,41299.59,37118.8
2025-08-15,9,PT1H,MC-MagdalenaEcop,39844.72,36795.4
2025-08-15,8,PT1H,MC-MagdalenaEcop,37833.59,34531.7
2025-08-15,7,PT1H,MC-MagdalenaEcop,36054.27,33804.1
2025-08-15,6,PT1H,MC-MagdalenaEcop,35090.61,35218.9
2025-08-15,5,PT1H,MC-MagdalenaEcop,35332.98,35259.4
2025-08-15,4,PT1H,MC-MagdalenaEcop,34737.23,35057.2
2025-08-15,1,PT1H,MC-MagdalenaEcop,38307.49,36916.7
2025-08-15,23,PT1H,MC-MagdalenaEcop,38574.07,38129.4
2025-08-15,24,PT1H,MC-MagdalenaEcop,38302.81,38776.2
2025-08-15,2,PT1H,MC-MagdalenaEcop,37283.73,35623.2
2025-08-15,3,PT1H,MC-MagdalenaEcop,36264.66,35340.2
2025-08-16,16,PT1H,MC-MagdalenaEcop,37680.99,40496.1
2025-08-16,15,PT1H,MC-MagdalenaEcop,37690.23,40104.4
2025-08-16,14,PT1H,MC-MagdalenaEcop,38358.16,40246.9
2025-08-16,13,PT1H,MC-MagdalenaEcop,37526.03,40567.3
2025-08-16,12,PT1H,MC-MagdalenaEcop,36202.67,39890.8
2025-08-16,11,PT1H,MC-MagdalenaEcop,36960.02,39890.8
2025-08-16,10,PT1H,MC-MagdalenaEcop,38945.86,37362.6
2025-08-16,9,PT1H,MC-MagdalenaEcop,38819.32,37220.2
2025-08-16,7,PT1H,MC-MagdalenaEcop,40543.19,36686.1
2025-08-16,23,PT1H,MC-MagdalenaEcop,38877.35,40602.9
2025-08-16,4,PT1H,MC-MagdalenaEcop,34583.5,34656.4
2025-08-16,3,PT1H,MC-MagdalenaEcop,35281.67,33837.5
2025-08-16,2,PT1H,MC-MagdalenaEcop,36093.6,33873.1
2025-08-16,1,PT1H,MC-MagdalenaEcop,38117.4,33125.3
2025-08-16,19,PT1H,MC-MagdalenaEcop,39345.33,41162.7
2025-08-16,20,PT1H,MC-MagdalenaEcop,40186.66,39097.4
2025-08-16,21,PT1H,MC-MagdalenaEcop,40206.26,38598.9
2025-08-16,22,PT1H,MC-MagdalenaEcop,39515.27,38786.9
2025-08-16,5,PT1H,MC-MagdalenaEcop,40782.61,35938.3
2025-08-16,6,PT1H,MC-MagdalenaEcop,41639.15,37611.9
2025-08-16,8,PT1H,MC-MagdalenaEcop,39850.93,38110.4
2025-08-16,24,PT1H,MC-MagdalenaEcop,38851.91,40994.6
2025-08-16,17,PT1H,MC-MagdalenaEcop,37338.65,40460.5
2025-08-16,18,PT1H,MC-MagdalenaEcop,38064.86,40887.8
2025-08-17,6,PT1H,MC-MagdalenaEcop,41119.58,41103.4
2025-08-17,22,PT1H,MC-MagdalenaEcop,38994.29,37262.2
2025-08-17,21,PT1H,MC-MagdalenaEcop,39212.37,37143.5
2025-08-17,20,PT1H,MC-MagdalenaEcop,39877.15,38049.5
2025-08-17,19,PT1H,MC-MagdalenaEcop,40941.87,38375.6
2025-08-17,18,PT1H,MC-MagdalenaEcop,40326.74,38023.2
2025-08-17,17,PT1H,MC-MagdalenaEcop,39807.72,37298.5
2025-08-17,16,PT1H,MC-MagdalenaEcop,39727.76,37044.8
2025-08-17,5,PT1H,MC-MagdalenaEcop,41655.65,40886.0
2025-08-17,15,PT1H,MC-MagdalenaEcop,39145.5,36718.7
2025-08-17,4,PT1H,MC-MagdalenaEcop,42398.36,41610.8
2025-08-17,12,PT1H,MC-MagdalenaEcop,39191.07,37153.5
2025-08-17,11,PT1H,MC-MagdalenaEcop,39163.87,36392.5
2025-08-17,10,PT1H,MC-MagdalenaEcop,39363.03,38421.8
2025-08-17,9,PT1H,MC-MagdalenaEcop,37124.52,38530.6
2025-08-17,8,PT1H,MC-MagdalenaEcop,37792.35,38639.3
2025-08-17,7,PT1H,MC-MagdalenaEcop,39254.44,39871.4
2025-08-17,14,PT1H,MC-MagdalenaEcop,39124.86,37189.8
2025-08-17,13,PT1H,MC-MagdalenaEcop,39529.31,37117.3
2025-08-17,2,PT1H,MC-MagdalenaEcop,41343.66,39255.3
2025-08-17,24,PT1H,MC-MagdalenaEcop,40547.51,36283.8
2025-08-17,23,PT1H,MC-MagdalenaEcop,40701.5,37044.8
2025-08-17,1,PT1H,MC-MagdalenaEcop,39244.87,39980.1
2025-08-17,3,PT1H,MC-MagdalenaEcop,42593.5,40813.5
2025-08-18,1,PT1H,MC-MagdalenaEcop,40471.32,39057.1
2025-08-18,24,PT1H,MC-MagdalenaEcop,41200.45,38278.5
2025-08-18,23,PT1H,MC-MagdalenaEcop,39548.32,37967.1
2025-08-18,22,PT1H,MC-MagdalenaEcop,40949.66,39952.5
2025-08-18,21,PT1H,MC-MagdalenaEcop,41176.54,40721.1
2025-08-18,20,PT1H,MC-MagdalenaEcop,41449.53,41383.0
2025-08-18,19,PT1H,MC-MagdalenaEcop,41749.42,42589.8
2025-08-18,18,PT1H,MC-MagdalenaEcop,41416.99,40264.0
2025-08-18,17,PT1H,MC-MagdalenaEcop,41741.73,37889.2
2025-08-18,16,PT1H,MC-MagdalenaEcop,41401.04,33996.2
2025-08-18,3,PT1H,MC-MagdalenaEcop,40994.92,39446.4
2025-08-18,13,PT1H,MC-MagdalenaEcop,38214.02,36838.1
2025-08-18,12,PT1H,MC-MagdalenaEcop,38270.44,36604.5
2025-08-18,11,PT1H,MC-MagdalenaEcop,38240.69,35825.9
2025-08-18,10,PT1H,MC-MagdalenaEcop,38055.8,40069.3
2025-08-18,9,PT1H,MC-MagdalenaEcop,38867.71,41354.0
2025-08-18,8,PT1H,MC-MagdalenaEcop,39764.47,40731.1
2025-08-18,7,PT1H,MC-MagdalenaEcop,40271.6,42093.7
2025-08-18,5,PT1H,MC-MagdalenaEcop,40894.02,41860.1
2025-08-18,4,PT1H,MC-MagdalenaEcop,41412.97,39835.7
2025-08-18,15,PT1H,MC-MagdalenaEcop,41529.26,35008.4
2025-08-18,14,PT1H,MC-MagdalenaEcop,40511.79,35981.6
2025-08-18,6,PT1H,MC-MagdalenaEcop,41354.23,42405.1
2025-08-18,2,PT1H,MC-MagdalenaEcop,40704.35,39057.1
2025-08-19,24,PT1H,MC-MagdalenaEcop,40320.63,39799.9
2025-08-19,2,PT1H,MC-MagdalenaEcop,39965.87,41180.3
2025-08-19,3,PT1H,MC-MagdalenaEcop,40431.62,40368.3
2025-08-19,4,PT1H,MC-MagdalenaEcop,42041.12,40368.3
2025-08-19,5,PT1H,MC-MagdalenaEcop,41255.54,41464.5
2025-08-19,6,PT1H,MC-MagdalenaEcop,41292.14,42642.0
2025-08-19,7,PT1H,MC-MagdalenaEcop,41427.1,39881.1
2025-08-19,8,PT1H,MC-MagdalenaEcop,41445.66,38175.8
2025-08-19,9,PT1H,MC-MagdalenaEcop,42470.25,35983.3
2025-08-19,10,PT1H,MC-MagdalenaEcop,40235.75,36308.1
2025-08-19,11,PT1H,MC-MagdalenaEcop,35019.91,36308.1
2025-08-19,12,PT1H,MC-MagdalenaEcop,33889.28,34196.8
2025-08-19,13,PT1H,MC-MagdalenaEcop,33953.39,34805.8
2025-08-19,14,PT1H,MC-MagdalenaEcop,34007.94,35496.1
2025-08-19,15,PT1H,MC-MagdalenaEcop,33799.08,35820.9
2025-08-19,16,PT1H,MC-MagdalenaEcop,33696.48,35739.7
2025-08-19,17,PT1H,MC-MagdalenaEcop,36455.23,40977.3
2025-08-19,18,PT1H,MC-MagdalenaEcop,37759.35,41505.1
2025-08-19,19,PT1H,MC-MagdalenaEcop,38362.83,42794.4
2025-08-19,20,PT1H,MC-MagdalenaEcop,39565.74,42875.6
2025-08-19,21,PT1H,MC-MagdalenaEcop,40175.48,42429.0
2025-08-19,1,PT1H,MC-MagdalenaEcop,40664.87,40084.1
2025-08-19,22,PT1H,MC-MagdalenaEcop,40222.98,41180.3
2025-08-19,23,PT1H,MC-MagdalenaEcop,40306.05,38825.4
2025-08-20,24,PT1H,MC-MagdalenaEcop,34373.95,41188.8
2025-08-20,2,PT1H,MC-MagdalenaEcop,38855.54,38137.1
2025-08-20,3,PT1H,MC-MagdalenaEcop,39190.78,37982.6
2025-08-20,4,PT1H,MC-MagdalenaEcop,39531.62,38214.3
2025-08-20,5,PT1H,MC-MagdalenaEcop,40689.81,40841.1
2025-08-20,6,PT1H,MC-MagdalenaEcop,41104.37,41961.4
2025-08-20,7,PT1H,MC-MagdalenaEcop,40924.41,40918.4
2025-08-20,8,PT1H,MC-MagdalenaEcop,35247.95,39141.4
2025-08-20,9,PT1H,MC-MagdalenaEcop,34283.54,41845.5
2025-08-20,10,PT1H,MC-MagdalenaEcop,34492.08,40802.5
2025-08-20,11,PT1H,MC-MagdalenaEcop,34881.01,35394.4
2025-08-20,12,PT1H,MC-MagdalenaEcop,35419.98,35124.0
2025-08-20,13,PT1H,MC-MagdalenaEcop,35419.41,34274.2
2025-08-20,14,PT1H,MC-MagdalenaEcop,35508.95,34892.2
2025-08-20,15,PT1H,MC-MagdalenaEcop,35432.58,35085.4
2025-08-20,16,PT1H,MC-MagdalenaEcop,35646.0,35046.7
2025-08-20,17,PT1H,MC-MagdalenaEcop,35229.19,40918.4
2025-08-20,18,PT1H,MC-MagdalenaEcop,35484.34,40648.0
2025-08-20,19,PT1H,MC-MagdalenaEcop,35981.02,41796.9
2025-08-20,20,PT1H,MC-MagdalenaEcop,35327.12,41874.1
2025-08-20,21,PT1H,MC-MagdalenaEcop,35015.04,41449.2
2025-08-20,22,PT1H,MC-MagdalenaEcop,35151.48,42077.3
2025-08-20,23,PT1H,MC-MagdalenaEcop,33935.63,41497.8
2025-08-20,1,PT1H,MC-MagdalenaEcop,38600.2,38098.4
2025-08-21,24,PT1H,MC-MagdalenaEcop,38217.92,37113.3
2025-08-21,22,PT1H,MC-MagdalenaEcop,40484.8,38953.5
2025-08-21,21,PT1H,MC-MagdalenaEcop,40884.06,39581.9
2025-08-21,11,PT1H,MC-MagdalenaEcop,30600.5,40868.7
2025-08-21,5,PT1H,MC-MagdalenaEcop,35154.75,38164.9
2025-08-21,6,PT1H,MC-MagdalenaEcop,35256.07,38052.2
2025-08-21,7,PT1H,MC-MagdalenaEcop,34803.69,38615.5
2025-08-21,8,PT1H,MC-MagdalenaEcop,35150.04,38878.4
2025-08-21,9,PT1H,MC-MagdalenaEcop,35253.66,36099.4
2025-08-21,10,PT1H,MC-MagdalenaEcop,31567.89,40643.4
2025-08-21,20,PT1H,MC-MagdalenaEcop,37197.23,39657.0
2025-08-21,12,PT1H,MC-MagdalenaEcop,30900.32,40005.0
2025-08-21,13,PT1H,MC-MagdalenaEcop,31517.06,41882.7
2025-08-21,3,PT1H,MC-MagdalenaEcop,34649.7,37789.3
2025-08-21,14,PT1H,MC-MagdalenaEcop,31685.0,41356.9
2025-08-21,2,PT1H,MC-MagdalenaEcop,34550.31,37451.3
2025-08-21,1,PT1H,MC-MagdalenaEcop,33503.0,38202.4
2025-08-21,15,PT1H,MC-MagdalenaEcop,31598.95,41169.2
2025-08-21,16,PT1H,MC-MagdalenaEcop,36153.85,40568.3
2025-08-21,17,PT1H,MC-MagdalenaEcop,37049.5,38915.9
2025-08-21,18,PT1H,MC-MagdalenaEcop,37207.3,38991.0
2025-08-21,19,PT1H,MC-MagdalenaEcop,37807.92,39469.2
2025-08-21,23,PT1H,MC-MagdalenaEcop,41064.56,38615.5
2025-08-21,4,PT1H,MC-MagdalenaEcop,35452.56,38164.9
2025-08-22,6,PT1H,MC-MagdalenaEcop,41374.59,39767.4
2025-08-22,7,PT1H,MC-MagdalenaEcop,40336.44,37610.7
2025-08-22,22,PT1H,MC-MagdalenaEcop,39371.55,39075.7
2025-08-22,1,PT1H,MC-MagdalenaEcop,45658.35,39116.3
2025-08-22,24,PT1H,MC-MagdalenaEcop,38549.88,38261.8
2025-08-22,23,PT1H,MC-MagdalenaEcop,39127.71,37814.2
2025-08-22,5,PT1H,MC-MagdalenaEcop,41477.05,39157.0
2025-08-22,2,PT1H,MC-MagdalenaEcop,36228.55,38953.6
2025-08-22,4,PT1H,MC-MagdalenaEcop,41319.99,40174.4
2025-08-22,3,PT1H,MC-MagdalenaEcop,38439.38,39889.5
2025-08-22,9,PT1H,MC-MagdalenaEcop,41263.2,35453.9
2025-08-22,11,PT1H,MC-MagdalenaEcop,39712.09,39319.8
2025-08-22,12,PT1H,MC-MagdalenaEcop,40207.87,40133.7
2025-08-22,13,PT1H,MC-MagdalenaEcop,41173.29,41924.2
2025-08-22,14,PT1H,MC-MagdalenaEcop,40026.96,40947.6
2025-08-22,15,PT1H,MC-MagdalenaEcop,39692.51,39157.0
2025-08-22,16,PT1H,MC-MagdalenaEcop,37641.34,38180.4
2025-08-22,8,PT1H,MC-MagdalenaEcop,40565.11,37122.4
2025-08-22,17,PT1H,MC-MagdalenaEcop,38510.97,39238.4
2025-08-22,19,PT1H,MC-MagdalenaEcop,40516.32,40571.3
2025-08-22,20,PT1H,MC-MagdalenaEcop,40480.13,40856.2
2025-08-22,21,PT1H,MC-MagdalenaEcop,39526.0,40164.4
2025-08-22,18,PT1H,MC-MagdalenaEcop,38859.99,40093.0
2025-08-22,10,PT1H,MC-MagdalenaEcop,39628.87,36227.1
2025-08-23,23,PT1H,MC-MagdalenaEcop,48769.23,42246.8
2025-08-23,19,PT1H,MC-MagdalenaEcop,42983.28,41832.2
2025-08-23,20,PT1H,MC-MagdalenaEcop,42541.94,41468.1
2025-08-23,21,PT1H,MC-MagdalenaEcop,43494.55,41872.7
2025-08-23,22,PT1H,MC-MagdalenaEcop,43682.61,42044.5
2025-08-23,7,PT1H,MC-MagdalenaEcop,40079.24,36421.0
2025-08-23,18,PT1H,MC-MagdalenaEcop,42609.95,41073.6
2025-08-23,6,PT1H,MC-MagdalenaEcop,40780.64,38443.9
2025-08-23,5,PT1H,MC-MagdalenaEcop,41009.27,39576.7
2025-08-23,9,PT1H,MC-MagdalenaEcop,41483.32,36259.2
2025-08-23,3,PT1H,MC-MagdalenaEcop,40730.44,40426.2
2025-08-23,2,PT1H,MC-MagdalenaEcop,41008.26,38929.3
2025-08-23,1,PT1H,MC-MagdalenaEcop,40862.69,37634.7
2025-08-23,10,PT1H,MC-MagdalenaEcop,41329.03,35773.7
2025-08-23,11,PT1H,MC-MagdalenaEcop,41025.86,36623.3
2025-08-23,12,PT1H,MC-MagdalenaEcop,40185.11,36947.0
2025-08-23,13,PT1H,MC-MagdalenaEcop,40508.8,37553.8
2025-08-23,14,PT1H,MC-MagdalenaEcop,42030.75,38646.1
2025-08-23,15,PT1H,MC-MagdalenaEcop,42631.27,38524.8
2025-08-23,16,PT1H,MC-MagdalenaEcop,41769.47,40183.5
2025-08-23,17,PT1H,MC-MagdalenaEcop,40499.47,39981.2
2025-08-23,24,PT1H,MC-MagdalenaEcop,47349.88,41680.4
2025-08-23,8,PT1H,MC-MagdalenaEcop,40035.77,35166.9
2025-08-23,4,PT1H,MC-MagdalenaEcop,40578.55,39900.3
2025-08-24,19,PT1H,MC-MagdalenaEcop,43076.2,39336.6
2025-08-24,23,PT1H,MC-MagdalenaEcop,42770.15,39870.5
2025-08-24,14,PT1H,MC-MagdalenaEcop,43544.43,37694.1
2025-08-24,13,PT1H,MC-MagdalenaEcop,45337.93,37170.2
2025-08-24,12,PT1H,MC-MagdalenaEcop,44531.08,36525.3
2025-08-24,11,PT1H,MC-MagdalenaEcop,44317.81,37653.8
2025-08-24,10,PT1H,MC-MagdalenaEcop,42325.36,38097.2
2025-08-24,9,PT1H,MC-MagdalenaEcop,41890.8,36364.1
2025-08-24,24,PT1H,MC-MagdalenaEcop,44866.92,39185.4
2025-08-24,8,PT1H,MC-MagdalenaEcop,41689.5,38016.6
2025-08-24,6,PT1H,MC-MagdalenaEcop,42088.89,40878.1
2025-08-24,5,PT1H,MC-MagdalenaEcop,41824.41,40313.9
2025-08-24,4,PT1H,MC-MagdalenaEcop,42635.21,41240.9
2025-08-24,3,PT1H,MC-MagdalenaEcop,43897.0,41724.5
2025-08-24,2,PT1H,MC-MagdalenaEcop,45571.45,39064.5
2025-08-24,1,PT1H,MC-MagdalenaEcop,46449.85,41643.9
2025-08-24,7,PT1H,MC-MagdalenaEcop,40347.11,39951.2
2025-08-24,16,PT1H,MC-MagdalenaEcop,44795.41,38419.6
2025-08-24,15,PT1H,MC-MagdalenaEcop,45127.66,38097.2
2025-08-24,17,PT1H,MC-MagdalenaEcop,43267.7,38177.8
2025-08-24,22,PT1H,MC-MagdalenaEcop,41961.0,40273.6
2025-08-24,21,PT1H,MC-MagdalenaEcop,43511.19,41069.7
2025-08-24,20,PT1H,MC-MagdalenaEcop,43360.95,39900.8
2025-08-24,18,PT1H,MC-MagdalenaEcop,42834.82,38540.5
2025-08-25,13,PT1H,MC-MagdalenaEcop,66733.89,37538.4
2025-08-25,9,PT1H,MC-MagdalenaEcop,65414.6,36568.9
2025-08-25,8,PT1H,MC-MagdalenaEcop,64915.6,36730.5
2025-08-25,7,PT1H,MC-MagdalenaEcop,63505.66,36568.9
2025-08-25,6,PT1H,MC-MagdalenaEcop,63096.34,39033.1
2025-08-25,5,PT1H,MC-MagdalenaEcop,63934.31,41456.9
2025-08-25,4,PT1H,MC-MagdalenaEcop,61944.58,40608.6
2025-08-25,3,PT1H,MC-MagdalenaEcop,60757.98,40487.4
2025-08-25,2,PT1H,MC-MagdalenaEcop,56688.98,39841.1
2025-08-25,1,PT1H,MC-MagdalenaEcop,68304.4,40406.6
2025-08-25,24,PT1H,MC-MagdalenaEcop,23531.67,38709.9
2025-08-25,23,PT1H,MC-MagdalenaEcop,23984.4,37619.2
2025-08-25,22,PT1H,MC-MagdalenaEcop,63067.53,37578.8
2025-08-25,21,PT1H,MC-MagdalenaEcop,65288.24,40841.0
2025-08-25,20,PT1H,MC-MagdalenaEcop,66522.23,42133.7
2025-08-25,19,PT1H,MC-MagdalenaEcop,64964.58,42739.6
2025-08-25,18,PT1H,MC-MagdalenaEcop,63964.98,39437.1
2025-08-25,17,PT1H,MC-MagdalenaEcop,65788.82,38709.9
2025-08-25,16,PT1H,MC-MagdalenaEcop,67708.36,39235.1
2025-08-25,15,PT1H,MC-MagdalenaEcop,68293.26,37861.6
2025-08-25,10,PT1H,MC-MagdalenaEcop,66836.56,37538.4
2025-08-25,11,PT1H,MC-MagdalenaEcop,70103.58,36245.8
2025-08-25,12,PT1H,MC-MagdalenaEcop,67509.21,37094.1
2025-08-25,14,PT1H,MC-MagdalenaEcop,68488.5,38225.2
2025-08-26,23,PT1H,MC-MagdalenaEcop,63709.83,43228.8
2025-08-26,24,PT1H,MC-MagdalenaEcop,61549.15,43401.3
2025-08-26,22,PT1H,MC-MagdalenaEcop,64851.34,44350.3
2025-08-26,9,PT1H,MC-MagdalenaEcop,25803.26,36758.9
2025-08-26,20,PT1H,MC-MagdalenaEcop,64365.68,42313.0
2025-08-26,21,PT1H,MC-MagdalenaEcop,64950.63,43779.5
2025-08-26,1,PT1H,MC-MagdalenaEcop,25140.51,41805.4
2025-08-26,2,PT1H,MC-MagdalenaEcop,24805.15,41503.5
2025-08-26,3,PT1H,MC-MagdalenaEcop,25224.2,41891.7
2025-08-26,4,PT1H,MC-MagdalenaEcop,25619.82,42970.0
2025-08-26,6,PT1H,MC-MagdalenaEcop,25492.22,41934.8
2025-08-26,7,PT1H,MC-MagdalenaEcop,25278.62,39390.0
2025-08-26,8,PT1H,MC-MagdalenaEcop,25365.94,40468.3
2025-08-26,10,PT1H,MC-MagdalenaEcop,25505.06,33869.0
2025-08-26,5,PT1H,MC-MagdalenaEcop,25943.37,43056.3
2025-08-26,18,PT1H,MC-MagdalenaEcop,63552.85,38398.0
2025-08-26,12,PT1H,MC-MagdalenaEcop,66618.29,31151.7
2025-08-26,13,PT1H,MC-MagdalenaEcop,65750.43,31324.2
2025-08-26,14,PT1H,MC-MagdalenaEcop,63165.52,31238.0
2025-08-26,15,PT1H,MC-MagdalenaEcop,63719.67,31798.7
2025-08-26,16,PT1H,MC-MagdalenaEcop,65807.32,35982.5
2025-08-26,17,PT1H,MC-MagdalenaEcop,65055.59,39648.8
2025-08-26,11,PT1H,MC-MagdalenaEcop,67253.83,32100.6
2025-08-26,19,PT1H,MC-MagdalenaEcop,63952.23,40846.5
2025-08-27,15,PT1H,MC-MagdalenaEcop,30449.79,39792.0
2025-08-27,14,PT1H,MC-MagdalenaEcop,29726.42,38499.3
2025-08-27,13,PT1H,MC-MagdalenaEcop,31823.37,37248.3
2025-08-27,12,PT1H,MC-MagdalenaEcop,31275.98,36372.6
2025-08-27,7,PT1H,MC-MagdalenaEcop,40993.59,39083.1
2025-08-27,10,PT1H,MC-MagdalenaEcop,26648.39,40459.2
2025-08-27,9,PT1H,MC-MagdalenaEcop,27169.93,40542.6
2025-08-27,8,PT1H,MC-MagdalenaEcop,38999.36,40292.4
2025-08-27,16,PT1H,MC-MagdalenaEcop,32103.68,38332.5
2025-08-27,11,PT1H,MC-MagdalenaEcop,31082.14,36831.3
2025-08-27,17,PT1H,MC-MagdalenaEcop,33155.62,38415.9
2025-08-27,1,PT1H,MC-MagdalenaEcop,40063.95,40042.2
2025-08-27,19,PT1H,MC-MagdalenaEcop,35506.32,41116.4
2025-08-27,20,PT1H,MC-MagdalenaEcop,35975.8,38364.2
2025-08-27,21,PT1H,MC-MagdalenaEcop,39043.11,39615.2
2025-08-27,22,PT1H,MC-MagdalenaEcop,38250.37,39666.9
2025-08-27,23,PT1H,MC-MagdalenaEcop,37965.75,36080.7
2025-08-27,24,PT1H,MC-MagdalenaEcop,37530.35,35997.3
2025-08-27,4,PT1H,MC-MagdalenaEcop,42653.54,38165.7
2025-08-27,2,PT1H,MC-MagdalenaEcop,42045.6,39333.3
2025-08-27,3,PT1H,MC-MagdalenaEcop,42202.06,39208.2
2025-08-27,6,PT1H,MC-MagdalenaEcop,41222.94,39291.6
2025-08-27,18,PT1H,MC-MagdalenaEcop,33977.77,40417.5
2025-08-27,5,PT1H,MC-MagdalenaEcop,41837.59,40042.2
2025-08-28,11,PT1H,MC-MagdalenaEcop,44645.15,39198.7
2025-08-28,15,PT1H,MC-MagdalenaEcop,43860.17,37604.5
2025-08-28,16,PT1H,MC-MagdalenaEcop,45142.34,38401.6
2025-08-28,17,PT1H,MC-MagdalenaEcop,42640.7,37825.9
2025-08-28,18,PT1H,MC-MagdalenaEcop,38643.55,36586.1
2025-08-28,19,PT1H,MC-MagdalenaEcop,41518.26,36841.8
2025-08-28,20,PT1H,MC-MagdalenaEcop,45599.66,37727.4
2025-08-28,21,PT1H,MC-MagdalenaEcop,45101.1,38125.9
2025-08-28,22,PT1H,MC-MagdalenaEcop,44482.57,40837.1
2025-08-28,23,PT1H,MC-MagdalenaEcop,43795.28,41589.8
2025-08-28,24,PT1H,MC-MagdalenaEcop,42765.98,40881.3
2025-08-28,12,PT1H,MC-MagdalenaEcop,44760.03,37117.5
2025-08-28,10,PT1H,MC-MagdalenaEcop,44282.55,37737.4
2025-08-28,9,PT1H,MC-MagdalenaEcop,43519.5,41501.3
2025-08-28,13,PT1H,MC-MagdalenaEcop,45250.22,37117.5
2025-08-28,8,PT1H,MC-MagdalenaEcop,42751.39,41102.7
2025-08-28,6,PT1H,MC-MagdalenaEcop,41930.09,42032.6
2025-08-28,5,PT1H,MC-MagdalenaEcop,40438.84,39154.4
2025-08-28,1,PT1H,MC-MagdalenaEcop,37692.71,39242.9
2025-08-28,2,PT1H,MC-MagdalenaEcop,37077.07,39730.0
2025-08-28,3,PT1H,MC-MagdalenaEcop,37005.46,35656.2
2025-08-28,4,PT1H,MC-MagdalenaEcop,39190.29,36674.6
2025-08-28,7,PT1H,MC-MagdalenaEcop,40608.71,42564.0
2025-08-28,14,PT1H,MC-MagdalenaEcop,45022.42,37958.8
2025-08-29,6,PT1H,MC-MagdalenaEcop,42548.72,35977.2
2025-08-29,5,PT1H,MC-MagdalenaEcop,42551.53,36260.7
2025-08-29,4,PT1H,MC-MagdalenaEcop,42287.04,35653.2
2025-08-29,3,PT1H,MC-MagdalenaEcop,42165.33,37151.8
2025-08-29,2,PT1H,MC-MagdalenaEcop,42013.35,38285.9
2025-08-29,1,PT1H,MC-MagdalenaEcop,41668.65,39136.5
2025-08-29,24,PT1H,MC-MagdalenaEcop,42367.12,39258.0
2025-08-29,7,PT1H,MC-MagdalenaEcop,41209.11,36949.3
2025-08-29,20,PT1H,MC-MagdalenaEcop,44633.32,37101.3
2025-08-29,21,PT1H,MC-MagdalenaEcop,43595.76,38154.4
2025-08-29,22,PT1H,MC-MagdalenaEcop,42907.03,38569.4
2025-08-29,23,PT1H,MC-MagdalenaEcop,43506.73,39582.0
2025-08-29,18,PT1H,MC-MagdalenaEcop,44638.31,36584.7
2025-08-29,17,PT1H,MC-MagdalenaEcop,43952.21,38488.4
2025-08-29,16,PT1H,MC-MagdalenaEcop,43383.82,38812.4
2025-08-29,19,PT1H,MC-MagdalenaEcop,44712.74,37587.3
2025-08-29,14,PT1H,MC-MagdalenaEcop,40691.56,38731.4
2025-08-29,13,PT1H,MC-MagdalenaEcop,39794.44,42700.8
2025-08-29,12,PT1H,MC-MagdalenaEcop,39478.17,44037.4
2025-08-29,11,PT1H,MC-MagdalenaEcop,39246.84,43105.8
2025-08-29,10,PT1H,MC-MagdalenaEcop,39177.98,42619.8
2025-08-29,9,PT1H,MC-MagdalenaEcop,38140.79,41080.6
2025-08-29,8,PT1H,MC-MagdalenaEcop,41285.92,38893.4
2025-08-29,15,PT1H,MC-MagdalenaEcop,41014.01,38488.4
2025-08-30,17,PT1H,MC-MagdalenaEcop,43454.32,37790.6
2025-08-30,23,PT1H,MC-MagdalenaEcop,41564.11,39429.7
2025-08-30,22,PT1H,MC-MagdalenaEcop,41040.31,40029.4
2025-08-30,21,PT1H,MC-MagdalenaEcop,43447.99,40819.0
2025-08-30,20,PT1H,MC-MagdalenaEcop,43722.08,40859.0
2025-08-30,19,PT1H,MC-MagdalenaEcop,44065.14,39859.5
2025-08-30,18,PT1H,MC-MagdalenaEcop,43719.44,38630.1
2025-08-30,16,PT1H,MC-MagdalenaEcop,43589.21,38150.4
2025-08-30,12,PT1H,MC-MagdalenaEcop,43085.36,36711.1
2025-08-30,14,PT1H,MC-MagdalenaEcop,43974.55,38790.0
2025-08-30,15,PT1H,MC-MagdalenaEcop,44010.05,38150.4
2025-08-30,1,PT1H,MC-MagdalenaEcop,42007.91,38550.2
2025-08-30,2,PT1H,MC-MagdalenaEcop,43882.71,36471.2
2025-08-30,4,PT1H,MC-MagdalenaEcop,43213.94,34992.0
2025-08-30,5,PT1H,MC-MagdalenaEcop,42869.47,41268.8
2025-08-30,6,PT1H,MC-MagdalenaEcop,43463.52,42028.4
2025-08-30,3,PT1H,MC-MagdalenaEcop,43267.66,35671.7
2025-08-30,7,PT1H,MC-MagdalenaEcop,41765.99,41068.9
2025-08-30,8,PT1H,MC-MagdalenaEcop,41503.03,40349.2
2025-08-30,9,PT1H,MC-MagdalenaEcop,42080.24,39389.7
2025-08-30,10,PT1H,MC-MagdalenaEcop,42209.21,39509.7
2025-08-30,11,PT1H,MC-MagdalenaEcop,41827.41,37430.7
2025-08-30,24,PT1H,MC-MagdalenaEcop,41833.1,39269.8
2025-08-30,13,PT1H,MC-MagdalenaEcop,43502.82,37990.5
2025-08-31,19,PT1H,MC-MagdalenaEcop,45172.03,39983.0
2025-08-31,12,PT1H,MC-MagdalenaEcop,43165.97,38227.9
2025-08-31,13,PT1H,MC-MagdalenaEcop,44158.2,38573.2
2025-08-31,14,PT1H,MC-MagdalenaEcop,44528.93,38151.1
2025-08-31,17,PT1H,MC-MagdalenaEcop,44720.91,38803.5
2025-08-31,16,PT1H,MC-MagdalenaEcop,44205.51,38419.7
2025-08-31,18,PT1H,MC-MagdalenaEcop,43791.55,39340.7
2025-08-31,11,PT1H,MC-MagdalenaEcop,42332.6,38227.9
2025-08-31,15,PT1H,MC-MagdalenaEcop,44455.74,38189.5
2025-08-31,10,PT1H,MC-MagdalenaEcop,43514.23,38381.4
2025-08-31,3,PT1H,MC-MagdalenaEcop,43851.46,41412.7
2025-08-31,8,PT1H,MC-MagdalenaEcop,40715.45,36808.1
2025-08-31,7,PT1H,MC-MagdalenaEcop,39912.36,38189.5
2025-08-31,6,PT1H,MC-MagdalenaEcop,40070.37,39993.0
2025-08-31,5,PT1H,MC-MagdalenaEcop,41659.02,40491.8
2025-08-31,4,PT1H,MC-MagdalenaEcop,43086.51,41259.2
2025-08-31,22,PT1H,MC-MagdalenaEcop,44508.67,37997.7
2025-08-31,23,PT1H,MC-MagdalenaEcop,44651.56,39609.3
2025-08-31,24,PT1H,MC-MagdalenaEcop,43966.4,39379.0
2025-08-31,21,PT1H,MC-MagdalenaEcop,44028.96,38294.6
2025-08-31,9,PT1H,MC-MagdalenaEcop,42650.15,36194.2
2025-08-31,20,PT1H,MC-MagdalenaEcop,46802.36,38946.9
2025-08-31,1,PT1H,MC-MagdalenaEcop,43466.99,38112.8
2025-08-31,2,PT1H,MC-MagdalenaEcop,43532.52,40223.2
2025-09-01,5,PT1H,MC-MagdalenaEcop,40313.41,38889.0
2025-09-01,8,PT1H,MC-MagdalenaEcop,38855.16,37800.6
2025-09-01,4,PT1H,MC-MagdalenaEcop,39871.95,39414.4
2025-09-01,3,PT1H,MC-MagdalenaEcop,39535.61,38964.0
2025-09-01,2,PT1H,MC-MagdalenaEcop,45169.28,38813.9
2025-09-01,1,PT1H,MC-MagdalenaEcop,44721.72,38551.2
2025-09-01,9,PT1H,MC-MagdalenaEcop,38486.03,36975.0
2025-09-01,10,PT1H,MC-MagdalenaEcop,39875.02,36224.5
2025-09-01,11,PT1H,MC-MagdalenaEcop,41965.26,36449.6
2025-09-01,12,PT1H,MC-MagdalenaEcop,41044.47,36449.6
2025-09-01,6,PT1H,MC-MagdalenaEcop,40542.69,39339.3
2025-09-01,13,PT1H,MC-MagdalenaEcop,41482.11,36374.6
2025-09-01,15,PT1H,MC-MagdalenaEcop,45178.21,39564.5
2025-09-01,16,PT1H,MC-MagdalenaEcop,46036.92,39376.8
2025-09-01,17,PT1H,MC-MagdalenaEcop,46243.38,39677.0
2025-09-01,18,PT1H,MC-MagdalenaEcop,46321.21,39339.3
2025-09-01,19,PT1H,MC-MagdalenaEcop,46752.77,39667.0
2025-09-01,20,PT1H,MC-MagdalenaEcop,45809.23,39479.4
2025-09-01,21,PT1H,MC-MagdalenaEcop,44073.0,39179.2
2025-09-01,22,PT1H,MC-MagdalenaEcop,44455.25,39039.1
2025-09-01,23,PT1H,MC-MagdalenaEcop,44875.66,37538.0
2025-09-01,24,PT1H,MC-MagdalenaEcop,46037.51,39114.1
2025-09-01,14,PT1H,MC-MagdalenaEcop,45347.37,38663.8
2025-09-01,7,PT1H,MC-MagdalenaEcop,40408.91,38326.0
2025-09-02,8,PT1H,MC-MagdalenaEcop,39617.03,41239.1
2025-09-02,20,PT1H,MC-MagdalenaEcop,46090.28,39351.5
2025-09-02,16,PT1H,MC-MagdalenaEcop,39751.67,33572.2
2025-09-02,15,PT1H,MC-MagdalenaEcop,38165.66,33650.4
2025-09-02,14,PT1H,MC-MagdalenaEcop,37747.06,33767.8
2025-09-02,13,PT1H,MC-MagdalenaEcop,37206.98,33689.6
2025-09-02,12,PT1H,MC-MagdalenaEcop,37175.25,33728.7
2025-09-02,11,PT1H,MC-MagdalenaEcop,37338.96,34902.2
2025-09-02,10,PT1H,MC-MagdalenaEcop,36807.6,39909.1
2025-09-02,21,PT1H,MC-MagdalenaEcop,43693.88,39938.3
2025-09-02,9,PT1H,MC-MagdalenaEcop,36626.1,42295.3
2025-09-02,7,PT1H,MC-MagdalenaEcop,41544.27,41200.0
2025-09-02,6,PT1H,MC-MagdalenaEcop,44169.51,41160.9
2025-09-02,5,PT1H,MC-MagdalenaEcop,42974.91,40965.3
2025-09-02,4,PT1H,MC-MagdalenaEcop,42884.36,41786.7
2025-09-02,3,PT1H,MC-MagdalenaEcop,42648.91,40222.1
2025-09-02,2,PT1H,MC-MagdalenaEcop,44786.36,39791.8
2025-09-02,1,PT1H,MC-MagdalenaEcop,44883.29,40300.3
2025-09-02,19,PT1H,MC-MagdalenaEcop,45709.95,38099.8
2025-09-02,17,PT1H,MC-MagdalenaEcop,39414.34,36310.4
2025-09-02,18,PT1H,MC-MagdalenaEcop,45056.56,37523.0
2025-09-02,24,PT1H,MC-MagdalenaEcop,42605.54,39987.4
2025-09-02,22,PT1H,MC-MagdalenaEcop,43327.74,39870.0
2025-09-02,23,PT1H,MC-MagdalenaEcop,42916.49,39948.3
2025-09-03,21,PT1H,MC-MagdalenaEcop,45171.26,36837.1
2025-09-03,20,PT1H,MC-MagdalenaEcop,45638.46,37127.2
2025-09-03,19,PT1H,MC-MagdalenaEcop,46564.96,37873.0
2025-09-03,18,PT1H,MC-MagdalenaEcop,46877.1,37302.9
2025-09-03,17,PT1H,MC-MagdalenaEcop,46495.16,37095.7
2025-09-03,16,PT1H,MC-MagdalenaEcop,41564.02,37593.0
2025-09-03,15,PT1H,MC-MagdalenaEcop,41651.12,37344.4
2025-09-03,14,PT1H,MC-MagdalenaEcop,42254.47,37468.7
2025-09-03,13,PT1H,MC-MagdalenaEcop,43846.51,37261.5
2025-09-03,12,PT1H,MC-MagdalenaEcop,43643.78,37427.2
2025-09-03,11,PT1H,MC-MagdalenaEcop,41865.67,36930.0
2025-09-03,10,PT1H,MC-MagdalenaEcop,41592.89,36432.8
2025-09-03,24,PT1H,MC-MagdalenaEcop,46875.11,36142.7
2025-09-03,23,PT1H,MC-MagdalenaEcop,46967.67,35686.9
2025-09-03,1,PT1H,MC-MagdalenaEcop,43346.49,40659.3
2025-09-03,22,PT1H,MC-MagdalenaEcop,46957.93,36888.6
2025-09-03,3,PT1H,MC-MagdalenaEcop,43296.5,41363.7
2025-09-03,2,PT1H,MC-MagdalenaEcop,46211.59,41032.2
2025-09-03,5,PT1H,MC-MagdalenaEcop,42970.23,42979.7
2025-09-03,6,PT1H,MC-MagdalenaEcop,43181.61,43435.5
2025-09-03,7,PT1H,MC-MagdalenaEcop,42562.39,43186.9
2025-09-03,8,PT1H,MC-MagdalenaEcop,43280.16,37178.6
2025-09-03,9,PT1H,MC-MagdalenaEcop,40601.58,36225.6
2025-09-03,4,PT1H,MC-MagdalenaEcop,42866.67,41736.6
2025-09-04,20,PT1H,MC-MagdalenaEcop,44657.44,40493.3
2025-09-04,19,PT1H,MC-MagdalenaEcop,44490.31,41092.6
2025-09-04,18,PT1H,MC-MagdalenaEcop,38294.34,40493.3
2025-09-04,17,PT1H,MC-MagdalenaEcop,37500.74,40279.3
2025-09-04,13,PT1H,MC-MagdalenaEcop,37607.89,34286.6
2025-09-04,15,PT1H,MC-MagdalenaEcop,38006.85,34457.9
2025-09-04,14,PT1H,MC-MagdalenaEcop,37862.96,34457.9
2025-09-04,21,PT1H,MC-MagdalenaEcop,44974.26,44602.6
2025-09-04,12,PT1H,MC-MagdalenaEcop,36407.97,33730.2
2025-09-04,11,PT1H,MC-MagdalenaEcop,40919.04,33430.6
2025-09-04,16,PT1H,MC-MagdalenaEcop,37440.44,39466.0
2025-09-04,22,PT1H,MC-MagdalenaEcop,45033.36,44174.6
2025-09-04,5,PT1H,MC-MagdalenaEcop,45048.24,38096.3
2025-09-04,23,PT1H,MC-MagdalenaEcop,44801.78,44731.0
2025-09-04,24,PT1H,MC-MagdalenaEcop,44329.43,42334.0
2025-09-04,7,PT1H,MC-MagdalenaEcop,45315.33,37796.6
2025-09-04,6,PT1H,MC-MagdalenaEcop,45139.43,38267.5
2025-09-04,4,PT1H,MC-MagdalenaEcop,44552.19,38438.7
2025-09-04,3,PT1H,MC-MagdalenaEcop,44098.67,37539.8
2025-09-04,2,PT1H,MC-MagdalenaEcop,44067.27,37454.2
2025-09-04,1,PT1H,MC-MagdalenaEcop,45128.58,36298.5
2025-09-04,10,PT1H,MC-MagdalenaEcop,42110.34,34329.5
2025-09-04,8,PT1H,MC-MagdalenaEcop,46104.96,38267.5
2025-09-04,9,PT1H,MC-MagdalenaEcop,44887.56,38481.5
2025-09-05,4,PT1H,MC-MagdalenaEcop,43088.78,39671.8
2025-09-05,3,PT1H,MC-MagdalenaEcop,43942.88,36901.2
2025-09-05,17,PT1H,MC-MagdalenaEcop,40925.76,37015.0
2025-09-05,16,PT1H,MC-MagdalenaEcop,39598.58,36293.9
2025-09-05,18,PT1H,MC-MagdalenaEcop,39697.2,37356.6
2025-09-05,19,PT1H,MC-MagdalenaEcop,39568.67,38978.6
2025-09-05,15,PT1H,MC-MagdalenaEcop,33700.61,38229.5
2025-09-05,20,PT1H,MC-MagdalenaEcop,44586.37,38902.7
2025-09-05,21,PT1H,MC-MagdalenaEcop,44921.88,37953.9
2025-09-05,22,PT1H,MC-MagdalenaEcop,43545.08,37850.0
2025-09-05,23,PT1H,MC-MagdalenaEcop,42430.24,37622.3
2025-09-05,5,PT1H,MC-MagdalenaEcop,43838.72,39899.5
2025-09-05,24,PT1H,MC-MagdalenaEcop,44024.79,37053.0
2025-09-05,13,PT1H,MC-MagdalenaEcop,38798.25,39595.9
2025-09-05,12,PT1H,MC-MagdalenaEcop,41080.03,38836.8
2025-09-05,11,PT1H,MC-MagdalenaEcop,40524.96,38343.4
2025-09-05,10,PT1H,MC-MagdalenaEcop,39903.07,38229.5
2025-09-05,9,PT1H,MC-MagdalenaEcop,39833.29,39823.6
2025-09-05,8,PT1H,MC-MagdalenaEcop,39071.37,39178.4
2025-09-05,7,PT1H,MC-MagdalenaEcop,43651.76,38836.8
2025-09-05,14,PT1H,MC-MagdalenaEcop,38962.48,38609.1
2025-09-05,6,PT1H,MC-MagdalenaEcop,44476.18,39747.7
2025-09-05,2,PT1H,MC-MagdalenaEcop,43972.01,34661.9
2025-09-05,1,PT1H,MC-MagdalenaEcop,44861.79,43619.0
2025-09-06,19,PT1H,MC-MagdalenaEcop,29401.06,39396.3
2025-09-06,16,PT1H,MC-MagdalenaEcop,33964.92,38251.9
2025-09-06,15,PT1H,MC-MagdalenaEcop,36028.22,39045.6
2025-09-06,14,PT1H,MC-MagdalenaEcop,35874.79,38504.4
2025-09-06,13,PT1H,MC-MagdalenaEcop,37048.74,37097.4
2025-09-06,12,PT1H,MC-MagdalenaEcop,36488.09,36953.1
2025-09-06,11,PT1H,MC-MagdalenaEcop,36291.29,37782.9
2025-09-06,10,PT1H,MC-MagdalenaEcop,35887.32,37927.2
2025-09-06,9,PT1H,MC-MagdalenaEcop,33750.61,38107.6
2025-09-06,8,PT1H,MC-MagdalenaEcop,34783.87,36448.0
2025-09-06,7,PT1H,MC-MagdalenaEcop,40310.57,36844.9
2025-09-06,6,PT1H,MC-MagdalenaEcop,43031.96,37566.4
2025-09-06,5,PT1H,MC-MagdalenaEcop,42636.18,37746.8
2025-09-06,4,PT1H,MC-MagdalenaEcop,44936.62,37313.9
2025-09-06,3,PT1H,MC-MagdalenaEcop,44460.05,37277.8
2025-09-06,2,PT1H,MC-MagdalenaEcop,43786.95,37530.3
2025-09-06,1,PT1H,MC-MagdalenaEcop,43868.0,37458.2
2025-09-06,24,PT1H,MC-MagdalenaEcop,28697.26,42833.7
2025-09-06,23,PT1H,MC-MagdalenaEcop,27823.69,44240.7
2025-09-06,22,PT1H,MC-MagdalenaEcop,28723.26,39947.5
2025-09-06,21,PT1H,MC-MagdalenaEcop,29431.96,39793.2
2025-09-06,18,PT1H,MC-MagdalenaEcop,30554.29,39081.6
2025-09-06,20,PT1H,MC-MagdalenaEcop,29011.39,38927.3
2025-09-06,17,PT1H,MC-MagdalenaEcop,32345.69,37133.5
2025-09-07,1,PT1H,MC-MagdalenaEcop,32103.37,41135.7
2025-09-07,2,PT1H,MC-MagdalenaEcop,36436.1,40430.3
2025-09-07,4,PT1H,MC-MagdalenaEcop,43706.83,37714.4
2025-09-07,3,PT1H,MC-MagdalenaEcop,40788.73,38878.4
2025-09-07,6,PT1H,MC-MagdalenaEcop,45028.69,37220.6
2025-09-07,9,PT1H,MC-MagdalenaEcop,43330.32,37220.6
2025-09-07,10,PT1H,MC-MagdalenaEcop,42073.15,37679.2
2025-09-07,11,PT1H,MC-MagdalenaEcop,42714.62,39442.7
2025-09-07,12,PT1H,MC-MagdalenaEcop,42593.56,39619.0
2025-09-07,13,PT1H,MC-MagdalenaEcop,41763.92,40253.9
2025-09-07,14,PT1H,MC-MagdalenaEcop,43106.5,38596.2
2025-09-07,15,PT1H,MC-MagdalenaEcop,46274.78,39971.7
2025-09-07,8,PT1H,MC-MagdalenaEcop,44097.3,36903.2
2025-09-07,16,PT1H,MC-MagdalenaEcop,45203.95,39619.0
2025-09-07,5,PT1H,MC-MagdalenaEcop,44479.55,37044.3
2025-09-07,19,PT1H,MC-MagdalenaEcop,38277.75,38092.4
2025-09-07,20,PT1H,MC-MagdalenaEcop,35008.24,38409.8
2025-09-07,21,PT1H,MC-MagdalenaEcop,35160.79,38515.6
2025-09-07,22,PT1H,MC-MagdalenaEcop,34349.94,37185.4
2025-09-07,23,PT1H,MC-MagdalenaEcop,36355.52,37820.2
2025-09-07,24,PT1H,MC-MagdalenaEcop,36913.62,39654.3
2025-09-07,17,PT1H,MC-MagdalenaEcop,42569.58,38208.2
2025-09-07,7,PT1H,MC-MagdalenaEcop,44615.52,35668.7
2025-09-07,18,PT1H,MC-MagdalenaEcop,38141.74,37926.0
2025-09-08,5,PT1H,MC-MagdalenaEcop,36185.82,36816.2
2025-09-08,24,PT1H,MC-MagdalenaEcop,34693.77,35536.7
2025-09-08,2,PT1H,MC-MagdalenaEcop,34437.6,30794.8
2025-09-08,3,PT1H,MC-MagdalenaEcop,35859.74,34708.7
2025-09-08,1,PT1H,MC-MagdalenaEcop,36069.28,42160.3
2025-09-08,23,PT1H,MC-MagdalenaEcop,34513.03,34595.8
2025-09-08,22,PT1H,MC-MagdalenaEcop,34708.13,36251.7
2025-09-08,21,PT1H,MC-MagdalenaEcop,34248.89,39591.2
2025-09-08,20,PT1H,MC-MagdalenaEcop,33754.47,41134.2
2025-09-08,19,PT1H,MC-MagdalenaEcop,32057.87,40456.8
2025-09-08,18,PT1H,MC-MagdalenaEcop,27837.72,39977.5
2025-09-08,17,PT1H,MC-MagdalenaEcop,27715.59,41520.5
2025-09-08,6,PT1H,MC-MagdalenaEcop,36755.03,35649.6
2025-09-08,15,PT1H,MC-MagdalenaEcop,28258.02,41294.7
2025-09-08,16,PT1H,MC-MagdalenaEcop,28257.0,41821.6
2025-09-08,9,PT1H,MC-MagdalenaEcop,33169.94,37154.9
2025-09-08,7,PT1H,MC-MagdalenaEcop,35509.52,35988.3
2025-09-08,4,PT1H,MC-MagdalenaEcop,35382.96,35875.4
2025-09-08,8,PT1H,MC-MagdalenaEcop,35519.43,37042.0
2025-09-08,11,PT1H,MC-MagdalenaEcop,27307.13,41294.7
2025-09-08,12,PT1H,MC-MagdalenaEcop,25914.92,38810.8
2025-09-08,13,PT1H,MC-MagdalenaEcop,25435.19,38359.2
2025-09-08,14,PT1H,MC-MagdalenaEcop,27745.49,40240.9
2025-09-08,10,PT1H,MC-MagdalenaEcop,27654.08,38133.4
2025-09-09,1,PT1H,MC-MagdalenaEcop,33969.72,36202.0
2025-09-09,8,PT1H,MC-MagdalenaEcop,35380.15,38053.3
2025-09-09,2,PT1H,MC-MagdalenaEcop,34221.78,37944.4
2025-09-09,3,PT1H,MC-MagdalenaEcop,35272.95,39033.4
2025-09-09,4,PT1H,MC-MagdalenaEcop,34231.17,38815.6
2025-09-09,5,PT1H,MC-MagdalenaEcop,34486.37,38779.3
2025-09-09,6,PT1H,MC-MagdalenaEcop,33548.13,38561.5
2025-09-09,7,PT1H,MC-MagdalenaEcop,34536.47,37944.4
2025-09-09,9,PT1H,MC-MagdalenaEcop,33217.04,39178.7
2025-09-09,13,PT1H,MC-MagdalenaEcop,38933.27,37871.8
2025-09-09,11,PT1H,MC-MagdalenaEcop,35151.25,39287.6
2025-09-09,12,PT1H,MC-MagdalenaEcop,34971.37,38271.1
2025-09-09,14,PT1H,MC-MagdalenaEcop,40369.32,35621.2
2025-09-09,15,PT1H,MC-MagdalenaEcop,39500.69,36274.6
2025-09-09,16,PT1H,MC-MagdalenaEcop,37437.01,38017.0
2025-09-09,17,PT1H,MC-MagdalenaEcop,36542.36,38307.4
2025-09-09,18,PT1H,MC-MagdalenaEcop,38278.66,37654.0
2025-09-09,19,PT1H,MC-MagdalenaEcop,39350.48,37970.7
2025-09-09,21,PT1H,MC-MagdalenaEcop,37707.09,39749.5
2025-09-09,22,PT1H,MC-MagdalenaEcop,35689.47,39323.9
2025-09-09,23,PT1H,MC-MagdalenaEcop,37767.66,37871.8
2025-09-09,24,PT1H,MC-MagdalenaEcop,37517.55,36129.4
2025-09-09,10,PT1H,MC-MagdalenaEcop,34502.3,39215.0
2025-09-09,20,PT1H,MC-MagdalenaEcop,38568.87,39132.3
2025-09-10,17,PT1H,MC-MagdalenaEcop,36473.56,35153.9
2025-09-10,12,PT1H,MC-MagdalenaEcop,36242.95,33266.7
2025-09-10,22,PT1H,MC-MagdalenaEcop,35572.45,40480.0
2025-09-10,21,PT1H,MC-MagdalenaEcop,37659.49,41350.7
2025-09-10,20,PT1H,MC-MagdalenaEcop,36679.98,38163.4
2025-09-10,19,PT1H,MC-MagdalenaEcop,37202.15,37660.2
2025-09-10,18,PT1H,MC-MagdalenaEcop,36215.0,36118.5
2025-09-10,16,PT1H,MC-MagdalenaEcop,36937.82,34105.5
2025-09-10,15,PT1H,MC-MagdalenaEcop,38224.02,32344.1
2025-09-10,14,PT1H,MC-MagdalenaEcop,38786.46,31505.3
2025-09-10,13,PT1H,MC-MagdalenaEcop,37106.03,33770.0
2025-09-10,11,PT1H,MC-MagdalenaEcop,38135.93,33015.1
2025-09-10,10,PT1H,MC-MagdalenaEcop,38283.15,28401.9
2025-09-10,9,PT1H,MC-MagdalenaEcop,38041.02,28821.3
2025-09-10,8,PT1H,MC-MagdalenaEcop,38037.65,41444.6
2025-09-10,7,PT1H,MC-MagdalenaEcop,34993.44,43625.4
2025-09-10,6,PT1H,MC-MagdalenaEcop,35449.08,43877.0
2025-09-10,5,PT1H,MC-MagdalenaEcop,36914.56,44464.1
2025-09-10,4,PT1H,MC-MagdalenaEcop,36976.73,45302.9
2025-09-10,3,PT1H,MC-MagdalenaEcop,36723.77,44841.6
2025-09-10,2,PT1H,MC-MagdalenaEcop,36277.1,44715.7
2025-09-10,1,PT1H,MC-MagdalenaEcop,37314.62,42660.8
2025-09-10,23,PT1H,MC-MagdalenaEcop,34172.33,40312.3
2025-09-10,24,PT1H,MC-MagdalenaEcop,33296.58,39809.0
2025-09-11,24,PT1H,MC-MagdalenaEcop,24952.26,38565.9
2025-09-11,1,PT1H,MC-MagdalenaEcop,33660.68,33804.1
2025-09-11,3,PT1H,MC-MagdalenaEcop,34662.82,33306.6
2025-09-11,4,PT1H,MC-MagdalenaEcop,35300.12,35296.6
2025-09-11,5,PT1H,MC-MagdalenaEcop,34940.82,36504.8
2025-09-11,6,PT1H,MC-MagdalenaEcop,35336.78,37748.6
2025-09-11,7,PT1H,MC-MagdalenaEcop,34313.35,36256.1
2025-09-11,8,PT1H,MC-MagdalenaEcop,34538.5,38459.3
2025-09-11,9,PT1H,MC-MagdalenaEcop,34374.67,39170.0
2025-09-11,10,PT1H,MC-MagdalenaEcop,36126.94,39738.5
2025-09-11,11,PT1H,MC-MagdalenaEcop,33856.57,40093.9
2025-09-11,2,PT1H,MC-MagdalenaEcop,33228.82,33377.7
2025-09-11,12,PT1H,MC-MagdalenaEcop,24244.07,40129.4
2025-09-11,14,PT1H,MC-MagdalenaEcop,24043.74,40342.6
2025-09-11,15,PT1H,MC-MagdalenaEcop,26009.53,39383.2
2025-09-11,16,PT1H,MC-MagdalenaEcop,26937.28,40626.9
2025-09-11,17,PT1H,MC-MagdalenaEcop,26165.35,38388.2
2025-09-11,18,PT1H,MC-MagdalenaEcop,25439.94,34834.7
2025-09-11,19,PT1H,MC-MagdalenaEcop,25356.43,37418.7
2025-09-11,20,PT1H,MC-MagdalenaEcop,25713.73,41043.3
2025-09-11,21,PT1H,MC-MagdalenaEcop,25125.52,40616.9
2025-09-11,13,PT1H,MC-MagdalenaEcop,24003.73,40520.3
2025-09-11,22,PT1H,MC-MagdalenaEcop,24953.54,40093.9
2025-09-11,23,PT1H,MC-MagdalenaEcop,25226.83,39489.8
2025-09-12,22,PT1H,MC-MagdalenaEcop,32512.21,38968.3
2025-09-12,18,PT1H,MC-MagdalenaEcop,30219.67,40545.3
2025-09-12,17,PT1H,MC-MagdalenaEcop,30295.03,39971.8
2025-09-12,16,PT1H,MC-MagdalenaEcop,30829.35,39505.9
2025-09-12,15,PT1H,MC-MagdalenaEcop,30048.69,37391.3
2025-09-12,14,PT1H,MC-MagdalenaEcop,29977.5,36961.2
2025-09-12,13,PT1H,MC-MagdalenaEcop,32037.55,36136.9
2025-09-12,12,PT1H,MC-MagdalenaEcop,34104.7,35921.9
2025-09-12,11,PT1H,MC-MagdalenaEcop,34448.93,35814.3
2025-09-12,19,PT1H,MC-MagdalenaEcop,30910.82,40571.1
2025-09-12,10,PT1H,MC-MagdalenaEcop,33957.34,35671.0
2025-09-12,8,PT1H,MC-MagdalenaEcop,33870.96,37463.0
2025-09-12,7,PT1H,MC-MagdalenaEcop,33910.54,37427.2
2025-09-12,6,PT1H,MC-MagdalenaEcop,34054.36,38681.6
2025-09-12,5,PT1H,MC-MagdalenaEcop,33792.08,38681.6
2025-09-12,4,PT1H,MC-MagdalenaEcop,32568.71,38394.8
2025-09-12,3,PT1H,MC-MagdalenaEcop,32277.23,38359.0
2025-09-12,2,PT1H,MC-MagdalenaEcop,32680.9,38179.8
2025-09-12,1,PT1H,MC-MagdalenaEcop,25560.1,37857.2
2025-09-12,9,PT1H,MC-MagdalenaEcop,34421.51,34667.5
2025-09-12,21,PT1H,MC-MagdalenaEcop,33645.92,39567.6
2025-09-12,24,PT1H,MC-MagdalenaEcop,32779.43,38502.4
2025-09-12,23,PT1H,MC-MagdalenaEcop,33831.81,39470.0
2025-09-12,20,PT1H,MC-MagdalenaEcop,34019.39,40499.4
2025-09-13,1,PT1H,MC-MagdalenaEcop,30995.95,37299.7
2025-09-13,7,PT1H,MC-MagdalenaEcop,44755.05,37194.6
2025-09-13,8,PT1H,MC-MagdalenaEcop,44533.52,36949.3
2025-09-13,9,PT1H,MC-MagdalenaEcop,45350.87,37439.9
2025-09-13,10,PT1H,MC-MagdalenaEcop,44486.58,37545.0
2025-09-13,11,PT1H,MC-MagdalenaEcop,42533.66,37299.7
2025-09-13,12,PT1H,MC-MagdalenaEcop,43829.82,38351.1
2025-09-13,13,PT1H,MC-MagdalenaEcop,44245.49,38701.6
2025-09-13,6,PT1H,MC-MagdalenaEcop,45064.98,38561.4
2025-09-13,14,PT1H,MC-MagdalenaEcop,44121.1,39157.2
2025-09-13,15,PT1H,MC-MagdalenaEcop,44146.41,39192.2
2025-09-13,16,PT1H,MC-MagdalenaEcop,44111.9,38841.8
2025-09-13,18,PT1H,MC-MagdalenaEcop,42188.82,38982.0
2025-09-13,19,PT1H,MC-MagdalenaEcop,41707.26,39182.2
2025-09-13,20,PT1H,MC-MagdalenaEcop,41168.96,38831.8
2025-09-13,21,PT1H,MC-MagdalenaEcop,40771.59,38551.4
2025-09-13,22,PT1H,MC-MagdalenaEcop,41019.28,36493.6
2025-09-13,23,PT1H,MC-MagdalenaEcop,39909.04,36949.3
2025-09-13,24,PT1H,MC-MagdalenaEcop,39152.29,37229.6
2025-09-13,4,PT1H,MC-MagdalenaEcop,43728.27,38281.0
2025-09-13,3,PT1H,MC-MagdalenaEcop,41420.56,38421.2
2025-09-13,2,PT1H,MC-MagdalenaEcop,35749.35,38946.9
2025-09-13,17,PT1H,MC-MagdalenaEcop,42652.76,38736.6
2025-09-13,5,PT1H,MC-MagdalenaEcop,43690.83,38070.7
2025-09-14,18,PT1H,MC-MagdalenaEcop,39566.07,38467.0
2025-09-14,2,PT1H,MC-MagdalenaEcop,34780.65,38259.1
2025-09-14,3,PT1H,MC-MagdalenaEcop,34370.54,38501.7
2025-09-14,4,PT1H,MC-MagdalenaEcop,34346.92,37843.4
2025-09-14,5,PT1H,MC-MagdalenaEcop,34768.37,36561.5
2025-09-14,6,PT1H,MC-MagdalenaEcop,34525.61,35210.3
2025-09-14,7,PT1H,MC-MagdalenaEcop,34326.89,35002.4
2025-09-14,8,PT1H,MC-MagdalenaEcop,34266.62,35660.7
2025-09-14,9,PT1H,MC-MagdalenaEcop,34505.7,37393.0
2025-09-14,10,PT1H,MC-MagdalenaEcop,34206.4,38051.3
2025-09-14,1,PT1H,MC-MagdalenaEcop,37785.53,38224.5
2025-09-14,24,PT1H,MC-MagdalenaEcop,36912.95,38536.3
2025-09-14,23,PT1H,MC-MagdalenaEcop,36598.71,39125.3
2025-09-14,22,PT1H,MC-MagdalenaEcop,38441.78,39056.0
2025-09-14,21,PT1H,MC-MagdalenaEcop,41319.02,38664.9
2025-09-14,20,PT1H,MC-MagdalenaEcop,42012.39,41090.1
2025-09-14,19,PT1H,MC-MagdalenaEcop,40670.01,39669.6
2025-09-14,12,PT1H,MC-MagdalenaEcop,34383.82,37878.0
2025-09-14,17,PT1H,MC-MagdalenaEcop,38476.45,39263.9
2025-09-14,16,PT1H,MC-MagdalenaEcop,34553.66,38813.5
2025-09-14,15,PT1H,MC-MagdalenaEcop,34903.88,39021.4
2025-09-14,11,PT1H,MC-MagdalenaEcop,33882.87,37150.5
2025-09-14,14,PT1H,MC-MagdalenaEcop,34798.16,39056.0
2025-09-14,13,PT1H,MC-MagdalenaEcop,34645.31,38709.5
2025-09-15,9,PT1H,MC-MagdalenaEcop,32005.06,32048.3
2025-09-15,1,PT1H,MC-MagdalenaEcop,37328.12,37098.3
2025-09-15,2,PT1H,MC-MagdalenaEcop,36973.36,37459.1
2025-09-15,3,PT1H,MC-MagdalenaEcop,36762.93,32736.9
2025-09-15,8,PT1H,MC-MagdalenaEcop,34494.91,32310.6
2025-09-15,5,PT1H,MC-MagdalenaEcop,36142.94,33491.2
2025-09-15,6,PT1H,MC-MagdalenaEcop,35200.58,33655.1
2025-09-15,24,PT1H,MC-MagdalenaEcop,38650.03,38246.1
2025-09-15,23,PT1H,MC-MagdalenaEcop,39148.67,37229.5
2025-09-15,22,PT1H,MC-MagdalenaEcop,39232.91,37000.0
2025-09-15,21,PT1H,MC-MagdalenaEcop,39064.06,36727.6
2025-09-15,4,PT1H,MC-MagdalenaEcop,36325.27,33163.2
2025-09-15,19,PT1H,MC-MagdalenaEcop,36384.15,38662.4
2025-09-15,20,PT1H,MC-MagdalenaEcop,39270.67,37908.2
2025-09-15,10,PT1H,MC-MagdalenaEcop,33635.16,33261.6
2025-09-15,11,PT1H,MC-MagdalenaEcop,36468.97,35032.4
2025-09-15,12,PT1H,MC-MagdalenaEcop,38018.24,33753.5
2025-09-15,13,PT1H,MC-MagdalenaEcop,38637.25,34966.8
2025-09-15,14,PT1H,MC-MagdalenaEcop,37599.73,37918.2
2025-09-15,17,PT1H,MC-MagdalenaEcop,34900.26,38508.4
2025-09-15,16,PT1H,MC-MagdalenaEcop,37148.67,38377.2
2025-09-15,7,PT1H,MC-MagdalenaEcop,34674.61,33589.5
2025-09-15,18,PT1H,MC-MagdalenaEcop,34587.15,38508.4
2025-09-15,15,PT1H,MC-MagdalenaEcop,38783.36,37557.4
2025-09-16,7,PT1H,MC-MagdalenaEcop,42976.83,35959.0
2025-09-16,23,PT1H,MC-MagdalenaEcop,35247.7,37319.4
2025-09-16,22,PT1H,MC-MagdalenaEcop,34684.16,37387.4
2025-09-16,21,PT1H,MC-MagdalenaEcop,33687.02,38091.6
2025-09-16,20,PT1H,MC-MagdalenaEcop,32349.51,39622.1
2025-09-16,19,PT1H,MC-MagdalenaEcop,34125.22,39656.1
2025-09-16,18,PT1H,MC-MagdalenaEcop,33743.81,39258.0
2025-09-16,17,PT1H,MC-MagdalenaEcop,31695.52,34088.4
2025-09-16,15,PT1H,MC-MagdalenaEcop,28660.57,33136.1
2025-09-16,14,PT1H,MC-MagdalenaEcop,28207.49,32694.0
2025-09-16,13,PT1H,MC-MagdalenaEcop,28349.04,32013.8
2025-09-16,12,PT1H,MC-MagdalenaEcop,27885.29,32285.8
2025-09-16,10,PT1H,MC-MagdalenaEcop,27059.85,32013.8
2025-09-16,9,PT1H,MC-MagdalenaEcop,32613.92,31707.7
2025-09-16,8,PT1H,MC-MagdalenaEcop,40564.6,34054.4
2025-09-16,16,PT1H,MC-MagdalenaEcop,28039.98,34462.5
2025-09-16,11,PT1H,MC-MagdalenaEcop,26797.26,32319.9
2025-09-16,24,PT1H,MC-MagdalenaEcop,34962.12,37149.3
2025-09-16,6,PT1H,MC-MagdalenaEcop,43781.24,37897.6
2025-09-16,5,PT1H,MC-MagdalenaEcop,43597.36,36945.3
2025-09-16,4,PT1H,MC-MagdalenaEcop,43578.18,37115.3
2025-09-16,3,PT1H,MC-MagdalenaEcop,43745.3,36639.2
2025-09-16,1,PT1H,MC-MagdalenaEcop,41532.14,38917.9
2025-09-16,2,PT1H,MC-MagdalenaEcop,41317.22,38475.7
2025-09-17,3,PT1H,MC-MagdalenaEcop,40717.32,35434.7
2025-09-17,4,PT1H,MC-MagdalenaEcop,39770.1,34986.2
2025-09-17,5,PT1H,MC-MagdalenaEcop,39277.65,34858.1
2025-09-17,6,PT1H,MC-MagdalenaEcop,38555.24,35178.4
2025-09-17,7,PT1H,MC-MagdalenaEcop,38225.05,34954.2
2025-09-17,8,PT1H,MC-MagdalenaEcop,37757.19,35114.4
2025-09-17,9,PT1H,MC-MagdalenaEcop,34673.04,32744.2
2025-09-17,10,PT1H,MC-MagdalenaEcop,38477.11,33897.2
2025-09-17,11,PT1H,MC-MagdalenaEcop,40284.06,34249.6
2025-09-17,13,PT1H,MC-MagdalenaEcop,40452.18,35787.0
2025-09-17,2,PT1H,MC-MagdalenaEcop,41832.15,37516.6
2025-09-17,14,PT1H,MC-MagdalenaEcop,39537.62,34345.7
2025-09-17,15,PT1H,MC-MagdalenaEcop,39926.03,33993.3
2025-09-17,16,PT1H,MC-MagdalenaEcop,40026.27,33833.2
2025-09-17,17,PT1H,MC-MagdalenaEcop,39893.76,37836.9
2025-09-17,18,PT1H,MC-MagdalenaEcop,41145.53,38029.1
2025-09-17,19,PT1H,MC-MagdalenaEcop,43253.05,37762.8
2025-09-17,20,PT1H,MC-MagdalenaEcop,39920.65,37026.1
2025-09-17,21,PT1H,MC-MagdalenaEcop,38634.63,36609.8
2025-09-17,22,PT1H,MC-MagdalenaEcop,38463.77,38093.1
2025-09-17,12,PT1H,MC-MagdalenaEcop,41252.99,35626.8
2025-09-17,1,PT1H,MC-MagdalenaEcop,40054.36,35466.7
2025-09-17,24,PT1H,MC-MagdalenaEcop,42807.5,37900.9
2025-09-17,23,PT1H,MC-MagdalenaEcop,38048.5,37965.0
2025-09-18,22,PT1H,MC-MagdalenaEcop,42344.0,37898.7
2025-09-18,1,PT1H,MC-MagdalenaEcop,43626.86,37932.0
2025-09-18,2,PT1H,MC-MagdalenaEcop,44010.14,37100.4
2025-09-18,3,PT1H,MC-MagdalenaEcop,44144.9,37133.6
2025-09-18,4,PT1H,MC-MagdalenaEcop,43970.35,37599.4
2025-09-18,5,PT1H,MC-MagdalenaEcop,43901.61,37932.0
2025-09-18,6,PT1H,MC-MagdalenaEcop,43469.7,38065.1
2025-09-18,20,PT1H,MC-MagdalenaEcop,38936.93,37622.6
2025-09-18,7,PT1H,MC-MagdalenaEcop,40732.27,38164.9
2025-09-18,21,PT1H,MC-MagdalenaEcop,40046.59,37888.7
2025-09-18,8,PT1H,MC-MagdalenaEcop,42670.72,38963.2
2025-09-18,9,PT1H,MC-MagdalenaEcop,34090.63,38031.8
2025-09-18,10,PT1H,MC-MagdalenaEcop,34146.94,35503.7
2025-09-18,11,PT1H,MC-MagdalenaEcop,33955.01,34638.8
2025-09-18,12,PT1H,MC-MagdalenaEcop,34041.88,30746.8
2025-09-18,13,PT1H,MC-MagdalenaEcop,34020.42,31711.5
2025-09-18,14,PT1H,MC-MagdalenaEcop,34112.32,32010.9
2025-09-18,15,PT1H,MC-MagdalenaEcop,34275.49,32143.9
2025-09-18,16,PT1H,MC-MagdalenaEcop,38920.91,31611.7
2025-09-18,17,PT1H,MC-MagdalenaEcop,38316.09,31678.2
2025-09-18,18,PT1H,MC-MagdalenaEcop,38563.21,32277.0
2025-09-18,19,PT1H,MC-MagdalenaEcop,39334.11,37489.6
2025-09-18,23,PT1H,MC-MagdalenaEcop,43121.86,37665.9
2025-09-18,24,PT1H,MC-MagdalenaEcop,42176.43,37399.8
2025-09-19,13,PT1H,MC-MagdalenaEcop,38645.51,33390.3
2025-09-19,19,PT1H,MC-MagdalenaEcop,39826.83,33990.9
2025-09-19,22,PT1H,MC-MagdalenaEcop,36674.64,37393.2
2025-09-19,21,PT1H,MC-MagdalenaEcop,38319.59,38570.5
2025-09-19,20,PT1H,MC-MagdalenaEcop,39241.14,38333.1
2025-09-19,18,PT1H,MC-MagdalenaEcop,38806.87,34170.5
2025-09-19,17,PT1H,MC-MagdalenaEcop,38830.34,35154.3
2025-09-19,16,PT1H,MC-MagdalenaEcop,38160.97,34136.6
2025-09-19,15,PT1H,MC-MagdalenaEcop,38077.22,28946.4
2025-09-19,14,PT1H,MC-MagdalenaEcop,37074.63,33526.0
2025-09-19,12,PT1H,MC-MagdalenaEcop,39756.12,35425.7
2025-09-19,23,PT1H,MC-MagdalenaEcop,38545.16,36375.5
2025-09-19,11,PT1H,MC-MagdalenaEcop,42136.04,34950.8
2025-09-19,9,PT1H,MC-MagdalenaEcop,43614.35,34306.2
2025-09-19,8,PT1H,MC-MagdalenaEcop,40555.17,33695.6
2025-09-19,7,PT1H,MC-MagdalenaEcop,44550.03,37528.9
2025-09-19,6,PT1H,MC-MagdalenaEcop,45352.29,38309.1
2025-09-19,5,PT1H,MC-MagdalenaEcop,42924.85,37732.5
2025-09-19,4,PT1H,MC-MagdalenaEcop,36565.76,37087.9
2025-09-19,3,PT1H,MC-MagdalenaEcop,35573.73,37766.4
2025-09-19,2,PT1H,MC-MagdalenaEcop,38103.24,37800.3
2025-09-19,1,PT1H,MC-MagdalenaEcop,42587.78,38512.7
2025-09-19,10,PT1H,MC-MagdalenaEcop,43718.6,34374.1
2025-09-19,24,PT1H,MC-MagdalenaEcop,38528.57,37732.5
2025-09-20,1,PT1H,MC-MagdalenaEcop,37501.36,43911.2
2025-09-20,2,PT1H,MC-MagdalenaEcop,37247.77,43832.1
2025-09-20,23,PT1H,MC-MagdalenaEcop,38631.18,27774.5
2025-09-20,3,PT1H,MC-MagdalenaEcop,36322.63,44544.0
2025-09-20,4,PT1H,MC-MagdalenaEcop,37688.69,44979.1
2025-09-20,5,PT1H,MC-MagdalenaEcop,39659.79,42764.2
2025-09-20,6,PT1H,MC-MagdalenaEcop,39061.09,43080.6
2025-09-20,24,PT1H,MC-MagdalenaEcop,36654.81,28605.1
2025-09-20,8,PT1H,MC-MagdalenaEcop,39176.12,34814.5
2025-09-20,9,PT1H,MC-MagdalenaEcop,39360.15,33746.7
2025-09-20,10,PT1H,MC-MagdalenaEcop,40197.9,35961.5
2025-09-20,11,PT1H,MC-MagdalenaEcop,39243.87,36277.9
2025-09-20,12,PT1H,MC-MagdalenaEcop,38809.98,36475.7
2025-09-20,7,PT1H,MC-MagdalenaEcop,39198.29,40272.5
2025-09-20,14,PT1H,MC-MagdalenaEcop,40790.5,35526.5
2025-09-20,15,PT1H,MC-MagdalenaEcop,41016.26,36080.2
2025-09-20,16,PT1H,MC-MagdalenaEcop,40395.1,33944.4
2025-09-20,17,PT1H,MC-MagdalenaEcop,40489.61,32283.3
2025-09-20,18,PT1H,MC-MagdalenaEcop,40923.94,30543.1
2025-09-20,19,PT1H,MC-MagdalenaEcop,41752.36,29465.2
2025-09-20,20,PT1H,MC-MagdalenaEcop,42332.15,29069.7
2025-09-20,21,PT1H,MC-MagdalenaEcop,41427.44,29425.7
2025-09-20,22,PT1H,MC-MagdalenaEcop,40963.11,28763.3
2025-09-20,13,PT1H,MC-MagdalenaEcop,39729.56,37068.9
2025-09-21,9,PT1H,MC-MagdalenaEcop,62623.23,38150.7
2025-09-21,8,PT1H,MC-MagdalenaEcop,62829.9,38777.1
2025-09-21,7,PT1H,MC-MagdalenaEcop,64028.18,39264.3
2025-09-21,6,PT1H,MC-MagdalenaEcop,65641.83,39612.3
2025-09-21,1,PT1H,MC-MagdalenaEcop,64445.52,28163.1
2025-09-21,4,PT1H,MC-MagdalenaEcop,65998.7,38533.5
2025-09-21,3,PT1H,MC-MagdalenaEcop,65443.86,35888.7
2025-09-21,2,PT1H,MC-MagdalenaEcop,65871.63,32095.5
2025-09-21,10,PT1H,MC-MagdalenaEcop,64023.13,37106.7
2025-09-21,5,PT1H,MC-MagdalenaEcop,65880.83,39159.9
2025-09-21,11,PT1H,MC-MagdalenaEcop,64291.03,37663.5
2025-09-21,12,PT1H,MC-MagdalenaEcop,63362.85,37524.3
2025-09-21,13,PT1H,MC-MagdalenaEcop,62773.23,36863.1
2025-09-21,24,PT1H,MC-MagdalenaEcop,25281.31,32478.3
2025-09-21,23,PT1H,MC-MagdalenaEcop,25756.73,32025.9
2025-09-21,22,PT1H,MC-MagdalenaEcop,25890.86,30285.9
2025-09-21,20,PT1H,MC-MagdalenaEcop,26420.93,30937.1
2025-09-21,19,PT1H,MC-MagdalenaEcop,26448.85,33755.9
2025-09-21,21,PT1H,MC-MagdalenaEcop,26083.75,31006.7
2025-09-21,17,PT1H,MC-MagdalenaEcop,62667.5,37454.7
2025-09-21,16,PT1H,MC-MagdalenaEcop,61841.23,39855.9
2025-09-21,15,PT1H,MC-MagdalenaEcop,61708.34,40795.4
2025-09-21,14,PT1H,MC-MagdalenaEcop,63667.25,38115.9
2025-09-21,18,PT1H,MC-MagdalenaEcop,26364.45,33696.3
2025-09-22,7,PT1H,MC-MagdalenaEcop,27010.33,41406.4
2025-09-22,10,PT1H,MC-MagdalenaEcop,27313.13,32222.6
2025-09-22,9,PT1H,MC-MagdalenaEcop,27163.93,38545.2
2025-09-22,8,PT1H,MC-MagdalenaEcop,27187.94,41406.4
2025-09-22,6,PT1H,MC-MagdalenaEcop,27303.23,42929.4
2025-09-22,2,PT1H,MC-MagdalenaEcop,26133.15,40160.4
2025-09-22,4,PT1H,MC-MagdalenaEcop,26218.85,41129.5
2025-09-22,1,PT1H,MC-MagdalenaEcop,25077.5,42052.5
2025-09-22,3,PT1H,MC-MagdalenaEcop,26355.94,41775.6
2025-09-22,11,PT1H,MC-MagdalenaEcop,27070.43,31853.4
2025-09-22,5,PT1H,MC-MagdalenaEcop,26899.53,42144.8
2025-09-22,12,PT1H,MC-MagdalenaEcop,26613.7,30284.3
2025-09-22,14,PT1H,MC-MagdalenaEcop,25603.45,32314.9
2025-09-22,23,PT1H,MC-MagdalenaEcop,63283.01,40160.4
2025-09-22,15,PT1H,MC-MagdalenaEcop,63817.33,33007.2
2025-09-22,16,PT1H,MC-MagdalenaEcop,63634.73,33053.3
2025-09-22,17,PT1H,MC-MagdalenaEcop,55903.58,32314.9
2025-09-22,18,PT1H,MC-MagdalenaEcop,50706.46,32314.9
2025-09-22,19,PT1H,MC-MagdalenaEcop,54907.74,37473.7
2025-09-22,20,PT1H,MC-MagdalenaEcop,54481.9,39319.7
2025-09-22,21,PT1H,MC-MagdalenaEcop,61869.84,39919.6
2025-09-22,22,PT1H,MC-MagdalenaEcop,62924.06,40391.1
2025-09-22,13,PT1H,MC-MagdalenaEcop,25895.52,29638.2
2025-09-22,24,PT1H,MC-MagdalenaEcop,61843.06,40391.1
2025-09-23,16,PT1H,MC-MagdalenaEcop,24943.15,37027.1
2025-09-23,17,PT1H,MC-MagdalenaEcop,23955.55,36091.0
2025-09-23,18,PT1H,MC-MagdalenaEcop,23316.08,37768.2
2025-09-23,20,PT1H,MC-MagdalenaEcop,23137.48,38070.3
2025-09-23,15,PT1H,MC-MagdalenaEcop,61448.94,39016.4
2025-09-23,22,PT1H,MC-MagdalenaEcop,23220.31,35271.8
2025-09-23,23,PT1H,MC-MagdalenaEcop,24135.86,37261.2
2025-09-23,24,PT1H,MC-MagdalenaEcop,23679.7,36949.1
2025-09-23,1,PT1H,MC-MagdalenaEcop,64152.73,33399.5
2025-09-23,21,PT1H,MC-MagdalenaEcop,23028.14,37173.1
2025-09-23,14,PT1H,MC-MagdalenaEcop,62660.34,39913.6
2025-09-23,19,PT1H,MC-MagdalenaEcop,23457.98,38889.4
2025-09-23,12,PT1H,MC-MagdalenaEcop,65359.12,34491.7
2025-09-23,13,PT1H,MC-MagdalenaEcop,63866.56,38431.4
2025-09-23,3,PT1H,MC-MagdalenaEcop,60123.08,34725.7
2025-09-23,4,PT1H,MC-MagdalenaEcop,62241.78,33672.6
2025-09-23,5,PT1H,MC-MagdalenaEcop,64068.51,33906.6
2025-09-23,6,PT1H,MC-MagdalenaEcop,62849.72,33009.5
2025-09-23,2,PT1H,MC-MagdalenaEcop,62761.82,33711.6
2025-09-23,8,PT1H,MC-MagdalenaEcop,62667.39,34842.8
2025-09-23,9,PT1H,MC-MagdalenaEcop,63431.25,32502.4
2025-09-23,10,PT1H,MC-MagdalenaEcop,63365.01,34140.6
2025-09-23,11,PT1H,MC-MagdalenaEcop,61438.08,34803.8
2025-09-23,7,PT1H,MC-MagdalenaEcop,62052.08,34140.6
2025-09-24,22,PT1H,MC-MagdalenaEcop,64558.98,34873.9
2025-09-24,12,PT1H,MC-MagdalenaEcop,56446.41,35729.0
2025-09-24,23,PT1H,MC-MagdalenaEcop,63578.24,33474.7
2025-09-24,24,PT1H,MC-MagdalenaEcop,62701.34,32697.3
2025-09-24,19,PT1H,MC-MagdalenaEcop,63285.34,36574.0
2025-09-24,18,PT1H,MC-MagdalenaEcop,59260.85,35573.5
2025-09-24,17,PT1H,MC-MagdalenaEcop,59690.92,35845.6
2025-09-24,15,PT1H,MC-MagdalenaEcop,53466.51,37633.4
2025-09-24,14,PT1H,MC-MagdalenaEcop,56368.19,38216.5
2025-09-24,13,PT1H,MC-MagdalenaEcop,58508.38,36584.0
2025-09-24,11,PT1H,MC-MagdalenaEcop,56668.39,37555.7
2025-09-24,16,PT1H,MC-MagdalenaEcop,54867.53,36234.2
2025-09-24,9,PT1H,MC-MagdalenaEcop,25318.51,37439.1
2025-09-24,21,PT1H,MC-MagdalenaEcop,65220.1,36962.7
2025-09-24,10,PT1H,MC-MagdalenaEcop,25069.37,37633.4
2025-09-24,1,PT1H,MC-MagdalenaEcop,24548.84,36545.2
2025-09-24,2,PT1H,MC-MagdalenaEcop,25682.46,35612.4
2025-09-24,3,PT1H,MC-MagdalenaEcop,26530.63,36039.9
2025-09-24,20,PT1H,MC-MagdalenaEcop,63988.16,36068.8
2025-09-24,5,PT1H,MC-MagdalenaEcop,27083.52,36195.4
2025-09-24,6,PT1H,MC-MagdalenaEcop,27502.25,34757.3
2025-09-24,8,PT1H,MC-MagdalenaEcop,25879.59,37361.4
2025-09-24,7,PT1H,MC-MagdalenaEcop,26614.17,34407.5
2025-09-24,4,PT1H,MC-MagdalenaEcop,26975.62,36195.4
2025-09-25,24,PT1H,MC-MagdalenaEcop,29337.35,30324.4
2025-09-25,1,PT1H,MC-MagdalenaEcop,36963.33,41303.6
2025-09-25,2,PT1H,MC-MagdalenaEcop,36999.45,40720.6
2025-09-25,3,PT1H,MC-MagdalenaEcop,36903.74,42469.6
2025-09-25,4,PT1H,MC-MagdalenaEcop,37538.71,43198.3
2025-09-25,5,PT1H,MC-MagdalenaEcop,38509.62,42712.5
2025-09-25,6,PT1H,MC-MagdalenaEcop,38459.67,43198.3
2025-09-25,7,PT1H,MC-MagdalenaEcop,37918.78,42032.3
2025-09-25,8,PT1H,MC-MagdalenaEcop,34828.07,42323.8
2025-09-25,9,PT1H,MC-MagdalenaEcop,26096.54,42275.2
2025-09-25,11,PT1H,MC-MagdalenaEcop,23302.68,41449.4
2025-09-25,12,PT1H,MC-MagdalenaEcop,24401.71,29595.7
2025-09-25,13,PT1H,MC-MagdalenaEcop,24640.59,29352.8
2025-09-25,23,PT1H,MC-MagdalenaEcop,33595.29,30761.6
2025-09-25,15,PT1H,MC-MagdalenaEcop,24521.01,31830.4
2025-09-25,16,PT1H,MC-MagdalenaEcop,25771.87,32850.6
2025-09-25,17,PT1H,MC-MagdalenaEcop,26856.1,31830.4
2025-09-25,18,PT1H,MC-MagdalenaEcop,27836.62,30955.9
2025-09-25,19,PT1H,MC-MagdalenaEcop,34545.91,30945.9
2025-09-25,20,PT1H,MC-MagdalenaEcop,34907.6,31334.6
2025-09-25,21,PT1H,MC-MagdalenaEcop,34535.55,30605.9
2025-09-25,22,PT1H,MC-MagdalenaEcop,33899.31,30421.5
2025-09-25,10,PT1H,MC-MagdalenaEcop,22742.49,44461.4
2025-09-25,14,PT1H,MC-MagdalenaEcop,25405.01,29255.6
2025-09-26,7,PT1H,MC-MagdalenaEcop,32676.31,37711.7
2025-09-26,23,PT1H,MC-MagdalenaEcop,30188.37,37711.7
2025-09-26,18,PT1H,MC-MagdalenaEcop,36292.18,33766.2
2025-09-26,17,PT1H,MC-MagdalenaEcop,33479.37,33941.6
2025-09-26,16,PT1H,MC-MagdalenaEcop,34992.82,34467.6
2025-09-26,15,PT1H,MC-MagdalenaEcop,35221.57,33547.0
2025-09-26,14,PT1H,MC-MagdalenaEcop,34489.54,33415.5
2025-09-26,13,PT1H,MC-MagdalenaEcop,33613.28,35651.3
2025-09-26,12,PT1H,MC-MagdalenaEcop,32502.48,38106.3
2025-09-26,11,PT1H,MC-MagdalenaEcop,32467.54,38544.7
2025-09-26,10,PT1H,MC-MagdalenaEcop,34156.93,38018.6
2025-09-26,9,PT1H,MC-MagdalenaEcop,32995.88,38457.0
2025-09-26,24,PT1H,MC-MagdalenaEcop,29351.66,36571.9
2025-09-26,6,PT1H,MC-MagdalenaEcop,33587.66,37887.1
2025-09-26,5,PT1H,MC-MagdalenaEcop,33803.66,37580.2
2025-09-26,4,PT1H,MC-MagdalenaEcop,34036.14,36045.8
2025-09-26,3,PT1H,MC-MagdalenaEcop,34509.67,35870.5
2025-09-26,2,PT1H,MC-MagdalenaEcop,33704.04,36265.0
2025-09-26,1,PT1H,MC-MagdalenaEcop,29505.04,28374.0
2025-09-26,19,PT1H,MC-MagdalenaEcop,37999.59,34589.1
2025-09-26,20,PT1H,MC-MagdalenaEcop,37398.19,37964.8
2025-09-26,8,PT1H,MC-MagdalenaEcop,32274.03,37799.4
2025-09-26,22,PT1H,MC-MagdalenaEcop,33840.31,36352.7
2025-09-26,21,PT1H,MC-MagdalenaEcop,35380.86,37570.2
2025-09-27,19,PT1H,MC-MagdalenaEcop,38269.82,35659.4
2025-09-27,18,PT1H,MC-MagdalenaEcop,37047.99,36105.9
2025-09-27,24,PT1H,MC-MagdalenaEcop,34910.66,33453.3
2025-09-27,23,PT1H,MC-MagdalenaEcop,33364.75,34158.4
2025-09-27,22,PT1H,MC-MagdalenaEcop,30925.05,35132.2
2025-09-27,21,PT1H,MC-MagdalenaEcop,36221.25,34920.7
2025-09-27,2,PT1H,MC-MagdalenaEcop,40355.16,30699.9
2025-09-27,3,PT1H,MC-MagdalenaEcop,39524.64,35635.8
2025-09-27,4,PT1H,MC-MagdalenaEcop,38817.6,37449.0
2025-09-27,5,PT1H,MC-MagdalenaEcop,41010.78,37449.0
2025-09-27,6,PT1H,MC-MagdalenaEcop,40341.79,38624.2
2025-09-27,1,PT1H,MC-MagdalenaEcop,36565.88,26569.9
2025-09-27,8,PT1H,MC-MagdalenaEcop,37389.87,38221.3
2025-09-27,7,PT1H,MC-MagdalenaEcop,39194.82,38322.0
2025-09-27,17,PT1H,MC-MagdalenaEcop,33606.2,36475.3
2025-09-27,16,PT1H,MC-MagdalenaEcop,26937.46,37717.6
2025-09-27,15,PT1H,MC-MagdalenaEcop,29435.99,37751.2
2025-09-27,14,PT1H,MC-MagdalenaEcop,37202.62,37784.8
2025-09-27,20,PT1H,MC-MagdalenaEcop,37932.41,35189.3
2025-09-27,12,PT1H,MC-MagdalenaEcop,39751.34,37516.2
2025-09-27,11,PT1H,MC-MagdalenaEcop,38912.88,36441.7
2025-09-27,10,PT1H,MC-MagdalenaEcop,38902.66,38087.0
2025-09-27,9,PT1H,MC-MagdalenaEcop,36453.57,38926.4
2025-09-27,13,PT1H,MC-MagdalenaEcop,38172.91,37919.1
2025-09-28,15,PT1H,MC-MagdalenaEcop,31975.78,34799.4
2025-09-28,24,PT1H,MC-MagdalenaEcop,39106.94,36843.5
2025-09-28,23,PT1H,MC-MagdalenaEcop,37048.18,36489.7
2025-09-28,22,PT1H,MC-MagdalenaEcop,38947.02,38337.3
2025-09-28,21,PT1H,MC-MagdalenaEcop,37078.15,41196.9
2025-09-28,20,PT1H,MC-MagdalenaEcop,34988.38,41904.5
2025-09-28,19,PT1H,MC-MagdalenaEcop,34808.32,40528.6
2025-09-28,18,PT1H,MC-MagdalenaEcop,33465.0,39398.7
2025-09-28,17,PT1H,MC-MagdalenaEcop,33221.22,38337.3
2025-09-28,16,PT1H,MC-MagdalenaEcop,33064.68,34484.9
2025-09-28,14,PT1H,MC-MagdalenaEcop,32540.34,34642.1
2025-09-28,1,PT1H,MC-MagdalenaEcop,34960.22,37747.6
2025-09-28,12,PT1H,MC-MagdalenaEcop,33370.03,34249.0
2025-09-28,11,PT1H,MC-MagdalenaEcop,33143.22,33738.0
2025-09-28,10,PT1H,MC-MagdalenaEcop,34670.15,33973.9
2025-09-28,9,PT1H,MC-MagdalenaEcop,34946.14,34288.3
2025-09-28,8,PT1H,MC-MagdalenaEcop,34482.78,34091.8
2025-09-28,7,PT1H,MC-MagdalenaEcop,34652.31,34170.4
2025-09-28,6,PT1H,MC-MagdalenaEcop,36237.88,34524.2
2025-09-28,5,PT1H,MC-MagdalenaEcop,36044.46,34642.1
2025-09-28,4,PT1H,MC-MagdalenaEcop,35320.4,34288.3
2025-09-28,3,PT1H,MC-MagdalenaEcop,36326.57,34367.0
2025-09-28,2,PT1H,MC-MagdalenaEcop,36096.43,34681.4
2025-09-28,13,PT1H,MC-MagdalenaEcop,33167.77,34484.9
2025-09-29,1,PT1H,MC-MagdalenaEcop,36044.55,38712.1
2025-09-29,11,PT1H,MC-MagdalenaEcop,35956.46,38016.6
2025-09-29,3,PT1H,MC-MagdalenaEcop,38947.97,38057.5
2025-09-29,6,PT1H,MC-MagdalenaEcop,33288.17,36502.9
2025-09-29,7,PT1H,MC-MagdalenaEcop,34268.79,35930.1
2025-09-29,8,PT1H,MC-MagdalenaEcop,31360.5,35766.5
2025-09-29,9,PT1H,MC-MagdalenaEcop,34328.56,33311.8
2025-09-29,10,PT1H,MC-MagdalenaEcop,35350.76,34989.2
2025-09-29,12,PT1H,MC-MagdalenaEcop,35952.23,39530.3
2025-09-29,13,PT1H,MC-MagdalenaEcop,35619.01,40021.3
2025-09-29,14,PT1H,MC-MagdalenaEcop,36215.08,39039.4
2025-09-29,5,PT1H,MC-MagdalenaEcop,33560.84,37443.9
2025-09-29,15,PT1H,MC-MagdalenaEcop,36199.86,40266.7
2025-09-29,17,PT1H,MC-MagdalenaEcop,34851.24,36134.7
2025-09-29,18,PT1H,MC-MagdalenaEcop,36398.65,35889.2
2025-09-29,19,PT1H,MC-MagdalenaEcop,36664.58,37720.2
2025-09-29,20,PT1H,MC-MagdalenaEcop,37794.79,40665.9
2025-09-29,21,PT1H,MC-MagdalenaEcop,37090.05,40502.2
2025-09-29,22,PT1H,MC-MagdalenaEcop,36459.12,40634.9
2025-09-29,23,PT1H,MC-MagdalenaEcop,34236.57,40553.1
2025-09-29,24,PT1H,MC-MagdalenaEcop,34568.76,40103.1
2025-09-29,16,PT1H,MC-MagdalenaEcop,34216.9,38507.6
2025-09-29,4,PT1H,MC-MagdalenaEcop,37202.97,37566.6
2025-09-29,2,PT1H,MC-MagdalenaEcop,36292.52,38343.9
2025-09-30,9,PT1H,MC-MagdalenaEcop,31964.01,35317.5
2025-09-30,2,PT1H,MC-MagdalenaEcop,34589.24,44896.0
2025-09-30,1,PT1H,MC-MagdalenaEcop,34473.94,45153.8
2025-09-30,3,PT1H,MC-MagdalenaEcop,34671.57,47430.3
2025-09-30,4,PT1H,MC-MagdalenaEcop,34812.29,47344.4
2025-09-30,5,PT1H,MC-MagdalenaEcop,35066.52,47301.4
2025-09-30,6,PT1H,MC-MagdalenaEcop,35500.25,47473.2
2025-09-30,7,PT1H,MC-MagdalenaEcop,33302.52,46614.2
2025-09-30,8,PT1H,MC-MagdalenaEcop,33086.08,43994.0
2025-09-30,10,PT1H,MC-MagdalenaEcop,30693.89,29561.8
2025-09-30,11,PT1H,MC-MagdalenaEcop,30215.53,29304.0
2025-09-30,12,PT1H,MC-MagdalenaEcop,31776.24,30592.6
2025-09-30,13,PT1H,MC-MagdalenaEcop,31730.15,31022.2
2025-09-30,15,PT1H,MC-MagdalenaEcop,24783.12,31408.7
2025-09-30,16,PT1H,MC-MagdalenaEcop,24333.19,30420.8
2025-09-30,17,PT1H,MC-MagdalenaEcop,24442.78,34673.2
2025-09-30,18,PT1H,MC-MagdalenaEcop,31322.13,36820.8
2025-09-30,19,PT1H,MC-MagdalenaEcop,32817.95,37283.3
2025-09-30,20,PT1H,MC-MagdalenaEcop,33779.57,35393.4
2025-09-30,21,PT1H,MC-MagdalenaEcop,34764.7,36853.8
2025-09-30,22,PT1H,MC-MagdalenaEcop,34840.66,37894.7
2025-09-30,23,PT1H,MC-MagdalenaEcop,34837.71,38453.1
2025-09-30,24,PT1H,MC-MagdalenaEcop,34741.85,38152.4
2025-09-30,14,PT1H,MC-MagdalenaEcop,26654.6,30850.4
2025-10-01,5,PT1H,MC-MagdalenaEcop,64429.46,75243.5
2025-10-01,6,PT1H,MC-MagdalenaEcop,59864.78,73885.4
2025-10-01,7,PT1H,MC-MagdalenaEcop,58697.28,73130.9
2025-10-01,4,PT1H,MC-MagdalenaEcop,66438.94,76148.9
2025-10-01,22,PT1H,MC-MagdalenaEcop,77150.62,73734.5
2025-10-01,2,PT1H,MC-MagdalenaEcop,67294.88,80072.3
2025-10-01,1,PT1H,MC-MagdalenaEcop,68110.4,76677.1
2025-10-01,8,PT1H,MC-MagdalenaEcop,59880.58,72301.0
2025-10-01,21,PT1H,MC-MagdalenaEcop,77545.14,74016.3
2025-10-01,3,PT1H,MC-MagdalenaEcop,67236.36,78035.2
2025-10-01,9,PT1H,MC-MagdalenaEcop,66038.6,66642.3
2025-10-01,10,PT1H,MC-MagdalenaEcop,74950.66,73960.9
2025-10-01,11,PT1H,MC-MagdalenaEcop,64886.54,77431.6
2025-10-01,20,PT1H,MC-MagdalenaEcop,77861.4,76581.6
2025-10-01,19,PT1H,MC-MagdalenaEcop,79466.56,82994.9
2025-10-01,18,PT1H,MC-MagdalenaEcop,79138.48,79091.5
2025-10-01,17,PT1H,MC-MagdalenaEcop,79249.06,76677.1
2025-10-01,23,PT1H,MC-MagdalenaEcop,79198.94,72753.7
2025-10-01,15,PT1H,MC-MagdalenaEcop,63260.22,76828.0
2025-10-01,14,PT1H,MC-MagdalenaEcop,63976.14,75998.0
2025-10-01,13,PT1H,MC-MagdalenaEcop,63140.66,77808.8
2025-10-01,12,PT1H,MC-MagdalenaEcop,59868.98,79393.3
2025-10-01,16,PT1H,MC-MagdalenaEcop,78786.68,77054.3
2025-10-01,24,PT1H,MC-MagdalenaEcop,79780.64,81958.6
2025-10-02,12,PT1H,MC-MagdalenaEcop,75929.3,65930.2
2025-10-02,20,PT1H,MC-MagdalenaEcop,53438.82,75184.7
2025-10-02,19,PT1H,MC-MagdalenaEcop,55648.08,75868.9
2025-10-02,18,PT1H,MC-MagdalenaEcop,57398.6,74444.5
2025-10-02,17,PT1H,MC-MagdalenaEcop,51867.88,73988.4
2025-10-02,16,PT1H,MC-MagdalenaEcop,51881.88,75204.7
2025-10-02,15,PT1H,MC-MagdalenaEcop,64216.84,66158.2
2025-10-02,14,PT1H,MC-MagdalenaEcop,70362.24,65702.1
2025-10-02,13,PT1H,MC-MagdalenaEcop,77175.82,65550.1
2025-10-02,7,PT1H,MC-MagdalenaEcop,77458.8,78777.7
2025-10-02,9,PT1H,MC-MagdalenaEcop,76991.68,65854.2
2025-10-02,8,PT1H,MC-MagdalenaEcop,77039.56,82502.7
2025-10-02,22,PT1H,MC-MagdalenaEcop,56309.26,81742.5
2025-10-02,6,PT1H,MC-MagdalenaEcop,79353.82,84023.2
2025-10-02,5,PT1H,MC-MagdalenaEcop,77448.1,84707.3
2025-10-02,4,PT1H,MC-MagdalenaEcop,78176.86,84783.4
2025-10-02,3,PT1H,MC-MagdalenaEcop,78456.22,85011.4
2025-10-02,2,PT1H,MC-MagdalenaEcop,78053.32,84859.4
2025-10-02,1,PT1H,MC-MagdalenaEcop,79506.5,84175.2
2025-10-02,10,PT1H,MC-MagdalenaEcop,77529.96,66082.2
2025-10-02,23,PT1H,MC-MagdalenaEcop,57971.3,83186.9
2025-10-02,11,PT1H,MC-MagdalenaEcop,76836.48,65930.2
2025-10-02,21,PT1H,MC-MagdalenaEcop,54965.4,77313.3
2025-10-02,24,PT1H,MC-MagdalenaEcop,57416.36,81438.4
2025-10-03,23,PT1H,MC-MagdalenaEcop,55003.28,73585.3
2025-10-03,22,PT1H,MC-MagdalenaEcop,56096.34,70275.6
2025-10-03,21,PT1H,MC-MagdalenaEcop,57133.22,73264.4
2025-10-03,20,PT1H,MC-MagdalenaEcop,54665.24,75144.9
2025-10-03,19,PT1H,MC-MagdalenaEcop,53761.1,76198.0
2025-10-03,18,PT1H,MC-MagdalenaEcop,54367.64,74187.1
2025-10-03,17,PT1H,MC-MagdalenaEcop,53849.52,74262.3
2025-10-03,16,PT1H,MC-MagdalenaEcop,53187.58,73058.8
2025-10-03,15,PT1H,MC-MagdalenaEcop,29476.52,72833.1
2025-10-03,14,PT1H,MC-MagdalenaEcop,38345.6,71027.8
2025-10-03,13,PT1H,MC-MagdalenaEcop,39504.5,73886.2
2025-10-03,1,PT1H,MC-MagdalenaEcop,56540.98,81333.0
2025-10-03,11,PT1H,MC-MagdalenaEcop,60298.8,80580.8
2025-10-03,10,PT1H,MC-MagdalenaEcop,59256.0,83514.4
2025-10-03,9,PT1H,MC-MagdalenaEcop,61316.08,82912.6
2025-10-03,8,PT1H,MC-MagdalenaEcop,60689.9,78173.7
2025-10-03,7,PT1H,MC-MagdalenaEcop,54093.24,84943.5
2025-10-03,24,PT1H,MC-MagdalenaEcop,54183.06,73585.3
2025-10-03,6,PT1H,MC-MagdalenaEcop,55609.02,86598.4
2025-10-03,5,PT1H,MC-MagdalenaEcop,60107.28,82160.4
2025-10-03,4,PT1H,MC-MagdalenaEcop,67963.38,69974.7
2025-10-03,3,PT1H,MC-MagdalenaEcop,68441.7,67943.8
2025-10-03,12,PT1H,MC-MagdalenaEcop,47725.8,76067.6
2025-10-03,2,PT1H,MC-MagdalenaEcop,61652.32,72908.3
2025-10-04,8,PT1H,MC-MagdalenaEcop,33822.53,37521.2
2025-10-04,7,PT1H,MC-MagdalenaEcop,32197.52,37862.6
2025-10-04,6,PT1H,MC-MagdalenaEcop,32135.31,37673.0
2025-10-04,5,PT1H,MC-MagdalenaEcop,32291.97,38166.0
2025-10-04,24,PT1H,MC-MagdalenaEcop,36692.85,35321.4
2025-10-04,2,PT1H,MC-MagdalenaEcop,27860.33,35852.4
2025-10-04,1,PT1H,MC-MagdalenaEcop,27068.18,36080.0
2025-10-04,9,PT1H,MC-MagdalenaEcop,33707.2,37938.5
2025-10-04,3,PT1H,MC-MagdalenaEcop,28399.83,34980.0
2025-10-04,10,PT1H,MC-MagdalenaEcop,33716.38,38810.8
2025-10-04,4,PT1H,MC-MagdalenaEcop,29724.72,36459.2
2025-10-04,12,PT1H,MC-MagdalenaEcop,31873.64,37483.3
2025-10-04,23,PT1H,MC-MagdalenaEcop,37535.03,37179.9
2025-10-04,11,PT1H,MC-MagdalenaEcop,32183.96,37824.7
2025-10-04,21,PT1H,MC-MagdalenaEcop,37352.23,39938.7
2025-10-04,20,PT1H,MC-MagdalenaEcop,35213.99,40811.0
2025-10-04,19,PT1H,MC-MagdalenaEcop,30966.8,40204.2
2025-10-04,18,PT1H,MC-MagdalenaEcop,29356.16,39531.5
2025-10-04,22,PT1H,MC-MagdalenaEcop,37973.11,39531.5
2025-10-04,17,PT1H,MC-MagdalenaEcop,29199.99,39038.4
2025-10-04,16,PT1H,MC-MagdalenaEcop,28754.44,38962.5
2025-10-04,13,PT1H,MC-MagdalenaEcop,32546.66,38279.8
2025-10-04,15,PT1H,MC-MagdalenaEcop,30974.43,39455.6
2025-10-04,14,PT1H,MC-MagdalenaEcop,32565.56,39303.9
2025-10-05,3,PT1H,MC-MagdalenaEcop,34517.81,40446.3
2025-10-05,4,PT1H,MC-MagdalenaEcop,32708.85,40732.0
2025-10-05,5,PT1H,MC-MagdalenaEcop,32930.27,40160.7
2025-10-05,6,PT1H,MC-MagdalenaEcop,34476.84,39997.5
2025-10-05,7,PT1H,MC-MagdalenaEcop,33539.17,38895.8
2025-10-05,8,PT1H,MC-MagdalenaEcop,33277.88,37998.1
2025-10-05,9,PT1H,MC-MagdalenaEcop,32006.12,38038.9
2025-10-05,10,PT1H,MC-MagdalenaEcop,29934.52,39997.5
2025-10-05,11,PT1H,MC-MagdalenaEcop,30112.09,40854.4
2025-10-05,12,PT1H,MC-MagdalenaEcop,27393.52,39303.8
2025-10-05,14,PT1H,MC-MagdalenaEcop,27862.1,38936.6
2025-10-05,1,PT1H,MC-MagdalenaEcop,36385.2,39915.9
2025-10-05,15,PT1H,MC-MagdalenaEcop,37188.32,36896.4
2025-10-05,16,PT1H,MC-MagdalenaEcop,37380.91,37467.7
2025-10-05,17,PT1H,MC-MagdalenaEcop,36719.48,36774.0
2025-10-05,18,PT1H,MC-MagdalenaEcop,39183.52,33550.5
2025-10-05,19,PT1H,MC-MagdalenaEcop,40785.62,35417.5
2025-10-05,20,PT1H,MC-MagdalenaEcop,41086.21,37376.1
2025-10-05,21,PT1H,MC-MagdalenaEcop,39954.72,37008.8
2025-10-05,22,PT1H,MC-MagdalenaEcop,38722.64,36937.2
2025-10-05,23,PT1H,MC-MagdalenaEcop,38247.63,35509.1
2025-10-05,24,PT1H,MC-MagdalenaEcop,40548.37,32652.9
2025-10-05,13,PT1H,MC-MagdalenaEcop,26472.18,38242.9
2025-10-05,2,PT1H,MC-MagdalenaEcop,36226.01,41099.2
2025-10-06,8,PT1H,MC-MagdalenaEcop,88736.58,71552.8
2025-10-06,23,PT1H,MC-MagdalenaEcop,83767.54,80130.0
2025-10-06,2,PT1H,MC-MagdalenaEcop,67102.56,64557.7
2025-10-06,3,PT1H,MC-MagdalenaEcop,67081.18,65973.4
2025-10-06,4,PT1H,MC-MagdalenaEcop,84707.36,64890.8
2025-10-06,5,PT1H,MC-MagdalenaEcop,86681.74,64641.0
2025-10-06,6,PT1H,MC-MagdalenaEcop,83302.28,66473.0
2025-10-06,7,PT1H,MC-MagdalenaEcop,88695.2,64807.5
2025-10-06,9,PT1H,MC-MagdalenaEcop,86523.62,79713.7
2025-10-06,10,PT1H,MC-MagdalenaEcop,81722.36,81712.2
2025-10-06,11,PT1H,MC-MagdalenaEcop,77627.54,82961.4
2025-10-06,24,PT1H,MC-MagdalenaEcop,85219.68,78131.4
2025-10-06,12,PT1H,MC-MagdalenaEcop,77344.96,83544.3
2025-10-06,14,PT1H,MC-MagdalenaEcop,73289.44,84460.3
2025-10-06,15,PT1H,MC-MagdalenaEcop,73632.1,83877.4
2025-10-06,16,PT1H,MC-MagdalenaEcop,80353.32,85459.6
2025-10-06,17,PT1H,MC-MagdalenaEcop,86638.46,70220.4
2025-10-06,18,PT1H,MC-MagdalenaEcop,85956.94,58145.6
2025-10-06,19,PT1H,MC-MagdalenaEcop,87175.28,65537.0
2025-10-06,20,PT1H,MC-MagdalenaEcop,87882.06,63038.8
2025-10-06,21,PT1H,MC-MagdalenaEcop,87323.44,78111.4
2025-10-06,22,PT1H,MC-MagdalenaEcop,87428.74,79547.1
2025-10-06,13,PT1H,MC-MagdalenaEcop,73012.4,83960.7
2025-10-06,1,PT1H,MC-MagdalenaEcop,75277.06,66972.7
2025-10-07,18,PT1H,MC-MagdalenaEcop,77013.34,71458.3
2025-10-07,13,PT1H,MC-MagdalenaEcop,62922.94,76869.1
2025-10-07,6,PT1H,MC-MagdalenaEcop,84642.5,72007.2
2025-10-07,7,PT1H,MC-MagdalenaEcop,79365.86,71301.5
2025-10-07,8,PT1H,MC-MagdalenaEcop,70303.62,72164.1
2025-10-07,9,PT1H,MC-MagdalenaEcop,60690.9,72948.2
2025-10-07,10,PT1H,MC-MagdalenaEcop,54993.44,73889.2
2025-10-07,11,PT1H,MC-MagdalenaEcop,56290.08,71615.1
2025-10-07,12,PT1H,MC-MagdalenaEcop,55545.08,78202.2
2025-10-07,1,PT1H,MC-MagdalenaEcop,84788.36,74046.1
2025-10-07,14,PT1H,MC-MagdalenaEcop,57535.0,75143.9
2025-10-07,5,PT1H,MC-MagdalenaEcop,81698.0,73967.7
2025-10-07,15,PT1H,MC-MagdalenaEcop,63042.26,74987.1
2025-10-07,17,PT1H,MC-MagdalenaEcop,76626.56,71928.8
2025-10-07,19,PT1H,MC-MagdalenaEcop,84128.6,76535.4
2025-10-07,20,PT1H,MC-MagdalenaEcop,87606.88,76457.0
2025-10-07,21,PT1H,MC-MagdalenaEcop,88556.66,75437.6
2025-10-07,22,PT1H,MC-MagdalenaEcop,87079.18,75222.3
2025-10-07,23,PT1H,MC-MagdalenaEcop,85995.46,74987.1
2025-10-07,3,PT1H,MC-MagdalenaEcop,84139.06,67145.3
2025-10-07,2,PT1H,MC-MagdalenaEcop,84592.98,72399.3
2025-10-07,24,PT1H,MC-MagdalenaEcop,86416.28,72634.6
2025-10-07,16,PT1H,MC-MagdalenaEcop,67115.6,76084.9
2025-10-07,4,PT1H,MC-MagdalenaEcop,84935.66,70987.8
2025-10-08,22,PT1H,MC-MagdalenaEcop,88001.82,80262.2
2025-10-08,23,PT1H,MC-MagdalenaEcop,89494.88,78969.3
2025-10-08,1,PT1H,MC-MagdalenaEcop,86387.78,80520.8
2025-10-08,2,PT1H,MC-MagdalenaEcop,85781.2,79658.9
2025-10-08,24,PT1H,MC-MagdalenaEcop,87301.28,76556.1
2025-10-08,12,PT1H,MC-MagdalenaEcop,74754.64,67247.6
2025-10-08,19,PT1H,MC-MagdalenaEcop,73939.58,77570.3
2025-10-08,18,PT1H,MC-MagdalenaEcop,74223.7,71470.9
2025-10-08,17,PT1H,MC-MagdalenaEcop,73696.72,74228.9
2025-10-08,16,PT1H,MC-MagdalenaEcop,68687.68,64748.1
2025-10-08,15,PT1H,MC-MagdalenaEcop,65603.14,62593.4
2025-10-08,14,PT1H,MC-MagdalenaEcop,66652.06,67420.0
2025-10-08,13,PT1H,MC-MagdalenaEcop,75176.28,70522.8
2025-10-08,11,PT1H,MC-MagdalenaEcop,73156.36,67333.8
2025-10-08,10,PT1H,MC-MagdalenaEcop,73521.5,63541.5
2025-10-08,9,PT1H,MC-MagdalenaEcop,72566.28,60352.5
2025-10-08,8,PT1H,MC-MagdalenaEcop,71680.32,74746.1
2025-10-08,7,PT1H,MC-MagdalenaEcop,73779.48,76987.0
2025-10-08,6,PT1H,MC-MagdalenaEcop,83703.32,78021.3
2025-10-08,5,PT1H,MC-MagdalenaEcop,85051.52,77245.6
2025-10-08,3,PT1H,MC-MagdalenaEcop,85484.44,79745.1
2025-10-08,4,PT1H,MC-MagdalenaEcop,86883.1,78193.6
2025-10-08,20,PT1H,MC-MagdalenaEcop,78784.62,78863.2
2025-10-08,21,PT1H,MC-MagdalenaEcop,82581.5,81621.2
2025-10-09,10,PT1H,MC-MagdalenaEcop,70368.72,53674.5
2025-10-09,1,PT1H,MC-MagdalenaEcop,87865.92,86906.9
2025-10-09,24,PT1H,MC-MagdalenaEcop,67942.9,69362.4
2025-10-09,23,PT1H,MC-MagdalenaEcop,61508.58,79387.8
2025-10-09,22,PT1H,MC-MagdalenaEcop,62026.64,79944.8
2025-10-09,21,PT1H,MC-MagdalenaEcop,70877.08,81595.7
2025-10-09,11,PT1H,MC-MagdalenaEcop,64135.08,55345.4
2025-10-09,2,PT1H,MC-MagdalenaEcop,89012.2,86814.1
2025-10-09,19,PT1H,MC-MagdalenaEcop,85139.2,81781.4
2025-10-09,18,PT1H,MC-MagdalenaEcop,86802.16,65835.0
2025-10-09,17,PT1H,MC-MagdalenaEcop,86873.44,63607.1
2025-10-09,20,PT1H,MC-MagdalenaEcop,82707.86,82338.3
2025-10-09,15,PT1H,MC-MagdalenaEcop,60881.14,57294.8
2025-10-09,14,PT1H,MC-MagdalenaEcop,48378.02,59986.8
2025-10-09,13,PT1H,MC-MagdalenaEcop,52867.02,58130.3
2025-10-09,12,PT1H,MC-MagdalenaEcop,54887.54,57480.5
2025-10-09,3,PT1H,MC-MagdalenaEcop,88186.38,86535.6
2025-10-09,4,PT1H,MC-MagdalenaEcop,84099.52,88020.8
2025-10-09,5,PT1H,MC-MagdalenaEcop,84157.58,90341.5
2025-10-09,6,PT1H,MC-MagdalenaEcop,82757.32,90341.5
2025-10-09,7,PT1H,MC-MagdalenaEcop,79699.08,89506.1
2025-10-09,8,PT1H,MC-MagdalenaEcop,77693.66,81615.7
2025-10-09,16,PT1H,MC-MagdalenaEcop,78905.88,61100.8
2025-10-09,9,PT1H,MC-MagdalenaEcop,68714.28,61472.1
2025-10-10,9,PT1H,MC-MagdalenaEcop,61795.26,72339.5
2025-10-10,23,PT1H,MC-MagdalenaEcop,81085.36,65890.0
2025-10-10,8,PT1H,MC-MagdalenaEcop,66182.84,70619.6
2025-10-10,7,PT1H,MC-MagdalenaEcop,63249.3,71393.5
2025-10-10,3,PT1H,MC-MagdalenaEcop,62053.48,75521.2
2025-10-10,5,PT1H,MC-MagdalenaEcop,62837.24,74059.3
2025-10-10,1,PT1H,MC-MagdalenaEcop,60791.12,64514.2
2025-10-10,2,PT1H,MC-MagdalenaEcop,69146.0,73715.3
2025-10-10,10,PT1H,MC-MagdalenaEcop,57930.98,74833.2
2025-10-10,6,PT1H,MC-MagdalenaEcop,64142.18,73371.4
2025-10-10,11,PT1H,MC-MagdalenaEcop,50936.58,71221.6
2025-10-10,24,PT1H,MC-MagdalenaEcop,85500.68,64084.2
2025-10-10,13,PT1H,MC-MagdalenaEcop,44612.74,73801.3
2025-10-10,14,PT1H,MC-MagdalenaEcop,32481.3,75779.1
2025-10-10,15,PT1H,MC-MagdalenaEcop,37535.34,77155.0
2025-10-10,16,PT1H,MC-MagdalenaEcop,77905.92,76553.1
2025-10-10,17,PT1H,MC-MagdalenaEcop,73119.28,73199.4
2025-10-10,18,PT1H,MC-MagdalenaEcop,75080.38,79132.8
2025-10-10,19,PT1H,MC-MagdalenaEcop,77692.7,82810.5
2025-10-10,20,PT1H,MC-MagdalenaEcop,81806.82,81606.6
2025-10-10,21,PT1H,MC-MagdalenaEcop,84787.84,77307.0
2025-10-10,22,PT1H,MC-MagdalenaEcop,84453.24,73887.3
2025-10-10,12,PT1H,MC-MagdalenaEcop,50200.08,71307.5
2025-10-10,4,PT1H,MC-MagdalenaEcop,60403.22,74317.3
2025-10-11,23,PT1H,MC-MagdalenaEcop,84431.9,67225.1
2025-10-11,24,PT1H,MC-MagdalenaEcop,82741.82,70143.7
2025-10-11,18,PT1H,MC-MagdalenaEcop,75615.18,74324.3
2025-10-11,21,PT1H,MC-MagdalenaEcop,85295.18,72568.9
2025-10-11,1,PT1H,MC-MagdalenaEcop,86022.38,73456.6
2025-10-11,2,PT1H,MC-MagdalenaEcop,85803.64,80871.3
2025-10-11,22,PT1H,MC-MagdalenaEcop,83964.02,61940.2
2025-10-11,3,PT1H,MC-MagdalenaEcop,85698.04,79293.7
2025-10-11,4,PT1H,MC-MagdalenaEcop,84745.06,77795.0
2025-10-11,5,PT1H,MC-MagdalenaEcop,83004.14,82133.3
2025-10-11,7,PT1H,MC-MagdalenaEcop,82577.52,78583.8
2025-10-11,8,PT1H,MC-MagdalenaEcop,80973.28,74955.3
2025-10-11,9,PT1H,MC-MagdalenaEcop,67589.54,73220.0
2025-10-11,10,PT1H,MC-MagdalenaEcop,50039.42,78110.5
2025-10-11,6,PT1H,MC-MagdalenaEcop,81888.02,80871.3
2025-10-11,11,PT1H,MC-MagdalenaEcop,50545.7,78189.4
2025-10-11,12,PT1H,MC-MagdalenaEcop,44048.76,79766.9
2025-10-11,13,PT1H,MC-MagdalenaEcop,66791.66,76690.7
2025-10-11,14,PT1H,MC-MagdalenaEcop,75258.06,74482.0
2025-10-11,15,PT1H,MC-MagdalenaEcop,74137.22,59021.7
2025-10-11,16,PT1H,MC-MagdalenaEcop,77212.3,54210.1
2025-10-11,20,PT1H,MC-MagdalenaEcop,78709.18,76118.5
2025-10-11,17,PT1H,MC-MagdalenaEcop,74028.54,67619.5
2025-10-11,19,PT1H,MC-MagdalenaEcop,76993.68,76828.4
2025-10-12,7,PT1H,MC-MagdalenaEcop,77859.78,72750.2
2025-10-12,8,PT1H,MC-MagdalenaEcop,74312.16,72584.4
2025-10-12,9,PT1H,MC-MagdalenaEcop,70472.48,73413.7
2025-10-12,12,PT1H,MC-MagdalenaEcop,74516.82,70179.4
2025-10-12,11,PT1H,MC-MagdalenaEcop,72081.06,69598.9
2025-10-12,15,PT1H,MC-MagdalenaEcop,73069.28,67359.7
2025-10-12,13,PT1H,MC-MagdalenaEcop,71904.28,69930.6
2025-10-12,14,PT1H,MC-MagdalenaEcop,75708.1,68354.9
2025-10-12,6,PT1H,MC-MagdalenaEcop,78779.84,76316.3
2025-10-12,10,PT1H,MC-MagdalenaEcop,68762.76,72999.0
2025-10-12,5,PT1H,MC-MagdalenaEcop,72896.28,75735.7
2025-10-12,21,PT1H,MC-MagdalenaEcop,69223.02,78286.6
2025-10-12,3,PT1H,MC-MagdalenaEcop,74606.64,76565.1
2025-10-12,2,PT1H,MC-MagdalenaEcop,79021.84,76067.5
2025-10-12,1,PT1H,MC-MagdalenaEcop,85707.78,73745.4
2025-10-12,18,PT1H,MC-MagdalenaEcop,69057.86,70511.1
2025-10-12,19,PT1H,MC-MagdalenaEcop,71124.22,73559.5
2025-10-12,20,PT1H,MC-MagdalenaEcop,71436.48,73725.4
2025-10-12,22,PT1H,MC-MagdalenaEcop,80537.52,82287.3
2025-10-12,23,PT1H,MC-MagdalenaEcop,83675.2,77974.9
2025-10-12,24,PT1H,MC-MagdalenaEcop,84692.54,82370.2
2025-10-12,17,PT1H,MC-MagdalenaEcop,73792.48,70013.5
2025-10-12,4,PT1H,MC-MagdalenaEcop,63052.36,74408.9
2025-10-12,16,PT1H,MC-MagdalenaEcop,72917.58,69681.8
2025-10-13,8,PT1H,MC-MagdalenaEcop,80399.96,73436.1
2025-10-13,1,PT1H,MC-MagdalenaEcop,85857.48,84397.9
2025-10-13,24,PT1H,MC-MagdalenaEcop,69088.28,80805.4
2025-10-13,23,PT1H,MC-MagdalenaEcop,75054.82,79884.2
2025-10-13,22,PT1H,MC-MagdalenaEcop,74796.38,85319.1
2025-10-13,20,PT1H,MC-MagdalenaEcop,75408.34,88154.6
2025-10-13,19,PT1H,MC-MagdalenaEcop,77075.84,85667.5
2025-10-13,18,PT1H,MC-MagdalenaEcop,73137.24,84950.6
2025-10-13,17,PT1H,MC-MagdalenaEcop,70510.04,81450.2
2025-10-13,16,PT1H,MC-MagdalenaEcop,78047.44,79976.3
2025-10-13,15,PT1H,MC-MagdalenaEcop,83858.26,84397.9
2025-10-13,14,PT1H,MC-MagdalenaEcop,83994.24,84397.9
2025-10-13,21,PT1H,MC-MagdalenaEcop,75837.02,86588.7
2025-10-13,12,PT1H,MC-MagdalenaEcop,84041.88,83937.3
2025-10-13,11,PT1H,MC-MagdalenaEcop,82930.46,83568.9
2025-10-13,10,PT1H,MC-MagdalenaEcop,82006.46,82739.8
2025-10-13,9,PT1H,MC-MagdalenaEcop,82239.16,80529.0
2025-10-13,7,PT1H,MC-MagdalenaEcop,81396.02,79976.3
2025-10-13,6,PT1H,MC-MagdalenaEcop,83183.38,77765.6
2025-10-13,5,PT1H,MC-MagdalenaEcop,82820.54,78318.3
2025-10-13,4,PT1H,MC-MagdalenaEcop,86781.18,86792.9
2025-10-13,3,PT1H,MC-MagdalenaEcop,86495.68,91214.5
2025-10-13,2,PT1H,MC-MagdalenaEcop,86579.0,85042.7
2025-10-13,13,PT1H,MC-MagdalenaEcop,84627.26,83108.3
2025-10-14,9,PT1H,MC-MagdalenaEcop,48724.84,82697.6
2025-10-14,8,PT1H,MC-MagdalenaEcop,64326.54,85548.5
2025-10-14,7,PT1H,MC-MagdalenaEcop,64132.18,86057.6
2025-10-14,2,PT1H,MC-MagdalenaEcop,76746.4,89417.7
2025-10-14,5,PT1H,MC-MagdalenaEcop,75604.22,90639.5
2025-10-14,4,PT1H,MC-MagdalenaEcop,71480.82,89824.9
2025-10-14,3,PT1H,MC-MagdalenaEcop,76562.34,89519.5
2025-10-14,10,PT1H,MC-MagdalenaEcop,46954.46,79439.3
2025-10-14,6,PT1H,MC-MagdalenaEcop,71117.66,91657.7
2025-10-14,11,PT1H,MC-MagdalenaEcop,49017.34,78421.1
2025-10-14,16,PT1H,MC-MagdalenaEcop,63935.2,63250.0
2025-10-14,13,PT1H,MC-MagdalenaEcop,36154.6,82188.5
2025-10-14,14,PT1H,MC-MagdalenaEcop,33457.5,69155.6
2025-10-14,15,PT1H,MC-MagdalenaEcop,50533.38,64166.4
2025-10-14,17,PT1H,MC-MagdalenaEcop,84152.28,63555.5
2025-10-14,18,PT1H,MC-MagdalenaEcop,79772.1,81679.4
2025-10-14,19,PT1H,MC-MagdalenaEcop,81774.74,85223.1
2025-10-14,20,PT1H,MC-MagdalenaEcop,80095.34,87666.7
2025-10-14,21,PT1H,MC-MagdalenaEcop,77489.12,90008.6
2025-10-14,23,PT1H,MC-MagdalenaEcop,78909.72,90334.0
2025-10-14,12,PT1H,MC-MagdalenaEcop,39084.32,82392.1
2025-10-14,22,PT1H,MC-MagdalenaEcop,76372.92,90334.0
2025-10-14,1,PT1H,MC-MagdalenaEcop,76286.82,89315.8
2025-10-14,24,PT1H,MC-MagdalenaEcop,76928.98,89926.8
2025-10-15,23,PT1H,MC-MagdalenaEcop,75548.78,83449.1
2025-10-15,24,PT1H,MC-MagdalenaEcop,72108.64,83863.3
2025-10-15,1,PT1H,MC-MagdalenaEcop,78495.44,71933.0
2025-10-15,2,PT1H,MC-MagdalenaEcop,80054.86,71021.7
2025-10-15,3,PT1H,MC-MagdalenaEcop,74766.48,70856.0
2025-10-15,4,PT1H,MC-MagdalenaEcop,73851.98,70276.0
2025-10-15,5,PT1H,MC-MagdalenaEcop,72558.98,67873.4
2025-10-15,6,PT1H,MC-MagdalenaEcop,71129.06,63399.6
2025-10-15,7,PT1H,MC-MagdalenaEcop,67604.64,62074.0
2025-10-15,8,PT1H,MC-MagdalenaEcop,64275.76,63482.4
2025-10-15,9,PT1H,MC-MagdalenaEcop,53963.68,69861.8
2025-10-15,10,PT1H,MC-MagdalenaEcop,46349.08,79223.7
2025-10-15,11,PT1H,MC-MagdalenaEcop,35091.86,68536.2
2025-10-15,13,PT1H,MC-MagdalenaEcop,21979.02,66630.7
2025-10-15,14,PT1H,MC-MagdalenaEcop,23061.72,67542.0
2025-10-15,15,PT1H,MC-MagdalenaEcop,33084.0,66879.2
2025-10-15,16,PT1H,MC-MagdalenaEcop,45935.84,83117.7
2025-10-15,17,PT1H,MC-MagdalenaEcop,58088.16,83366.2
2025-10-15,18,PT1H,MC-MagdalenaEcop,60674.04,83283.4
2025-10-15,19,PT1H,MC-MagdalenaEcop,58715.56,83511.9
2025-10-15,20,PT1H,MC-MagdalenaEcop,59274.18,81854.9
2025-10-15,21,PT1H,MC-MagdalenaEcop,63508.66,81606.4
2025-10-15,22,PT1H,MC-MagdalenaEcop,69027.5,81212.1
2025-10-15,12,PT1H,MC-MagdalenaEcop,22902.82,63565.3
2025-10-16,1,PT1H,MC-MagdalenaEcop,73760.98,85569.8
2025-10-16,2,PT1H,MC-MagdalenaEcop,74602.44,83960.4
2025-10-16,5,PT1H,MC-MagdalenaEcop,75631.32,83367.5
2025-10-16,6,PT1H,MC-MagdalenaEcop,74924.18,85400.3
2025-10-16,4,PT1H,MC-MagdalenaEcop,76759.28,84383.9
2025-10-16,24,PT1H,MC-MagdalenaEcop,69656.42,61598.9
2025-10-16,23,PT1H,MC-MagdalenaEcop,70235.02,62191.8
2025-10-16,22,PT1H,MC-MagdalenaEcop,75250.8,60582.4
2025-10-16,21,PT1H,MC-MagdalenaEcop,78201.84,59122.5
2025-10-16,20,PT1H,MC-MagdalenaEcop,77385.78,57513.2
2025-10-16,19,PT1H,MC-MagdalenaEcop,78091.44,59884.8
2025-10-16,18,PT1H,MC-MagdalenaEcop,78654.52,61683.6
2025-10-16,17,PT1H,MC-MagdalenaEcop,69993.58,56008.5
2025-10-16,3,PT1H,MC-MagdalenaEcop,76275.84,84383.9
2025-10-16,15,PT1H,MC-MagdalenaEcop,51206.76,69222.1
2025-10-16,14,PT1H,MC-MagdalenaEcop,47729.48,75828.9
2025-10-16,13,PT1H,MC-MagdalenaEcop,42775.28,83113.4
2025-10-16,12,PT1H,MC-MagdalenaEcop,45234.46,82096.9
2025-10-16,11,PT1H,MC-MagdalenaEcop,55851.62,83028.7
2025-10-16,10,PT1H,MC-MagdalenaEcop,57553.94,83621.6
2025-10-16,9,PT1H,MC-MagdalenaEcop,70677.94,83113.4
2025-10-16,16,PT1H,MC-MagdalenaEcop,53102.8,56008.5
2025-10-16,8,PT1H,MC-MagdalenaEcop,73380.72,83198.1
2025-10-16,7,PT1H,MC-MagdalenaEcop,73707.86,83536.9
2025-10-17,13,PT1H,MC-MagdalenaEcop,37283.1,53573.4
2025-10-17,14,PT1H,MC-MagdalenaEcop,45012.94,51988.9
2025-10-17,15,PT1H,MC-MagdalenaEcop,46567.32,39947.4
2025-10-17,16,PT1H,MC-MagdalenaEcop,76897.4,71952.6
2025-10-17,19,PT1H,MC-MagdalenaEcop,74941.3,72355.1
2025-10-17,18,PT1H,MC-MagdalenaEcop,76114.38,73220.1
2025-10-17,12,PT1H,MC-MagdalenaEcop,42780.3,64664.3
2025-10-17,24,PT1H,MC-MagdalenaEcop,67804.76,72903.3
2025-10-17,23,PT1H,MC-MagdalenaEcop,70732.46,74170.8
2025-10-17,22,PT1H,MC-MagdalenaEcop,71289.82,75649.6
2025-10-17,17,PT1H,MC-MagdalenaEcop,76151.84,72797.6
2025-10-17,11,PT1H,MC-MagdalenaEcop,38769.28,81670.4
2025-10-17,6,PT1H,MC-MagdalenaEcop,64841.48,74593.3
2025-10-17,9,PT1H,MC-MagdalenaEcop,53088.38,82832.3
2025-10-17,8,PT1H,MC-MagdalenaEcop,65214.04,81459.1
2025-10-17,7,PT1H,MC-MagdalenaEcop,66833.86,72797.6
2025-10-17,5,PT1H,MC-MagdalenaEcop,65466.08,80508.5
2025-10-17,4,PT1H,MC-MagdalenaEcop,65050.42,91388.1
2025-10-17,3,PT1H,MC-MagdalenaEcop,67193.2,91810.7
2025-10-17,2,PT1H,MC-MagdalenaEcop,69669.72,82515.4
2025-10-17,21,PT1H,MC-MagdalenaEcop,70591.82,77108.4
2025-10-17,1,PT1H,MC-MagdalenaEcop,68654.26,75966.5
2025-10-17,10,PT1H,MC-MagdalenaEcop,41814.0,79029.7
2025-10-17,20,PT1H,MC-MagdalenaEcop,70376.02,73517.0
2025-10-18,23,PT1H,MC-MagdalenaEcop,40263.86,42883.1
2025-10-18,1,PT1H,MC-MagdalenaEcop,33131.75,30844.6
2025-10-18,2,PT1H,MC-MagdalenaEcop,34270.62,31829.2
2025-10-18,24,PT1H,MC-MagdalenaEcop,39957.44,41943.3
2025-10-18,8,PT1H,MC-MagdalenaEcop,29118.03,38497.3
2025-10-18,5,PT1H,MC-MagdalenaEcop,39089.09,36796.7
2025-10-18,4,PT1H,MC-MagdalenaEcop,36140.45,33932.5
2025-10-18,3,PT1H,MC-MagdalenaEcop,36033.93,32455.7
2025-10-18,6,PT1H,MC-MagdalenaEcop,40559.74,36617.7
2025-10-18,7,PT1H,MC-MagdalenaEcop,38618.51,36841.5
2025-10-18,9,PT1H,MC-MagdalenaEcop,27930.34,38542.1
2025-10-18,10,PT1H,MC-MagdalenaEcop,21911.07,38497.3
2025-10-18,11,PT1H,MC-MagdalenaEcop,25359.61,36796.7
2025-10-18,13,PT1H,MC-MagdalenaEcop,37556.02,37110.0
2025-10-18,12,PT1H,MC-MagdalenaEcop,32315.22,36483.4
2025-10-18,15,PT1H,MC-MagdalenaEcop,35526.61,35364.6
2025-10-18,16,PT1H,MC-MagdalenaEcop,35952.47,32858.5
2025-10-18,17,PT1H,MC-MagdalenaEcop,39416.47,33395.5
2025-10-18,18,PT1H,MC-MagdalenaEcop,38420.04,33619.3
2025-10-18,19,PT1H,MC-MagdalenaEcop,38028.6,35444.1
2025-10-18,20,PT1H,MC-MagdalenaEcop,41040.68,40232.7
2025-10-18,21,PT1H,MC-MagdalenaEcop,41275.94,42604.6
2025-10-18,22,PT1H,MC-MagdalenaEcop,40772.87,43375.4
2025-10-18,14,PT1H,MC-MagdalenaEcop,39651.49,37244.2
2025-10-19,6,PT1H,MC-MagdalenaEcop,39468.51,36649.0
2025-10-19,8,PT1H,MC-MagdalenaEcop,37817.82,35233.4
2025-10-19,7,PT1H,MC-MagdalenaEcop,37888.31,35566.5
2025-10-19,5,PT1H,MC-MagdalenaEcop,39620.76,35025.3
2025-10-19,22,PT1H,MC-MagdalenaEcop,42908.23,40646.0
2025-10-19,3,PT1H,MC-MagdalenaEcop,38453.61,36773.9
2025-10-19,2,PT1H,MC-MagdalenaEcop,38505.07,38564.3
2025-10-19,1,PT1H,MC-MagdalenaEcop,39719.13,38605.9
2025-10-19,9,PT1H,MC-MagdalenaEcop,37683.51,33817.8
2025-10-19,4,PT1H,MC-MagdalenaEcop,38245.47,34775.4
2025-10-19,10,PT1H,MC-MagdalenaEcop,37396.74,31777.7
2025-10-19,18,PT1H,MC-MagdalenaEcop,43747.62,41104.0
2025-10-19,12,PT1H,MC-MagdalenaEcop,37605.54,29154.7
2025-10-19,24,PT1H,MC-MagdalenaEcop,42418.61,42561.2
2025-10-19,23,PT1H,MC-MagdalenaEcop,42692.12,40146.4
2025-10-19,21,PT1H,MC-MagdalenaEcop,42144.9,41926.7
2025-10-19,11,PT1H,MC-MagdalenaEcop,37702.41,31902.6
2025-10-19,19,PT1H,MC-MagdalenaEcop,44672.46,42884.3
2025-10-19,20,PT1H,MC-MagdalenaEcop,44195.74,43050.9
2025-10-19,17,PT1H,MC-MagdalenaEcop,42291.74,38397.7
2025-10-19,16,PT1H,MC-MagdalenaEcop,42783.89,39022.2
2025-10-19,15,PT1H,MC-MagdalenaEcop,40465.4,38855.7
2025-10-19,14,PT1H,MC-MagdalenaEcop,40086.59,29654.3
2025-10-19,13,PT1H,MC-MagdalenaEcop,39122.13,28113.8
2025-10-20,24,PT1H,MC-MagdalenaEcop,91004.76,76122.9
2025-10-20,23,PT1H,MC-MagdalenaEcop,91507.04,74911.5
2025-10-20,22,PT1H,MC-MagdalenaEcop,80772.14,78189.3
2025-10-20,21,PT1H,MC-MagdalenaEcop,78860.06,78240.6
2025-10-20,20,PT1H,MC-MagdalenaEcop,88873.54,78739.4
2025-10-20,2,PT1H,MC-MagdalenaEcop,82631.88,60375.0
2025-10-20,19,PT1H,MC-MagdalenaEcop,88875.06,78169.3
2025-10-20,1,PT1H,MC-MagdalenaEcop,85969.4,67643.2
2025-10-20,17,PT1H,MC-MagdalenaEcop,81900.86,77761.8
2025-10-20,16,PT1H,MC-MagdalenaEcop,82568.68,71989.9
2025-10-20,15,PT1H,MC-MagdalenaEcop,89713.8,65933.1
2025-10-20,14,PT1H,MC-MagdalenaEcop,87442.86,65576.8
2025-10-20,13,PT1H,MC-MagdalenaEcop,79229.14,65291.7
2025-10-20,18,PT1H,MC-MagdalenaEcop,83879.0,77049.2
2025-10-20,11,PT1H,MC-MagdalenaEcop,81642.7,69638.4
2025-10-20,12,PT1H,MC-MagdalenaEcop,77839.04,69424.7
2025-10-20,9,PT1H,MC-MagdalenaEcop,84898.36,77619.3
2025-10-20,8,PT1H,MC-MagdalenaEcop,82373.82,79757.0
2025-10-20,7,PT1H,MC-MagdalenaEcop,75775.52,79685.7
2025-10-20,6,PT1H,MC-MagdalenaEcop,71498.56,74769.0
2025-10-20,5,PT1H,MC-MagdalenaEcop,65481.48,77761.8
2025-10-20,4,PT1H,MC-MagdalenaEcop,68845.18,76194.1
2025-10-20,3,PT1H,MC-MagdalenaEcop,81887.26,60232.5
2025-10-20,10,PT1H,MC-MagdalenaEcop,85416.04,73343.8
2025-10-21,1,PT1H,MC-MagdalenaEcop,91425.46,82451.8
2025-10-21,2,PT1H,MC-MagdalenaEcop,90143.22,82219.4
2025-10-21,3,PT1H,MC-MagdalenaEcop,85092.98,81754.5
2025-10-21,10,PT1H,MC-MagdalenaEcop,85279.52,53244.3
2025-10-21,4,PT1H,MC-MagdalenaEcop,83074.88,82529.3
2025-10-21,11,PT1H,MC-MagdalenaEcop,78404.28,54561.3
2025-10-21,12,PT1H,MC-MagdalenaEcop,76009.28,53244.3
2025-10-21,13,PT1H,MC-MagdalenaEcop,73258.46,60681.7
2025-10-21,14,PT1H,MC-MagdalenaEcop,75072.2,55491.0
2025-10-21,15,PT1H,MC-MagdalenaEcop,78329.68,61069.1
2025-10-21,16,PT1H,MC-MagdalenaEcop,78954.02,65252.7
2025-10-21,17,PT1H,MC-MagdalenaEcop,74251.16,74781.9
2025-10-21,18,PT1H,MC-MagdalenaEcop,73939.06,75169.3
2025-10-21,19,PT1H,MC-MagdalenaEcop,74240.64,82044.4
2025-10-21,20,PT1H,MC-MagdalenaEcop,80595.14,85453.3
2025-10-21,21,PT1H,MC-MagdalenaEcop,79440.36,86305.5
2025-10-21,22,PT1H,MC-MagdalenaEcop,80267.5,84931.0
2025-10-21,23,PT1H,MC-MagdalenaEcop,77644.44,83768.9
2025-10-21,24,PT1H,MC-MagdalenaEcop,76933.48,84001.3
2025-10-21,8,PT1H,MC-MagdalenaEcop,80191.66,68119.2
2025-10-21,7,PT1H,MC-MagdalenaEcop,86612.76,76951.2
2025-10-21,6,PT1H,MC-MagdalenaEcop,85893.28,82219.4
2025-10-21,9,PT1H,MC-MagdalenaEcop,85899.02,58667.4
2025-10-21,5,PT1H,MC-MagdalenaEcop,79602.5,79507.8
2025-10-22,2,PT1H,MC-MagdalenaEcop,77071.62,80155.4
2025-10-22,24,PT1H,MC-MagdalenaEcop,86109.0,81416.8
2025-10-22,1,PT1H,MC-MagdalenaEcop,77998.56,80600.6
2025-10-22,3,PT1H,MC-MagdalenaEcop,77291.92,80007.0
2025-10-22,5,PT1H,MC-MagdalenaEcop,78595.82,79710.2
2025-10-22,6,PT1H,MC-MagdalenaEcop,79695.4,78300.4
2025-10-22,7,PT1H,MC-MagdalenaEcop,76527.32,69099.7
2025-10-22,8,PT1H,MC-MagdalenaEcop,77482.24,67244.7
2025-10-22,9,PT1H,MC-MagdalenaEcop,79130.56,67764.1
2025-10-22,10,PT1H,MC-MagdalenaEcop,81891.26,68506.1
2025-10-22,11,PT1H,MC-MagdalenaEcop,82432.7,68431.9
2025-10-22,12,PT1H,MC-MagdalenaEcop,82914.16,69841.7
2025-10-22,13,PT1H,MC-MagdalenaEcop,84475.3,70138.4
2025-10-22,4,PT1H,MC-MagdalenaEcop,77881.58,81120.0
2025-10-22,14,PT1H,MC-MagdalenaEcop,85308.86,62050.7
2025-10-22,23,PT1H,MC-MagdalenaEcop,87385.38,83716.9
2025-10-22,21,PT1H,MC-MagdalenaEcop,86189.94,77241.6
2025-10-22,20,PT1H,MC-MagdalenaEcop,86430.2,73828.4
2025-10-22,19,PT1H,MC-MagdalenaEcop,88271.04,68931.3
2025-10-22,22,PT1H,MC-MagdalenaEcop,86223.94,82455.6
2025-10-22,17,PT1H,MC-MagdalenaEcop,87012.48,68951.3
2025-10-22,16,PT1H,MC-MagdalenaEcop,87545.28,64350.9
2025-10-22,15,PT1H,MC-MagdalenaEcop,87247.1,61234.5
2025-10-22,18,PT1H,MC-MagdalenaEcop,87997.74,69322.3
2025-10-23,21,PT1H,MC-MagdalenaEcop,86054.96,69560.9
2025-10-23,6,PT1H,MC-MagdalenaEcop,80766.56,82050.0
2025-10-23,20,PT1H,MC-MagdalenaEcop,91540.56,81794.8
2025-10-23,1,PT1H,MC-MagdalenaEcop,86070.64,86755.4
2025-10-23,2,PT1H,MC-MagdalenaEcop,84948.74,87853.3
2025-10-23,3,PT1H,MC-MagdalenaEcop,85113.06,87069.1
2025-10-23,4,PT1H,MC-MagdalenaEcop,84711.98,83069.5
2025-10-23,5,PT1H,MC-MagdalenaEcop,79737.9,83069.5
2025-10-23,7,PT1H,MC-MagdalenaEcop,79240.14,78756.3
2025-10-23,12,PT1H,MC-MagdalenaEcop,85650.78,54131.6
2025-10-23,9,PT1H,MC-MagdalenaEcop,83381.74,68012.4
2025-10-23,10,PT1H,MC-MagdalenaEcop,84241.74,69737.7
2025-10-23,11,PT1H,MC-MagdalenaEcop,86647.38,63385.5
2025-10-23,17,PT1H,MC-MagdalenaEcop,84877.2,85735.9
2025-10-23,13,PT1H,MC-MagdalenaEcop,85753.24,51935.8
2025-10-23,14,PT1H,MC-MagdalenaEcop,85619.78,47308.8
2025-10-23,15,PT1H,MC-MagdalenaEcop,83798.36,60013.3
2025-10-23,16,PT1H,MC-MagdalenaEcop,85260.48,77815.2
2025-10-23,22,PT1H,MC-MagdalenaEcop,80761.42,61503.3
2025-10-23,8,PT1H,MC-MagdalenaEcop,80825.24,76874.2
2025-10-23,23,PT1H,MC-MagdalenaEcop,83082.62,60954.4
2025-10-23,19,PT1H,MC-MagdalenaEcop,90540.88,83990.6
2025-10-23,18,PT1H,MC-MagdalenaEcop,88991.06,85657.5
2025-10-23,24,PT1H,MC-MagdalenaEcop,80522.52,67385.0
2025-10-24,23,PT1H,MC-MagdalenaEcop,79046.62,90863.2
2025-10-24,4,PT1H,MC-MagdalenaEcop,84398.64,67576.9
2025-10-24,5,PT1H,MC-MagdalenaEcop,82181.66,70321.7
2025-10-24,6,PT1H,MC-MagdalenaEcop,79730.86,71826.9
2025-10-24,7,PT1H,MC-MagdalenaEcop,80850.64,70941.5
2025-10-24,8,PT1H,MC-MagdalenaEcop,82183.62,74483.1
2025-10-24,9,PT1H,MC-MagdalenaEcop,79666.68,69436.3
2025-10-24,10,PT1H,MC-MagdalenaEcop,79310.92,65009.2
2025-10-24,11,PT1H,MC-MagdalenaEcop,80683.76,57217.6
2025-10-24,13,PT1H,MC-MagdalenaEcop,78961.42,49603.0
2025-10-24,15,PT1H,MC-MagdalenaEcop,80957.54,42165.6
2025-10-24,16,PT1H,MC-MagdalenaEcop,82626.46,87764.3
2025-10-24,17,PT1H,MC-MagdalenaEcop,80642.86,82009.1
2025-10-24,18,PT1H,MC-MagdalenaEcop,80036.76,84045.5
2025-10-24,19,PT1H,MC-MagdalenaEcop,79562.94,87124.5
2025-10-24,20,PT1H,MC-MagdalenaEcop,73738.92,91728.6
2025-10-24,21,PT1H,MC-MagdalenaEcop,72361.32,94916.1
2025-10-24,22,PT1H,MC-MagdalenaEcop,75838.6,94581.9
2025-10-24,12,PT1H,MC-MagdalenaEcop,82088.26,56243.6
2025-10-24,14,PT1H,MC-MagdalenaEcop,81043.68,36056.2
2025-10-24,3,PT1H,MC-MagdalenaEcop,83340.26,69347.7
2025-10-24,1,PT1H,MC-MagdalenaEcop,83375.96,67931.1
2025-10-24,2,PT1H,MC-MagdalenaEcop,83390.72,77493.5
2025-10-24,24,PT1H,MC-MagdalenaEcop,78710.34,95733.0
2025-10-25,24,PT1H,MC-MagdalenaEcop,39990.98,39986.3
2025-10-25,23,PT1H,MC-MagdalenaEcop,37817.6,40787.4
2025-10-25,22,PT1H,MC-MagdalenaEcop,37913.0,40482.2
2025-10-25,21,PT1H,MC-MagdalenaEcop,38880.6,41197.0
2025-10-25,20,PT1H,MC-MagdalenaEcop,42499.13,37992.8
2025-10-25,19,PT1H,MC-MagdalenaEcop,42347.48,37268.0
2025-10-25,18,PT1H,MC-MagdalenaEcop,42400.37,36477.0
2025-10-25,17,PT1H,MC-MagdalenaEcop,40650.47,35752.2
2025-10-25,16,PT1H,MC-MagdalenaEcop,36712.64,36972.9
2025-10-25,15,PT1H,MC-MagdalenaEcop,38470.24,35828.5
2025-10-25,14,PT1H,MC-MagdalenaEcop,39077.1,36324.4
2025-10-25,12,PT1H,MC-MagdalenaEcop,41013.26,21333.3
2025-10-25,11,PT1H,MC-MagdalenaEcop,37513.81,24308.6
2025-10-25,10,PT1H,MC-MagdalenaEcop,38057.61,24194.2
2025-10-25,9,PT1H,MC-MagdalenaEcop,38686.73,32433.6
2025-10-25,8,PT1H,MC-MagdalenaEcop,39253.44,39223.4
2025-10-25,7,PT1H,MC-MagdalenaEcop,41326.3,39795.6
2025-10-25,6,PT1H,MC-MagdalenaEcop,43338.14,39604.9
2025-10-25,5,PT1H,MC-MagdalenaEcop,42287.61,40062.6
2025-10-25,4,PT1H,MC-MagdalenaEcop,44143.63,40825.5
2025-10-25,3,PT1H,MC-MagdalenaEcop,42552.28,41435.9
2025-10-25,13,PT1H,MC-MagdalenaEcop,40526.14,32281.0
2025-10-25,2,PT1H,MC-MagdalenaEcop,44173.84,41283.3
2025-10-25,1,PT1H,MC-MagdalenaEcop,40238.24,41359.6
2025-10-26,23,PT1H,MC-MagdalenaEcop,38203.15,41144.7
2025-10-26,19,PT1H,MC-MagdalenaEcop,40538.53,35109.4
2025-10-26,18,PT1H,MC-MagdalenaEcop,37684.67,33999.3
2025-10-26,17,PT1H,MC-MagdalenaEcop,37110.25,36200.8
2025-10-26,16,PT1H,MC-MagdalenaEcop,36962.81,35776.0
2025-10-26,15,PT1H,MC-MagdalenaEcop,36893.56,35891.8
2025-10-26,14,PT1H,MC-MagdalenaEcop,37603.54,37166.4
2025-10-26,13,PT1H,MC-MagdalenaEcop,38250.2,35351.1
2025-10-26,11,PT1H,MC-MagdalenaEcop,38596.37,35389.7
2025-10-26,20,PT1H,MC-MagdalenaEcop,40766.43,35302.5
2025-10-26,24,PT1H,MC-MagdalenaEcop,38820.16,41569.6
2025-10-26,8,PT1H,MC-MagdalenaEcop,35972.59,36316.7
2025-10-26,7,PT1H,MC-MagdalenaEcop,34814.25,38016.2
2025-10-26,6,PT1H,MC-MagdalenaEcop,38970.58,38556.9
2025-10-26,5,PT1H,MC-MagdalenaEcop,38824.88,35544.2
2025-10-26,4,PT1H,MC-MagdalenaEcop,38706.63,30600.3
2025-10-26,3,PT1H,MC-MagdalenaEcop,39358.1,36316.7
2025-10-26,2,PT1H,MC-MagdalenaEcop,38786.4,38441.0
2025-10-26,1,PT1H,MC-MagdalenaEcop,39362.44,41878.6
2025-10-26,9,PT1H,MC-MagdalenaEcop,37630.13,34424.1
2025-10-26,21,PT1H,MC-MagdalenaEcop,40544.02,34221.0
2025-10-26,10,PT1H,MC-MagdalenaEcop,38045.09,33728.9
2025-10-26,12,PT1H,MC-MagdalenaEcop,39601.7,36548.4
2025-10-26,22,PT1H,MC-MagdalenaEcop,38066.94,39715.6
2025-10-27,4,PT1H,MC-MagdalenaEcop,83996.2,76491.5
2025-10-27,5,PT1H,MC-MagdalenaEcop,84727.26,72952.5
2025-10-27,6,PT1H,MC-MagdalenaEcop,82571.04,73368.8
2025-10-27,7,PT1H,MC-MagdalenaEcop,79465.1,71772.8
2025-10-27,8,PT1H,MC-MagdalenaEcop,82939.44,70870.7
2025-10-27,9,PT1H,MC-MagdalenaEcop,85611.4,72605.5
2025-10-27,10,PT1H,MC-MagdalenaEcop,91125.46,72536.1
2025-10-27,11,PT1H,MC-MagdalenaEcop,93940.74,73368.8
2025-10-27,12,PT1H,MC-MagdalenaEcop,94374.16,74340.4
2025-10-27,3,PT1H,MC-MagdalenaEcop,83873.58,76283.4
2025-10-27,13,PT1H,MC-MagdalenaEcop,91384.58,74687.3
2025-10-27,15,PT1H,MC-MagdalenaEcop,88959.9,73924.0
2025-10-27,16,PT1H,MC-MagdalenaEcop,88898.5,68788.9
2025-10-27,17,PT1H,MC-MagdalenaEcop,84783.5,62265.9
2025-10-27,18,PT1H,MC-MagdalenaEcop,89458.38,64764.1
2025-10-27,19,PT1H,MC-MagdalenaEcop,91076.38,68005.6
2025-10-27,20,PT1H,MC-MagdalenaEcop,92652.34,66756.5
2025-10-27,21,PT1H,MC-MagdalenaEcop,91842.46,67034.0
2025-10-27,22,PT1H,MC-MagdalenaEcop,88377.28,66013.1
2025-10-27,23,PT1H,MC-MagdalenaEcop,85004.3,66221.3
2025-10-27,24,PT1H,MC-MagdalenaEcop,84708.64,60947.4
2025-10-27,14,PT1H,MC-MagdalenaEcop,89600.2,74271.0
2025-10-27,2,PT1H,MC-MagdalenaEcop,80049.34,76422.2
2025-10-27,1,PT1H,MC-MagdalenaEcop,79370.58,75728.2
2025-10-28,24,PT1H,MC-MagdalenaEcop,87410.4,82421.2
2025-10-28,22,PT1H,MC-MagdalenaEcop,90967.54,82252.2
2025-10-28,23,PT1H,MC-MagdalenaEcop,90208.32,84787.6
2025-10-28,19,PT1H,MC-MagdalenaEcop,94615.52,87979.1
2025-10-28,18,PT1H,MC-MagdalenaEcop,92569.34,85717.2
2025-10-28,17,PT1H,MC-MagdalenaEcop,89016.3,90619.1
2025-10-28,16,PT1H,MC-MagdalenaEcop,88082.72,69152.5
2025-10-28,15,PT1H,MC-MagdalenaEcop,87169.22,54785.1
2025-10-28,14,PT1H,MC-MagdalenaEcop,87608.22,35600.4
2025-10-28,13,PT1H,MC-MagdalenaEcop,84289.24,39065.5
2025-10-28,12,PT1H,MC-MagdalenaEcop,82217.02,41939.0
2025-10-28,11,PT1H,MC-MagdalenaEcop,85771.04,53010.3
2025-10-28,10,PT1H,MC-MagdalenaEcop,84169.16,50390.4
2025-10-28,9,PT1H,MC-MagdalenaEcop,78364.3,52756.8
2025-10-28,8,PT1H,MC-MagdalenaEcop,84842.44,69321.5
2025-10-28,7,PT1H,MC-MagdalenaEcop,86108.6,69237.0
2025-10-28,6,PT1H,MC-MagdalenaEcop,87744.48,76589.7
2025-10-28,5,PT1H,MC-MagdalenaEcop,88527.92,81407.0
2025-10-28,4,PT1H,MC-MagdalenaEcop,88620.08,76927.8
2025-10-28,3,PT1H,MC-MagdalenaEcop,89717.28,82252.2
2025-10-28,2,PT1H,MC-MagdalenaEcop,90412.36,82674.7
2025-10-28,1,PT1H,MC-MagdalenaEcop,90549.84,82083.1
2025-10-28,20,PT1H,MC-MagdalenaEcop,94501.92,86119.8
2025-10-28,21,PT1H,MC-MagdalenaEcop,92091.44,83330.8
2025-10-29,24,PT1H,MC-MagdalenaEcop,68044.66,88537.5
2025-10-29,23,PT1H,MC-MagdalenaEcop,63880.0,93079.3
2025-10-29,21,PT1H,MC-MagdalenaEcop,68146.06,78080.9
2025-10-29,20,PT1H,MC-MagdalenaEcop,67664.48,72959.3
2025-10-29,19,PT1H,MC-MagdalenaEcop,67812.08,71993.0
2025-10-29,18,PT1H,MC-MagdalenaEcop,67356.56,74815.4
2025-10-29,17,PT1H,MC-MagdalenaEcop,67422.6,71626.4
2025-10-29,16,PT1H,MC-MagdalenaEcop,68731.26,56744.6
2025-10-29,15,PT1H,MC-MagdalenaEcop,69315.44,40606.6
2025-10-29,14,PT1H,MC-MagdalenaEcop,67716.54,28430.6
2025-10-29,13,PT1H,MC-MagdalenaEcop,66598.22,27271.0
2025-10-29,22,PT1H,MC-MagdalenaEcop,69343.08,84865.4
2025-10-29,12,PT1H,MC-MagdalenaEcop,62283.22,29010.5
2025-10-29,10,PT1H,MC-MagdalenaEcop,68508.62,57227.8
2025-10-29,9,PT1H,MC-MagdalenaEcop,74645.44,66021.6
2025-10-29,8,PT1H,MC-MagdalenaEcop,77918.14,79550.5
2025-10-29,7,PT1H,MC-MagdalenaEcop,77977.12,83319.2
2025-10-29,6,PT1H,MC-MagdalenaEcop,77884.08,87377.9
2025-10-29,5,PT1H,MC-MagdalenaEcop,75704.36,88924.0
2025-10-29,4,PT1H,MC-MagdalenaEcop,78361.48,90566.8
2025-10-29,3,PT1H,MC-MagdalenaEcop,75659.06,91533.2
2025-10-29,2,PT1H,MC-MagdalenaEcop,71825.86,98297.6
2025-10-29,11,PT1H,MC-MagdalenaEcop,65596.1,43022.5
2025-10-29,1,PT1H,MC-MagdalenaEcop,73986.66,96558.2
2025-10-30,23,PT1H,MC-MagdalenaEcop,68668.0,73344.3
2025-10-30,2,PT1H,MC-MagdalenaEcop,68868.42,78381.2
2025-10-30,21,PT1H,MC-MagdalenaEcop,70462.94,81911.8
2025-10-30,20,PT1H,MC-MagdalenaEcop,67955.48,80920.9
2025-10-30,19,PT1H,MC-MagdalenaEcop,66472.66,81746.6
2025-10-30,18,PT1H,MC-MagdalenaEcop,64817.46,82509.8
2025-10-30,17,PT1H,MC-MagdalenaEcop,66079.62,73592.0
2025-10-30,16,PT1H,MC-MagdalenaEcop,69652.48,55673.8
2025-10-30,15,PT1H,MC-MagdalenaEcop,71201.92,53444.3
2025-10-30,14,PT1H,MC-MagdalenaEcop,72166.8,49893.7
2025-10-30,13,PT1H,MC-MagdalenaEcop,72356.58,44691.7
2025-10-30,12,PT1H,MC-MagdalenaEcop,69259.48,47416.5
2025-10-30,11,PT1H,MC-MagdalenaEcop,68780.2,58481.2
2025-10-30,10,PT1H,MC-MagdalenaEcop,68126.14,60545.5
2025-10-30,9,PT1H,MC-MagdalenaEcop,67221.12,74500.3
2025-10-30,8,PT1H,MC-MagdalenaEcop,68520.06,77390.3
2025-10-30,7,PT1H,MC-MagdalenaEcop,69090.2,77638.0
2025-10-30,6,PT1H,MC-MagdalenaEcop,68606.76,79041.8
2025-10-30,5,PT1H,MC-MagdalenaEcop,66234.5,79372.0
2025-10-30,4,PT1H,MC-MagdalenaEcop,67936.72,80610.6
2025-10-30,3,PT1H,MC-MagdalenaEcop,70172.56,80197.8
2025-10-30,1,PT1H,MC-MagdalenaEcop,69067.36,77472.9
2025-10-30,24,PT1H,MC-MagdalenaEcop,67933.46,72931.4
2025-10-30,22,PT1H,MC-MagdalenaEcop,70565.42,78711.5
2025-10-31,1,PT1H,MC-MagdalenaEcop,65022.78,78378.0
2025-10-31,3,PT1H,MC-MagdalenaEcop,51773.68,76582.8
2025-10-31,4,PT1H,MC-MagdalenaEcop,51243.56,74249.1
2025-10-31,5,PT1H,MC-MagdalenaEcop,50389.82,74697.9
2025-10-31,6,PT1H,MC-MagdalenaEcop,51379.18,74069.6
2025-10-31,7,PT1H,MC-MagdalenaEcop,56285.22,76403.3
2025-10-31,8,PT1H,MC-MagdalenaEcop,59147.16,74338.9
2025-10-31,9,PT1H,MC-MagdalenaEcop,58908.5,60516.3
2025-10-31,10,PT1H,MC-MagdalenaEcop,58222.02,47591.3
2025-10-31,11,PT1H,MC-MagdalenaEcop,54322.2,44001.0
2025-10-31,12,PT1H,MC-MagdalenaEcop,50863.64,48488.8
2025-10-31,13,PT1H,MC-MagdalenaEcop,51033.8,42026.3
2025-10-31,2,PT1H,MC-MagdalenaEcop,54413.12,79275.5
2025-10-31,15,PT1H,MC-MagdalenaEcop,50946.56,52797.2
2025-10-31,16,PT1H,MC-MagdalenaEcop,54795.18,87982.0
2025-10-31,17,PT1H,MC-MagdalenaEcop,54477.78,86635.6
2025-10-31,18,PT1H,MC-MagdalenaEcop,54351.0,86635.6
2025-10-31,19,PT1H,MC-MagdalenaEcop,53315.8,85269.3
2025-10-31,20,PT1H,MC-MagdalenaEcop,52493.34,80153.1
2025-10-31,21,PT1H,MC-MagdalenaEcop,50043.62,80422.4
2025-10-31,22,PT1H,MC-MagdalenaEcop,50599.14,81160.4
2025-10-31,23,PT1H,MC-MagdalenaEcop,50174.7,80711.7
2025-10-31,24,PT1H,MC-MagdalenaEcop,50176.7,77300.9
2025-10-31,14,PT1H,MC-MagdalenaEcop,49736.96,50732.8
2025-11-01,14,PT1H,MC-MagdalenaEcop,27916.74,39147.6
2025-11-01,15,PT1H,MC-MagdalenaEcop,26446.61,35109.6
2025-11-01,16,PT1H,MC-MagdalenaEcop,25451.43,35420.2
2025-11-01,17,PT1H,MC-MagdalenaEcop,22942.75,38875.8
2025-11-01,22,PT1H,MC-MagdalenaEcop,23882.44,40157.1
2025-11-01,19,PT1H,MC-MagdalenaEcop,27170.77,37545.7
2025-11-01,20,PT1H,MC-MagdalenaEcop,26574.56,40535.4
2025-11-01,21,PT1H,MC-MagdalenaEcop,26112.05,40651.8
2025-11-01,13,PT1H,MC-MagdalenaEcop,24325.93,37167.4
2025-11-01,18,PT1H,MC-MagdalenaEcop,24908.1,37788.6
2025-11-01,12,PT1H,MC-MagdalenaEcop,20307.07,31886.9
2025-11-01,6,PT1H,MC-MagdalenaEcop,23887.84,39963.0
2025-11-01,10,PT1H,MC-MagdalenaEcop,18914.96,21326.0
2025-11-01,9,PT1H,MC-MagdalenaEcop,18679.3,27616.0
2025-11-01,8,PT1H,MC-MagdalenaEcop,21156.3,28547.8
2025-11-01,7,PT1H,MC-MagdalenaEcop,23981.52,38099.3
2025-11-01,5,PT1H,MC-MagdalenaEcop,25154.94,38565.2
2025-11-01,4,PT1H,MC-MagdalenaEcop,25209.36,35536.7
2025-11-01,3,PT1H,MC-MagdalenaEcop,26100.19,35497.8
2025-11-01,2,PT1H,MC-MagdalenaEcop,25379.49,33750.6
2025-11-01,23,PT1H,MC-MagdalenaEcop,23606.7,39768.8
2025-11-01,1,PT1H,MC-MagdalenaEcop,24935.42,32663.5
2025-11-01,11,PT1H,MC-MagdalenaEcop,20386.91,25247.5
2025-11-01,24,PT1H,MC-MagdalenaEcop,22504.68,39341.7
2025-11-02,1,PT1H,MC-MagdalenaEcop,21497.42,34913.0
2025-11-02,2,PT1H,MC-MagdalenaEcop,21126.79,33839.6
2025-11-02,4,PT1H,MC-MagdalenaEcop,26295.38,33528.0
2025-11-02,3,PT1H,MC-MagdalenaEcop,24273.41,33805.0
2025-11-02,24,PT1H,MC-MagdalenaEcop,25316.59,37267.6
2025-11-02,23,PT1H,MC-MagdalenaEcop,25074.64,37510.0
2025-11-02,22,PT1H,MC-MagdalenaEcop,25049.34,37717.8
2025-11-02,21,PT1H,MC-MagdalenaEcop,24247.53,37153.7
2025-11-02,19,PT1H,MC-MagdalenaEcop,26586.12,39265.9
2025-11-02,18,PT1H,MC-MagdalenaEcop,24659.56,38479.5
2025-11-02,17,PT1H,MC-MagdalenaEcop,22674.94,37233.0
2025-11-02,16,PT1H,MC-MagdalenaEcop,21687.99,37613.9
2025-11-02,15,PT1H,MC-MagdalenaEcop,24085.78,35536.3
2025-11-02,20,PT1H,MC-MagdalenaEcop,24943.74,38850.4
2025-11-02,13,PT1H,MC-MagdalenaEcop,22414.59,34428.3
2025-11-02,12,PT1H,MC-MagdalenaEcop,22686.0,33043.2
2025-11-02,11,PT1H,MC-MagdalenaEcop,22678.55,33112.5
2025-11-02,10,PT1H,MC-MagdalenaEcop,26094.27,32766.2
2025-11-02,9,PT1H,MC-MagdalenaEcop,27393.11,33043.2
2025-11-02,8,PT1H,MC-MagdalenaEcop,26908.96,33147.1
2025-11-02,7,PT1H,MC-MagdalenaEcop,25818.4,33181.7
2025-11-02,6,PT1H,MC-MagdalenaEcop,26874.66,34670.7
2025-11-02,14,PT1H,MC-MagdalenaEcop,26262.91,35190.1
2025-11-02,5,PT1H,MC-MagdalenaEcop,26791.22,34913.0
2025-11-03,14,PT1H,MC-MagdalenaEcop,24273.84,40271.1
2025-11-03,15,PT1H,MC-MagdalenaEcop,23355.4,41323.0
2025-11-03,16,PT1H,MC-MagdalenaEcop,22519.56,38094.9
2025-11-03,17,PT1H,MC-MagdalenaEcop,21931.77,37804.7
2025-11-03,18,PT1H,MC-MagdalenaEcop,22723.59,38747.7
2025-11-03,22,PT1H,MC-MagdalenaEcop,32930.92,37260.6
2025-11-03,20,PT1H,MC-MagdalenaEcop,31206.42,40950.3
2025-11-03,21,PT1H,MC-MagdalenaEcop,31641.1,36380.1
2025-11-03,23,PT1H,MC-MagdalenaEcop,32283.13,42157.2
2025-11-03,13,PT1H,MC-MagdalenaEcop,24186.33,36498.9
2025-11-03,19,PT1H,MC-MagdalenaEcop,27609.83,40950.3
2025-11-03,12,PT1H,MC-MagdalenaEcop,24485.66,35809.8
2025-11-03,24,PT1H,MC-MagdalenaEcop,31865.6,41939.6
2025-11-03,10,PT1H,MC-MagdalenaEcop,25632.56,39291.8
2025-11-03,9,PT1H,MC-MagdalenaEcop,25700.14,39074.2
2025-11-03,8,PT1H,MC-MagdalenaEcop,26511.86,37913.5
2025-11-03,7,PT1H,MC-MagdalenaEcop,29397.34,34866.7
2025-11-03,6,PT1H,MC-MagdalenaEcop,28773.56,32980.6
2025-11-03,5,PT1H,MC-MagdalenaEcop,26831.42,30151.4
2025-11-03,4,PT1H,MC-MagdalenaEcop,23474.36,31638.6
2025-11-03,3,PT1H,MC-MagdalenaEcop,25727.51,37732.1
2025-11-03,2,PT1H,MC-MagdalenaEcop,25152.45,38131.1
2025-11-03,1,PT1H,MC-MagdalenaEcop,25280.62,39618.3
2025-11-03,11,PT1H,MC-MagdalenaEcop,23863.74,37623.3
2025-11-04,2,PT1H,MC-MagdalenaEcop,33402.17,42378.3
2025-11-04,1,PT1H,MC-MagdalenaEcop,32360.7,42969.8
2025-11-04,16,PT1H,MC-MagdalenaEcop,20211.95,37091.5
2025-11-04,3,PT1H,MC-MagdalenaEcop,32493.58,40123.1
2025-11-04,24,PT1H,MC-MagdalenaEcop,23457.46,36204.2
2025-11-04,23,PT1H,MC-MagdalenaEcop,22189.62,36389.1
2025-11-04,22,PT1H,MC-MagdalenaEcop,22161.79,37720.0
2025-11-04,21,PT1H,MC-MagdalenaEcop,22074.94,37377.3
2025-11-04,20,PT1H,MC-MagdalenaEcop,20930.32,37857.9
2025-11-04,18,PT1H,MC-MagdalenaEcop,20525.0,34725.4
2025-11-04,17,PT1H,MC-MagdalenaEcop,20098.48,34910.3
2025-11-04,15,PT1H,MC-MagdalenaEcop,20861.35,36869.7
2025-11-04,14,PT1H,MC-MagdalenaEcop,21122.54,35206.0
2025-11-04,19,PT1H,MC-MagdalenaEcop,20469.59,34974.2
2025-11-04,12,PT1H,MC-MagdalenaEcop,20745.47,35649.7
2025-11-04,13,PT1H,MC-MagdalenaEcop,20852.29,34392.7
2025-11-04,5,PT1H,MC-MagdalenaEcop,38039.18,37498.2
2025-11-04,6,PT1H,MC-MagdalenaEcop,31596.93,40418.9
2025-11-04,7,PT1H,MC-MagdalenaEcop,31520.45,40308.0
2025-11-04,8,PT1H,MC-MagdalenaEcop,30894.16,37683.1
2025-11-04,4,PT1H,MC-MagdalenaEcop,36974.95,39087.9
2025-11-04,9,PT1H,MC-MagdalenaEcop,30752.53,40455.8
2025-11-04,10,PT1H,MC-MagdalenaEcop,21451.22,40086.1
2025-11-04,11,PT1H,MC-MagdalenaEcop,20993.32,36832.7
2025-11-05,24,PT1H,MC-MagdalenaEcop,33773.58,39237.6
2025-11-05,23,PT1H,MC-MagdalenaEcop,34316.71,39846.6
2025-11-05,22,PT1H,MC-MagdalenaEcop,35142.52,39273.4
2025-11-05,21,PT1H,MC-MagdalenaEcop,33790.09,39299.3
2025-11-05,20,PT1H,MC-MagdalenaEcop,34555.4,39406.7
2025-11-05,19,PT1H,MC-MagdalenaEcop,34810.62,40194.9
2025-11-05,18,PT1H,MC-MagdalenaEcop,33969.85,40133.2
2025-11-05,17,PT1H,MC-MagdalenaEcop,34394.5,39703.3
2025-11-05,16,PT1H,MC-MagdalenaEcop,32468.47,39918.3
2025-11-05,15,PT1H,MC-MagdalenaEcop,32964.2,39846.6
2025-11-05,14,PT1H,MC-MagdalenaEcop,35650.15,38915.2
2025-11-05,13,PT1H,MC-MagdalenaEcop,33905.79,38485.3
2025-11-05,8,PT1H,MC-MagdalenaEcop,32675.9,35404.4
2025-11-05,11,PT1H,MC-MagdalenaEcop,34023.93,37625.5
2025-11-05,10,PT1H,MC-MagdalenaEcop,34058.99,37338.9
2025-11-05,9,PT1H,MC-MagdalenaEcop,33037.22,36120.9
2025-11-05,7,PT1H,MC-MagdalenaEcop,32789.74,34938.7
2025-11-05,6,PT1H,MC-MagdalenaEcop,31577.8,36371.7
2025-11-05,5,PT1H,MC-MagdalenaEcop,30649.45,35870.1
2025-11-05,1,PT1H,MC-MagdalenaEcop,22561.31,35583.5
2025-11-05,2,PT1H,MC-MagdalenaEcop,22871.33,35082.0
2025-11-05,4,PT1H,MC-MagdalenaEcop,30328.47,35511.9
2025-11-05,3,PT1H,MC-MagdalenaEcop,27820.53,35261.1
2025-11-05,12,PT1H,MC-MagdalenaEcop,34298.85,37840.5
2025-11-06,14,PT1H,MC-MagdalenaEcop,38655.87,38277.5
2025-11-06,15,PT1H,MC-MagdalenaEcop,38061.61,37504.4
2025-11-06,16,PT1H,MC-MagdalenaEcop,38096.09,38242.4
2025-11-06,17,PT1H,MC-MagdalenaEcop,38286.22,37785.6
2025-11-06,18,PT1H,MC-MagdalenaEcop,36746.94,39823.7
2025-11-06,24,PT1H,MC-MagdalenaEcop,36561.97,36028.6
2025-11-06,20,PT1H,MC-MagdalenaEcop,36526.27,40938.2
2025-11-06,21,PT1H,MC-MagdalenaEcop,36247.94,38513.5
2025-11-06,22,PT1H,MC-MagdalenaEcop,36833.8,36169.1
2025-11-06,23,PT1H,MC-MagdalenaEcop,36850.58,37258.5
2025-11-06,13,PT1H,MC-MagdalenaEcop,38977.76,38277.5
2025-11-06,19,PT1H,MC-MagdalenaEcop,36311.86,40551.6
2025-11-06,12,PT1H,MC-MagdalenaEcop,38782.41,38347.8
2025-11-06,10,PT1H,MC-MagdalenaEcop,40888.88,37680.1
2025-11-06,9,PT1H,MC-MagdalenaEcop,41043.94,37328.7
2025-11-06,8,PT1H,MC-MagdalenaEcop,41381.87,36169.1
2025-11-06,7,PT1H,MC-MagdalenaEcop,37505.61,35431.2
2025-11-06,6,PT1H,MC-MagdalenaEcop,37036.08,36134.0
2025-11-06,5,PT1H,MC-MagdalenaEcop,35159.16,35642.0
2025-11-06,4,PT1H,MC-MagdalenaEcop,33529.2,37855.8
2025-11-06,3,PT1H,MC-MagdalenaEcop,33731.75,38031.5
2025-11-06,2,PT1H,MC-MagdalenaEcop,34128.21,38031.5
2025-11-06,1,PT1H,MC-MagdalenaEcop,33994.18,38418.1
2025-11-06,11,PT1H,MC-MagdalenaEcop,40624.24,38769.5
2025-11-07,23,PT1H,MC-MagdalenaEcop,31595.48,37202.4
2025-11-07,6,PT1H,MC-MagdalenaEcop,40981.45,37572.1
2025-11-07,5,PT1H,MC-MagdalenaEcop,38461.6,38718.2
2025-11-07,4,PT1H,MC-MagdalenaEcop,37856.99,39679.5
2025-11-07,21,PT1H,MC-MagdalenaEcop,33104.13,34123.9
2025-11-07,2,PT1H,MC-MagdalenaEcop,37850.52,39272.8
2025-11-07,1,PT1H,MC-MagdalenaEcop,36421.35,39272.8
2025-11-07,7,PT1H,MC-MagdalenaEcop,41970.83,38126.7
2025-11-07,3,PT1H,MC-MagdalenaEcop,37522.5,39198.8
2025-11-07,8,PT1H,MC-MagdalenaEcop,42628.55,38718.2
2025-11-07,13,PT1H,MC-MagdalenaEcop,36769.62,37202.4
2025-11-07,10,PT1H,MC-MagdalenaEcop,43354.71,37424.3
2025-11-07,11,PT1H,MC-MagdalenaEcop,41888.13,38126.7
2025-11-07,12,PT1H,MC-MagdalenaEcop,39601.23,38718.2
2025-11-07,19,PT1H,MC-MagdalenaEcop,33944.32,37451.2
2025-11-07,14,PT1H,MC-MagdalenaEcop,36655.58,38200.6
2025-11-07,15,PT1H,MC-MagdalenaEcop,36120.68,38274.6
2025-11-07,16,PT1H,MC-MagdalenaEcop,35791.73,39051.0
2025-11-07,17,PT1H,MC-MagdalenaEcop,34984.21,38089.7
2025-11-07,18,PT1H,MC-MagdalenaEcop,33696.1,37757.0
2025-11-07,9,PT1H,MC-MagdalenaEcop,43604.11,37535.2
2025-11-07,24,PT1H,MC-MagdalenaEcop,31666.99,37091.5
2025-11-07,20,PT1H,MC-MagdalenaEcop,33747.36,34715.4
2025-11-07,22,PT1H,MC-MagdalenaEcop,32370.58,35686.6
2025-11-08,2,PT1H,MC-MagdalenaEcop,31744.04,41267.3
2025-11-08,21,PT1H,MC-MagdalenaEcop,35284.55,36265.3
2025-11-08,20,PT1H,MC-MagdalenaEcop,36334.78,39715.7
2025-11-08,19,PT1H,MC-MagdalenaEcop,37107.38,39568.8
2025-11-08,18,PT1H,MC-MagdalenaEcop,35752.04,39689.0
2025-11-08,17,PT1H,MC-MagdalenaEcop,34981.66,38037.2
2025-11-08,16,PT1H,MC-MagdalenaEcop,35121.52,34329.9
2025-11-08,15,PT1H,MC-MagdalenaEcop,33652.74,35908.3
2025-11-08,14,PT1H,MC-MagdalenaEcop,32816.21,36605.7
2025-11-08,13,PT1H,MC-MagdalenaEcop,33089.73,37890.4
2025-11-08,12,PT1H,MC-MagdalenaEcop,32335.38,38514.4
2025-11-08,11,PT1H,MC-MagdalenaEcop,33134.93,35174.1
2025-11-08,10,PT1H,MC-MagdalenaEcop,33068.29,35651.3
2025-11-08,9,PT1H,MC-MagdalenaEcop,32046.68,36275.3
2025-11-08,8,PT1H,MC-MagdalenaEcop,31865.89,36789.2
2025-11-08,7,PT1H,MC-MagdalenaEcop,30982.19,38624.5
2025-11-08,6,PT1H,MC-MagdalenaEcop,33311.37,40459.8
2025-11-08,4,PT1H,MC-MagdalenaEcop,31422.88,41267.3
2025-11-08,3,PT1H,MC-MagdalenaEcop,31311.85,39799.1
2025-11-08,1,PT1H,MC-MagdalenaEcop,31867.67,37633.4
2025-11-08,5,PT1H,MC-MagdalenaEcop,31671.77,39505.4
2025-11-08,23,PT1H,MC-MagdalenaEcop,33146.37,35394.4
2025-11-08,22,PT1H,MC-MagdalenaEcop,33704.16,35467.8
2025-11-08,24,PT1H,MC-MagdalenaEcop,35059.32,37376.5
2025-11-09,24,PT1H,MC-MagdalenaEcop,24400.0,38254.9
2025-11-09,1,PT1H,MC-MagdalenaEcop,36680.0,38719.4
2025-11-09,2,PT1H,MC-MagdalenaEcop,33600.0,38177.5
2025-11-09,3,PT1H,MC-MagdalenaEcop,32360.0,38796.8
2025-11-09,4,PT1H,MC-MagdalenaEcop,31920.0,38177.5
2025-11-09,5,PT1H,MC-MagdalenaEcop,31800.0,38254.9
2025-11-09,6,PT1H,MC-MagdalenaEcop,31440.0,38409.7
2025-11-09,7,PT1H,MC-MagdalenaEcop,30600.0,34190.4
2025-11-09,8,PT1H,MC-MagdalenaEcop,28520.0,35506.5
2025-11-09,9,PT1H,MC-MagdalenaEcop,21720.0,37054.9
2025-11-09,10,PT1H,MC-MagdalenaEcop,22560.0,37558.1
2025-11-09,12,PT1H,MC-MagdalenaEcop,22840.0,39106.5
2025-11-09,14,PT1H,MC-MagdalenaEcop,21680.0,37132.3
2025-11-09,15,PT1H,MC-MagdalenaEcop,22120.0,36435.5
2025-11-09,16,PT1H,MC-MagdalenaEcop,22560.0,36513.0
2025-11-09,17,PT1H,MC-MagdalenaEcop,22240.0,36590.4
2025-11-09,18,PT1H,MC-MagdalenaEcop,22400.0,37171.0
2025-11-09,19,PT1H,MC-MagdalenaEcop,22400.0,39986.8
2025-11-09,20,PT1H,MC-MagdalenaEcop,21920.0,40219.1
2025-11-09,21,PT1H,MC-MagdalenaEcop,22240.0,39986.8
2025-11-09,22,PT1H,MC-MagdalenaEcop,23640.0,37596.8
2025-11-09,23,PT1H,MC-MagdalenaEcop,24480.0,37596.8
2025-11-09,13,PT1H,MC-MagdalenaEcop,23160.0,37674.2
2025-11-09,11,PT1H,MC-MagdalenaEcop,23000.0,38100.1
2025-11-10,24,PT1H,MC-MagdalenaEcop,24560.0,34561.5
2025-11-10,23,PT1H,MC-MagdalenaEcop,24680.0,34497.6
2025-11-10,10,PT1H,MC-MagdalenaEcop,22440.0,37088.9
2025-11-10,21,PT1H,MC-MagdalenaEcop,24680.0,37430.8
2025-11-10,1,PT1H,MC-MagdalenaEcop,24520.0,32354.1
2025-11-10,2,PT1H,MC-MagdalenaEcop,24440.0,32642.0
2025-11-10,3,PT1H,MC-MagdalenaEcop,23760.0,34145.6
2025-11-10,4,PT1H,MC-MagdalenaEcop,21440.0,34209.6
2025-11-10,5,PT1H,MC-MagdalenaEcop,21480.0,34497.6
2025-11-10,7,PT1H,MC-MagdalenaEcop,21840.0,32322.1
2025-11-10,8,PT1H,MC-MagdalenaEcop,21160.0,33761.7
2025-11-10,9,PT1H,MC-MagdalenaEcop,21480.0,34625.5
2025-11-10,11,PT1H,MC-MagdalenaEcop,22280.0,38336.6
2025-11-10,6,PT1H,MC-MagdalenaEcop,21840.0,33601.8
2025-11-10,20,PT1H,MC-MagdalenaEcop,24400.0,37622.8
2025-11-10,12,PT1H,MC-MagdalenaEcop,22320.0,38496.6
2025-11-10,19,PT1H,MC-MagdalenaEcop,24680.0,37014.9
2025-11-10,18,PT1H,MC-MagdalenaEcop,25040.0,36513.1
2025-11-10,17,PT1H,MC-MagdalenaEcop,24520.0,34657.5
2025-11-10,22,PT1H,MC-MagdalenaEcop,24720.0,35809.2
2025-11-10,15,PT1H,MC-MagdalenaEcop,22400.0,36321.1
2025-11-10,14,PT1H,MC-MagdalenaEcop,22440.0,36449.1
2025-11-10,13,PT1H,MC-MagdalenaEcop,22320.0,37024.9
2025-11-10,16,PT1H,MC-MagdalenaEcop,22960.0,36225.1
2025-11-11,13,PT1H,MC-MagdalenaEcop,19240.0,33858.4
2025-11-11,21,PT1H,MC-MagdalenaEcop,24360.0,36816.5
2025-11-11,20,PT1H,MC-MagdalenaEcop,22080.0,37890.0
2025-11-11,19,PT1H,MC-MagdalenaEcop,21400.0,38016.3
2025-11-11,18,PT1H,MC-MagdalenaEcop,20600.0,37331.7
2025-11-11,17,PT1H,MC-MagdalenaEcop,20480.0,35942.4
2025-11-11,16,PT1H,MC-MagdalenaEcop,20960.0,35500.3
2025-11-11,15,PT1H,MC-MagdalenaEcop,21040.0,35089.9
2025-11-11,14,PT1H,MC-MagdalenaEcop,20840.0,35216.2
2025-11-11,22,PT1H,MC-MagdalenaEcop,23680.0,36447.6
2025-11-11,2,PT1H,MC-MagdalenaEcop,24840.0,36321.3
2025-11-11,10,PT1H,MC-MagdalenaEcop,20640.0,34047.9
2025-11-11,9,PT1H,MC-MagdalenaEcop,21880.0,31742.9
2025-11-11,8,PT1H,MC-MagdalenaEcop,21920.0,34111.0
2025-11-11,7,PT1H,MC-MagdalenaEcop,22600.0,34647.8
2025-11-11,6,PT1H,MC-MagdalenaEcop,25040.0,35279.3
2025-11-11,5,PT1H,MC-MagdalenaEcop,24720.0,35437.2
2025-11-11,4,PT1H,MC-MagdalenaEcop,24720.0,35563.5
2025-11-11,3,PT1H,MC-MagdalenaEcop,25520.0,35910.8
2025-11-11,23,PT1H,MC-MagdalenaEcop,22680.0,36131.8
2025-11-11,1,PT1H,MC-MagdalenaEcop,25800.0,36352.9
2025-11-11,12,PT1H,MC-MagdalenaEcop,19920.0,33132.2
2025-11-11,24,PT1H,MC-MagdalenaEcop,21320.0,34995.1
2025-11-11,11,PT1H,MC-MagdalenaEcop,20160.0,34426.8
2025-11-12,24,PT1H,MC-MagdalenaEcop,16280.0,34131.8
2025-11-12,22,PT1H,MC-MagdalenaEcop,13560.0,34764.4
2025-11-12,2,PT1H,MC-MagdalenaEcop,21000.0,36108.7
2025-11-12,3,PT1H,MC-MagdalenaEcop,20560.0,37967.0
2025-11-12,4,PT1H,MC-MagdalenaEcop,24400.0,39311.3
2025-11-12,5,PT1H,MC-MagdalenaEcop,25440.0,38085.6
2025-11-12,6,PT1H,MC-MagdalenaEcop,23760.0,39153.2
2025-11-12,7,PT1H,MC-MagdalenaEcop,23040.0,39153.2
2025-11-12,8,PT1H,MC-MagdalenaEcop,17120.0,39113.6
2025-11-12,9,PT1H,MC-MagdalenaEcop,14800.0,37571.6
2025-11-12,10,PT1H,MC-MagdalenaEcop,14760.0,34408.5
2025-11-12,11,PT1H,MC-MagdalenaEcop,14280.0,33024.7
2025-11-12,12,PT1H,MC-MagdalenaEcop,14720.0,31364.1
2025-11-12,13,PT1H,MC-MagdalenaEcop,13880.0,33459.6
2025-11-12,14,PT1H,MC-MagdalenaEcop,13560.0,33934.1
2025-11-12,15,PT1H,MC-MagdalenaEcop,13520.0,34843.5
2025-11-12,16,PT1H,MC-MagdalenaEcop,13240.0,34527.2
2025-11-12,17,PT1H,MC-MagdalenaEcop,13280.0,33894.5
2025-11-12,18,PT1H,MC-MagdalenaEcop,13440.0,33894.5
2025-11-12,19,PT1H,MC-MagdalenaEcop,13680.0,34042.7
2025-11-12,1,PT1H,MC-MagdalenaEcop,21000.0,37176.2
2025-11-12,20,PT1H,MC-MagdalenaEcop,13600.0,34003.2
2025-11-12,21,PT1H,MC-MagdalenaEcop,13240.0,34200.9
2025-11-12,23,PT1H,MC-MagdalenaEcop,14600.0,32075.8
2025-11-13,4,PT1H,MC-MagdalenaEcop,23680.0,34915.9
2025-11-13,24,PT1H,MC-MagdalenaEcop,18440.0,34997.1
2025-11-13,23,PT1H,MC-MagdalenaEcop,18640.0,35484.2
2025-11-13,22,PT1H,MC-MagdalenaEcop,19560.0,36295.9
2025-11-13,21,PT1H,MC-MagdalenaEcop,21240.0,36326.5
2025-11-13,20,PT1H,MC-MagdalenaEcop,20960.0,35068.3
2025-11-13,19,PT1H,MC-MagdalenaEcop,21400.0,34297.1
2025-11-13,18,PT1H,MC-MagdalenaEcop,21560.0,33414.2
2025-11-13,17,PT1H,MC-MagdalenaEcop,20760.0,34063.6
2025-11-13,16,PT1H,MC-MagdalenaEcop,21040.0,35890.0
2025-11-13,15,PT1H,MC-MagdalenaEcop,24880.0,36661.2
2025-11-13,14,PT1H,MC-MagdalenaEcop,25360.0,37148.3
2025-11-13,13,PT1H,MC-MagdalenaEcop,23720.0,37270.1
2025-11-13,12,PT1H,MC-MagdalenaEcop,26240.0,35808.9
2025-11-13,11,PT1H,MC-MagdalenaEcop,24040.0,35484.2
2025-11-13,9,PT1H,MC-MagdalenaEcop,20720.0,34713.0
2025-11-13,8,PT1H,MC-MagdalenaEcop,22080.0,35321.8
2025-11-13,7,PT1H,MC-MagdalenaEcop,21600.0,35484.2
2025-11-13,6,PT1H,MC-MagdalenaEcop,22320.0,35240.6
2025-11-13,5,PT1H,MC-MagdalenaEcop,23160.0,34104.2
2025-11-13,1,PT1H,MC-MagdalenaEcop,23600.0,35605.9
2025-11-13,3,PT1H,MC-MagdalenaEcop,23760.0,36052.4
2025-11-13,2,PT1H,MC-MagdalenaEcop,28200.0,35443.6
2025-11-13,10,PT1H,MC-MagdalenaEcop,23080.0,35118.9
2025-11-14,24,PT1H,MC-MagdalenaEcop,17240.0,33053.7
2025-11-14,2,PT1H,MC-MagdalenaEcop,18600.0,35977.0
2025-11-14,3,PT1H,MC-MagdalenaEcop,18280.0,34254.3
2025-11-14,4,PT1H,MC-MagdalenaEcop,18240.0,33784.5
2025-11-14,5,PT1H,MC-MagdalenaEcop,18720.0,33314.7
2025-11-14,6,PT1H,MC-MagdalenaEcop,19160.0,33941.1
2025-11-14,7,PT1H,MC-MagdalenaEcop,18440.0,37386.4
2025-11-14,8,PT1H,MC-MagdalenaEcop,18520.0,39317.9
2025-11-14,9,PT1H,MC-MagdalenaEcop,19320.0,39161.3
2025-11-14,10,PT1H,MC-MagdalenaEcop,19040.0,38639.2
2025-11-14,11,PT1H,MC-MagdalenaEcop,19280.0,36081.4
2025-11-14,1,PT1H,MC-MagdalenaEcop,18400.0,43076.4
2025-11-14,13,PT1H,MC-MagdalenaEcop,19120.0,33941.1
2025-11-14,12,PT1H,MC-MagdalenaEcop,19360.0,33784.5
2025-11-14,22,PT1H,MC-MagdalenaEcop,20760.0,33419.1
2025-11-14,21,PT1H,MC-MagdalenaEcop,19200.0,33148.1
2025-11-14,20,PT1H,MC-MagdalenaEcop,19680.0,34766.3
2025-11-14,19,PT1H,MC-MagdalenaEcop,20040.0,35236.1
2025-11-14,23,PT1H,MC-MagdalenaEcop,18120.0,33105.9
2025-11-14,17,PT1H,MC-MagdalenaEcop,19120.0,35977.0
2025-11-14,16,PT1H,MC-MagdalenaEcop,18640.0,36238.0
2025-11-14,15,PT1H,MC-MagdalenaEcop,17680.0,33784.5
2025-11-14,14,PT1H,MC-MagdalenaEcop,19000.0,32844.9
2025-11-14,18,PT1H,MC-MagdalenaEcop,19480.0,35977.0
2025-11-15,2,PT1H,MC-MagdalenaEcop,21760.0,37347.0
2025-11-15,23,PT1H,MC-MagdalenaEcop,19800.0,34896.8
2025-11-15,22,PT1H,MC-MagdalenaEcop,23000.0,35421.8
2025-11-15,21,PT1H,MC-MagdalenaEcop,22920.0,38737.1
2025-11-15,20,PT1H,MC-MagdalenaEcop,22880.0,39553.9
2025-11-15,19,PT1H,MC-MagdalenaEcop,21640.0,40370.6
2025-11-15,18,PT1H,MC-MagdalenaEcop,21360.0,37055.3
2025-11-15,17,PT1H,MC-MagdalenaEcop,23960.0,33905.0
2025-11-15,16,PT1H,MC-MagdalenaEcop,24320.0,37580.4
2025-11-15,14,PT1H,MC-MagdalenaEcop,24480.0,41197.4
2025-11-15,3,PT1H,MC-MagdalenaEcop,24160.0,38338.8
2025-11-15,13,PT1H,MC-MagdalenaEcop,23240.0,35946.9
2025-11-15,12,PT1H,MC-MagdalenaEcop,23480.0,30054.6
2025-11-15,10,PT1H,MC-MagdalenaEcop,24960.0,27837.7
2025-11-15,9,PT1H,MC-MagdalenaEcop,25160.0,27429.4
2025-11-15,8,PT1H,MC-MagdalenaEcop,24760.0,30871.4
2025-11-15,7,PT1H,MC-MagdalenaEcop,24920.0,35188.4
2025-11-15,6,PT1H,MC-MagdalenaEcop,25360.0,35188.4
2025-11-15,1,PT1H,MC-MagdalenaEcop,17960.0,36705.3
2025-11-15,15,PT1H,MC-MagdalenaEcop,24320.0,39155.5
2025-11-15,11,PT1H,MC-MagdalenaEcop,24800.0,30113.0
2025-11-15,4,PT1H,MC-MagdalenaEcop,24880.0,37172.0
2025-11-15,24,PT1H,MC-MagdalenaEcop,16240.0,33263.3
2025-11-15,5,PT1H,MC-MagdalenaEcop,25520.0,36880.3
2025-11-16,24,PT1H,MC-MagdalenaEcop,24440.0,36199.6
2025-11-16,1,PT1H,MC-MagdalenaEcop,17120.0,30964.6
2025-11-16,2,PT1H,MC-MagdalenaEcop,17920.0,30338.7
2025-11-16,3,PT1H,MC-MagdalenaEcop,18320.0,34947.7
2025-11-16,4,PT1H,MC-MagdalenaEcop,18760.0,37735.9
2025-11-16,5,PT1H,MC-MagdalenaEcop,18080.0,38418.8
2025-11-16,6,PT1H,MC-MagdalenaEcop,17440.0,38532.6
2025-11-16,7,PT1H,MC-MagdalenaEcop,16960.0,37053.1
2025-11-16,8,PT1H,MC-MagdalenaEcop,18680.0,38760.2
2025-11-16,9,PT1H,MC-MagdalenaEcop,17880.0,39613.7
2025-11-16,10,PT1H,MC-MagdalenaEcop,20040.0,37679.0
2025-11-16,11,PT1H,MC-MagdalenaEcop,20080.0,32728.6
2025-11-16,13,PT1H,MC-MagdalenaEcop,26800.0,32444.1
2025-11-16,14,PT1H,MC-MagdalenaEcop,35160.0,37963.5
2025-11-16,16,PT1H,MC-MagdalenaEcop,29800.0,31078.4
2025-11-16,17,PT1H,MC-MagdalenaEcop,21160.0,32557.9
2025-11-16,18,PT1H,MC-MagdalenaEcop,21240.0,35403.0
2025-11-16,19,PT1H,MC-MagdalenaEcop,22360.0,38181.1
2025-11-16,20,PT1H,MC-MagdalenaEcop,20200.0,35791.3
2025-11-16,21,PT1H,MC-MagdalenaEcop,21400.0,34767.0
2025-11-16,22,PT1H,MC-MagdalenaEcop,24320.0,35858.2
2025-11-16,23,PT1H,MC-MagdalenaEcop,24240.0,35915.1
2025-11-16,12,PT1H,MC-MagdalenaEcop,27640.0,32728.6
2025-11-16,15,PT1H,MC-MagdalenaEcop,39840.0,34549.4
2025-11-17,2,PT1H,MC-MagdalenaEcop,24360.0,29858.7
2025-11-17,4,PT1H,MC-MagdalenaEcop,25240.0,27646.0
2025-11-17,5,PT1H,MC-MagdalenaEcop,25720.0,31694.9
2025-11-17,6,PT1H,MC-MagdalenaEcop,25440.0,34001.8
2025-11-17,7,PT1H,MC-MagdalenaEcop,25640.0,34755.1
2025-11-17,8,PT1H,MC-MagdalenaEcop,25680.0,31412.4
2025-11-17,9,PT1H,MC-MagdalenaEcop,25720.0,30423.7
2025-11-17,10,PT1H,MC-MagdalenaEcop,25480.0,30282.5
2025-11-17,11,PT1H,MC-MagdalenaEcop,22720.0,28305.1
2025-11-17,12,PT1H,MC-MagdalenaEcop,19360.0,29058.4
2025-11-17,13,PT1H,MC-MagdalenaEcop,21040.0,28775.9
2025-11-17,24,PT1H,MC-MagdalenaEcop,17760.0,37909.4
2025-11-17,14,PT1H,MC-MagdalenaEcop,24640.0,28728.8
2025-11-17,15,PT1H,MC-MagdalenaEcop,24560.0,27646.0
2025-11-17,16,PT1H,MC-MagdalenaEcop,23480.0,26657.3
2025-11-17,17,PT1H,MC-MagdalenaEcop,23840.0,26139.4
2025-11-17,18,PT1H,MC-MagdalenaEcop,23440.0,27128.1
2025-11-17,19,PT1H,MC-MagdalenaEcop,19800.0,33144.3
2025-11-17,20,PT1H,MC-MagdalenaEcop,18560.0,37428.6
2025-11-17,21,PT1H,MC-MagdalenaEcop,17400.0,37899.4
2025-11-17,22,PT1H,MC-MagdalenaEcop,17680.0,39274.8
2025-11-17,23,PT1H,MC-MagdalenaEcop,17720.0,38521.5
2025-11-17,1,PT1H,MC-MagdalenaEcop,24920.0,30000.0
2025-11-17,3,PT1H,MC-MagdalenaEcop,24320.0,30517.9
2025-11-18,23,PT1H,MC-MagdalenaEcop,24200.0,27123.8
2025-11-18,22,PT1H,MC-MagdalenaEcop,24040.0,27221.0
2025-11-18,20,PT1H,MC-MagdalenaEcop,23160.0,25753.3
2025-11-18,1,PT1H,MC-MagdalenaEcop,17800.0,39757.5
2025-11-18,2,PT1H,MC-MagdalenaEcop,19880.0,41118.0
2025-11-18,3,PT1H,MC-MagdalenaEcop,20880.0,40097.6
2025-11-18,4,PT1H,MC-MagdalenaEcop,19000.0,45637.0
2025-11-18,5,PT1H,MC-MagdalenaEcop,24560.0,46365.9
2025-11-18,6,PT1H,MC-MagdalenaEcop,23480.0,38688.5
2025-11-18,7,PT1H,MC-MagdalenaEcop,23680.0,38639.9
2025-11-18,8,PT1H,MC-MagdalenaEcop,23880.0,38056.8
2025-11-18,9,PT1H,MC-MagdalenaEcop,24000.0,37862.4
2025-11-18,10,PT1H,MC-MagdalenaEcop,16040.0,26394.9
2025-11-18,11,PT1H,MC-MagdalenaEcop,7760.0,25909.0
2025-11-18,12,PT1H,MC-MagdalenaEcop,18920.0,25568.9
2025-11-18,13,PT1H,MC-MagdalenaEcop,19040.0,25520.3
2025-11-18,14,PT1H,MC-MagdalenaEcop,19320.0,25909.0
2025-11-18,15,PT1H,MC-MagdalenaEcop,19720.0,25568.9
2025-11-18,16,PT1H,MC-MagdalenaEcop,21280.0,24888.6
2025-11-18,17,PT1H,MC-MagdalenaEcop,21240.0,24888.6
2025-11-18,18,PT1H,MC-MagdalenaEcop,23120.0,25325.9
2025-11-18,19,PT1H,MC-MagdalenaEcop,24600.0,25170.2
2025-11-18,21,PT1H,MC-MagdalenaEcop,23840.0,27162.4
2025-11-18,24,PT1H,MC-MagdalenaEcop,23080.0,28581.5
2025-11-19,23,PT1H,MC-MagdalenaEcop,29680.0,33320.6
2025-11-19,22,PT1H,MC-MagdalenaEcop,29400.0,34242.7
2025-11-19,24,PT1H,MC-MagdalenaEcop,28360.0,32821.1
2025-11-19,1,PT1H,MC-MagdalenaEcop,22240.0,21717.6
2025-11-19,2,PT1H,MC-MagdalenaEcop,22440.0,22178.7
2025-11-19,3,PT1H,MC-MagdalenaEcop,20000.0,27096.5
2025-11-19,4,PT1H,MC-MagdalenaEcop,19960.0,29440.1
2025-11-19,5,PT1H,MC-MagdalenaEcop,21160.0,29824.3
2025-11-19,6,PT1H,MC-MagdalenaEcop,19320.0,30823.3
2025-11-19,8,PT1H,MC-MagdalenaEcop,21120.0,31860.6
2025-11-19,9,PT1H,MC-MagdalenaEcop,19800.0,32321.7
2025-11-19,10,PT1H,MC-MagdalenaEcop,17120.0,33320.6
2025-11-19,7,PT1H,MC-MagdalenaEcop,19120.0,31975.9
2025-11-19,12,PT1H,MC-MagdalenaEcop,30600.0,33243.8
2025-11-19,21,PT1H,MC-MagdalenaEcop,28280.0,33080.1
2025-11-19,11,PT1H,MC-MagdalenaEcop,31640.0,33282.2
2025-11-19,19,PT1H,MC-MagdalenaEcop,31920.0,33963.8
2025-11-19,18,PT1H,MC-MagdalenaEcop,30880.0,33243.8
2025-11-19,17,PT1H,MC-MagdalenaEcop,31600.0,33743.2
2025-11-19,20,PT1H,MC-MagdalenaEcop,29480.0,33733.2
2025-11-19,15,PT1H,MC-MagdalenaEcop,31080.0,32244.8
2025-11-19,14,PT1H,MC-MagdalenaEcop,30600.0,34819.0
2025-11-19,13,PT1H,MC-MagdalenaEcop,30080.0,33051.7
2025-11-19,16,PT1H,MC-MagdalenaEcop,32520.0,31860.6
2025-11-20,13,PT1H,MC-MagdalenaEcop,25480.0,33018.3
2025-11-20,23,PT1H,MC-MagdalenaEcop,24760.0,31092.3
2025-11-20,24,PT1H,MC-MagdalenaEcop,22440.0,30793.4
2025-11-20,20,PT1H,MC-MagdalenaEcop,25960.0,30883.0
2025-11-20,19,PT1H,MC-MagdalenaEcop,27520.0,30717.0
2025-11-20,18,PT1H,MC-MagdalenaEcop,27360.0,31025.9
2025-11-20,17,PT1H,MC-MagdalenaEcop,27400.0,32354.2
2025-11-20,16,PT1H,MC-MagdalenaEcop,25840.0,32254.6
2025-11-20,15,PT1H,MC-MagdalenaEcop,27520.0,32287.8
2025-11-20,14,PT1H,MC-MagdalenaEcop,25480.0,32653.1
2025-11-20,12,PT1H,MC-MagdalenaEcop,26960.0,32885.5
2025-11-20,1,PT1H,MC-MagdalenaEcop,27920.0,28535.3
2025-11-20,10,PT1H,MC-MagdalenaEcop,26040.0,34645.5
2025-11-20,9,PT1H,MC-MagdalenaEcop,26560.0,34778.3
2025-11-20,8,PT1H,MC-MagdalenaEcop,29000.0,35044.0
2025-11-20,7,PT1H,MC-MagdalenaEcop,31320.0,31723.2
2025-11-20,6,PT1H,MC-MagdalenaEcop,32040.0,31225.1
2025-11-20,5,PT1H,MC-MagdalenaEcop,30080.0,29730.8
2025-11-20,4,PT1H,MC-MagdalenaEcop,30440.0,28236.4
2025-11-20,3,PT1H,MC-MagdalenaEcop,29240.0,28502.1
2025-11-20,2,PT1H,MC-MagdalenaEcop,28600.0,28767.8
2025-11-20,21,PT1H,MC-MagdalenaEcop,25240.0,30617.4
2025-11-20,11,PT1H,MC-MagdalenaEcop,27600.0,34413.1
2025-11-20,22,PT1H,MC-MagdalenaEcop,24400.0,31025.9
2025-11-21,23,PT1H,MC-MagdalenaEcop,23120.0,26638.6
2025-11-21,22,PT1H,MC-MagdalenaEcop,24760.0,27371.8
2025-11-21,24,PT1H,MC-MagdalenaEcop,22960.0,26705.3
2025-11-21,21,PT1H,MC-MagdalenaEcop,25520.0,27995.1
2025-11-21,1,PT1H,MC-MagdalenaEcop,23600.0,30937.9
2025-11-21,2,PT1H,MC-MagdalenaEcop,23560.0,32037.7
2025-11-21,3,PT1H,MC-MagdalenaEcop,25000.0,31871.1
2025-11-21,4,PT1H,MC-MagdalenaEcop,24480.0,32071.0
2025-11-21,6,PT1H,MC-MagdalenaEcop,27240.0,34803.9
2025-11-21,7,PT1H,MC-MagdalenaEcop,25880.0,35703.7
2025-11-21,8,PT1H,MC-MagdalenaEcop,24800.0,36270.3
2025-11-21,9,PT1H,MC-MagdalenaEcop,26720.0,37170.1
2025-11-21,5,PT1H,MC-MagdalenaEcop,24840.0,32670.9
2025-11-21,11,PT1H,MC-MagdalenaEcop,28520.0,35603.7
2025-11-21,12,PT1H,MC-MagdalenaEcop,28240.0,33670.7
2025-11-21,13,PT1H,MC-MagdalenaEcop,26080.0,31137.9
2025-11-21,14,PT1H,MC-MagdalenaEcop,24480.0,31137.9
2025-11-21,15,PT1H,MC-MagdalenaEcop,24920.0,30671.3
2025-11-21,16,PT1H,MC-MagdalenaEcop,25480.0,30404.6
2025-11-21,17,PT1H,MC-MagdalenaEcop,22120.0,29671.4
2025-11-21,18,PT1H,MC-MagdalenaEcop,22720.0,28505.0
2025-11-21,19,PT1H,MC-MagdalenaEcop,25840.0,28728.3
2025-11-21,10,PT1H,MC-MagdalenaEcop,27040.0,36836.8
2025-11-21,20,PT1H,MC-MagdalenaEcop,25760.0,28595.0
2025-11-22,11,PT1H,MC-MagdalenaEcop,21480.0,31407.5
2025-11-22,10,PT1H,MC-MagdalenaEcop,22840.0,31295.9
2025-11-22,9,PT1H,MC-MagdalenaEcop,19720.0,30328.7
2025-11-22,8,PT1H,MC-MagdalenaEcop,21320.0,30105.5
2025-11-22,24,PT1H,MC-MagdalenaEcop,23280.0,33081.6
2025-11-22,6,PT1H,MC-MagdalenaEcop,23640.0,31407.5
2025-11-22,5,PT1H,MC-MagdalenaEcop,19600.0,29882.3
2025-11-22,4,PT1H,MC-MagdalenaEcop,22480.0,29659.1
2025-11-22,12,PT1H,MC-MagdalenaEcop,21160.0,30700.7
2025-11-22,7,PT1H,MC-MagdalenaEcop,23040.0,29249.9
2025-11-22,13,PT1H,MC-MagdalenaEcop,24680.0,31370.3
2025-11-22,1,PT1H,MC-MagdalenaEcop,21880.0,30142.7
2025-11-22,15,PT1H,MC-MagdalenaEcop,23920.0,31853.9
2025-11-22,16,PT1H,MC-MagdalenaEcop,24680.0,33156.0
2025-11-22,17,PT1H,MC-MagdalenaEcop,25760.0,33044.4
2025-11-22,18,PT1H,MC-MagdalenaEcop,26560.0,33825.6
2025-11-22,19,PT1H,MC-MagdalenaEcop,26200.0,35154.8
2025-11-22,20,PT1H,MC-MagdalenaEcop,23640.0,34336.4
2025-11-22,21,PT1H,MC-MagdalenaEcop,23160.0,33406.4
2025-11-22,22,PT1H,MC-MagdalenaEcop,20960.0,31891.1
2025-11-22,2,PT1H,MC-MagdalenaEcop,22360.0,29956.7
2025-11-22,3,PT1H,MC-MagdalenaEcop,23080.0,29510.3
2025-11-22,23,PT1H,MC-MagdalenaEcop,21280.0,31370.3
2025-11-22,14,PT1H,MC-MagdalenaEcop,25600.0,31072.7
2025-11-23,1,PT1H,MC-MagdalenaEcop,25680.0,44774.9
2025-11-23,2,PT1H,MC-MagdalenaEcop,25560.0,41016.0
2025-11-23,3,PT1H,MC-MagdalenaEcop,24080.0,39502.7
2025-11-23,23,PT1H,MC-MagdalenaEcop,25040.0,29885.8
2025-11-23,22,PT1H,MC-MagdalenaEcop,24600.0,28860.6
2025-11-23,21,PT1H,MC-MagdalenaEcop,24960.0,27142.1
2025-11-23,20,PT1H,MC-MagdalenaEcop,25880.0,26751.5
2025-11-23,24,PT1H,MC-MagdalenaEcop,24160.0,29788.2
2025-11-23,18,PT1H,MC-MagdalenaEcop,25720.0,27347.3
2025-11-23,17,PT1H,MC-MagdalenaEcop,25000.0,27152.1
2025-11-23,16,PT1H,MC-MagdalenaEcop,24680.0,27542.6
2025-11-23,15,PT1H,MC-MagdalenaEcop,21640.0,27005.6
2025-11-23,14,PT1H,MC-MagdalenaEcop,21680.0,26468.6
2025-11-23,19,PT1H,MC-MagdalenaEcop,26400.0,27337.3
2025-11-23,12,PT1H,MC-MagdalenaEcop,20920.0,27884.3
2025-11-23,11,PT1H,MC-MagdalenaEcop,22280.0,28079.6
2025-11-23,10,PT1H,MC-MagdalenaEcop,22880.0,27542.6
2025-11-23,9,PT1H,MC-MagdalenaEcop,22960.0,26517.4
2025-11-23,8,PT1H,MC-MagdalenaEcop,22280.0,34816.3
2025-11-23,7,PT1H,MC-MagdalenaEcop,23560.0,37354.7
2025-11-23,6,PT1H,MC-MagdalenaEcop,25000.0,38379.9
2025-11-23,5,PT1H,MC-MagdalenaEcop,24840.0,38819.2
2025-11-23,4,PT1H,MC-MagdalenaEcop,24400.0,38965.7
2025-11-23,13,PT1H,MC-MagdalenaEcop,19880.0,28274.8
2025-11-24,13,PT1H,MC-MagdalenaEcop,25800.0,25563.3
2025-11-24,14,PT1H,MC-MagdalenaEcop,25880.0,25700.7
2025-11-24,15,PT1H,MC-MagdalenaEcop,26640.0,25654.9
2025-11-24,16,PT1H,MC-MagdalenaEcop,25880.0,26296.0
2025-11-24,21,PT1H,MC-MagdalenaEcop,26360.0,28255.1
2025-11-24,18,PT1H,MC-MagdalenaEcop,26280.0,28677.3
2025-11-24,19,PT1H,MC-MagdalenaEcop,26600.0,28255.1
2025-11-24,20,PT1H,MC-MagdalenaEcop,26360.0,27934.6
2025-11-24,22,PT1H,MC-MagdalenaEcop,25600.0,28310.9
2025-11-24,17,PT1H,MC-MagdalenaEcop,24840.0,28082.0
2025-11-24,12,PT1H,MC-MagdalenaEcop,25200.0,25563.3
2025-11-24,2,PT1H,MC-MagdalenaEcop,25160.0,27990.4
2025-11-24,10,PT1H,MC-MagdalenaEcop,24160.0,25700.7
2025-11-24,9,PT1H,MC-MagdalenaEcop,23920.0,24601.6
2025-11-24,8,PT1H,MC-MagdalenaEcop,23760.0,24235.2
2025-11-24,7,PT1H,MC-MagdalenaEcop,23760.0,25013.7
2025-11-24,6,PT1H,MC-MagdalenaEcop,23560.0,25013.7
2025-11-24,5,PT1H,MC-MagdalenaEcop,24920.0,24601.6
2025-11-24,4,PT1H,MC-MagdalenaEcop,24400.0,24555.8
2025-11-24,3,PT1H,MC-MagdalenaEcop,24520.0,27211.9
2025-11-24,23,PT1H,MC-MagdalenaEcop,25360.0,28265.1
2025-11-24,1,PT1H,MC-MagdalenaEcop,22720.0,28082.0
2025-11-24,11,PT1H,MC-MagdalenaEcop,23440.0,25517.5
2025-11-24,24,PT1H,MC-MagdalenaEcop,24920.0,28127.8
2025-11-25,21,PT1H,MC-MagdalenaEcop,21120.0,28926.5
2025-11-25,22,PT1H,MC-MagdalenaEcop,20200.0,28129.0
2025-11-25,7,PT1H,MC-MagdalenaEcop,23600.0,26846.6
2025-11-25,2,PT1H,MC-MagdalenaEcop,25640.0,29506.5
2025-11-25,3,PT1H,MC-MagdalenaEcop,25520.0,30313.9
2025-11-25,4,PT1H,MC-MagdalenaEcop,23800.0,29364.0
2025-11-25,5,PT1H,MC-MagdalenaEcop,21480.0,29364.0
2025-11-25,6,PT1H,MC-MagdalenaEcop,24360.0,29743.9
2025-11-25,1,PT1H,MC-MagdalenaEcop,25760.0,30646.4
2025-11-25,8,PT1H,MC-MagdalenaEcop,22880.0,26039.1
2025-11-25,9,PT1H,MC-MagdalenaEcop,23360.0,25991.6
2025-11-25,10,PT1H,MC-MagdalenaEcop,20440.0,24519.1
2025-11-25,12,PT1H,MC-MagdalenaEcop,25000.0,23664.2
2025-11-25,11,PT1H,MC-MagdalenaEcop,22920.0,23949.2
2025-11-25,14,PT1H,MC-MagdalenaEcop,24960.0,24756.6
2025-11-25,15,PT1H,MC-MagdalenaEcop,24880.0,24994.1
2025-11-25,16,PT1H,MC-MagdalenaEcop,22560.0,24899.1
2025-11-25,17,PT1H,MC-MagdalenaEcop,21840.0,24329.1
2025-11-25,18,PT1H,MC-MagdalenaEcop,21560.0,24471.6
2025-11-25,19,PT1H,MC-MagdalenaEcop,22400.0,25411.6
2025-11-25,20,PT1H,MC-MagdalenaEcop,22360.0,26219.1
2025-11-25,23,PT1H,MC-MagdalenaEcop,21960.0,26941.5
2025-11-25,24,PT1H,MC-MagdalenaEcop,22720.0,25326.6
2025-11-25,13,PT1H,MC-MagdalenaEcop,25000.0,22856.7
2025-11-26,9,PT1H,MC-MagdalenaEcop,22120.0,23534.3
2025-11-26,11,PT1H,MC-MagdalenaEcop,22560.0,22707.8
2025-11-26,10,PT1H,MC-MagdalenaEcop,22880.0,23470.7
2025-11-26,8,PT1H,MC-MagdalenaEcop,21200.0,27221.9
2025-11-26,12,PT1H,MC-MagdalenaEcop,23400.0,23407.1
2025-11-26,6,PT1H,MC-MagdalenaEcop,22480.0,37776.0
2025-11-26,5,PT1H,MC-MagdalenaEcop,20800.0,40446.4
2025-11-26,4,PT1H,MC-MagdalenaEcop,21000.0,38793.3
2025-11-26,3,PT1H,MC-MagdalenaEcop,22120.0,32689.7
2025-11-26,7,PT1H,MC-MagdalenaEcop,23480.0,36631.6
2025-11-26,13,PT1H,MC-MagdalenaEcop,23720.0,22072.0
2025-11-26,24,PT1H,MC-MagdalenaEcop,22200.0,25886.7
2025-11-26,15,PT1H,MC-MagdalenaEcop,25880.0,21499.8
2025-11-26,16,PT1H,MC-MagdalenaEcop,24800.0,21054.7
2025-11-26,17,PT1H,MC-MagdalenaEcop,21760.0,21118.3
2025-11-26,18,PT1H,MC-MagdalenaEcop,20600.0,21372.6
2025-11-26,19,PT1H,MC-MagdalenaEcop,22200.0,21744.1
2025-11-26,20,PT1H,MC-MagdalenaEcop,20640.0,21616.9
2025-11-26,21,PT1H,MC-MagdalenaEcop,20080.0,21044.7
2025-11-26,22,PT1H,MC-MagdalenaEcop,20360.0,21563.3
2025-11-26,23,PT1H,MC-MagdalenaEcop,20880.0,23216.4
2025-11-26,2,PT1H,MC-MagdalenaEcop,23280.0,33389.1
2025-11-26,14,PT1H,MC-MagdalenaEcop,24400.0,21563.3
2025-11-26,1,PT1H,MC-MagdalenaEcop,23040.0,33389.1
2025-11-27,2,PT1H,MC-MagdalenaEcop,24560.0,33273.1
2025-11-27,24,PT1H,MC-MagdalenaEcop,24600.0,21760.8
2025-11-27,3,PT1H,MC-MagdalenaEcop,23760.0,28035.9
2025-11-27,4,PT1H,MC-MagdalenaEcop,24440.0,27941.6
2025-11-27,5,PT1H,MC-MagdalenaEcop,24760.0,27328.2
2025-11-27,6,PT1H,MC-MagdalenaEcop,24680.0,26337.4
2025-11-27,7,PT1H,MC-MagdalenaEcop,24480.0,25488.1
2025-11-27,8,PT1H,MC-MagdalenaEcop,23960.0,26054.3
2025-11-27,9,PT1H,MC-MagdalenaEcop,24960.0,24450.1
2025-11-27,10,PT1H,MC-MagdalenaEcop,24920.0,27233.8
2025-11-27,11,PT1H,MC-MagdalenaEcop,27880.0,28366.2
2025-11-27,1,PT1H,MC-MagdalenaEcop,25000.0,27847.2
2025-11-27,13,PT1H,MC-MagdalenaEcop,29080.0,27988.7
2025-11-27,15,PT1H,MC-MagdalenaEcop,26280.0,29357.0
2025-11-27,16,PT1H,MC-MagdalenaEcop,25840.0,24827.6
2025-11-27,17,PT1H,MC-MagdalenaEcop,24640.0,24497.3
2025-11-27,18,PT1H,MC-MagdalenaEcop,24960.0,25440.9
2025-11-27,19,PT1H,MC-MagdalenaEcop,25360.0,25242.2
2025-11-27,20,PT1H,MC-MagdalenaEcop,24360.0,24723.2
2025-11-27,21,PT1H,MC-MagdalenaEcop,25760.0,25053.5
2025-11-27,22,PT1H,MC-MagdalenaEcop,27120.0,23081.8
2025-11-27,23,PT1H,MC-MagdalenaEcop,25960.0,21996.7
2025-11-27,14,PT1H,MC-MagdalenaEcop,25840.0,29923.2
2025-11-27,12,PT1H,MC-MagdalenaEcop,29400.0,30961.2
2025-11-28,24,PT1H,MC-MagdalenaEcop,22520.0,24229.0
2025-11-28,7,PT1H,MC-MagdalenaEcop,24200.0,25914.8
2025-11-28,1,PT1H,MC-MagdalenaEcop,25720.0,25858.6
2025-11-28,2,PT1H,MC-MagdalenaEcop,25720.0,26139.6
2025-11-28,3,PT1H,MC-MagdalenaEcop,26320.0,25690.0
2025-11-28,4,PT1H,MC-MagdalenaEcop,26000.0,25633.9
2025-11-28,5,PT1H,MC-MagdalenaEcop,23120.0,26308.2
2025-11-28,6,PT1H,MC-MagdalenaEcop,22520.0,26926.3
2025-11-28,8,PT1H,MC-MagdalenaEcop,25080.0,26027.2
2025-11-28,9,PT1H,MC-MagdalenaEcop,24600.0,27151.1
2025-11-28,10,PT1H,MC-MagdalenaEcop,23000.0,26757.7
2025-11-28,12,PT1H,MC-MagdalenaEcop,24720.0,27207.2
2025-11-28,11,PT1H,MC-MagdalenaEcop,23960.0,27094.9
2025-11-28,14,PT1H,MC-MagdalenaEcop,23840.0,26701.5
2025-11-28,15,PT1H,MC-MagdalenaEcop,23760.0,24847.2
2025-11-28,16,PT1H,MC-MagdalenaEcop,23720.0,26195.8
2025-11-28,17,PT1H,MC-MagdalenaEcop,24280.0,26870.1
2025-11-28,18,PT1H,MC-MagdalenaEcop,25040.0,27375.8
2025-11-28,19,PT1H,MC-MagdalenaEcop,22200.0,28152.5
2025-11-28,20,PT1H,MC-MagdalenaEcop,21240.0,27646.8
2025-11-28,21,PT1H,MC-MagdalenaEcop,22000.0,26972.5
2025-11-28,22,PT1H,MC-MagdalenaEcop,22960.0,29174.0
2025-11-28,23,PT1H,MC-MagdalenaEcop,23320.0,25465.3
2025-11-28,13,PT1H,MC-MagdalenaEcop,24120.0,26870.1
2025-11-29,19,PT1H,MC-MagdalenaEcop,26680.0,24797.9
2025-11-29,16,PT1H,MC-MagdalenaEcop,21120.0,27879.0
2025-11-29,17,PT1H,MC-MagdalenaEcop,22160.0,27466.5
2025-11-29,18,PT1H,MC-MagdalenaEcop,26120.0,24487.1
2025-11-29,20,PT1H,MC-MagdalenaEcop,26640.0,26218.9
2025-11-29,1,PT1H,MC-MagdalenaEcop,22640.0,20590.9
2025-11-29,22,PT1H,MC-MagdalenaEcop,25200.0,26366.4
2025-11-29,23,PT1H,MC-MagdalenaEcop,24600.0,22699.4
2025-11-29,24,PT1H,MC-MagdalenaEcop,25440.0,18619.9
2025-11-29,15,PT1H,MC-MagdalenaEcop,20960.0,27879.0
2025-11-29,21,PT1H,MC-MagdalenaEcop,26600.0,26264.7
2025-11-29,14,PT1H,MC-MagdalenaEcop,21200.0,28062.4
2025-11-29,2,PT1H,MC-MagdalenaEcop,23120.0,24945.5
2025-11-29,12,PT1H,MC-MagdalenaEcop,23240.0,26916.5
2025-11-29,3,PT1H,MC-MagdalenaEcop,21760.0,27695.7
2025-11-29,4,PT1H,MC-MagdalenaEcop,21160.0,28520.8
2025-11-29,5,PT1H,MC-MagdalenaEcop,21440.0,29254.2
2025-11-29,6,PT1H,MC-MagdalenaEcop,20800.0,29070.8
2025-11-29,13,PT1H,MC-MagdalenaEcop,21840.0,26641.4
2025-11-29,8,PT1H,MC-MagdalenaEcop,20880.0,28383.2
2025-11-29,9,PT1H,MC-MagdalenaEcop,20560.0,28841.6
2025-11-29,10,PT1H,MC-MagdalenaEcop,20960.0,28612.4
2025-11-29,11,PT1H,MC-MagdalenaEcop,20200.0,28429.1
2025-11-29,7,PT1H,MC-MagdalenaEcop,20440.0,28566.6
2025-11-30,5,PT1H,MC-MagdalenaEcop,26120.0,21342.4
2025-11-30,6,PT1H,MC-MagdalenaEcop,26120.0,20587.3
2025-11-30,7,PT1H,MC-MagdalenaEcop,24480.0,20021.0
2025-11-30,8,PT1H,MC-MagdalenaEcop,24120.0,22050.4
2025-11-30,9,PT1H,MC-MagdalenaEcop,24360.0,21106.5
2025-11-30,10,PT1H,MC-MagdalenaEcop,24440.0,23655.0
2025-11-30,11,PT1H,MC-MagdalenaEcop,25080.0,23702.2
2025-11-30,12,PT1H,MC-MagdalenaEcop,25280.0,32622.2
2025-11-30,13,PT1H,MC-MagdalenaEcop,22960.0,31631.1
2025-11-30,14,PT1H,MC-MagdalenaEcop,27080.0,41495.0
2025-11-30,3,PT1H,MC-MagdalenaEcop,24120.0,21625.6
2025-11-30,17,PT1H,MC-MagdalenaEcop,25720.0,24976.5
2025-11-30,16,PT1H,MC-MagdalenaEcop,27480.0,35170.8
2025-11-30,18,PT1H,MC-MagdalenaEcop,25720.0,25070.9
2025-11-30,19,PT1H,MC-MagdalenaEcop,25440.0,26382.4
2025-11-30,21,PT1H,MC-MagdalenaEcop,25800.0,25249.7
2025-11-30,22,PT1H,MC-MagdalenaEcop,24360.0,28705.0
2025-11-30,23,PT1H,MC-MagdalenaEcop,24200.0,28610.6
2025-11-30,24,PT1H,MC-MagdalenaEcop,22760.0,28846.6
2025-11-30,1,PT1H,MC-MagdalenaEcop,25040.0,20209.7
2025-11-30,2,PT1H,MC-MagdalenaEcop,24680.0,21153.7
2025-11-30,4,PT1H,MC-MagdalenaEcop,24160.0,22144.8
2025-11-30,15,PT1H,MC-MagdalenaEcop,27160.0,47016.9
2025-11-30,20,PT1H,MC-MagdalenaEcop,24880.0,23833.8
2025-12-01,24,PT1H,MC-MagdalenaEcop,25120.0,16937.6
2025-12-01,11,PT1H,MC-MagdalenaEcop,22520.0,21665.2
2025-12-01,10,PT1H,MC-MagdalenaEcop,21720.0,24295.8
2025-12-01,20,PT1H,MC-MagdalenaEcop,22760.0,17690.1
2025-12-01,19,PT1H,MC-MagdalenaEcop,21680.0,18872.0
2025-12-01,18,PT1H,MC-MagdalenaEcop,22240.0,22351.4
2025-12-01,17,PT1H,MC-MagdalenaEcop,22040.0,22732.7
2025-12-01,16,PT1H,MC-MagdalenaEcop,22000.0,22389.6
2025-12-01,15,PT1H,MC-MagdalenaEcop,22520.0,23418.9
2025-12-01,14,PT1H,MC-MagdalenaEcop,22840.0,23495.2
2025-12-01,13,PT1H,MC-MagdalenaEcop,22800.0,20063.9
2025-12-01,12,PT1H,MC-MagdalenaEcop,23200.0,18462.7
2025-12-01,21,PT1H,MC-MagdalenaEcop,24080.0,16584.5
2025-12-01,22,PT1H,MC-MagdalenaEcop,25000.0,16861.4
2025-12-01,8,PT1H,MC-MagdalenaEcop,21240.0,24486.5
2025-12-01,7,PT1H,MC-MagdalenaEcop,21000.0,24448.3
2025-12-01,6,PT1H,MC-MagdalenaEcop,21400.0,24257.7
2025-12-01,5,PT1H,MC-MagdalenaEcop,16480.0,24524.6
2025-12-01,4,PT1H,MC-MagdalenaEcop,9560.0,24067.1
2025-12-01,23,PT1H,MC-MagdalenaEcop,25520.0,16899.5
2025-12-01,3,PT1H,MC-MagdalenaEcop,14640.0,23190.2
2025-12-01,2,PT1H,MC-MagdalenaEcop,21560.0,23228.3
2025-12-01,1,PT1H,MC-MagdalenaEcop,22040.0,23762.1
2025-12-01,9,PT1H,MC-MagdalenaEcop,20440.0,24524.6
2025-12-02,2,PT1H,MC-MagdalenaEcop,26080.0,20379.8
2025-12-02,24,PT1H,MC-MagdalenaEcop,18400.0,23658.7
2025-12-02,23,PT1H,MC-MagdalenaEcop,21880.0,24806.3
2025-12-02,3,PT1H,MC-MagdalenaEcop,26080.0,21404.5
2025-12-02,4,PT1H,MC-MagdalenaEcop,25400.0,19478.1
2025-12-02,5,PT1H,MC-MagdalenaEcop,23080.0,25175.1
2025-12-02,7,PT1H,MC-MagdalenaEcop,21880.0,24273.4
2025-12-02,8,PT1H,MC-MagdalenaEcop,25320.0,24478.4
2025-12-02,9,PT1H,MC-MagdalenaEcop,25600.0,24601.3
2025-12-02,10,PT1H,MC-MagdalenaEcop,24360.0,16445.2
2025-12-02,11,PT1H,MC-MagdalenaEcop,23760.0,7961.2
2025-12-02,12,PT1H,MC-MagdalenaEcop,25520.0,19396.2
2025-12-02,13,PT1H,MC-MagdalenaEcop,27280.0,19519.1
2025-12-02,14,PT1H,MC-MagdalenaEcop,27040.0,19806.0
2025-12-02,15,PT1H,MC-MagdalenaEcop,26720.0,20215.9
2025-12-02,16,PT1H,MC-MagdalenaEcop,25200.0,21814.3
2025-12-02,17,PT1H,MC-MagdalenaEcop,24320.0,21773.3
2025-12-02,18,PT1H,MC-MagdalenaEcop,26640.0,23699.6
2025-12-02,19,PT1H,MC-MagdalenaEcop,27880.0,25206.1
2025-12-02,20,PT1H,MC-MagdalenaEcop,26400.0,23730.6
2025-12-02,21,PT1H,MC-MagdalenaEcop,25520.0,24427.4
2025-12-02,22,PT1H,MC-MagdalenaEcop,24040.0,24642.3
2025-12-02,1,PT1H,MC-MagdalenaEcop,25680.0,18248.6
2025-12-02,6,PT1H,MC-MagdalenaEcop,20320.0,24068.5
2025-12-03,24,PT1H,MC-MagdalenaEcop,21800.0,23432.7
2025-12-03,21,PT1H,MC-MagdalenaEcop,23680.0,23356.7
2025-12-03,22,PT1H,MC-MagdalenaEcop,22440.0,24291.7
2025-12-03,20,PT1H,MC-MagdalenaEcop,22880.0,24347.7
2025-12-03,19,PT1H,MC-MagdalenaEcop,24160.0,26363.0
2025-12-03,18,PT1H,MC-MagdalenaEcop,25600.0,25514.0
2025-12-03,17,PT1H,MC-MagdalenaEcop,19800.0,26108.7
2025-12-03,16,PT1H,MC-MagdalenaEcop,17800.0,26868.5
2025-12-03,15,PT1H,MC-MagdalenaEcop,18120.0,25679.2
2025-12-03,13,PT1H,MC-MagdalenaEcop,16960.0,24853.3
2025-12-03,12,PT1H,MC-MagdalenaEcop,15840.0,25282.8
2025-12-03,11,PT1H,MC-MagdalenaEcop,16160.0,26141.7
2025-12-03,10,PT1H,MC-MagdalenaEcop,18880.0,14149.5
2025-12-03,14,PT1H,MC-MagdalenaEcop,18120.0,25282.8
2025-12-03,8,PT1H,MC-MagdalenaEcop,25640.0,17453.2
2025-12-03,7,PT1H,MC-MagdalenaEcop,26240.0,15801.3
2025-12-03,6,PT1H,MC-MagdalenaEcop,26520.0,15966.5
2025-12-03,5,PT1H,MC-MagdalenaEcop,25520.0,17486.2
2025-12-03,4,PT1H,MC-MagdalenaEcop,23640.0,16495.1
2025-12-03,3,PT1H,MC-MagdalenaEcop,22120.0,16528.1
2025-12-03,2,PT1H,MC-MagdalenaEcop,22680.0,18543.4
2025-12-03,1,PT1H,MC-MagdalenaEcop,20000.0,18378.2
2025-12-03,23,PT1H,MC-MagdalenaEcop,22200.0,24522.9
2025-12-03,9,PT1H,MC-MagdalenaEcop,26320.0,16363.0
2025-12-04,11,PT1H,MC-MagdalenaEcop,12360.0,21872.6
2025-12-04,10,PT1H,MC-MagdalenaEcop,15120.0,20636.9
2025-12-04,9,PT1H,MC-MagdalenaEcop,18360.0,21048.8
2025-12-04,8,PT1H,MC-MagdalenaEcop,19880.0,22981.6
2025-12-04,4,PT1H,MC-MagdalenaEcop,29080.0,24122.3
2025-12-04,6,PT1H,MC-MagdalenaEcop,27080.0,25389.7
2025-12-04,5,PT1H,MC-MagdalenaEcop,29600.0,23837.1
2025-12-04,3,PT1H,MC-MagdalenaEcop,26480.0,23171.7
2025-12-04,12,PT1H,MC-MagdalenaEcop,12680.0,21365.7
2025-12-04,7,PT1H,MC-MagdalenaEcop,22400.0,24819.3
2025-12-04,13,PT1H,MC-MagdalenaEcop,13800.0,20193.3
2025-12-04,24,PT1H,MC-MagdalenaEcop,23400.0,17785.3
2025-12-04,15,PT1H,MC-MagdalenaEcop,20480.0,21809.3
2025-12-04,16,PT1H,MC-MagdalenaEcop,23560.0,20478.5
2025-12-04,17,PT1H,MC-MagdalenaEcop,24080.0,21714.2
2025-12-04,18,PT1H,MC-MagdalenaEcop,24320.0,21682.5
2025-12-04,19,PT1H,MC-MagdalenaEcop,24560.0,21799.3
2025-12-04,20,PT1H,MC-MagdalenaEcop,23800.0,20563.6
2025-12-04,21,PT1H,MC-MagdalenaEcop,23160.0,19993.2
2025-12-04,22,PT1H,MC-MagdalenaEcop,23960.0,19337.8
2025-12-04,23,PT1H,MC-MagdalenaEcop,25200.0,19623.0
2025-12-04,2,PT1H,MC-MagdalenaEcop,24840.0,22664.8
2025-12-04,14,PT1H,MC-MagdalenaEcop,16520.0,20193.3
2025-12-04,1,PT1H,MC-MagdalenaEcop,23520.0,22126.1
2025-12-05,2,PT1H,MC-MagdalenaEcop,29360.0,20265.2
2025-12-05,12,PT1H,MC-MagdalenaEcop,26880.0,24288.7
2025-12-05,23,PT1H,MC-MagdalenaEcop,31080.0,19886.9
2025-12-05,22,PT1H,MC-MagdalenaEcop,31320.0,21296.8
2025-12-05,3,PT1H,MC-MagdalenaEcop,31080.0,21503.2
2025-12-05,4,PT1H,MC-MagdalenaEcop,31120.0,21056.1
2025-12-05,5,PT1H,MC-MagdalenaEcop,32320.0,21365.6
2025-12-05,6,PT1H,MC-MagdalenaEcop,31080.0,23429.0
2025-12-05,7,PT1H,MC-MagdalenaEcop,29920.0,22259.7
2025-12-05,8,PT1H,MC-MagdalenaEcop,28240.0,21331.2
2025-12-05,24,PT1H,MC-MagdalenaEcop,30600.0,19749.3
2025-12-05,9,PT1H,MC-MagdalenaEcop,25480.0,22981.9
2025-12-05,11,PT1H,MC-MagdalenaEcop,24000.0,24529.4
2025-12-05,21,PT1H,MC-MagdalenaEcop,31840.0,21940.2
2025-12-05,13,PT1H,MC-MagdalenaEcop,28040.0,22431.7
2025-12-05,14,PT1H,MC-MagdalenaEcop,27440.0,21056.1
2025-12-05,15,PT1H,MC-MagdalenaEcop,29000.0,21434.4
2025-12-05,16,PT1H,MC-MagdalenaEcop,31560.0,21915.8
2025-12-05,17,PT1H,MC-MagdalenaEcop,32880.0,19027.2
2025-12-05,18,PT1H,MC-MagdalenaEcop,34240.0,19543.0
2025-12-05,10,PT1H,MC-MagdalenaEcop,26200.0,23257.0
2025-12-05,19,PT1H,MC-MagdalenaEcop,34960.0,22215.3
2025-12-05,1,PT1H,MC-MagdalenaEcop,21880.0,20299.6
2025-12-05,20,PT1H,MC-MagdalenaEcop,32440.0,22146.6
2025-12-06,20,PT1H,MC-MagdalenaEcop,24280.0,22213.9
2025-12-06,19,PT1H,MC-MagdalenaEcop,24480.0,24619.4
2025-12-06,18,PT1H,MC-MagdalenaEcop,22880.0,24967.7
2025-12-06,17,PT1H,MC-MagdalenaEcop,22840.0,24216.0
2025-12-06,16,PT1H,MC-MagdalenaEcop,20160.0,23201.1
2025-12-06,15,PT1H,MC-MagdalenaEcop,21360.0,22487.0
2025-12-06,14,PT1H,MC-MagdalenaEcop,20480.0,24065.6
2025-12-06,13,PT1H,MC-MagdalenaEcop,22680.0,23201.1
2025-12-06,23,PT1H,MC-MagdalenaEcop,21840.0,20006.2
2025-12-06,2,PT1H,MC-MagdalenaEcop,25880.0,21021.1
2025-12-06,10,PT1H,MC-MagdalenaEcop,22360.0,21472.1
2025-12-06,9,PT1H,MC-MagdalenaEcop,18960.0,18540.3
2025-12-06,8,PT1H,MC-MagdalenaEcop,19480.0,20043.8
2025-12-06,7,PT1H,MC-MagdalenaEcop,25280.0,21660.1
2025-12-06,6,PT1H,MC-MagdalenaEcop,28160.0,22223.9
2025-12-06,5,PT1H,MC-MagdalenaEcop,28280.0,18427.6
2025-12-06,4,PT1H,MC-MagdalenaEcop,24800.0,21133.8
2025-12-06,3,PT1H,MC-MagdalenaEcop,25880.0,21697.6
2025-12-06,11,PT1H,MC-MagdalenaEcop,25600.0,20194.2
2025-12-06,12,PT1H,MC-MagdalenaEcop,23680.0,19893.5
2025-12-06,1,PT1H,MC-MagdalenaEcop,28840.0,20570.0
2025-12-06,24,PT1H,MC-MagdalenaEcop,21560.0,21885.6
2025-12-06,21,PT1H,MC-MagdalenaEcop,22680.0,21762.8
2025-12-06,22,PT1H,MC-MagdalenaEcop,20760.0,19705.5
2025-12-07,3,PT1H,MC-MagdalenaEcop,22800.0,21779.6
2025-12-07,22,PT1H,MC-MagdalenaEcop,22880.0,22249.8
2025-12-07,21,PT1H,MC-MagdalenaEcop,22720.0,22565.2
2025-12-07,20,PT1H,MC-MagdalenaEcop,23920.0,23396.9
2025-12-07,19,PT1H,MC-MagdalenaEcop,24800.0,23867.1
2025-12-07,18,PT1H,MC-MagdalenaEcop,24960.0,23262.3
2025-12-07,17,PT1H,MC-MagdalenaEcop,24360.0,22611.4
2025-12-07,16,PT1H,MC-MagdalenaEcop,22720.0,22322.1
2025-12-07,15,PT1H,MC-MagdalenaEcop,23120.0,19573.8
2025-12-07,14,PT1H,MC-MagdalenaEcop,22120.0,19609.9
2025-12-07,13,PT1H,MC-MagdalenaEcop,20240.0,17982.6
2025-12-07,1,PT1H,MC-MagdalenaEcop,21080.0,23226.1
2025-12-07,11,PT1H,MC-MagdalenaEcop,20640.0,20152.3
2025-12-07,10,PT1H,MC-MagdalenaEcop,16920.0,20694.8
2025-12-07,9,PT1H,MC-MagdalenaEcop,17320.0,20767.1
2025-12-07,8,PT1H,MC-MagdalenaEcop,17000.0,20152.3
2025-12-07,7,PT1H,MC-MagdalenaEcop,18400.0,21309.5
2025-12-07,6,PT1H,MC-MagdalenaEcop,19200.0,22611.4
2025-12-07,5,PT1H,MC-MagdalenaEcop,20280.0,22466.7
2025-12-07,4,PT1H,MC-MagdalenaEcop,22240.0,22068.9
2025-12-07,2,PT1H,MC-MagdalenaEcop,23080.0,23117.7
2025-12-07,12,PT1H,MC-MagdalenaEcop,21360.0,18922.8
2025-12-07,23,PT1H,MC-MagdalenaEcop,22800.0,22647.5
2025-12-07,24,PT1H,MC-MagdalenaEcop,22320.0,21852.0
2025-12-08,24,PT1H,MC-MagdalenaEcop,20240.0,22353.4
2025-12-08,20,PT1H,MC-MagdalenaEcop,21680.0,23634.6
2025-12-08,19,PT1H,MC-MagdalenaEcop,21080.0,23849.7
2025-12-08,18,PT1H,MC-MagdalenaEcop,20440.0,23572.8
2025-12-08,17,PT1H,MC-MagdalenaEcop,19080.0,22281.7
2025-12-08,16,PT1H,MC-MagdalenaEcop,17160.0,23214.2
2025-12-08,15,PT1H,MC-MagdalenaEcop,15520.0,23895.6
2025-12-08,14,PT1H,MC-MagdalenaEcop,16640.0,23214.2
2025-12-08,13,PT1H,MC-MagdalenaEcop,16200.0,23142.5
2025-12-08,12,PT1H,MC-MagdalenaEcop,16080.0,22604.5
2025-12-08,11,PT1H,MC-MagdalenaEcop,18280.0,21026.5
2025-12-08,10,PT1H,MC-MagdalenaEcop,19840.0,21672.0
2025-12-08,9,PT1H,MC-MagdalenaEcop,20520.0,21456.8
2025-12-08,8,PT1H,MC-MagdalenaEcop,20000.0,21313.4
2025-12-08,7,PT1H,MC-MagdalenaEcop,21320.0,21313.4
2025-12-08,6,PT1H,MC-MagdalenaEcop,21520.0,21134.1
2025-12-08,5,PT1H,MC-MagdalenaEcop,20680.0,22353.4
2025-12-08,4,PT1H,MC-MagdalenaEcop,21400.0,21887.2
2025-12-08,3,PT1H,MC-MagdalenaEcop,21640.0,21994.8
2025-12-08,2,PT1H,MC-MagdalenaEcop,21760.0,22568.6
2025-12-08,1,PT1H,MC-MagdalenaEcop,22240.0,20380.9
2025-12-08,23,PT1H,MC-MagdalenaEcop,20200.0,22748.0
2025-12-08,22,PT1H,MC-MagdalenaEcop,20280.0,22963.1
2025-12-08,21,PT1H,MC-MagdalenaEcop,20360.0,23634.6
2025-12-09,24,PT1H,MC-MagdalenaEcop,17080.0,21981.8
2025-12-09,13,PT1H,MC-MagdalenaEcop,18560.0,24186.7
2025-12-09,21,PT1H,MC-MagdalenaEcop,20280.0,20424.5
2025-12-09,20,PT1H,MC-MagdalenaEcop,20360.0,21623.7
2025-12-09,19,PT1H,MC-MagdalenaEcop,19520.0,21662.4
2025-12-09,18,PT1H,MC-MagdalenaEcop,19480.0,20860.0
2025-12-09,17,PT1H,MC-MagdalenaEcop,18520.0,21130.8
2025-12-09,16,PT1H,MC-MagdalenaEcop,18480.0,21827.1
2025-12-09,15,PT1H,MC-MagdalenaEcop,20120.0,24070.7
2025-12-09,14,PT1H,MC-MagdalenaEcop,19680.0,24148.1
2025-12-09,12,PT1H,MC-MagdalenaEcop,19320.0,24186.7
2025-12-09,11,PT1H,MC-MagdalenaEcop,18600.0,22175.2
2025-12-09,10,PT1H,MC-MagdalenaEcop,19720.0,19776.9
2025-12-09,9,PT1H,MC-MagdalenaEcop,17400.0,22600.7
2025-12-09,8,PT1H,MC-MagdalenaEcop,17960.0,22136.5
2025-12-09,7,PT1H,MC-MagdalenaEcop,19720.0,22832.8
2025-12-09,6,PT1H,MC-MagdalenaEcop,22120.0,23567.8
2025-12-09,5,PT1H,MC-MagdalenaEcop,20840.0,20782.6
2025-12-09,4,PT1H,MC-MagdalenaEcop,20520.0,23026.2
2025-12-09,3,PT1H,MC-MagdalenaEcop,20080.0,24689.6
2025-12-09,1,PT1H,MC-MagdalenaEcop,20400.0,24921.7
2025-12-09,22,PT1H,MC-MagdalenaEcop,15920.0,19544.8
2025-12-09,23,PT1H,MC-MagdalenaEcop,17360.0,21246.8
2025-12-09,2,PT1H,MC-MagdalenaEcop,20400.0,24805.7
2025-12-10,4,PT1H,MC-MagdalenaEcop,23280.0,21093.1
2025-12-10,6,PT1H,MC-MagdalenaEcop,22920.0,22578.9
2025-12-10,5,PT1H,MC-MagdalenaEcop,22840.0,20892.3
2025-12-10,3,PT1H,MC-MagdalenaEcop,23240.0,22217.5
2025-12-10,2,PT1H,MC-MagdalenaEcop,20720.0,23382.1
2025-12-10,1,PT1H,MC-MagdalenaEcop,20360.0,23141.1
2025-12-10,8,PT1H,MC-MagdalenaEcop,20760.0,21293.9
2025-12-10,9,PT1H,MC-MagdalenaEcop,19080.0,22217.5
2025-12-10,10,PT1H,MC-MagdalenaEcop,18000.0,22980.5
2025-12-10,11,PT1H,MC-MagdalenaEcop,19200.0,22659.2
2025-12-10,12,PT1H,MC-MagdalenaEcop,16920.0,23502.6
2025-12-10,13,PT1H,MC-MagdalenaEcop,16440.0,23823.8
2025-12-10,7,PT1H,MC-MagdalenaEcop,21840.0,23582.9
2025-12-10,15,PT1H,MC-MagdalenaEcop,21080.0,25992.4
2025-12-10,24,PT1H,MC-MagdalenaEcop,25560.0,22297.8
2025-12-10,14,PT1H,MC-MagdalenaEcop,17240.0,24506.5
2025-12-10,22,PT1H,MC-MagdalenaEcop,25600.0,20450.5
2025-12-10,21,PT1H,MC-MagdalenaEcop,23120.0,20159.4
2025-12-10,20,PT1H,MC-MagdalenaEcop,22400.0,20721.7
2025-12-10,23,PT1H,MC-MagdalenaEcop,25440.0,20972.6
2025-12-10,19,PT1H,MC-MagdalenaEcop,21360.0,22287.8
2025-12-10,18,PT1H,MC-MagdalenaEcop,21240.0,20691.5
2025-12-10,17,PT1H,MC-MagdalenaEcop,19800.0,21856.1
2025-12-10,16,PT1H,MC-MagdalenaEcop,22440.0,24908.1
2025-12-11,13,PT1H,MC-MagdalenaEcop,9200.0,25548.8
2025-12-11,14,PT1H,MC-MagdalenaEcop,3800.0,22703.3
2025-12-11,15,PT1H,MC-MagdalenaEcop,9560.0,23089.7
2025-12-11,16,PT1H,MC-MagdalenaEcop,20680.0,22703.3
2025-12-11,17,PT1H,MC-MagdalenaEcop,27160.0,21649.4
2025-12-11,18,PT1H,MC-MagdalenaEcop,28800.0,21930.5
2025-12-11,20,PT1H,MC-MagdalenaEcop,28360.0,21393.5
2025-12-11,24,PT1H,MC-MagdalenaEcop,25840.0,21614.3
2025-12-11,21,PT1H,MC-MagdalenaEcop,27480.0,22623.0
2025-12-11,22,PT1H,MC-MagdalenaEcop,27200.0,23827.4
2025-12-11,23,PT1H,MC-MagdalenaEcop,26640.0,22808.7
2025-12-11,19,PT1H,MC-MagdalenaEcop,29320.0,22271.8
2025-12-11,12,PT1H,MC-MagdalenaEcop,5720.0,25829.8
2025-12-11,10,PT1H,MC-MagdalenaEcop,12520.0,21895.3
2025-12-11,9,PT1H,MC-MagdalenaEcop,18080.0,21930.5
2025-12-11,8,PT1H,MC-MagdalenaEcop,22080.0,21052.2
2025-12-11,7,PT1H,MC-MagdalenaEcop,22560.0,21508.9
2025-12-11,6,PT1H,MC-MagdalenaEcop,24400.0,21684.6
2025-12-11,5,PT1H,MC-MagdalenaEcop,24280.0,21754.8
2025-12-11,4,PT1H,MC-MagdalenaEcop,21840.0,21473.8
2025-12-11,3,PT1H,MC-MagdalenaEcop,23960.0,20876.6
2025-12-11,2,PT1H,MC-MagdalenaEcop,24760.0,21579.2
2025-12-11,1,PT1H,MC-MagdalenaEcop,24720.0,21965.6
2025-12-11,11,PT1H,MC-MagdalenaEcop,9800.0,24494.9
2025-12-12,23,PT1H,MC-MagdalenaEcop,26440.0,21868.9
2025-12-12,6,PT1H,MC-MagdalenaEcop,24640.0,21119.1
2025-12-12,5,PT1H,MC-MagdalenaEcop,25280.0,21681.5
2025-12-12,4,PT1H,MC-MagdalenaEcop,25040.0,24381.0
2025-12-12,20,PT1H,MC-MagdalenaEcop,28440.0,19909.3
2025-12-12,2,PT1H,MC-MagdalenaEcop,23200.0,24118.6
2025-12-12,1,PT1H,MC-MagdalenaEcop,25280.0,24118.6
2025-12-12,24,PT1H,MC-MagdalenaEcop,24920.0,21119.1
2025-12-12,7,PT1H,MC-MagdalenaEcop,21400.0,22693.8
2025-12-12,3,PT1H,MC-MagdalenaEcop,23280.0,24681.0
2025-12-12,8,PT1H,MC-MagdalenaEcop,17000.0,23518.7
2025-12-12,13,PT1H,MC-MagdalenaEcop,9440.0,22618.8
2025-12-12,10,PT1H,MC-MagdalenaEcop,14160.0,21569.0
2025-12-12,11,PT1H,MC-MagdalenaEcop,12400.0,22468.8
2025-12-12,12,PT1H,MC-MagdalenaEcop,11040.0,23181.2
2025-12-12,14,PT1H,MC-MagdalenaEcop,9880.0,22356.4
2025-12-12,15,PT1H,MC-MagdalenaEcop,16600.0,22281.4
2025-12-12,16,PT1H,MC-MagdalenaEcop,21440.0,22243.9
2025-12-12,17,PT1H,MC-MagdalenaEcop,24840.0,22768.8
2025-12-12,18,PT1H,MC-MagdalenaEcop,27560.0,23481.2
2025-12-12,19,PT1H,MC-MagdalenaEcop,28400.0,20809.1
2025-12-12,9,PT1H,MC-MagdalenaEcop,16840.0,23068.7
2025-12-12,22,PT1H,MC-MagdalenaEcop,26680.0,21531.5
2025-12-12,21,PT1H,MC-MagdalenaEcop,26960.0,20621.6
2025-12-13,1,PT1H,MC-MagdalenaEcop,24920.0,22328.1
2025-12-13,24,PT1H,MC-MagdalenaEcop,27680.0,25088.3
2025-12-13,22,PT1H,MC-MagdalenaEcop,27600.0,24851.7
2025-12-13,21,PT1H,MC-MagdalenaEcop,27320.0,26221.8
2025-12-13,20,PT1H,MC-MagdalenaEcop,28840.0,26261.2
2025-12-13,19,PT1H,MC-MagdalenaEcop,29600.0,26300.6
2025-12-13,18,PT1H,MC-MagdalenaEcop,28040.0,25758.6
2025-12-13,17,PT1H,MC-MagdalenaEcop,22600.0,21854.9
2025-12-13,16,PT1H,MC-MagdalenaEcop,22080.0,20829.7
2025-12-13,15,PT1H,MC-MagdalenaEcop,14200.0,20672.0
2025-12-13,14,PT1H,MC-MagdalenaEcop,9560.0,20908.6
2025-12-13,13,PT1H,MC-MagdalenaEcop,9640.0,21539.5
2025-12-13,23,PT1H,MC-MagdalenaEcop,27680.0,24260.2
2025-12-13,11,PT1H,MC-MagdalenaEcop,13320.0,19922.8
2025-12-13,12,PT1H,MC-MagdalenaEcop,13560.0,22919.6
2025-12-13,3,PT1H,MC-MagdalenaEcop,26240.0,21460.6
2025-12-13,4,PT1H,MC-MagdalenaEcop,26080.0,20869.1
2025-12-13,5,PT1H,MC-MagdalenaEcop,25960.0,21145.2
2025-12-13,2,PT1H,MC-MagdalenaEcop,26160.0,22801.3
2025-12-13,7,PT1H,MC-MagdalenaEcop,23680.0,20159.4
2025-12-13,8,PT1H,MC-MagdalenaEcop,18680.0,20593.1
2025-12-13,9,PT1H,MC-MagdalenaEcop,14440.0,20277.7
2025-12-13,10,PT1H,MC-MagdalenaEcop,11000.0,20672.0
2025-12-13,6,PT1H,MC-MagdalenaEcop,25920.0,20514.3
2025-12-14,4,PT1H,MC-MagdalenaEcop,24840.0,21617.3
2025-12-14,12,PT1H,MC-MagdalenaEcop,20800.0,22619.0
2025-12-14,5,PT1H,MC-MagdalenaEcop,25040.0,23370.2
2025-12-14,6,PT1H,MC-MagdalenaEcop,25000.0,23370.2
2025-12-14,7,PT1H,MC-MagdalenaEcop,23360.0,21903.5
2025-12-14,8,PT1H,MC-MagdalenaEcop,20320.0,21581.5
2025-12-14,9,PT1H,MC-MagdalenaEcop,14760.0,21796.2
2025-12-14,10,PT1H,MC-MagdalenaEcop,19000.0,21867.7
2025-12-14,11,PT1H,MC-MagdalenaEcop,18840.0,22440.1
2025-12-14,13,PT1H,MC-MagdalenaEcop,17880.0,20544.1
2025-12-14,19,PT1H,MC-MagdalenaEcop,28840.0,22752.0
2025-12-14,15,PT1H,MC-MagdalenaEcop,20320.0,24300.3
2025-12-14,16,PT1H,MC-MagdalenaEcop,22920.0,24586.5
2025-12-14,17,PT1H,MC-MagdalenaEcop,25680.0,23012.5
2025-12-14,18,PT1H,MC-MagdalenaEcop,28120.0,23012.5
2025-12-14,3,PT1H,MC-MagdalenaEcop,24520.0,21581.5
2025-12-14,20,PT1H,MC-MagdalenaEcop,29320.0,22251.2
2025-12-14,1,PT1H,MC-MagdalenaEcop,27440.0,22404.3
2025-12-14,23,PT1H,MC-MagdalenaEcop,26760.0,21653.1
2025-12-14,21,PT1H,MC-MagdalenaEcop,28160.0,23074.0
2025-12-14,24,PT1H,MC-MagdalenaEcop,25560.0,20365.2
2025-12-14,14,PT1H,MC-MagdalenaEcop,18520.0,24228.8
2025-12-14,2,PT1H,MC-MagdalenaEcop,27320.0,22082.3
2025-12-14,22,PT1H,MC-MagdalenaEcop,27160.0,21796.2
2025-12-15,22,PT1H,MC-MagdalenaEcop,26920.0,22891.0
2025-12-15,20,PT1H,MC-MagdalenaEcop,40.0,20830.9
2025-12-15,19,PT1H,MC-MagdalenaEcop,19360.0,19842.4
2025-12-15,18,PT1H,MC-MagdalenaEcop,24360.0,20365.0
2025-12-15,17,PT1H,MC-MagdalenaEcop,26240.0,20181.9
2025-12-15,16,PT1H,MC-MagdalenaEcop,24520.0,20145.3
2025-12-15,15,PT1H,MC-MagdalenaEcop,22080.0,20621.2
2025-12-15,14,PT1H,MC-MagdalenaEcop,23320.0,20914.1
2025-12-15,13,PT1H,MC-MagdalenaEcop,22040.0,20877.5
2025-12-15,21,PT1H,MC-MagdalenaEcop,8200.0,22039.0
2025-12-15,12,PT1H,MC-MagdalenaEcop,26080.0,21243.6
2025-12-15,10,PT1H,MC-MagdalenaEcop,23880.0,19889.0
2025-12-15,9,PT1H,MC-MagdalenaEcop,25120.0,18717.5
2025-12-15,8,PT1H,MC-MagdalenaEcop,25240.0,19449.7
2025-12-15,7,PT1H,MC-MagdalenaEcop,25040.0,19230.1
2025-12-15,6,PT1H,MC-MagdalenaEcop,26440.0,19596.2
2025-12-15,5,PT1H,MC-MagdalenaEcop,26880.0,15093.2
2025-12-15,4,PT1H,MC-MagdalenaEcop,26720.0,8759.7
2025-12-15,3,PT1H,MC-MagdalenaEcop,25280.0,13409.1
2025-12-15,11,PT1H,MC-MagdalenaEcop,24360.0,20621.2
2025-12-15,2,PT1H,MC-MagdalenaEcop,23760.0,19742.6
2025-12-15,1,PT1H,MC-MagdalenaEcop,25000.0,20181.9
2025-12-15,24,PT1H,MC-MagdalenaEcop,25160.0,23000.9
2025-12-15,23,PT1H,MC-MagdalenaEcop,28120.0,23367.0
2025-12-16,4,PT1H,MC-MagdalenaEcop,30360.0,21290.6
2025-12-16,24,PT1H,MC-MagdalenaEcop,17760.0,15425.9
2025-12-16,23,PT1H,MC-MagdalenaEcop,17360.0,18341.5
2025-12-16,1,PT1H,MC-MagdalenaEcop,25880.0,21525.2
2025-12-16,22,PT1H,MC-MagdalenaEcop,15840.0,20151.2
2025-12-16,21,PT1H,MC-MagdalenaEcop,14640.0,21381.2
2025-12-16,20,PT1H,MC-MagdalenaEcop,14240.0,22118.4
2025-12-16,19,PT1H,MC-MagdalenaEcop,13920.0,23358.4
2025-12-16,18,PT1H,MC-MagdalenaEcop,13720.0,22329.5
2025-12-16,17,PT1H,MC-MagdalenaEcop,10360.0,20385.8
2025-12-16,16,PT1H,MC-MagdalenaEcop,8040.0,21123.1
2025-12-16,15,PT1H,MC-MagdalenaEcop,1320.0,22396.5
2025-12-16,14,PT1H,MC-MagdalenaEcop,1840.0,22664.6
2025-12-16,13,PT1H,MC-MagdalenaEcop,120.0,22865.7
2025-12-16,12,PT1H,MC-MagdalenaEcop,2760.0,21391.2
2025-12-16,11,PT1H,MC-MagdalenaEcop,6760.0,19916.6
2025-12-16,10,PT1H,MC-MagdalenaEcop,10440.0,20419.3
2025-12-16,2,PT1H,MC-MagdalenaEcop,29120.0,21860.3
2025-12-16,9,PT1H,MC-MagdalenaEcop,15160.0,21458.2
2025-12-16,8,PT1H,MC-MagdalenaEcop,16720.0,21223.6
2025-12-16,7,PT1H,MC-MagdalenaEcop,22960.0,18341.5
2025-12-16,6,PT1H,MC-MagdalenaEcop,25520.0,17034.5
2025-12-16,3,PT1H,MC-MagdalenaEcop,28880.0,21860.3
2025-12-16,5,PT1H,MC-MagdalenaEcop,26920.0,19346.9
2025-12-17,24,PT1H,MC-MagdalenaEcop,26960.0,20763.2
2025-12-17,16,PT1H,MC-MagdalenaEcop,24640.0,16955.3
2025-12-17,22,PT1H,MC-MagdalenaEcop,30240.0,21372.4
2025-12-17,23,PT1H,MC-MagdalenaEcop,28240.0,21144.0
2025-12-17,21,PT1H,MC-MagdalenaEcop,31480.0,22542.9
2025-12-17,20,PT1H,MC-MagdalenaEcop,34240.0,21781.3
2025-12-17,19,PT1H,MC-MagdalenaEcop,36800.0,22999.8
2025-12-17,18,PT1H,MC-MagdalenaEcop,37320.0,24380.7
2025-12-17,17,PT1H,MC-MagdalenaEcop,30600.0,18859.2
2025-12-17,14,PT1H,MC-MagdalenaEcop,13680.0,17259.9
2025-12-17,13,PT1H,MC-MagdalenaEcop,12200.0,16155.6
2025-12-17,12,PT1H,MC-MagdalenaEcop,7760.0,15089.4
2025-12-17,11,PT1H,MC-MagdalenaEcop,7880.0,15394.0
2025-12-17,15,PT1H,MC-MagdalenaEcop,20000.0,17259.9
2025-12-17,9,PT1H,MC-MagdalenaEcop,8080.0,25066.1
2025-12-17,10,PT1H,MC-MagdalenaEcop,18080.0,17983.4
2025-12-17,2,PT1H,MC-MagdalenaEcop,16760.0,21600.9
2025-12-17,3,PT1H,MC-MagdalenaEcop,17120.0,21067.8
2025-12-17,4,PT1H,MC-MagdalenaEcop,17200.0,22514.8
2025-12-17,1,PT1H,MC-MagdalenaEcop,17440.0,19049.6
2025-12-17,6,PT1H,MC-MagdalenaEcop,16560.0,25256.5
2025-12-17,7,PT1H,MC-MagdalenaEcop,16400.0,24990.0
2025-12-17,8,PT1H,MC-MagdalenaEcop,13600.0,24418.8
2025-12-17,5,PT1H,MC-MagdalenaEcop,16800.0,24304.5
2025-12-18,3,PT1H,MC-MagdalenaEcop,29080.0,24974.1
2025-12-18,6,PT1H,MC-MagdalenaEcop,25760.0,25539.8
2025-12-18,7,PT1H,MC-MagdalenaEcop,24480.0,21127.7
2025-12-18,8,PT1H,MC-MagdalenaEcop,18080.0,18751.9
2025-12-18,9,PT1H,MC-MagdalenaEcop,12320.0,17319.0
2025-12-18,10,PT1H,MC-MagdalenaEcop,10520.0,14264.4
2025-12-18,11,PT1H,MC-MagdalenaEcop,10120.0,11662.4
2025-12-18,12,PT1H,MC-MagdalenaEcop,14360.0,11964.1
2025-12-18,14,PT1H,MC-MagdalenaEcop,9840.0,15584.3
2025-12-18,24,PT1H,MC-MagdalenaEcop,28600.0,22070.4
2025-12-18,16,PT1H,MC-MagdalenaEcop,12360.0,22221.3
2025-12-18,17,PT1H,MC-MagdalenaEcop,17440.0,22711.5
2025-12-18,18,PT1H,MC-MagdalenaEcop,21200.0,22937.8
2025-12-18,19,PT1H,MC-MagdalenaEcop,21360.0,23154.0
2025-12-18,20,PT1H,MC-MagdalenaEcop,20640.0,22437.5
2025-12-18,21,PT1H,MC-MagdalenaEcop,20160.0,21834.2
2025-12-18,22,PT1H,MC-MagdalenaEcop,20800.0,22598.4
2025-12-18,23,PT1H,MC-MagdalenaEcop,27800.0,23767.4
2025-12-18,2,PT1H,MC-MagdalenaEcop,29640.0,23428.0
2025-12-18,15,PT1H,MC-MagdalenaEcop,11120.0,19317.6
2025-12-18,1,PT1H,MC-MagdalenaEcop,26920.0,22183.6
2025-12-18,13,PT1H,MC-MagdalenaEcop,11360.0,13020.0
2025-12-18,4,PT1H,MC-MagdalenaEcop,28240.0,27425.3
2025-12-18,5,PT1H,MC-MagdalenaEcop,26480.0,27915.5
2025-12-19,23,PT1H,MC-MagdalenaEcop,40600.0,20498.7
2025-12-19,24,PT1H,MC-MagdalenaEcop,41160.0,20182.2
2025-12-19,1,PT1H,MC-MagdalenaEcop,28000.0,14433.8
2025-12-19,2,PT1H,MC-MagdalenaEcop,29400.0,19364.8
2025-12-19,3,PT1H,MC-MagdalenaEcop,30360.0,20498.7
2025-12-19,4,PT1H,MC-MagdalenaEcop,30640.0,20525.0
2025-12-19,5,PT1H,MC-MagdalenaEcop,30640.0,21316.1
2025-12-19,6,PT1H,MC-MagdalenaEcop,30480.0,20498.7
2025-12-19,7,PT1H,MC-MagdalenaEcop,30200.0,19734.0
2025-12-19,8,PT1H,MC-MagdalenaEcop,29600.0,18626.5
2025-12-19,9,PT1H,MC-MagdalenaEcop,22200.0,16807.0
2025-12-19,22,PT1H,MC-MagdalenaEcop,37000.0,20656.9
2025-12-19,11,PT1H,MC-MagdalenaEcop,28240.0,15831.4
2025-12-19,10,PT1H,MC-MagdalenaEcop,20560.0,17281.7
2025-12-19,20,PT1H,MC-MagdalenaEcop,37800.0,21385.2
2025-12-19,19,PT1H,MC-MagdalenaEcop,45480.0,23046.5
2025-12-19,18,PT1H,MC-MagdalenaEcop,43600.0,22581.8
2025-12-19,17,PT1H,MC-MagdalenaEcop,37120.0,21685.3
2025-12-19,21,PT1H,MC-MagdalenaEcop,36800.0,20989.7
2025-12-19,15,PT1H,MC-MagdalenaEcop,15480.0,19127.5
2025-12-19,14,PT1H,MC-MagdalenaEcop,20440.0,18099.1
2025-12-19,13,PT1H,MC-MagdalenaEcop,28920.0,18494.6
2025-12-19,12,PT1H,MC-MagdalenaEcop,29160.0,17729.9
2025-12-19,16,PT1H,MC-MagdalenaEcop,22920.0,20815.1
2025-12-20,1,PT1H,MC-MagdalenaEcop,38880.0,24077.5
2025-12-20,11,PT1H,MC-MagdalenaEcop,11880.0,21373.6
2025-12-20,2,PT1H,MC-MagdalenaEcop,39480.0,21607.3
2025-12-20,3,PT1H,MC-MagdalenaEcop,40000.0,21607.3
2025-12-20,4,PT1H,MC-MagdalenaEcop,39680.0,20706.0
2025-12-20,5,PT1H,MC-MagdalenaEcop,36240.0,23610.1
2025-12-20,6,PT1H,MC-MagdalenaEcop,32040.0,23510.0
2025-12-20,7,PT1H,MC-MagdalenaEcop,29120.0,21106.6
2025-12-20,9,PT1H,MC-MagdalenaEcop,21960.0,15832.4
2025-12-20,10,PT1H,MC-MagdalenaEcop,17280.0,18669.8
2025-12-20,12,PT1H,MC-MagdalenaEcop,10080.0,19771.4
2025-12-20,8,PT1H,MC-MagdalenaEcop,25560.0,16266.4
2025-12-20,24,PT1H,MC-MagdalenaEcop,26920.0,18002.2
2025-12-20,13,PT1H,MC-MagdalenaEcop,10840.0,18936.8
2025-12-20,23,PT1H,MC-MagdalenaEcop,27400.0,18235.9
2025-12-20,22,PT1H,MC-MagdalenaEcop,26160.0,17334.6
2025-12-20,21,PT1H,MC-MagdalenaEcop,26680.0,18926.8
2025-12-20,20,PT1H,MC-MagdalenaEcop,27320.0,20262.1
2025-12-20,14,PT1H,MC-MagdalenaEcop,11880.0,17100.9
2025-12-20,18,PT1H,MC-MagdalenaEcop,26640.0,19103.8
2025-12-20,17,PT1H,MC-MagdalenaEcop,23000.0,19070.4
2025-12-20,16,PT1H,MC-MagdalenaEcop,18600.0,16833.9
2025-12-20,15,PT1H,MC-MagdalenaEcop,15240.0,17835.3
2025-12-20,19,PT1H,MC-MagdalenaEcop,27600.0,20429.0
2025-12-21,22,PT1H,MC-MagdalenaEcop,30840.0,20798.7
2025-12-21,21,PT1H,MC-MagdalenaEcop,31480.0,20643.4
2025-12-21,20,PT1H,MC-MagdalenaEcop,32480.0,21733.7
2025-12-21,19,PT1H,MC-MagdalenaEcop,33640.0,22533.3
2025-12-21,18,PT1H,MC-MagdalenaEcop,33000.0,22688.6
2025-12-21,17,PT1H,MC-MagdalenaEcop,29240.0,22143.5
2025-12-21,16,PT1H,MC-MagdalenaEcop,20440.0,20653.4
2025-12-21,15,PT1H,MC-MagdalenaEcop,15520.0,21016.8
2025-12-21,14,PT1H,MC-MagdalenaEcop,18840.0,20108.2
2025-12-21,13,PT1H,MC-MagdalenaEcop,20200.0,18400.0
2025-12-21,11,PT1H,MC-MagdalenaEcop,18480.0,18763.5
2025-12-21,10,PT1H,MC-MagdalenaEcop,15080.0,15383.5
2025-12-21,9,PT1H,MC-MagdalenaEcop,17960.0,15746.9
2025-12-21,8,PT1H,MC-MagdalenaEcop,22440.0,15456.2
2025-12-21,2,PT1H,MC-MagdalenaEcop,27840.0,20980.5
2025-12-21,6,PT1H,MC-MagdalenaEcop,27480.0,17455.1
2025-12-21,5,PT1H,MC-MagdalenaEcop,27400.0,18436.4
2025-12-21,4,PT1H,MC-MagdalenaEcop,26440.0,20217.2
2025-12-21,3,PT1H,MC-MagdalenaEcop,27520.0,20726.1
2025-12-21,1,PT1H,MC-MagdalenaEcop,28080.0,19163.3
2025-12-21,12,PT1H,MC-MagdalenaEcop,21640.0,19417.7
2025-12-21,7,PT1H,MC-MagdalenaEcop,26080.0,16728.2
2025-12-21,24,PT1H,MC-MagdalenaEcop,31600.0,20289.9
2025-12-21,23,PT1H,MC-MagdalenaEcop,30840.0,20726.1
2025-12-22,1,PT1H,MC-MagdalenaEcop,31720.0,22326.9
2025-12-22,24,PT1H,MC-MagdalenaEcop,35720.0,20320.0
2025-12-22,2,PT1H,MC-MagdalenaEcop,31120.0,21845.3
2025-12-22,23,PT1H,MC-MagdalenaEcop,36880.0,20279.9
2025-12-22,22,PT1H,MC-MagdalenaEcop,32280.0,20360.1
2025-12-22,21,PT1H,MC-MagdalenaEcop,30880.0,20430.4
2025-12-22,20,PT1H,MC-MagdalenaEcop,31480.0,21755.0
2025-12-22,19,PT1H,MC-MagdalenaEcop,32680.0,21152.9
2025-12-22,17,PT1H,MC-MagdalenaEcop,29960.0,19156.0
2025-12-22,16,PT1H,MC-MagdalenaEcop,24840.0,17229.4
2025-12-22,15,PT1H,MC-MagdalenaEcop,19400.0,15583.7
2025-12-22,18,PT1H,MC-MagdalenaEcop,30640.0,20520.7
2025-12-22,13,PT1H,MC-MagdalenaEcop,12800.0,16266.0
2025-12-22,12,PT1H,MC-MagdalenaEcop,18440.0,16145.6
2025-12-22,11,PT1H,MC-MagdalenaEcop,16800.0,18353.2
2025-12-22,10,PT1H,MC-MagdalenaEcop,20040.0,19918.6
2025-12-22,9,PT1H,MC-MagdalenaEcop,22640.0,20601.0
2025-12-22,8,PT1H,MC-MagdalenaEcop,24160.0,20079.2
2025-12-22,7,PT1H,MC-MagdalenaEcop,29000.0,21403.7
2025-12-22,6,PT1H,MC-MagdalenaEcop,30760.0,21604.4
2025-12-22,14,PT1H,MC-MagdalenaEcop,17160.0,16707.6
2025-12-22,5,PT1H,MC-MagdalenaEcop,30120.0,20761.5
2025-12-22,4,PT1H,MC-MagdalenaEcop,30600.0,21484.0
2025-12-22,3,PT1H,MC-MagdalenaEcop,30360.0,21724.8
2025-12-23,10,PT1H,MC-MagdalenaEcop,17760.0,20265.6
2025-12-23,11,PT1H,MC-MagdalenaEcop,16520.0,19115.2
2025-12-23,12,PT1H,MC-MagdalenaEcop,19120.0,19854.7
2025-12-23,16,PT1H,MC-MagdalenaEcop,25960.0,18991.9
2025-12-23,14,PT1H,MC-MagdalenaEcop,18320.0,20224.5
2025-12-23,9,PT1H,MC-MagdalenaEcop,23760.0,17882.6
2025-12-23,13,PT1H,MC-MagdalenaEcop,18640.0,19074.1
2025-12-23,8,PT1H,MC-MagdalenaEcop,28800.0,18457.8
2025-12-23,24,PT1H,MC-MagdalenaEcop,35000.0,17553.9
2025-12-23,6,PT1H,MC-MagdalenaEcop,31960.0,22730.8
2025-12-23,5,PT1H,MC-MagdalenaEcop,32000.0,21416.0
2025-12-23,3,PT1H,MC-MagdalenaEcop,32440.0,20635.4
2025-12-23,2,PT1H,MC-MagdalenaEcop,31880.0,20964.1
2025-12-23,1,PT1H,MC-MagdalenaEcop,35200.0,20964.1
2025-12-23,21,PT1H,MC-MagdalenaEcop,36920.0,20830.8
2025-12-23,22,PT1H,MC-MagdalenaEcop,35440.0,16362.4
2025-12-23,23,PT1H,MC-MagdalenaEcop,35280.0,17841.5
2025-12-23,17,PT1H,MC-MagdalenaEcop,33440.0,19033.0
2025-12-23,7,PT1H,MC-MagdalenaEcop,31080.0,20265.6
2025-12-23,18,PT1H,MC-MagdalenaEcop,37640.0,20019.1
2025-12-23,4,PT1H,MC-MagdalenaEcop,32240.0,21087.3
2025-12-23,15,PT1H,MC-MagdalenaEcop,20960.0,20676.5
2025-12-23,20,PT1H,MC-MagdalenaEcop,38120.0,20913.0
2025-12-23,19,PT1H,MC-MagdalenaEcop,38800.0,20050.2
2025-12-24,23,PT1H,MC-MagdalenaEcop,34000.0,23414.3
2025-12-24,24,PT1H,MC-MagdalenaEcop,34080.0,23524.7
2025-12-24,21,PT1H,MC-MagdalenaEcop,34640.0,21270.0
2025-12-24,2,PT1H,MC-MagdalenaEcop,34320.0,19072.0
2025-12-24,3,PT1H,MC-MagdalenaEcop,33040.0,21390.4
2025-12-24,4,PT1H,MC-MagdalenaEcop,32120.0,21427.2
2025-12-24,5,PT1H,MC-MagdalenaEcop,32160.0,21022.4
2025-12-24,20,PT1H,MC-MagdalenaEcop,35000.0,20607.6
2025-12-24,6,PT1H,MC-MagdalenaEcop,34880.0,21096.0
2025-12-24,7,PT1H,MC-MagdalenaEcop,33080.0,20102.4
2025-12-24,8,PT1H,MC-MagdalenaEcop,27400.0,19108.8
2025-12-24,22,PT1H,MC-MagdalenaEcop,34320.0,23561.5
2025-12-24,9,PT1H,MC-MagdalenaEcop,23280.0,17563.2
2025-12-24,10,PT1H,MC-MagdalenaEcop,18920.0,16569.7
2025-12-24,11,PT1H,MC-MagdalenaEcop,14560.0,17673.6
2025-12-24,12,PT1H,MC-MagdalenaEcop,11880.0,15576.1
2025-12-24,13,PT1H,MC-MagdalenaEcop,11480.0,15134.5
2025-12-24,14,PT1H,MC-MagdalenaEcop,15120.0,15870.5
2025-12-24,15,PT1H,MC-MagdalenaEcop,19600.0,19403.2
2025-12-24,16,PT1H,MC-MagdalenaEcop,24160.0,20654.4
2025-12-24,17,PT1H,MC-MagdalenaEcop,29800.0,18225.6
2025-12-24,18,PT1H,MC-MagdalenaEcop,34640.0,19550.4
2025-12-24,19,PT1H,MC-MagdalenaEcop,35600.0,19650.8
2025-12-24,1,PT1H,MC-MagdalenaEcop,34640.0,18740.8
2025-12-25,10,PT1H,MC-MagdalenaEcop,18120.0,11808.1
2025-12-25,9,PT1H,MC-MagdalenaEcop,21680.0,17047.5
2025-12-25,8,PT1H,MC-MagdalenaEcop,27000.0,20816.8
2025-12-25,7,PT1H,MC-MagdalenaEcop,33120.0,21269.1
2025-12-25,2,PT1H,MC-MagdalenaEcop,31240.0,23342.3
2025-12-25,5,PT1H,MC-MagdalenaEcop,30800.0,22889.9
2025-12-25,4,PT1H,MC-MagdalenaEcop,31480.0,20590.6
2025-12-25,3,PT1H,MC-MagdalenaEcop,31560.0,22588.4
2025-12-25,11,PT1H,MC-MagdalenaEcop,15800.0,9244.9
2025-12-25,6,PT1H,MC-MagdalenaEcop,34480.0,23003.0
2025-12-25,12,PT1H,MC-MagdalenaEcop,14960.0,5400.2
2025-12-25,18,PT1H,MC-MagdalenaEcop,35440.0,27149.3
2025-12-25,14,PT1H,MC-MagdalenaEcop,15720.0,3590.9
2025-12-25,15,PT1H,MC-MagdalenaEcop,22160.0,9018.7
2025-12-25,16,PT1H,MC-MagdalenaEcop,29760.0,19497.5
2025-12-25,17,PT1H,MC-MagdalenaEcop,30640.0,25603.9
2025-12-25,19,PT1H,MC-MagdalenaEcop,36440.0,27629.3
2025-12-25,20,PT1H,MC-MagdalenaEcop,36560.0,26724.7
2025-12-25,21,PT1H,MC-MagdalenaEcop,35440.0,25895.4
2025-12-25,22,PT1H,MC-MagdalenaEcop,33920.0,25641.6
2025-12-25,23,PT1H,MC-MagdalenaEcop,33560.0,25113.9
2025-12-25,1,PT1H,MC-MagdalenaEcop,31680.0,23304.6
2025-12-25,13,PT1H,MC-MagdalenaEcop,15480.0,8679.5
2025-12-25,24,PT1H,MC-MagdalenaEcop,33000.0,24360.0
2025-12-26,5,PT1H,MC-MagdalenaEcop,32080.0,23254.4
2025-12-26,6,PT1H,MC-MagdalenaEcop,32760.0,22665.9
2025-12-26,24,PT1H,MC-MagdalenaEcop,31720.0,22923.4
2025-12-26,23,PT1H,MC-MagdalenaEcop,31760.0,24321.0
2025-12-26,22,PT1H,MC-MagdalenaEcop,32400.0,24541.7
2025-12-26,21,PT1H,MC-MagdalenaEcop,34600.0,24789.1
2025-12-26,20,PT1H,MC-MagdalenaEcop,34760.0,26149.9
2025-12-26,19,PT1H,MC-MagdalenaEcop,34320.0,26113.2
2025-12-26,18,PT1H,MC-MagdalenaEcop,33000.0,25350.8
2025-12-26,17,PT1H,MC-MagdalenaEcop,28320.0,22849.8
2025-12-26,4,PT1H,MC-MagdalenaEcop,32000.0,23033.7
2025-12-26,16,PT1H,MC-MagdalenaEcop,21960.0,19723.6
2025-12-26,14,PT1H,MC-MagdalenaEcop,14880.0,9094.4
2025-12-26,13,PT1H,MC-MagdalenaEcop,10560.0,8689.9
2025-12-26,12,PT1H,MC-MagdalenaEcop,9120.0,10161.0
2025-12-26,11,PT1H,MC-MagdalenaEcop,8840.0,11411.5
2025-12-26,10,PT1H,MC-MagdalenaEcop,12920.0,13029.8
2025-12-26,9,PT1H,MC-MagdalenaEcop,20680.0,15494.0
2025-12-26,8,PT1H,MC-MagdalenaEcop,24320.0,15641.1
2025-12-26,7,PT1H,MC-MagdalenaEcop,30400.0,19686.8
2025-12-26,15,PT1H,MC-MagdalenaEcop,18000.0,15273.3
2025-12-26,2,PT1H,MC-MagdalenaEcop,32520.0,21341.9
2025-12-26,3,PT1H,MC-MagdalenaEcop,32520.0,21415.4
2025-12-26,1,PT1H,MC-MagdalenaEcop,32840.0,23254.4
2025-12-27,4,PT1H,MC-MagdalenaEcop,32160.0,23366.7
2025-12-27,5,PT1H,MC-MagdalenaEcop,29560.0,23259.2
2025-12-27,6,PT1H,MC-MagdalenaEcop,32440.0,23223.4
2025-12-27,8,PT1H,MC-MagdalenaEcop,25040.0,16739.4
2025-12-27,9,PT1H,MC-MagdalenaEcop,22040.0,12942.2
2025-12-27,10,PT1H,MC-MagdalenaEcop,17720.0,9861.4
2025-12-27,11,PT1H,MC-MagdalenaEcop,15800.0,11939.1
2025-12-27,12,PT1H,MC-MagdalenaEcop,15240.0,12154.1
2025-12-27,13,PT1H,MC-MagdalenaEcop,14840.0,8643.4
2025-12-27,14,PT1H,MC-MagdalenaEcop,15160.0,8571.7
2025-12-27,15,PT1H,MC-MagdalenaEcop,18680.0,12727.2
2025-12-27,7,PT1H,MC-MagdalenaEcop,30280.0,21217.3
2025-12-27,17,PT1H,MC-MagdalenaEcop,31520.0,20250.1
2025-12-27,16,PT1H,MC-MagdalenaEcop,26080.0,19784.4
2025-12-27,3,PT1H,MC-MagdalenaEcop,32560.0,23510.0
2025-12-27,24,PT1H,MC-MagdalenaEcop,33400.0,24799.6
2025-12-27,23,PT1H,MC-MagdalenaEcop,35680.0,24799.6
2025-12-27,1,PT1H,MC-MagdalenaEcop,32320.0,22327.8
2025-12-27,21,PT1H,MC-MagdalenaEcop,35680.0,24467.2
2025-12-27,20,PT1H,MC-MagdalenaEcop,36240.0,25828.5
2025-12-27,19,PT1H,MC-MagdalenaEcop,36960.0,26509.1
2025-12-27,18,PT1H,MC-MagdalenaEcop,35880.0,25122.0
2025-12-27,22,PT1H,MC-MagdalenaEcop,35880.0,24728.0
2025-12-27,2,PT1H,MC-MagdalenaEcop,33600.0,23438.4
2025-12-28,16,PT1H,MC-MagdalenaEcop,21600.0,18893.0
2025-12-28,9,PT1H,MC-MagdalenaEcop,23440.0,12170.3
2025-12-28,10,PT1H,MC-MagdalenaEcop,18600.0,15663.5
2025-12-28,11,PT1H,MC-MagdalenaEcop,15480.0,15531.7
2025-12-28,12,PT1H,MC-MagdalenaEcop,21680.0,17146.4
2025-12-28,13,PT1H,MC-MagdalenaEcop,18280.0,14740.8
2025-12-28,14,PT1H,MC-MagdalenaEcop,21400.0,15268.0
2025-12-28,15,PT1H,MC-MagdalenaEcop,17440.0,16751.0
2025-12-28,21,PT1H,MC-MagdalenaEcop,38040.0,23200.1
2025-12-28,19,PT1H,MC-MagdalenaEcop,36000.0,23760.3
2025-12-28,20,PT1H,MC-MagdalenaEcop,38400.0,24155.8
2025-12-28,22,PT1H,MC-MagdalenaEcop,37200.0,22386.2
2025-12-28,23,PT1H,MC-MagdalenaEcop,36640.0,22056.7
2025-12-28,24,PT1H,MC-MagdalenaEcop,36560.0,21068.1
2025-12-28,1,PT1H,MC-MagdalenaEcop,34360.0,22616.9
2025-12-28,2,PT1H,MC-MagdalenaEcop,35080.0,22518.1
2025-12-28,8,PT1H,MC-MagdalenaEcop,25520.0,16751.0
2025-12-28,18,PT1H,MC-MagdalenaEcop,32160.0,23177.2
2025-12-28,7,PT1H,MC-MagdalenaEcop,29200.0,19255.5
2025-12-28,17,PT1H,MC-MagdalenaEcop,27040.0,21166.9
2025-12-28,6,PT1H,MC-MagdalenaEcop,31120.0,20606.7
2025-12-28,5,PT1H,MC-MagdalenaEcop,32080.0,20639.6
2025-12-28,3,PT1H,MC-MagdalenaEcop,33680.0,20211.2
2025-12-28,4,PT1H,MC-MagdalenaEcop,32240.0,20474.9
2025-12-29,7,PT1H,MC-MagdalenaEcop,31520.0,29237.0
2025-12-29,3,PT1H,MC-MagdalenaEcop,34240.0,29517.2
2025-12-29,1,PT1H,MC-MagdalenaEcop,35320.0,29190.3
2025-12-29,4,PT1H,MC-MagdalenaEcop,31960.0,31198.5
2025-12-29,5,PT1H,MC-MagdalenaEcop,33320.0,31385.3
2025-12-29,6,PT1H,MC-MagdalenaEcop,33760.0,30871.6
2025-12-29,8,PT1H,MC-MagdalenaEcop,31720.0,29470.5
2025-12-29,9,PT1H,MC-MagdalenaEcop,34160.0,29330.4
2025-12-29,2,PT1H,MC-MagdalenaEcop,32880.0,27742.6
2025-12-29,11,PT1H,MC-MagdalenaEcop,32560.0,28443.1
2025-12-29,10,PT1H,MC-MagdalenaEcop,34280.0,27882.7
2025-12-29,13,PT1H,MC-MagdalenaEcop,18400.0,25734.4
2025-12-29,14,PT1H,MC-MagdalenaEcop,14560.0,27228.9
2025-12-29,15,PT1H,MC-MagdalenaEcop,15680.0,25781.1
2025-12-29,16,PT1H,MC-MagdalenaEcop,21640.0,28629.9
2025-12-29,17,PT1H,MC-MagdalenaEcop,30800.0,30638.1
2025-12-29,18,PT1H,MC-MagdalenaEcop,35040.0,28443.1
2025-12-29,19,PT1H,MC-MagdalenaEcop,36320.0,22605.4
2025-12-29,20,PT1H,MC-MagdalenaEcop,36120.0,48.7
2025-12-29,21,PT1H,MC-MagdalenaEcop,35240.0,9575.8
2025-12-29,22,PT1H,MC-MagdalenaEcop,34280.0,31432.0
2025-12-29,23,PT1H,MC-MagdalenaEcop,29520.0,32833.0
2025-12-29,24,PT1H,MC-MagdalenaEcop,29440.0,29377.1
2025-12-29,12,PT1H,MC-MagdalenaEcop,26360.0,30451.3
2025-12-30,20,PT1H,MC-MagdalenaEcop,32040.0,24857.8
2025-12-30,21,PT1H,MC-MagdalenaEcop,32520.0,25556.0
2025-12-30,22,PT1H,MC-MagdalenaEcop,31880.0,27660.8
2025-12-30,17,PT1H,MC-MagdalenaEcop,27720.0,18094.7
2025-12-30,24,PT1H,MC-MagdalenaEcop,29920.0,31012.4
2025-12-30,1,PT1H,MC-MagdalenaEcop,29200.0,45186.9
2025-12-30,19,PT1H,MC-MagdalenaEcop,30880.0,24299.2
2025-12-30,23,PT1H,MC-MagdalenaEcop,30720.0,30314.1
2025-12-30,18,PT1H,MC-MagdalenaEcop,32600.0,23960.0
2025-12-30,2,PT1H,MC-MagdalenaEcop,29240.0,50842.7
2025-12-30,16,PT1H,MC-MagdalenaEcop,22520.0,14044.9
2025-12-30,3,PT1H,MC-MagdalenaEcop,28960.0,50423.8
2025-12-30,4,PT1H,MC-MagdalenaEcop,28840.0,53007.3
2025-12-30,6,PT1H,MC-MagdalenaEcop,28400.0,44558.5
2025-12-30,7,PT1H,MC-MagdalenaEcop,30000.0,40089.6
2025-12-30,8,PT1H,MC-MagdalenaEcop,26520.0,29196.9
2025-12-30,9,PT1H,MC-MagdalenaEcop,20640.0,26473.7
2025-12-30,5,PT1H,MC-MagdalenaEcop,28320.0,47002.3
2025-12-30,10,PT1H,MC-MagdalenaEcop,18480.0,18234.4
2025-12-30,11,PT1H,MC-MagdalenaEcop,20880.0,11810.5
2025-12-30,12,PT1H,MC-MagdalenaEcop,21480.0,4827.9
2025-12-30,13,PT1H,MC-MagdalenaEcop,16440.0,219.5
2025-12-30,14,PT1H,MC-MagdalenaEcop,17200.0,3222.0
2025-12-30,15,PT1H,MC-MagdalenaEcop,19920.0,2314.2
2025-12-31,14,PT1H,MC-MagdalenaEcop,16680.0,17709.1
2025-12-31,15,PT1H,MC-MagdalenaEcop,19760.0,25885.9
2025-12-31,16,PT1H,MC-MagdalenaEcop,22240.0,31889.1
2025-12-31,17,PT1H,MC-MagdalenaEcop,28480.0,39600.1
2025-12-31,24,PT1H,MC-MagdalenaEcop,32680.0,34890.7
2025-12-31,19,PT1H,MC-MagdalenaEcop,34840.0,47611.6
2025-12-31,22,PT1H,MC-MagdalenaEcop,32560.0,39134.3
2025-12-31,23,PT1H,MC-MagdalenaEcop,33440.0,36546.7
2025-12-31,13,PT1H,MC-MagdalenaEcop,16880.0,15794.3
2025-12-31,18,PT1H,MC-MagdalenaEcop,33680.0,48294.4
2025-12-31,12,PT1H,MC-MagdalenaEcop,14360.0,10049.8
2025-12-31,5,PT1H,MC-MagdalenaEcop,32120.0,21745.7
2025-12-31,10,PT1H,MC-MagdalenaEcop,15600.0,23401.8
2025-12-31,9,PT1H,MC-MagdalenaEcop,19600.0,10463.8
2025-12-31,8,PT1H,MC-MagdalenaEcop,26680.0,17605.6
2025-12-31,7,PT1H,MC-MagdalenaEcop,31200.0,21228.2
2025-12-31,6,PT1H,MC-MagdalenaEcop,32640.0,21435.2
2025-12-31,20,PT1H,MC-MagdalenaEcop,31760.0,44299.5
2025-12-31,4,PT1H,MC-MagdalenaEcop,32160.0,22263.2
2025-12-31,3,PT1H,MC-MagdalenaEcop,30120.0,22159.7
2025-12-31,2,PT1H,MC-MagdalenaEcop,29200.0,21694.0
2025-12-31,1,PT1H,MC-MagdalenaEcop,29560.0,22573.7
2025-12-31,11,PT1H,MC-MagdalenaEcop,12560.0,10205.1
2025-12-31,21,PT1H,MC-MagdalenaEcop,32080.0,40728.6
2026-01-01,1,PT1H,MC-MagdalenaEcop,32280.0,36396.0
2026-01-01,24,PT1H,MC-MagdalenaEcop,31000.0,38666.7
2026-01-01,21,PT1H,MC-MagdalenaEcop,29120.0,27258.9
2026-01-01,20,PT1H,MC-MagdalenaEcop,28720.0,27907.7
2026-01-01,19,PT1H,MC-MagdalenaEcop,30880.0,28880.9
2026-01-01,18,PT1H,MC-MagdalenaEcop,30400.0,28664.6
2026-01-01,17,PT1H,MC-MagdalenaEcop,26440.0,23582.5
2026-01-01,16,PT1H,MC-MagdalenaEcop,20320.0,16716.2
2026-01-01,15,PT1H,MC-MagdalenaEcop,16480.0,15040.2
2026-01-01,14,PT1H,MC-MagdalenaEcop,11880.0,13310.1
2026-01-01,12,PT1H,MC-MagdalenaEcop,10680.0,19419.5
2026-01-01,11,PT1H,MC-MagdalenaEcop,15120.0,13688.5
2026-01-01,10,PT1H,MC-MagdalenaEcop,17600.0,14229.2
2026-01-01,9,PT1H,MC-MagdalenaEcop,24120.0,16662.1
2026-01-01,8,PT1H,MC-MagdalenaEcop,24800.0,24447.5
2026-01-01,7,PT1H,MC-MagdalenaEcop,25800.0,33098.0
2026-01-01,6,PT1H,MC-MagdalenaEcop,26360.0,34828.1
2026-01-01,5,PT1H,MC-MagdalenaEcop,28320.0,35801.3
2026-01-01,4,PT1H,MC-MagdalenaEcop,30200.0,38180.1
2026-01-01,3,PT1H,MC-MagdalenaEcop,31480.0,39315.5
2026-01-01,2,PT1H,MC-MagdalenaEcop,32600.0,40072.4
2026-01-01,22,PT1H,MC-MagdalenaEcop,27240.0,28124.0
2026-01-01,23,PT1H,MC-MagdalenaEcop,29840.0,37585.4
2026-01-01,13,PT1H,MC-MagdalenaEcop,12440.0,15364.6
2026-01-02,24,PT1H,MC-MagdalenaEcop,33920.0,35669.5
2026-01-02,22,PT1H,MC-MagdalenaEcop,33360.0,32065.4
2026-01-02,21,PT1H,MC-MagdalenaEcop,32160.0,31882.2
2026-01-02,20,PT1H,MC-MagdalenaEcop,30880.0,32748.5
2026-01-02,19,PT1H,MC-MagdalenaEcop,31840.0,39402.2
2026-01-02,18,PT1H,MC-MagdalenaEcop,31040.0,37783.4
2026-01-02,17,PT1H,MC-MagdalenaEcop,27520.0,32169.4
2026-01-02,16,PT1H,MC-MagdalenaEcop,22880.0,19867.0
2026-01-02,15,PT1H,MC-MagdalenaEcop,16560.0,13421.3
2026-01-02,14,PT1H,MC-MagdalenaEcop,16920.0,17718.5
2026-01-02,13,PT1H,MC-MagdalenaEcop,16760.0,25065.2
2026-01-02,12,PT1H,MC-MagdalenaEcop,21840.0,25273.1
2026-01-02,11,PT1H,MC-MagdalenaEcop,26720.0,24476.1
2026-01-02,10,PT1H,MC-MagdalenaEcop,29000.0,17822.4
2026-01-02,9,PT1H,MC-MagdalenaEcop,29160.0,19243.3
2026-01-02,8,PT1H,MC-MagdalenaEcop,29720.0,25654.3
2026-01-02,7,PT1H,MC-MagdalenaEcop,31120.0,26174.2
2026-01-02,6,PT1H,MC-MagdalenaEcop,31800.0,26416.7
2026-01-02,5,PT1H,MC-MagdalenaEcop,31840.0,26555.4
2026-01-02,4,PT1H,MC-MagdalenaEcop,31480.0,26555.4
2026-01-02,3,PT1H,MC-MagdalenaEcop,31680.0,26312.8
2026-01-02,2,PT1H,MC-MagdalenaEcop,32400.0,25481.1
2026-01-02,1,PT1H,MC-MagdalenaEcop,32560.0,24268.2
2026-01-02,23,PT1H,MC-MagdalenaEcop,34040.0,35184.3
2026-01-03,1,PT1H,MC-MagdalenaEcop,34680.0,41215.9
2026-01-03,23,PT1H,MC-MagdalenaEcop,25480.0,29049.1
2026-01-03,24,PT1H,MC-MagdalenaEcop,24560.0,28540.4
2026-01-03,2,PT1H,MC-MagdalenaEcop,35040.0,41851.8
2026-01-03,3,PT1H,MC-MagdalenaEcop,34760.0,42402.9
2026-01-03,4,PT1H,MC-MagdalenaEcop,34080.0,42063.7
2026-01-03,5,PT1H,MC-MagdalenaEcop,33160.0,38417.9
2026-01-03,6,PT1H,MC-MagdalenaEcop,34080.0,33966.7
2026-01-03,8,PT1H,MC-MagdalenaEcop,30600.0,27099.0
2026-01-03,9,PT1H,MC-MagdalenaEcop,25680.0,23283.7
2026-01-03,10,PT1H,MC-MagdalenaEcop,34000.0,18323.7
2026-01-03,11,PT1H,MC-MagdalenaEcop,9920.0,12600.7
2026-01-03,7,PT1H,MC-MagdalenaEcop,32360.0,30872.0
2026-01-03,13,PT1H,MC-MagdalenaEcop,19880.0,11498.5
2026-01-03,12,PT1H,MC-MagdalenaEcop,12880.0,10693.0
2026-01-03,21,PT1H,MC-MagdalenaEcop,26720.0,28276.0
2026-01-03,20,PT1H,MC-MagdalenaEcop,26840.0,28954.3
2026-01-03,19,PT1H,MC-MagdalenaEcop,26440.0,29251.1
2026-01-03,18,PT1H,MC-MagdalenaEcop,24920.0,28243.7
2026-01-03,22,PT1H,MC-MagdalenaEcop,26360.0,27734.9
2026-01-03,16,PT1H,MC-MagdalenaEcop,24680.0,19722.7
2026-01-03,15,PT1H,MC-MagdalenaEcop,24320.0,16161.7
2026-01-03,14,PT1H,MC-MagdalenaEcop,24600.0,12600.7
2026-01-03,17,PT1H,MC-MagdalenaEcop,19360.0,24385.9
2026-01-04,15,PT1H,MC-MagdalenaEcop,11960.0,16349.2
2026-01-04,24,PT1H,MC-MagdalenaEcop,20200.0,33278.0
2026-01-04,23,PT1H,MC-MagdalenaEcop,20560.0,32477.9
2026-01-04,22,PT1H,MC-MagdalenaEcop,20640.0,32477.9
2026-01-04,21,PT1H,MC-MagdalenaEcop,21080.0,33141.7
2026-01-04,20,PT1H,MC-MagdalenaEcop,23840.0,34194.5
2026-01-04,19,PT1H,MC-MagdalenaEcop,24920.0,35415.7
2026-01-04,18,PT1H,MC-MagdalenaEcop,23320.0,34751.9
2026-01-04,17,PT1H,MC-MagdalenaEcop,19240.0,30793.5
2026-01-04,16,PT1H,MC-MagdalenaEcop,14360.0,21528.9
2026-01-04,14,PT1H,MC-MagdalenaEcop,12000.0,19844.5
2026-01-04,13,PT1H,MC-MagdalenaEcop,11320.0,21276.3
2026-01-04,12,PT1H,MC-MagdalenaEcop,10760.0,22792.3
2026-01-04,3,PT1H,MC-MagdalenaEcop,23120.0,28982.7
2026-01-04,4,PT1H,MC-MagdalenaEcop,22760.0,27845.7
2026-01-04,5,PT1H,MC-MagdalenaEcop,23400.0,28856.3
2026-01-04,6,PT1H,MC-MagdalenaEcop,23360.0,28940.6
2026-01-04,2,PT1H,MC-MagdalenaEcop,19240.0,29319.6
2026-01-04,8,PT1H,MC-MagdalenaEcop,21560.0,23634.5
2026-01-04,9,PT1H,MC-MagdalenaEcop,22440.0,18918.0
2026-01-04,10,PT1H,MC-MagdalenaEcop,17640.0,15886.0
2026-01-04,11,PT1H,MC-MagdalenaEcop,14360.0,19465.5
2026-01-04,7,PT1H,MC-MagdalenaEcop,22240.0,27466.7
2026-01-04,1,PT1H,MC-MagdalenaEcop,20840.0,29572.2
2026-01-05,22,PT1H,MC-MagdalenaEcop,20680.0,32117.3
2026-01-05,7,PT1H,MC-MagdalenaEcop,19480.0,28854.9
2026-01-05,6,PT1H,MC-MagdalenaEcop,20080.0,30605.4
2026-01-05,5,PT1H,MC-MagdalenaEcop,20320.0,29968.9
2026-01-05,4,PT1H,MC-MagdalenaEcop,20800.0,30446.3
2026-01-05,3,PT1H,MC-MagdalenaEcop,22000.0,30207.6
2026-01-05,2,PT1H,MC-MagdalenaEcop,21840.0,30963.5
2026-01-05,1,PT1H,MC-MagdalenaEcop,21800.0,31560.3
2026-01-05,24,PT1H,MC-MagdalenaEcop,23280.0,35538.9
2026-01-05,23,PT1H,MC-MagdalenaEcop,20720.0,36692.7
2026-01-05,16,PT1H,MC-MagdalenaEcop,11600.0,24717.1
2026-01-05,19,PT1H,MC-MagdalenaEcop,21840.0,32505.2
2026-01-05,18,PT1H,MC-MagdalenaEcop,19760.0,30486.1
2026-01-05,17,PT1H,MC-MagdalenaEcop,16480.0,29809.7
2026-01-05,8,PT1H,MC-MagdalenaEcop,16880.0,24040.7
2026-01-05,15,PT1H,MC-MagdalenaEcop,11240.0,19306.2
2026-01-05,14,PT1H,MC-MagdalenaEcop,10040.0,17078.2
2026-01-05,13,PT1H,MC-MagdalenaEcop,10280.0,12741.5
2026-01-05,12,PT1H,MC-MagdalenaEcop,8760.0,18351.3
2026-01-05,11,PT1H,MC-MagdalenaEcop,15160.0,16720.1
2026-01-05,10,PT1H,MC-MagdalenaEcop,16280.0,19942.8
2026-01-05,21,PT1H,MC-MagdalenaEcop,21440.0,30714.8
2026-01-05,9,PT1H,MC-MagdalenaEcop,15560.0,22528.9
2026-01-05,20,PT1H,MC-MagdalenaEcop,21840.0,31311.6
2026-01-06,1,PT1H,MC-MagdalenaEcop,24520.0,32210.0
2026-01-06,4,PT1H,MC-MagdalenaEcop,22760.0,29502.3
2026-01-06,5,PT1H,MC-MagdalenaEcop,20960.0,29282.7
2026-01-06,6,PT1H,MC-MagdalenaEcop,21680.0,29246.1
2026-01-06,7,PT1H,MC-MagdalenaEcop,20960.0,28441.1
2026-01-06,8,PT1H,MC-MagdalenaEcop,18680.0,26355.4
2026-01-06,9,PT1H,MC-MagdalenaEcop,10840.0,21745.0
2026-01-06,10,PT1H,MC-MagdalenaEcop,12720.0,16256.4
2026-01-06,12,PT1H,MC-MagdalenaEcop,12400.0,17500.4
2026-01-06,13,PT1H,MC-MagdalenaEcop,7600.0,17061.4
2026-01-06,3,PT1H,MC-MagdalenaEcop,23840.0,29685.2
2026-01-06,14,PT1H,MC-MagdalenaEcop,9040.0,16768.6
2026-01-06,16,PT1H,MC-MagdalenaEcop,6840.0,23757.5
2026-01-06,17,PT1H,MC-MagdalenaEcop,14360.0,30600.0
2026-01-06,18,PT1H,MC-MagdalenaEcop,18920.0,34442.0
2026-01-06,19,PT1H,MC-MagdalenaEcop,20640.0,35493.2
2026-01-06,20,PT1H,MC-MagdalenaEcop,22200.0,34871.1
2026-01-06,21,PT1H,MC-MagdalenaEcop,22120.0,33773.4
2026-01-06,22,PT1H,MC-MagdalenaEcop,22160.0,32429.5
2026-01-06,23,PT1H,MC-MagdalenaEcop,22560.0,32283.2
2026-01-06,24,PT1H,MC-MagdalenaEcop,20240.0,32027.0
2026-01-06,15,PT1H,MC-MagdalenaEcop,9120.0,19183.6
2026-01-06,2,PT1H,MC-MagdalenaEcop,24480.0,29172.9
2026-01-06,11,PT1H,MC-MagdalenaEcop,10320.0,15122.0
2026-01-07,2,PT1H,MC-MagdalenaEcop,21920.0,33017.8
2026-01-07,1,PT1H,MC-MagdalenaEcop,21280.0,33325.6
2026-01-07,3,PT1H,MC-MagdalenaEcop,22280.0,31786.8
2026-01-07,23,PT1H,MC-MagdalenaEcop,20720.0,32710.1
2026-01-07,22,PT1H,MC-MagdalenaEcop,20800.0,33017.8
2026-01-07,21,PT1H,MC-MagdalenaEcop,21560.0,33315.6
2026-01-07,20,PT1H,MC-MagdalenaEcop,22120.0,33661.9
2026-01-07,19,PT1H,MC-MagdalenaEcop,22760.0,34238.9
2026-01-07,18,PT1H,MC-MagdalenaEcop,22440.0,33325.6
2026-01-07,17,PT1H,MC-MagdalenaEcop,18320.0,28670.7
2026-01-07,16,PT1H,MC-MagdalenaEcop,11880.0,23246.3
2026-01-07,15,PT1H,MC-MagdalenaEcop,7440.0,18860.6
2026-01-07,24,PT1H,MC-MagdalenaEcop,20320.0,32787.0
2026-01-07,13,PT1H,MC-MagdalenaEcop,6760.0,11051.1
2026-01-07,12,PT1H,MC-MagdalenaEcop,7560.0,11435.8
2026-01-07,11,PT1H,MC-MagdalenaEcop,9280.0,14013.3
2026-01-07,10,PT1H,MC-MagdalenaEcop,12480.0,18206.6
2026-01-07,9,PT1H,MC-MagdalenaEcop,11640.0,22399.9
2026-01-07,8,PT1H,MC-MagdalenaEcop,18680.0,26362.4
2026-01-07,7,PT1H,MC-MagdalenaEcop,21320.0,31825.3
2026-01-07,6,PT1H,MC-MagdalenaEcop,22960.0,33556.4
2026-01-07,5,PT1H,MC-MagdalenaEcop,22480.0,30940.4
2026-01-07,4,PT1H,MC-MagdalenaEcop,22360.0,30902.0
2026-01-07,14,PT1H,MC-MagdalenaEcop,7080.0,14551.9
2026-01-08,12,PT1H,MC-MagdalenaEcop,14040.0,14243.2
2026-01-08,13,PT1H,MC-MagdalenaEcop,13840.0,14737.9
2026-01-08,14,PT1H,MC-MagdalenaEcop,13440.0,14966.2
2026-01-08,18,PT1H,MC-MagdalenaEcop,20200.0,33728.1
2026-01-08,16,PT1H,MC-MagdalenaEcop,12160.0,28324.1
2026-01-08,17,PT1H,MC-MagdalenaEcop,18080.0,29161.3
2026-01-08,11,PT1H,MC-MagdalenaEcop,11640.0,15042.4
2026-01-08,19,PT1H,MC-MagdalenaEcop,21080.0,34669.5
2026-01-08,15,PT1H,MC-MagdalenaEcop,15040.0,21093.3
2026-01-08,10,PT1H,MC-MagdalenaEcop,9520.0,17249.6
2026-01-08,5,PT1H,MC-MagdalenaEcop,15120.0,29313.6
2026-01-08,8,PT1H,MC-MagdalenaEcop,14800.0,25698.2
2026-01-08,7,PT1H,MC-MagdalenaEcop,17760.0,31520.9
2026-01-08,6,PT1H,MC-MagdalenaEcop,16520.0,32814.8
2026-01-08,4,PT1H,MC-MagdalenaEcop,15280.0,29960.5
2026-01-08,3,PT1H,MC-MagdalenaEcop,16120.0,30036.6
2026-01-08,2,PT1H,MC-MagdalenaEcop,18600.0,29732.2
2026-01-08,1,PT1H,MC-MagdalenaEcop,20080.0,30150.8
2026-01-08,24,PT1H,MC-MagdalenaEcop,20360.0,31406.7
2026-01-08,20,PT1H,MC-MagdalenaEcop,19000.0,34783.7
2026-01-08,9,PT1H,MC-MagdalenaEcop,11040.0,20636.7
2026-01-08,22,PT1H,MC-MagdalenaEcop,18560.0,32282.0
2026-01-08,21,PT1H,MC-MagdalenaEcop,18680.0,33718.1
2026-01-08,23,PT1H,MC-MagdalenaEcop,21280.0,31939.5
2026-01-09,10,PT1H,MC-MagdalenaEcop,9080.0,13336.2
2026-01-09,20,PT1H,MC-MagdalenaEcop,30080.0,35852.8
2026-01-09,19,PT1H,MC-MagdalenaEcop,30840.0,35398.9
2026-01-09,18,PT1H,MC-MagdalenaEcop,30080.0,34047.4
2026-01-09,17,PT1H,MC-MagdalenaEcop,26080.0,29220.3
2026-01-09,16,PT1H,MC-MagdalenaEcop,15720.0,22660.4
2026-01-09,15,PT1H,MC-MagdalenaEcop,8160.0,18575.9
2026-01-09,14,PT1H,MC-MagdalenaEcop,8760.0,15357.8
2026-01-09,13,PT1H,MC-MagdalenaEcop,10600.0,10902.0
2026-01-09,12,PT1H,MC-MagdalenaEcop,11160.0,9416.7
2026-01-09,11,PT1H,MC-MagdalenaEcop,6560.0,9127.9
2026-01-09,9,PT1H,MC-MagdalenaEcop,18160.0,21340.1
2026-01-09,8,PT1H,MC-MagdalenaEcop,23280.0,25094.6
2026-01-09,7,PT1H,MC-MagdalenaEcop,23520.0,31365.7
2026-01-09,6,PT1H,MC-MagdalenaEcop,23960.0,33799.9
2026-01-09,5,PT1H,MC-MagdalenaEcop,25920.0,33098.5
2026-01-09,4,PT1H,MC-MagdalenaEcop,25720.0,33016.0
2026-01-09,3,PT1H,MC-MagdalenaEcop,25560.0,33552.3
2026-01-09,21,PT1H,MC-MagdalenaEcop,29560.0,35687.7
2026-01-09,22,PT1H,MC-MagdalenaEcop,26880.0,33428.6
2026-01-09,23,PT1H,MC-MagdalenaEcop,28720.0,32768.4
2026-01-09,1,PT1H,MC-MagdalenaEcop,19560.0,33882.4
2026-01-09,2,PT1H,MC-MagdalenaEcop,25480.0,33552.3
2026-01-09,24,PT1H,MC-MagdalenaEcop,28280.0,32727.2
2026-01-10,21,PT1H,MC-MagdalenaEcop,29040.0,34212.1
2026-01-10,20,PT1H,MC-MagdalenaEcop,28920.0,34749.1
2026-01-10,2,PT1H,MC-MagdalenaEcop,27840.0,32227.7
2026-01-10,3,PT1H,MC-MagdalenaEcop,27800.0,31230.5
2026-01-10,4,PT1H,MC-MagdalenaEcop,27720.0,30846.9
2026-01-10,5,PT1H,MC-MagdalenaEcop,25720.0,28353.9
2026-01-10,6,PT1H,MC-MagdalenaEcop,25320.0,31115.4
2026-01-10,7,PT1H,MC-MagdalenaEcop,23640.0,29044.3
2026-01-10,8,PT1H,MC-MagdalenaEcop,21920.0,24019.8
2026-01-10,9,PT1H,MC-MagdalenaEcop,20640.0,21143.3
2026-01-10,11,PT1H,MC-MagdalenaEcop,15200.0,15160.0
2026-01-10,12,PT1H,MC-MagdalenaEcop,7960.0,14623.0
2026-01-10,13,PT1H,MC-MagdalenaEcop,8440.0,14239.5
2026-01-10,14,PT1H,MC-MagdalenaEcop,9880.0,14546.3
2026-01-10,15,PT1H,MC-MagdalenaEcop,16480.0,17921.5
2026-01-10,16,PT1H,MC-MagdalenaEcop,17360.0,25017.1
2026-01-10,17,PT1H,MC-MagdalenaEcop,22880.0,30233.2
2026-01-10,18,PT1H,MC-MagdalenaEcop,25840.0,34413.9
2026-01-10,19,PT1H,MC-MagdalenaEcop,27440.0,35439.4
2026-01-10,10,PT1H,MC-MagdalenaEcop,20520.0,17001.0
2026-01-10,22,PT1H,MC-MagdalenaEcop,28640.0,34413.9
2026-01-10,1,PT1H,MC-MagdalenaEcop,27560.0,31000.3
2026-01-10,24,PT1H,MC-MagdalenaEcop,28000.0,32035.9
2026-01-10,23,PT1H,MC-MagdalenaEcop,27720.0,34222.1
2026-01-11,1,PT1H,MC-MagdalenaEcop,26320.0,32078.1
2026-01-11,2,PT1H,MC-MagdalenaEcop,26280.0,32750.1
2026-01-11,3,PT1H,MC-MagdalenaEcop,26360.0,31443.5
2026-01-11,4,PT1H,MC-MagdalenaEcop,26360.0,30099.6
2026-01-11,5,PT1H,MC-MagdalenaEcop,26280.0,29950.2
2026-01-11,6,PT1H,MC-MagdalenaEcop,26560.0,29054.3
2026-01-11,7,PT1H,MC-MagdalenaEcop,25040.0,27262.3
2026-01-11,8,PT1H,MC-MagdalenaEcop,22920.0,23827.8
2026-01-11,9,PT1H,MC-MagdalenaEcop,18120.0,21886.5
2026-01-11,10,PT1H,MC-MagdalenaEcop,16480.0,17369.4
2026-01-11,11,PT1H,MC-MagdalenaEcop,15520.0,14457.5
2026-01-11,13,PT1H,MC-MagdalenaEcop,17880.0,17070.7
2026-01-11,14,PT1H,MC-MagdalenaEcop,19480.0,19982.6
2026-01-11,15,PT1H,MC-MagdalenaEcop,20480.0,16286.7
2026-01-11,16,PT1H,MC-MagdalenaEcop,25840.0,20169.3
2026-01-11,17,PT1H,MC-MagdalenaEcop,28200.0,25246.4
2026-01-11,18,PT1H,MC-MagdalenaEcop,30560.0,30024.9
2026-01-11,19,PT1H,MC-MagdalenaEcop,31200.0,33598.8
2026-01-11,20,PT1H,MC-MagdalenaEcop,28720.0,35838.7
2026-01-11,21,PT1H,MC-MagdalenaEcop,25720.0,35502.7
2026-01-11,22,PT1H,MC-MagdalenaEcop,24560.0,34728.7
2026-01-11,12,PT1H,MC-MagdalenaEcop,16560.0,20243.9
2026-01-11,23,PT1H,MC-MagdalenaEcop,23920.0,34206.1
2026-01-11,24,PT1H,MC-MagdalenaEcop,23840.0,34131.4
2026-01-12,10,PT1H,MC-MagdalenaEcop,21560.0,28689.5
2026-01-12,22,PT1H,MC-MagdalenaEcop,18440.0,28689.5
2026-01-12,21,PT1H,MC-MagdalenaEcop,18480.0,29482.7
2026-01-12,20,PT1H,MC-MagdalenaEcop,18480.0,30218.9
2026-01-12,19,PT1H,MC-MagdalenaEcop,19040.0,30386.2
2026-01-12,18,PT1H,MC-MagdalenaEcop,18400.0,29325.3
2026-01-12,17,PT1H,MC-MagdalenaEcop,16840.0,25778.0
2026-01-12,16,PT1H,MC-MagdalenaEcop,14840.0,18114.6
2026-01-12,15,PT1H,MC-MagdalenaEcop,14520.0,13128.3
2026-01-12,14,PT1H,MC-MagdalenaEcop,9920.0,12191.3
2026-01-12,13,PT1H,MC-MagdalenaEcop,14560.0,15403.9
2026-01-12,12,PT1H,MC-MagdalenaEcop,15880.0,22063.4
2026-01-12,11,PT1H,MC-MagdalenaEcop,17720.0,27250.5
2026-01-12,9,PT1H,MC-MagdalenaEcop,22120.0,28589.1
2026-01-12,8,PT1H,MC-MagdalenaEcop,22040.0,26547.7
2026-01-12,7,PT1H,MC-MagdalenaEcop,23240.0,26380.4
2026-01-12,6,PT1H,MC-MagdalenaEcop,25160.0,28254.5
2026-01-12,5,PT1H,MC-MagdalenaEcop,24720.0,27886.3
2026-01-12,4,PT1H,MC-MagdalenaEcop,23000.0,26748.5
2026-01-12,3,PT1H,MC-MagdalenaEcop,23640.0,28656.0
2026-01-12,2,PT1H,MC-MagdalenaEcop,23560.0,27518.2
2026-01-12,24,PT1H,MC-MagdalenaEcop,18200.0,24640.2
2026-01-12,23,PT1H,MC-MagdalenaEcop,18360.0,24707.2
2026-01-12,1,PT1H,MC-MagdalenaEcop,23920.0,29559.6
2026-01-13,21,PT1H,MC-MagdalenaEcop,21000.0,31224.0
2026-01-13,20,PT1H,MC-MagdalenaEcop,21520.0,30763.1
2026-01-13,19,PT1H,MC-MagdalenaEcop,23160.0,29649.3
2026-01-13,18,PT1H,MC-MagdalenaEcop,23880.0,31310.8
2026-01-13,17,PT1H,MC-MagdalenaEcop,19200.0,26625.2
2026-01-13,16,PT1H,MC-MagdalenaEcop,12240.0,21632.5
2026-01-13,15,PT1H,MC-MagdalenaEcop,8360.0,19136.1
2026-01-13,22,PT1H,MC-MagdalenaEcop,19680.0,30619.5
2026-01-13,14,PT1H,MC-MagdalenaEcop,7280.0,16524.5
2026-01-13,13,PT1H,MC-MagdalenaEcop,13160.0,15794.8
2026-01-13,2,PT1H,MC-MagdalenaEcop,17200.0,28084.7
2026-01-13,11,PT1H,MC-MagdalenaEcop,12560.0,20057.8
2026-01-13,10,PT1H,MC-MagdalenaEcop,19400.0,17753.5
2026-01-13,9,PT1H,MC-MagdalenaEcop,20040.0,19827.4
2026-01-13,8,PT1H,MC-MagdalenaEcop,19440.0,25473.1
2026-01-13,7,PT1H,MC-MagdalenaEcop,17200.0,28814.4
2026-01-13,6,PT1H,MC-MagdalenaEcop,17120.0,27278.1
2026-01-13,24,PT1H,MC-MagdalenaEcop,20160.0,28737.6
2026-01-13,5,PT1H,MC-MagdalenaEcop,16960.0,27201.3
2026-01-13,4,PT1H,MC-MagdalenaEcop,16960.0,27700.6
2026-01-13,3,PT1H,MC-MagdalenaEcop,17080.0,27815.8
2026-01-13,1,PT1H,MC-MagdalenaEcop,17240.0,28046.3
2026-01-13,12,PT1H,MC-MagdalenaEcop,15400.0,20633.9
2026-01-13,23,PT1H,MC-MagdalenaEcop,20120.0,29505.7
2026-01-14,8,PT1H,MC-MagdalenaEcop,20400.0,25404.5
2026-01-14,1,PT1H,MC-MagdalenaEcop,20160.0,28145.7
2026-01-14,2,PT1H,MC-MagdalenaEcop,19920.0,27803.0
2026-01-14,3,PT1H,MC-MagdalenaEcop,20200.0,28678.7
2026-01-14,4,PT1H,MC-MagdalenaEcop,19240.0,30620.4
2026-01-14,5,PT1H,MC-MagdalenaEcop,21880.0,30582.3
2026-01-14,6,PT1H,MC-MagdalenaEcop,23360.0,31077.3
2026-01-14,7,PT1H,MC-MagdalenaEcop,24480.0,29706.7
2026-01-14,24,PT1H,MC-MagdalenaEcop,22480.0,31115.4
2026-01-14,9,PT1H,MC-MagdalenaEcop,19280.0,18665.6
2026-01-14,10,PT1H,MC-MagdalenaEcop,15360.0,14858.3
2026-01-14,11,PT1H,MC-MagdalenaEcop,16960.0,11964.8
2026-01-14,13,PT1H,MC-MagdalenaEcop,16880.0,16076.7
2026-01-14,12,PT1H,MC-MagdalenaEcop,10840.0,13678.1
2026-01-14,15,PT1H,MC-MagdalenaEcop,1800.0,18817.9
2026-01-14,16,PT1H,MC-MagdalenaEcop,640.0,21178.4
2026-01-14,17,PT1H,MC-MagdalenaEcop,10360.0,27117.7
2026-01-14,18,PT1H,MC-MagdalenaEcop,22920.0,32067.2
2026-01-14,19,PT1H,MC-MagdalenaEcop,23440.0,33161.3
2026-01-14,20,PT1H,MC-MagdalenaEcop,23600.0,30229.7
2026-01-14,21,PT1H,MC-MagdalenaEcop,22640.0,30534.3
2026-01-14,22,PT1H,MC-MagdalenaEcop,22440.0,31001.1
2026-01-14,23,PT1H,MC-MagdalenaEcop,21960.0,31838.7
2026-01-14,14,PT1H,MC-MagdalenaEcop,3720.0,15886.3
2026-01-15,16,PT1H,MC-MagdalenaEcop,14280.0,20873.1
2026-01-15,14,PT1H,MC-MagdalenaEcop,4400.0,12207.5
2026-01-15,13,PT1H,MC-MagdalenaEcop,6280.0,12782.5
2026-01-15,15,PT1H,MC-MagdalenaEcop,8040.0,16930.5
2026-01-15,17,PT1H,MC-MagdalenaEcop,19640.0,27156.7
2026-01-15,10,PT1H,MC-MagdalenaEcop,9880.0,18080.4
2026-01-15,19,PT1H,MC-MagdalenaEcop,24280.0,31705.4
2026-01-15,20,PT1H,MC-MagdalenaEcop,24200.0,29487.6
2026-01-15,24,PT1H,MC-MagdalenaEcop,23400.0,31838.6
2026-01-15,21,PT1H,MC-MagdalenaEcop,23920.0,29898.3
2026-01-15,22,PT1H,MC-MagdalenaEcop,23560.0,27978.1
2026-01-15,18,PT1H,MC-MagdalenaEcop,22960.0,31222.5
2026-01-15,12,PT1H,MC-MagdalenaEcop,3160.0,10975.5
2026-01-15,23,PT1H,MC-MagdalenaEcop,23360.0,30647.6
2026-01-15,9,PT1H,MC-MagdalenaEcop,13400.0,24774.7
2026-01-15,8,PT1H,MC-MagdalenaEcop,20840.0,25472.9
2026-01-15,7,PT1H,MC-MagdalenaEcop,23120.0,26499.6
2026-01-15,6,PT1H,MC-MagdalenaEcop,23840.0,27074.6
2026-01-15,5,PT1H,MC-MagdalenaEcop,24280.0,29087.0
2026-01-15,4,PT1H,MC-MagdalenaEcop,24040.0,31017.2
2026-01-15,3,PT1H,MC-MagdalenaEcop,24800.0,32331.4
2026-01-15,2,PT1H,MC-MagdalenaEcop,22040.0,33481.4
2026-01-15,1,PT1H,MC-MagdalenaEcop,26440.0,33152.8
2026-01-15,11,PT1H,MC-MagdalenaEcop,8600.0,15534.1
2026-01-16,6,PT1H,MC-MagdalenaEcop,24000.0,28237.6
2026-01-16,5,PT1H,MC-MagdalenaEcop,26040.0,28273.1
2026-01-16,4,PT1H,MC-MagdalenaEcop,25080.0,27953.5
2026-01-16,22,PT1H,MC-MagdalenaEcop,24560.0,29622.3
2026-01-16,2,PT1H,MC-MagdalenaEcop,25280.0,28770.2
2026-01-16,1,PT1H,MC-MagdalenaEcop,24960.0,28912.2
2026-01-16,24,PT1H,MC-MagdalenaEcop,24240.0,30119.4
2026-01-16,7,PT1H,MC-MagdalenaEcop,23360.0,27634.0
2026-01-16,3,PT1H,MC-MagdalenaEcop,25080.0,28131.1
2026-01-16,8,PT1H,MC-MagdalenaEcop,21400.0,26391.3
2026-01-16,13,PT1H,MC-MagdalenaEcop,6120.0,14887.2
2026-01-16,10,PT1H,MC-MagdalenaEcop,9400.0,25752.1
2026-01-16,11,PT1H,MC-MagdalenaEcop,5160.0,23728.3
2026-01-16,12,PT1H,MC-MagdalenaEcop,10960.0,19396.5
2026-01-16,14,PT1H,MC-MagdalenaEcop,7280.0,15029.2
2026-01-16,15,PT1H,MC-MagdalenaEcop,8440.0,14709.7
2026-01-16,16,PT1H,MC-MagdalenaEcop,11720.0,20319.7
2026-01-16,17,PT1H,MC-MagdalenaEcop,16480.0,24438.4
2026-01-16,18,PT1H,MC-MagdalenaEcop,21440.0,27563.0
2026-01-16,19,PT1H,MC-MagdalenaEcop,22760.0,28263.1
2026-01-16,20,PT1H,MC-MagdalenaEcop,23760.0,27410.9
2026-01-16,9,PT1H,MC-MagdalenaEcop,17800.0,25894.2
2026-01-16,23,PT1H,MC-MagdalenaEcop,24640.0,30225.9
2026-01-16,21,PT1H,MC-MagdalenaEcop,23120.0,28547.1
2026-01-17,24,PT1H,MC-MagdalenaEcop,19440.0,23222.9
2026-01-17,2,PT1H,MC-MagdalenaEcop,24200.0,33128.1
2026-01-17,3,PT1H,MC-MagdalenaEcop,25640.0,32863.4
2026-01-17,4,PT1H,MC-MagdalenaEcop,24720.0,32220.7
2026-01-17,5,PT1H,MC-MagdalenaEcop,24840.0,31351.2
2026-01-17,6,PT1H,MC-MagdalenaEcop,25200.0,32220.7
2026-01-17,7,PT1H,MC-MagdalenaEcop,23280.0,30595.1
2026-01-17,8,PT1H,MC-MagdalenaEcop,21320.0,28931.6
2026-01-17,9,PT1H,MC-MagdalenaEcop,15240.0,24281.5
2026-01-17,10,PT1H,MC-MagdalenaEcop,7040.0,32145.1
2026-01-17,11,PT1H,MC-MagdalenaEcop,8480.0,9385.9
2026-01-17,1,PT1H,MC-MagdalenaEcop,25240.0,32787.8
2026-01-17,12,PT1H,MC-MagdalenaEcop,3320.0,12183.5
2026-01-17,14,PT1H,MC-MagdalenaEcop,1320.0,23260.7
2026-01-17,15,PT1H,MC-MagdalenaEcop,7320.0,22996.1
2026-01-17,16,PT1H,MC-MagdalenaEcop,9160.0,23336.3
2026-01-17,23,PT1H,MC-MagdalenaEcop,20240.0,24092.4
2026-01-17,22,PT1H,MC-MagdalenaEcop,21640.0,24924.2
2026-01-17,21,PT1H,MC-MagdalenaEcop,22680.0,25254.4
2026-01-17,20,PT1H,MC-MagdalenaEcop,22920.0,25367.8
2026-01-17,19,PT1H,MC-MagdalenaEcop,21920.0,24989.8
2026-01-17,17,PT1H,MC-MagdalenaEcop,14480.0,18308.1
2026-01-17,18,PT1H,MC-MagdalenaEcop,21200.0,23563.1
2026-01-17,13,PT1H,MC-MagdalenaEcop,1560.0,18799.6
2026-01-18,24,PT1H,MC-MagdalenaEcop,28560.0,26499.8
2026-01-18,23,PT1H,MC-MagdalenaEcop,31160.0,26971.9
2026-01-18,13,PT1H,MC-MagdalenaEcop,3360.0,14854.8
2026-01-18,20,PT1H,MC-MagdalenaEcop,26600.0,31263.2
2026-01-18,19,PT1H,MC-MagdalenaEcop,24520.0,32679.5
2026-01-18,18,PT1H,MC-MagdalenaEcop,22240.0,30591.3
2026-01-18,17,PT1H,MC-MagdalenaEcop,15160.0,25240.9
2026-01-18,16,PT1H,MC-MagdalenaEcop,10480.0,18841.4
2026-01-18,15,PT1H,MC-MagdalenaEcop,8200.0,15694.1
2026-01-18,14,PT1H,MC-MagdalenaEcop,2920.0,15746.5
2026-01-18,12,PT1H,MC-MagdalenaEcop,4440.0,14120.4
2026-01-18,11,PT1H,MC-MagdalenaEcop,11800.0,18841.4
2026-01-18,10,PT1H,MC-MagdalenaEcop,9360.0,23142.7
2026-01-18,9,PT1H,MC-MagdalenaEcop,14440.0,29437.3
2026-01-18,8,PT1H,MC-MagdalenaEcop,19960.0,28283.3
2026-01-18,7,PT1H,MC-MagdalenaEcop,21440.0,29175.0
2026-01-18,6,PT1H,MC-MagdalenaEcop,23440.0,30643.8
2026-01-18,5,PT1H,MC-MagdalenaEcop,18080.0,30696.2
2026-01-18,4,PT1H,MC-MagdalenaEcop,17720.0,29856.9
2026-01-18,3,PT1H,MC-MagdalenaEcop,18840.0,30329.0
2026-01-18,21,PT1H,MC-MagdalenaEcop,32680.0,27643.8
2026-01-18,2,PT1H,MC-MagdalenaEcop,18320.0,25240.9
2026-01-18,22,PT1H,MC-MagdalenaEcop,29400.0,27076.8
2026-01-18,1,PT1H,MC-MagdalenaEcop,18320.0,27339.1
2026-01-19,23,PT1H,MC-MagdalenaEcop,23760.0,22270.8
2026-01-19,24,PT1H,MC-MagdalenaEcop,20560.0,25021.2
2026-01-19,1,PT1H,MC-MagdalenaEcop,28240.0,23431.2
2026-01-19,2,PT1H,MC-MagdalenaEcop,25120.0,23474.1
2026-01-19,3,PT1H,MC-MagdalenaEcop,23000.0,23646.0
2026-01-19,4,PT1H,MC-MagdalenaEcop,22520.0,22356.8
2026-01-19,5,PT1H,MC-MagdalenaEcop,22440.0,21841.1
2026-01-19,6,PT1H,MC-MagdalenaEcop,19440.0,21583.2
2026-01-19,7,PT1H,MC-MagdalenaEcop,15120.0,20938.6
2026-01-19,8,PT1H,MC-MagdalenaEcop,15560.0,18145.3
2026-01-19,16,PT1H,MC-MagdalenaEcop,22920.0,12472.6
2026-01-19,22,PT1H,MC-MagdalenaEcop,23880.0,22227.9
2026-01-19,10,PT1H,MC-MagdalenaEcop,11320.0,17500.7
2026-01-19,11,PT1H,MC-MagdalenaEcop,7040.0,16297.4
2026-01-19,12,PT1H,MC-MagdalenaEcop,8680.0,9421.4
2026-01-19,13,PT1H,MC-MagdalenaEcop,5400.0,11054.5
2026-01-19,14,PT1H,MC-MagdalenaEcop,4960.0,10796.6
2026-01-19,15,PT1H,MC-MagdalenaEcop,13560.0,12085.9
2026-01-19,19,PT1H,MC-MagdalenaEcop,23520.0,23464.1
2026-01-19,18,PT1H,MC-MagdalenaEcop,23680.0,21239.4
2026-01-19,21,PT1H,MC-MagdalenaEcop,22640.0,23034.4
2026-01-19,20,PT1H,MC-MagdalenaEcop,23080.0,23464.1
2026-01-19,17,PT1H,MC-MagdalenaEcop,25880.0,17715.5
2026-01-19,9,PT1H,MC-MagdalenaEcop,15320.0,16727.1
2026-01-20,1,PT1H,MC-MagdalenaEcop,21440.0,26867.8
2026-01-20,21,PT1H,MC-MagdalenaEcop,20040.0,24229.0
2026-01-20,23,PT1H,MC-MagdalenaEcop,19040.0,24720.9
2026-01-20,20,PT1H,MC-MagdalenaEcop,20560.0,24316.6
2026-01-20,19,PT1H,MC-MagdalenaEcop,13760.0,22607.9
2026-01-20,18,PT1H,MC-MagdalenaEcop,12000.0,20733.9
2026-01-20,17,PT1H,MC-MagdalenaEcop,6000.0,15739.1
2026-01-20,16,PT1H,MC-MagdalenaEcop,2000.0,7502.1
2026-01-20,15,PT1H,MC-MagdalenaEcop,4640.0,9999.5
2026-01-20,14,PT1H,MC-MagdalenaEcop,17320.0,9911.9
2026-01-20,13,PT1H,MC-MagdalenaEcop,15560.0,8334.6
2026-01-20,12,PT1H,MC-MagdalenaEcop,14800.0,13592.2
2026-01-20,11,PT1H,MC-MagdalenaEcop,14080.0,11313.9
2026-01-20,10,PT1H,MC-MagdalenaEcop,14440.0,13942.8
2026-01-20,9,PT1H,MC-MagdalenaEcop,15120.0,11883.5
2026-01-20,8,PT1H,MC-MagdalenaEcop,21960.0,20471.0
2026-01-20,7,PT1H,MC-MagdalenaEcop,21520.0,22968.4
2026-01-20,6,PT1H,MC-MagdalenaEcop,21760.0,23757.0
2026-01-20,5,PT1H,MC-MagdalenaEcop,23440.0,22968.4
2026-01-20,4,PT1H,MC-MagdalenaEcop,22640.0,24940.0
2026-01-20,3,PT1H,MC-MagdalenaEcop,22320.0,26123.0
2026-01-20,2,PT1H,MC-MagdalenaEcop,22040.0,26824.0
2026-01-20,22,PT1H,MC-MagdalenaEcop,18920.0,24282.8
2026-01-20,24,PT1H,MC-MagdalenaEcop,20040.0,22179.7
2026-01-21,1,PT1H,MC-MagdalenaEcop,20480.0,23515.9
2026-01-21,24,PT1H,MC-MagdalenaEcop,29400.0,22455.5
2026-01-21,23,PT1H,MC-MagdalenaEcop,29960.0,22897.3
2026-01-21,22,PT1H,MC-MagdalenaEcop,29960.0,22985.7
2026-01-21,21,PT1H,MC-MagdalenaEcop,30360.0,23815.2
2026-01-21,20,PT1H,MC-MagdalenaEcop,30600.0,24433.8
2026-01-21,19,PT1H,MC-MagdalenaEcop,30560.0,25140.7
2026-01-21,18,PT1H,MC-MagdalenaEcop,28680.0,24797.2
2026-01-21,16,PT1H,MC-MagdalenaEcop,15680.0,13132.7
2026-01-21,15,PT1H,MC-MagdalenaEcop,13160.0,8228.2
2026-01-21,14,PT1H,MC-MagdalenaEcop,9280.0,7830.6
2026-01-21,13,PT1H,MC-MagdalenaEcop,8240.0,7477.1
2026-01-21,17,PT1H,MC-MagdalenaEcop,22720.0,20246.3
2026-01-21,11,PT1H,MC-MagdalenaEcop,11560.0,10260.7
2026-01-21,10,PT1H,MC-MagdalenaEcop,9680.0,13795.4
2026-01-21,9,PT1H,MC-MagdalenaEcop,13600.0,12867.6
2026-01-21,8,PT1H,MC-MagdalenaEcop,20400.0,20643.9
2026-01-21,7,PT1H,MC-MagdalenaEcop,23480.0,23560.1
2026-01-21,6,PT1H,MC-MagdalenaEcop,24320.0,25371.6
2026-01-21,5,PT1H,MC-MagdalenaEcop,24200.0,24841.4
2026-01-21,4,PT1H,MC-MagdalenaEcop,23960.0,24708.9
2026-01-21,3,PT1H,MC-MagdalenaEcop,21840.0,24620.5
2026-01-21,12,PT1H,MC-MagdalenaEcop,7600.0,8360.8
2026-01-21,2,PT1H,MC-MagdalenaEcop,20760.0,24222.9
2026-01-22,10,PT1H,MC-MagdalenaEcop,16080.0,11174.6
2026-01-22,9,PT1H,MC-MagdalenaEcop,20000.0,12957.2
2026-01-22,8,PT1H,MC-MagdalenaEcop,24640.0,17366.7
2026-01-22,7,PT1H,MC-MagdalenaEcop,26920.0,20838.1
2026-01-22,2,PT1H,MC-MagdalenaEcop,28680.0,21823.2
2026-01-22,5,PT1H,MC-MagdalenaEcop,31400.0,17742.0
2026-01-22,4,PT1H,MC-MagdalenaEcop,31800.0,17929.6
2026-01-22,3,PT1H,MC-MagdalenaEcop,31880.0,18914.8
2026-01-22,11,PT1H,MC-MagdalenaEcop,13560.0,13660.8
2026-01-22,6,PT1H,MC-MagdalenaEcop,29200.0,19383.9
2026-01-22,1,PT1H,MC-MagdalenaEcop,26880.0,23558.8
2026-01-22,12,PT1H,MC-MagdalenaEcop,9280.0,16475.4
2026-01-22,14,PT1H,MC-MagdalenaEcop,12240.0,15771.8
2026-01-22,13,PT1H,MC-MagdalenaEcop,14680.0,16240.9
2026-01-22,20,PT1H,MC-MagdalenaEcop,27600.0,22282.3
2026-01-22,21,PT1H,MC-MagdalenaEcop,29560.0,21907.0
2026-01-22,23,PT1H,MC-MagdalenaEcop,29440.0,24966.1
2026-01-22,24,PT1H,MC-MagdalenaEcop,32320.0,23887.2
2026-01-22,22,PT1H,MC-MagdalenaEcop,29920.0,21776.3
2026-01-22,18,PT1H,MC-MagdalenaEcop,29880.0,23699.6
2026-01-22,17,PT1H,MC-MagdalenaEcop,21120.0,21213.3
2026-01-22,16,PT1H,MC-MagdalenaEcop,15680.0,14270.7
2026-01-22,15,PT1H,MC-MagdalenaEcop,15200.0,17648.2
2026-01-22,19,PT1H,MC-MagdalenaEcop,31600.0,24721.6
2026-01-23,3,PT1H,MC-MagdalenaEcop,31320.0,22986.6
2026-01-23,19,PT1H,MC-MagdalenaEcop,27080.0,27723.0
2026-01-23,24,PT1H,MC-MagdalenaEcop,22800.0,25431.7
2026-01-23,23,PT1H,MC-MagdalenaEcop,22360.0,25827.2
2026-01-23,22,PT1H,MC-MagdalenaEcop,23440.0,24173.2
2026-01-23,21,PT1H,MC-MagdalenaEcop,26440.0,26572.3
2026-01-23,20,PT1H,MC-MagdalenaEcop,27440.0,27039.8
2026-01-23,18,PT1H,MC-MagdalenaEcop,22920.0,27049.8
2026-01-23,14,PT1H,MC-MagdalenaEcop,6920.0,7884.6
2026-01-23,16,PT1H,MC-MagdalenaEcop,11760.0,14141.2
2026-01-23,15,PT1H,MC-MagdalenaEcop,6080.0,7345.3
2026-01-23,13,PT1H,MC-MagdalenaEcop,5800.0,9538.6
2026-01-23,12,PT1H,MC-MagdalenaEcop,8200.0,10042.0
2026-01-23,11,PT1H,MC-MagdalenaEcop,7960.0,5907.0
2026-01-23,10,PT1H,MC-MagdalenaEcop,18160.0,8172.3
2026-01-23,2,PT1H,MC-MagdalenaEcop,27520.0,22914.7
2026-01-23,9,PT1H,MC-MagdalenaEcop,24840.0,16334.6
2026-01-23,8,PT1H,MC-MagdalenaEcop,29400.0,20937.1
2026-01-23,7,PT1H,MC-MagdalenaEcop,30080.0,21152.8
2026-01-23,6,PT1H,MC-MagdalenaEcop,31920.0,21548.3
2026-01-23,5,PT1H,MC-MagdalenaEcop,31840.0,23310.2
2026-01-23,4,PT1H,MC-MagdalenaEcop,32480.0,23130.5
2026-01-23,17,PT1H,MC-MagdalenaEcop,17960.0,23454.1
2026-01-23,1,PT1H,MC-MagdalenaEcop,30280.0,17593.1
2026-01-24,5,PT1H,MC-MagdalenaEcop,22760.0,21819.5
2026-01-24,2,PT1H,MC-MagdalenaEcop,23640.0,23617.1
2026-01-24,24,PT1H,MC-MagdalenaEcop,21440.0,23752.8
2026-01-24,23,PT1H,MC-MagdalenaEcop,22520.0,23515.4
2026-01-24,22,PT1H,MC-MagdalenaEcop,21800.0,24295.5
2026-01-24,21,PT1H,MC-MagdalenaEcop,24560.0,24624.7
2026-01-24,20,PT1H,MC-MagdalenaEcop,24720.0,24522.9
2026-01-24,19,PT1H,MC-MagdalenaEcop,25280.0,23268.0
2026-01-24,18,PT1H,MC-MagdalenaEcop,23160.0,21921.2
2026-01-24,16,PT1H,MC-MagdalenaEcop,12800.0,14730.5
2026-01-24,15,PT1H,MC-MagdalenaEcop,10000.0,13984.3
2026-01-24,1,PT1H,MC-MagdalenaEcop,22760.0,23379.7
2026-01-24,14,PT1H,MC-MagdalenaEcop,7480.0,8387.8
2026-01-24,12,PT1H,MC-MagdalenaEcop,4760.0,6759.7
2026-01-24,11,PT1H,MC-MagdalenaEcop,8280.0,12899.0
2026-01-24,10,PT1H,MC-MagdalenaEcop,12840.0,17410.1
2026-01-24,9,PT1H,MC-MagdalenaEcop,19560.0,17511.8
2026-01-24,8,PT1H,MC-MagdalenaEcop,21760.0,18597.2
2026-01-24,7,PT1H,MC-MagdalenaEcop,24160.0,20055.7
2026-01-24,6,PT1H,MC-MagdalenaEcop,22440.0,21480.3
2026-01-24,4,PT1H,MC-MagdalenaEcop,22080.0,23515.4
2026-01-24,3,PT1H,MC-MagdalenaEcop,24560.0,23583.2
2026-01-24,13,PT1H,MC-MagdalenaEcop,5320.0,7166.8
2026-01-24,17,PT1H,MC-MagdalenaEcop,17280.0,19411.3
2026-01-25,22,PT1H,MC-MagdalenaEcop,23160.0,19719.7
2026-01-25,1,PT1H,MC-MagdalenaEcop,19800.0,21132.1
2026-01-25,21,PT1H,MC-MagdalenaEcop,23600.0,20640.6
2026-01-25,20,PT1H,MC-MagdalenaEcop,25000.0,23048.2
2026-01-25,19,PT1H,MC-MagdalenaEcop,24840.0,25038.4
2026-01-25,18,PT1H,MC-MagdalenaEcop,23200.0,24534.8
2026-01-25,17,PT1H,MC-MagdalenaEcop,18240.0,22640.8
2026-01-25,16,PT1H,MC-MagdalenaEcop,12880.0,20746.9
2026-01-25,15,PT1H,MC-MagdalenaEcop,9240.0,16445.5
2026-01-25,14,PT1H,MC-MagdalenaEcop,9120.0,15642.9
2026-01-25,13,PT1H,MC-MagdalenaEcop,7680.0,14358.9
2026-01-25,23,PT1H,MC-MagdalenaEcop,23720.0,19206.1
2026-01-25,24,PT1H,MC-MagdalenaEcop,23520.0,19141.9
2026-01-25,10,PT1H,MC-MagdalenaEcop,10400.0,13235.4
2026-01-25,9,PT1H,MC-MagdalenaEcop,14280.0,14551.5
2026-01-25,8,PT1H,MC-MagdalenaEcop,14000.0,18403.6
2026-01-25,7,PT1H,MC-MagdalenaEcop,20200.0,20104.9
2026-01-25,6,PT1H,MC-MagdalenaEcop,21280.0,21324.7
2026-01-25,5,PT1H,MC-MagdalenaEcop,20400.0,21100.0
2026-01-25,4,PT1H,MC-MagdalenaEcop,22080.0,21164.2
2026-01-25,3,PT1H,MC-MagdalenaEcop,22920.0,21164.2
2026-01-25,2,PT1H,MC-MagdalenaEcop,22960.0,21100.0
2026-01-25,11,PT1H,MC-MagdalenaEcop,7040.0,12465.0
2026-01-25,12,PT1H,MC-MagdalenaEcop,8160.0,13299.6
2026-01-26,24,PT1H,MC-MagdalenaEcop,22000.0,19033.1
2026-01-26,6,PT1H,MC-MagdalenaEcop,24480.0,26311.7
2026-01-26,23,PT1H,MC-MagdalenaEcop,22240.0,19200.4
2026-01-26,1,PT1H,MC-MagdalenaEcop,23400.0,25014.9
2026-01-26,2,PT1H,MC-MagdalenaEcop,23160.0,24638.4
2026-01-26,3,PT1H,MC-MagdalenaEcop,24240.0,24722.1
2026-01-26,4,PT1H,MC-MagdalenaEcop,24160.0,24052.8
2026-01-26,5,PT1H,MC-MagdalenaEcop,23920.0,25851.5
2026-01-26,7,PT1H,MC-MagdalenaEcop,23200.0,24303.8
2026-01-26,8,PT1H,MC-MagdalenaEcop,18440.0,23048.9
2026-01-26,9,PT1H,MC-MagdalenaEcop,14000.0,23132.5
2026-01-26,11,PT1H,MC-MagdalenaEcop,9000.0,18531.1
2026-01-26,10,PT1H,MC-MagdalenaEcop,12520.0,22546.9
2026-01-26,13,PT1H,MC-MagdalenaEcop,5080.0,15226.5
2026-01-26,14,PT1H,MC-MagdalenaEcop,3680.0,10374.1
2026-01-26,15,PT1H,MC-MagdalenaEcop,9600.0,15184.6
2026-01-26,16,PT1H,MC-MagdalenaEcop,10840.0,15519.3
2026-01-26,17,PT1H,MC-MagdalenaEcop,16120.0,17610.8
2026-01-26,18,PT1H,MC-MagdalenaEcop,19160.0,19242.2
2026-01-26,19,PT1H,MC-MagdalenaEcop,22560.0,19911.5
2026-01-26,20,PT1H,MC-MagdalenaEcop,22640.0,19325.9
2026-01-26,21,PT1H,MC-MagdalenaEcop,22160.0,19325.9
2026-01-26,22,PT1H,MC-MagdalenaEcop,22280.0,19284.1
2026-01-26,12,PT1H,MC-MagdalenaEcop,4760.0,16606.9
2026-01-27,7,PT1H,MC-MagdalenaEcop,25440.0,20169.5
2026-01-27,10,PT1H,MC-MagdalenaEcop,16680.0,22748.0
2026-01-27,9,PT1H,MC-MagdalenaEcop,21640.0,23498.1
2026-01-27,8,PT1H,MC-MagdalenaEcop,24720.0,22794.9
2026-01-27,6,PT1H,MC-MagdalenaEcop,25680.0,20075.7
2026-01-27,1,PT1H,MC-MagdalenaEcop,22280.0,20216.4
2026-01-27,4,PT1H,MC-MagdalenaEcop,23200.0,19888.2
2026-01-27,3,PT1H,MC-MagdalenaEcop,22960.0,20028.8
2026-01-27,2,PT1H,MC-MagdalenaEcop,22760.0,20169.5
2026-01-27,11,PT1H,MC-MagdalenaEcop,14400.0,14731.1
2026-01-27,5,PT1H,MC-MagdalenaEcop,24000.0,19888.2
2026-01-27,12,PT1H,MC-MagdalenaEcop,12240.0,18059.8
2026-01-27,14,PT1H,MC-MagdalenaEcop,1200.0,8542.6
2026-01-27,15,PT1H,MC-MagdalenaEcop,3080.0,9808.4
2026-01-27,16,PT1H,MC-MagdalenaEcop,8360.0,14356.0
2026-01-27,17,PT1H,MC-MagdalenaEcop,19440.0,22513.6
2026-01-27,18,PT1H,MC-MagdalenaEcop,22360.0,27998.9
2026-01-27,19,PT1H,MC-MagdalenaEcop,25280.0,27145.0
2026-01-27,20,PT1H,MC-MagdalenaEcop,23320.0,25222.8
2026-01-27,21,PT1H,MC-MagdalenaEcop,23000.0,24613.3
2026-01-27,22,PT1H,MC-MagdalenaEcop,22200.0,23076.2
2026-01-27,23,PT1H,MC-MagdalenaEcop,22040.0,23591.9
2026-01-27,24,PT1H,MC-MagdalenaEcop,22160.0,23638.8
2026-01-27,13,PT1H,MC-MagdalenaEcop,400.0,15434.3
2026-01-28,23,PT1H,MC-MagdalenaEcop,24200.0,25227.6
2026-01-28,16,PT1H,MC-MagdalenaEcop,14120.0,744.9
2026-01-28,17,PT1H,MC-MagdalenaEcop,19440.0,11906.8
2026-01-28,18,PT1H,MC-MagdalenaEcop,23320.0,26330.0
2026-01-28,22,PT1H,MC-MagdalenaEcop,23680.0,25778.8
2026-01-28,20,PT1H,MC-MagdalenaEcop,24960.0,27100.9
2026-01-28,21,PT1H,MC-MagdalenaEcop,23600.0,25998.5
2026-01-28,15,PT1H,MC-MagdalenaEcop,8360.0,2077.0
2026-01-28,19,PT1H,MC-MagdalenaEcop,23760.0,26917.2
2026-01-28,14,PT1H,MC-MagdalenaEcop,6160.0,4281.8
2026-01-28,8,PT1H,MC-MagdalenaEcop,19520.0,23436.2
2026-01-28,12,PT1H,MC-MagdalenaEcop,5280.0,12458.0
2026-01-28,11,PT1H,MC-MagdalenaEcop,5000.0,19485.9
2026-01-28,10,PT1H,MC-MagdalenaEcop,4360.0,17648.6
2026-01-28,9,PT1H,MC-MagdalenaEcop,12160.0,22150.1
2026-01-28,7,PT1H,MC-MagdalenaEcop,20120.0,28121.4
2026-01-28,6,PT1H,MC-MagdalenaEcop,20720.0,26835.3
2026-01-28,5,PT1H,MC-MagdalenaEcop,22720.0,25135.8
2026-01-28,4,PT1H,MC-MagdalenaEcop,21480.0,22104.1
2026-01-28,13,PT1H,MC-MagdalenaEcop,3720.0,19394.0
2026-01-28,1,PT1H,MC-MagdalenaEcop,22800.0,23160.6
2026-01-28,24,PT1H,MC-MagdalenaEcop,24480.0,25824.8
2026-01-28,2,PT1H,MC-MagdalenaEcop,23800.0,22885.0
2026-01-28,3,PT1H,MC-MagdalenaEcop,22240.0,23206.5
2026-01-29,24,PT1H,MC-MagdalenaEcop,24480.0,25800.9
2026-01-29,23,PT1H,MC-MagdalenaEcop,23640.0,25756.9
2026-01-29,22,PT1H,MC-MagdalenaEcop,22200.0,25977.3
2026-01-29,21,PT1H,MC-MagdalenaEcop,23280.0,26364.1
2026-01-29,20,PT1H,MC-MagdalenaEcop,22920.0,26672.7
2026-01-29,19,PT1H,MC-MagdalenaEcop,24080.0,26760.9
2026-01-29,18,PT1H,MC-MagdalenaEcop,24760.0,25316.0
2026-01-29,17,PT1H,MC-MagdalenaEcop,22280.0,21656.8
2026-01-29,16,PT1H,MC-MagdalenaEcop,13480.0,15749.1
2026-01-29,3,PT1H,MC-MagdalenaEcop,24200.0,27344.0
2026-01-29,2,PT1H,MC-MagdalenaEcop,23800.0,24302.0
2026-01-29,12,PT1H,MC-MagdalenaEcop,160.0,3492.9
2026-01-29,11,PT1H,MC-MagdalenaEcop,4360.0,9488.7
2026-01-29,10,PT1H,MC-MagdalenaEcop,12160.0,10899.5
2026-01-29,9,PT1H,MC-MagdalenaEcop,14040.0,14779.2
2026-01-29,8,PT1H,MC-MagdalenaEcop,19520.0,22979.4
2026-01-29,7,PT1H,MC-MagdalenaEcop,22640.0,25492.3
2026-01-29,6,PT1H,MC-MagdalenaEcop,23120.0,26285.9
2026-01-29,5,PT1H,MC-MagdalenaEcop,20720.0,26770.9
2026-01-29,4,PT1H,MC-MagdalenaEcop,23760.0,26506.3
2026-01-29,1,PT1H,MC-MagdalenaEcop,24080.0,29151.6
2026-01-29,13,PT1H,MC-MagdalenaEcop,6680.0,6931.7
2026-01-29,15,PT1H,MC-MagdalenaEcop,9680.0,8871.5
2026-01-29,14,PT1H,MC-MagdalenaEcop,9680.0,4859.6
2026-01-30,1,PT1H,MC-MagdalenaEcop,21880.0,26893.7
2026-01-30,23,PT1H,MC-MagdalenaEcop,23920.0,26549.1
2026-01-30,22,PT1H,MC-MagdalenaEcop,23520.0,26462.9
2026-01-30,21,PT1H,MC-MagdalenaEcop,21480.0,24901.9
2026-01-30,20,PT1H,MC-MagdalenaEcop,20640.0,25591.2
2026-01-30,19,PT1H,MC-MagdalenaEcop,22120.0,24514.2
2026-01-30,18,PT1H,MC-MagdalenaEcop,24680.0,23102.4
2026-01-30,17,PT1H,MC-MagdalenaEcop,19400.0,17760.2
2026-01-30,16,PT1H,MC-MagdalenaEcop,13320.0,12633.3
2026-01-30,15,PT1H,MC-MagdalenaEcop,10600.0,9100.5
2026-01-30,14,PT1H,MC-MagdalenaEcop,10160.0,7851.1
2026-01-30,13,PT1H,MC-MagdalenaEcop,6280.0,6601.7
2026-01-30,24,PT1H,MC-MagdalenaEcop,24920.0,26118.2
2026-01-30,11,PT1H,MC-MagdalenaEcop,10920.0,5567.7
2026-01-30,10,PT1H,MC-MagdalenaEcop,16400.0,10134.5
2026-01-30,9,PT1H,MC-MagdalenaEcop,17800.0,19181.9
2026-01-30,8,PT1H,MC-MagdalenaEcop,20960.0,23059.4
2026-01-30,7,PT1H,MC-MagdalenaEcop,20640.0,25170.4
2026-01-30,6,PT1H,MC-MagdalenaEcop,22440.0,25859.7
2026-01-30,5,PT1H,MC-MagdalenaEcop,21920.0,28057.0
2026-01-30,4,PT1H,MC-MagdalenaEcop,21280.0,27023.0
2026-01-30,3,PT1H,MC-MagdalenaEcop,22800.0,27023.0
2026-01-30,2,PT1H,MC-MagdalenaEcop,23200.0,27238.4
2026-01-30,12,PT1H,MC-MagdalenaEcop,10800.0,11814.7
2026-01-31,19,PT1H,MC-MagdalenaEcop,25120.0,25938.3
2026-01-31,11,PT1H,MC-MagdalenaEcop,18080.0,10044.5
2026-01-31,10,PT1H,MC-MagdalenaEcop,22800.0,8340.6
2026-01-31,9,PT1H,MC-MagdalenaEcop,24200.0,18043.8
2026-01-31,8,PT1H,MC-MagdalenaEcop,23880.0,25238.3
2026-01-31,3,PT1H,MC-MagdalenaEcop,24800.0,30350.3
2026-01-31,6,PT1H,MC-MagdalenaEcop,25000.0,29829.6
2026-01-31,5,PT1H,MC-MagdalenaEcop,25280.0,29403.6
2026-01-31,4,PT1H,MC-MagdalenaEcop,24400.0,29261.6
2026-01-31,12,PT1H,MC-MagdalenaEcop,8360.0,3938.6
2026-01-31,7,PT1H,MC-MagdalenaEcop,22800.0,27557.6
2026-01-31,13,PT1H,MC-MagdalenaEcop,4680.0,1856.0
2026-01-31,1,PT1H,MC-MagdalenaEcop,23800.0,29876.9
2026-01-31,15,PT1H,MC-MagdalenaEcop,9200.0,8671.9
2026-01-31,16,PT1H,MC-MagdalenaEcop,17880.0,10849.2
2026-01-31,17,PT1H,MC-MagdalenaEcop,21240.0,17144.4
2026-01-31,18,PT1H,MC-MagdalenaEcop,24680.0,25096.3
2026-01-31,20,PT1H,MC-MagdalenaEcop,24160.0,27121.6
2026-01-31,21,PT1H,MC-MagdalenaEcop,23400.0,26837.6
2026-01-31,22,PT1H,MC-MagdalenaEcop,23400.0,25617.0
2026-01-31,23,PT1H,MC-MagdalenaEcop,23320.0,23960.3
2026-01-31,24,PT1H,MC-MagdalenaEcop,22920.0,23013.7
2026-01-31,2,PT1H,MC-MagdalenaEcop,25080.0,28646.3
2026-01-31,14,PT1H,MC-MagdalenaEcop,11160.0,1572.0
2026-02-01,24,PT1H,MC-MagdalenaEcop,18600.0,32314.1
2026-02-01,23,PT1H,MC-MagdalenaEcop,20040.0,35254.9
2026-02-01,22,PT1H,MC-MagdalenaEcop,22760.0,33264.2
2026-02-01,21,PT1H,MC-MagdalenaEcop,23320.0,36964.2
2026-02-01,20,PT1H,MC-MagdalenaEcop,24320.0,30087.2
2026-02-01,19,PT1H,MC-MagdalenaEcop,22280.0,27734.5
2026-02-01,18,PT1H,MC-MagdalenaEcop,20840.0,25165.6
2026-02-01,17,PT1H,MC-MagdalenaEcop,16920.0,17157.4
2026-02-01,15,PT1H,MC-MagdalenaEcop,8160.0,9285.0
2026-02-01,14,PT1H,MC-MagdalenaEcop,12680.0,3312.8
2026-02-01,13,PT1H,MC-MagdalenaEcop,10160.0,3810.5
2026-02-01,12,PT1H,MC-MagdalenaEcop,14600.0,5032.1
2026-02-01,11,PT1H,MC-MagdalenaEcop,17120.0,13356.9
2026-02-01,16,PT1H,MC-MagdalenaEcop,8480.0,11863.9
2026-02-01,9,PT1H,MC-MagdalenaEcop,19760.0,16343.0
2026-02-01,8,PT1H,MC-MagdalenaEcop,22000.0,22586.7
2026-02-01,7,PT1H,MC-MagdalenaEcop,22880.0,24260.7
2026-02-01,6,PT1H,MC-MagdalenaEcop,23320.0,26522.9
2026-02-01,5,PT1H,MC-MagdalenaEcop,22440.0,20460.2
2026-02-01,4,PT1H,MC-MagdalenaEcop,21560.0,20053.0
2026-02-01,3,PT1H,MC-MagdalenaEcop,21120.0,21319.8
2026-02-01,2,PT1H,MC-MagdalenaEcop,21520.0,20731.7
2026-02-01,1,PT1H,MC-MagdalenaEcop,23080.0,20731.7
2026-02-01,10,PT1H,MC-MagdalenaEcop,18920.0,10597.1
2026-02-02,12,PT1H,MC-MagdalenaEcop,40440.0,9336.9
2026-02-02,13,PT1H,MC-MagdalenaEcop,37280.0,5812.4
2026-02-02,14,PT1H,MC-MagdalenaEcop,34800.0,5339.6
2026-02-02,15,PT1H,MC-MagdalenaEcop,37560.0,14580.5
2026-02-02,20,PT1H,MC-MagdalenaEcop,32800.0,24800.0
2026-02-02,17,PT1H,MC-MagdalenaEcop,54600.0,27818.7
2026-02-02,18,PT1H,MC-MagdalenaEcop,55800.0,25454.7
2026-02-02,19,PT1H,MC-MagdalenaEcop,58880.0,25272.8
2026-02-02,11,PT1H,MC-MagdalenaEcop,39560.0,7574.7
2026-02-02,16,PT1H,MC-MagdalenaEcop,47440.0,24638.1
2026-02-02,10,PT1H,MC-MagdalenaEcop,41000.0,12173.6
2026-02-02,23,PT1H,MC-MagdalenaEcop,25600.0,25540.7
2026-02-02,8,PT1H,MC-MagdalenaEcop,20320.0,16729.6
2026-02-02,7,PT1H,MC-MagdalenaEcop,20320.0,16256.8
2026-02-02,6,PT1H,MC-MagdalenaEcop,20320.0,20898.7
2026-02-02,5,PT1H,MC-MagdalenaEcop,19880.0,24122.3
2026-02-02,4,PT1H,MC-MagdalenaEcop,20200.0,24208.3
2026-02-02,3,PT1H,MC-MagdalenaEcop,21360.0,24724.1
2026-02-02,2,PT1H,MC-MagdalenaEcop,21640.0,27002.0
2026-02-02,1,PT1H,MC-MagdalenaEcop,20360.0,30354.6
2026-02-02,24,PT1H,MC-MagdalenaEcop,27800.0,22102.2
2026-02-02,21,PT1H,MC-MagdalenaEcop,26320.0,24327.2
2026-02-02,9,PT1H,MC-MagdalenaEcop,16280.0,16471.7
2026-02-02,22,PT1H,MC-MagdalenaEcop,24080.0,25669.6
2026-02-03,1,PT1H,MC-MagdalenaEcop,28200.0,25445.7
2026-02-03,24,PT1H,MC-MagdalenaEcop,31280.0,23784.8
2026-02-03,3,PT1H,MC-MagdalenaEcop,28440.0,26489.7
2026-02-03,4,PT1H,MC-MagdalenaEcop,27040.0,26869.3
2026-02-03,5,PT1H,MC-MagdalenaEcop,25560.0,27818.4
2026-02-03,6,PT1H,MC-MagdalenaEcop,25840.0,25825.3
2026-02-03,7,PT1H,MC-MagdalenaEcop,24000.0,25540.6
2026-02-03,8,PT1H,MC-MagdalenaEcop,23600.0,26062.6
2026-02-03,9,PT1H,MC-MagdalenaEcop,28840.0,17947.8
2026-02-03,10,PT1H,MC-MagdalenaEcop,28960.0,17141.1
2026-02-03,11,PT1H,MC-MagdalenaEcop,19360.0,16714.0
2026-02-03,12,PT1H,MC-MagdalenaEcop,6320.0,17568.2
2026-02-03,2,PT1H,MC-MagdalenaEcop,28480.0,26157.5
2026-02-03,14,PT1H,MC-MagdalenaEcop,3160.0,20557.8
2026-02-03,15,PT1H,MC-MagdalenaEcop,8120.0,5514.7
2026-02-03,16,PT1H,MC-MagdalenaEcop,17160.0,2382.7
2026-02-03,17,PT1H,MC-MagdalenaEcop,19400.0,7128.2
2026-02-03,18,PT1H,MC-MagdalenaEcop,30400.0,14246.4
2026-02-03,19,PT1H,MC-MagdalenaEcop,31160.0,16324.4
2026-02-03,20,PT1H,MC-MagdalenaEcop,31080.0,24391.7
2026-02-03,21,PT1H,MC-MagdalenaEcop,30800.0,23774.8
2026-02-03,22,PT1H,MC-MagdalenaEcop,30360.0,22456.0
2026-02-03,23,PT1H,MC-MagdalenaEcop,30720.0,22598.4
2026-02-03,13,PT1H,MC-MagdalenaEcop,5680.0,18469.8
2026-02-04,10,PT1H,MC-MagdalenaEcop,35400.0,9303.2
2026-02-04,9,PT1H,MC-MagdalenaEcop,35000.0,13070.7
2026-02-04,8,PT1H,MC-MagdalenaEcop,35760.0,19606.0
2026-02-04,3,PT1H,MC-MagdalenaEcop,35440.0,20989.9
2026-02-04,6,PT1H,MC-MagdalenaEcop,38000.0,23373.4
2026-02-04,5,PT1H,MC-MagdalenaEcop,34960.0,23258.1
2026-02-04,4,PT1H,MC-MagdalenaEcop,35520.0,23027.4
2026-02-04,12,PT1H,MC-MagdalenaEcop,29640.0,7304.2
2026-02-04,7,PT1H,MC-MagdalenaEcop,37480.0,22566.1
2026-02-04,13,PT1H,MC-MagdalenaEcop,14960.0,7919.3
2026-02-04,19,PT1H,MC-MagdalenaEcop,44720.0,29370.5
2026-02-04,15,PT1H,MC-MagdalenaEcop,24560.0,12647.8
2026-02-04,16,PT1H,MC-MagdalenaEcop,27600.0,15069.7
2026-02-04,17,PT1H,MC-MagdalenaEcop,31880.0,21835.7
2026-02-04,18,PT1H,MC-MagdalenaEcop,39440.0,27563.7
2026-02-04,20,PT1H,MC-MagdalenaEcop,44600.0,29409.0
2026-02-04,21,PT1H,MC-MagdalenaEcop,43920.0,29178.3
2026-02-04,22,PT1H,MC-MagdalenaEcop,43480.0,28793.9
2026-02-04,23,PT1H,MC-MagdalenaEcop,43680.0,28793.9
2026-02-04,24,PT1H,MC-MagdalenaEcop,43760.0,28255.7
2026-02-04,2,PT1H,MC-MagdalenaEcop,34040.0,19952.0
2026-02-04,14,PT1H,MC-MagdalenaEcop,16200.0,8918.8
2026-02-04,1,PT1H,MC-MagdalenaEcop,31640.0,19682.9
2026-02-04,11,PT1H,MC-MagdalenaEcop,33920.0,11110.1
2026-02-05,1,PT1H,MC-MagdalenaEcop,44680.0,22308.8
2026-02-05,24,PT1H,MC-MagdalenaEcop,41840.0,26823.7
2026-02-05,23,PT1H,MC-MagdalenaEcop,42760.0,24433.4
2026-02-05,22,PT1H,MC-MagdalenaEcop,43720.0,24831.8
2026-02-05,21,PT1H,MC-MagdalenaEcop,44560.0,24533.0
2026-02-05,20,PT1H,MC-MagdalenaEcop,44960.0,22906.3
2026-02-05,19,PT1H,MC-MagdalenaEcop,45680.0,26226.1
2026-02-05,17,PT1H,MC-MagdalenaEcop,39120.0,17528.3
2026-02-05,16,PT1H,MC-MagdalenaEcop,33040.0,13013.5
2026-02-05,15,PT1H,MC-MagdalenaEcop,27040.0,12615.1
2026-02-05,14,PT1H,MC-MagdalenaEcop,25120.0,10158.5
2026-02-05,13,PT1H,MC-MagdalenaEcop,19000.0,12183.5
2026-02-05,18,PT1H,MC-MagdalenaEcop,42720.0,24798.6
2026-02-05,11,PT1H,MC-MagdalenaEcop,21480.0,11254.0
2026-02-05,12,PT1H,MC-MagdalenaEcop,22000.0,7701.8
2026-02-05,3,PT1H,MC-MagdalenaEcop,44520.0,26458.5
2026-02-05,4,PT1H,MC-MagdalenaEcop,44560.0,26392.1
2026-02-05,5,PT1H,MC-MagdalenaEcop,44680.0,26060.1
2026-02-05,6,PT1H,MC-MagdalenaEcop,44640.0,24234.2
2026-02-05,2,PT1H,MC-MagdalenaEcop,44640.0,23802.7
2026-02-05,8,PT1H,MC-MagdalenaEcop,40400.0,20449.7
2026-02-05,9,PT1H,MC-MagdalenaEcop,30280.0,16598.8
2026-02-05,10,PT1H,MC-MagdalenaEcop,23760.0,13345.4
2026-02-05,7,PT1H,MC-MagdalenaEcop,43040.0,22342.0
2026-02-06,11,PT1H,MC-MagdalenaEcop,33280.0,7302.9
2026-02-06,1,PT1H,MC-MagdalenaEcop,41480.0,27752.2
2026-02-06,2,PT1H,MC-MagdalenaEcop,43840.0,25223.6
2026-02-06,3,PT1H,MC-MagdalenaEcop,44160.0,28705.1
2026-02-06,4,PT1H,MC-MagdalenaEcop,44280.0,29767.9
2026-02-06,5,PT1H,MC-MagdalenaEcop,44240.0,29181.5
2026-02-06,6,PT1H,MC-MagdalenaEcop,43880.0,29254.8
2026-02-06,8,PT1H,MC-MagdalenaEcop,43480.0,26946.0
2026-02-06,9,PT1H,MC-MagdalenaEcop,42160.0,22768.2
2026-02-06,10,PT1H,MC-MagdalenaEcop,37440.0,16648.0
2026-02-06,24,PT1H,MC-MagdalenaEcop,48320.0,20899.1
2026-02-06,7,PT1H,MC-MagdalenaEcop,43800.0,27569.0
2026-02-06,13,PT1H,MC-MagdalenaEcop,28960.0,5323.9
2026-02-06,22,PT1H,MC-MagdalenaEcop,48360.0,21485.5
2026-02-06,21,PT1H,MC-MagdalenaEcop,49800.0,24224.1
2026-02-06,20,PT1H,MC-MagdalenaEcop,49480.0,25140.3
2026-02-06,19,PT1H,MC-MagdalenaEcop,46600.0,24810.4
2026-02-06,18,PT1H,MC-MagdalenaEcop,43600.0,21009.1
2026-02-06,23,PT1H,MC-MagdalenaEcop,48440.0,20496.0
2026-02-06,17,PT1H,MC-MagdalenaEcop,42000.0,16464.8
2026-02-06,14,PT1H,MC-MagdalenaEcop,29200.0,6350.0
2026-02-06,12,PT1H,MC-MagdalenaEcop,32520.0,7522.8
2026-02-06,16,PT1H,MC-MagdalenaEcop,35440.0,10784.4
2026-02-06,15,PT1H,MC-MagdalenaEcop,31400.0,5580.4
2026-02-07,13,PT1H,MC-MagdalenaEcop,1960.0,5748.0
2026-02-07,3,PT1H,MC-MagdalenaEcop,48400.0,26499.7
2026-02-07,4,PT1H,MC-MagdalenaEcop,48040.0,23824.9
2026-02-07,5,PT1H,MC-MagdalenaEcop,48440.0,24558.3
2026-02-07,2,PT1H,MC-MagdalenaEcop,47840.0,25507.4
2026-02-07,7,PT1H,MC-MagdalenaEcop,47960.0,26068.3
2026-02-07,8,PT1H,MC-MagdalenaEcop,45600.0,23479.7
2026-02-07,9,PT1H,MC-MagdalenaEcop,40320.0,21106.9
2026-02-07,10,PT1H,MC-MagdalenaEcop,26120.0,13858.9
2026-02-07,11,PT1H,MC-MagdalenaEcop,22400.0,8940.6
2026-02-07,12,PT1H,MC-MagdalenaEcop,7600.0,5144.0
2026-02-07,6,PT1H,MC-MagdalenaEcop,46680.0,24213.2
2026-02-07,15,PT1H,MC-MagdalenaEcop,9600.0,10795.7
2026-02-07,16,PT1H,MC-MagdalenaEcop,16440.0,13815.7
2026-02-07,17,PT1H,MC-MagdalenaEcop,18120.0,18647.7
2026-02-07,18,PT1H,MC-MagdalenaEcop,24920.0,24989.7
2026-02-07,19,PT1H,MC-MagdalenaEcop,25920.0,27266.3
2026-02-07,20,PT1H,MC-MagdalenaEcop,24760.0,26662.3
2026-02-07,21,PT1H,MC-MagdalenaEcop,25000.0,26489.7
2026-02-07,22,PT1H,MC-MagdalenaEcop,24920.0,23522.9
2026-02-07,23,PT1H,MC-MagdalenaEcop,24680.0,24299.4
2026-02-07,24,PT1H,MC-MagdalenaEcop,24760.0,23134.6
2026-02-07,1,PT1H,MC-MagdalenaEcop,48360.0,24558.3
2026-02-07,14,PT1H,MC-MagdalenaEcop,6480.0,8077.7
2026-02-08,11,PT1H,MC-MagdalenaEcop,11440.0,7927.0
2026-02-08,10,PT1H,MC-MagdalenaEcop,13840.0,11705.5
2026-02-08,9,PT1H,MC-MagdalenaEcop,13800.0,16068.8
2026-02-08,8,PT1H,MC-MagdalenaEcop,22000.0,15753.9
2026-02-08,7,PT1H,MC-MagdalenaEcop,19800.0,22726.3
2026-02-08,12,PT1H,MC-MagdalenaEcop,13720.0,9186.5
2026-02-08,5,PT1H,MC-MagdalenaEcop,19360.0,22951.2
2026-02-08,4,PT1H,MC-MagdalenaEcop,19880.0,24840.4
2026-02-08,3,PT1H,MC-MagdalenaEcop,19480.0,25785.1
2026-02-08,2,PT1H,MC-MagdalenaEcop,19480.0,25830.1
2026-02-08,6,PT1H,MC-MagdalenaEcop,19200.0,23940.8
2026-02-08,13,PT1H,MC-MagdalenaEcop,9960.0,8646.7
2026-02-08,14,PT1H,MC-MagdalenaEcop,7480.0,10266.1
2026-02-08,15,PT1H,MC-MagdalenaEcop,10400.0,10401.0
2026-02-08,24,PT1H,MC-MagdalenaEcop,40480.0,26459.8
2026-02-08,23,PT1H,MC-MagdalenaEcop,40760.0,26684.7
2026-02-08,22,PT1H,MC-MagdalenaEcop,35440.0,26055.0
2026-02-08,21,PT1H,MC-MagdalenaEcop,27040.0,26539.8
2026-02-08,1,PT1H,MC-MagdalenaEcop,21640.0,22276.4
2026-02-08,19,PT1H,MC-MagdalenaEcop,23840.0,27934.3
2026-02-08,18,PT1H,MC-MagdalenaEcop,22000.0,26100.0
2026-02-08,17,PT1H,MC-MagdalenaEcop,17640.0,20522.1
2026-02-08,16,PT1H,MC-MagdalenaEcop,13280.0,14494.4
2026-02-08,20,PT1H,MC-MagdalenaEcop,23880.0,28114.2
2026-02-09,20,PT1H,MC-MagdalenaEcop,48720.0,58304.8
2026-02-09,19,PT1H,MC-MagdalenaEcop,48760.0,58098.8
2026-02-09,18,PT1H,MC-MagdalenaEcop,46040.0,49352.7
2026-02-09,17,PT1H,MC-MagdalenaEcop,40440.0,41523.8
2026-02-09,22,PT1H,MC-MagdalenaEcop,52960.0,57387.7
2026-02-09,16,PT1H,MC-MagdalenaEcop,41280.0,27926.2
2026-02-09,15,PT1H,MC-MagdalenaEcop,32640.0,24732.9
2026-02-09,14,PT1H,MC-MagdalenaEcop,28960.0,9487.1
2026-02-09,13,PT1H,MC-MagdalenaEcop,27560.0,13092.5
2026-02-09,11,PT1H,MC-MagdalenaEcop,29920.0,23187.7
2026-02-09,21,PT1H,MC-MagdalenaEcop,51360.0,57068.6
2026-02-09,10,PT1H,MC-MagdalenaEcop,25560.0,32252.8
2026-02-09,9,PT1H,MC-MagdalenaEcop,28920.0,36064.2
2026-02-09,8,PT1H,MC-MagdalenaEcop,35480.0,47498.5
2026-02-09,7,PT1H,MC-MagdalenaEcop,41280.0,59757.0
2026-02-09,6,PT1H,MC-MagdalenaEcop,43040.0,63053.3
2026-02-09,5,PT1H,MC-MagdalenaEcop,42800.0,61611.2
2026-02-09,4,PT1H,MC-MagdalenaEcop,43120.0,62229.2
2026-02-09,3,PT1H,MC-MagdalenaEcop,44560.0,62435.3
2026-02-09,12,PT1H,MC-MagdalenaEcop,31920.0,12268.4
2026-02-09,2,PT1H,MC-MagdalenaEcop,44920.0,59653.9
2026-02-09,1,PT1H,MC-MagdalenaEcop,41800.0,60272.0
2026-02-09,23,PT1H,MC-MagdalenaEcop,53080.0,57284.7
2026-02-09,24,PT1H,MC-MagdalenaEcop,51560.0,56666.6
2026-02-10,3,PT1H,MC-MagdalenaEcop,52000.0,55665.6
2026-02-10,24,PT1H,MC-MagdalenaEcop,38200.0,53726.4
2026-02-10,23,PT1H,MC-MagdalenaEcop,37960.0,53435.5
2026-02-10,22,PT1H,MC-MagdalenaEcop,38040.0,53823.4
2026-02-10,21,PT1H,MC-MagdalenaEcop,38800.0,55752.6
2026-02-10,20,PT1H,MC-MagdalenaEcop,38920.0,56528.3
2026-02-10,19,PT1H,MC-MagdalenaEcop,40080.0,61279.4
2026-02-10,18,PT1H,MC-MagdalenaEcop,38880.0,54211.2
2026-02-10,17,PT1H,MC-MagdalenaEcop,33320.0,47133.1
2026-02-10,16,PT1H,MC-MagdalenaEcop,33520.0,20274.9
2026-02-10,15,PT1H,MC-MagdalenaEcop,32080.0,7476.0
2026-02-10,14,PT1H,MC-MagdalenaEcop,31680.0,2918.8
2026-02-10,13,PT1H,MC-MagdalenaEcop,30640.0,979.6
2026-02-10,12,PT1H,MC-MagdalenaEcop,29120.0,29680.1
2026-02-10,11,PT1H,MC-MagdalenaEcop,30200.0,34916.0
2026-02-10,10,PT1H,MC-MagdalenaEcop,26600.0,40442.8
2026-02-10,9,PT1H,MC-MagdalenaEcop,30440.0,52465.9
2026-02-10,8,PT1H,MC-MagdalenaEcop,36680.0,59931.9
2026-02-10,7,PT1H,MC-MagdalenaEcop,43720.0,61677.2
2026-02-10,6,PT1H,MC-MagdalenaEcop,46640.0,62259.0
2026-02-10,1,PT1H,MC-MagdalenaEcop,51000.0,54017.3
2026-02-10,2,PT1H,MC-MagdalenaEcop,50360.0,55180.8
2026-02-10,5,PT1H,MC-MagdalenaEcop,49520.0,58186.6
2026-02-10,4,PT1H,MC-MagdalenaEcop,50840.0,56247.4
2026-02-11,23,PT1H,MC-MagdalenaEcop,47600.0,62699.5
2026-02-11,11,PT1H,MC-MagdalenaEcop,21800.0,12962.4
2026-02-11,8,PT1H,MC-MagdalenaEcop,34760.0,50576.1
2026-02-11,9,PT1H,MC-MagdalenaEcop,33520.0,31510.2
2026-02-11,7,PT1H,MC-MagdalenaEcop,39040.0,52130.4
2026-02-11,6,PT1H,MC-MagdalenaEcop,40120.0,53684.7
2026-02-11,5,PT1H,MC-MagdalenaEcop,39480.0,58865.6
2026-02-11,4,PT1H,MC-MagdalenaEcop,39440.0,55653.4
2026-02-11,3,PT1H,MC-MagdalenaEcop,39520.0,57622.2
2026-02-11,1,PT1H,MC-MagdalenaEcop,39880.0,59072.9
2026-02-11,24,PT1H,MC-MagdalenaEcop,48640.0,63424.9
2026-02-11,10,PT1H,MC-MagdalenaEcop,26160.0,11304.5
2026-02-11,22,PT1H,MC-MagdalenaEcop,46800.0,61352.5
2026-02-11,20,PT1H,MC-MagdalenaEcop,48440.0,64658.3
2026-02-11,19,PT1H,MC-MagdalenaEcop,49040.0,61549.7
2026-02-11,18,PT1H,MC-MagdalenaEcop,45840.0,60419.9
2026-02-11,17,PT1H,MC-MagdalenaEcop,39200.0,50368.9
2026-02-11,16,PT1H,MC-MagdalenaEcop,34360.0,36587.5
2026-02-11,15,PT1H,MC-MagdalenaEcop,30000.0,21666.4
2026-02-11,14,PT1H,MC-MagdalenaEcop,26600.0,15967.3
2026-02-11,13,PT1H,MC-MagdalenaEcop,32480.0,9646.6
2026-02-11,12,PT1H,MC-MagdalenaEcop,27840.0,13687.7
2026-02-11,21,PT1H,MC-MagdalenaEcop,49160.0,61135.2
2026-02-11,2,PT1H,MC-MagdalenaEcop,40080.0,61663.3
2026-02-12,2,PT1H,MC-MagdalenaEcop,48680.0,58898.4
2026-02-12,1,PT1H,MC-MagdalenaEcop,49000.0,59591.2
2026-02-12,23,PT1H,MC-MagdalenaEcop,43920.0,58502.5
2026-02-12,22,PT1H,MC-MagdalenaEcop,46560.0,54939.5
2026-02-12,21,PT1H,MC-MagdalenaEcop,46600.0,57601.7
2026-02-12,20,PT1H,MC-MagdalenaEcop,43280.0,56711.0
2026-02-12,19,PT1H,MC-MagdalenaEcop,43120.0,59581.2
2026-02-12,18,PT1H,MC-MagdalenaEcop,44640.0,61273.7
2026-02-12,17,PT1H,MC-MagdalenaEcop,40400.0,55137.4
2026-02-12,16,PT1H,MC-MagdalenaEcop,35960.0,33363.6
2026-02-12,15,PT1H,MC-MagdalenaEcop,30920.0,23961.2
2026-02-12,14,PT1H,MC-MagdalenaEcop,29640.0,23961.2
2026-02-12,24,PT1H,MC-MagdalenaEcop,44200.0,60580.9
2026-02-12,12,PT1H,MC-MagdalenaEcop,30560.0,405.9
2026-02-12,11,PT1H,MC-MagdalenaEcop,31680.0,10798.0
2026-02-12,10,PT1H,MC-MagdalenaEcop,32800.0,30097.5
2026-02-12,9,PT1H,MC-MagdalenaEcop,34200.0,34749.2
2026-02-12,8,PT1H,MC-MagdalenaEcop,40520.0,48308.4
2026-02-12,7,PT1H,MC-MagdalenaEcop,45040.0,56028.2
2026-02-12,6,PT1H,MC-MagdalenaEcop,45520.0,57215.9
2026-02-12,5,PT1H,MC-MagdalenaEcop,47560.0,51277.5
2026-02-12,4,PT1H,MC-MagdalenaEcop,47880.0,58799.4
2026-02-12,3,PT1H,MC-MagdalenaEcop,48040.0,59888.1
2026-02-12,13,PT1H,MC-MagdalenaEcop,29520.0,16538.3
2026-02-13,14,PT1H,MC-MagdalenaEcop,32720.0,24461.6
2026-02-13,15,PT1H,MC-MagdalenaEcop,34480.0,25520.5
2026-02-13,16,PT1H,MC-MagdalenaEcop,35480.0,32066.6
2026-02-13,21,PT1H,MC-MagdalenaEcop,47360.0,51694.9
2026-02-13,18,PT1H,MC-MagdalenaEcop,46320.0,59406.2
2026-02-13,19,PT1H,MC-MagdalenaEcop,48080.0,53235.2
2026-02-13,20,PT1H,MC-MagdalenaEcop,47720.0,49673.3
2026-02-13,13,PT1H,MC-MagdalenaEcop,31040.0,15123.8
2026-02-13,17,PT1H,MC-MagdalenaEcop,42600.0,46699.1
2026-02-13,12,PT1H,MC-MagdalenaEcop,31440.0,26001.9
2026-02-13,6,PT1H,MC-MagdalenaEcop,48560.0,54015.3
2026-02-13,10,PT1H,MC-MagdalenaEcop,31200.0,39479.1
2026-02-13,9,PT1H,MC-MagdalenaEcop,39040.0,42848.4
2026-02-13,8,PT1H,MC-MagdalenaEcop,45280.0,50453.5
2026-02-13,7,PT1H,MC-MagdalenaEcop,47880.0,49683.3
2026-02-13,5,PT1H,MC-MagdalenaEcop,47080.0,52763.8
2026-02-13,4,PT1H,MC-MagdalenaEcop,46440.0,51223.6
2026-02-13,3,PT1H,MC-MagdalenaEcop,48200.0,54881.7
2026-02-13,2,PT1H,MC-MagdalenaEcop,48280.0,55844.4
2026-02-13,1,PT1H,MC-MagdalenaEcop,46480.0,52667.6
2026-02-13,22,PT1H,MC-MagdalenaEcop,46400.0,56614.5
2026-02-13,11,PT1H,MC-MagdalenaEcop,31560.0,26290.7
2026-02-13,23,PT1H,MC-MagdalenaEcop,44240.0,57577.2
2026-02-13,24,PT1H,MC-MagdalenaEcop,43880.0,59983.8
2026-02-14,4,PT1H,MC-MagdalenaEcop,45800.0,53142.7
2026-02-14,3,PT1H,MC-MagdalenaEcop,46080.0,54013.7
2026-02-14,1,PT1H,MC-MagdalenaEcop,45360.0,51836.1
2026-02-14,24,PT1H,MC-MagdalenaEcop,48120.0,49919.9
2026-02-14,23,PT1H,MC-MagdalenaEcop,47480.0,50790.9
2026-02-14,22,PT1H,MC-MagdalenaEcop,49240.0,50965.1
2026-02-14,21,PT1H,MC-MagdalenaEcop,50400.0,50955.1
2026-02-14,20,PT1H,MC-MagdalenaEcop,49760.0,52610.0
2026-02-14,19,PT1H,MC-MagdalenaEcop,50280.0,54700.5
2026-02-14,18,PT1H,MC-MagdalenaEcop,47720.0,53752.4
2026-02-14,2,PT1H,MC-MagdalenaEcop,45960.0,54623.4
2026-02-14,17,PT1H,MC-MagdalenaEcop,38800.0,46261.5
2026-02-14,15,PT1H,MC-MagdalenaEcop,33440.0,20043.6
2026-02-14,14,PT1H,MC-MagdalenaEcop,33080.0,24311.7
2026-02-14,13,PT1H,MC-MagdalenaEcop,34400.0,10201.0
2026-02-14,12,PT1H,MC-MagdalenaEcop,41760.0,18214.5
2026-02-14,11,PT1H,MC-MagdalenaEcop,41560.0,39380.4
2026-02-14,10,PT1H,MC-MagdalenaEcop,42320.0,49658.5
2026-02-14,9,PT1H,MC-MagdalenaEcop,40880.0,52707.1
2026-02-14,8,PT1H,MC-MagdalenaEcop,43720.0,52010.3
2026-02-14,7,PT1H,MC-MagdalenaEcop,45440.0,49658.5
2026-02-14,6,PT1H,MC-MagdalenaEcop,46320.0,54449.2
2026-02-14,16,PT1H,MC-MagdalenaEcop,31560.0,38944.9
2026-02-14,5,PT1H,MC-MagdalenaEcop,45920.0,55058.9
2026-02-15,2,PT1H,MC-MagdalenaEcop,44880.0,51257.1
2026-02-15,3,PT1H,MC-MagdalenaEcop,42240.0,50304.5
2026-02-15,24,PT1H,MC-MagdalenaEcop,45440.0,44303.5
2026-02-15,1,PT1H,MC-MagdalenaEcop,47480.0,54972.0
2026-02-15,21,PT1H,MC-MagdalenaEcop,45960.0,55533.5
2026-02-15,20,PT1H,MC-MagdalenaEcop,46040.0,57914.9
2026-02-15,19,PT1H,MC-MagdalenaEcop,46400.0,53056.9
2026-02-15,18,PT1H,MC-MagdalenaEcop,45560.0,49637.7
2026-02-15,17,PT1H,MC-MagdalenaEcop,41560.0,40302.8
2026-02-15,16,PT1H,MC-MagdalenaEcop,39080.0,20204.0
2026-02-15,15,PT1H,MC-MagdalenaEcop,38720.0,19442.0
2026-02-15,14,PT1H,MC-MagdalenaEcop,38800.0,30205.8
2026-02-15,13,PT1H,MC-MagdalenaEcop,36800.0,24204.7
2026-02-15,12,PT1H,MC-MagdalenaEcop,39480.0,34778.0
2026-02-15,11,PT1H,MC-MagdalenaEcop,42080.0,40779.0
2026-02-15,10,PT1H,MC-MagdalenaEcop,37840.0,45065.5
2026-02-15,9,PT1H,MC-MagdalenaEcop,40920.0,47065.9
2026-02-15,8,PT1H,MC-MagdalenaEcop,40040.0,52400.1
2026-02-15,7,PT1H,MC-MagdalenaEcop,39400.0,54495.7
2026-02-15,6,PT1H,MC-MagdalenaEcop,39960.0,55543.5
2026-02-15,5,PT1H,MC-MagdalenaEcop,40120.0,53447.9
2026-02-15,4,PT1H,MC-MagdalenaEcop,42240.0,51352.3
2026-02-15,22,PT1H,MC-MagdalenaEcop,45800.0,54210.0
2026-02-15,23,PT1H,MC-MagdalenaEcop,45200.0,47732.6
2026-02-16,6,PT1H,MC-MagdalenaEcop,47480.0,48751.3
2026-02-16,3,PT1H,MC-MagdalenaEcop,46160.0,53656.6
2026-02-16,7,PT1H,MC-MagdalenaEcop,46600.0,45279.8
2026-02-16,8,PT1H,MC-MagdalenaEcop,43320.0,44525.1
2026-02-16,9,PT1H,MC-MagdalenaEcop,43280.0,54411.2
2026-02-16,10,PT1H,MC-MagdalenaEcop,35760.0,54637.6
2026-02-16,11,PT1H,MC-MagdalenaEcop,33840.0,36525.7
2026-02-16,12,PT1H,MC-MagdalenaEcop,32960.0,11923.7
2026-02-16,13,PT1H,MC-MagdalenaEcop,39400.0,10716.2
2026-02-16,4,PT1H,MC-MagdalenaEcop,46600.0,51015.2
2026-02-16,5,PT1H,MC-MagdalenaEcop,47240.0,48223.0
2026-02-16,15,PT1H,MC-MagdalenaEcop,36720.0,15319.7
2026-02-16,17,PT1H,MC-MagdalenaEcop,44840.0,36601.2
2026-02-16,18,PT1H,MC-MagdalenaEcop,51440.0,57354.4
2026-02-16,19,PT1H,MC-MagdalenaEcop,55160.0,58788.3
2026-02-16,20,PT1H,MC-MagdalenaEcop,54600.0,58637.4
2026-02-16,21,PT1H,MC-MagdalenaEcop,51320.0,58109.1
2026-02-16,22,PT1H,MC-MagdalenaEcop,51080.0,57279.0
2026-02-16,23,PT1H,MC-MagdalenaEcop,53080.0,57958.2
2026-02-16,24,PT1H,MC-MagdalenaEcop,53440.0,59014.7
2026-02-16,16,PT1H,MC-MagdalenaEcop,39400.0,32375.1
2026-02-16,14,PT1H,MC-MagdalenaEcop,39240.0,5961.8
2026-02-16,1,PT1H,MC-MagdalenaEcop,46080.0,53203.8
2026-02-16,2,PT1H,MC-MagdalenaEcop,46320.0,53732.0
2026-02-17,3,PT1H,MC-MagdalenaEcop,51000.0,53666.6
2026-02-17,24,PT1H,MC-MagdalenaEcop,35000.0,59024.7
2026-02-17,23,PT1H,MC-MagdalenaEcop,38440.0,57968.2
2026-02-17,22,PT1H,MC-MagdalenaEcop,42840.0,57289.0
2026-02-17,21,PT1H,MC-MagdalenaEcop,44360.0,58109.1
2026-02-17,20,PT1H,MC-MagdalenaEcop,47560.0,58637.4
2026-02-17,19,PT1H,MC-MagdalenaEcop,48600.0,58788.3
2026-02-17,18,PT1H,MC-MagdalenaEcop,47160.0,57364.4
2026-02-17,17,PT1H,MC-MagdalenaEcop,41040.0,36611.2
2026-02-17,16,PT1H,MC-MagdalenaEcop,37200.0,32385.1
2026-02-17,2,PT1H,MC-MagdalenaEcop,52400.0,53742.0
2026-02-17,15,PT1H,MC-MagdalenaEcop,32320.0,15329.7
2026-02-17,13,PT1H,MC-MagdalenaEcop,26800.0,10726.2
2026-02-17,12,PT1H,MC-MagdalenaEcop,24960.0,11933.7
2026-02-17,11,PT1H,MC-MagdalenaEcop,33480.0,36535.7
2026-02-17,10,PT1H,MC-MagdalenaEcop,37960.0,54647.6
2026-02-17,9,PT1H,MC-MagdalenaEcop,50960.0,54421.2
2026-02-17,8,PT1H,MC-MagdalenaEcop,52400.0,44535.1
2026-02-17,7,PT1H,MC-MagdalenaEcop,53520.0,45289.8
2026-02-17,6,PT1H,MC-MagdalenaEcop,54600.0,48761.3
2026-02-17,5,PT1H,MC-MagdalenaEcop,53800.0,48233.0
2026-02-17,4,PT1H,MC-MagdalenaEcop,52600.0,51025.2
2026-02-17,14,PT1H,MC-MagdalenaEcop,26160.0,5971.8
2026-02-17,1,PT1H,MC-MagdalenaEcop,54280.0,53213.8
2026-02-18,6,PT1H,MC-MagdalenaEcop,33000.0,48396.8
2026-02-18,23,PT1H,MC-MagdalenaEcop,39040.0,55629.3
2026-02-18,24,PT1H,MC-MagdalenaEcop,38920.0,55731.2
2026-02-18,2,PT1H,MC-MagdalenaEcop,35720.0,43354.4
2026-02-18,3,PT1H,MC-MagdalenaEcop,35520.0,45137.0
2026-02-18,4,PT1H,MC-MagdalenaEcop,35040.0,45238.9
2026-02-18,5,PT1H,MC-MagdalenaEcop,34360.0,44525.8
2026-02-18,1,PT1H,MC-MagdalenaEcop,35280.0,40298.4
2026-02-18,8,PT1H,MC-MagdalenaEcop,32360.0,45544.5
2026-02-18,9,PT1H,MC-MagdalenaEcop,25600.0,44576.8
2026-02-18,10,PT1H,MC-MagdalenaEcop,21440.0,45086.1
2026-02-18,11,PT1H,MC-MagdalenaEcop,23160.0,43201.6
2026-02-18,7,PT1H,MC-MagdalenaEcop,32800.0,47734.7
2026-02-18,13,PT1H,MC-MagdalenaEcop,26800.0,19059.1
2026-02-18,14,PT1H,MC-MagdalenaEcop,27080.0,20638.1
2026-02-18,15,PT1H,MC-MagdalenaEcop,27000.0,31283.1
2026-02-18,16,PT1H,MC-MagdalenaEcop,33080.0,35154.1
2026-02-18,17,PT1H,MC-MagdalenaEcop,34880.0,40604.0
2026-02-18,18,PT1H,MC-MagdalenaEcop,39160.0,50230.4
2026-02-18,19,PT1H,MC-MagdalenaEcop,40200.0,56943.6
2026-02-18,20,PT1H,MC-MagdalenaEcop,39600.0,56790.8
2026-02-18,21,PT1H,MC-MagdalenaEcop,38960.0,55924.9
2026-02-18,12,PT1H,MC-MagdalenaEcop,19200.0,37751.7
2026-02-18,22,PT1H,MC-MagdalenaEcop,39160.0,55374.7
2026-02-19,9,PT1H,MC-MagdalenaEcop,29120.0,35877.8
2026-02-19,8,PT1H,MC-MagdalenaEcop,31480.0,47865.4
2026-02-19,7,PT1H,MC-MagdalenaEcop,35560.0,50992.5
2026-02-19,6,PT1H,MC-MagdalenaEcop,36240.0,52887.8
2026-02-19,1,PT1H,MC-MagdalenaEcop,38680.0,52935.2
2026-02-19,4,PT1H,MC-MagdalenaEcop,37520.0,52793.0
2026-02-19,3,PT1H,MC-MagdalenaEcop,37760.0,52745.7
2026-02-19,2,PT1H,MC-MagdalenaEcop,38360.0,52887.8
2026-02-19,10,PT1H,MC-MagdalenaEcop,26760.0,28154.6
2026-02-19,5,PT1H,MC-MagdalenaEcop,37600.0,52935.2
2026-02-19,11,PT1H,MC-MagdalenaEcop,22800.0,25453.9
2026-02-19,18,PT1H,MC-MagdalenaEcop,36320.0,50613.5
2026-02-19,13,PT1H,MC-MagdalenaEcop,15240.0,22516.2
2026-02-19,14,PT1H,MC-MagdalenaEcop,15040.0,29765.6
2026-02-19,15,PT1H,MC-MagdalenaEcop,25560.0,32039.9
2026-02-19,16,PT1H,MC-MagdalenaEcop,25080.0,39147.2
2026-02-19,17,PT1H,MC-MagdalenaEcop,32680.0,46349.2
2026-02-19,19,PT1H,MC-MagdalenaEcop,36120.0,54109.7
2026-02-19,20,PT1H,MC-MagdalenaEcop,36200.0,53256.9
2026-02-19,21,PT1H,MC-MagdalenaEcop,36200.0,52783.0
2026-02-19,22,PT1H,MC-MagdalenaEcop,35680.0,51798.0
2026-02-19,23,PT1H,MC-MagdalenaEcop,37080.0,50660.9
2026-02-19,24,PT1H,MC-MagdalenaEcop,36920.0,49571.1
2026-02-19,12,PT1H,MC-MagdalenaEcop,22480.0,26069.9
2026-02-20,10,PT1H,MC-MagdalenaEcop,33040.0,39989.7
2026-02-20,9,PT1H,MC-MagdalenaEcop,34440.0,45031.2
2026-02-20,8,PT1H,MC-MagdalenaEcop,34800.0,46441.1
2026-02-20,7,PT1H,MC-MagdalenaEcop,33120.0,46782.8
2026-02-20,11,PT1H,MC-MagdalenaEcop,27920.0,35546.4
2026-02-20,5,PT1H,MC-MagdalenaEcop,36000.0,47252.8
2026-02-20,4,PT1H,MC-MagdalenaEcop,35560.0,47295.5
2026-02-20,3,PT1H,MC-MagdalenaEcop,35880.0,47167.4
2026-02-20,2,PT1H,MC-MagdalenaEcop,36520.0,46825.6
2026-02-20,6,PT1H,MC-MagdalenaEcop,34760.0,46868.3
2026-02-20,12,PT1H,MC-MagdalenaEcop,20520.0,34734.7
2026-02-20,1,PT1H,MC-MagdalenaEcop,36760.0,44304.9
2026-02-20,14,PT1H,MC-MagdalenaEcop,21040.0,31188.6
2026-02-20,13,PT1H,MC-MagdalenaEcop,22880.0,30932.2
2026-02-20,23,PT1H,MC-MagdalenaEcop,33560.0,51738.8
2026-02-20,22,PT1H,MC-MagdalenaEcop,34960.0,51653.4
2026-02-20,21,PT1H,MC-MagdalenaEcop,35440.0,53191.5
2026-02-20,20,PT1H,MC-MagdalenaEcop,34920.0,52849.7
2026-02-20,24,PT1H,MC-MagdalenaEcop,31320.0,51610.7
2026-02-20,18,PT1H,MC-MagdalenaEcop,34440.0,46569.2
2026-02-20,17,PT1H,MC-MagdalenaEcop,30560.0,44860.3
2026-02-20,16,PT1H,MC-MagdalenaEcop,29800.0,37853.5
2026-02-20,15,PT1H,MC-MagdalenaEcop,27640.0,33538.4
2026-02-20,19,PT1H,MC-MagdalenaEcop,35000.0,49773.5
2026-02-21,14,PT1H,MC-MagdalenaEcop,14200.0,9785.3
2026-02-21,22,PT1H,MC-MagdalenaEcop,36520.0,37602.7
2026-02-21,21,PT1H,MC-MagdalenaEcop,35840.0,37713.4
2026-02-21,20,PT1H,MC-MagdalenaEcop,34480.0,37351.3
2026-02-21,19,PT1H,MC-MagdalenaEcop,34400.0,39101.2
2026-02-21,18,PT1H,MC-MagdalenaEcop,34640.0,37602.7
2026-02-21,17,PT1H,MC-MagdalenaEcop,26560.0,27344.7
2026-02-21,16,PT1H,MC-MagdalenaEcop,20360.0,24810.3
2026-02-21,15,PT1H,MC-MagdalenaEcop,15520.0,14491.9
2026-02-21,13,PT1H,MC-MagdalenaEcop,12960.0,2966.7
2026-02-21,7,PT1H,MC-MagdalenaEcop,28320.0,72359.3
2026-02-21,11,PT1H,MC-MagdalenaEcop,14440.0,33801.2
2026-02-21,10,PT1H,MC-MagdalenaEcop,18320.0,39412.9
2026-02-21,9,PT1H,MC-MagdalenaEcop,24120.0,60834.1
2026-02-21,8,PT1H,MC-MagdalenaEcop,26400.0,68799.2
2026-02-21,23,PT1H,MC-MagdalenaEcop,35160.0,37240.6
2026-02-21,5,PT1H,MC-MagdalenaEcop,30320.0,73083.4
2026-02-21,4,PT1H,MC-MagdalenaEcop,31040.0,72480.0
2026-02-21,3,PT1H,MC-MagdalenaEcop,31960.0,73023.1
2026-02-21,2,PT1H,MC-MagdalenaEcop,31720.0,72178.3
2026-02-21,1,PT1H,MC-MagdalenaEcop,32080.0,72962.8
2026-02-21,12,PT1H,MC-MagdalenaEcop,11400.0,11474.9
2026-02-21,24,PT1H,MC-MagdalenaEcop,34040.0,37361.3
2026-02-21,6,PT1H,MC-MagdalenaEcop,30600.0,70428.4
2026-02-22,9,PT1H,MC-MagdalenaEcop,38880.0,30232.3
2026-02-22,21,PT1H,MC-MagdalenaEcop,49600.0,59218.2
2026-02-22,20,PT1H,MC-MagdalenaEcop,49200.0,52297.7
2026-02-22,19,PT1H,MC-MagdalenaEcop,49080.0,52210.1
2026-02-22,18,PT1H,MC-MagdalenaEcop,46080.0,48190.5
2026-02-22,17,PT1H,MC-MagdalenaEcop,41960.0,38642.0
2026-02-22,16,PT1H,MC-MagdalenaEcop,35160.0,29093.5
2026-02-22,15,PT1H,MC-MagdalenaEcop,34840.0,22786.2
2026-02-22,14,PT1H,MC-MagdalenaEcop,29720.0,16391.4
2026-02-22,24,PT1H,MC-MagdalenaEcop,48960.0,88662.1
2026-02-22,13,PT1H,MC-MagdalenaEcop,31840.0,21822.6
2026-02-22,11,PT1H,MC-MagdalenaEcop,30920.0,25063.8
2026-02-22,10,PT1H,MC-MagdalenaEcop,32000.0,30319.9
2026-02-22,8,PT1H,MC-MagdalenaEcop,41400.0,48190.5
2026-02-22,7,PT1H,MC-MagdalenaEcop,42160.0,43372.4
2026-02-22,6,PT1H,MC-MagdalenaEcop,42960.0,42058.4
2026-02-22,5,PT1H,MC-MagdalenaEcop,42960.0,42408.8
2026-02-22,4,PT1H,MC-MagdalenaEcop,43080.0,43547.6
2026-02-22,3,PT1H,MC-MagdalenaEcop,43080.0,42671.6
2026-02-22,12,PT1H,MC-MagdalenaEcop,32360.0,30057.1
2026-02-22,2,PT1H,MC-MagdalenaEcop,43120.0,42671.6
2026-02-22,23,PT1H,MC-MagdalenaEcop,48400.0,89275.3
2026-02-22,1,PT1H,MC-MagdalenaEcop,43520.0,47402.1
2026-02-22,22,PT1H,MC-MagdalenaEcop,49280.0,77624.4
2026-02-23,2,PT1H,MC-MagdalenaEcop,45800.0,43381.0
2026-02-23,3,PT1H,MC-MagdalenaEcop,45840.0,43033.4
2026-02-23,4,PT1H,MC-MagdalenaEcop,47560.0,41643.0
2026-02-23,5,PT1H,MC-MagdalenaEcop,47680.0,41334.1
2026-02-23,6,PT1H,MC-MagdalenaEcop,47560.0,41565.8
2026-02-23,7,PT1H,MC-MagdalenaEcop,47000.0,39866.5
2026-02-23,22,PT1H,MC-MagdalenaEcop,42440.0,51143.7
2026-02-23,8,PT1H,MC-MagdalenaEcop,46480.0,34266.5
2026-02-23,9,PT1H,MC-MagdalenaEcop,42160.0,27932.7
2026-02-23,20,PT1H,MC-MagdalenaEcop,44200.0,47039.9
2026-02-23,11,PT1H,MC-MagdalenaEcop,32680.0,28898.2
2026-02-23,12,PT1H,MC-MagdalenaEcop,30600.0,30829.3
2026-02-23,13,PT1H,MC-MagdalenaEcop,31200.0,26619.6
2026-02-23,14,PT1H,MC-MagdalenaEcop,33720.0,27971.3
2026-02-23,15,PT1H,MC-MagdalenaEcop,39040.0,31524.4
2026-02-23,16,PT1H,MC-MagdalenaEcop,40360.0,39866.5
2026-02-23,17,PT1H,MC-MagdalenaEcop,38440.0,39055.5
2026-02-23,18,PT1H,MC-MagdalenaEcop,42120.0,44462.3
2026-02-23,19,PT1H,MC-MagdalenaEcop,44280.0,47078.6
2026-02-23,21,PT1H,MC-MagdalenaEcop,43600.0,49588.9
2026-02-23,10,PT1H,MC-MagdalenaEcop,39640.0,24688.6
2026-02-23,23,PT1H,MC-MagdalenaEcop,43280.0,51259.6
2026-02-23,1,PT1H,MC-MagdalenaEcop,48520.0,40368.6
2026-02-23,24,PT1H,MC-MagdalenaEcop,44680.0,49792.0
2026-02-24,5,PT1H,MC-MagdalenaEcop,46200.0,50263.3
2026-02-24,6,PT1H,MC-MagdalenaEcop,46440.0,47340.6
2026-02-24,4,PT1H,MC-MagdalenaEcop,46000.0,51602.8
2026-02-24,3,PT1H,MC-MagdalenaEcop,48640.0,52780.0
2026-02-24,2,PT1H,MC-MagdalenaEcop,48760.0,51115.7
2026-02-24,1,PT1H,MC-MagdalenaEcop,46760.0,51765.2
2026-02-24,24,PT1H,MC-MagdalenaEcop,54680.0,38775.7
2026-02-24,23,PT1H,MC-MagdalenaEcop,55720.0,38532.1
2026-02-24,22,PT1H,MC-MagdalenaEcop,55040.0,38613.3
2026-02-24,21,PT1H,MC-MagdalenaEcop,56160.0,39374.5
2026-02-24,7,PT1H,MC-MagdalenaEcop,45680.0,44377.4
2026-02-24,18,PT1H,MC-MagdalenaEcop,53280.0,39465.7
2026-02-24,17,PT1H,MC-MagdalenaEcop,46440.0,33823.4
2026-02-24,16,PT1H,MC-MagdalenaEcop,40200.0,34026.4
2026-02-24,15,PT1H,MC-MagdalenaEcop,40840.0,32565.0
2026-02-24,14,PT1H,MC-MagdalenaEcop,35360.0,32159.1
2026-02-24,13,PT1H,MC-MagdalenaEcop,35240.0,31103.7
2026-02-24,12,PT1H,MC-MagdalenaEcop,33280.0,29561.2
2026-02-24,11,PT1H,MC-MagdalenaEcop,39000.0,30657.2
2026-02-24,10,PT1H,MC-MagdalenaEcop,41800.0,27003.9
2026-02-24,9,PT1H,MC-MagdalenaEcop,44120.0,30900.7
2026-02-24,8,PT1H,MC-MagdalenaEcop,44840.0,37233.2
2026-02-24,19,PT1H,MC-MagdalenaEcop,54480.0,40673.5
2026-02-24,20,PT1H,MC-MagdalenaEcop,54800.0,39496.3
2026-02-25,1,PT1H,MC-MagdalenaEcop,52480.0,40895.9
2026-02-25,2,PT1H,MC-MagdalenaEcop,52600.0,41100.9
2026-02-25,24,PT1H,MC-MagdalenaEcop,57440.0,49876.8
2026-02-25,3,PT1H,MC-MagdalenaEcop,52240.0,40526.8
2026-02-25,4,PT1H,MC-MagdalenaEcop,51520.0,40444.8
2026-02-25,5,PT1H,MC-MagdalenaEcop,51480.0,40485.8
2026-02-25,6,PT1H,MC-MagdalenaEcop,51840.0,41141.9
2026-02-25,7,PT1H,MC-MagdalenaEcop,53440.0,40034.7
2026-02-25,8,PT1H,MC-MagdalenaEcop,52160.0,35646.7
2026-02-25,9,PT1H,MC-MagdalenaEcop,50480.0,34375.5
2026-02-25,10,PT1H,MC-MagdalenaEcop,45920.0,26829.8
2026-02-25,11,PT1H,MC-MagdalenaEcop,43160.0,22359.9
2026-02-25,12,PT1H,MC-MagdalenaEcop,41040.0,28552.2
2026-02-25,14,PT1H,MC-MagdalenaEcop,39400.0,27280.9
2026-02-25,15,PT1H,MC-MagdalenaEcop,42520.0,30766.7
2026-02-25,16,PT1H,MC-MagdalenaEcop,47000.0,35236.7
2026-02-25,17,PT1H,MC-MagdalenaEcop,47360.0,40198.7
2026-02-25,18,PT1H,MC-MagdalenaEcop,53960.0,47006.2
2026-02-25,19,PT1H,MC-MagdalenaEcop,56120.0,50276.9
2026-02-25,20,PT1H,MC-MagdalenaEcop,57320.0,49661.8
2026-02-25,21,PT1H,MC-MagdalenaEcop,55840.0,50400.0
2026-02-25,22,PT1H,MC-MagdalenaEcop,57680.0,47990.4
2026-02-25,23,PT1H,MC-MagdalenaEcop,56920.0,48810.6
2026-02-25,13,PT1H,MC-MagdalenaEcop,37640.0,33309.2
2026-02-26,16,PT1H,MC-MagdalenaEcop,45840.0,34603.9
2026-02-26,17,PT1H,MC-MagdalenaEcop,51360.0,38875.2
2026-02-26,18,PT1H,MC-MagdalenaEcop,53000.0,42954.1
2026-02-26,23,PT1H,MC-MagdalenaEcop,58240.0,42261.4
2026-02-26,20,PT1H,MC-MagdalenaEcop,55600.0,41635.8
2026-02-26,21,PT1H,MC-MagdalenaEcop,56320.0,44829.6
2026-02-26,22,PT1H,MC-MagdalenaEcop,57600.0,44801.2
2026-02-26,15,PT1H,MC-MagdalenaEcop,36600.0,29755.3
2026-02-26,19,PT1H,MC-MagdalenaEcop,55120.0,41481.8
2026-02-26,14,PT1H,MC-MagdalenaEcop,34280.0,28524.0
2026-02-26,9,PT1H,MC-MagdalenaEcop,44720.0,32910.7
2026-02-26,12,PT1H,MC-MagdalenaEcop,34560.0,29409.0
2026-02-26,11,PT1H,MC-MagdalenaEcop,33160.0,30486.5
2026-02-26,10,PT1H,MC-MagdalenaEcop,41760.0,31563.9
2026-02-26,8,PT1H,MC-MagdalenaEcop,49320.0,38990.6
2026-02-26,7,PT1H,MC-MagdalenaEcop,52320.0,43338.9
2026-02-26,6,PT1H,MC-MagdalenaEcop,55480.0,43800.7
2026-02-26,5,PT1H,MC-MagdalenaEcop,54040.0,45763.2
2026-02-26,4,PT1H,MC-MagdalenaEcop,52800.0,46071.0
2026-02-26,1,PT1H,MC-MagdalenaEcop,56360.0,47148.5
2026-02-26,2,PT1H,MC-MagdalenaEcop,55720.0,46840.6
2026-02-26,13,PT1H,MC-MagdalenaEcop,33880.0,28408.5
2026-02-26,3,PT1H,MC-MagdalenaEcop,53680.0,46224.9
2026-02-26,24,PT1H,MC-MagdalenaEcop,57040.0,42530.8
2026-02-27,23,PT1H,MC-MagdalenaEcop,58960.0,41243.4
2026-02-27,21,PT1H,MC-MagdalenaEcop,61000.0,44141.4
2026-02-27,20,PT1H,MC-MagdalenaEcop,61920.0,44476.9
2026-02-27,19,PT1H,MC-MagdalenaEcop,60000.0,44812.4
2026-02-27,18,PT1H,MC-MagdalenaEcop,54600.0,43182.1
2026-02-27,17,PT1H,MC-MagdalenaEcop,49360.0,39714.9
2026-02-27,16,PT1H,MC-MagdalenaEcop,44520.0,33078.8
2026-02-27,15,PT1H,MC-MagdalenaEcop,39960.0,32146.7
2026-02-27,14,PT1H,MC-MagdalenaEcop,37040.0,30506.3
2026-02-27,13,PT1H,MC-MagdalenaEcop,40000.0,28940.5
2026-02-27,12,PT1H,MC-MagdalenaEcop,39520.0,29313.3
2026-02-27,11,PT1H,MC-MagdalenaEcop,39640.0,29425.2
2026-02-27,10,PT1H,MC-MagdalenaEcop,42280.0,29089.6
2026-02-27,9,PT1H,MC-MagdalenaEcop,49040.0,36396.8
2026-02-27,8,PT1H,MC-MagdalenaEcop,55760.0,42212.7
2026-02-27,7,PT1H,MC-MagdalenaEcop,56760.0,44636.0
2026-02-27,6,PT1H,MC-MagdalenaEcop,57960.0,45269.8
2026-02-27,5,PT1H,MC-MagdalenaEcop,58320.0,43890.4
2026-02-27,4,PT1H,MC-MagdalenaEcop,55880.0,43293.9
2026-02-27,3,PT1H,MC-MagdalenaEcop,51640.0,44934.3
2026-02-27,2,PT1H,MC-MagdalenaEcop,56200.0,45008.9
2026-02-27,1,PT1H,MC-MagdalenaEcop,58360.0,43331.2
2026-02-27,24,PT1H,MC-MagdalenaEcop,57800.0,40907.9
2026-02-27,22,PT1H,MC-MagdalenaEcop,59080.0,43256.6
2026-02-28,23,PT1H,MC-MagdalenaEcop,61120.0,42839.2
2026-02-28,1,PT1H,MC-MagdalenaEcop,57960.0,40926.9
2026-02-28,22,PT1H,MC-MagdalenaEcop,61800.0,44426.8
2026-02-28,21,PT1H,MC-MagdalenaEcop,60520.0,45463.2
2026-02-28,20,PT1H,MC-MagdalenaEcop,60880.0,44885.9
2026-02-28,19,PT1H,MC-MagdalenaEcop,62880.0,45354.9
2026-02-28,18,PT1H,MC-MagdalenaEcop,60560.0,43055.7
2026-02-28,17,PT1H,MC-MagdalenaEcop,54840.0,35009.4
2026-02-28,16,PT1H,MC-MagdalenaEcop,49320.0,28478.6
2026-02-28,15,PT1H,MC-MagdalenaEcop,45280.0,30174.5
2026-02-28,14,PT1H,MC-MagdalenaEcop,42240.0,29849.7
2026-02-28,24,PT1H,MC-MagdalenaEcop,61320.0,43416.5
2026-02-28,13,PT1H,MC-MagdalenaEcop,40280.0,31040.4
2026-02-28,10,PT1H,MC-MagdalenaEcop,47880.0,38184.6
2026-02-28,9,PT1H,MC-MagdalenaEcop,52080.0,36885.7
2026-02-28,8,PT1H,MC-MagdalenaEcop,54160.0,39447.5
2026-02-28,7,PT1H,MC-MagdalenaEcop,58200.0,40999.0
2026-02-28,6,PT1H,MC-MagdalenaEcop,58520.0,41792.8
2026-02-28,5,PT1H,MC-MagdalenaEcop,57560.0,41432.0
2026-02-28,4,PT1H,MC-MagdalenaEcop,57840.0,41323.8
2026-02-28,3,PT1H,MC-MagdalenaEcop,58120.0,41576.3
2026-02-28,2,PT1H,MC-MagdalenaEcop,58360.0,41468.1
2026-02-28,11,PT1H,MC-MagdalenaEcop,43120.0,37499.1
2026-02-28,12,PT1H,MC-MagdalenaEcop,46400.0,37679.5
