Fecha,Periodo,CodigoDuracion,MercadoComercializacionOperativo,DemandaAtendida,PronDem
2025-10-14,1,PT1H,MC-Reficar,11070.4,16020.0
2025-10-14,2,PT1H,MC-Reficar,10840.08,16020.0
2025-10-14,3,PT1H,MC-Reficar,10447.98,16020.0
2025-10-14,4,PT1H,MC-Reficar,8836.12,16020.0
2025-10-14,5,PT1H,MC-Reficar,8795.28,16020.0
2025-10-14,6,PT1H,MC-Reficar,9089.18,16020.0
2025-10-14,7,PT1H,MC-Reficar,8864.38,16020.0
2025-10-14,8,PT1H,MC-Reficar,13244.42,16020.0
2025-10-14,9,PT1H,MC-Reficar,15368.58,16020.0
2025-10-14,10,PT1H,MC-Reficar,16569.08,16020.0
2025-10-14,11,PT1H,MC-Reficar,14651.16,16020.0
2025-10-14,12,PT1H,MC-Reficar,14556.98,16020.0
2025-10-14,13,PT1H,MC-Reficar,14719.0,16020.0
2025-10-14,14,PT1H,MC-Reficar,15949.28,16020.0
2025-10-14,15,PT1H,MC-Reficar,15133.26,16020.0
2025-10-14,16,PT1H,MC-Reficar,15161.8,16020.0
2025-10-14,17,PT1H,MC-Reficar,15552.5,16020.0
2025-10-14,18,PT1H,MC-Reficar,15567.02,16020.0
2025-10-14,19,PT1H,MC-Reficar,16743.04,16000.0
2025-10-14,20,PT1H,MC-Reficar,15494.2,16000.0
2025-10-14,21,PT1H,MC-Reficar,15365.92,16000.0
2025-10-14,22,PT1H,MC-Reficar,15337.44,16020.0
2025-10-14,23,PT1H,MC-Reficar,14682.08,16020.0
2025-10-14,24,PT1H,MC-Reficar,13821.74,16020.0
2026-02-06,1,PT1H,MC-Reficar,0.0,10.0
2026-02-06,2,PT1H,MC-Reficar,0.0,10.0
2026-02-06,3,PT1H,MC-Reficar,0.0,10.0
2026-02-06,4,PT1H,MC-Reficar,0.0,10.0
2026-02-06,5,PT1H,MC-Reficar,0.0,10.0
2026-02-06,6,PT1H,MC-Reficar,0.0,10.0
2026-02-06,7,PT1H,MC-Reficar,0.0,10.0
2026-02-06,8,PT1H,MC-Reficar,0.0,10.0
2026-02-06,9,PT1H,MC-Reficar,0.0,10.0
2026-02-06,10,PT1H,MC-Reficar,0.0,10.0
2026-02-06,11,PT1H,MC-Reficar,0.0,10.0
2026-02-06,12,PT1H,MC-Reficar,0.0,10.0
2026-02-06,13,PT1H,MC-Reficar,0.0,10.0
2026-02-06,14,PT1H,MC-Reficar,0.0,10.0
2026-02-06,15,PT1H,MC-Reficar,0.0,10.0
2026-02-06,16,PT1H,MC-Reficar,0.0,10.0
2026-02-06,17,PT1H,MC-Reficar,0.0,10.0
2026-02-06,18,PT1H,MC-Reficar,0.0,10.0
2026-02-06,19,PT1H,MC-Reficar,0.0,0.0
2026-02-06,20,PT1H,MC-Reficar,0.0,0.0
2026-02-06,21,PT1H,MC-Reficar,0.0,0.0
2026-02-06,22,PT1H,MC-Reficar,0.0,10.0
2026-02-06,23,PT1H,MC-Reficar,0.0,10.0
2026-02-06,24,PT1H,MC-Reficar,0.0,10.0
2025-07-02,1,PT1H,MC-Reficar,10185.7,10010.0
2025-07-02,2,PT1H,MC-Reficar,10590.01,10010.0
2025-07-02,3,PT1H,MC-Reficar,11066.82,10010.0
2025-07-02,4,PT1H,MC-Reficar,9903.35,10010.0
2025-07-02,5,PT1H,MC-Reficar,9141.78,10010.0
2025-07-02,6,PT1H,MC-Reficar,8814.36,10010.0
2025-07-02,7,PT1H,MC-Reficar,10024.26,10010.0
2025-07-02,8,PT1H,MC-Reficar,9888.06,10010.0
2025-07-02,9,PT1H,MC-Reficar,10007.32,10010.0
2025-07-02,10,PT1H,MC-Reficar,11475.12,10010.0
2025-07-02,11,PT1H,MC-Reficar,11141.0,10010.0
2025-07-02,12,PT1H,MC-Reficar,10785.48,10010.0
2025-07-02,13,PT1H,MC-Reficar,9989.56,10010.0
2025-07-02,14,PT1H,MC-Reficar,9475.96,10010.0
2025-07-02,15,PT1H,MC-Reficar,9307.05,10010.0
2025-07-02,16,PT1H,MC-Reficar,10279.78,10010.0
2025-07-02,17,PT1H,MC-Reficar,11162.04,10010.0
2025-07-02,18,PT1H,MC-Reficar,11295.75,10010.0
2025-07-02,19,PT1H,MC-Reficar,10526.5,10000.0
2025-07-02,20,PT1H,MC-Reficar,10218.92,10000.0
2025-07-02,21,PT1H,MC-Reficar,10382.23,10000.0
2025-07-02,22,PT1H,MC-Reficar,9834.94,10010.0
2025-07-02,23,PT1H,MC-Reficar,9765.53,10010.0
2025-07-02,24,PT1H,MC-Reficar,9909.11,10010.0
2025-05-06,1,PT1H,MC-Reficar,0.0,500.0
2025-05-06,2,PT1H,MC-Reficar,0.0,500.0
2025-05-06,3,PT1H,MC-Reficar,0.0,500.0
2025-05-06,4,PT1H,MC-Reficar,0.0,500.0
2025-05-06,5,PT1H,MC-Reficar,0.0,500.0
2025-05-06,6,PT1H,MC-Reficar,0.0,500.0
2025-05-06,7,PT1H,MC-Reficar,0.0,500.0
2025-05-06,8,PT1H,MC-Reficar,0.0,500.0
2025-05-06,9,PT1H,MC-Reficar,0.0,500.0
2025-05-06,10,PT1H,MC-Reficar,0.0,500.0
2025-05-06,11,PT1H,MC-Reficar,0.0,500.0
2025-05-06,12,PT1H,MC-Reficar,0.0,500.0
2025-05-06,13,PT1H,MC-Reficar,0.0,500.0
2025-05-06,14,PT1H,MC-Reficar,0.0,500.0
2025-05-06,15,PT1H,MC-Reficar,0.0,500.0
2025-05-06,16,PT1H,MC-Reficar,0.0,500.0
2025-05-06,17,PT1H,MC-Reficar,0.0,500.0
2025-05-06,18,PT1H,MC-Reficar,0.0,500.0
2025-05-06,19,PT1H,MC-Reficar,0.0,500.0
2025-05-06,20,PT1H,MC-Reficar,0.0,500.0
2025-05-06,21,PT1H,MC-Reficar,0.0,500.0
2025-05-06,22,PT1H,MC-Reficar,0.0,500.0
2025-05-06,23,PT1H,MC-Reficar,0.0,500.0
2025-05-06,24,PT1H,MC-Reficar,0.0,500.0
2025-05-08,1,PT1H,MC-Reficar,0.0,500.0
2025-05-08,2,PT1H,MC-Reficar,0.0,500.0
2025-05-08,3,PT1H,MC-Reficar,0.0,500.0
2025-05-08,4,PT1H,MC-Reficar,0.0,500.0
2025-05-08,5,PT1H,MC-Reficar,0.0,500.0
2025-05-08,6,PT1H,MC-Reficar,0.0,500.0
2025-05-08,7,PT1H,MC-Reficar,0.0,500.0
2025-05-08,8,PT1H,MC-Reficar,0.0,500.0
2025-05-08,9,PT1H,MC-Reficar,0.0,500.0
2025-05-08,10,PT1H,MC-Reficar,0.0,500.0
2025-05-08,11,PT1H,MC-Reficar,0.0,500.0
2025-05-08,12,PT1H,MC-Reficar,0.0,500.0
2025-05-08,13,PT1H,MC-Reficar,0.0,500.0
2025-05-08,14,PT1H,MC-Reficar,0.0,500.0
2025-05-08,15,PT1H,MC-Reficar,0.0,500.0
2025-05-08,16,PT1H,MC-Reficar,0.0,500.0
2025-05-08,17,PT1H,MC-Reficar,0.0,500.0
2025-05-08,18,PT1H,MC-Reficar,0.0,500.0
2025-05-08,19,PT1H,MC-Reficar,0.0,500.0
2025-05-08,20,PT1H,MC-Reficar,0.0,500.0
2025-05-08,21,PT1H,MC-Reficar,0.0,500.0
2025-05-08,22,PT1H,MC-Reficar,0.0,500.0
2025-05-08,23,PT1H,MC-Reficar,0.0,500.0
2025-05-08,24,PT1H,MC-Reficar,0.0,500.0
2025-06-02,1,PT1H,MC-Reficar,11634.41,8010.0
2025-06-02,2,PT1H,MC-Reficar,12152.39,8010.0
2025-06-02,3,PT1H,MC-Reficar,10685.18,8010.0
2025-06-02,4,PT1H,MC-Reficar,9414.5,8010.0
2025-06-02,5,PT1H,MC-Reficar,9534.06,8010.0
2025-06-02,6,PT1H,MC-Reficar,9130.13,8010.0
2025-06-02,7,PT1H,MC-Reficar,8964.59,8010.0
2025-06-02,8,PT1H,MC-Reficar,10284.65,8010.0
2025-06-02,9,PT1H,MC-Reficar,11614.86,8010.0
2025-06-02,10,PT1H,MC-Reficar,11562.52,8010.0
2025-06-02,11,PT1H,MC-Reficar,9832.32,8010.0
2025-06-02,12,PT1H,MC-Reficar,9047.75,8010.0
2025-06-02,13,PT1H,MC-Reficar,9401.9,8010.0
2025-06-02,14,PT1H,MC-Reficar,9758.27,8010.0
2025-06-02,15,PT1H,MC-Reficar,10069.93,8010.0
2025-06-02,16,PT1H,MC-Reficar,9810.42,8010.0
2025-06-02,17,PT1H,MC-Reficar,11176.68,8010.0
2025-06-02,18,PT1H,MC-Reficar,10832.2,8010.0
2025-06-02,19,PT1H,MC-Reficar,10002.96,8000.0
2025-06-02,20,PT1H,MC-Reficar,9952.0,8000.0
2025-06-02,21,PT1H,MC-Reficar,9568.61,8000.0
2025-06-02,22,PT1H,MC-Reficar,9550.94,8010.0
2025-06-02,23,PT1H,MC-Reficar,9416.15,8010.0
2025-06-02,24,PT1H,MC-Reficar,9292.95,8010.0
2025-11-26,1,PT1H,MC-Reficar,11567.44,10510.0
2025-11-26,2,PT1H,MC-Reficar,13982.73,10510.0
2025-11-26,3,PT1H,MC-Reficar,13790.02,10510.0
2025-11-26,4,PT1H,MC-Reficar,11645.96,10510.0
2025-11-26,5,PT1H,MC-Reficar,11179.76,11010.0
2025-11-26,6,PT1H,MC-Reficar,10994.29,11010.0
2025-11-26,7,PT1H,MC-Reficar,10732.05,11010.0
2025-11-26,8,PT1H,MC-Reficar,10151.88,11010.0
2025-11-26,9,PT1H,MC-Reficar,10206.78,10510.0
2025-11-26,10,PT1H,MC-Reficar,6170.52,10510.0
2025-11-26,11,PT1H,MC-Reficar,6471.05,10510.0
2025-11-26,12,PT1H,MC-Reficar,5719.64,10510.0
2025-11-26,13,PT1H,MC-Reficar,5118.34,11010.0
2025-11-26,14,PT1H,MC-Reficar,5455.97,11010.0
2025-11-26,15,PT1H,MC-Reficar,5082.09,11010.0
2025-11-26,16,PT1H,MC-Reficar,4784.38,11010.0
2025-11-26,17,PT1H,MC-Reficar,7102.31,10510.0
2025-11-26,18,PT1H,MC-Reficar,8037.98,10510.0
2025-11-26,19,PT1H,MC-Reficar,7398.44,10500.0
2025-11-26,20,PT1H,MC-Reficar,5370.53,10500.0
2025-11-26,21,PT1H,MC-Reficar,5450.68,11000.0
2025-11-26,22,PT1H,MC-Reficar,5526.34,11010.0
2025-11-26,23,PT1H,MC-Reficar,5062.04,11010.0
2025-11-26,24,PT1H,MC-Reficar,5439.06,11010.0
2025-06-16,1,PT1H,MC-Reficar,10256.87,8010.0
2025-06-16,2,PT1H,MC-Reficar,10400.14,8010.0
2025-06-16,3,PT1H,MC-Reficar,8573.4,8010.0
2025-06-16,4,PT1H,MC-Reficar,8457.23,8010.0
2025-06-16,5,PT1H,MC-Reficar,8495.69,8010.0
2025-06-16,6,PT1H,MC-Reficar,8664.94,8010.0
2025-06-16,7,PT1H,MC-Reficar,9835.11,8010.0
2025-06-16,8,PT1H,MC-Reficar,9931.99,8010.0
2025-06-16,9,PT1H,MC-Reficar,9342.39,8010.0
2025-06-16,10,PT1H,MC-Reficar,6901.45,8010.0
2025-06-16,11,PT1H,MC-Reficar,9792.81,8010.0
2025-06-16,12,PT1H,MC-Reficar,10004.08,8010.0
2025-06-16,13,PT1H,MC-Reficar,10129.12,8010.0
2025-06-16,14,PT1H,MC-Reficar,10728.59,8010.0
2025-06-16,15,PT1H,MC-Reficar,10670.86,8010.0
2025-06-16,16,PT1H,MC-Reficar,10648.84,8010.0
2025-06-16,17,PT1H,MC-Reficar,10680.77,8010.0
2025-06-16,18,PT1H,MC-Reficar,10993.59,8010.0
2025-06-16,19,PT1H,MC-Reficar,10256.91,8000.0
2025-06-16,20,PT1H,MC-Reficar,9943.59,8000.0
2025-06-16,21,PT1H,MC-Reficar,9347.16,8000.0
2025-06-16,22,PT1H,MC-Reficar,9112.88,8010.0
2025-06-16,23,PT1H,MC-Reficar,9202.95,8010.0
2025-06-16,24,PT1H,MC-Reficar,9120.27,8010.0
2025-08-12,1,PT1H,MC-Reficar,8638.19,4010.0
2025-08-12,2,PT1H,MC-Reficar,8308.37,4010.0
2025-08-12,3,PT1H,MC-Reficar,6302.04,4010.0
2025-08-12,4,PT1H,MC-Reficar,6325.77,4010.0
2025-08-12,5,PT1H,MC-Reficar,7737.73,4010.0
2025-08-12,6,PT1H,MC-Reficar,7585.56,4010.0
2025-08-12,7,PT1H,MC-Reficar,7067.15,4010.0
2025-08-12,8,PT1H,MC-Reficar,7605.15,4010.0
2025-08-12,9,PT1H,MC-Reficar,15203.06,4010.0
2025-08-12,10,PT1H,MC-Reficar,17466.5,4010.0
2025-08-12,11,PT1H,MC-Reficar,17527.84,4010.0
2025-08-12,12,PT1H,MC-Reficar,15207.61,4010.0
2025-08-12,13,PT1H,MC-Reficar,15294.58,4010.0
2025-08-12,14,PT1H,MC-Reficar,14740.2,4010.0
2025-08-12,15,PT1H,MC-Reficar,14607.91,4010.0
2025-08-12,16,PT1H,MC-Reficar,14959.6,4010.0
2025-08-12,17,PT1H,MC-Reficar,14937.84,4010.0
2025-08-12,18,PT1H,MC-Reficar,8094.29,4010.0
2025-08-12,19,PT1H,MC-Reficar,6328.99,4000.0
2025-08-12,20,PT1H,MC-Reficar,4700.76,4000.0
2025-08-12,21,PT1H,MC-Reficar,4440.24,4000.0
2025-08-12,22,PT1H,MC-Reficar,4689.33,4010.0
2025-08-12,23,PT1H,MC-Reficar,6027.02,4010.0
2025-08-12,24,PT1H,MC-Reficar,6191.45,4010.0
2025-12-22,1,PT1H,MC-Reficar,207.55,10.0
2025-12-22,2,PT1H,MC-Reficar,12.49,10.0
2025-12-22,3,PT1H,MC-Reficar,1.78,10.0
2025-12-22,4,PT1H,MC-Reficar,0.22,10.0
2025-12-22,5,PT1H,MC-Reficar,0.87,10.0
2025-12-22,6,PT1H,MC-Reficar,0.09,10.0
2025-12-22,7,PT1H,MC-Reficar,0.0,10.0
2025-12-22,8,PT1H,MC-Reficar,0.0,10.0
2025-12-22,9,PT1H,MC-Reficar,86.69,10.0
2025-12-22,10,PT1H,MC-Reficar,61.07,10.0
2025-12-22,11,PT1H,MC-Reficar,71.73,10.0
2025-12-22,12,PT1H,MC-Reficar,0.0,10.0
2025-12-22,13,PT1H,MC-Reficar,0.0,10.0
2025-12-22,14,PT1H,MC-Reficar,0.0,10.0
2025-12-22,15,PT1H,MC-Reficar,0.96,10.0
2025-12-22,16,PT1H,MC-Reficar,134.77,10.0
2025-12-22,17,PT1H,MC-Reficar,6.73,10.0
2025-12-22,18,PT1H,MC-Reficar,0.0,10.0
2025-12-22,19,PT1H,MC-Reficar,2.32,0.0
2025-12-22,20,PT1H,MC-Reficar,0.0,0.0
2025-12-22,21,PT1H,MC-Reficar,0.0,0.0
2025-12-22,22,PT1H,MC-Reficar,0.0,10.0
2025-12-22,23,PT1H,MC-Reficar,0.0,10.0
2025-12-22,24,PT1H,MC-Reficar,3.15,10.0
2026-02-13,1,PT1H,MC-Reficar,0.0,10.0
2026-02-13,2,PT1H,MC-Reficar,0.0,10.0
2026-02-13,3,PT1H,MC-Reficar,0.0,10.0
2026-02-13,4,PT1H,MC-Reficar,0.0,10.0
2026-02-13,5,PT1H,MC-Reficar,0.0,10.0
2026-02-13,6,PT1H,MC-Reficar,0.0,10.0
2026-02-13,7,PT1H,MC-Reficar,0.0,10.0
2026-02-13,8,PT1H,MC-Reficar,0.0,10.0
2026-02-13,9,PT1H,MC-Reficar,0.0,10.0
2026-02-13,10,PT1H,MC-Reficar,0.0,10.0
2026-02-13,11,PT1H,MC-Reficar,0.0,10.0
2026-02-13,12,PT1H,MC-Reficar,0.0,10.0
2026-02-13,13,PT1H,MC-Reficar,0.0,10.0
2026-02-13,14,PT1H,MC-Reficar,0.0,10.0
2026-02-13,15,PT1H,MC-Reficar,0.0,10.0
2026-02-13,16,PT1H,MC-Reficar,0.0,10.0
2026-02-13,17,PT1H,MC-Reficar,0.0,10.0
2026-02-13,18,PT1H,MC-Reficar,0.0,10.0
2026-02-13,19,PT1H,MC-Reficar,0.0,0.0
2026-02-13,20,PT1H,MC-Reficar,0.0,0.0
2026-02-13,21,PT1H,MC-Reficar,0.0,0.0
2026-02-13,22,PT1H,MC-Reficar,0.0,10.0
2026-02-13,23,PT1H,MC-Reficar,0.0,10.0
2026-02-13,24,PT1H,MC-Reficar,0.0,10.0
2025-06-25,1,PT1H,MC-Reficar,8186.11,8010.0
2025-06-25,2,PT1H,MC-Reficar,7996.38,8010.0
2025-06-25,3,PT1H,MC-Reficar,7642.71,8010.0
2025-06-25,4,PT1H,MC-Reficar,7241.36,8010.0
2025-06-25,5,PT1H,MC-Reficar,7310.71,8010.0
2025-06-25,6,PT1H,MC-Reficar,7767.19,8010.0
2025-06-25,7,PT1H,MC-Reficar,7880.74,8010.0
2025-06-25,8,PT1H,MC-Reficar,8642.77,8010.0
2025-06-25,9,PT1H,MC-Reficar,9182.0,8010.0
2025-06-25,10,PT1H,MC-Reficar,9058.63,8010.0
2025-06-25,11,PT1H,MC-Reficar,9656.3,8010.0
2025-06-25,12,PT1H,MC-Reficar,9399.63,8010.0
2025-06-25,13,PT1H,MC-Reficar,9239.16,8010.0
2025-06-25,14,PT1H,MC-Reficar,9823.77,8010.0
2025-06-25,15,PT1H,MC-Reficar,10076.5,8010.0
2025-06-25,16,PT1H,MC-Reficar,10248.09,8010.0
2025-06-25,17,PT1H,MC-Reficar,9997.25,8010.0
2025-06-25,18,PT1H,MC-Reficar,10029.03,8010.0
2025-06-25,19,PT1H,MC-Reficar,10285.41,8000.0
2025-06-25,20,PT1H,MC-Reficar,10877.49,8000.0
2025-06-25,21,PT1H,MC-Reficar,10793.66,8000.0
2025-06-25,22,PT1H,MC-Reficar,10491.3,8010.0
2025-06-25,23,PT1H,MC-Reficar,10004.33,8010.0
2025-06-25,24,PT1H,MC-Reficar,9823.29,8010.0
2025-11-12,1,PT1H,MC-Reficar,5531.06,6010.0
2025-11-12,2,PT1H,MC-Reficar,5955.67,6010.0
2025-11-12,3,PT1H,MC-Reficar,5438.54,6010.0
2025-11-12,4,PT1H,MC-Reficar,5364.01,6010.0
2025-11-12,5,PT1H,MC-Reficar,5553.23,6010.0
2025-11-12,6,PT1H,MC-Reficar,5566.96,6010.0
2025-11-12,7,PT1H,MC-Reficar,5456.56,6010.0
2025-11-12,8,PT1H,MC-Reficar,5199.15,6010.0
2025-11-12,9,PT1H,MC-Reficar,5830.01,6010.0
2025-11-12,10,PT1H,MC-Reficar,5351.0,6010.0
2025-11-12,11,PT1H,MC-Reficar,4781.95,6010.0
2025-11-12,12,PT1H,MC-Reficar,4648.97,6010.0
2025-11-12,13,PT1H,MC-Reficar,4683.28,6010.0
2025-11-12,14,PT1H,MC-Reficar,4824.59,6010.0
2025-11-12,15,PT1H,MC-Reficar,4856.06,6010.0
2025-11-12,16,PT1H,MC-Reficar,5132.02,6010.0
2025-11-12,17,PT1H,MC-Reficar,6658.73,6010.0
2025-11-12,18,PT1H,MC-Reficar,7019.02,6010.0
2025-11-12,19,PT1H,MC-Reficar,6158.96,6000.0
2025-11-12,20,PT1H,MC-Reficar,6581.25,6000.0
2025-11-12,21,PT1H,MC-Reficar,6956.08,6000.0
2025-11-12,22,PT1H,MC-Reficar,6908.2,6010.0
2025-11-12,23,PT1H,MC-Reficar,7107.32,6010.0
2025-11-12,24,PT1H,MC-Reficar,6810.73,6010.0
2025-07-20,1,PT1H,MC-Reficar,11524.66,10010.0
2025-07-20,2,PT1H,MC-Reficar,13054.01,10010.0
2025-07-20,3,PT1H,MC-Reficar,12554.25,10010.0
2025-07-20,4,PT1H,MC-Reficar,10213.06,10010.0
2025-07-20,5,PT1H,MC-Reficar,10134.36,10010.0
2025-07-20,6,PT1H,MC-Reficar,10203.72,10010.0
2025-07-20,7,PT1H,MC-Reficar,9510.26,10010.0
2025-07-20,8,PT1H,MC-Reficar,8798.2,10010.0
2025-07-20,9,PT1H,MC-Reficar,9540.67,10010.0
2025-07-20,10,PT1H,MC-Reficar,10290.27,10010.0
2025-07-20,11,PT1H,MC-Reficar,8876.03,10010.0
2025-07-20,12,PT1H,MC-Reficar,7426.24,10010.0
2025-07-20,13,PT1H,MC-Reficar,7876.15,10010.0
2025-07-20,14,PT1H,MC-Reficar,7802.24,10010.0
2025-07-20,15,PT1H,MC-Reficar,7172.48,10010.0
2025-07-20,16,PT1H,MC-Reficar,7149.28,10010.0
2025-07-20,17,PT1H,MC-Reficar,7795.27,10010.0
2025-07-20,18,PT1H,MC-Reficar,7856.33,10010.0
2025-07-20,19,PT1H,MC-Reficar,6390.93,10000.0
2025-07-20,20,PT1H,MC-Reficar,5515.04,10000.0
2025-07-20,21,PT1H,MC-Reficar,5219.56,10000.0
2025-07-20,22,PT1H,MC-Reficar,5299.95,10010.0
2025-07-20,23,PT1H,MC-Reficar,5142.52,10010.0
2025-07-20,24,PT1H,MC-Reficar,5884.97,10010.0
2026-01-02,1,PT1H,MC-Reficar,0.0,10.0
2026-01-02,2,PT1H,MC-Reficar,0.0,10.0
2026-01-02,3,PT1H,MC-Reficar,0.0,10.0
2026-01-02,4,PT1H,MC-Reficar,0.0,10.0
2026-01-02,5,PT1H,MC-Reficar,0.0,10.0
2026-01-02,6,PT1H,MC-Reficar,0.0,10.0
2026-01-02,7,PT1H,MC-Reficar,0.0,10.0
2026-01-02,8,PT1H,MC-Reficar,0.0,10.0
2026-01-02,9,PT1H,MC-Reficar,0.0,10.0
2026-01-02,10,PT1H,MC-Reficar,0.0,10.0
2026-01-02,11,PT1H,MC-Reficar,0.0,10.0
2026-01-02,12,PT1H,MC-Reficar,0.0,10.0
2026-01-02,13,PT1H,MC-Reficar,0.0,10.0
2026-01-02,14,PT1H,MC-Reficar,0.0,10.0
2026-01-02,15,PT1H,MC-Reficar,0.0,10.0
2026-01-02,16,PT1H,MC-Reficar,0.0,10.0
2026-01-02,17,PT1H,MC-Reficar,0.0,10.0
2026-01-02,18,PT1H,MC-Reficar,0.0,10.0
2026-01-02,19,PT1H,MC-Reficar,0.0,0.0
2026-01-02,20,PT1H,MC-Reficar,0.0,0.0
2026-01-02,21,PT1H,MC-Reficar,0.0,0.0
2026-01-02,22,PT1H,MC-Reficar,0.0,10.0
2026-01-02,23,PT1H,MC-Reficar,0.0,10.0
2026-01-02,24,PT1H,MC-Reficar,0.0,10.0
2026-01-20,1,PT1H,MC-Reficar,0.0,10.0
2026-01-20,2,PT1H,MC-Reficar,0.0,10.0
2026-01-20,3,PT1H,MC-Reficar,0.0,10.0
2026-01-20,4,PT1H,MC-Reficar,0.0,10.0
2026-01-20,5,PT1H,MC-Reficar,0.0,10.0
2026-01-20,6,PT1H,MC-Reficar,0.0,10.0
2026-01-20,7,PT1H,MC-Reficar,0.0,10.0
2026-01-20,8,PT1H,MC-Reficar,0.0,10.0
2026-01-20,9,PT1H,MC-Reficar,0.0,10.0
2026-01-20,10,PT1H,MC-Reficar,0.0,10.0
2026-01-20,11,PT1H,MC-Reficar,0.0,10.0
2026-01-20,12,PT1H,MC-Reficar,0.0,10.0
2026-01-20,13,PT1H,MC-Reficar,0.0,10.0
2026-01-20,14,PT1H,MC-Reficar,0.0,10.0
2026-01-20,15,PT1H,MC-Reficar,0.0,10.0
2026-01-20,16,PT1H,MC-Reficar,0.0,10.0
2026-01-20,17,PT1H,MC-Reficar,0.0,10.0
2026-01-20,18,PT1H,MC-Reficar,0.0,10.0
2026-01-20,19,PT1H,MC-Reficar,0.0,0.0
2026-01-20,20,PT1H,MC-Reficar,0.0,0.0
2026-01-20,21,PT1H,MC-Reficar,0.0,0.0
2026-01-20,22,PT1H,MC-Reficar,0.0,10.0
2026-01-20,23,PT1H,MC-Reficar,0.0,10.0
2026-01-20,24,PT1H,MC-Reficar,0.0,10.0
2025-06-14,1,PT1H,MC-Reficar,11453.91,8010.0
2025-06-14,2,PT1H,MC-Reficar,10843.99,8010.0
2025-06-14,3,PT1H,MC-Reficar,10209.0,8010.0
2025-06-14,4,PT1H,MC-Reficar,10143.35,8010.0
2025-06-14,5,PT1H,MC-Reficar,10122.8,8010.0
2025-06-14,6,PT1H,MC-Reficar,9723.47,8010.0
2025-06-14,7,PT1H,MC-Reficar,9474.38,8010.0
2025-06-14,8,PT1H,MC-Reficar,9437.41,8010.0
2025-06-14,9,PT1H,MC-Reficar,10196.01,8010.0
2025-06-14,10,PT1H,MC-Reficar,10439.1,8010.0
2025-06-14,11,PT1H,MC-Reficar,11011.15,8010.0
2025-06-14,12,PT1H,MC-Reficar,8932.78,8010.0
2025-06-14,13,PT1H,MC-Reficar,9592.9,8010.0
2025-06-14,14,PT1H,MC-Reficar,10665.96,8010.0
2025-06-14,15,PT1H,MC-Reficar,8889.85,8010.0
2025-06-14,16,PT1H,MC-Reficar,9828.76,8010.0
2025-06-14,17,PT1H,MC-Reficar,10414.42,8010.0
2025-06-14,18,PT1H,MC-Reficar,10164.63,8010.0
2025-06-14,19,PT1H,MC-Reficar,9208.61,8000.0
2025-06-14,20,PT1H,MC-Reficar,10163.13,8000.0
2025-06-14,21,PT1H,MC-Reficar,9803.32,8000.0
2025-06-14,22,PT1H,MC-Reficar,10077.25,8010.0
2025-06-14,23,PT1H,MC-Reficar,10425.05,8010.0
2025-06-14,24,PT1H,MC-Reficar,10475.01,8010.0
2025-09-12,1,PT1H,MC-Reficar,10783.74,10010.0
2025-09-12,2,PT1H,MC-Reficar,12340.37,10010.0
2025-09-12,3,PT1H,MC-Reficar,11923.54,10010.0
2025-09-12,4,PT1H,MC-Reficar,10187.88,10010.0
2025-09-12,5,PT1H,MC-Reficar,10632.27,10010.0
2025-09-12,6,PT1H,MC-Reficar,10445.44,10010.0
2025-09-12,7,PT1H,MC-Reficar,9598.77,10010.0
2025-09-12,8,PT1H,MC-Reficar,9299.52,10010.0
2025-09-12,9,PT1H,MC-Reficar,11812.22,10010.0
2025-09-12,10,PT1H,MC-Reficar,11487.17,10010.0
2025-09-12,11,PT1H,MC-Reficar,11828.57,10010.0
2025-09-12,12,PT1H,MC-Reficar,11381.81,10010.0
2025-09-12,13,PT1H,MC-Reficar,11342.8,10010.0
2025-09-12,14,PT1H,MC-Reficar,10898.15,10010.0
2025-09-12,15,PT1H,MC-Reficar,10607.37,10010.0
2025-09-12,16,PT1H,MC-Reficar,11018.21,10010.0
2025-09-12,17,PT1H,MC-Reficar,10658.62,10010.0
2025-09-12,18,PT1H,MC-Reficar,8961.16,10010.0
2025-09-12,19,PT1H,MC-Reficar,9217.31,10000.0
2025-09-12,20,PT1H,MC-Reficar,11429.0,10000.0
2025-09-12,21,PT1H,MC-Reficar,12331.83,10000.0
2025-09-12,22,PT1H,MC-Reficar,9925.76,10010.0
2025-09-12,23,PT1H,MC-Reficar,9877.17,10010.0
2025-09-12,24,PT1H,MC-Reficar,10076.55,10010.0
2026-02-23,1,PT1H,MC-Reficar,0.13,10.0
2026-02-23,2,PT1H,MC-Reficar,0.0,10.0
2026-02-23,3,PT1H,MC-Reficar,0.0,10.0
2026-02-23,4,PT1H,MC-Reficar,0.0,10.0
2026-02-23,5,PT1H,MC-Reficar,0.0,10.0
2026-02-23,6,PT1H,MC-Reficar,0.0,10.0
2026-02-23,7,PT1H,MC-Reficar,0.0,10.0
2026-02-23,8,PT1H,MC-Reficar,0.0,10.0
2026-02-23,9,PT1H,MC-Reficar,0.0,10.0
2026-02-23,10,PT1H,MC-Reficar,0.32,10.0
2026-02-23,11,PT1H,MC-Reficar,0.0,10.0
2026-02-23,12,PT1H,MC-Reficar,0.0,10.0
2026-02-23,13,PT1H,MC-Reficar,0.0,10.0
2026-02-23,14,PT1H,MC-Reficar,0.0,10.0
2026-02-23,15,PT1H,MC-Reficar,0.0,10.0
2026-02-23,16,PT1H,MC-Reficar,0.0,10.0
2026-02-23,17,PT1H,MC-Reficar,0.0,10.0
2026-02-23,18,PT1H,MC-Reficar,0.0,10.0
2026-02-23,19,PT1H,MC-Reficar,0.0,0.0
2026-02-23,20,PT1H,MC-Reficar,0.0,0.0
2026-02-23,21,PT1H,MC-Reficar,0.0,0.0
2026-02-23,22,PT1H,MC-Reficar,0.0,10.0
2026-02-23,23,PT1H,MC-Reficar,0.0,10.0
2026-02-23,24,PT1H,MC-Reficar,0.0,10.0
2026-01-24,1,PT1H,MC-Reficar,0.0,10.0
2026-01-24,2,PT1H,MC-Reficar,0.0,10.0
2026-01-24,3,PT1H,MC-Reficar,0.0,10.0
2026-01-24,4,PT1H,MC-Reficar,0.0,10.0
2026-01-24,5,PT1H,MC-Reficar,0.0,10.0
2026-01-24,6,PT1H,MC-Reficar,0.0,10.0
2026-01-24,7,PT1H,MC-Reficar,0.0,10.0
2026-01-24,8,PT1H,MC-Reficar,0.0,10.0
2026-01-24,9,PT1H,MC-Reficar,0.0,10.0
2026-01-24,10,PT1H,MC-Reficar,0.0,10.0
2026-01-24,11,PT1H,MC-Reficar,0.0,10.0
2026-01-24,12,PT1H,MC-Reficar,0.0,10.0
2026-01-24,13,PT1H,MC-Reficar,0.0,10.0
2026-01-24,14,PT1H,MC-Reficar,0.0,10.0
2026-01-24,15,PT1H,MC-Reficar,0.0,10.0
2026-01-24,16,PT1H,MC-Reficar,0.0,10.0
2026-01-24,17,PT1H,MC-Reficar,0.0,10.0
2026-01-24,18,PT1H,MC-Reficar,0.0,10.0
2026-01-24,19,PT1H,MC-Reficar,0.0,0.0
2026-01-24,20,PT1H,MC-Reficar,0.0,0.0
2026-01-24,21,PT1H,MC-Reficar,0.0,0.0
2026-01-24,22,PT1H,MC-Reficar,0.0,10.0
2026-01-24,23,PT1H,MC-Reficar,0.0,10.0
2026-01-24,24,PT1H,MC-Reficar,0.0,10.0
2025-07-03,1,PT1H,MC-Reficar,10687.62,10010.0
2025-07-03,2,PT1H,MC-Reficar,10729.42,10010.0
2025-07-03,3,PT1H,MC-Reficar,10765.65,10010.0
2025-07-03,4,PT1H,MC-Reficar,9834.37,10010.0
2025-07-03,5,PT1H,MC-Reficar,10013.43,10010.0
2025-07-03,6,PT1H,MC-Reficar,9700.7,10010.0
2025-07-03,7,PT1H,MC-Reficar,9188.66,10010.0
2025-07-03,8,PT1H,MC-Reficar,10891.45,10010.0
2025-07-03,9,PT1H,MC-Reficar,11144.02,10010.0
2025-07-03,10,PT1H,MC-Reficar,11540.38,10010.0
2025-07-03,11,PT1H,MC-Reficar,11297.87,10010.0
2025-07-03,12,PT1H,MC-Reficar,10827.49,10010.0
2025-07-03,13,PT1H,MC-Reficar,11948.84,10010.0
2025-07-03,14,PT1H,MC-Reficar,10529.55,10010.0
2025-07-03,15,PT1H,MC-Reficar,9877.34,10010.0
2025-07-03,16,PT1H,MC-Reficar,10081.14,10010.0
2025-07-03,17,PT1H,MC-Reficar,9875.42,10010.0
2025-07-03,18,PT1H,MC-Reficar,11019.21,10010.0
2025-07-03,19,PT1H,MC-Reficar,10318.36,10000.0
2025-07-03,20,PT1H,MC-Reficar,9844.3,10000.0
2025-07-03,21,PT1H,MC-Reficar,10109.02,10000.0
2025-07-03,22,PT1H,MC-Reficar,9820.96,10010.0
2025-07-03,23,PT1H,MC-Reficar,9830.4,10010.0
2025-07-03,24,PT1H,MC-Reficar,10024.16,10010.0
2025-11-13,1,PT1H,MC-Reficar,7414.03,6010.0
2025-11-13,2,PT1H,MC-Reficar,7805.3,6010.0
2025-11-13,3,PT1H,MC-Reficar,6648.78,6010.0
2025-11-13,4,PT1H,MC-Reficar,5966.98,6010.0
2025-11-13,5,PT1H,MC-Reficar,5906.56,6010.0
2025-11-13,6,PT1H,MC-Reficar,6087.83,6010.0
2025-11-13,7,PT1H,MC-Reficar,6080.79,6010.0
2025-11-13,8,PT1H,MC-Reficar,5514.94,6010.0
2025-11-13,9,PT1H,MC-Reficar,7553.22,6010.0
2025-11-13,10,PT1H,MC-Reficar,6398.11,6010.0
2025-11-13,11,PT1H,MC-Reficar,5737.21,6010.0
2025-11-13,12,PT1H,MC-Reficar,4902.6,6010.0
2025-11-13,13,PT1H,MC-Reficar,4589.19,6010.0
2025-11-13,14,PT1H,MC-Reficar,5176.42,6010.0
2025-11-13,15,PT1H,MC-Reficar,5389.51,6010.0
2025-11-13,16,PT1H,MC-Reficar,5452.44,6010.0
2025-11-13,17,PT1H,MC-Reficar,7318.92,6010.0
2025-11-13,18,PT1H,MC-Reficar,8544.62,6010.0
2025-11-13,19,PT1H,MC-Reficar,8082.95,6000.0
2025-11-13,20,PT1H,MC-Reficar,6126.02,6000.0
2025-11-13,21,PT1H,MC-Reficar,6151.04,6000.0
2025-11-13,22,PT1H,MC-Reficar,5973.34,6010.0
2025-11-13,23,PT1H,MC-Reficar,5832.96,6010.0
2025-11-13,24,PT1H,MC-Reficar,6286.5,6010.0
2025-09-19,1,PT1H,MC-Reficar,7905.18,5010.0
2025-09-19,2,PT1H,MC-Reficar,9287.92,5010.0
2025-09-19,3,PT1H,MC-Reficar,10766.76,5010.0
2025-09-19,4,PT1H,MC-Reficar,9692.93,5010.0
2025-09-19,5,PT1H,MC-Reficar,7794.74,5010.0
2025-09-19,6,PT1H,MC-Reficar,7238.22,5010.0
2025-09-19,7,PT1H,MC-Reficar,6787.25,5010.0
2025-09-19,8,PT1H,MC-Reficar,6930.25,5010.0
2025-09-19,9,PT1H,MC-Reficar,7535.57,5010.0
2025-09-19,10,PT1H,MC-Reficar,8245.23,5010.0
2025-09-19,11,PT1H,MC-Reficar,7462.75,5010.0
2025-09-19,12,PT1H,MC-Reficar,7015.05,5010.0
2025-09-19,13,PT1H,MC-Reficar,6422.67,5010.0
2025-09-19,14,PT1H,MC-Reficar,6530.71,5010.0
2025-09-19,15,PT1H,MC-Reficar,6577.34,5010.0
2025-09-19,16,PT1H,MC-Reficar,6020.23,5010.0
2025-09-19,17,PT1H,MC-Reficar,6185.91,5010.0
2025-09-19,18,PT1H,MC-Reficar,6693.42,5010.0
2025-09-19,19,PT1H,MC-Reficar,6363.42,5000.0
2025-09-19,20,PT1H,MC-Reficar,6594.12,5000.0
2025-09-19,21,PT1H,MC-Reficar,7502.67,5000.0
2025-09-19,22,PT1H,MC-Reficar,7531.61,5010.0
2025-09-19,23,PT1H,MC-Reficar,6781.22,5010.0
2025-09-19,24,PT1H,MC-Reficar,7843.31,5010.0
2025-10-26,1,PT1H,MC-Reficar,5471.54,7010.0
2025-10-26,2,PT1H,MC-Reficar,6535.76,7010.0
2025-10-26,3,PT1H,MC-Reficar,6566.72,7010.0
2025-10-26,4,PT1H,MC-Reficar,6597.56,7010.0
2025-10-26,5,PT1H,MC-Reficar,5165.04,7010.0
2025-10-26,6,PT1H,MC-Reficar,4876.27,7010.0
2025-10-26,7,PT1H,MC-Reficar,4750.88,7010.0
2025-10-26,8,PT1H,MC-Reficar,4998.27,7010.0
2025-10-26,9,PT1H,MC-Reficar,6415.09,7010.0
2025-10-26,10,PT1H,MC-Reficar,6022.76,7010.0
2025-10-26,11,PT1H,MC-Reficar,4366.14,7010.0
2025-10-26,12,PT1H,MC-Reficar,4311.29,7010.0
2025-10-26,13,PT1H,MC-Reficar,4595.94,7010.0
2025-10-26,14,PT1H,MC-Reficar,5549.27,7010.0
2025-10-26,15,PT1H,MC-Reficar,5280.4,7010.0
2025-10-26,16,PT1H,MC-Reficar,5713.44,7010.0
2025-10-26,17,PT1H,MC-Reficar,6103.28,7010.0
2025-10-26,18,PT1H,MC-Reficar,7598.69,7010.0
2025-10-26,19,PT1H,MC-Reficar,7961.49,7000.0
2025-10-26,20,PT1H,MC-Reficar,8088.22,7000.0
2025-10-26,21,PT1H,MC-Reficar,6387.85,7000.0
2025-10-26,22,PT1H,MC-Reficar,5269.69,7010.0
2025-10-26,23,PT1H,MC-Reficar,5002.37,7010.0
2025-10-26,24,PT1H,MC-Reficar,5393.33,7010.0
2025-12-07,1,PT1H,MC-Reficar,5822.01,5810.0
2025-12-07,2,PT1H,MC-Reficar,5947.08,5810.0
2025-12-07,3,PT1H,MC-Reficar,6004.86,5810.0
2025-12-07,4,PT1H,MC-Reficar,5905.25,5810.0
2025-12-07,5,PT1H,MC-Reficar,5973.25,6010.0
2025-12-07,6,PT1H,MC-Reficar,6036.12,6010.0
2025-12-07,7,PT1H,MC-Reficar,5463.09,6010.0
2025-12-07,8,PT1H,MC-Reficar,5986.66,6010.0
2025-12-07,9,PT1H,MC-Reficar,6266.32,5810.0
2025-12-07,10,PT1H,MC-Reficar,6692.75,5810.0
2025-12-07,11,PT1H,MC-Reficar,7385.7,5810.0
2025-12-07,12,PT1H,MC-Reficar,7036.15,5810.0
2025-12-07,13,PT1H,MC-Reficar,7190.34,6010.0
2025-12-07,14,PT1H,MC-Reficar,7009.53,6010.0
2025-12-07,15,PT1H,MC-Reficar,6621.41,6010.0
2025-12-07,16,PT1H,MC-Reficar,6362.05,6010.0
2025-12-07,17,PT1H,MC-Reficar,5998.84,5810.0
2025-12-07,18,PT1H,MC-Reficar,5914.92,5810.0
2025-12-07,19,PT1H,MC-Reficar,6608.17,5800.0
2025-12-07,20,PT1H,MC-Reficar,6285.32,5800.0
2025-12-07,21,PT1H,MC-Reficar,6676.77,6000.0
2025-12-07,22,PT1H,MC-Reficar,6198.79,6010.0
2025-12-07,23,PT1H,MC-Reficar,6065.51,6010.0
2025-12-07,24,PT1H,MC-Reficar,6175.71,6010.0
2025-06-05,1,PT1H,MC-Reficar,10319.63,8010.0
2025-06-05,2,PT1H,MC-Reficar,10483.15,8010.0
2025-06-05,3,PT1H,MC-Reficar,10479.01,8010.0
2025-06-05,4,PT1H,MC-Reficar,9714.12,8010.0
2025-06-05,5,PT1H,MC-Reficar,10002.96,8010.0
2025-06-05,6,PT1H,MC-Reficar,10060.04,8010.0
2025-06-05,7,PT1H,MC-Reficar,10187.25,8010.0
2025-06-05,8,PT1H,MC-Reficar,10695.92,8010.0
2025-06-05,9,PT1H,MC-Reficar,11388.49,8010.0
2025-06-05,10,PT1H,MC-Reficar,11391.5,8010.0
2025-06-05,11,PT1H,MC-Reficar,9597.94,8010.0
2025-06-05,12,PT1H,MC-Reficar,10426.83,8010.0
2025-06-05,13,PT1H,MC-Reficar,9902.84,8010.0
2025-06-05,14,PT1H,MC-Reficar,9676.28,8010.0
2025-06-05,15,PT1H,MC-Reficar,9514.9,8010.0
2025-06-05,16,PT1H,MC-Reficar,10062.02,8010.0
2025-06-05,17,PT1H,MC-Reficar,10446.37,8010.0
2025-06-05,18,PT1H,MC-Reficar,10930.0,8010.0
2025-06-05,19,PT1H,MC-Reficar,10780.75,8000.0
2025-06-05,20,PT1H,MC-Reficar,10505.2,8000.0
2025-06-05,21,PT1H,MC-Reficar,10392.72,8000.0
2025-06-05,22,PT1H,MC-Reficar,9925.05,8010.0
2025-06-05,23,PT1H,MC-Reficar,10066.54,8010.0
2025-06-05,24,PT1H,MC-Reficar,10141.3,8010.0
2025-05-02,1,PT1H,MC-Reficar,0.0,0.0
2025-05-02,2,PT1H,MC-Reficar,0.0,0.0
2025-05-02,3,PT1H,MC-Reficar,0.0,0.0
2025-05-02,4,PT1H,MC-Reficar,0.0,0.0
2025-05-02,5,PT1H,MC-Reficar,0.0,0.0
2025-05-02,6,PT1H,MC-Reficar,0.0,0.0
2025-05-02,7,PT1H,MC-Reficar,0.0,0.0
2025-05-02,8,PT1H,MC-Reficar,0.0,0.0
2025-05-02,9,PT1H,MC-Reficar,0.0,0.0
2025-05-02,10,PT1H,MC-Reficar,0.0,0.0
2025-05-02,11,PT1H,MC-Reficar,0.0,0.0
2025-05-02,12,PT1H,MC-Reficar,0.0,0.0
2025-05-02,13,PT1H,MC-Reficar,0.0,0.0
2025-05-02,14,PT1H,MC-Reficar,0.0,0.0
2025-05-02,15,PT1H,MC-Reficar,0.0,0.0
2025-05-02,16,PT1H,MC-Reficar,0.0,0.0
2025-05-02,17,PT1H,MC-Reficar,0.0,0.0
2025-05-02,18,PT1H,MC-Reficar,0.0,0.0
2025-05-02,19,PT1H,MC-Reficar,0.0,0.0
2025-05-02,20,PT1H,MC-Reficar,0.0,0.0
2025-05-02,21,PT1H,MC-Reficar,0.0,0.0
2025-05-02,22,PT1H,MC-Reficar,0.0,0.0
2025-05-02,23,PT1H,MC-Reficar,0.0,0.0
2025-05-02,24,PT1H,MC-Reficar,0.0,0.0
2026-02-25,1,PT1H,MC-Reficar,0.0,10.0
2026-02-25,2,PT1H,MC-Reficar,0.0,10.0
2026-02-25,3,PT1H,MC-Reficar,0.0,10.0
2026-02-25,4,PT1H,MC-Reficar,0.0,10.0
2026-02-25,5,PT1H,MC-Reficar,0.0,10.0
2026-02-25,6,PT1H,MC-Reficar,0.0,10.0
2026-02-25,7,PT1H,MC-Reficar,0.0,10.0
2026-02-25,8,PT1H,MC-Reficar,0.0,10.0
2026-02-25,9,PT1H,MC-Reficar,0.27,10.0
2026-02-25,10,PT1H,MC-Reficar,0.06,10.0
2026-02-25,11,PT1H,MC-Reficar,0.51,10.0
2026-02-25,12,PT1H,MC-Reficar,0.0,10.0
2026-02-25,13,PT1H,MC-Reficar,0.05,10.0
2026-02-25,14,PT1H,MC-Reficar,0.22,10.0
2026-02-25,15,PT1H,MC-Reficar,0.0,10.0
2026-02-25,16,PT1H,MC-Reficar,0.0,10.0
2026-02-25,17,PT1H,MC-Reficar,0.0,10.0
2026-02-25,18,PT1H,MC-Reficar,0.0,10.0
2026-02-25,19,PT1H,MC-Reficar,0.0,0.0
2026-02-25,20,PT1H,MC-Reficar,0.0,0.0
2026-02-25,21,PT1H,MC-Reficar,0.0,0.0
2026-02-25,22,PT1H,MC-Reficar,0.0,10.0
2026-02-25,23,PT1H,MC-Reficar,0.0,10.0
2026-02-25,24,PT1H,MC-Reficar,0.0,10.0
2025-10-28,23,PT1H,MC-Reficar,9126.54,14020.0
2025-10-28,24,PT1H,MC-Reficar,9569.38,14020.0
2025-10-28,1,PT1H,MC-Reficar,12187.06,14020.0
2025-10-28,2,PT1H,MC-Reficar,10806.08,14020.0
2025-10-28,3,PT1H,MC-Reficar,10789.14,14020.0
2025-10-28,4,PT1H,MC-Reficar,9982.26,14020.0
2025-10-28,5,PT1H,MC-Reficar,11944.32,14020.0
2025-10-28,6,PT1H,MC-Reficar,10550.1,14020.0
2025-10-28,7,PT1H,MC-Reficar,11003.42,14020.0
2025-10-28,8,PT1H,MC-Reficar,12286.08,14020.0
2025-10-28,9,PT1H,MC-Reficar,12714.92,14020.0
2025-10-28,10,PT1H,MC-Reficar,13466.7,14020.0
2025-10-28,11,PT1H,MC-Reficar,14485.84,14020.0
2025-10-28,12,PT1H,MC-Reficar,11715.16,14020.0
2025-10-28,13,PT1H,MC-Reficar,11617.18,14020.0
2025-10-28,14,PT1H,MC-Reficar,10931.64,14020.0
2025-10-28,15,PT1H,MC-Reficar,11133.92,14020.0
2025-10-28,16,PT1H,MC-Reficar,11677.7,14020.0
2025-10-28,17,PT1H,MC-Reficar,10595.22,14020.0
2025-10-28,18,PT1H,MC-Reficar,12116.42,14020.0
2025-10-28,19,PT1H,MC-Reficar,15818.04,14000.0
2025-10-28,20,PT1H,MC-Reficar,14567.22,14000.0
2025-10-28,21,PT1H,MC-Reficar,11255.4,14000.0
2025-10-28,22,PT1H,MC-Reficar,10093.46,14020.0
2025-07-04,1,PT1H,MC-Reficar,11466.55,10010.0
2025-07-04,2,PT1H,MC-Reficar,11631.14,10010.0
2025-07-04,3,PT1H,MC-Reficar,11970.79,10010.0
2025-07-04,4,PT1H,MC-Reficar,9956.99,10010.0
2025-07-04,5,PT1H,MC-Reficar,9475.02,10010.0
2025-07-04,6,PT1H,MC-Reficar,9062.51,10010.0
2025-07-04,7,PT1H,MC-Reficar,9066.14,10010.0
2025-07-04,8,PT1H,MC-Reficar,9595.52,10010.0
2025-07-04,9,PT1H,MC-Reficar,12051.54,10010.0
2025-07-04,10,PT1H,MC-Reficar,11660.7,10010.0
2025-07-04,11,PT1H,MC-Reficar,10811.67,10010.0
2025-07-04,12,PT1H,MC-Reficar,10575.47,10010.0
2025-07-04,13,PT1H,MC-Reficar,10214.12,10010.0
2025-07-04,14,PT1H,MC-Reficar,10080.01,10010.0
2025-07-04,15,PT1H,MC-Reficar,11106.46,10010.0
2025-07-04,16,PT1H,MC-Reficar,10667.95,10010.0
2025-07-04,17,PT1H,MC-Reficar,10857.64,10010.0
2025-07-04,18,PT1H,MC-Reficar,10636.97,10010.0
2025-07-04,19,PT1H,MC-Reficar,9859.39,10000.0
2025-07-04,20,PT1H,MC-Reficar,9850.46,10000.0
2025-07-04,21,PT1H,MC-Reficar,9712.58,10000.0
2025-07-04,22,PT1H,MC-Reficar,10428.29,10010.0
2025-07-04,23,PT1H,MC-Reficar,10310.03,10010.0
2025-07-04,24,PT1H,MC-Reficar,10383.39,10010.0
2025-06-07,1,PT1H,MC-Reficar,10773.63,8010.0
2025-06-07,2,PT1H,MC-Reficar,10956.11,8010.0
2025-06-07,3,PT1H,MC-Reficar,10692.36,8010.0
2025-06-07,4,PT1H,MC-Reficar,9834.84,8010.0
2025-06-07,5,PT1H,MC-Reficar,9749.43,8010.0
2025-06-07,6,PT1H,MC-Reficar,9447.06,8010.0
2025-06-07,7,PT1H,MC-Reficar,9439.6,8010.0
2025-06-07,8,PT1H,MC-Reficar,9460.22,8010.0
2025-06-07,9,PT1H,MC-Reficar,11042.21,8010.0
2025-06-07,10,PT1H,MC-Reficar,11297.38,8010.0
2025-06-07,11,PT1H,MC-Reficar,10439.28,8010.0
2025-06-07,12,PT1H,MC-Reficar,10047.1,8010.0
2025-06-07,13,PT1H,MC-Reficar,10399.51,8010.0
2025-06-07,14,PT1H,MC-Reficar,10488.27,8010.0
2025-06-07,15,PT1H,MC-Reficar,10598.23,8010.0
2025-06-07,16,PT1H,MC-Reficar,10445.88,8010.0
2025-06-07,17,PT1H,MC-Reficar,12076.13,8010.0
2025-06-07,18,PT1H,MC-Reficar,11434.8,8010.0
2025-06-07,19,PT1H,MC-Reficar,10921.11,8000.0
2025-06-07,20,PT1H,MC-Reficar,7425.82,8000.0
2025-06-07,21,PT1H,MC-Reficar,7086.32,8000.0
2025-06-07,22,PT1H,MC-Reficar,7038.09,8010.0
2025-06-07,23,PT1H,MC-Reficar,6996.34,8010.0
2025-06-07,24,PT1H,MC-Reficar,7071.67,8010.0
2026-01-15,1,PT1H,MC-Reficar,0.0,10.0
2026-01-15,2,PT1H,MC-Reficar,0.0,10.0
2026-01-15,3,PT1H,MC-Reficar,0.0,10.0
2026-01-15,4,PT1H,MC-Reficar,0.0,10.0
2026-01-15,5,PT1H,MC-Reficar,0.0,10.0
2026-01-15,6,PT1H,MC-Reficar,0.0,10.0
2026-01-15,7,PT1H,MC-Reficar,0.0,10.0
2026-01-15,8,PT1H,MC-Reficar,0.0,10.0
2026-01-15,9,PT1H,MC-Reficar,0.0,10.0
2026-01-15,10,PT1H,MC-Reficar,0.0,10.0
2026-01-15,11,PT1H,MC-Reficar,0.0,10.0
2026-01-15,12,PT1H,MC-Reficar,0.0,10.0
2026-01-15,13,PT1H,MC-Reficar,0.0,10.0
2026-01-15,14,PT1H,MC-Reficar,0.0,10.0
2026-01-15,15,PT1H,MC-Reficar,0.0,10.0
2026-01-15,16,PT1H,MC-Reficar,0.0,10.0
2026-01-15,17,PT1H,MC-Reficar,0.0,10.0
2026-01-15,18,PT1H,MC-Reficar,0.0,10.0
2026-01-15,19,PT1H,MC-Reficar,0.0,0.0
2026-01-15,20,PT1H,MC-Reficar,0.0,0.0
2026-01-15,21,PT1H,MC-Reficar,0.0,0.0
2026-01-15,22,PT1H,MC-Reficar,0.0,10.0
2026-01-15,23,PT1H,MC-Reficar,0.0,10.0
2026-01-15,24,PT1H,MC-Reficar,0.0,10.0
2025-11-08,1,PT1H,MC-Reficar,11916.96,11010.0
2025-11-08,2,PT1H,MC-Reficar,12710.41,11010.0
2025-11-08,3,PT1H,MC-Reficar,12144.48,11010.0
2025-11-08,4,PT1H,MC-Reficar,9985.68,11010.0
2025-11-08,5,PT1H,MC-Reficar,10189.56,11010.0
2025-11-08,6,PT1H,MC-Reficar,9699.61,11010.0
2025-11-08,7,PT1H,MC-Reficar,9228.67,11010.0
2025-11-08,8,PT1H,MC-Reficar,9523.64,11010.0
2025-11-08,9,PT1H,MC-Reficar,9888.94,11010.0
2025-11-08,10,PT1H,MC-Reficar,13161.15,11010.0
2025-11-08,11,PT1H,MC-Reficar,13403.79,11010.0
2025-11-08,12,PT1H,MC-Reficar,11188.57,11010.0
2025-11-08,13,PT1H,MC-Reficar,10720.0,11010.0
2025-11-08,14,PT1H,MC-Reficar,10544.06,11010.0
2025-11-08,15,PT1H,MC-Reficar,10275.2,11010.0
2025-11-08,16,PT1H,MC-Reficar,9989.66,11010.0
2025-11-08,17,PT1H,MC-Reficar,9784.15,11010.0
2025-11-08,18,PT1H,MC-Reficar,12565.77,11010.0
2025-11-08,19,PT1H,MC-Reficar,12114.18,11000.0
2025-11-08,20,PT1H,MC-Reficar,9861.16,11000.0
2025-11-08,21,PT1H,MC-Reficar,9812.56,11000.0
2025-11-08,22,PT1H,MC-Reficar,9480.62,11010.0
2025-11-08,23,PT1H,MC-Reficar,9410.51,11010.0
2025-11-08,24,PT1H,MC-Reficar,9712.63,11010.0
2025-07-21,1,PT1H,MC-Reficar,7794.43,10010.0
2025-07-21,2,PT1H,MC-Reficar,5838.11,10010.0
2025-07-21,3,PT1H,MC-Reficar,5261.69,10010.0
2025-07-21,4,PT1H,MC-Reficar,4856.36,10010.0
2025-07-21,5,PT1H,MC-Reficar,4804.47,10010.0
2025-07-21,6,PT1H,MC-Reficar,4625.92,10010.0
2025-07-21,7,PT1H,MC-Reficar,6078.93,10010.0
2025-07-21,8,PT1H,MC-Reficar,7887.26,10010.0
2025-07-21,9,PT1H,MC-Reficar,9139.15,10010.0
2025-07-21,10,PT1H,MC-Reficar,9553.25,10010.0
2025-07-21,11,PT1H,MC-Reficar,1586.4,10010.0
2025-07-21,12,PT1H,MC-Reficar,147.59,10010.0
2025-07-21,13,PT1H,MC-Reficar,147.66,10010.0
2025-07-21,14,PT1H,MC-Reficar,145.92,10010.0
2025-07-21,15,PT1H,MC-Reficar,144.49,10010.0
2025-07-21,16,PT1H,MC-Reficar,146.82,10010.0
2025-07-21,17,PT1H,MC-Reficar,189.89,10010.0
2025-07-21,18,PT1H,MC-Reficar,7753.13,10010.0
2025-07-21,19,PT1H,MC-Reficar,7900.12,10000.0
2025-07-21,20,PT1H,MC-Reficar,7719.4,10000.0
2025-07-21,21,PT1H,MC-Reficar,7628.46,10000.0
2025-07-21,22,PT1H,MC-Reficar,7928.76,10010.0
2025-07-21,23,PT1H,MC-Reficar,7734.72,10010.0
2025-07-21,24,PT1H,MC-Reficar,9523.1,10010.0
2025-10-04,1,PT1H,MC-Reficar,7930.79,8010.0
2025-10-04,2,PT1H,MC-Reficar,7812.32,8010.0
2025-10-04,3,PT1H,MC-Reficar,8251.45,8010.0
2025-10-04,4,PT1H,MC-Reficar,7251.58,8010.0
2025-10-04,5,PT1H,MC-Reficar,7013.21,8010.0
2025-10-04,6,PT1H,MC-Reficar,6804.89,8010.0
2025-10-04,7,PT1H,MC-Reficar,6054.2,8010.0
2025-10-04,8,PT1H,MC-Reficar,5953.68,8010.0
2025-10-04,9,PT1H,MC-Reficar,8090.66,8010.0
2025-10-04,10,PT1H,MC-Reficar,8708.18,8010.0
2025-10-04,11,PT1H,MC-Reficar,6787.73,8010.0
2025-10-04,12,PT1H,MC-Reficar,5550.27,8010.0
2025-10-04,13,PT1H,MC-Reficar,5123.52,8010.0
2025-10-04,14,PT1H,MC-Reficar,5679.99,8010.0
2025-10-04,15,PT1H,MC-Reficar,5645.87,8010.0
2025-10-04,16,PT1H,MC-Reficar,5952.4,8010.0
2025-10-04,17,PT1H,MC-Reficar,8045.21,8010.0
2025-10-04,18,PT1H,MC-Reficar,7994.24,8010.0
2025-10-04,19,PT1H,MC-Reficar,6114.96,8000.0
2025-10-04,20,PT1H,MC-Reficar,5726.91,8000.0
2025-10-04,21,PT1H,MC-Reficar,5365.65,8000.0
2025-10-04,22,PT1H,MC-Reficar,5512.46,8010.0
2025-10-04,23,PT1H,MC-Reficar,5592.53,8010.0
2025-10-04,24,PT1H,MC-Reficar,5681.67,8010.0
2025-12-23,1,PT1H,MC-Reficar,0.0,10.0
2025-12-23,2,PT1H,MC-Reficar,0.0,10.0
2025-12-23,3,PT1H,MC-Reficar,0.0,10.0
2025-12-23,4,PT1H,MC-Reficar,0.0,10.0
2025-12-23,5,PT1H,MC-Reficar,0.0,10.0
2025-12-23,6,PT1H,MC-Reficar,0.0,10.0
2025-12-23,7,PT1H,MC-Reficar,0.0,10.0
2025-12-23,8,PT1H,MC-Reficar,0.0,10.0
2025-12-23,9,PT1H,MC-Reficar,0.0,10.0
2025-12-23,10,PT1H,MC-Reficar,0.0,10.0
2025-12-23,11,PT1H,MC-Reficar,0.0,10.0
2025-12-23,12,PT1H,MC-Reficar,0.0,10.0
2025-12-23,13,PT1H,MC-Reficar,0.0,10.0
2025-12-23,14,PT1H,MC-Reficar,0.0,10.0
2025-12-23,15,PT1H,MC-Reficar,0.0,10.0
2025-12-23,16,PT1H,MC-Reficar,0.0,10.0
2025-12-23,17,PT1H,MC-Reficar,0.0,10.0
2025-12-23,18,PT1H,MC-Reficar,0.0,10.0
2025-12-23,19,PT1H,MC-Reficar,0.0,0.0
2025-12-23,20,PT1H,MC-Reficar,0.0,0.0
2025-12-23,21,PT1H,MC-Reficar,0.0,0.0
2025-12-23,22,PT1H,MC-Reficar,0.0,10.0
2025-12-23,23,PT1H,MC-Reficar,0.0,10.0
2025-12-23,24,PT1H,MC-Reficar,0.0,10.0
2025-11-25,1,PT1H,MC-Reficar,12493.88,10510.0
2025-11-25,2,PT1H,MC-Reficar,12773.14,10510.0
2025-11-25,3,PT1H,MC-Reficar,10343.82,10510.0
2025-11-25,4,PT1H,MC-Reficar,10860.84,10510.0
2025-11-25,5,PT1H,MC-Reficar,10501.83,11010.0
2025-11-25,6,PT1H,MC-Reficar,10233.56,11010.0
2025-11-25,7,PT1H,MC-Reficar,10062.41,11010.0
2025-11-25,8,PT1H,MC-Reficar,10624.82,11010.0
2025-11-25,9,PT1H,MC-Reficar,11491.39,10510.0
2025-11-25,10,PT1H,MC-Reficar,11775.96,10510.0
2025-11-25,11,PT1H,MC-Reficar,12571.24,10510.0
2025-11-25,12,PT1H,MC-Reficar,9905.56,10510.0
2025-11-25,13,PT1H,MC-Reficar,10016.45,11010.0
2025-11-25,14,PT1H,MC-Reficar,10163.57,11010.0
2025-11-25,15,PT1H,MC-Reficar,10801.77,11010.0
2025-11-25,16,PT1H,MC-Reficar,10714.33,11010.0
2025-11-25,17,PT1H,MC-Reficar,13637.69,10510.0
2025-11-25,18,PT1H,MC-Reficar,13826.63,10510.0
2025-11-25,19,PT1H,MC-Reficar,11020.95,10500.0
2025-11-25,20,PT1H,MC-Reficar,11064.47,10500.0
2025-11-25,21,PT1H,MC-Reficar,11098.31,11000.0
2025-11-25,22,PT1H,MC-Reficar,10828.96,11010.0
2025-11-25,23,PT1H,MC-Reficar,10832.54,11010.0
2025-11-25,24,PT1H,MC-Reficar,11031.52,11010.0
2025-10-02,1,PT1H,MC-Reficar,13840.2,16020.0
2025-10-02,2,PT1H,MC-Reficar,17092.82,16020.0
2025-10-02,3,PT1H,MC-Reficar,17952.8,16020.0
2025-10-02,4,PT1H,MC-Reficar,15616.66,16020.0
2025-10-02,5,PT1H,MC-Reficar,15551.74,16020.0
2025-10-02,6,PT1H,MC-Reficar,14778.64,16020.0
2025-10-02,7,PT1H,MC-Reficar,13710.9,16020.0
2025-10-02,8,PT1H,MC-Reficar,14333.0,16020.0
2025-10-02,9,PT1H,MC-Reficar,14233.48,16020.0
2025-10-02,10,PT1H,MC-Reficar,19611.86,16020.0
2025-10-02,11,PT1H,MC-Reficar,19910.18,16020.0
2025-10-02,12,PT1H,MC-Reficar,17399.3,16020.0
2025-10-02,13,PT1H,MC-Reficar,19004.6,16020.0
2025-10-02,14,PT1H,MC-Reficar,18392.88,16020.0
2025-10-02,15,PT1H,MC-Reficar,17014.96,16020.0
2025-10-02,16,PT1H,MC-Reficar,15291.66,16020.0
2025-10-02,17,PT1H,MC-Reficar,17772.68,16020.0
2025-10-02,18,PT1H,MC-Reficar,17064.0,16020.0
2025-10-02,19,PT1H,MC-Reficar,16777.52,16000.0
2025-10-02,20,PT1H,MC-Reficar,13684.8,16000.0
2025-10-02,21,PT1H,MC-Reficar,13569.02,16000.0
2025-10-02,22,PT1H,MC-Reficar,14283.78,16020.0
2025-10-02,23,PT1H,MC-Reficar,15391.46,16020.0
2025-10-02,24,PT1H,MC-Reficar,15687.42,16020.0
2025-12-25,1,PT1H,MC-Reficar,0.0,10.0
2025-12-25,2,PT1H,MC-Reficar,0.0,10.0
2025-12-25,3,PT1H,MC-Reficar,0.0,10.0
2025-12-25,4,PT1H,MC-Reficar,0.0,10.0
2025-12-25,5,PT1H,MC-Reficar,0.0,10.0
2025-12-25,6,PT1H,MC-Reficar,0.0,10.0
2025-12-25,7,PT1H,MC-Reficar,0.0,10.0
2025-12-25,8,PT1H,MC-Reficar,0.0,10.0
2025-12-25,9,PT1H,MC-Reficar,0.0,10.0
2025-12-25,10,PT1H,MC-Reficar,0.0,10.0
2025-12-25,11,PT1H,MC-Reficar,0.0,10.0
2025-12-25,12,PT1H,MC-Reficar,0.0,10.0
2025-12-25,13,PT1H,MC-Reficar,0.0,10.0
2025-12-25,14,PT1H,MC-Reficar,0.0,10.0
2025-12-25,15,PT1H,MC-Reficar,0.0,10.0
2025-12-25,16,PT1H,MC-Reficar,0.0,10.0
2025-12-25,17,PT1H,MC-Reficar,0.0,10.0
2025-12-25,18,PT1H,MC-Reficar,0.0,10.0
2025-12-25,19,PT1H,MC-Reficar,0.0,0.0
2025-12-25,20,PT1H,MC-Reficar,0.0,0.0
2025-12-25,21,PT1H,MC-Reficar,0.0,0.0
2025-12-25,22,PT1H,MC-Reficar,0.0,10.0
2025-12-25,23,PT1H,MC-Reficar,0.0,10.0
2025-12-25,24,PT1H,MC-Reficar,0.0,10.0
2025-09-13,1,PT1H,MC-Reficar,10642.34,10010.0
2025-09-13,2,PT1H,MC-Reficar,11415.77,10010.0
2025-09-13,3,PT1H,MC-Reficar,10662.42,10010.0
2025-09-13,4,PT1H,MC-Reficar,10683.8,10010.0
2025-09-13,5,PT1H,MC-Reficar,10628.91,10010.0
2025-09-13,6,PT1H,MC-Reficar,10534.2,10010.0
2025-09-13,7,PT1H,MC-Reficar,10022.68,10010.0
2025-09-13,8,PT1H,MC-Reficar,9700.13,10010.0
2025-09-13,9,PT1H,MC-Reficar,10047.47,10010.0
2025-09-13,10,PT1H,MC-Reficar,10356.88,10010.0
2025-09-13,11,PT1H,MC-Reficar,10205.42,10010.0
2025-09-13,12,PT1H,MC-Reficar,10239.97,10010.0
2025-09-13,13,PT1H,MC-Reficar,10029.55,10010.0
2025-09-13,14,PT1H,MC-Reficar,10261.51,10010.0
2025-09-13,15,PT1H,MC-Reficar,10334.68,10010.0
2025-09-13,16,PT1H,MC-Reficar,10189.4,10010.0
2025-09-13,17,PT1H,MC-Reficar,12144.61,10010.0
2025-09-13,18,PT1H,MC-Reficar,13204.73,10010.0
2025-09-13,19,PT1H,MC-Reficar,11911.77,10000.0
2025-09-13,20,PT1H,MC-Reficar,10071.36,10000.0
2025-09-13,21,PT1H,MC-Reficar,10648.78,10000.0
2025-09-13,22,PT1H,MC-Reficar,10474.06,10010.0
2025-09-13,23,PT1H,MC-Reficar,10589.59,10010.0
2025-09-13,24,PT1H,MC-Reficar,10322.25,10010.0
2026-02-28,1,PT1H,MC-Reficar,0.0,10.0
2026-02-28,2,PT1H,MC-Reficar,0.0,10.0
2026-02-28,3,PT1H,MC-Reficar,0.0,10.0
2026-02-28,4,PT1H,MC-Reficar,0.0,10.0
2026-02-28,5,PT1H,MC-Reficar,0.0,10.0
2026-02-28,6,PT1H,MC-Reficar,0.0,10.0
2026-02-28,7,PT1H,MC-Reficar,0.0,10.0
2026-02-28,8,PT1H,MC-Reficar,0.0,10.0
2026-02-28,9,PT1H,MC-Reficar,0.0,10.0
2026-02-28,10,PT1H,MC-Reficar,0.0,10.0
2026-02-28,11,PT1H,MC-Reficar,0.0,10.0
2026-02-28,12,PT1H,MC-Reficar,0.0,10.0
2026-02-28,13,PT1H,MC-Reficar,0.0,10.0
2026-02-28,14,PT1H,MC-Reficar,0.0,10.0
2026-02-28,15,PT1H,MC-Reficar,0.0,10.0
2026-02-28,16,PT1H,MC-Reficar,0.0,10.0
2026-02-28,17,PT1H,MC-Reficar,0.87,10.0
2026-02-28,18,PT1H,MC-Reficar,0.0,10.0
2026-02-28,19,PT1H,MC-Reficar,0.0,0.0
2026-02-28,20,PT1H,MC-Reficar,0.0,0.0
2026-02-28,21,PT1H,MC-Reficar,0.0,0.0
2026-02-28,22,PT1H,MC-Reficar,0.0,10.0
2026-02-28,23,PT1H,MC-Reficar,0.0,10.0
2026-02-28,24,PT1H,MC-Reficar,0.0,10.0
2025-11-21,1,PT1H,MC-Reficar,13006.77,10510.0
2025-11-21,2,PT1H,MC-Reficar,12359.57,10510.0
2025-11-21,3,PT1H,MC-Reficar,11271.91,10510.0
2025-11-21,4,PT1H,MC-Reficar,10197.13,10510.0
2025-11-21,5,PT1H,MC-Reficar,9632.42,11010.0
2025-11-21,6,PT1H,MC-Reficar,9129.77,11010.0
2025-11-21,7,PT1H,MC-Reficar,9752.15,11010.0
2025-11-21,8,PT1H,MC-Reficar,10285.05,11010.0
2025-11-21,9,PT1H,MC-Reficar,12124.95,10510.0
2025-11-21,10,PT1H,MC-Reficar,12641.54,10510.0
2025-11-21,11,PT1H,MC-Reficar,12204.32,10510.0
2025-11-21,12,PT1H,MC-Reficar,9664.31,10510.0
2025-11-21,13,PT1H,MC-Reficar,9267.02,11010.0
2025-11-21,14,PT1H,MC-Reficar,9494.56,11010.0
2025-11-21,15,PT1H,MC-Reficar,9404.96,11010.0
2025-11-21,16,PT1H,MC-Reficar,9199.46,11010.0
2025-11-21,17,PT1H,MC-Reficar,9072.2,10510.0
2025-11-21,18,PT1H,MC-Reficar,11853.62,10510.0
2025-11-21,19,PT1H,MC-Reficar,11924.84,10500.0
2025-11-21,20,PT1H,MC-Reficar,10338.42,10500.0
2025-11-21,21,PT1H,MC-Reficar,10302.68,11000.0
2025-11-21,22,PT1H,MC-Reficar,10175.55,11010.0
2025-11-21,23,PT1H,MC-Reficar,10280.05,11010.0
2025-11-21,24,PT1H,MC-Reficar,10924.47,11010.0
2026-02-09,1,PT1H,MC-Reficar,0.0,10.0
2026-02-09,2,PT1H,MC-Reficar,0.0,10.0
2026-02-09,3,PT1H,MC-Reficar,0.0,10.0
2026-02-09,4,PT1H,MC-Reficar,0.0,10.0
2026-02-09,5,PT1H,MC-Reficar,0.0,10.0
2026-02-09,6,PT1H,MC-Reficar,0.0,10.0
2026-02-09,7,PT1H,MC-Reficar,0.0,10.0
2026-02-09,8,PT1H,MC-Reficar,0.0,10.0
2026-02-09,9,PT1H,MC-Reficar,0.0,10.0
2026-02-09,10,PT1H,MC-Reficar,0.0,10.0
2026-02-09,11,PT1H,MC-Reficar,0.0,10.0
2026-02-09,12,PT1H,MC-Reficar,0.0,10.0
2026-02-09,13,PT1H,MC-Reficar,0.0,10.0
2026-02-09,14,PT1H,MC-Reficar,0.0,10.0
2026-02-09,15,PT1H,MC-Reficar,0.0,10.0
2026-02-09,16,PT1H,MC-Reficar,0.0,10.0
2026-02-09,17,PT1H,MC-Reficar,0.0,10.0
2026-02-09,18,PT1H,MC-Reficar,0.0,10.0
2026-02-09,19,PT1H,MC-Reficar,0.0,0.0
2026-02-09,20,PT1H,MC-Reficar,0.0,0.0
2026-02-09,21,PT1H,MC-Reficar,0.0,0.0
2026-02-09,22,PT1H,MC-Reficar,0.0,10.0
2026-02-09,23,PT1H,MC-Reficar,0.0,10.0
2026-02-09,24,PT1H,MC-Reficar,0.0,10.0
2025-06-18,1,PT1H,MC-Reficar,11350.43,8010.0
2025-06-18,2,PT1H,MC-Reficar,11520.93,8010.0
2025-06-18,3,PT1H,MC-Reficar,10688.82,8010.0
2025-06-18,4,PT1H,MC-Reficar,11364.53,8010.0
2025-06-18,5,PT1H,MC-Reficar,11026.78,8010.0
2025-06-18,6,PT1H,MC-Reficar,10851.52,8010.0
2025-06-18,7,PT1H,MC-Reficar,10943.74,8010.0
2025-06-18,8,PT1H,MC-Reficar,9693.73,8010.0
2025-06-18,9,PT1H,MC-Reficar,9641.07,8010.0
2025-06-18,10,PT1H,MC-Reficar,11158.71,8010.0
2025-06-18,11,PT1H,MC-Reficar,11109.99,8010.0
2025-06-18,12,PT1H,MC-Reficar,11135.32,8010.0
2025-06-18,13,PT1H,MC-Reficar,9506.98,8010.0
2025-06-18,14,PT1H,MC-Reficar,11246.07,8010.0
2025-06-18,15,PT1H,MC-Reficar,10408.69,8010.0
2025-06-18,16,PT1H,MC-Reficar,9161.81,8010.0
2025-06-18,17,PT1H,MC-Reficar,11373.46,8010.0
2025-06-18,18,PT1H,MC-Reficar,11225.09,8010.0
2025-06-18,19,PT1H,MC-Reficar,10563.44,8000.0
2025-06-18,20,PT1H,MC-Reficar,10768.37,8000.0
2025-06-18,21,PT1H,MC-Reficar,10465.56,8000.0
2025-06-18,22,PT1H,MC-Reficar,10381.04,8010.0
2025-06-18,23,PT1H,MC-Reficar,11545.62,8010.0
2025-06-18,24,PT1H,MC-Reficar,12181.82,8010.0
2025-10-24,1,PT1H,MC-Reficar,13930.7,14020.0
2025-10-24,2,PT1H,MC-Reficar,15886.46,14020.0
2025-10-24,3,PT1H,MC-Reficar,12640.78,14020.0
2025-10-24,4,PT1H,MC-Reficar,11941.22,14020.0
2025-10-24,5,PT1H,MC-Reficar,11780.56,14020.0
2025-10-24,6,PT1H,MC-Reficar,10883.0,14020.0
2025-10-24,7,PT1H,MC-Reficar,10227.16,14020.0
2025-10-24,8,PT1H,MC-Reficar,10592.24,14020.0
2025-10-24,9,PT1H,MC-Reficar,14647.54,14020.0
2025-10-24,10,PT1H,MC-Reficar,14784.8,14020.0
2025-10-24,11,PT1H,MC-Reficar,16175.44,14020.0
2025-10-24,12,PT1H,MC-Reficar,15593.54,14020.0
2025-10-24,13,PT1H,MC-Reficar,14224.66,14020.0
2025-10-24,14,PT1H,MC-Reficar,12163.86,14020.0
2025-10-24,15,PT1H,MC-Reficar,11877.5,14020.0
2025-10-24,16,PT1H,MC-Reficar,14990.94,14020.0
2025-10-24,17,PT1H,MC-Reficar,15365.0,14020.0
2025-10-24,18,PT1H,MC-Reficar,15370.54,14020.0
2025-10-24,19,PT1H,MC-Reficar,20595.44,14000.0
2025-10-24,20,PT1H,MC-Reficar,27202.16,14000.0
2025-10-24,21,PT1H,MC-Reficar,13381.12,14000.0
2025-10-24,22,PT1H,MC-Reficar,12065.08,14020.0
2025-10-24,23,PT1H,MC-Reficar,12050.84,14020.0
2025-10-24,24,PT1H,MC-Reficar,12059.28,14020.0
2026-01-16,1,PT1H,MC-Reficar,0.0,10.0
2026-01-16,2,PT1H,MC-Reficar,0.0,10.0
2026-01-16,3,PT1H,MC-Reficar,0.0,10.0
2026-01-16,4,PT1H,MC-Reficar,0.0,10.0
2026-01-16,5,PT1H,MC-Reficar,0.0,10.0
2026-01-16,6,PT1H,MC-Reficar,0.0,10.0
2026-01-16,7,PT1H,MC-Reficar,0.0,10.0
2026-01-16,8,PT1H,MC-Reficar,0.0,10.0
2026-01-16,9,PT1H,MC-Reficar,0.0,10.0
2026-01-16,10,PT1H,MC-Reficar,0.0,10.0
2026-01-16,11,PT1H,MC-Reficar,0.0,10.0
2026-01-16,12,PT1H,MC-Reficar,0.0,10.0
2026-01-16,13,PT1H,MC-Reficar,0.0,10.0
2026-01-16,14,PT1H,MC-Reficar,0.0,10.0
2026-01-16,15,PT1H,MC-Reficar,0.0,10.0
2026-01-16,16,PT1H,MC-Reficar,0.0,10.0
2026-01-16,17,PT1H,MC-Reficar,0.0,10.0
2026-01-16,18,PT1H,MC-Reficar,0.0,10.0
2026-01-16,19,PT1H,MC-Reficar,0.0,0.0
2026-01-16,20,PT1H,MC-Reficar,0.0,0.0
2026-01-16,21,PT1H,MC-Reficar,0.0,0.0
2026-01-16,22,PT1H,MC-Reficar,0.0,10.0
2026-01-16,23,PT1H,MC-Reficar,0.0,10.0
2026-01-16,24,PT1H,MC-Reficar,0.0,10.0
2025-06-27,1,PT1H,MC-Reficar,11847.88,8010.0
2025-06-27,2,PT1H,MC-Reficar,10561.48,8010.0
2025-06-27,3,PT1H,MC-Reficar,10552.14,8010.0
2025-06-27,4,PT1H,MC-Reficar,10840.31,8010.0
2025-06-27,5,PT1H,MC-Reficar,11090.2,8010.0
2025-06-27,6,PT1H,MC-Reficar,10488.9,8010.0
2025-06-27,7,PT1H,MC-Reficar,10218.7,8010.0
2025-06-27,8,PT1H,MC-Reficar,9696.4,8010.0
2025-06-27,9,PT1H,MC-Reficar,9694.57,8010.0
2025-06-27,10,PT1H,MC-Reficar,9871.04,8010.0
2025-06-27,11,PT1H,MC-Reficar,12484.07,8010.0
2025-06-27,12,PT1H,MC-Reficar,13611.18,8010.0
2025-06-27,13,PT1H,MC-Reficar,13714.58,8010.0
2025-06-27,14,PT1H,MC-Reficar,11404.43,8010.0
2025-06-27,15,PT1H,MC-Reficar,10805.36,8010.0
2025-06-27,16,PT1H,MC-Reficar,11190.96,8010.0
2025-06-27,17,PT1H,MC-Reficar,11354.89,8010.0
2025-06-27,18,PT1H,MC-Reficar,11322.79,8010.0
2025-06-27,19,PT1H,MC-Reficar,11024.29,8000.0
2025-06-27,20,PT1H,MC-Reficar,10687.74,8000.0
2025-06-27,21,PT1H,MC-Reficar,9953.89,8000.0
2025-06-27,22,PT1H,MC-Reficar,10195.03,8010.0
2025-06-27,23,PT1H,MC-Reficar,10009.76,8010.0
2025-06-27,24,PT1H,MC-Reficar,9648.49,8010.0
2025-08-19,1,PT1H,MC-Reficar,8364.28,4010.0
2025-08-19,2,PT1H,MC-Reficar,8798.42,4010.0
2025-08-19,3,PT1H,MC-Reficar,6057.72,4010.0
2025-08-19,4,PT1H,MC-Reficar,6223.43,4010.0
2025-08-19,5,PT1H,MC-Reficar,6421.7,4010.0
2025-08-19,6,PT1H,MC-Reficar,6293.89,4010.0
2025-08-19,7,PT1H,MC-Reficar,5982.97,4010.0
2025-08-19,8,PT1H,MC-Reficar,6282.18,4010.0
2025-08-19,9,PT1H,MC-Reficar,6047.49,4010.0
2025-08-19,10,PT1H,MC-Reficar,6041.45,4010.0
2025-08-19,11,PT1H,MC-Reficar,5936.63,4010.0
2025-08-19,12,PT1H,MC-Reficar,4625.22,4010.0
2025-08-19,13,PT1H,MC-Reficar,7285.24,4010.0
2025-08-19,14,PT1H,MC-Reficar,11857.31,4010.0
2025-08-19,15,PT1H,MC-Reficar,10199.06,4010.0
2025-08-19,16,PT1H,MC-Reficar,10377.19,4010.0
2025-08-19,17,PT1H,MC-Reficar,10523.98,4010.0
2025-08-19,18,PT1H,MC-Reficar,10459.12,4010.0
2025-08-19,19,PT1H,MC-Reficar,9541.26,4000.0
2025-08-19,20,PT1H,MC-Reficar,7636.5,4000.0
2025-08-19,21,PT1H,MC-Reficar,7183.01,4000.0
2025-08-19,22,PT1H,MC-Reficar,5621.55,4010.0
2025-08-19,23,PT1H,MC-Reficar,5485.47,4010.0
2025-08-19,24,PT1H,MC-Reficar,5471.99,4010.0
2025-08-18,1,PT1H,MC-Reficar,11669.82,4010.0
2025-08-18,2,PT1H,MC-Reficar,10149.26,4010.0
2025-08-18,3,PT1H,MC-Reficar,4810.14,4010.0
2025-08-18,4,PT1H,MC-Reficar,3892.01,4010.0
2025-08-18,5,PT1H,MC-Reficar,4155.39,4010.0
2025-08-18,6,PT1H,MC-Reficar,4254.67,4010.0
2025-08-18,7,PT1H,MC-Reficar,4139.43,4010.0
2025-08-18,8,PT1H,MC-Reficar,4816.8,4010.0
2025-08-18,9,PT1H,MC-Reficar,6038.49,4010.0
2025-08-18,10,PT1H,MC-Reficar,4688.33,4010.0
2025-08-18,11,PT1H,MC-Reficar,4621.45,4010.0
2025-08-18,12,PT1H,MC-Reficar,4326.3,4010.0
2025-08-18,13,PT1H,MC-Reficar,4438.45,4010.0
2025-08-18,14,PT1H,MC-Reficar,4710.62,4010.0
2025-08-18,15,PT1H,MC-Reficar,4984.52,4010.0
2025-08-18,16,PT1H,MC-Reficar,5498.98,4010.0
2025-08-18,17,PT1H,MC-Reficar,5860.09,4010.0
2025-08-18,18,PT1H,MC-Reficar,6121.9,4010.0
2025-08-18,19,PT1H,MC-Reficar,5590.74,4000.0
2025-08-18,20,PT1H,MC-Reficar,4679.99,4000.0
2025-08-18,21,PT1H,MC-Reficar,4922.61,4000.0
2025-08-18,22,PT1H,MC-Reficar,5560.5,4010.0
2025-08-18,23,PT1H,MC-Reficar,5805.9,4010.0
2025-08-18,24,PT1H,MC-Reficar,5649.92,4010.0
2025-05-03,1,PT1H,MC-Reficar,67.06,0.0
2025-05-03,2,PT1H,MC-Reficar,67.11,0.0
2025-05-03,3,PT1H,MC-Reficar,67.0,0.0
2025-05-03,4,PT1H,MC-Reficar,67.4,0.0
2025-05-03,5,PT1H,MC-Reficar,67.55,0.0
2025-05-03,6,PT1H,MC-Reficar,67.56,0.0
2025-05-03,7,PT1H,MC-Reficar,65.45,0.0
2025-05-03,8,PT1H,MC-Reficar,66.73,0.0
2025-05-03,9,PT1H,MC-Reficar,68.8,0.0
2025-05-03,10,PT1H,MC-Reficar,70.26,0.0
2025-05-03,11,PT1H,MC-Reficar,71.02,0.0
2025-05-03,12,PT1H,MC-Reficar,70.08,0.0
2025-05-03,13,PT1H,MC-Reficar,70.17,0.0
2025-05-03,14,PT1H,MC-Reficar,67.81,0.0
2025-05-03,15,PT1H,MC-Reficar,67.83,0.0
2025-05-03,16,PT1H,MC-Reficar,66.16,0.0
2025-05-03,17,PT1H,MC-Reficar,69.78,0.0
2025-05-03,18,PT1H,MC-Reficar,82.92,0.0
2025-05-03,19,PT1H,MC-Reficar,90.67,0.0
2025-05-03,20,PT1H,MC-Reficar,86.63,0.0
2025-05-03,21,PT1H,MC-Reficar,119.0,0.0
2025-05-03,22,PT1H,MC-Reficar,121.43,0.0
2025-05-03,23,PT1H,MC-Reficar,145.14,0.0
2025-05-03,24,PT1H,MC-Reficar,144.95,0.0
2026-02-12,1,PT1H,MC-Reficar,0.0,10.0
2026-02-12,2,PT1H,MC-Reficar,0.0,10.0
2026-02-12,3,PT1H,MC-Reficar,0.0,10.0
2026-02-12,4,PT1H,MC-Reficar,0.0,10.0
2026-02-12,5,PT1H,MC-Reficar,0.0,10.0
2026-02-12,6,PT1H,MC-Reficar,0.0,10.0
2026-02-12,7,PT1H,MC-Reficar,0.0,10.0
2026-02-12,8,PT1H,MC-Reficar,0.0,10.0
2026-02-12,9,PT1H,MC-Reficar,0.0,10.0
2026-02-12,10,PT1H,MC-Reficar,0.05,10.0
2026-02-12,11,PT1H,MC-Reficar,0.0,10.0
2026-02-12,12,PT1H,MC-Reficar,0.0,10.0
2026-02-12,13,PT1H,MC-Reficar,0.0,10.0
2026-02-12,14,PT1H,MC-Reficar,0.0,10.0
2026-02-12,15,PT1H,MC-Reficar,0.0,10.0
2026-02-12,16,PT1H,MC-Reficar,0.0,10.0
2026-02-12,17,PT1H,MC-Reficar,0.0,10.0
2026-02-12,18,PT1H,MC-Reficar,0.0,10.0
2026-02-12,19,PT1H,MC-Reficar,0.0,0.0
2026-02-12,20,PT1H,MC-Reficar,0.0,0.0
2026-02-12,21,PT1H,MC-Reficar,0.0,0.0
2026-02-12,22,PT1H,MC-Reficar,0.0,10.0
2026-02-12,23,PT1H,MC-Reficar,0.0,10.0
2026-02-12,24,PT1H,MC-Reficar,0.0,10.0
2025-09-15,1,PT1H,MC-Reficar,5098.68,10010.0
2025-09-15,2,PT1H,MC-Reficar,5349.94,10010.0
2025-09-15,3,PT1H,MC-Reficar,8136.22,10010.0
2025-09-15,4,PT1H,MC-Reficar,7080.76,10010.0
2025-09-15,5,PT1H,MC-Reficar,5227.41,10010.0
2025-09-15,6,PT1H,MC-Reficar,5179.04,10010.0
2025-09-15,7,PT1H,MC-Reficar,5491.49,10010.0
2025-09-15,8,PT1H,MC-Reficar,6473.98,10010.0
2025-09-15,9,PT1H,MC-Reficar,8363.81,10010.0
2025-09-15,10,PT1H,MC-Reficar,9278.21,10010.0
2025-09-15,11,PT1H,MC-Reficar,7235.84,10010.0
2025-09-15,12,PT1H,MC-Reficar,6767.69,10010.0
2025-09-15,13,PT1H,MC-Reficar,6398.24,10010.0
2025-09-15,14,PT1H,MC-Reficar,7057.03,10010.0
2025-09-15,15,PT1H,MC-Reficar,7491.85,10010.0
2025-09-15,16,PT1H,MC-Reficar,8574.5,10010.0
2025-09-15,17,PT1H,MC-Reficar,8527.9,10010.0
2025-09-15,18,PT1H,MC-Reficar,7007.19,10010.0
2025-09-15,19,PT1H,MC-Reficar,7308.58,10000.0
2025-09-15,20,PT1H,MC-Reficar,6311.3,10000.0
2025-09-15,21,PT1H,MC-Reficar,6326.83,10000.0
2025-09-15,22,PT1H,MC-Reficar,6113.56,10010.0
2025-09-15,23,PT1H,MC-Reficar,5918.42,10010.0
2025-09-15,24,PT1H,MC-Reficar,5703.29,10010.0
2025-06-08,1,PT1H,MC-Reficar,7755.65,8010.0
2025-06-08,2,PT1H,MC-Reficar,9145.27,8010.0
2025-06-08,3,PT1H,MC-Reficar,9589.68,8010.0
2025-06-08,4,PT1H,MC-Reficar,8702.41,8010.0
2025-06-08,5,PT1H,MC-Reficar,6564.98,8010.0
2025-06-08,6,PT1H,MC-Reficar,6813.67,8010.0
2025-06-08,7,PT1H,MC-Reficar,9357.75,8010.0
2025-06-08,8,PT1H,MC-Reficar,10175.47,8010.0
2025-06-08,9,PT1H,MC-Reficar,11415.67,8010.0
2025-06-08,10,PT1H,MC-Reficar,11284.02,8010.0
2025-06-08,11,PT1H,MC-Reficar,10944.35,8010.0
2025-06-08,12,PT1H,MC-Reficar,10467.04,8010.0
2025-06-08,13,PT1H,MC-Reficar,10233.02,8010.0
2025-06-08,14,PT1H,MC-Reficar,10362.96,8010.0
2025-06-08,15,PT1H,MC-Reficar,10087.3,8010.0
2025-06-08,16,PT1H,MC-Reficar,9876.13,8010.0
2025-06-08,17,PT1H,MC-Reficar,10613.67,8010.0
2025-06-08,18,PT1H,MC-Reficar,10834.93,8010.0
2025-06-08,19,PT1H,MC-Reficar,9977.09,8000.0
2025-06-08,20,PT1H,MC-Reficar,8880.11,8000.0
2025-06-08,21,PT1H,MC-Reficar,8952.45,8000.0
2025-06-08,22,PT1H,MC-Reficar,8809.54,8010.0
2025-06-08,23,PT1H,MC-Reficar,8440.93,8010.0
2025-06-08,24,PT1H,MC-Reficar,8432.26,8010.0
2026-02-10,1,PT1H,MC-Reficar,0.0,10.0
2026-02-10,2,PT1H,MC-Reficar,0.0,10.0
2026-02-10,3,PT1H,MC-Reficar,0.0,10.0
2026-02-10,4,PT1H,MC-Reficar,0.0,10.0
2026-02-10,5,PT1H,MC-Reficar,0.0,10.0
2026-02-10,6,PT1H,MC-Reficar,0.0,10.0
2026-02-10,7,PT1H,MC-Reficar,0.0,10.0
2026-02-10,8,PT1H,MC-Reficar,0.0,10.0
2026-02-10,9,PT1H,MC-Reficar,0.0,10.0
2026-02-10,10,PT1H,MC-Reficar,0.0,10.0
2026-02-10,11,PT1H,MC-Reficar,0.0,10.0
2026-02-10,12,PT1H,MC-Reficar,0.0,10.0
2026-02-10,13,PT1H,MC-Reficar,0.0,10.0
2026-02-10,14,PT1H,MC-Reficar,0.0,10.0
2026-02-10,15,PT1H,MC-Reficar,0.0,10.0
2026-02-10,16,PT1H,MC-Reficar,0.0,10.0
2026-02-10,17,PT1H,MC-Reficar,79.01,10.0
2026-02-10,18,PT1H,MC-Reficar,0.0,10.0
2026-02-10,19,PT1H,MC-Reficar,0.0,0.0
2026-02-10,20,PT1H,MC-Reficar,0.02,0.0
2026-02-10,21,PT1H,MC-Reficar,0.0,0.0
2026-02-10,22,PT1H,MC-Reficar,0.0,10.0
2026-02-10,23,PT1H,MC-Reficar,0.0,10.0
2026-02-10,24,PT1H,MC-Reficar,0.0,10.0
2025-09-11,1,PT1H,MC-Reficar,10211.38,10010.0
2025-09-11,2,PT1H,MC-Reficar,10846.9,10010.0
2025-09-11,3,PT1H,MC-Reficar,10265.68,10010.0
2025-09-11,4,PT1H,MC-Reficar,10113.8,10010.0
2025-09-11,5,PT1H,MC-Reficar,10476.59,10010.0
2025-09-11,6,PT1H,MC-Reficar,10327.9,10010.0
2025-09-11,7,PT1H,MC-Reficar,10209.61,10010.0
2025-09-11,8,PT1H,MC-Reficar,10626.07,10010.0
2025-09-11,9,PT1H,MC-Reficar,12901.02,10010.0
2025-09-11,10,PT1H,MC-Reficar,13190.39,10010.0
2025-09-11,11,PT1H,MC-Reficar,11011.35,10010.0
2025-09-11,12,PT1H,MC-Reficar,10764.94,10010.0
2025-09-11,13,PT1H,MC-Reficar,10469.48,10010.0
2025-09-11,14,PT1H,MC-Reficar,10665.63,10010.0
2025-09-11,15,PT1H,MC-Reficar,10583.02,10010.0
2025-09-11,16,PT1H,MC-Reficar,10628.65,10010.0
2025-09-11,17,PT1H,MC-Reficar,11921.89,10010.0
2025-09-11,18,PT1H,MC-Reficar,13044.58,10010.0
2025-09-11,19,PT1H,MC-Reficar,12549.53,10000.0
2025-09-11,20,PT1H,MC-Reficar,10171.93,10000.0
2025-09-11,21,PT1H,MC-Reficar,10277.39,10000.0
2025-09-11,22,PT1H,MC-Reficar,10068.7,10010.0
2025-09-11,23,PT1H,MC-Reficar,9631.04,10010.0
2025-09-11,24,PT1H,MC-Reficar,10407.49,10010.0
2025-05-10,1,PT1H,MC-Reficar,0.0,500.0
2025-05-10,2,PT1H,MC-Reficar,0.0,500.0
2025-05-10,3,PT1H,MC-Reficar,0.0,500.0
2025-05-10,4,PT1H,MC-Reficar,0.0,500.0
2025-05-10,5,PT1H,MC-Reficar,0.0,500.0
2025-05-10,6,PT1H,MC-Reficar,0.0,500.0
2025-05-10,7,PT1H,MC-Reficar,0.0,500.0
2025-05-10,8,PT1H,MC-Reficar,0.0,500.0
2025-05-10,9,PT1H,MC-Reficar,0.0,500.0
2025-05-10,10,PT1H,MC-Reficar,0.0,500.0
2025-05-10,11,PT1H,MC-Reficar,0.0,500.0
2025-05-10,12,PT1H,MC-Reficar,0.0,500.0
2025-05-10,13,PT1H,MC-Reficar,0.0,500.0
2025-05-10,14,PT1H,MC-Reficar,0.0,500.0
2025-05-10,15,PT1H,MC-Reficar,0.0,500.0
2025-05-10,16,PT1H,MC-Reficar,0.0,500.0
2025-05-10,17,PT1H,MC-Reficar,0.0,500.0
2025-05-10,18,PT1H,MC-Reficar,0.0,500.0
2025-05-10,19,PT1H,MC-Reficar,0.0,500.0
2025-05-10,20,PT1H,MC-Reficar,0.0,500.0
2025-05-10,21,PT1H,MC-Reficar,0.0,500.0
2025-05-10,22,PT1H,MC-Reficar,0.0,500.0
2025-05-10,23,PT1H,MC-Reficar,0.0,500.0
2025-05-10,24,PT1H,MC-Reficar,0.0,500.0
2025-10-11,1,PT1H,MC-Reficar,13242.92,10020.0
2025-10-11,2,PT1H,MC-Reficar,12410.12,10020.0
2025-10-11,3,PT1H,MC-Reficar,12035.82,10020.0
2025-10-11,4,PT1H,MC-Reficar,10334.16,10020.0
2025-10-11,5,PT1H,MC-Reficar,9475.88,10020.0
2025-10-11,6,PT1H,MC-Reficar,9102.54,10020.0
2025-10-11,7,PT1H,MC-Reficar,8384.4,10020.0
2025-10-11,8,PT1H,MC-Reficar,8216.48,10020.0
2025-10-11,9,PT1H,MC-Reficar,8888.06,10020.0
2025-10-11,10,PT1H,MC-Reficar,10027.8,10020.0
2025-10-11,11,PT1H,MC-Reficar,9586.02,10020.0
2025-10-11,12,PT1H,MC-Reficar,9004.48,10020.0
2025-10-11,13,PT1H,MC-Reficar,10246.02,10020.0
2025-10-11,14,PT1H,MC-Reficar,10072.34,10020.0
2025-10-11,15,PT1H,MC-Reficar,9400.94,10020.0
2025-10-11,16,PT1H,MC-Reficar,9216.02,10020.0
2025-10-11,17,PT1H,MC-Reficar,11344.18,10020.0
2025-10-11,18,PT1H,MC-Reficar,13203.64,10020.0
2025-10-11,19,PT1H,MC-Reficar,8265.38,10000.0
2025-10-11,20,PT1H,MC-Reficar,7827.16,10000.0
2025-10-11,21,PT1H,MC-Reficar,7680.6,10000.0
2025-10-11,22,PT1H,MC-Reficar,7937.02,10020.0
2025-10-11,23,PT1H,MC-Reficar,8240.22,10020.0
2025-10-11,24,PT1H,MC-Reficar,9510.92,10020.0
2025-11-09,1,PT1H,MC-Reficar,11236.89,11010.0
2025-11-09,2,PT1H,MC-Reficar,12425.69,11010.0
2025-11-09,3,PT1H,MC-Reficar,11480.8,11010.0
2025-11-09,4,PT1H,MC-Reficar,10332.1,11010.0
2025-11-09,5,PT1H,MC-Reficar,10902.65,11010.0
2025-11-09,6,PT1H,MC-Reficar,10888.83,11010.0
2025-11-09,7,PT1H,MC-Reficar,10700.44,11010.0
2025-11-09,8,PT1H,MC-Reficar,11084.48,11010.0
2025-11-09,9,PT1H,MC-Reficar,11411.59,11010.0
2025-11-09,10,PT1H,MC-Reficar,13769.0,11010.0
2025-11-09,11,PT1H,MC-Reficar,14593.05,11010.0
2025-11-09,12,PT1H,MC-Reficar,13516.91,11010.0
2025-11-09,13,PT1H,MC-Reficar,13314.77,11010.0
2025-11-09,14,PT1H,MC-Reficar,12426.2,11010.0
2025-11-09,15,PT1H,MC-Reficar,12360.35,11010.0
2025-11-09,16,PT1H,MC-Reficar,10345.48,11010.0
2025-11-09,17,PT1H,MC-Reficar,11213.83,11010.0
2025-11-09,18,PT1H,MC-Reficar,11242.19,11010.0
2025-11-09,19,PT1H,MC-Reficar,9597.63,11000.0
2025-11-09,20,PT1H,MC-Reficar,5886.21,11000.0
2025-11-09,21,PT1H,MC-Reficar,7318.29,11000.0
2025-11-09,22,PT1H,MC-Reficar,7604.61,11010.0
2025-11-09,23,PT1H,MC-Reficar,6732.85,11010.0
2025-11-09,24,PT1H,MC-Reficar,6416.81,11010.0
2026-01-22,1,PT1H,MC-Reficar,0.0,10.0
2026-01-22,2,PT1H,MC-Reficar,0.0,10.0
2026-01-22,3,PT1H,MC-Reficar,0.0,10.0
2026-01-22,4,PT1H,MC-Reficar,0.0,10.0
2026-01-22,5,PT1H,MC-Reficar,0.0,10.0
2026-01-22,6,PT1H,MC-Reficar,0.0,10.0
2026-01-22,7,PT1H,MC-Reficar,0.0,10.0
2026-01-22,8,PT1H,MC-Reficar,0.0,10.0
2026-01-22,9,PT1H,MC-Reficar,0.0,10.0
2026-01-22,10,PT1H,MC-Reficar,0.0,10.0
2026-01-22,11,PT1H,MC-Reficar,0.0,10.0
2026-01-22,12,PT1H,MC-Reficar,0.0,10.0
2026-01-22,13,PT1H,MC-Reficar,0.0,10.0
2026-01-22,14,PT1H,MC-Reficar,0.0,10.0
2026-01-22,15,PT1H,MC-Reficar,0.0,10.0
2026-01-22,16,PT1H,MC-Reficar,0.0,10.0
2026-01-22,17,PT1H,MC-Reficar,0.0,10.0
2026-01-22,18,PT1H,MC-Reficar,0.0,10.0
2026-01-22,19,PT1H,MC-Reficar,0.0,0.0
2026-01-22,20,PT1H,MC-Reficar,0.0,0.0
2026-01-22,21,PT1H,MC-Reficar,0.0,0.0
2026-01-22,22,PT1H,MC-Reficar,0.0,10.0
2026-01-22,23,PT1H,MC-Reficar,0.0,10.0
2026-01-22,24,PT1H,MC-Reficar,0.0,10.0
2025-07-12,1,PT1H,MC-Reficar,11293.27,10010.0
2025-07-12,2,PT1H,MC-Reficar,11865.75,10010.0
2025-07-12,3,PT1H,MC-Reficar,12048.73,10010.0
2025-07-12,4,PT1H,MC-Reficar,9865.75,10010.0
2025-07-12,5,PT1H,MC-Reficar,10447.93,10010.0
2025-07-12,6,PT1H,MC-Reficar,10218.83,10010.0
2025-07-12,7,PT1H,MC-Reficar,10459.14,10010.0
2025-07-12,8,PT1H,MC-Reficar,10764.0,10010.0
2025-07-12,9,PT1H,MC-Reficar,10881.47,10010.0
2025-07-12,10,PT1H,MC-Reficar,10878.39,10010.0
2025-07-12,11,PT1H,MC-Reficar,9669.64,10010.0
2025-07-12,12,PT1H,MC-Reficar,9622.25,10010.0
2025-07-12,13,PT1H,MC-Reficar,10163.44,10010.0
2025-07-12,14,PT1H,MC-Reficar,9575.94,10010.0
2025-07-12,15,PT1H,MC-Reficar,9479.91,10010.0
2025-07-12,16,PT1H,MC-Reficar,9597.42,10010.0
2025-07-12,17,PT1H,MC-Reficar,11712.45,10010.0
2025-07-12,18,PT1H,MC-Reficar,10576.53,10010.0
2025-07-12,19,PT1H,MC-Reficar,9594.73,10000.0
2025-07-12,20,PT1H,MC-Reficar,9977.73,10000.0
2025-07-12,21,PT1H,MC-Reficar,9251.58,10000.0
2025-07-12,22,PT1H,MC-Reficar,9274.75,10010.0
2025-07-12,23,PT1H,MC-Reficar,9509.83,10010.0
2025-07-12,24,PT1H,MC-Reficar,9517.81,10010.0
2025-12-15,1,PT1H,MC-Reficar,5955.55,6210.0
2025-12-15,2,PT1H,MC-Reficar,5868.41,6210.0
2025-12-15,3,PT1H,MC-Reficar,5500.97,6210.0
2025-12-15,4,PT1H,MC-Reficar,5746.65,6210.0
2025-12-15,5,PT1H,MC-Reficar,5542.68,6210.0
2025-12-15,6,PT1H,MC-Reficar,5172.98,6210.0
2025-12-15,7,PT1H,MC-Reficar,4894.08,6210.0
2025-12-15,8,PT1H,MC-Reficar,5802.48,6210.0
2025-12-15,9,PT1H,MC-Reficar,6117.36,6210.0
2025-12-15,10,PT1H,MC-Reficar,6568.51,6210.0
2025-12-15,11,PT1H,MC-Reficar,5845.67,6210.0
2025-12-15,12,PT1H,MC-Reficar,5390.92,6210.0
2025-12-15,13,PT1H,MC-Reficar,6222.2,6210.0
2025-12-15,14,PT1H,MC-Reficar,5794.79,6210.0
2025-12-15,15,PT1H,MC-Reficar,5692.65,6210.0
2025-12-15,16,PT1H,MC-Reficar,5237.81,6210.0
2025-12-15,17,PT1H,MC-Reficar,5208.47,6210.0
2025-12-15,18,PT1H,MC-Reficar,5303.29,6210.0
2025-12-15,19,PT1H,MC-Reficar,5574.12,6200.0
2025-12-15,20,PT1H,MC-Reficar,5463.01,6200.0
2025-12-15,21,PT1H,MC-Reficar,5503.61,6200.0
2025-12-15,22,PT1H,MC-Reficar,5629.94,6210.0
2025-12-15,23,PT1H,MC-Reficar,5657.78,6210.0
2025-12-15,24,PT1H,MC-Reficar,5731.75,6210.0
2025-05-25,1,PT1H,MC-Reficar,14901.31,510.0
2025-05-25,2,PT1H,MC-Reficar,15819.6,510.0
2025-05-25,3,PT1H,MC-Reficar,15303.3,510.0
2025-05-25,4,PT1H,MC-Reficar,15381.33,510.0
2025-05-25,5,PT1H,MC-Reficar,15602.97,510.0
2025-05-25,6,PT1H,MC-Reficar,15153.35,510.0
2025-05-25,7,PT1H,MC-Reficar,14425.93,510.0
2025-05-25,8,PT1H,MC-Reficar,14047.68,510.0
2025-05-25,9,PT1H,MC-Reficar,14340.48,510.0
2025-05-25,10,PT1H,MC-Reficar,14999.64,510.0
2025-05-25,11,PT1H,MC-Reficar,12402.6,510.0
2025-05-25,12,PT1H,MC-Reficar,12199.84,510.0
2025-05-25,13,PT1H,MC-Reficar,13022.99,510.0
2025-05-25,14,PT1H,MC-Reficar,11371.73,510.0
2025-05-25,15,PT1H,MC-Reficar,9662.4,510.0
2025-05-25,16,PT1H,MC-Reficar,10559.91,510.0
2025-05-25,17,PT1H,MC-Reficar,13128.15,510.0
2025-05-25,18,PT1H,MC-Reficar,14202.48,510.0
2025-05-25,19,PT1H,MC-Reficar,13836.06,500.0
2025-05-25,20,PT1H,MC-Reficar,14056.45,500.0
2025-05-25,21,PT1H,MC-Reficar,14158.52,500.0
2025-05-25,22,PT1H,MC-Reficar,14074.29,510.0
2025-05-25,23,PT1H,MC-Reficar,14208.63,510.0
2025-05-25,24,PT1H,MC-Reficar,13841.19,510.0
2025-10-20,1,PT1H,MC-Reficar,13355.34,14020.0
2025-10-20,2,PT1H,MC-Reficar,16939.74,14020.0
2025-10-20,3,PT1H,MC-Reficar,17570.26,14020.0
2025-10-20,4,PT1H,MC-Reficar,14976.64,14020.0
2025-10-20,5,PT1H,MC-Reficar,12624.2,14020.0
2025-10-20,6,PT1H,MC-Reficar,12052.02,14020.0
2025-10-20,7,PT1H,MC-Reficar,11356.8,14020.0
2025-10-20,8,PT1H,MC-Reficar,12691.44,14020.0
2025-10-20,9,PT1H,MC-Reficar,13863.12,14020.0
2025-10-20,10,PT1H,MC-Reficar,13370.68,14020.0
2025-10-20,11,PT1H,MC-Reficar,11843.04,14020.0
2025-10-20,12,PT1H,MC-Reficar,12083.26,14020.0
2025-10-20,13,PT1H,MC-Reficar,12047.08,14020.0
2025-10-20,14,PT1H,MC-Reficar,11359.54,14020.0
2025-10-20,15,PT1H,MC-Reficar,10657.72,14020.0
2025-10-20,16,PT1H,MC-Reficar,10635.2,14020.0
2025-10-20,17,PT1H,MC-Reficar,9673.72,14020.0
2025-10-20,18,PT1H,MC-Reficar,10640.2,14020.0
2025-10-20,19,PT1H,MC-Reficar,8552.92,14000.0
2025-10-20,20,PT1H,MC-Reficar,10088.38,14000.0
2025-10-20,21,PT1H,MC-Reficar,9763.76,14000.0
2025-10-20,22,PT1H,MC-Reficar,10152.76,14020.0
2025-10-20,23,PT1H,MC-Reficar,9342.9,14020.0
2025-10-20,24,PT1H,MC-Reficar,9172.54,14020.0
2025-06-23,1,PT1H,MC-Reficar,9091.22,8010.0
2025-06-23,2,PT1H,MC-Reficar,9685.54,8010.0
2025-06-23,3,PT1H,MC-Reficar,7708.8,8010.0
2025-06-23,4,PT1H,MC-Reficar,6815.36,8010.0
2025-06-23,5,PT1H,MC-Reficar,6923.7,8010.0
2025-06-23,6,PT1H,MC-Reficar,6558.2,8010.0
2025-06-23,7,PT1H,MC-Reficar,6567.94,8010.0
2025-06-23,8,PT1H,MC-Reficar,6972.91,8010.0
2025-06-23,9,PT1H,MC-Reficar,8266.03,8010.0
2025-06-23,10,PT1H,MC-Reficar,10704.5,8010.0
2025-06-23,11,PT1H,MC-Reficar,10090.88,8010.0
2025-06-23,12,PT1H,MC-Reficar,7427.04,8010.0
2025-06-23,13,PT1H,MC-Reficar,6977.2,8010.0
2025-06-23,14,PT1H,MC-Reficar,6748.03,8010.0
2025-06-23,15,PT1H,MC-Reficar,6865.43,8010.0
2025-06-23,16,PT1H,MC-Reficar,7152.65,8010.0
2025-06-23,17,PT1H,MC-Reficar,8020.8,8010.0
2025-06-23,18,PT1H,MC-Reficar,9834.88,8010.0
2025-06-23,19,PT1H,MC-Reficar,9285.63,8000.0
2025-06-23,20,PT1H,MC-Reficar,7380.79,8000.0
2025-06-23,21,PT1H,MC-Reficar,7512.37,8000.0
2025-06-23,22,PT1H,MC-Reficar,8293.39,8010.0
2025-06-23,23,PT1H,MC-Reficar,8880.2,8010.0
2025-06-23,24,PT1H,MC-Reficar,8338.81,8010.0
2025-08-14,1,PT1H,MC-Reficar,7025.34,10010.0
2025-08-14,2,PT1H,MC-Reficar,6218.58,10010.0
2025-08-14,3,PT1H,MC-Reficar,5497.18,10010.0
2025-08-14,4,PT1H,MC-Reficar,5645.69,10010.0
2025-08-14,5,PT1H,MC-Reficar,5602.36,10010.0
2025-08-14,6,PT1H,MC-Reficar,5622.53,10010.0
2025-08-14,7,PT1H,MC-Reficar,5975.62,10010.0
2025-08-14,8,PT1H,MC-Reficar,6643.77,10010.0
2025-08-14,9,PT1H,MC-Reficar,9106.71,10010.0
2025-08-14,10,PT1H,MC-Reficar,10212.73,10010.0
2025-08-14,11,PT1H,MC-Reficar,9493.95,10010.0
2025-08-14,12,PT1H,MC-Reficar,10718.27,10010.0
2025-08-14,13,PT1H,MC-Reficar,9837.49,10010.0
2025-08-14,14,PT1H,MC-Reficar,9215.97,10010.0
2025-08-14,15,PT1H,MC-Reficar,9071.91,10010.0
2025-08-14,16,PT1H,MC-Reficar,8607.2,10010.0
2025-08-14,17,PT1H,MC-Reficar,6438.35,10010.0
2025-08-14,18,PT1H,MC-Reficar,5539.44,10010.0
2025-08-14,19,PT1H,MC-Reficar,5417.48,10000.0
2025-08-14,20,PT1H,MC-Reficar,5215.39,10000.0
2025-08-14,21,PT1H,MC-Reficar,5302.74,10000.0
2025-08-14,22,PT1H,MC-Reficar,4767.15,10010.0
2025-08-14,23,PT1H,MC-Reficar,4656.77,10010.0
2025-08-14,24,PT1H,MC-Reficar,4001.8,10010.0
2025-10-25,1,PT1H,MC-Reficar,7404.48,7010.0
2025-10-25,2,PT1H,MC-Reficar,8540.05,7010.0
2025-10-25,3,PT1H,MC-Reficar,7568.87,7010.0
2025-10-25,4,PT1H,MC-Reficar,6397.36,7010.0
2025-10-25,5,PT1H,MC-Reficar,6185.43,7010.0
2025-10-25,6,PT1H,MC-Reficar,5920.42,7010.0
2025-10-25,7,PT1H,MC-Reficar,5510.23,7010.0
2025-10-25,8,PT1H,MC-Reficar,6496.43,7010.0
2025-10-25,9,PT1H,MC-Reficar,5712.09,7010.0
2025-10-25,10,PT1H,MC-Reficar,6189.88,7010.0
2025-10-25,11,PT1H,MC-Reficar,5429.16,7010.0
2025-10-25,12,PT1H,MC-Reficar,4409.85,7010.0
2025-10-25,13,PT1H,MC-Reficar,4323.75,7010.0
2025-10-25,14,PT1H,MC-Reficar,4580.17,7010.0
2025-10-25,15,PT1H,MC-Reficar,4377.61,7010.0
2025-10-25,16,PT1H,MC-Reficar,4445.78,7010.0
2025-10-25,17,PT1H,MC-Reficar,6119.37,7010.0
2025-10-25,18,PT1H,MC-Reficar,6781.94,7010.0
2025-10-25,19,PT1H,MC-Reficar,6980.32,7000.0
2025-10-25,20,PT1H,MC-Reficar,4596.4,7000.0
2025-10-25,21,PT1H,MC-Reficar,4213.48,7000.0
2025-10-25,22,PT1H,MC-Reficar,4041.95,7010.0
2025-10-25,23,PT1H,MC-Reficar,3998.71,7010.0
2025-10-25,24,PT1H,MC-Reficar,4585.22,7010.0
2025-09-04,1,PT1H,MC-Reficar,6625.22,5000.0
2025-09-04,2,PT1H,MC-Reficar,7082.76,5000.0
2025-09-04,3,PT1H,MC-Reficar,6549.65,5000.0
2025-09-04,4,PT1H,MC-Reficar,6478.84,5000.0
2025-09-04,5,PT1H,MC-Reficar,6148.58,5000.0
2025-09-04,6,PT1H,MC-Reficar,5792.87,5000.0
2025-09-04,7,PT1H,MC-Reficar,5722.9,5000.0
2025-09-04,8,PT1H,MC-Reficar,6473.21,5000.0
2025-09-04,9,PT1H,MC-Reficar,9099.11,5000.0
2025-09-04,10,PT1H,MC-Reficar,13827.47,5000.0
2025-09-04,11,PT1H,MC-Reficar,13859.01,5000.0
2025-09-04,12,PT1H,MC-Reficar,13056.15,5000.0
2025-09-04,13,PT1H,MC-Reficar,13331.99,5000.0
2025-09-04,14,PT1H,MC-Reficar,12603.97,5000.0
2025-09-04,15,PT1H,MC-Reficar,12302.73,5000.0
2025-09-04,16,PT1H,MC-Reficar,12090.85,5000.0
2025-09-04,17,PT1H,MC-Reficar,14123.07,5000.0
2025-09-04,18,PT1H,MC-Reficar,14235.51,5000.0
2025-09-04,19,PT1H,MC-Reficar,12323.95,5000.0
2025-09-04,20,PT1H,MC-Reficar,10772.81,5000.0
2025-09-04,21,PT1H,MC-Reficar,9640.4,5000.0
2025-09-04,22,PT1H,MC-Reficar,6120.46,5000.0
2025-09-04,23,PT1H,MC-Reficar,5436.19,5000.0
2025-09-04,24,PT1H,MC-Reficar,5582.22,5000.0
2025-05-11,1,PT1H,MC-Reficar,0.0,500.0
2025-05-11,2,PT1H,MC-Reficar,0.0,500.0
2025-05-11,3,PT1H,MC-Reficar,0.0,500.0
2025-05-11,4,PT1H,MC-Reficar,0.0,500.0
2025-05-11,5,PT1H,MC-Reficar,0.0,500.0
2025-05-11,6,PT1H,MC-Reficar,0.0,500.0
2025-05-11,7,PT1H,MC-Reficar,0.0,500.0
2025-05-11,8,PT1H,MC-Reficar,0.0,500.0
2025-05-11,9,PT1H,MC-Reficar,0.0,500.0
2025-05-11,10,PT1H,MC-Reficar,0.0,500.0
2025-05-11,11,PT1H,MC-Reficar,0.0,500.0
2025-05-11,12,PT1H,MC-Reficar,0.0,500.0
2025-05-11,13,PT1H,MC-Reficar,0.0,500.0
2025-05-11,14,PT1H,MC-Reficar,0.0,500.0
2025-05-11,15,PT1H,MC-Reficar,0.0,500.0
2025-05-11,16,PT1H,MC-Reficar,0.0,500.0
2025-05-11,17,PT1H,MC-Reficar,0.0,500.0
2025-05-11,18,PT1H,MC-Reficar,0.0,500.0
2025-05-11,19,PT1H,MC-Reficar,0.0,500.0
2025-05-11,20,PT1H,MC-Reficar,0.0,500.0
2025-05-11,21,PT1H,MC-Reficar,0.0,500.0
2025-05-11,22,PT1H,MC-Reficar,0.0,500.0
2025-05-11,23,PT1H,MC-Reficar,0.0,500.0
2025-05-11,24,PT1H,MC-Reficar,0.0,500.0
2025-08-01,1,PT1H,MC-Reficar,10284.61,10010.0
2025-08-01,2,PT1H,MC-Reficar,10532.56,10010.0
2025-08-01,3,PT1H,MC-Reficar,9718.5,10010.0
2025-08-01,4,PT1H,MC-Reficar,9130.82,10010.0
2025-08-01,5,PT1H,MC-Reficar,9515.78,10010.0
2025-08-01,6,PT1H,MC-Reficar,9507.87,10010.0
2025-08-01,7,PT1H,MC-Reficar,9943.19,10010.0
2025-08-01,8,PT1H,MC-Reficar,10758.97,10010.0
2025-08-01,9,PT1H,MC-Reficar,13645.21,10010.0
2025-08-01,10,PT1H,MC-Reficar,11087.45,10010.0
2025-08-01,11,PT1H,MC-Reficar,10652.28,10010.0
2025-08-01,12,PT1H,MC-Reficar,10547.57,10010.0
2025-08-01,13,PT1H,MC-Reficar,10839.87,10010.0
2025-08-01,14,PT1H,MC-Reficar,10161.23,10010.0
2025-08-01,15,PT1H,MC-Reficar,9931.61,10010.0
2025-08-01,16,PT1H,MC-Reficar,10661.53,10010.0
2025-08-01,17,PT1H,MC-Reficar,12187.96,10010.0
2025-08-01,18,PT1H,MC-Reficar,11894.11,10010.0
2025-08-01,19,PT1H,MC-Reficar,9738.08,10000.0
2025-08-01,20,PT1H,MC-Reficar,9326.43,10000.0
2025-08-01,21,PT1H,MC-Reficar,9724.54,10000.0
2025-08-01,22,PT1H,MC-Reficar,9832.22,10010.0
2025-08-01,23,PT1H,MC-Reficar,9471.15,10010.0
2025-08-01,24,PT1H,MC-Reficar,9472.53,10010.0
2025-10-16,1,PT1H,MC-Reficar,11513.48,16020.0
2025-10-16,2,PT1H,MC-Reficar,10309.84,16020.0
2025-10-16,3,PT1H,MC-Reficar,10342.66,16020.0
2025-10-16,4,PT1H,MC-Reficar,9830.08,16020.0
2025-10-16,5,PT1H,MC-Reficar,11431.54,16020.0
2025-10-16,6,PT1H,MC-Reficar,9382.64,16020.0
2025-10-16,7,PT1H,MC-Reficar,8296.3,16020.0
2025-10-16,8,PT1H,MC-Reficar,9793.62,16020.0
2025-10-16,9,PT1H,MC-Reficar,13385.0,16020.0
2025-10-16,10,PT1H,MC-Reficar,15750.3,16020.0
2025-10-16,11,PT1H,MC-Reficar,12976.7,16020.0
2025-10-16,12,PT1H,MC-Reficar,10044.2,16020.0
2025-10-16,13,PT1H,MC-Reficar,10554.98,16020.0
2025-10-16,14,PT1H,MC-Reficar,9908.68,16020.0
2025-10-16,15,PT1H,MC-Reficar,10792.98,16020.0
2025-10-16,16,PT1H,MC-Reficar,10802.86,16020.0
2025-10-16,17,PT1H,MC-Reficar,10729.3,16020.0
2025-10-16,18,PT1H,MC-Reficar,15744.92,16020.0
2025-10-16,19,PT1H,MC-Reficar,15073.4,16000.0
2025-10-16,20,PT1H,MC-Reficar,12617.92,16000.0
2025-10-16,21,PT1H,MC-Reficar,14479.84,16000.0
2025-10-16,22,PT1H,MC-Reficar,15240.06,16020.0
2025-10-16,23,PT1H,MC-Reficar,13836.5,16020.0
2025-10-16,24,PT1H,MC-Reficar,10092.08,16020.0
2025-10-10,1,PT1H,MC-Reficar,12763.12,10020.0
2025-10-10,2,PT1H,MC-Reficar,12948.92,10020.0
2025-10-10,3,PT1H,MC-Reficar,10243.04,10020.0
2025-10-10,4,PT1H,MC-Reficar,10126.42,10020.0
2025-10-10,5,PT1H,MC-Reficar,10011.08,10020.0
2025-10-10,6,PT1H,MC-Reficar,9312.08,10020.0
2025-10-10,7,PT1H,MC-Reficar,9081.08,10020.0
2025-10-10,8,PT1H,MC-Reficar,9844.34,10020.0
2025-10-10,9,PT1H,MC-Reficar,14261.58,10020.0
2025-10-10,10,PT1H,MC-Reficar,13936.96,10020.0
2025-10-10,11,PT1H,MC-Reficar,10920.68,10020.0
2025-10-10,12,PT1H,MC-Reficar,10225.4,10020.0
2025-10-10,13,PT1H,MC-Reficar,9575.98,10020.0
2025-10-10,14,PT1H,MC-Reficar,9635.0,10020.0
2025-10-10,15,PT1H,MC-Reficar,9725.4,10020.0
2025-10-10,16,PT1H,MC-Reficar,9866.66,10020.0
2025-10-10,17,PT1H,MC-Reficar,11123.14,10020.0
2025-10-10,18,PT1H,MC-Reficar,10520.4,10020.0
2025-10-10,19,PT1H,MC-Reficar,12488.32,10000.0
2025-10-10,20,PT1H,MC-Reficar,11392.9,10000.0
2025-10-10,21,PT1H,MC-Reficar,11094.4,10000.0
2025-10-10,22,PT1H,MC-Reficar,10949.88,10020.0
2025-10-10,23,PT1H,MC-Reficar,10358.52,10020.0
2025-10-10,24,PT1H,MC-Reficar,10684.36,10020.0
2025-09-20,1,PT1H,MC-Reficar,8878.97,5010.0
2025-09-20,2,PT1H,MC-Reficar,9007.69,5010.0
2025-09-20,3,PT1H,MC-Reficar,7295.29,5010.0
2025-09-20,4,PT1H,MC-Reficar,6255.94,5010.0
2025-09-20,5,PT1H,MC-Reficar,6572.91,5010.0
2025-09-20,6,PT1H,MC-Reficar,6575.78,5010.0
2025-09-20,7,PT1H,MC-Reficar,6118.48,5010.0
2025-09-20,8,PT1H,MC-Reficar,6289.38,5010.0
2025-09-20,9,PT1H,MC-Reficar,7197.5,5010.0
2025-09-20,10,PT1H,MC-Reficar,6810.26,5010.0
2025-09-20,11,PT1H,MC-Reficar,6902.35,5010.0
2025-09-20,12,PT1H,MC-Reficar,5788.78,5010.0
2025-09-20,13,PT1H,MC-Reficar,4993.39,5010.0
2025-09-20,14,PT1H,MC-Reficar,5104.05,5010.0
2025-09-20,15,PT1H,MC-Reficar,6243.75,5010.0
2025-09-20,16,PT1H,MC-Reficar,6133.0,5010.0
2025-09-20,17,PT1H,MC-Reficar,6586.62,5010.0
2025-09-20,18,PT1H,MC-Reficar,8587.75,5010.0
2025-09-20,19,PT1H,MC-Reficar,8462.59,5000.0
2025-09-20,20,PT1H,MC-Reficar,6426.62,5000.0
2025-09-20,21,PT1H,MC-Reficar,6296.39,5000.0
2025-09-20,22,PT1H,MC-Reficar,6632.34,5010.0
2025-09-20,23,PT1H,MC-Reficar,6603.18,5010.0
2025-09-20,24,PT1H,MC-Reficar,6331.56,5010.0
2026-02-14,1,PT1H,MC-Reficar,0.0,10.0
2026-02-14,2,PT1H,MC-Reficar,0.0,10.0
2026-02-14,3,PT1H,MC-Reficar,0.0,10.0
2026-02-14,4,PT1H,MC-Reficar,0.0,10.0
2026-02-14,5,PT1H,MC-Reficar,0.0,10.0
2026-02-14,6,PT1H,MC-Reficar,0.0,10.0
2026-02-14,7,PT1H,MC-Reficar,0.0,10.0
2026-02-14,8,PT1H,MC-Reficar,0.0,10.0
2026-02-14,9,PT1H,MC-Reficar,0.0,10.0
2026-02-14,10,PT1H,MC-Reficar,0.0,10.0
2026-02-14,11,PT1H,MC-Reficar,0.0,10.0
2026-02-14,12,PT1H,MC-Reficar,0.0,10.0
2026-02-14,13,PT1H,MC-Reficar,0.0,10.0
2026-02-14,14,PT1H,MC-Reficar,0.0,10.0
2026-02-14,15,PT1H,MC-Reficar,0.0,10.0
2026-02-14,16,PT1H,MC-Reficar,0.0,10.0
2026-02-14,17,PT1H,MC-Reficar,0.0,10.0
2026-02-14,18,PT1H,MC-Reficar,0.0,10.0
2026-02-14,19,PT1H,MC-Reficar,0.0,0.0
2026-02-14,20,PT1H,MC-Reficar,0.0,0.0
2026-02-14,21,PT1H,MC-Reficar,0.0,0.0
2026-02-14,22,PT1H,MC-Reficar,0.0,10.0
2026-02-14,23,PT1H,MC-Reficar,0.0,10.0
2026-02-14,24,PT1H,MC-Reficar,0.0,10.0
2025-05-22,1,PT1H,MC-Reficar,147.18,510.0
2025-05-22,2,PT1H,MC-Reficar,146.82,510.0
2025-05-22,3,PT1H,MC-Reficar,145.99,510.0
2025-05-22,4,PT1H,MC-Reficar,149.0,510.0
2025-05-22,5,PT1H,MC-Reficar,151.07,510.0
2025-05-22,6,PT1H,MC-Reficar,152.95,510.0
2025-05-22,7,PT1H,MC-Reficar,151.27,510.0
2025-05-22,8,PT1H,MC-Reficar,150.22,510.0
2025-05-22,9,PT1H,MC-Reficar,152.99,510.0
2025-05-22,10,PT1H,MC-Reficar,151.41,510.0
2025-05-22,11,PT1H,MC-Reficar,146.83,510.0
2025-05-22,12,PT1H,MC-Reficar,150.42,510.0
2025-05-22,13,PT1H,MC-Reficar,149.36,510.0
2025-05-22,14,PT1H,MC-Reficar,147.93,510.0
2025-05-22,15,PT1H,MC-Reficar,148.43,510.0
2025-05-22,16,PT1H,MC-Reficar,122.27,510.0
2025-05-22,17,PT1H,MC-Reficar,147.03,510.0
2025-05-22,18,PT1H,MC-Reficar,158.1,510.0
2025-05-22,19,PT1H,MC-Reficar,162.74,500.0
2025-05-22,20,PT1H,MC-Reficar,1880.82,500.0
2025-05-22,21,PT1H,MC-Reficar,8115.2,500.0
2025-05-22,22,PT1H,MC-Reficar,8419.66,510.0
2025-05-22,23,PT1H,MC-Reficar,8923.51,510.0
2025-05-22,24,PT1H,MC-Reficar,8864.9,510.0
2025-12-09,1,PT1H,MC-Reficar,5608.66,6810.0
2025-12-09,2,PT1H,MC-Reficar,5923.03,6810.0
2025-12-09,3,PT1H,MC-Reficar,5895.14,6810.0
2025-12-09,4,PT1H,MC-Reficar,5837.39,6810.0
2025-12-09,5,PT1H,MC-Reficar,5925.76,6810.0
2025-12-09,6,PT1H,MC-Reficar,6013.46,6810.0
2025-12-09,7,PT1H,MC-Reficar,5640.06,6810.0
2025-12-09,8,PT1H,MC-Reficar,5686.93,6810.0
2025-12-09,9,PT1H,MC-Reficar,5789.13,6810.0
2025-12-09,10,PT1H,MC-Reficar,6173.64,6810.0
2025-12-09,11,PT1H,MC-Reficar,6489.34,6810.0
2025-12-09,12,PT1H,MC-Reficar,6618.13,6810.0
2025-12-09,13,PT1H,MC-Reficar,7163.37,6810.0
2025-12-09,14,PT1H,MC-Reficar,6915.05,6810.0
2025-12-09,15,PT1H,MC-Reficar,6669.43,6810.0
2025-12-09,16,PT1H,MC-Reficar,5360.5,6810.0
2025-12-09,17,PT1H,MC-Reficar,5892.24,6810.0
2025-12-09,18,PT1H,MC-Reficar,6374.17,6810.0
2025-12-09,19,PT1H,MC-Reficar,6698.48,6800.0
2025-12-09,20,PT1H,MC-Reficar,6579.42,6800.0
2025-12-09,21,PT1H,MC-Reficar,6329.91,6800.0
2025-12-09,22,PT1H,MC-Reficar,6045.56,6810.0
2025-12-09,23,PT1H,MC-Reficar,5615.84,6810.0
2025-12-09,24,PT1H,MC-Reficar,5644.41,6810.0
2026-01-10,1,PT1H,MC-Reficar,0.0,10.0
2026-01-10,2,PT1H,MC-Reficar,0.0,10.0
2026-01-10,3,PT1H,MC-Reficar,0.0,10.0
2026-01-10,4,PT1H,MC-Reficar,0.0,10.0
2026-01-10,5,PT1H,MC-Reficar,0.0,10.0
2026-01-10,6,PT1H,MC-Reficar,0.0,10.0
2026-01-10,7,PT1H,MC-Reficar,0.0,10.0
2026-01-10,8,PT1H,MC-Reficar,0.0,10.0
2026-01-10,9,PT1H,MC-Reficar,0.0,10.0
2026-01-10,10,PT1H,MC-Reficar,0.0,10.0
2026-01-10,11,PT1H,MC-Reficar,0.0,10.0
2026-01-10,12,PT1H,MC-Reficar,0.0,10.0
2026-01-10,13,PT1H,MC-Reficar,0.0,10.0
2026-01-10,14,PT1H,MC-Reficar,0.0,10.0
2026-01-10,15,PT1H,MC-Reficar,0.0,10.0
2026-01-10,16,PT1H,MC-Reficar,0.0,10.0
2026-01-10,17,PT1H,MC-Reficar,0.0,10.0
2026-01-10,18,PT1H,MC-Reficar,0.0,10.0
2026-01-10,19,PT1H,MC-Reficar,0.0,0.0
2026-01-10,20,PT1H,MC-Reficar,0.0,0.0
2026-01-10,21,PT1H,MC-Reficar,0.0,0.0
2026-01-10,22,PT1H,MC-Reficar,0.0,10.0
2026-01-10,23,PT1H,MC-Reficar,0.0,10.0
2026-01-10,24,PT1H,MC-Reficar,0.0,10.0
2025-08-28,1,PT1H,MC-Reficar,5571.51,4010.0
2025-08-28,2,PT1H,MC-Reficar,6315.64,4010.0
2025-08-28,3,PT1H,MC-Reficar,6698.11,4010.0
2025-08-28,4,PT1H,MC-Reficar,5552.31,4010.0
2025-08-28,5,PT1H,MC-Reficar,5771.96,4010.0
2025-08-28,6,PT1H,MC-Reficar,5576.82,4010.0
2025-08-28,7,PT1H,MC-Reficar,5253.99,4010.0
2025-08-28,8,PT1H,MC-Reficar,5336.39,4010.0
2025-08-28,9,PT1H,MC-Reficar,5942.1,4010.0
2025-08-28,10,PT1H,MC-Reficar,5558.5,4010.0
2025-08-28,11,PT1H,MC-Reficar,5349.14,4010.0
2025-08-28,12,PT1H,MC-Reficar,4520.72,4010.0
2025-08-28,13,PT1H,MC-Reficar,5179.58,4010.0
2025-08-28,14,PT1H,MC-Reficar,4658.88,4010.0
2025-08-28,15,PT1H,MC-Reficar,4546.69,4010.0
2025-08-28,16,PT1H,MC-Reficar,4503.18,4010.0
2025-08-28,17,PT1H,MC-Reficar,5980.63,4010.0
2025-08-28,18,PT1H,MC-Reficar,6278.91,4010.0
2025-08-28,19,PT1H,MC-Reficar,5267.29,4000.0
2025-08-28,20,PT1H,MC-Reficar,5072.8,4000.0
2025-08-28,21,PT1H,MC-Reficar,5979.08,4000.0
2025-08-28,22,PT1H,MC-Reficar,5884.02,4010.0
2025-08-28,23,PT1H,MC-Reficar,6034.5,4010.0
2025-08-28,24,PT1H,MC-Reficar,6188.09,4010.0
2025-05-16,1,PT1H,MC-Reficar,0.0,510.0
2025-05-16,2,PT1H,MC-Reficar,0.0,510.0
2025-05-16,3,PT1H,MC-Reficar,0.0,510.0
2025-05-16,4,PT1H,MC-Reficar,0.0,510.0
2025-05-16,5,PT1H,MC-Reficar,0.0,510.0
2025-05-16,6,PT1H,MC-Reficar,0.0,510.0
2025-05-16,7,PT1H,MC-Reficar,0.0,510.0
2025-05-16,8,PT1H,MC-Reficar,0.0,510.0
2025-05-16,9,PT1H,MC-Reficar,0.0,510.0
2025-05-16,10,PT1H,MC-Reficar,0.0,510.0
2025-05-16,11,PT1H,MC-Reficar,0.0,510.0
2025-05-16,12,PT1H,MC-Reficar,0.0,510.0
2025-05-16,13,PT1H,MC-Reficar,0.0,510.0
2025-05-16,14,PT1H,MC-Reficar,0.0,510.0
2025-05-16,15,PT1H,MC-Reficar,0.0,510.0
2025-05-16,16,PT1H,MC-Reficar,0.0,510.0
2025-05-16,17,PT1H,MC-Reficar,0.0,510.0
2025-05-16,18,PT1H,MC-Reficar,0.0,510.0
2025-05-16,19,PT1H,MC-Reficar,0.0,500.0
2025-05-16,20,PT1H,MC-Reficar,0.0,500.0
2025-05-16,21,PT1H,MC-Reficar,0.0,500.0
2025-05-16,22,PT1H,MC-Reficar,0.0,510.0
2025-05-16,23,PT1H,MC-Reficar,0.0,510.0
2025-05-16,24,PT1H,MC-Reficar,0.0,510.0
2025-07-10,1,PT1H,MC-Reficar,7662.05,10010.0
2025-07-10,2,PT1H,MC-Reficar,9917.1,10010.0
2025-07-10,3,PT1H,MC-Reficar,9822.89,10010.0
2025-07-10,4,PT1H,MC-Reficar,8284.22,10010.0
2025-07-10,5,PT1H,MC-Reficar,7673.99,10010.0
2025-07-10,6,PT1H,MC-Reficar,7512.9,10010.0
2025-07-10,7,PT1H,MC-Reficar,6832.57,10010.0
2025-07-10,8,PT1H,MC-Reficar,9266.0,10010.0
2025-07-10,9,PT1H,MC-Reficar,10681.55,10010.0
2025-07-10,10,PT1H,MC-Reficar,10814.83,10010.0
2025-07-10,11,PT1H,MC-Reficar,10951.25,10010.0
2025-07-10,12,PT1H,MC-Reficar,10168.65,10010.0
2025-07-10,13,PT1H,MC-Reficar,10193.72,10010.0
2025-07-10,14,PT1H,MC-Reficar,10702.54,10010.0
2025-07-10,15,PT1H,MC-Reficar,10829.42,10010.0
2025-07-10,16,PT1H,MC-Reficar,9694.39,10010.0
2025-07-10,17,PT1H,MC-Reficar,9912.15,10010.0
2025-07-10,18,PT1H,MC-Reficar,10072.06,10010.0
2025-07-10,19,PT1H,MC-Reficar,10419.88,10000.0
2025-07-10,20,PT1H,MC-Reficar,10398.61,10000.0
2025-07-10,21,PT1H,MC-Reficar,10120.61,10000.0
2025-07-10,22,PT1H,MC-Reficar,10235.44,10010.0
2025-07-10,23,PT1H,MC-Reficar,10250.68,10010.0
2025-07-10,24,PT1H,MC-Reficar,10219.93,10010.0
2025-11-11,1,PT1H,MC-Reficar,5709.71,6010.0
2025-11-11,2,PT1H,MC-Reficar,4896.92,6010.0
2025-11-11,3,PT1H,MC-Reficar,4663.11,6010.0
2025-11-11,4,PT1H,MC-Reficar,4807.12,6010.0
2025-11-11,5,PT1H,MC-Reficar,5126.35,6010.0
2025-11-11,6,PT1H,MC-Reficar,5334.27,6010.0
2025-11-11,7,PT1H,MC-Reficar,4659.55,6010.0
2025-11-11,8,PT1H,MC-Reficar,4940.53,6010.0
2025-11-11,9,PT1H,MC-Reficar,5957.08,6010.0
2025-11-11,10,PT1H,MC-Reficar,7835.92,6010.0
2025-11-11,11,PT1H,MC-Reficar,5992.36,6010.0
2025-11-11,12,PT1H,MC-Reficar,5972.79,6010.0
2025-11-11,13,PT1H,MC-Reficar,5480.21,6010.0
2025-11-11,14,PT1H,MC-Reficar,5365.1,6010.0
2025-11-11,15,PT1H,MC-Reficar,5240.58,6010.0
2025-11-11,16,PT1H,MC-Reficar,5517.58,6010.0
2025-11-11,17,PT1H,MC-Reficar,6457.09,6010.0
2025-11-11,18,PT1H,MC-Reficar,6021.2,6010.0
2025-11-11,19,PT1H,MC-Reficar,6195.58,6000.0
2025-11-11,20,PT1H,MC-Reficar,4397.05,6000.0
2025-11-11,21,PT1H,MC-Reficar,5122.18,6000.0
2025-11-11,22,PT1H,MC-Reficar,5672.25,6010.0
2025-11-11,23,PT1H,MC-Reficar,5697.16,6010.0
2025-11-11,24,PT1H,MC-Reficar,4954.82,6010.0
2025-12-05,1,PT1H,MC-Reficar,7387.88,5810.0
2025-12-05,2,PT1H,MC-Reficar,8490.69,5810.0
2025-12-05,3,PT1H,MC-Reficar,7142.19,5810.0
2025-12-05,4,PT1H,MC-Reficar,6322.2,5810.0
2025-12-05,5,PT1H,MC-Reficar,6148.21,6010.0
2025-12-05,6,PT1H,MC-Reficar,6068.12,6010.0
2025-12-05,7,PT1H,MC-Reficar,5920.47,6010.0
2025-12-05,8,PT1H,MC-Reficar,6595.71,6010.0
2025-12-05,9,PT1H,MC-Reficar,6898.86,5810.0
2025-12-05,10,PT1H,MC-Reficar,8630.49,5810.0
2025-12-05,11,PT1H,MC-Reficar,8106.63,5810.0
2025-12-05,12,PT1H,MC-Reficar,6822.88,5810.0
2025-12-05,13,PT1H,MC-Reficar,5838.38,6010.0
2025-12-05,14,PT1H,MC-Reficar,5786.26,6010.0
2025-12-05,15,PT1H,MC-Reficar,5633.27,6010.0
2025-12-05,16,PT1H,MC-Reficar,5654.16,6010.0
2025-12-05,17,PT1H,MC-Reficar,5572.09,5810.0
2025-12-05,18,PT1H,MC-Reficar,5615.52,5810.0
2025-12-05,19,PT1H,MC-Reficar,5248.12,5800.0
2025-12-05,20,PT1H,MC-Reficar,6062.35,5800.0
2025-12-05,21,PT1H,MC-Reficar,6335.98,6000.0
2025-12-05,22,PT1H,MC-Reficar,6445.63,6010.0
2025-12-05,23,PT1H,MC-Reficar,6247.28,6010.0
2025-12-05,24,PT1H,MC-Reficar,5827.09,6010.0
2025-08-10,1,PT1H,MC-Reficar,7097.03,4010.0
2025-08-10,2,PT1H,MC-Reficar,7288.17,4010.0
2025-08-10,3,PT1H,MC-Reficar,6812.69,4010.0
2025-08-10,4,PT1H,MC-Reficar,6190.37,4010.0
2025-08-10,5,PT1H,MC-Reficar,6067.65,4010.0
2025-08-10,6,PT1H,MC-Reficar,5721.83,4010.0
2025-08-10,7,PT1H,MC-Reficar,5258.09,4010.0
2025-08-10,8,PT1H,MC-Reficar,5111.09,4010.0
2025-08-10,9,PT1H,MC-Reficar,5071.38,4010.0
2025-08-10,10,PT1H,MC-Reficar,5887.92,4010.0
2025-08-10,11,PT1H,MC-Reficar,5762.63,4010.0
2025-08-10,12,PT1H,MC-Reficar,4091.42,4010.0
2025-08-10,13,PT1H,MC-Reficar,4185.4,4010.0
2025-08-10,14,PT1H,MC-Reficar,3726.33,4010.0
2025-08-10,15,PT1H,MC-Reficar,3584.57,4010.0
2025-08-10,16,PT1H,MC-Reficar,4587.18,4010.0
2025-08-10,17,PT1H,MC-Reficar,6564.63,4010.0
2025-08-10,18,PT1H,MC-Reficar,6804.51,4010.0
2025-08-10,19,PT1H,MC-Reficar,5496.63,4000.0
2025-08-10,20,PT1H,MC-Reficar,4741.19,4000.0
2025-08-10,21,PT1H,MC-Reficar,4782.21,4000.0
2025-08-10,22,PT1H,MC-Reficar,4559.38,4010.0
2025-08-10,23,PT1H,MC-Reficar,6114.11,4010.0
2025-08-10,24,PT1H,MC-Reficar,6986.64,4010.0
2026-01-31,1,PT1H,MC-Reficar,0.0,10.0
2026-01-31,2,PT1H,MC-Reficar,0.0,10.0
2026-01-31,3,PT1H,MC-Reficar,0.0,10.0
2026-01-31,4,PT1H,MC-Reficar,0.0,10.0
2026-01-31,5,PT1H,MC-Reficar,0.0,10.0
2026-01-31,6,PT1H,MC-Reficar,0.0,10.0
2026-01-31,7,PT1H,MC-Reficar,0.0,10.0
2026-01-31,8,PT1H,MC-Reficar,0.0,10.0
2026-01-31,9,PT1H,MC-Reficar,0.0,10.0
2026-01-31,10,PT1H,MC-Reficar,0.0,10.0
2026-01-31,11,PT1H,MC-Reficar,0.0,10.0
2026-01-31,12,PT1H,MC-Reficar,0.0,10.0
2026-01-31,13,PT1H,MC-Reficar,0.0,10.0
2026-01-31,14,PT1H,MC-Reficar,0.0,10.0
2026-01-31,15,PT1H,MC-Reficar,0.0,10.0
2026-01-31,16,PT1H,MC-Reficar,0.0,10.0
2026-01-31,17,PT1H,MC-Reficar,0.0,10.0
2026-01-31,18,PT1H,MC-Reficar,0.0,10.0
2026-01-31,19,PT1H,MC-Reficar,0.0,0.0
2026-01-31,20,PT1H,MC-Reficar,0.0,0.0
2026-01-31,21,PT1H,MC-Reficar,0.0,0.0
2026-01-31,22,PT1H,MC-Reficar,0.0,10.0
2026-01-31,23,PT1H,MC-Reficar,0.0,10.0
2026-01-31,24,PT1H,MC-Reficar,0.0,10.0
2025-08-26,1,PT1H,MC-Reficar,5356.99,4010.0
2025-08-26,2,PT1H,MC-Reficar,5789.15,4010.0
2025-08-26,3,PT1H,MC-Reficar,5078.92,4010.0
2025-08-26,4,PT1H,MC-Reficar,4199.57,4010.0
2025-08-26,5,PT1H,MC-Reficar,4111.42,4010.0
2025-08-26,6,PT1H,MC-Reficar,4072.61,4010.0
2025-08-26,7,PT1H,MC-Reficar,3922.03,4010.0
2025-08-26,8,PT1H,MC-Reficar,5120.55,4010.0
2025-08-26,9,PT1H,MC-Reficar,6003.46,4010.0
2025-08-26,10,PT1H,MC-Reficar,6691.66,4010.0
2025-08-26,11,PT1H,MC-Reficar,6262.13,4010.0
2025-08-26,12,PT1H,MC-Reficar,5372.93,4010.0
2025-08-26,13,PT1H,MC-Reficar,5092.42,4010.0
2025-08-26,14,PT1H,MC-Reficar,5674.12,4010.0
2025-08-26,15,PT1H,MC-Reficar,6028.09,4010.0
2025-08-26,16,PT1H,MC-Reficar,6163.31,4010.0
2025-08-26,17,PT1H,MC-Reficar,6782.87,4010.0
2025-08-26,18,PT1H,MC-Reficar,9149.87,4010.0
2025-08-26,19,PT1H,MC-Reficar,6380.02,4000.0
2025-08-26,20,PT1H,MC-Reficar,6321.74,4000.0
2025-08-26,21,PT1H,MC-Reficar,6074.3,4000.0
2025-08-26,22,PT1H,MC-Reficar,5259.33,4010.0
2025-08-26,23,PT1H,MC-Reficar,5184.33,4010.0
2025-08-26,24,PT1H,MC-Reficar,4968.49,4010.0
2025-09-24,1,PT1H,MC-Reficar,6058.48,10010.0
2025-09-24,2,PT1H,MC-Reficar,6145.64,10010.0
2025-09-24,3,PT1H,MC-Reficar,5930.3,10010.0
2025-09-24,4,PT1H,MC-Reficar,4971.83,10010.0
2025-09-24,5,PT1H,MC-Reficar,4681.52,10010.0
2025-09-24,6,PT1H,MC-Reficar,4334.05,10010.0
2025-09-24,7,PT1H,MC-Reficar,4669.29,10010.0
2025-09-24,8,PT1H,MC-Reficar,6691.16,10010.0
2025-09-24,9,PT1H,MC-Reficar,7555.88,10010.0
2025-09-24,10,PT1H,MC-Reficar,7889.56,10010.0
2025-09-24,11,PT1H,MC-Reficar,6223.08,10010.0
2025-09-24,12,PT1H,MC-Reficar,5392.71,10010.0
2025-09-24,13,PT1H,MC-Reficar,5375.21,10010.0
2025-09-24,14,PT1H,MC-Reficar,5071.75,10010.0
2025-09-24,15,PT1H,MC-Reficar,4997.15,10010.0
2025-09-24,16,PT1H,MC-Reficar,5164.65,10010.0
2025-09-24,17,PT1H,MC-Reficar,5537.89,10010.0
2025-09-24,18,PT1H,MC-Reficar,7716.95,10010.0
2025-09-24,19,PT1H,MC-Reficar,7634.96,10000.0
2025-09-24,20,PT1H,MC-Reficar,5512.05,10000.0
2025-09-24,21,PT1H,MC-Reficar,5827.36,10000.0
2025-09-24,22,PT1H,MC-Reficar,6395.65,10010.0
2025-09-24,23,PT1H,MC-Reficar,6363.89,10010.0
2025-09-24,24,PT1H,MC-Reficar,6374.76,10010.0
2025-11-07,1,PT1H,MC-Reficar,11619.25,11010.0
2025-11-07,2,PT1H,MC-Reficar,12532.08,11010.0
2025-11-07,3,PT1H,MC-Reficar,10889.49,11010.0
2025-11-07,4,PT1H,MC-Reficar,9638.56,11010.0
2025-11-07,5,PT1H,MC-Reficar,9613.99,11010.0
2025-11-07,6,PT1H,MC-Reficar,9222.38,11010.0
2025-11-07,7,PT1H,MC-Reficar,8536.15,11010.0
2025-11-07,8,PT1H,MC-Reficar,8457.14,11010.0
2025-11-07,9,PT1H,MC-Reficar,9627.2,11010.0
2025-11-07,10,PT1H,MC-Reficar,11931.52,11010.0
2025-11-07,11,PT1H,MC-Reficar,11957.93,11010.0
2025-11-07,12,PT1H,MC-Reficar,9333.77,11010.0
2025-11-07,13,PT1H,MC-Reficar,9989.41,11010.0
2025-11-07,14,PT1H,MC-Reficar,9885.35,11010.0
2025-11-07,15,PT1H,MC-Reficar,9740.61,11010.0
2025-11-07,16,PT1H,MC-Reficar,9450.5,11010.0
2025-11-07,17,PT1H,MC-Reficar,10298.15,11010.0
2025-11-07,18,PT1H,MC-Reficar,12430.91,11010.0
2025-11-07,19,PT1H,MC-Reficar,12094.87,11000.0
2025-11-07,20,PT1H,MC-Reficar,10883.54,11000.0
2025-11-07,21,PT1H,MC-Reficar,10516.55,11000.0
2025-11-07,22,PT1H,MC-Reficar,10498.33,11010.0
2025-11-07,23,PT1H,MC-Reficar,10143.88,11010.0
2025-11-07,24,PT1H,MC-Reficar,10283.9,11010.0
2025-08-05,1,PT1H,MC-Reficar,11408.85,10010.0
2025-08-05,2,PT1H,MC-Reficar,11355.03,10010.0
2025-08-05,3,PT1H,MC-Reficar,11119.55,10010.0
2025-08-05,4,PT1H,MC-Reficar,8979.57,10010.0
2025-08-05,5,PT1H,MC-Reficar,9074.51,10010.0
2025-08-05,6,PT1H,MC-Reficar,8853.88,10010.0
2025-08-05,7,PT1H,MC-Reficar,8729.5,10010.0
2025-08-05,8,PT1H,MC-Reficar,10134.99,10010.0
2025-08-05,9,PT1H,MC-Reficar,11027.03,10010.0
2025-08-05,10,PT1H,MC-Reficar,10563.8,10010.0
2025-08-05,11,PT1H,MC-Reficar,9533.56,10010.0
2025-08-05,12,PT1H,MC-Reficar,10207.99,10010.0
2025-08-05,13,PT1H,MC-Reficar,9647.62,10010.0
2025-08-05,14,PT1H,MC-Reficar,9350.14,10010.0
2025-08-05,15,PT1H,MC-Reficar,10146.7,10010.0
2025-08-05,16,PT1H,MC-Reficar,10494.56,10010.0
2025-08-05,17,PT1H,MC-Reficar,11121.65,10010.0
2025-08-05,18,PT1H,MC-Reficar,9936.39,10010.0
2025-08-05,19,PT1H,MC-Reficar,10731.23,10000.0
2025-08-05,20,PT1H,MC-Reficar,10671.2,10000.0
2025-08-05,21,PT1H,MC-Reficar,9536.19,10000.0
2025-08-05,22,PT1H,MC-Reficar,9967.18,10010.0
2025-08-05,23,PT1H,MC-Reficar,10268.85,10010.0
2025-08-05,24,PT1H,MC-Reficar,10258.34,10010.0
2025-07-05,1,PT1H,MC-Reficar,10813.44,10010.0
2025-07-05,2,PT1H,MC-Reficar,11226.93,10010.0
2025-07-05,3,PT1H,MC-Reficar,11181.43,10010.0
2025-07-05,4,PT1H,MC-Reficar,10750.64,10010.0
2025-07-05,5,PT1H,MC-Reficar,10450.32,10010.0
2025-07-05,6,PT1H,MC-Reficar,10162.52,10010.0
2025-07-05,7,PT1H,MC-Reficar,9738.95,10010.0
2025-07-05,8,PT1H,MC-Reficar,9441.51,10010.0
2025-07-05,9,PT1H,MC-Reficar,11169.92,10010.0
2025-07-05,10,PT1H,MC-Reficar,9849.51,10010.0
2025-07-05,11,PT1H,MC-Reficar,6803.01,10010.0
2025-07-05,12,PT1H,MC-Reficar,6668.37,10010.0
2025-07-05,13,PT1H,MC-Reficar,9363.54,10010.0
2025-07-05,14,PT1H,MC-Reficar,9529.49,10010.0
2025-07-05,15,PT1H,MC-Reficar,9870.47,10010.0
2025-07-05,16,PT1H,MC-Reficar,9072.89,10010.0
2025-07-05,17,PT1H,MC-Reficar,10522.38,10010.0
2025-07-05,18,PT1H,MC-Reficar,10442.69,10010.0
2025-07-05,19,PT1H,MC-Reficar,10427.59,10000.0
2025-07-05,20,PT1H,MC-Reficar,9599.95,10000.0
2025-07-05,21,PT1H,MC-Reficar,9787.76,10000.0
2025-07-05,22,PT1H,MC-Reficar,10032.25,10010.0
2025-07-05,23,PT1H,MC-Reficar,9913.41,10010.0
2025-07-05,24,PT1H,MC-Reficar,9931.39,10010.0
2026-01-01,1,PT1H,MC-Reficar,0.0,10.0
2026-01-01,2,PT1H,MC-Reficar,0.0,10.0
2026-01-01,3,PT1H,MC-Reficar,0.0,10.0
2026-01-01,4,PT1H,MC-Reficar,0.0,10.0
2026-01-01,5,PT1H,MC-Reficar,0.0,10.0
2026-01-01,6,PT1H,MC-Reficar,0.0,10.0
2026-01-01,7,PT1H,MC-Reficar,0.0,10.0
2026-01-01,8,PT1H,MC-Reficar,0.0,10.0
2026-01-01,9,PT1H,MC-Reficar,0.0,10.0
2026-01-01,10,PT1H,MC-Reficar,0.0,10.0
2026-01-01,11,PT1H,MC-Reficar,0.0,10.0
2026-01-01,12,PT1H,MC-Reficar,0.0,10.0
2026-01-01,13,PT1H,MC-Reficar,0.0,10.0
2026-01-01,14,PT1H,MC-Reficar,0.0,10.0
2026-01-01,15,PT1H,MC-Reficar,0.0,10.0
2026-01-01,16,PT1H,MC-Reficar,0.0,10.0
2026-01-01,17,PT1H,MC-Reficar,0.0,10.0
2026-01-01,18,PT1H,MC-Reficar,0.0,10.0
2026-01-01,19,PT1H,MC-Reficar,0.0,10.0
2026-01-01,20,PT1H,MC-Reficar,0.0,10.0
2026-01-01,21,PT1H,MC-Reficar,0.0,10.0
2026-01-01,22,PT1H,MC-Reficar,0.0,10.0
2026-01-01,23,PT1H,MC-Reficar,0.0,10.0
2026-01-01,24,PT1H,MC-Reficar,0.0,10.0
2026-02-11,1,PT1H,MC-Reficar,0.0,10.0
2026-02-11,2,PT1H,MC-Reficar,0.0,10.0
2026-02-11,3,PT1H,MC-Reficar,0.0,10.0
2026-02-11,4,PT1H,MC-Reficar,0.0,10.0
2026-02-11,5,PT1H,MC-Reficar,0.0,10.0
2026-02-11,6,PT1H,MC-Reficar,0.0,10.0
2026-02-11,7,PT1H,MC-Reficar,0.0,10.0
2026-02-11,8,PT1H,MC-Reficar,0.0,10.0
2026-02-11,9,PT1H,MC-Reficar,0.13,10.0
2026-02-11,10,PT1H,MC-Reficar,0.04,10.0
2026-02-11,11,PT1H,MC-Reficar,0.43,10.0
2026-02-11,12,PT1H,MC-Reficar,0.0,10.0
2026-02-11,13,PT1H,MC-Reficar,0.0,10.0
2026-02-11,14,PT1H,MC-Reficar,0.0,10.0
2026-02-11,15,PT1H,MC-Reficar,0.0,10.0
2026-02-11,16,PT1H,MC-Reficar,0.0,10.0
2026-02-11,17,PT1H,MC-Reficar,0.0,10.0
2026-02-11,18,PT1H,MC-Reficar,0.0,10.0
2026-02-11,19,PT1H,MC-Reficar,0.0,0.0
2026-02-11,20,PT1H,MC-Reficar,0.0,0.0
2026-02-11,21,PT1H,MC-Reficar,0.0,0.0
2026-02-11,22,PT1H,MC-Reficar,0.0,10.0
2026-02-11,23,PT1H,MC-Reficar,0.0,10.0
2026-02-11,24,PT1H,MC-Reficar,0.0,10.0
2026-02-05,1,PT1H,MC-Reficar,0.0,0.0
2026-02-05,2,PT1H,MC-Reficar,0.0,0.0
2026-02-05,3,PT1H,MC-Reficar,0.0,0.0
2026-02-05,4,PT1H,MC-Reficar,0.0,0.0
2026-02-05,5,PT1H,MC-Reficar,0.0,0.0
2026-02-05,6,PT1H,MC-Reficar,0.0,0.0
2026-02-05,7,PT1H,MC-Reficar,0.0,0.0
2026-02-05,8,PT1H,MC-Reficar,0.0,0.0
2026-02-05,9,PT1H,MC-Reficar,0.0,0.0
2026-02-05,10,PT1H,MC-Reficar,0.0,0.0
2026-02-05,11,PT1H,MC-Reficar,0.3,0.0
2026-02-05,12,PT1H,MC-Reficar,0.0,0.0
2026-02-05,13,PT1H,MC-Reficar,0.0,0.0
2026-02-05,14,PT1H,MC-Reficar,0.0,0.0
2026-02-05,15,PT1H,MC-Reficar,0.0,0.0
2026-02-05,16,PT1H,MC-Reficar,0.0,0.0
2026-02-05,17,PT1H,MC-Reficar,0.0,0.0
2026-02-05,18,PT1H,MC-Reficar,0.0,0.0
2026-02-05,19,PT1H,MC-Reficar,0.0,0.0
2026-02-05,20,PT1H,MC-Reficar,0.03,0.0
2026-02-05,21,PT1H,MC-Reficar,0.0,0.0
2026-02-05,22,PT1H,MC-Reficar,0.0,0.0
2026-02-05,23,PT1H,MC-Reficar,0.0,0.0
2026-02-05,24,PT1H,MC-Reficar,0.0,0.0
2025-07-29,1,PT1H,MC-Reficar,11241.24,10010.0
2025-07-29,2,PT1H,MC-Reficar,13098.49,10010.0
2025-07-29,3,PT1H,MC-Reficar,13231.14,10010.0
2025-07-29,4,PT1H,MC-Reficar,11096.83,10010.0
2025-07-29,5,PT1H,MC-Reficar,11485.55,10010.0
2025-07-29,6,PT1H,MC-Reficar,10988.35,10010.0
2025-07-29,7,PT1H,MC-Reficar,10725.68,10010.0
2025-07-29,8,PT1H,MC-Reficar,10585.33,10010.0
2025-07-29,9,PT1H,MC-Reficar,11036.79,10010.0
2025-07-29,10,PT1H,MC-Reficar,10710.93,10010.0
2025-07-29,11,PT1H,MC-Reficar,10025.65,10010.0
2025-07-29,12,PT1H,MC-Reficar,10134.64,10010.0
2025-07-29,13,PT1H,MC-Reficar,10132.44,10010.0
2025-07-29,14,PT1H,MC-Reficar,10311.63,10010.0
2025-07-29,15,PT1H,MC-Reficar,10251.44,10010.0
2025-07-29,16,PT1H,MC-Reficar,9346.85,10010.0
2025-07-29,17,PT1H,MC-Reficar,10260.63,10010.0
2025-07-29,18,PT1H,MC-Reficar,10924.18,10010.0
2025-07-29,19,PT1H,MC-Reficar,10000.69,10000.0
2025-07-29,20,PT1H,MC-Reficar,9418.31,10000.0
2025-07-29,21,PT1H,MC-Reficar,9689.04,10000.0
2025-07-29,22,PT1H,MC-Reficar,10343.39,10010.0
2025-07-29,23,PT1H,MC-Reficar,10188.61,10010.0
2025-07-29,24,PT1H,MC-Reficar,10443.95,10010.0
2026-01-30,1,PT1H,MC-Reficar,0.0,10.0
2026-01-30,2,PT1H,MC-Reficar,0.0,10.0
2026-01-30,3,PT1H,MC-Reficar,0.0,10.0
2026-01-30,4,PT1H,MC-Reficar,0.0,10.0
2026-01-30,5,PT1H,MC-Reficar,0.0,10.0
2026-01-30,6,PT1H,MC-Reficar,0.0,10.0
2026-01-30,7,PT1H,MC-Reficar,0.0,10.0
2026-01-30,8,PT1H,MC-Reficar,0.0,10.0
2026-01-30,9,PT1H,MC-Reficar,0.0,10.0
2026-01-30,10,PT1H,MC-Reficar,0.0,10.0
2026-01-30,11,PT1H,MC-Reficar,0.0,10.0
2026-01-30,12,PT1H,MC-Reficar,0.0,10.0
2026-01-30,13,PT1H,MC-Reficar,0.0,10.0
2026-01-30,14,PT1H,MC-Reficar,0.0,10.0
2026-01-30,15,PT1H,MC-Reficar,0.0,10.0
2026-01-30,16,PT1H,MC-Reficar,0.0,10.0
2026-01-30,17,PT1H,MC-Reficar,0.0,10.0
2026-01-30,18,PT1H,MC-Reficar,0.0,10.0
2026-01-30,19,PT1H,MC-Reficar,0.0,0.0
2026-01-30,20,PT1H,MC-Reficar,0.0,0.0
2026-01-30,21,PT1H,MC-Reficar,0.0,0.0
2026-01-30,22,PT1H,MC-Reficar,0.0,10.0
2026-01-30,23,PT1H,MC-Reficar,0.0,10.0
2026-01-30,24,PT1H,MC-Reficar,0.0,10.0
2025-10-12,1,PT1H,MC-Reficar,11290.98,10020.0
2025-10-12,2,PT1H,MC-Reficar,10212.62,10020.0
2025-10-12,3,PT1H,MC-Reficar,11295.98,10020.0
2025-10-12,4,PT1H,MC-Reficar,10910.76,10020.0
2025-10-12,5,PT1H,MC-Reficar,9908.8,10020.0
2025-10-12,6,PT1H,MC-Reficar,10328.16,10020.0
2025-10-12,7,PT1H,MC-Reficar,9851.96,10020.0
2025-10-12,8,PT1H,MC-Reficar,10137.36,10020.0
2025-10-12,9,PT1H,MC-Reficar,10124.34,10020.0
2025-10-12,10,PT1H,MC-Reficar,9027.98,10020.0
2025-10-12,11,PT1H,MC-Reficar,9024.62,10020.0
2025-10-12,12,PT1H,MC-Reficar,10701.6,10020.0
2025-10-12,13,PT1H,MC-Reficar,10791.76,10020.0
2025-10-12,14,PT1H,MC-Reficar,10727.0,10020.0
2025-10-12,15,PT1H,MC-Reficar,10930.42,10020.0
2025-10-12,16,PT1H,MC-Reficar,13490.88,10020.0
2025-10-12,17,PT1H,MC-Reficar,19942.62,10020.0
2025-10-12,18,PT1H,MC-Reficar,21069.64,10020.0
2025-10-12,19,PT1H,MC-Reficar,19665.08,10000.0
2025-10-12,20,PT1H,MC-Reficar,17669.08,10000.0
2025-10-12,21,PT1H,MC-Reficar,19420.7,10000.0
2025-10-12,22,PT1H,MC-Reficar,18015.98,10020.0
2025-10-12,23,PT1H,MC-Reficar,12807.7,10020.0
2025-10-12,24,PT1H,MC-Reficar,12244.24,10020.0
2026-02-24,1,PT1H,MC-Reficar,0.0,10.0
2026-02-24,2,PT1H,MC-Reficar,0.0,10.0
2026-02-24,3,PT1H,MC-Reficar,0.0,10.0
2026-02-24,4,PT1H,MC-Reficar,0.0,10.0
2026-02-24,5,PT1H,MC-Reficar,0.0,10.0
2026-02-24,6,PT1H,MC-Reficar,0.0,10.0
2026-02-24,7,PT1H,MC-Reficar,0.0,10.0
2026-02-24,8,PT1H,MC-Reficar,0.0,10.0
2026-02-24,9,PT1H,MC-Reficar,0.0,10.0
2026-02-24,10,PT1H,MC-Reficar,0.08,10.0
2026-02-24,11,PT1H,MC-Reficar,0.0,10.0
2026-02-24,12,PT1H,MC-Reficar,0.0,10.0
2026-02-24,13,PT1H,MC-Reficar,0.0,10.0
2026-02-24,14,PT1H,MC-Reficar,0.0,10.0
2026-02-24,15,PT1H,MC-Reficar,0.0,10.0
2026-02-24,16,PT1H,MC-Reficar,0.0,10.0
2026-02-24,17,PT1H,MC-Reficar,0.0,10.0
2026-02-24,18,PT1H,MC-Reficar,0.0,10.0
2026-02-24,19,PT1H,MC-Reficar,0.0,0.0
2026-02-24,20,PT1H,MC-Reficar,0.0,0.0
2026-02-24,21,PT1H,MC-Reficar,0.0,0.0
2026-02-24,22,PT1H,MC-Reficar,0.0,10.0
2026-02-24,23,PT1H,MC-Reficar,0.0,10.0
2026-02-24,24,PT1H,MC-Reficar,0.0,10.0
2025-10-22,1,PT1H,MC-Reficar,10709.92,14020.0
2025-10-22,2,PT1H,MC-Reficar,15924.76,14020.0
2025-10-22,3,PT1H,MC-Reficar,16362.04,14020.0
2025-10-22,4,PT1H,MC-Reficar,12280.26,14020.0
2025-10-22,5,PT1H,MC-Reficar,10946.8,14020.0
2025-10-22,6,PT1H,MC-Reficar,10504.7,14020.0
2025-10-22,7,PT1H,MC-Reficar,10217.58,14020.0
2025-10-22,8,PT1H,MC-Reficar,10834.04,14020.0
2025-10-22,9,PT1H,MC-Reficar,11542.3,14020.0
2025-10-22,10,PT1H,MC-Reficar,12579.84,14020.0
2025-10-22,11,PT1H,MC-Reficar,12830.14,14020.0
2025-10-22,12,PT1H,MC-Reficar,10472.12,14020.0
2025-10-22,13,PT1H,MC-Reficar,9827.02,14020.0
2025-10-22,14,PT1H,MC-Reficar,10162.84,14020.0
2025-10-22,15,PT1H,MC-Reficar,10271.18,14020.0
2025-10-22,16,PT1H,MC-Reficar,10025.64,14020.0
2025-10-22,17,PT1H,MC-Reficar,10651.88,14020.0
2025-10-22,18,PT1H,MC-Reficar,10307.88,14020.0
2025-10-22,19,PT1H,MC-Reficar,11628.12,14000.0
2025-10-22,20,PT1H,MC-Reficar,10363.72,14000.0
2025-10-22,21,PT1H,MC-Reficar,9605.44,14000.0
2025-10-22,22,PT1H,MC-Reficar,9815.6,14020.0
2025-10-22,23,PT1H,MC-Reficar,10825.4,14020.0
2025-10-22,24,PT1H,MC-Reficar,12530.96,14020.0
2025-05-15,1,PT1H,MC-Reficar,0.0,510.0
2025-05-15,2,PT1H,MC-Reficar,0.0,510.0
2025-05-15,3,PT1H,MC-Reficar,0.0,510.0
2025-05-15,4,PT1H,MC-Reficar,0.0,510.0
2025-05-15,5,PT1H,MC-Reficar,0.0,510.0
2025-05-15,6,PT1H,MC-Reficar,0.0,510.0
2025-05-15,7,PT1H,MC-Reficar,0.0,510.0
2025-05-15,8,PT1H,MC-Reficar,0.0,510.0
2025-05-15,9,PT1H,MC-Reficar,0.0,510.0
2025-05-15,10,PT1H,MC-Reficar,0.0,510.0
2025-05-15,11,PT1H,MC-Reficar,0.0,510.0
2025-05-15,12,PT1H,MC-Reficar,0.0,510.0
2025-05-15,13,PT1H,MC-Reficar,0.0,510.0
2025-05-15,14,PT1H,MC-Reficar,0.0,510.0
2025-05-15,15,PT1H,MC-Reficar,0.0,510.0
2025-05-15,16,PT1H,MC-Reficar,0.0,510.0
2025-05-15,17,PT1H,MC-Reficar,0.0,510.0
2025-05-15,18,PT1H,MC-Reficar,0.0,510.0
2025-05-15,19,PT1H,MC-Reficar,0.0,500.0
2025-05-15,20,PT1H,MC-Reficar,0.0,500.0
2025-05-15,21,PT1H,MC-Reficar,0.0,500.0
2025-05-15,22,PT1H,MC-Reficar,0.0,510.0
2025-05-15,23,PT1H,MC-Reficar,0.0,510.0
2025-05-15,24,PT1H,MC-Reficar,0.0,510.0
2026-01-21,1,PT1H,MC-Reficar,0.0,10.0
2026-01-21,2,PT1H,MC-Reficar,0.0,10.0
2026-01-21,3,PT1H,MC-Reficar,0.0,10.0
2026-01-21,4,PT1H,MC-Reficar,0.0,10.0
2026-01-21,5,PT1H,MC-Reficar,0.0,10.0
2026-01-21,6,PT1H,MC-Reficar,0.0,10.0
2026-01-21,7,PT1H,MC-Reficar,0.0,10.0
2026-01-21,8,PT1H,MC-Reficar,0.0,10.0
2026-01-21,9,PT1H,MC-Reficar,0.0,10.0
2026-01-21,10,PT1H,MC-Reficar,0.0,10.0
2026-01-21,11,PT1H,MC-Reficar,0.0,10.0
2026-01-21,12,PT1H,MC-Reficar,0.0,10.0
2026-01-21,13,PT1H,MC-Reficar,0.0,10.0
2026-01-21,14,PT1H,MC-Reficar,0.0,10.0
2026-01-21,15,PT1H,MC-Reficar,0.0,10.0
2026-01-21,16,PT1H,MC-Reficar,0.0,10.0
2026-01-21,17,PT1H,MC-Reficar,0.0,10.0
2026-01-21,18,PT1H,MC-Reficar,0.0,10.0
2026-01-21,19,PT1H,MC-Reficar,0.0,0.0
2026-01-21,20,PT1H,MC-Reficar,0.0,0.0
2026-01-21,21,PT1H,MC-Reficar,0.0,0.0
2026-01-21,22,PT1H,MC-Reficar,0.0,10.0
2026-01-21,23,PT1H,MC-Reficar,0.0,10.0
2026-01-21,24,PT1H,MC-Reficar,0.0,10.0
2025-07-07,1,PT1H,MC-Reficar,10026.97,10010.0
2025-07-07,2,PT1H,MC-Reficar,11291.94,10010.0
2025-07-07,3,PT1H,MC-Reficar,11136.32,10010.0
2025-07-07,4,PT1H,MC-Reficar,10602.68,10010.0
2025-07-07,5,PT1H,MC-Reficar,10737.21,10010.0
2025-07-07,6,PT1H,MC-Reficar,10397.66,10010.0
2025-07-07,7,PT1H,MC-Reficar,9851.93,10010.0
2025-07-07,8,PT1H,MC-Reficar,10335.23,10010.0
2025-07-07,9,PT1H,MC-Reficar,10255.15,10010.0
2025-07-07,10,PT1H,MC-Reficar,10218.75,10010.0
2025-07-07,11,PT1H,MC-Reficar,9721.45,10010.0
2025-07-07,12,PT1H,MC-Reficar,10270.7,10010.0
2025-07-07,13,PT1H,MC-Reficar,10050.09,10010.0
2025-07-07,14,PT1H,MC-Reficar,9675.47,10010.0
2025-07-07,15,PT1H,MC-Reficar,9655.09,10010.0
2025-07-07,16,PT1H,MC-Reficar,9848.65,10010.0
2025-07-07,17,PT1H,MC-Reficar,9830.51,10010.0
2025-07-07,18,PT1H,MC-Reficar,10129.48,10010.0
2025-07-07,19,PT1H,MC-Reficar,10190.89,10000.0
2025-07-07,20,PT1H,MC-Reficar,8142.42,10000.0
2025-07-07,21,PT1H,MC-Reficar,7526.64,10000.0
2025-07-07,22,PT1H,MC-Reficar,7170.8,10010.0
2025-07-07,23,PT1H,MC-Reficar,7279.44,10010.0
2025-07-07,24,PT1H,MC-Reficar,7285.87,10010.0
2025-12-26,1,PT1H,MC-Reficar,0.33,10.0
2025-12-26,2,PT1H,MC-Reficar,0.0,10.0
2025-12-26,3,PT1H,MC-Reficar,0.0,10.0
2025-12-26,4,PT1H,MC-Reficar,0.0,10.0
2025-12-26,5,PT1H,MC-Reficar,0.0,10.0
2025-12-26,6,PT1H,MC-Reficar,0.0,10.0
2025-12-26,7,PT1H,MC-Reficar,0.0,10.0
2025-12-26,8,PT1H,MC-Reficar,0.0,10.0
2025-12-26,9,PT1H,MC-Reficar,0.72,10.0
2025-12-26,10,PT1H,MC-Reficar,0.0,10.0
2025-12-26,11,PT1H,MC-Reficar,0.0,10.0
2025-12-26,12,PT1H,MC-Reficar,0.0,10.0
2025-12-26,13,PT1H,MC-Reficar,0.0,10.0
2025-12-26,14,PT1H,MC-Reficar,0.0,10.0
2025-12-26,15,PT1H,MC-Reficar,0.0,10.0
2025-12-26,16,PT1H,MC-Reficar,0.0,10.0
2025-12-26,17,PT1H,MC-Reficar,0.0,10.0
2025-12-26,18,PT1H,MC-Reficar,603.62,10.0
2025-12-26,19,PT1H,MC-Reficar,174.33,0.0
2025-12-26,20,PT1H,MC-Reficar,0.0,0.0
2025-12-26,21,PT1H,MC-Reficar,0.0,0.0
2025-12-26,22,PT1H,MC-Reficar,0.0,10.0
2025-12-26,23,PT1H,MC-Reficar,0.0,10.0
2025-12-26,24,PT1H,MC-Reficar,0.0,10.0
2025-04-28,1,PT1H,MC-Reficar,0.0,0.0
2025-04-28,2,PT1H,MC-Reficar,0.0,0.0
2025-04-28,3,PT1H,MC-Reficar,0.0,0.0
2025-04-28,4,PT1H,MC-Reficar,0.0,0.0
2025-04-28,5,PT1H,MC-Reficar,0.0,0.0
2025-04-28,6,PT1H,MC-Reficar,0.0,0.0
2025-04-28,7,PT1H,MC-Reficar,0.0,0.0
2025-04-28,8,PT1H,MC-Reficar,0.0,0.0
2025-04-28,9,PT1H,MC-Reficar,0.0,0.0
2025-04-28,10,PT1H,MC-Reficar,0.0,0.0
2025-04-28,11,PT1H,MC-Reficar,0.0,0.0
2025-04-28,12,PT1H,MC-Reficar,0.0,0.0
2025-04-28,13,PT1H,MC-Reficar,0.0,0.0
2025-04-28,14,PT1H,MC-Reficar,0.0,0.0
2025-04-28,15,PT1H,MC-Reficar,0.0,0.0
2025-04-28,16,PT1H,MC-Reficar,0.0,0.0
2025-04-28,17,PT1H,MC-Reficar,0.0,0.0
2025-04-28,18,PT1H,MC-Reficar,0.0,0.0
2025-04-28,19,PT1H,MC-Reficar,0.0,0.0
2025-04-28,20,PT1H,MC-Reficar,0.0,0.0
2025-04-28,21,PT1H,MC-Reficar,0.0,0.0
2025-04-28,22,PT1H,MC-Reficar,0.0,0.0
2025-04-28,23,PT1H,MC-Reficar,0.0,0.0
2025-04-28,24,PT1H,MC-Reficar,0.0,0.0
2025-10-17,1,PT1H,MC-Reficar,9597.68,16020.0
2025-10-17,2,PT1H,MC-Reficar,10789.76,16020.0
2025-10-17,3,PT1H,MC-Reficar,12778.0,16020.0
2025-10-17,4,PT1H,MC-Reficar,11311.46,16020.0
2025-10-17,5,PT1H,MC-Reficar,9786.32,16020.0
2025-10-17,6,PT1H,MC-Reficar,8928.3,16020.0
2025-10-17,7,PT1H,MC-Reficar,10439.94,16020.0
2025-10-17,8,PT1H,MC-Reficar,11788.22,16020.0
2025-10-17,9,PT1H,MC-Reficar,15764.6,16020.0
2025-10-17,10,PT1H,MC-Reficar,19640.14,16020.0
2025-10-17,11,PT1H,MC-Reficar,18866.12,16020.0
2025-10-17,12,PT1H,MC-Reficar,11877.42,16020.0
2025-10-17,13,PT1H,MC-Reficar,9958.48,16020.0
2025-10-17,14,PT1H,MC-Reficar,9775.9,16020.0
2025-10-17,15,PT1H,MC-Reficar,11023.7,16020.0
2025-10-17,16,PT1H,MC-Reficar,12344.64,16020.0
2025-10-17,17,PT1H,MC-Reficar,13967.86,16020.0
2025-10-17,18,PT1H,MC-Reficar,15553.58,16020.0
2025-10-17,19,PT1H,MC-Reficar,15064.68,16000.0
2025-10-17,20,PT1H,MC-Reficar,11446.96,16000.0
2025-10-17,21,PT1H,MC-Reficar,10783.08,16000.0
2025-10-17,22,PT1H,MC-Reficar,9426.98,16020.0
2025-10-17,23,PT1H,MC-Reficar,8371.56,16020.0
2025-10-17,24,PT1H,MC-Reficar,8384.32,16020.0
2026-02-20,1,PT1H,MC-Reficar,0.0,0.0
2026-02-20,2,PT1H,MC-Reficar,0.0,0.0
2026-02-20,3,PT1H,MC-Reficar,0.05,0.0
2026-02-20,4,PT1H,MC-Reficar,0.0,0.0
2026-02-20,5,PT1H,MC-Reficar,0.0,0.0
2026-02-20,6,PT1H,MC-Reficar,0.0,0.0
2026-02-20,7,PT1H,MC-Reficar,0.0,0.0
2026-02-20,8,PT1H,MC-Reficar,0.0,0.0
2026-02-20,9,PT1H,MC-Reficar,0.0,0.0
2026-02-20,10,PT1H,MC-Reficar,0.0,0.0
2026-02-20,11,PT1H,MC-Reficar,0.0,0.0
2026-02-20,12,PT1H,MC-Reficar,0.0,0.0
2026-02-20,13,PT1H,MC-Reficar,0.0,0.0
2026-02-20,14,PT1H,MC-Reficar,0.0,0.0
2026-02-20,15,PT1H,MC-Reficar,0.0,0.0
2026-02-20,16,PT1H,MC-Reficar,0.0,0.0
2026-02-20,17,PT1H,MC-Reficar,0.0,0.0
2026-02-20,18,PT1H,MC-Reficar,0.0,0.0
2026-02-20,19,PT1H,MC-Reficar,0.0,0.0
2026-02-20,20,PT1H,MC-Reficar,0.0,0.0
2026-02-20,21,PT1H,MC-Reficar,0.0,0.0
2026-02-20,22,PT1H,MC-Reficar,0.0,0.0
2026-02-20,23,PT1H,MC-Reficar,0.0,0.0
2026-02-20,24,PT1H,MC-Reficar,0.0,0.0
2025-12-06,1,PT1H,MC-Reficar,5947.22,5810.0
2025-12-06,2,PT1H,MC-Reficar,5773.15,5810.0
2025-12-06,3,PT1H,MC-Reficar,5240.26,5810.0
2025-12-06,4,PT1H,MC-Reficar,5319.39,5810.0
2025-12-06,5,PT1H,MC-Reficar,5291.26,6010.0
2025-12-06,6,PT1H,MC-Reficar,5476.52,6010.0
2025-12-06,7,PT1H,MC-Reficar,4828.86,6010.0
2025-12-06,8,PT1H,MC-Reficar,5609.03,6010.0
2025-12-06,9,PT1H,MC-Reficar,6838.8,5810.0
2025-12-06,10,PT1H,MC-Reficar,6110.95,5810.0
2025-12-06,11,PT1H,MC-Reficar,6515.28,5810.0
2025-12-06,12,PT1H,MC-Reficar,6970.86,5810.0
2025-12-06,13,PT1H,MC-Reficar,6990.64,6010.0
2025-12-06,14,PT1H,MC-Reficar,6924.07,6010.0
2025-12-06,15,PT1H,MC-Reficar,6459.96,6010.0
2025-12-06,16,PT1H,MC-Reficar,5090.69,6010.0
2025-12-06,17,PT1H,MC-Reficar,5559.91,5810.0
2025-12-06,18,PT1H,MC-Reficar,6038.35,5810.0
2025-12-06,19,PT1H,MC-Reficar,5993.68,5800.0
2025-12-06,20,PT1H,MC-Reficar,5938.2,5800.0
2025-12-06,21,PT1H,MC-Reficar,5783.08,6000.0
2025-12-06,22,PT1H,MC-Reficar,5250.95,6010.0
2025-12-06,23,PT1H,MC-Reficar,4925.18,6010.0
2025-12-06,24,PT1H,MC-Reficar,5254.86,6010.0
2025-10-15,1,PT1H,MC-Reficar,14654.8,16020.0
2025-10-15,2,PT1H,MC-Reficar,16174.98,16020.0
2025-10-15,3,PT1H,MC-Reficar,15625.94,16020.0
2025-10-15,4,PT1H,MC-Reficar,13487.48,16020.0
2025-10-15,5,PT1H,MC-Reficar,11298.5,16020.0
2025-10-15,6,PT1H,MC-Reficar,10322.3,16020.0
2025-10-15,7,PT1H,MC-Reficar,10093.76,16020.0
2025-10-15,8,PT1H,MC-Reficar,11854.02,16020.0
2025-10-15,9,PT1H,MC-Reficar,16307.36,16020.0
2025-10-15,10,PT1H,MC-Reficar,19402.62,16020.0
2025-10-15,11,PT1H,MC-Reficar,18914.66,16020.0
2025-10-15,12,PT1H,MC-Reficar,14438.34,16020.0
2025-10-15,13,PT1H,MC-Reficar,14777.02,16020.0
2025-10-15,14,PT1H,MC-Reficar,15271.32,16020.0
2025-10-15,15,PT1H,MC-Reficar,14923.22,16020.0
2025-10-15,16,PT1H,MC-Reficar,14351.8,16020.0
2025-10-15,17,PT1H,MC-Reficar,18569.06,16020.0
2025-10-15,18,PT1H,MC-Reficar,16552.9,16020.0
2025-10-15,19,PT1H,MC-Reficar,10078.32,16000.0
2025-10-15,20,PT1H,MC-Reficar,9617.72,16000.0
2025-10-15,21,PT1H,MC-Reficar,10526.22,16000.0
2025-10-15,22,PT1H,MC-Reficar,10351.0,16020.0
2025-10-15,23,PT1H,MC-Reficar,9532.34,16020.0
2025-10-15,24,PT1H,MC-Reficar,9682.36,16020.0
2026-02-01,1,PT1H,MC-Reficar,0.0,10.0
2026-02-01,2,PT1H,MC-Reficar,0.0,10.0
2026-02-01,3,PT1H,MC-Reficar,0.0,10.0
2026-02-01,4,PT1H,MC-Reficar,0.0,10.0
2026-02-01,5,PT1H,MC-Reficar,0.0,10.0
2026-02-01,6,PT1H,MC-Reficar,0.0,10.0
2026-02-01,7,PT1H,MC-Reficar,0.0,10.0
2026-02-01,8,PT1H,MC-Reficar,0.0,10.0
2026-02-01,9,PT1H,MC-Reficar,0.0,10.0
2026-02-01,10,PT1H,MC-Reficar,0.0,10.0
2026-02-01,11,PT1H,MC-Reficar,0.0,10.0
2026-02-01,12,PT1H,MC-Reficar,0.0,10.0
2026-02-01,13,PT1H,MC-Reficar,0.0,10.0
2026-02-01,14,PT1H,MC-Reficar,0.0,10.0
2026-02-01,15,PT1H,MC-Reficar,0.0,10.0
2026-02-01,16,PT1H,MC-Reficar,0.0,10.0
2026-02-01,17,PT1H,MC-Reficar,0.0,10.0
2026-02-01,18,PT1H,MC-Reficar,0.0,10.0
2026-02-01,19,PT1H,MC-Reficar,0.0,0.0
2026-02-01,20,PT1H,MC-Reficar,0.0,0.0
2026-02-01,21,PT1H,MC-Reficar,0.0,0.0
2026-02-01,22,PT1H,MC-Reficar,0.0,10.0
2026-02-01,23,PT1H,MC-Reficar,0.0,10.0
2026-02-01,24,PT1H,MC-Reficar,0.0,10.0
2025-11-03,1,PT1H,MC-Reficar,6509.02,6010.0
2025-11-03,2,PT1H,MC-Reficar,6999.39,6010.0
2025-11-03,3,PT1H,MC-Reficar,6031.62,6010.0
2025-11-03,4,PT1H,MC-Reficar,5411.79,6010.0
2025-11-03,5,PT1H,MC-Reficar,5686.71,6010.0
2025-11-03,6,PT1H,MC-Reficar,5632.33,6010.0
2025-11-03,7,PT1H,MC-Reficar,5149.26,6010.0
2025-11-03,8,PT1H,MC-Reficar,5256.63,6010.0
2025-11-03,9,PT1H,MC-Reficar,7008.53,6010.0
2025-11-03,10,PT1H,MC-Reficar,8442.46,6010.0
2025-11-03,11,PT1H,MC-Reficar,4110.45,6010.0
2025-11-03,12,PT1H,MC-Reficar,3768.28,6010.0
2025-11-03,13,PT1H,MC-Reficar,3918.97,6010.0
2025-11-03,14,PT1H,MC-Reficar,4521.57,6010.0
2025-11-03,15,PT1H,MC-Reficar,4381.01,6010.0
2025-11-03,16,PT1H,MC-Reficar,5916.41,6010.0
2025-11-03,17,PT1H,MC-Reficar,6249.14,6010.0
2025-11-03,18,PT1H,MC-Reficar,6979.77,6010.0
2025-11-03,19,PT1H,MC-Reficar,6896.62,6000.0
2025-11-03,20,PT1H,MC-Reficar,9832.96,6000.0
2025-11-03,21,PT1H,MC-Reficar,9942.03,6000.0
2025-11-03,22,PT1H,MC-Reficar,10221.61,6010.0
2025-11-03,23,PT1H,MC-Reficar,9812.13,6010.0
2025-11-03,24,PT1H,MC-Reficar,9185.11,6010.0
2025-07-15,1,PT1H,MC-Reficar,10496.32,10.0
2025-07-15,2,PT1H,MC-Reficar,10271.87,10.0
2025-07-15,3,PT1H,MC-Reficar,9635.54,10.0
2025-07-15,4,PT1H,MC-Reficar,10370.8,10.0
2025-07-15,5,PT1H,MC-Reficar,10583.88,10.0
2025-07-15,6,PT1H,MC-Reficar,10757.11,10.0
2025-07-15,7,PT1H,MC-Reficar,10296.69,10.0
2025-07-15,8,PT1H,MC-Reficar,10951.93,10.0
2025-07-15,9,PT1H,MC-Reficar,12876.29,10.0
2025-07-15,10,PT1H,MC-Reficar,13257.3,10.0
2025-07-15,11,PT1H,MC-Reficar,13137.38,10010.0
2025-07-15,12,PT1H,MC-Reficar,10872.57,10010.0
2025-07-15,13,PT1H,MC-Reficar,10595.43,10010.0
2025-07-15,14,PT1H,MC-Reficar,9753.8,10010.0
2025-07-15,15,PT1H,MC-Reficar,9850.19,10010.0
2025-07-15,16,PT1H,MC-Reficar,9702.85,10010.0
2025-07-15,17,PT1H,MC-Reficar,11280.63,10010.0
2025-07-15,18,PT1H,MC-Reficar,11294.53,10010.0
2025-07-15,19,PT1H,MC-Reficar,10096.48,10000.0
2025-07-15,20,PT1H,MC-Reficar,10367.67,10000.0
2025-07-15,21,PT1H,MC-Reficar,10010.03,10000.0
2025-07-15,22,PT1H,MC-Reficar,9043.21,10010.0
2025-07-15,23,PT1H,MC-Reficar,8978.39,10010.0
2025-07-15,24,PT1H,MC-Reficar,10384.2,10010.0
2026-02-16,1,PT1H,MC-Reficar,0.0,10.0
2026-02-16,2,PT1H,MC-Reficar,0.0,10.0
2026-02-16,3,PT1H,MC-Reficar,0.0,10.0
2026-02-16,4,PT1H,MC-Reficar,0.0,10.0
2026-02-16,5,PT1H,MC-Reficar,0.0,10.0
2026-02-16,6,PT1H,MC-Reficar,0.0,10.0
2026-02-16,7,PT1H,MC-Reficar,0.0,10.0
2026-02-16,8,PT1H,MC-Reficar,0.0,10.0
2026-02-16,9,PT1H,MC-Reficar,0.0,10.0
2026-02-16,10,PT1H,MC-Reficar,0.87,10.0
2026-02-16,11,PT1H,MC-Reficar,223.2,10.0
2026-02-16,12,PT1H,MC-Reficar,3.75,10.0
2026-02-16,13,PT1H,MC-Reficar,0.0,10.0
2026-02-16,14,PT1H,MC-Reficar,0.0,10.0
2026-02-16,15,PT1H,MC-Reficar,0.0,10.0
2026-02-16,16,PT1H,MC-Reficar,0.0,10.0
2026-02-16,17,PT1H,MC-Reficar,0.0,10.0
2026-02-16,18,PT1H,MC-Reficar,0.0,10.0
2026-02-16,19,PT1H,MC-Reficar,0.0,0.0
2026-02-16,20,PT1H,MC-Reficar,0.0,0.0
2026-02-16,21,PT1H,MC-Reficar,0.0,0.0
2026-02-16,22,PT1H,MC-Reficar,0.0,10.0
2026-02-16,23,PT1H,MC-Reficar,0.0,10.0
2026-02-16,24,PT1H,MC-Reficar,0.0,10.0
2025-08-04,1,PT1H,MC-Reficar,12881.17,10010.0
2025-08-04,2,PT1H,MC-Reficar,13243.63,10010.0
2025-08-04,3,PT1H,MC-Reficar,11858.64,10010.0
2025-08-04,4,PT1H,MC-Reficar,10285.2,10010.0
2025-08-04,5,PT1H,MC-Reficar,10527.76,10010.0
2025-08-04,6,PT1H,MC-Reficar,10239.78,10010.0
2025-08-04,7,PT1H,MC-Reficar,9500.97,10010.0
2025-08-04,8,PT1H,MC-Reficar,9748.16,10010.0
2025-08-04,9,PT1H,MC-Reficar,10527.36,10010.0
2025-08-04,10,PT1H,MC-Reficar,11124.17,10010.0
2025-08-04,11,PT1H,MC-Reficar,8976.13,10010.0
2025-08-04,12,PT1H,MC-Reficar,8992.86,10010.0
2025-08-04,13,PT1H,MC-Reficar,9043.87,10010.0
2025-08-04,14,PT1H,MC-Reficar,9579.35,10010.0
2025-08-04,15,PT1H,MC-Reficar,9983.81,10010.0
2025-08-04,16,PT1H,MC-Reficar,10106.54,10010.0
2025-08-04,17,PT1H,MC-Reficar,11986.25,10010.0
2025-08-04,18,PT1H,MC-Reficar,11786.68,10010.0
2025-08-04,19,PT1H,MC-Reficar,10543.32,10000.0
2025-08-04,20,PT1H,MC-Reficar,10179.88,10000.0
2025-08-04,21,PT1H,MC-Reficar,10554.98,10000.0
2025-08-04,22,PT1H,MC-Reficar,10249.68,10010.0
2025-08-04,23,PT1H,MC-Reficar,10117.94,10010.0
2025-08-04,24,PT1H,MC-Reficar,10259.67,10010.0
2025-11-16,1,PT1H,MC-Reficar,5090.83,6010.0
2025-11-16,2,PT1H,MC-Reficar,5627.79,6010.0
2025-11-16,3,PT1H,MC-Reficar,6043.46,6010.0
2025-11-16,4,PT1H,MC-Reficar,5524.22,6010.0
2025-11-16,5,PT1H,MC-Reficar,5374.06,6010.0
2025-11-16,6,PT1H,MC-Reficar,5707.09,6010.0
2025-11-16,7,PT1H,MC-Reficar,5340.26,6010.0
2025-11-16,8,PT1H,MC-Reficar,5626.35,6010.0
2025-11-16,9,PT1H,MC-Reficar,6070.31,6010.0
2025-11-16,10,PT1H,MC-Reficar,8895.39,6010.0
2025-11-16,11,PT1H,MC-Reficar,8441.15,6010.0
2025-11-16,12,PT1H,MC-Reficar,6265.59,6010.0
2025-11-16,13,PT1H,MC-Reficar,6125.86,6010.0
2025-11-16,14,PT1H,MC-Reficar,6057.35,6010.0
2025-11-16,15,PT1H,MC-Reficar,5892.95,6010.0
2025-11-16,16,PT1H,MC-Reficar,5703.37,6010.0
2025-11-16,17,PT1H,MC-Reficar,7823.56,6010.0
2025-11-16,18,PT1H,MC-Reficar,7931.03,6010.0
2025-11-16,19,PT1H,MC-Reficar,7504.03,6000.0
2025-11-16,20,PT1H,MC-Reficar,5309.29,6000.0
2025-11-16,21,PT1H,MC-Reficar,5499.39,6000.0
2025-11-16,22,PT1H,MC-Reficar,5742.84,6010.0
2025-11-16,23,PT1H,MC-Reficar,5607.62,6010.0
2025-11-16,24,PT1H,MC-Reficar,6153.85,6010.0
2026-01-11,1,PT1H,MC-Reficar,0.0,10.0
2026-01-11,2,PT1H,MC-Reficar,0.0,10.0
2026-01-11,3,PT1H,MC-Reficar,0.0,10.0
2026-01-11,4,PT1H,MC-Reficar,0.0,10.0
2026-01-11,5,PT1H,MC-Reficar,0.0,10.0
2026-01-11,6,PT1H,MC-Reficar,0.0,10.0
2026-01-11,7,PT1H,MC-Reficar,0.0,10.0
2026-01-11,8,PT1H,MC-Reficar,0.0,10.0
2026-01-11,9,PT1H,MC-Reficar,0.0,10.0
2026-01-11,10,PT1H,MC-Reficar,0.0,10.0
2026-01-11,11,PT1H,MC-Reficar,0.0,10.0
2026-01-11,12,PT1H,MC-Reficar,0.0,10.0
2026-01-11,13,PT1H,MC-Reficar,0.0,10.0
2026-01-11,14,PT1H,MC-Reficar,0.0,10.0
2026-01-11,15,PT1H,MC-Reficar,0.0,10.0
2026-01-11,16,PT1H,MC-Reficar,0.0,10.0
2026-01-11,17,PT1H,MC-Reficar,0.0,10.0
2026-01-11,18,PT1H,MC-Reficar,0.0,10.0
2026-01-11,19,PT1H,MC-Reficar,0.0,0.0
2026-01-11,20,PT1H,MC-Reficar,0.0,0.0
2026-01-11,21,PT1H,MC-Reficar,0.0,0.0
2026-01-11,22,PT1H,MC-Reficar,0.0,10.0
2026-01-11,23,PT1H,MC-Reficar,0.0,10.0
2026-01-11,24,PT1H,MC-Reficar,0.0,10.0
2025-06-03,1,PT1H,MC-Reficar,9526.34,8010.0
2025-06-03,2,PT1H,MC-Reficar,10781.61,8010.0
2025-06-03,3,PT1H,MC-Reficar,11036.75,8010.0
2025-06-03,4,PT1H,MC-Reficar,10601.72,8010.0
2025-06-03,5,PT1H,MC-Reficar,9417.47,8010.0
2025-06-03,6,PT1H,MC-Reficar,9580.09,8010.0
2025-06-03,7,PT1H,MC-Reficar,9461.64,8010.0
2025-06-03,8,PT1H,MC-Reficar,10377.31,8010.0
2025-06-03,9,PT1H,MC-Reficar,11047.74,8010.0
2025-06-03,10,PT1H,MC-Reficar,10431.26,8010.0
2025-06-03,11,PT1H,MC-Reficar,9545.69,8010.0
2025-06-03,12,PT1H,MC-Reficar,10024.1,8010.0
2025-06-03,13,PT1H,MC-Reficar,10053.19,8010.0
2025-06-03,14,PT1H,MC-Reficar,9336.53,8010.0
2025-06-03,15,PT1H,MC-Reficar,9309.02,8010.0
2025-06-03,16,PT1H,MC-Reficar,9863.21,8010.0
2025-06-03,17,PT1H,MC-Reficar,9940.59,8010.0
2025-06-03,18,PT1H,MC-Reficar,10649.89,8010.0
2025-06-03,19,PT1H,MC-Reficar,10706.44,8000.0
2025-06-03,20,PT1H,MC-Reficar,10861.67,8000.0
2025-06-03,21,PT1H,MC-Reficar,9836.14,8000.0
2025-06-03,22,PT1H,MC-Reficar,9422.63,8010.0
2025-06-03,23,PT1H,MC-Reficar,9801.45,8010.0
2025-06-03,24,PT1H,MC-Reficar,9669.03,8010.0
2026-01-12,1,PT1H,MC-Reficar,0.0,10.0
2026-01-12,2,PT1H,MC-Reficar,0.0,10.0
2026-01-12,3,PT1H,MC-Reficar,0.0,10.0
2026-01-12,4,PT1H,MC-Reficar,0.0,10.0
2026-01-12,5,PT1H,MC-Reficar,0.0,10.0
2026-01-12,6,PT1H,MC-Reficar,0.0,10.0
2026-01-12,7,PT1H,MC-Reficar,0.0,10.0
2026-01-12,8,PT1H,MC-Reficar,0.0,10.0
2026-01-12,9,PT1H,MC-Reficar,0.0,10.0
2026-01-12,10,PT1H,MC-Reficar,0.0,10.0
2026-01-12,11,PT1H,MC-Reficar,0.0,10.0
2026-01-12,12,PT1H,MC-Reficar,0.0,10.0
2026-01-12,13,PT1H,MC-Reficar,0.0,10.0
2026-01-12,14,PT1H,MC-Reficar,0.0,10.0
2026-01-12,15,PT1H,MC-Reficar,0.0,10.0
2026-01-12,16,PT1H,MC-Reficar,0.0,10.0
2026-01-12,17,PT1H,MC-Reficar,0.0,10.0
2026-01-12,18,PT1H,MC-Reficar,0.0,10.0
2026-01-12,19,PT1H,MC-Reficar,0.0,0.0
2026-01-12,20,PT1H,MC-Reficar,0.0,0.0
2026-01-12,21,PT1H,MC-Reficar,0.0,0.0
2026-01-12,22,PT1H,MC-Reficar,0.0,10.0
2026-01-12,23,PT1H,MC-Reficar,0.0,10.0
2026-01-12,24,PT1H,MC-Reficar,0.0,10.0
2025-06-04,1,PT1H,MC-Reficar,10235.84,8010.0
2025-06-04,2,PT1H,MC-Reficar,10939.49,8010.0
2025-06-04,3,PT1H,MC-Reficar,10115.54,8010.0
2025-06-04,4,PT1H,MC-Reficar,10146.47,8010.0
2025-06-04,5,PT1H,MC-Reficar,10240.54,8010.0
2025-06-04,6,PT1H,MC-Reficar,9883.82,8010.0
2025-06-04,7,PT1H,MC-Reficar,9499.45,8010.0
2025-06-04,8,PT1H,MC-Reficar,9900.86,8010.0
2025-06-04,9,PT1H,MC-Reficar,11519.8,8010.0
2025-06-04,10,PT1H,MC-Reficar,10717.72,8010.0
2025-06-04,11,PT1H,MC-Reficar,11345.72,8010.0
2025-06-04,12,PT1H,MC-Reficar,10411.42,8010.0
2025-06-04,13,PT1H,MC-Reficar,10756.01,8010.0
2025-06-04,14,PT1H,MC-Reficar,10899.47,8010.0
2025-06-04,15,PT1H,MC-Reficar,9885.48,8010.0
2025-06-04,16,PT1H,MC-Reficar,10365.93,8010.0
2025-06-04,17,PT1H,MC-Reficar,12092.27,8010.0
2025-06-04,18,PT1H,MC-Reficar,10715.32,8010.0
2025-06-04,19,PT1H,MC-Reficar,10183.86,8000.0
2025-06-04,20,PT1H,MC-Reficar,9768.45,8000.0
2025-06-04,21,PT1H,MC-Reficar,9266.16,8000.0
2025-06-04,22,PT1H,MC-Reficar,9172.67,8010.0
2025-06-04,23,PT1H,MC-Reficar,9044.22,8010.0
2025-06-04,24,PT1H,MC-Reficar,9020.57,8010.0
2026-01-04,1,PT1H,MC-Reficar,0.0,10.0
2026-01-04,2,PT1H,MC-Reficar,0.0,10.0
2026-01-04,3,PT1H,MC-Reficar,0.0,10.0
2026-01-04,4,PT1H,MC-Reficar,0.0,10.0
2026-01-04,5,PT1H,MC-Reficar,0.0,10.0
2026-01-04,6,PT1H,MC-Reficar,0.0,10.0
2026-01-04,7,PT1H,MC-Reficar,0.0,10.0
2026-01-04,8,PT1H,MC-Reficar,0.0,10.0
2026-01-04,9,PT1H,MC-Reficar,0.0,10.0
2026-01-04,10,PT1H,MC-Reficar,0.0,10.0
2026-01-04,11,PT1H,MC-Reficar,0.0,10.0
2026-01-04,12,PT1H,MC-Reficar,0.0,10.0
2026-01-04,13,PT1H,MC-Reficar,0.0,10.0
2026-01-04,14,PT1H,MC-Reficar,0.0,10.0
2026-01-04,15,PT1H,MC-Reficar,0.0,10.0
2026-01-04,16,PT1H,MC-Reficar,0.0,10.0
2026-01-04,17,PT1H,MC-Reficar,0.0,10.0
2026-01-04,18,PT1H,MC-Reficar,0.0,10.0
2026-01-04,19,PT1H,MC-Reficar,0.0,0.0
2026-01-04,20,PT1H,MC-Reficar,0.0,0.0
2026-01-04,21,PT1H,MC-Reficar,0.0,0.0
2026-01-04,22,PT1H,MC-Reficar,0.0,10.0
2026-01-04,23,PT1H,MC-Reficar,0.0,10.0
2026-01-04,24,PT1H,MC-Reficar,0.0,10.0
2025-06-15,1,PT1H,MC-Reficar,12282.07,8010.0
2025-06-15,2,PT1H,MC-Reficar,11323.9,8010.0
2025-06-15,3,PT1H,MC-Reficar,10228.67,8010.0
2025-06-15,4,PT1H,MC-Reficar,9770.28,8010.0
2025-06-15,5,PT1H,MC-Reficar,9661.56,8010.0
2025-06-15,6,PT1H,MC-Reficar,9396.19,8010.0
2025-06-15,7,PT1H,MC-Reficar,9287.62,8010.0
2025-06-15,8,PT1H,MC-Reficar,10138.02,8010.0
2025-06-15,9,PT1H,MC-Reficar,10943.01,8010.0
2025-06-15,10,PT1H,MC-Reficar,10480.57,8010.0
2025-06-15,11,PT1H,MC-Reficar,10445.73,8010.0
2025-06-15,12,PT1H,MC-Reficar,11053.45,8010.0
2025-06-15,13,PT1H,MC-Reficar,10592.72,8010.0
2025-06-15,14,PT1H,MC-Reficar,10596.42,8010.0
2025-06-15,15,PT1H,MC-Reficar,10680.85,8010.0
2025-06-15,16,PT1H,MC-Reficar,10926.8,8010.0
2025-06-15,17,PT1H,MC-Reficar,10910.81,8010.0
2025-06-15,18,PT1H,MC-Reficar,10124.38,8010.0
2025-06-15,19,PT1H,MC-Reficar,10085.33,8000.0
2025-06-15,20,PT1H,MC-Reficar,10244.98,8000.0
2025-06-15,21,PT1H,MC-Reficar,9984.61,8000.0
2025-06-15,22,PT1H,MC-Reficar,9736.04,8010.0
2025-06-15,23,PT1H,MC-Reficar,9427.75,8010.0
2025-06-15,24,PT1H,MC-Reficar,9511.51,8010.0
2025-08-02,1,PT1H,MC-Reficar,10050.37,10010.0
2025-08-02,2,PT1H,MC-Reficar,10428.53,10010.0
2025-08-02,3,PT1H,MC-Reficar,9720.06,10010.0
2025-08-02,4,PT1H,MC-Reficar,9548.19,10010.0
2025-08-02,5,PT1H,MC-Reficar,9882.58,10010.0
2025-08-02,6,PT1H,MC-Reficar,9366.83,10010.0
2025-08-02,7,PT1H,MC-Reficar,8905.08,10010.0
2025-08-02,8,PT1H,MC-Reficar,9223.22,10010.0
2025-08-02,9,PT1H,MC-Reficar,10970.7,10010.0
2025-08-02,10,PT1H,MC-Reficar,10671.03,10010.0
2025-08-02,11,PT1H,MC-Reficar,9395.92,10010.0
2025-08-02,12,PT1H,MC-Reficar,9861.36,10010.0
2025-08-02,13,PT1H,MC-Reficar,10247.91,10010.0
2025-08-02,14,PT1H,MC-Reficar,10276.31,10010.0
2025-08-02,15,PT1H,MC-Reficar,10342.87,10010.0
2025-08-02,16,PT1H,MC-Reficar,10120.44,10010.0
2025-08-02,17,PT1H,MC-Reficar,10909.91,10010.0
2025-08-02,18,PT1H,MC-Reficar,11130.27,10010.0
2025-08-02,19,PT1H,MC-Reficar,9181.78,10000.0
2025-08-02,20,PT1H,MC-Reficar,9683.67,10000.0
2025-08-02,21,PT1H,MC-Reficar,9572.3,10000.0
2025-08-02,22,PT1H,MC-Reficar,9593.26,10010.0
2025-08-02,23,PT1H,MC-Reficar,9438.09,10010.0
2025-08-02,24,PT1H,MC-Reficar,9809.6,10010.0
2025-10-27,1,PT1H,MC-Reficar,12396.64,14020.0
2025-10-27,2,PT1H,MC-Reficar,12969.92,14020.0
2025-10-27,3,PT1H,MC-Reficar,12997.9,14020.0
2025-10-27,4,PT1H,MC-Reficar,10719.82,14020.0
2025-10-27,5,PT1H,MC-Reficar,9627.18,14020.0
2025-10-27,6,PT1H,MC-Reficar,9067.02,14020.0
2025-10-27,7,PT1H,MC-Reficar,10044.22,14020.0
2025-10-27,8,PT1H,MC-Reficar,10745.4,14020.0
2025-10-27,9,PT1H,MC-Reficar,10958.34,14020.0
2025-10-27,10,PT1H,MC-Reficar,12386.4,14020.0
2025-10-27,11,PT1H,MC-Reficar,12454.64,14020.0
2025-10-27,12,PT1H,MC-Reficar,11126.8,14020.0
2025-10-27,13,PT1H,MC-Reficar,11332.9,14020.0
2025-10-27,14,PT1H,MC-Reficar,9979.18,14020.0
2025-10-27,15,PT1H,MC-Reficar,8839.0,14020.0
2025-10-27,16,PT1H,MC-Reficar,8412.24,14020.0
2025-10-27,17,PT1H,MC-Reficar,12169.94,14020.0
2025-10-27,18,PT1H,MC-Reficar,13809.5,14020.0
2025-10-27,19,PT1H,MC-Reficar,14669.04,14000.0
2025-10-27,20,PT1H,MC-Reficar,11436.78,14000.0
2025-10-27,21,PT1H,MC-Reficar,10515.88,14000.0
2025-10-27,22,PT1H,MC-Reficar,10757.58,14020.0
2025-10-27,23,PT1H,MC-Reficar,10106.28,14020.0
2025-10-27,24,PT1H,MC-Reficar,9986.1,14020.0
2025-09-25,1,PT1H,MC-Reficar,6556.85,10010.0
2025-09-25,2,PT1H,MC-Reficar,7525.42,10010.0
2025-09-25,3,PT1H,MC-Reficar,7178.25,10010.0
2025-09-25,4,PT1H,MC-Reficar,6510.92,10010.0
2025-09-25,5,PT1H,MC-Reficar,6232.47,10010.0
2025-09-25,6,PT1H,MC-Reficar,6514.84,10010.0
2025-09-25,7,PT1H,MC-Reficar,5606.38,10010.0
2025-09-25,8,PT1H,MC-Reficar,5633.58,10010.0
2025-09-25,9,PT1H,MC-Reficar,5912.58,10010.0
2025-09-25,10,PT1H,MC-Reficar,7872.15,10010.0
2025-09-25,11,PT1H,MC-Reficar,7857.33,10010.0
2025-09-25,12,PT1H,MC-Reficar,5505.8,10010.0
2025-09-25,13,PT1H,MC-Reficar,5195.92,10010.0
2025-09-25,14,PT1H,MC-Reficar,5386.54,10010.0
2025-09-25,15,PT1H,MC-Reficar,5363.75,10010.0
2025-09-25,16,PT1H,MC-Reficar,5934.68,10010.0
2025-09-25,17,PT1H,MC-Reficar,7203.31,10010.0
2025-09-25,18,PT1H,MC-Reficar,7067.97,10010.0
2025-09-25,19,PT1H,MC-Reficar,6568.15,10000.0
2025-09-25,20,PT1H,MC-Reficar,5606.53,10000.0
2025-09-25,21,PT1H,MC-Reficar,6022.32,10000.0
2025-09-25,22,PT1H,MC-Reficar,6018.53,10010.0
2025-09-25,23,PT1H,MC-Reficar,6133.08,10010.0
2025-09-25,24,PT1H,MC-Reficar,6775.0,10010.0
2025-09-16,1,PT1H,MC-Reficar,6791.65,10010.0
2025-09-16,2,PT1H,MC-Reficar,8461.68,10010.0
2025-09-16,3,PT1H,MC-Reficar,7143.12,10010.0
2025-09-16,4,PT1H,MC-Reficar,5701.71,10010.0
2025-09-16,5,PT1H,MC-Reficar,6103.14,10010.0
2025-09-16,6,PT1H,MC-Reficar,5656.07,10010.0
2025-09-16,7,PT1H,MC-Reficar,5570.4,10010.0
2025-09-16,8,PT1H,MC-Reficar,5751.5,10010.0
2025-09-16,9,PT1H,MC-Reficar,7275.92,10010.0
2025-09-16,10,PT1H,MC-Reficar,5554.15,10010.0
2025-09-16,11,PT1H,MC-Reficar,4077.41,10010.0
2025-09-16,12,PT1H,MC-Reficar,2173.22,10010.0
2025-09-16,13,PT1H,MC-Reficar,3873.89,10010.0
2025-09-16,14,PT1H,MC-Reficar,4080.85,10010.0
2025-09-16,15,PT1H,MC-Reficar,3890.74,10010.0
2025-09-16,16,PT1H,MC-Reficar,5113.95,10010.0
2025-09-16,17,PT1H,MC-Reficar,7204.1,10010.0
2025-09-16,18,PT1H,MC-Reficar,7587.9,10010.0
2025-09-16,19,PT1H,MC-Reficar,7025.95,10000.0
2025-09-16,20,PT1H,MC-Reficar,7190.29,10000.0
2025-09-16,21,PT1H,MC-Reficar,6317.54,10000.0
2025-09-16,22,PT1H,MC-Reficar,6341.27,10010.0
2025-09-16,23,PT1H,MC-Reficar,7361.09,10010.0
2025-09-16,24,PT1H,MC-Reficar,4568.22,10010.0
2025-08-21,1,PT1H,MC-Reficar,6825.6,4010.0
2025-08-21,2,PT1H,MC-Reficar,7532.42,4010.0
2025-08-21,3,PT1H,MC-Reficar,6986.02,4010.0
2025-08-21,4,PT1H,MC-Reficar,5576.35,4010.0
2025-08-21,5,PT1H,MC-Reficar,6537.66,4010.0
2025-08-21,6,PT1H,MC-Reficar,4908.77,4010.0
2025-08-21,7,PT1H,MC-Reficar,4418.25,4010.0
2025-08-21,8,PT1H,MC-Reficar,4292.15,4010.0
2025-08-21,9,PT1H,MC-Reficar,5263.19,4010.0
2025-08-21,10,PT1H,MC-Reficar,5297.37,4010.0
2025-08-21,11,PT1H,MC-Reficar,5854.25,4010.0
2025-08-21,12,PT1H,MC-Reficar,8355.92,4010.0
2025-08-21,13,PT1H,MC-Reficar,6839.07,4010.0
2025-08-21,14,PT1H,MC-Reficar,6502.9,4010.0
2025-08-21,15,PT1H,MC-Reficar,5631.97,4010.0
2025-08-21,16,PT1H,MC-Reficar,5193.44,4010.0
2025-08-21,17,PT1H,MC-Reficar,5628.85,4010.0
2025-08-21,18,PT1H,MC-Reficar,6964.01,4010.0
2025-08-21,19,PT1H,MC-Reficar,6234.61,4000.0
2025-08-21,20,PT1H,MC-Reficar,6779.72,4000.0
2025-08-21,21,PT1H,MC-Reficar,3736.29,4000.0
2025-08-21,22,PT1H,MC-Reficar,4328.87,4010.0
2025-08-21,23,PT1H,MC-Reficar,4851.16,4010.0
2025-08-21,24,PT1H,MC-Reficar,4836.59,4010.0
2025-08-08,1,PT1H,MC-Reficar,10920.71,4010.0
2025-08-08,2,PT1H,MC-Reficar,10612.81,4010.0
2025-08-08,3,PT1H,MC-Reficar,10360.36,4010.0
2025-08-08,4,PT1H,MC-Reficar,10399.14,4010.0
2025-08-08,5,PT1H,MC-Reficar,10543.98,4010.0
2025-08-08,6,PT1H,MC-Reficar,9651.27,4010.0
2025-08-08,7,PT1H,MC-Reficar,10206.64,4010.0
2025-08-08,8,PT1H,MC-Reficar,10833.3,4010.0
2025-08-08,9,PT1H,MC-Reficar,11304.31,4010.0
2025-08-08,10,PT1H,MC-Reficar,12079.3,4010.0
2025-08-08,11,PT1H,MC-Reficar,10656.32,4010.0
2025-08-08,12,PT1H,MC-Reficar,10449.21,4010.0
2025-08-08,13,PT1H,MC-Reficar,10309.94,4010.0
2025-08-08,14,PT1H,MC-Reficar,10234.4,4010.0
2025-08-08,15,PT1H,MC-Reficar,10385.34,4010.0
2025-08-08,16,PT1H,MC-Reficar,10469.93,4010.0
2025-08-08,17,PT1H,MC-Reficar,10342.65,4010.0
2025-08-08,18,PT1H,MC-Reficar,11038.42,4010.0
2025-08-08,19,PT1H,MC-Reficar,10285.27,4000.0
2025-08-08,20,PT1H,MC-Reficar,10363.21,4000.0
2025-08-08,21,PT1H,MC-Reficar,9930.5,4000.0
2025-08-08,22,PT1H,MC-Reficar,10557.38,4010.0
2025-08-08,23,PT1H,MC-Reficar,10473.71,4010.0
2025-08-08,24,PT1H,MC-Reficar,10541.04,4010.0
2025-10-07,1,PT1H,MC-Reficar,14634.08,16020.0
2025-10-07,2,PT1H,MC-Reficar,15513.78,16020.0
2025-10-07,3,PT1H,MC-Reficar,14329.46,16020.0
2025-10-07,4,PT1H,MC-Reficar,10906.24,16020.0
2025-10-07,5,PT1H,MC-Reficar,10707.76,16020.0
2025-10-07,6,PT1H,MC-Reficar,10117.66,16020.0
2025-10-07,7,PT1H,MC-Reficar,13150.48,16020.0
2025-10-07,8,PT1H,MC-Reficar,14341.92,16020.0
2025-10-07,9,PT1H,MC-Reficar,14796.06,16020.0
2025-10-07,10,PT1H,MC-Reficar,16351.58,16020.0
2025-10-07,11,PT1H,MC-Reficar,17838.96,16020.0
2025-10-07,12,PT1H,MC-Reficar,14662.5,16020.0
2025-10-07,13,PT1H,MC-Reficar,14470.18,16020.0
2025-10-07,14,PT1H,MC-Reficar,15655.5,16020.0
2025-10-07,15,PT1H,MC-Reficar,16201.58,16020.0
2025-10-07,16,PT1H,MC-Reficar,14318.1,16020.0
2025-10-07,17,PT1H,MC-Reficar,12936.06,16020.0
2025-10-07,18,PT1H,MC-Reficar,11801.88,16020.0
2025-10-07,19,PT1H,MC-Reficar,12781.62,16000.0
2025-10-07,20,PT1H,MC-Reficar,14667.08,16000.0
2025-10-07,21,PT1H,MC-Reficar,16138.58,16000.0
2025-10-07,22,PT1H,MC-Reficar,14205.84,16020.0
2025-10-07,23,PT1H,MC-Reficar,13047.64,16020.0
2025-10-07,24,PT1H,MC-Reficar,10685.06,16020.0
2026-02-15,1,PT1H,MC-Reficar,0.0,10.0
2026-02-15,2,PT1H,MC-Reficar,0.0,10.0
2026-02-15,3,PT1H,MC-Reficar,0.0,10.0
2026-02-15,4,PT1H,MC-Reficar,0.0,10.0
2026-02-15,5,PT1H,MC-Reficar,0.0,10.0
2026-02-15,6,PT1H,MC-Reficar,0.0,10.0
2026-02-15,7,PT1H,MC-Reficar,0.0,10.0
2026-02-15,8,PT1H,MC-Reficar,0.0,10.0
2026-02-15,9,PT1H,MC-Reficar,0.0,10.0
2026-02-15,10,PT1H,MC-Reficar,0.0,10.0
2026-02-15,11,PT1H,MC-Reficar,0.0,10.0
2026-02-15,12,PT1H,MC-Reficar,0.0,10.0
2026-02-15,13,PT1H,MC-Reficar,0.0,10.0
2026-02-15,14,PT1H,MC-Reficar,0.0,10.0
2026-02-15,15,PT1H,MC-Reficar,0.0,10.0
2026-02-15,16,PT1H,MC-Reficar,0.0,10.0
2026-02-15,17,PT1H,MC-Reficar,0.0,10.0
2026-02-15,18,PT1H,MC-Reficar,0.0,10.0
2026-02-15,19,PT1H,MC-Reficar,0.0,0.0
2026-02-15,20,PT1H,MC-Reficar,0.0,0.0
2026-02-15,21,PT1H,MC-Reficar,0.0,0.0
2026-02-15,22,PT1H,MC-Reficar,0.0,10.0
2026-02-15,23,PT1H,MC-Reficar,0.0,10.0
2026-02-15,24,PT1H,MC-Reficar,0.0,10.0
2025-07-27,1,PT1H,MC-Reficar,8722.79,10010.0
2025-07-27,2,PT1H,MC-Reficar,10069.3,10010.0
2025-07-27,3,PT1H,MC-Reficar,8955.72,10010.0
2025-07-27,4,PT1H,MC-Reficar,7187.49,10010.0
2025-07-27,5,PT1H,MC-Reficar,7129.83,10010.0
2025-07-27,6,PT1H,MC-Reficar,6721.7,10010.0
2025-07-27,7,PT1H,MC-Reficar,6154.83,10010.0
2025-07-27,8,PT1H,MC-Reficar,6457.52,10010.0
2025-07-27,9,PT1H,MC-Reficar,8353.24,10010.0
2025-07-27,10,PT1H,MC-Reficar,7392.24,10010.0
2025-07-27,11,PT1H,MC-Reficar,7550.99,10010.0
2025-07-27,12,PT1H,MC-Reficar,6814.34,10010.0
2025-07-27,13,PT1H,MC-Reficar,7684.67,10010.0
2025-07-27,14,PT1H,MC-Reficar,8072.43,10010.0
2025-07-27,15,PT1H,MC-Reficar,6652.42,10010.0
2025-07-27,16,PT1H,MC-Reficar,7970.01,10010.0
2025-07-27,17,PT1H,MC-Reficar,9714.76,10010.0
2025-07-27,18,PT1H,MC-Reficar,9238.21,10010.0
2025-07-27,19,PT1H,MC-Reficar,7522.85,10000.0
2025-07-27,20,PT1H,MC-Reficar,8989.98,10000.0
2025-07-27,21,PT1H,MC-Reficar,9968.44,10000.0
2025-07-27,22,PT1H,MC-Reficar,10534.87,10010.0
2025-07-27,23,PT1H,MC-Reficar,10186.6,10010.0
2025-07-27,24,PT1H,MC-Reficar,10739.35,10010.0
2025-12-30,1,PT1H,MC-Reficar,0.0,10.0
2025-12-30,2,PT1H,MC-Reficar,0.0,10.0
2025-12-30,3,PT1H,MC-Reficar,0.0,10.0
2025-12-30,4,PT1H,MC-Reficar,0.0,10.0
2025-12-30,5,PT1H,MC-Reficar,0.0,10.0
2025-12-30,6,PT1H,MC-Reficar,0.0,10.0
2025-12-30,7,PT1H,MC-Reficar,0.0,10.0
2025-12-30,8,PT1H,MC-Reficar,0.0,10.0
2025-12-30,9,PT1H,MC-Reficar,0.0,10.0
2025-12-30,10,PT1H,MC-Reficar,0.0,10.0
2025-12-30,11,PT1H,MC-Reficar,0.0,10.0
2025-12-30,12,PT1H,MC-Reficar,0.0,10.0
2025-12-30,13,PT1H,MC-Reficar,0.0,10.0
2025-12-30,14,PT1H,MC-Reficar,0.0,10.0
2025-12-30,15,PT1H,MC-Reficar,0.0,10.0
2025-12-30,16,PT1H,MC-Reficar,0.0,10.0
2025-12-30,17,PT1H,MC-Reficar,0.0,10.0
2025-12-30,18,PT1H,MC-Reficar,0.0,10.0
2025-12-30,19,PT1H,MC-Reficar,0.0,0.0
2025-12-30,20,PT1H,MC-Reficar,0.0,0.0
2025-12-30,21,PT1H,MC-Reficar,0.0,0.0
2025-12-30,22,PT1H,MC-Reficar,0.0,10.0
2025-12-30,23,PT1H,MC-Reficar,0.0,10.0
2025-12-30,24,PT1H,MC-Reficar,0.0,10.0
2026-01-17,1,PT1H,MC-Reficar,0.0,10.0
2026-01-17,2,PT1H,MC-Reficar,0.0,10.0
2026-01-17,3,PT1H,MC-Reficar,0.0,10.0
2026-01-17,4,PT1H,MC-Reficar,0.0,10.0
2026-01-17,5,PT1H,MC-Reficar,0.0,10.0
2026-01-17,6,PT1H,MC-Reficar,0.0,10.0
2026-01-17,7,PT1H,MC-Reficar,0.0,10.0
2026-01-17,8,PT1H,MC-Reficar,0.0,10.0
2026-01-17,9,PT1H,MC-Reficar,0.0,10.0
2026-01-17,10,PT1H,MC-Reficar,0.0,10.0
2026-01-17,11,PT1H,MC-Reficar,0.0,10.0
2026-01-17,12,PT1H,MC-Reficar,0.0,10.0
2026-01-17,13,PT1H,MC-Reficar,0.0,10.0
2026-01-17,14,PT1H,MC-Reficar,0.0,10.0
2026-01-17,15,PT1H,MC-Reficar,0.0,10.0
2026-01-17,16,PT1H,MC-Reficar,0.0,10.0
2026-01-17,17,PT1H,MC-Reficar,0.0,10.0
2026-01-17,18,PT1H,MC-Reficar,0.0,10.0
2026-01-17,19,PT1H,MC-Reficar,0.0,0.0
2026-01-17,20,PT1H,MC-Reficar,0.0,0.0
2026-01-17,21,PT1H,MC-Reficar,0.0,0.0
2026-01-17,22,PT1H,MC-Reficar,0.0,10.0
2026-01-17,23,PT1H,MC-Reficar,0.0,10.0
2026-01-17,24,PT1H,MC-Reficar,0.0,10.0
2026-02-26,1,PT1H,MC-Reficar,0.0,10.0
2026-02-26,2,PT1H,MC-Reficar,0.0,10.0
2026-02-26,3,PT1H,MC-Reficar,0.0,10.0
2026-02-26,4,PT1H,MC-Reficar,0.0,10.0
2026-02-26,5,PT1H,MC-Reficar,0.0,10.0
2026-02-26,6,PT1H,MC-Reficar,0.0,10.0
2026-02-26,7,PT1H,MC-Reficar,0.0,10.0
2026-02-26,8,PT1H,MC-Reficar,0.0,10.0
2026-02-26,9,PT1H,MC-Reficar,0.0,10.0
2026-02-26,10,PT1H,MC-Reficar,0.0,10.0
2026-02-26,11,PT1H,MC-Reficar,0.0,10.0
2026-02-26,12,PT1H,MC-Reficar,0.0,10.0
2026-02-26,13,PT1H,MC-Reficar,0.0,10.0
2026-02-26,14,PT1H,MC-Reficar,0.0,10.0
2026-02-26,15,PT1H,MC-Reficar,0.0,10.0
2026-02-26,16,PT1H,MC-Reficar,0.0,10.0
2026-02-26,17,PT1H,MC-Reficar,0.0,10.0
2026-02-26,18,PT1H,MC-Reficar,891.82,10.0
2026-02-26,19,PT1H,MC-Reficar,1847.15,0.0
2026-02-26,20,PT1H,MC-Reficar,928.92,0.0
2026-02-26,21,PT1H,MC-Reficar,1034.64,0.0
2026-02-26,22,PT1H,MC-Reficar,615.46,10.0
2026-02-26,23,PT1H,MC-Reficar,0.0,10.0
2026-02-26,24,PT1H,MC-Reficar,0.0,10.0
2025-10-06,1,PT1H,MC-Reficar,12323.7,16020.0
2025-10-06,2,PT1H,MC-Reficar,16916.76,16020.0
2025-10-06,3,PT1H,MC-Reficar,18406.2,16020.0
2025-10-06,4,PT1H,MC-Reficar,13237.1,16020.0
2025-10-06,5,PT1H,MC-Reficar,11450.18,16020.0
2025-10-06,6,PT1H,MC-Reficar,11234.36,16020.0
2025-10-06,7,PT1H,MC-Reficar,13418.4,16020.0
2025-10-06,8,PT1H,MC-Reficar,15099.84,16020.0
2025-10-06,9,PT1H,MC-Reficar,15805.34,16020.0
2025-10-06,10,PT1H,MC-Reficar,16951.56,16020.0
2025-10-06,11,PT1H,MC-Reficar,17840.04,16020.0
2025-10-06,12,PT1H,MC-Reficar,16885.1,16020.0
2025-10-06,13,PT1H,MC-Reficar,15693.14,16020.0
2025-10-06,14,PT1H,MC-Reficar,12349.4,16020.0
2025-10-06,15,PT1H,MC-Reficar,14475.2,16020.0
2025-10-06,16,PT1H,MC-Reficar,11260.76,16020.0
2025-10-06,17,PT1H,MC-Reficar,12978.06,16020.0
2025-10-06,18,PT1H,MC-Reficar,16728.76,16020.0
2025-10-06,19,PT1H,MC-Reficar,15748.2,16000.0
2025-10-06,20,PT1H,MC-Reficar,12237.72,16000.0
2025-10-06,21,PT1H,MC-Reficar,10826.08,16000.0
2025-10-06,22,PT1H,MC-Reficar,11341.8,16020.0
2025-10-06,23,PT1H,MC-Reficar,10780.22,16020.0
2025-10-06,24,PT1H,MC-Reficar,10882.1,16020.0
2025-11-28,1,PT1H,MC-Reficar,6455.24,10510.0
2025-11-28,2,PT1H,MC-Reficar,6520.55,10510.0
2025-11-28,3,PT1H,MC-Reficar,7429.61,10510.0
2025-11-28,4,PT1H,MC-Reficar,6899.47,10510.0
2025-11-28,5,PT1H,MC-Reficar,6363.72,11010.0
2025-11-28,6,PT1H,MC-Reficar,6093.7,11010.0
2025-11-28,7,PT1H,MC-Reficar,5967.36,11010.0
2025-11-28,8,PT1H,MC-Reficar,5984.7,11010.0
2025-11-28,9,PT1H,MC-Reficar,6584.84,10510.0
2025-11-28,10,PT1H,MC-Reficar,7319.42,10510.0
2025-11-28,11,PT1H,MC-Reficar,6980.01,10510.0
2025-11-28,12,PT1H,MC-Reficar,5928.97,10510.0
2025-11-28,13,PT1H,MC-Reficar,5625.33,11010.0
2025-11-28,14,PT1H,MC-Reficar,5006.04,11010.0
2025-11-28,15,PT1H,MC-Reficar,4732.97,11010.0
2025-11-28,16,PT1H,MC-Reficar,5205.94,11010.0
2025-11-28,17,PT1H,MC-Reficar,7206.55,10510.0
2025-11-28,18,PT1H,MC-Reficar,7906.56,10510.0
2025-11-28,19,PT1H,MC-Reficar,6493.44,10500.0
2025-11-28,20,PT1H,MC-Reficar,5455.38,10500.0
2025-11-28,21,PT1H,MC-Reficar,5538.54,11000.0
2025-11-28,22,PT1H,MC-Reficar,4899.37,11010.0
2025-11-28,23,PT1H,MC-Reficar,5431.34,11010.0
2025-11-28,24,PT1H,MC-Reficar,6429.92,11010.0
2026-01-09,1,PT1H,MC-Reficar,0.0,10.0
2026-01-09,2,PT1H,MC-Reficar,0.0,10.0
2026-01-09,3,PT1H,MC-Reficar,0.0,10.0
2026-01-09,4,PT1H,MC-Reficar,0.0,10.0
2026-01-09,5,PT1H,MC-Reficar,0.0,10.0
2026-01-09,6,PT1H,MC-Reficar,0.0,10.0
2026-01-09,7,PT1H,MC-Reficar,0.0,10.0
2026-01-09,8,PT1H,MC-Reficar,0.0,10.0
2026-01-09,9,PT1H,MC-Reficar,0.0,10.0
2026-01-09,10,PT1H,MC-Reficar,0.0,10.0
2026-01-09,11,PT1H,MC-Reficar,0.0,10.0
2026-01-09,12,PT1H,MC-Reficar,0.0,10.0
2026-01-09,13,PT1H,MC-Reficar,0.0,10.0
2026-01-09,14,PT1H,MC-Reficar,0.0,10.0
2026-01-09,15,PT1H,MC-Reficar,0.0,10.0
2026-01-09,16,PT1H,MC-Reficar,0.0,10.0
2026-01-09,17,PT1H,MC-Reficar,0.0,10.0
2026-01-09,18,PT1H,MC-Reficar,0.0,10.0
2026-01-09,19,PT1H,MC-Reficar,0.0,0.0
2026-01-09,20,PT1H,MC-Reficar,0.0,0.0
2026-01-09,21,PT1H,MC-Reficar,0.0,0.0
2026-01-09,22,PT1H,MC-Reficar,0.0,10.0
2026-01-09,23,PT1H,MC-Reficar,0.0,10.0
2026-01-09,24,PT1H,MC-Reficar,0.0,10.0
2025-04-30,1,PT1H,MC-Reficar,0.0,0.0
2025-04-30,2,PT1H,MC-Reficar,0.0,0.0
2025-04-30,3,PT1H,MC-Reficar,0.0,0.0
2025-04-30,4,PT1H,MC-Reficar,0.0,0.0
2025-04-30,5,PT1H,MC-Reficar,0.0,0.0
2025-04-30,6,PT1H,MC-Reficar,0.0,0.0
2025-04-30,7,PT1H,MC-Reficar,0.0,0.0
2025-04-30,8,PT1H,MC-Reficar,0.0,0.0
2025-04-30,9,PT1H,MC-Reficar,0.0,0.0
2025-04-30,10,PT1H,MC-Reficar,0.0,0.0
2025-04-30,11,PT1H,MC-Reficar,0.0,0.0
2025-04-30,12,PT1H,MC-Reficar,0.0,0.0
2025-04-30,13,PT1H,MC-Reficar,0.0,0.0
2025-04-30,14,PT1H,MC-Reficar,0.0,0.0
2025-04-30,15,PT1H,MC-Reficar,0.0,0.0
2025-04-30,16,PT1H,MC-Reficar,0.0,0.0
2025-04-30,17,PT1H,MC-Reficar,0.0,0.0
2025-04-30,18,PT1H,MC-Reficar,0.0,0.0
2025-04-30,19,PT1H,MC-Reficar,0.0,0.0
2025-04-30,20,PT1H,MC-Reficar,0.0,0.0
2025-04-30,21,PT1H,MC-Reficar,0.0,0.0
2025-04-30,22,PT1H,MC-Reficar,0.0,0.0
2025-04-30,23,PT1H,MC-Reficar,0.0,0.0
2025-04-30,24,PT1H,MC-Reficar,0.0,0.0
2025-05-27,1,PT1H,MC-Reficar,10045.64,8010.0
2025-05-27,2,PT1H,MC-Reficar,10241.93,8010.0
2025-05-27,3,PT1H,MC-Reficar,8800.78,8010.0
2025-05-27,4,PT1H,MC-Reficar,8708.44,8010.0
2025-05-27,5,PT1H,MC-Reficar,8973.45,8010.0
2025-05-27,6,PT1H,MC-Reficar,9425.12,8010.0
2025-05-27,7,PT1H,MC-Reficar,10319.38,8010.0
2025-05-27,8,PT1H,MC-Reficar,10455.21,8010.0
2025-05-27,9,PT1H,MC-Reficar,10874.2,8010.0
2025-05-27,10,PT1H,MC-Reficar,11331.41,8010.0
2025-05-27,11,PT1H,MC-Reficar,9102.97,8010.0
2025-05-27,12,PT1H,MC-Reficar,9155.38,8010.0
2025-05-27,13,PT1H,MC-Reficar,10155.31,8010.0
2025-05-27,14,PT1H,MC-Reficar,10205.06,8010.0
2025-05-27,15,PT1H,MC-Reficar,10372.01,8010.0
2025-05-27,16,PT1H,MC-Reficar,10161.59,8010.0
2025-05-27,17,PT1H,MC-Reficar,12771.89,8010.0
2025-05-27,18,PT1H,MC-Reficar,12079.07,8010.0
2025-05-27,19,PT1H,MC-Reficar,11319.74,8000.0
2025-05-27,20,PT1H,MC-Reficar,10998.04,8000.0
2025-05-27,21,PT1H,MC-Reficar,10914.17,8000.0
2025-05-27,22,PT1H,MC-Reficar,10530.51,8010.0
2025-05-27,23,PT1H,MC-Reficar,10754.59,8010.0
2025-05-27,24,PT1H,MC-Reficar,10739.37,8010.0
2025-10-23,1,PT1H,MC-Reficar,15041.46,14020.0
2025-10-23,2,PT1H,MC-Reficar,18221.4,14020.0
2025-10-23,3,PT1H,MC-Reficar,16100.96,14020.0
2025-10-23,4,PT1H,MC-Reficar,12379.62,14020.0
2025-10-23,5,PT1H,MC-Reficar,12502.96,14020.0
2025-10-23,6,PT1H,MC-Reficar,11168.86,14020.0
2025-10-23,7,PT1H,MC-Reficar,10678.32,14020.0
2025-10-23,8,PT1H,MC-Reficar,10451.7,14020.0
2025-10-23,9,PT1H,MC-Reficar,10724.44,14020.0
2025-10-23,10,PT1H,MC-Reficar,10945.84,14020.0
2025-10-23,11,PT1H,MC-Reficar,11616.46,14020.0
2025-10-23,12,PT1H,MC-Reficar,11865.78,14020.0
2025-10-23,13,PT1H,MC-Reficar,12740.62,14020.0
2025-10-23,14,PT1H,MC-Reficar,12040.32,14020.0
2025-10-23,15,PT1H,MC-Reficar,13314.76,14020.0
2025-10-23,16,PT1H,MC-Reficar,12582.82,14020.0
2025-10-23,17,PT1H,MC-Reficar,15164.92,14020.0
2025-10-23,18,PT1H,MC-Reficar,14336.26,14020.0
2025-10-23,19,PT1H,MC-Reficar,12071.3,14000.0
2025-10-23,20,PT1H,MC-Reficar,10634.18,14000.0
2025-10-23,21,PT1H,MC-Reficar,10947.02,14000.0
2025-10-23,22,PT1H,MC-Reficar,10453.16,14020.0
2025-10-23,23,PT1H,MC-Reficar,10516.26,14020.0
2025-10-23,24,PT1H,MC-Reficar,10700.5,14020.0
2025-08-27,1,PT1H,MC-Reficar,5456.85,4010.0
2025-08-27,2,PT1H,MC-Reficar,5386.55,4010.0
2025-08-27,3,PT1H,MC-Reficar,5122.68,4010.0
2025-08-27,4,PT1H,MC-Reficar,4790.92,4010.0
2025-08-27,5,PT1H,MC-Reficar,4717.04,4010.0
2025-08-27,6,PT1H,MC-Reficar,5233.39,4010.0
2025-08-27,7,PT1H,MC-Reficar,4812.62,4010.0
2025-08-27,8,PT1H,MC-Reficar,4338.45,4010.0
2025-08-27,9,PT1H,MC-Reficar,4493.12,4010.0
2025-08-27,10,PT1H,MC-Reficar,6544.29,4010.0
2025-08-27,11,PT1H,MC-Reficar,7380.12,4010.0
2025-08-27,12,PT1H,MC-Reficar,6321.74,4010.0
2025-08-27,13,PT1H,MC-Reficar,5221.43,4010.0
2025-08-27,14,PT1H,MC-Reficar,5164.01,4010.0
2025-08-27,15,PT1H,MC-Reficar,4805.96,4010.0
2025-08-27,16,PT1H,MC-Reficar,5305.06,4010.0
2025-08-27,17,PT1H,MC-Reficar,7663.36,4010.0
2025-08-27,18,PT1H,MC-Reficar,7532.91,4010.0
2025-08-27,19,PT1H,MC-Reficar,5236.16,4000.0
2025-08-27,20,PT1H,MC-Reficar,5105.15,4000.0
2025-08-27,21,PT1H,MC-Reficar,5640.71,4000.0
2025-08-27,22,PT1H,MC-Reficar,5654.48,4010.0
2025-08-27,23,PT1H,MC-Reficar,5882.37,4010.0
2025-08-27,24,PT1H,MC-Reficar,5903.92,4010.0
2026-01-08,1,PT1H,MC-Reficar,0.0,10.0
2026-01-08,2,PT1H,MC-Reficar,0.0,10.0
2026-01-08,3,PT1H,MC-Reficar,0.0,10.0
2026-01-08,4,PT1H,MC-Reficar,0.0,10.0
2026-01-08,5,PT1H,MC-Reficar,0.0,10.0
2026-01-08,6,PT1H,MC-Reficar,0.0,10.0
2026-01-08,7,PT1H,MC-Reficar,0.0,10.0
2026-01-08,8,PT1H,MC-Reficar,0.0,10.0
2026-01-08,9,PT1H,MC-Reficar,0.0,10.0
2026-01-08,10,PT1H,MC-Reficar,0.0,10.0
2026-01-08,11,PT1H,MC-Reficar,0.0,10.0
2026-01-08,12,PT1H,MC-Reficar,0.0,10.0
2026-01-08,13,PT1H,MC-Reficar,0.0,10.0
2026-01-08,14,PT1H,MC-Reficar,0.0,10.0
2026-01-08,15,PT1H,MC-Reficar,0.0,10.0
2026-01-08,16,PT1H,MC-Reficar,0.0,10.0
2026-01-08,17,PT1H,MC-Reficar,0.0,10.0
2026-01-08,18,PT1H,MC-Reficar,0.0,10.0
2026-01-08,19,PT1H,MC-Reficar,0.0,0.0
2026-01-08,20,PT1H,MC-Reficar,0.0,0.0
2026-01-08,21,PT1H,MC-Reficar,0.0,0.0
2026-01-08,22,PT1H,MC-Reficar,0.0,10.0
2026-01-08,23,PT1H,MC-Reficar,0.0,10.0
2026-01-08,24,PT1H,MC-Reficar,0.0,10.0
2025-12-14,1,PT1H,MC-Reficar,4646.03,6810.0
2025-12-14,2,PT1H,MC-Reficar,4423.01,6810.0
2025-12-14,3,PT1H,MC-Reficar,4352.62,6810.0
2025-12-14,4,PT1H,MC-Reficar,3912.59,6810.0
2025-12-14,5,PT1H,MC-Reficar,3824.77,6810.0
2025-12-14,6,PT1H,MC-Reficar,4190.35,6810.0
2025-12-14,7,PT1H,MC-Reficar,4043.49,6810.0
2025-12-14,8,PT1H,MC-Reficar,4438.76,6810.0
2025-12-14,9,PT1H,MC-Reficar,4445.49,6810.0
2025-12-14,10,PT1H,MC-Reficar,5036.53,6810.0
2025-12-14,11,PT1H,MC-Reficar,5105.46,6810.0
2025-12-14,12,PT1H,MC-Reficar,5214.53,6810.0
2025-12-14,13,PT1H,MC-Reficar,4908.67,6810.0
2025-12-14,14,PT1H,MC-Reficar,4593.33,6810.0
2025-12-14,15,PT1H,MC-Reficar,4910.1,6810.0
2025-12-14,16,PT1H,MC-Reficar,5614.16,6810.0
2025-12-14,17,PT1H,MC-Reficar,5915.13,6810.0
2025-12-14,18,PT1H,MC-Reficar,6068.5,6810.0
2025-12-14,19,PT1H,MC-Reficar,6118.01,6800.0
2025-12-14,20,PT1H,MC-Reficar,6237.01,6800.0
2025-12-14,21,PT1H,MC-Reficar,6039.63,6800.0
2025-12-14,22,PT1H,MC-Reficar,5217.01,6810.0
2025-12-14,23,PT1H,MC-Reficar,5176.99,6810.0
2025-12-14,24,PT1H,MC-Reficar,5607.03,6810.0
2025-11-04,1,PT1H,MC-Reficar,10021.42,11010.0
2025-11-04,2,PT1H,MC-Reficar,11604.63,11010.0
2025-11-04,3,PT1H,MC-Reficar,11317.73,11010.0
2025-11-04,4,PT1H,MC-Reficar,8460.76,11010.0
2025-11-04,5,PT1H,MC-Reficar,8714.2,11010.0
2025-11-04,6,PT1H,MC-Reficar,8536.7,11010.0
2025-11-04,7,PT1H,MC-Reficar,8358.34,11010.0
2025-11-04,8,PT1H,MC-Reficar,8484.54,11010.0
2025-11-04,9,PT1H,MC-Reficar,10869.88,11010.0
2025-11-04,10,PT1H,MC-Reficar,11457.11,11010.0
2025-11-04,11,PT1H,MC-Reficar,9532.82,11010.0
2025-11-04,12,PT1H,MC-Reficar,9049.66,11010.0
2025-11-04,13,PT1H,MC-Reficar,9480.81,11010.0
2025-11-04,14,PT1H,MC-Reficar,9291.2,11010.0
2025-11-04,15,PT1H,MC-Reficar,8932.99,11010.0
2025-11-04,16,PT1H,MC-Reficar,8906.73,11010.0
2025-11-04,17,PT1H,MC-Reficar,8781.76,11010.0
2025-11-04,18,PT1H,MC-Reficar,10981.11,11010.0
2025-11-04,19,PT1H,MC-Reficar,11113.1,11000.0
2025-11-04,20,PT1H,MC-Reficar,8672.48,11000.0
2025-11-04,21,PT1H,MC-Reficar,8721.12,11000.0
2025-11-04,22,PT1H,MC-Reficar,8556.92,11010.0
2025-11-04,23,PT1H,MC-Reficar,8201.77,11010.0
2025-11-04,24,PT1H,MC-Reficar,8452.98,11010.0
2025-08-13,1,PT1H,MC-Reficar,6134.84,10010.0
2025-08-13,2,PT1H,MC-Reficar,7099.87,10010.0
2025-08-13,3,PT1H,MC-Reficar,7263.26,10010.0
2025-08-13,4,PT1H,MC-Reficar,6639.2,10010.0
2025-08-13,5,PT1H,MC-Reficar,5099.99,10010.0
2025-08-13,6,PT1H,MC-Reficar,5307.15,10010.0
2025-08-13,7,PT1H,MC-Reficar,5904.94,10010.0
2025-08-13,8,PT1H,MC-Reficar,6013.96,10010.0
2025-08-13,9,PT1H,MC-Reficar,5799.89,10010.0
2025-08-13,10,PT1H,MC-Reficar,5861.74,10010.0
2025-08-13,11,PT1H,MC-Reficar,6686.67,10010.0
2025-08-13,12,PT1H,MC-Reficar,7469.43,10010.0
2025-08-13,13,PT1H,MC-Reficar,6553.39,10010.0
2025-08-13,14,PT1H,MC-Reficar,5389.83,10010.0
2025-08-13,15,PT1H,MC-Reficar,5235.39,10010.0
2025-08-13,16,PT1H,MC-Reficar,5023.95,10010.0
2025-08-13,17,PT1H,MC-Reficar,4434.12,10010.0
2025-08-13,18,PT1H,MC-Reficar,4867.26,10010.0
2025-08-13,19,PT1H,MC-Reficar,5015.02,10000.0
2025-08-13,20,PT1H,MC-Reficar,5152.84,10000.0
2025-08-13,21,PT1H,MC-Reficar,5122.79,10000.0
2025-08-13,22,PT1H,MC-Reficar,4697.25,10010.0
2025-08-13,23,PT1H,MC-Reficar,5079.57,10010.0
2025-08-13,24,PT1H,MC-Reficar,6968.92,10010.0
2026-02-21,5,PT1H,MC-Reficar,0.0,10.0
2026-02-21,6,PT1H,MC-Reficar,0.0,10.0
2026-02-21,7,PT1H,MC-Reficar,0.0,10.0
2026-02-21,8,PT1H,MC-Reficar,0.0,10.0
2026-02-21,9,PT1H,MC-Reficar,0.0,10.0
2026-02-21,10,PT1H,MC-Reficar,0.0,10.0
2026-02-21,11,PT1H,MC-Reficar,0.0,10.0
2026-02-21,12,PT1H,MC-Reficar,0.0,10.0
2026-02-21,13,PT1H,MC-Reficar,0.0,10.0
2026-02-21,14,PT1H,MC-Reficar,0.0,10.0
2026-02-21,15,PT1H,MC-Reficar,0.0,10.0
2026-02-21,16,PT1H,MC-Reficar,0.0,10.0
2026-02-21,17,PT1H,MC-Reficar,0.0,10.0
2026-02-21,18,PT1H,MC-Reficar,0.0,10.0
2026-02-21,19,PT1H,MC-Reficar,0.0,0.0
2026-02-21,20,PT1H,MC-Reficar,0.0,0.0
2026-02-21,21,PT1H,MC-Reficar,0.0,0.0
2026-02-21,22,PT1H,MC-Reficar,0.0,10.0
2026-02-21,23,PT1H,MC-Reficar,0.0,10.0
2026-02-21,24,PT1H,MC-Reficar,0.0,10.0
2026-02-21,1,PT1H,MC-Reficar,0.0,10.0
2026-02-21,2,PT1H,MC-Reficar,0.0,10.0
2026-02-21,3,PT1H,MC-Reficar,0.0,10.0
2026-02-21,4,PT1H,MC-Reficar,0.0,10.0
2026-01-25,1,PT1H,MC-Reficar,0.0,10.0
2026-01-25,2,PT1H,MC-Reficar,0.0,10.0
2026-01-25,3,PT1H,MC-Reficar,0.0,10.0
2026-01-25,4,PT1H,MC-Reficar,0.0,10.0
2026-01-25,5,PT1H,MC-Reficar,0.0,10.0
2026-01-25,6,PT1H,MC-Reficar,0.0,10.0
2026-01-25,7,PT1H,MC-Reficar,0.0,10.0
2026-01-25,8,PT1H,MC-Reficar,0.0,10.0
2026-01-25,9,PT1H,MC-Reficar,0.0,10.0
2026-01-25,10,PT1H,MC-Reficar,0.0,10.0
2026-01-25,11,PT1H,MC-Reficar,0.0,10.0
2026-01-25,12,PT1H,MC-Reficar,0.0,10.0
2026-01-25,13,PT1H,MC-Reficar,0.0,10.0
2026-01-25,14,PT1H,MC-Reficar,0.0,10.0
2026-01-25,15,PT1H,MC-Reficar,0.0,10.0
2026-01-25,16,PT1H,MC-Reficar,0.0,10.0
2026-01-25,17,PT1H,MC-Reficar,0.0,10.0
2026-01-25,18,PT1H,MC-Reficar,0.0,10.0
2026-01-25,19,PT1H,MC-Reficar,0.0,0.0
2026-01-25,20,PT1H,MC-Reficar,0.0,0.0
2026-01-25,21,PT1H,MC-Reficar,0.0,0.0
2026-01-25,22,PT1H,MC-Reficar,0.0,10.0
2026-01-25,23,PT1H,MC-Reficar,0.0,10.0
2026-01-25,24,PT1H,MC-Reficar,0.0,10.0
2025-11-17,1,PT1H,MC-Reficar,6999.37,6510.0
2025-11-17,2,PT1H,MC-Reficar,7079.26,6510.0
2025-11-17,3,PT1H,MC-Reficar,6710.67,6510.0
2025-11-17,4,PT1H,MC-Reficar,6023.27,6510.0
2025-11-17,5,PT1H,MC-Reficar,5982.78,6810.0
2025-11-17,6,PT1H,MC-Reficar,5865.65,6810.0
2025-11-17,7,PT1H,MC-Reficar,5844.46,6810.0
2025-11-17,8,PT1H,MC-Reficar,6153.86,6810.0
2025-11-17,9,PT1H,MC-Reficar,8847.02,6510.0
2025-11-17,10,PT1H,MC-Reficar,9070.66,6510.0
2025-11-17,11,PT1H,MC-Reficar,9071.99,6510.0
2025-11-17,12,PT1H,MC-Reficar,7029.94,6510.0
2025-11-17,13,PT1H,MC-Reficar,5616.2,6810.0
2025-11-17,14,PT1H,MC-Reficar,5595.65,6810.0
2025-11-17,15,PT1H,MC-Reficar,5597.52,6810.0
2025-11-17,16,PT1H,MC-Reficar,5629.3,6810.0
2025-11-17,17,PT1H,MC-Reficar,6872.01,6510.0
2025-11-17,18,PT1H,MC-Reficar,7729.64,6510.0
2025-11-17,19,PT1H,MC-Reficar,7781.18,6500.0
2025-11-17,20,PT1H,MC-Reficar,7273.18,6500.0
2025-11-17,21,PT1H,MC-Reficar,7379.89,6800.0
2025-11-17,22,PT1H,MC-Reficar,7208.26,6810.0
2025-11-17,23,PT1H,MC-Reficar,7092.79,6810.0
2025-11-17,24,PT1H,MC-Reficar,6449.93,6810.0
2026-01-07,1,PT1H,MC-Reficar,0.0,10.0
2026-01-07,2,PT1H,MC-Reficar,0.0,10.0
2026-01-07,3,PT1H,MC-Reficar,0.0,10.0
2026-01-07,4,PT1H,MC-Reficar,0.0,10.0
2026-01-07,5,PT1H,MC-Reficar,0.0,10.0
2026-01-07,6,PT1H,MC-Reficar,0.0,10.0
2026-01-07,7,PT1H,MC-Reficar,0.0,10.0
2026-01-07,8,PT1H,MC-Reficar,0.0,10.0
2026-01-07,9,PT1H,MC-Reficar,0.0,10.0
2026-01-07,10,PT1H,MC-Reficar,0.0,10.0
2026-01-07,11,PT1H,MC-Reficar,0.0,10.0
2026-01-07,12,PT1H,MC-Reficar,0.0,10.0
2026-01-07,13,PT1H,MC-Reficar,0.0,10.0
2026-01-07,14,PT1H,MC-Reficar,0.0,10.0
2026-01-07,15,PT1H,MC-Reficar,0.0,10.0
2026-01-07,16,PT1H,MC-Reficar,0.0,10.0
2026-01-07,17,PT1H,MC-Reficar,0.0,10.0
2026-01-07,18,PT1H,MC-Reficar,0.0,10.0
2026-01-07,19,PT1H,MC-Reficar,0.0,0.0
2026-01-07,20,PT1H,MC-Reficar,0.0,0.0
2026-01-07,21,PT1H,MC-Reficar,0.0,0.0
2026-01-07,22,PT1H,MC-Reficar,0.0,10.0
2026-01-07,23,PT1H,MC-Reficar,0.0,10.0
2026-01-07,24,PT1H,MC-Reficar,0.0,10.0
2025-07-06,1,PT1H,MC-Reficar,10491.37,10010.0
2025-07-06,2,PT1H,MC-Reficar,10233.26,10010.0
2025-07-06,3,PT1H,MC-Reficar,9780.92,10010.0
2025-07-06,4,PT1H,MC-Reficar,9792.61,10010.0
2025-07-06,5,PT1H,MC-Reficar,9688.34,10010.0
2025-07-06,6,PT1H,MC-Reficar,9334.56,10010.0
2025-07-06,7,PT1H,MC-Reficar,9009.4,10010.0
2025-07-06,8,PT1H,MC-Reficar,9144.22,10010.0
2025-07-06,9,PT1H,MC-Reficar,9457.54,10010.0
2025-07-06,10,PT1H,MC-Reficar,12228.7,10010.0
2025-07-06,11,PT1H,MC-Reficar,12464.39,10010.0
2025-07-06,12,PT1H,MC-Reficar,9775.58,10010.0
2025-07-06,13,PT1H,MC-Reficar,10022.42,10010.0
2025-07-06,14,PT1H,MC-Reficar,10100.14,10010.0
2025-07-06,15,PT1H,MC-Reficar,10112.17,10010.0
2025-07-06,16,PT1H,MC-Reficar,9856.84,10010.0
2025-07-06,17,PT1H,MC-Reficar,11270.19,10010.0
2025-07-06,18,PT1H,MC-Reficar,12979.8,10010.0
2025-07-06,19,PT1H,MC-Reficar,11411.07,10000.0
2025-07-06,20,PT1H,MC-Reficar,10212.87,10000.0
2025-07-06,21,PT1H,MC-Reficar,10061.36,10000.0
2025-07-06,22,PT1H,MC-Reficar,10099.83,10010.0
2025-07-06,23,PT1H,MC-Reficar,9689.25,10010.0
2025-07-06,24,PT1H,MC-Reficar,9520.96,10010.0
2025-12-19,1,PT1H,MC-Reficar,1483.84,6810.0
2025-12-19,2,PT1H,MC-Reficar,2338.08,6810.0
2025-12-19,3,PT1H,MC-Reficar,2111.52,6810.0
2025-12-19,4,PT1H,MC-Reficar,1531.04,6810.0
2025-12-19,5,PT1H,MC-Reficar,1537.76,6810.0
2025-12-19,6,PT1H,MC-Reficar,1899.2,6810.0
2025-12-19,7,PT1H,MC-Reficar,1640.96,6810.0
2025-12-19,8,PT1H,MC-Reficar,1038.72,6810.0
2025-12-19,9,PT1H,MC-Reficar,1018.72,6810.0
2025-12-19,10,PT1H,MC-Reficar,928.16,6810.0
2025-12-19,11,PT1H,MC-Reficar,779.36,6810.0
2025-12-19,12,PT1H,MC-Reficar,740.8,6810.0
2025-12-19,13,PT1H,MC-Reficar,435.84,6810.0
2025-12-19,14,PT1H,MC-Reficar,751.36,6810.0
2025-12-19,15,PT1H,MC-Reficar,867.84,6810.0
2025-12-19,16,PT1H,MC-Reficar,658.08,6810.0
2025-12-19,17,PT1H,MC-Reficar,1177.6,6810.0
2025-12-19,18,PT1H,MC-Reficar,1420.96,6810.0
2025-12-19,19,PT1H,MC-Reficar,1016.32,6800.0
2025-12-19,20,PT1H,MC-Reficar,1155.68,6800.0
2025-12-19,21,PT1H,MC-Reficar,1043.36,6800.0
2025-12-19,22,PT1H,MC-Reficar,1484.48,6810.0
2025-12-19,23,PT1H,MC-Reficar,1395.84,6810.0
2025-12-19,24,PT1H,MC-Reficar,1549.28,6810.0
2025-08-06,1,PT1H,MC-Reficar,12081.09,10010.0
2025-08-06,2,PT1H,MC-Reficar,11831.36,10010.0
2025-08-06,3,PT1H,MC-Reficar,11778.78,10010.0
2025-08-06,4,PT1H,MC-Reficar,9736.19,10010.0
2025-08-06,5,PT1H,MC-Reficar,9346.16,10010.0
2025-08-06,6,PT1H,MC-Reficar,9206.63,10010.0
2025-08-06,7,PT1H,MC-Reficar,9645.42,10010.0
2025-08-06,8,PT1H,MC-Reficar,10868.26,10010.0
2025-08-06,9,PT1H,MC-Reficar,11576.81,10010.0
2025-08-06,10,PT1H,MC-Reficar,10826.27,10010.0
2025-08-06,11,PT1H,MC-Reficar,10451.49,10010.0
2025-08-06,12,PT1H,MC-Reficar,9685.73,10010.0
2025-08-06,13,PT1H,MC-Reficar,9819.18,10010.0
2025-08-06,14,PT1H,MC-Reficar,12519.42,10010.0
2025-08-06,15,PT1H,MC-Reficar,12409.15,10010.0
2025-08-06,16,PT1H,MC-Reficar,10573.88,10010.0
2025-08-06,17,PT1H,MC-Reficar,10472.17,10010.0
2025-08-06,18,PT1H,MC-Reficar,10777.27,10010.0
2025-08-06,19,PT1H,MC-Reficar,10844.67,10000.0
2025-08-06,20,PT1H,MC-Reficar,10328.25,10000.0
2025-08-06,21,PT1H,MC-Reficar,9934.99,10000.0
2025-08-06,22,PT1H,MC-Reficar,9996.34,10010.0
2025-08-06,23,PT1H,MC-Reficar,9414.35,10010.0
2025-08-06,24,PT1H,MC-Reficar,9638.57,10010.0
2025-11-30,1,PT1H,MC-Reficar,5115.19,5810.0
2025-11-30,2,PT1H,MC-Reficar,6059.09,5810.0
2025-11-30,3,PT1H,MC-Reficar,6132.53,5810.0
2025-11-30,4,PT1H,MC-Reficar,5882.61,5810.0
2025-11-30,5,PT1H,MC-Reficar,5323.19,6010.0
2025-11-30,6,PT1H,MC-Reficar,5359.1,6010.0
2025-11-30,7,PT1H,MC-Reficar,5367.96,6010.0
2025-11-30,8,PT1H,MC-Reficar,5081.04,6010.0
2025-11-30,9,PT1H,MC-Reficar,7246.34,5810.0
2025-11-30,10,PT1H,MC-Reficar,6645.87,5810.0
2025-11-30,11,PT1H,MC-Reficar,6985.26,5810.0
2025-11-30,12,PT1H,MC-Reficar,6027.11,5810.0
2025-11-30,13,PT1H,MC-Reficar,5968.28,6010.0
2025-11-30,14,PT1H,MC-Reficar,6150.46,6010.0
2025-11-30,15,PT1H,MC-Reficar,5378.47,6010.0
2025-11-30,16,PT1H,MC-Reficar,6161.46,6010.0
2025-11-30,17,PT1H,MC-Reficar,8215.35,5810.0
2025-11-30,18,PT1H,MC-Reficar,9792.83,5810.0
2025-11-30,19,PT1H,MC-Reficar,9554.77,5800.0
2025-11-30,20,PT1H,MC-Reficar,8528.38,5800.0
2025-11-30,21,PT1H,MC-Reficar,6839.64,6000.0
2025-11-30,22,PT1H,MC-Reficar,7493.94,6010.0
2025-11-30,23,PT1H,MC-Reficar,6904.11,6010.0
2025-11-30,24,PT1H,MC-Reficar,7011.76,6010.0
2025-08-29,1,PT1H,MC-Reficar,7435.1,4010.0
2025-08-29,2,PT1H,MC-Reficar,6989.3,4010.0
2025-08-29,3,PT1H,MC-Reficar,6275.89,4010.0
2025-08-29,4,PT1H,MC-Reficar,5801.36,4010.0
2025-08-29,5,PT1H,MC-Reficar,5127.57,4010.0
2025-08-29,6,PT1H,MC-Reficar,4792.41,4010.0
2025-08-29,7,PT1H,MC-Reficar,5380.31,4010.0
2025-08-29,8,PT1H,MC-Reficar,5765.71,4010.0
2025-08-29,9,PT1H,MC-Reficar,6409.01,4010.0
2025-08-29,10,PT1H,MC-Reficar,5816.9,4010.0
2025-08-29,11,PT1H,MC-Reficar,5226.72,4010.0
2025-08-29,12,PT1H,MC-Reficar,5317.19,4010.0
2025-08-29,13,PT1H,MC-Reficar,5211.55,4010.0
2025-08-29,14,PT1H,MC-Reficar,5008.56,4010.0
2025-08-29,15,PT1H,MC-Reficar,4550.67,4010.0
2025-08-29,16,PT1H,MC-Reficar,4480.76,4010.0
2025-08-29,17,PT1H,MC-Reficar,5161.04,4010.0
2025-08-29,18,PT1H,MC-Reficar,4813.51,4010.0
2025-08-29,19,PT1H,MC-Reficar,4385.78,4000.0
2025-08-29,20,PT1H,MC-Reficar,4805.78,4000.0
2025-08-29,21,PT1H,MC-Reficar,4582.85,4000.0
2025-08-29,22,PT1H,MC-Reficar,4775.53,4010.0
2025-08-29,23,PT1H,MC-Reficar,4700.66,4010.0
2025-08-29,24,PT1H,MC-Reficar,4787.43,4010.0
2025-09-27,1,PT1H,MC-Reficar,6609.1,10010.0
2025-09-27,2,PT1H,MC-Reficar,6251.41,10010.0
2025-09-27,3,PT1H,MC-Reficar,5763.68,10010.0
2025-09-27,4,PT1H,MC-Reficar,5555.61,10010.0
2025-09-27,5,PT1H,MC-Reficar,5692.05,10010.0
2025-09-27,6,PT1H,MC-Reficar,6659.1,10010.0
2025-09-27,7,PT1H,MC-Reficar,5912.15,10010.0
2025-09-27,8,PT1H,MC-Reficar,6134.73,10010.0
2025-09-27,9,PT1H,MC-Reficar,6942.06,10010.0
2025-09-27,10,PT1H,MC-Reficar,7578.62,10010.0
2025-09-27,11,PT1H,MC-Reficar,7896.38,10010.0
2025-09-27,12,PT1H,MC-Reficar,8052.15,10010.0
2025-09-27,13,PT1H,MC-Reficar,8375.59,10010.0
2025-09-27,14,PT1H,MC-Reficar,8761.02,10010.0
2025-09-27,15,PT1H,MC-Reficar,8146.27,10010.0
2025-09-27,16,PT1H,MC-Reficar,7863.18,10010.0
2025-09-27,17,PT1H,MC-Reficar,8793.69,10010.0
2025-09-27,18,PT1H,MC-Reficar,8705.69,10010.0
2025-09-27,19,PT1H,MC-Reficar,9040.05,10000.0
2025-09-27,20,PT1H,MC-Reficar,7461.11,10000.0
2025-09-27,21,PT1H,MC-Reficar,6144.93,10000.0
2025-09-27,22,PT1H,MC-Reficar,6117.3,10010.0
2025-09-27,23,PT1H,MC-Reficar,5509.65,10010.0
2025-09-27,24,PT1H,MC-Reficar,5070.3,10010.0
2025-05-07,1,PT1H,MC-Reficar,0.0,500.0
2025-05-07,2,PT1H,MC-Reficar,0.0,500.0
2025-05-07,3,PT1H,MC-Reficar,0.0,500.0
2025-05-07,4,PT1H,MC-Reficar,0.0,500.0
2025-05-07,5,PT1H,MC-Reficar,0.0,500.0
2025-05-07,6,PT1H,MC-Reficar,0.0,500.0
2025-05-07,7,PT1H,MC-Reficar,0.0,500.0
2025-05-07,8,PT1H,MC-Reficar,0.0,500.0
2025-05-07,9,PT1H,MC-Reficar,0.0,500.0
2025-05-07,10,PT1H,MC-Reficar,0.0,500.0
2025-05-07,11,PT1H,MC-Reficar,0.0,500.0
2025-05-07,12,PT1H,MC-Reficar,0.0,500.0
2025-05-07,13,PT1H,MC-Reficar,0.0,500.0
2025-05-07,14,PT1H,MC-Reficar,0.0,500.0
2025-05-07,15,PT1H,MC-Reficar,0.0,500.0
2025-05-07,16,PT1H,MC-Reficar,0.0,500.0
2025-05-07,17,PT1H,MC-Reficar,0.0,500.0
2025-05-07,18,PT1H,MC-Reficar,0.0,500.0
2025-05-07,19,PT1H,MC-Reficar,0.0,500.0
2025-05-07,20,PT1H,MC-Reficar,0.0,500.0
2025-05-07,21,PT1H,MC-Reficar,0.0,500.0
2025-05-07,22,PT1H,MC-Reficar,0.0,500.0
2025-05-07,23,PT1H,MC-Reficar,0.0,500.0
2025-05-07,24,PT1H,MC-Reficar,0.0,500.0
2025-07-14,1,PT1H,MC-Reficar,25838.6,10010.0
2025-07-14,2,PT1H,MC-Reficar,21290.22,10010.0
2025-07-14,3,PT1H,MC-Reficar,18648.13,10010.0
2025-07-14,4,PT1H,MC-Reficar,14643.69,10010.0
2025-07-14,5,PT1H,MC-Reficar,12489.59,10010.0
2025-07-14,6,PT1H,MC-Reficar,10543.92,10010.0
2025-07-14,7,PT1H,MC-Reficar,10140.43,10010.0
2025-07-14,8,PT1H,MC-Reficar,10349.74,10010.0
2025-07-14,9,PT1H,MC-Reficar,12675.4,10010.0
2025-07-14,10,PT1H,MC-Reficar,14880.35,10.0
2025-07-14,11,PT1H,MC-Reficar,10965.53,10.0
2025-07-14,12,PT1H,MC-Reficar,8034.54,10.0
2025-07-14,13,PT1H,MC-Reficar,8487.99,10.0
2025-07-14,14,PT1H,MC-Reficar,8908.08,10.0
2025-07-14,15,PT1H,MC-Reficar,9062.11,10.0
2025-07-14,16,PT1H,MC-Reficar,9784.64,10.0
2025-07-14,17,PT1H,MC-Reficar,10494.01,10.0
2025-07-14,18,PT1H,MC-Reficar,9638.16,10.0
2025-07-14,19,PT1H,MC-Reficar,9912.63,0.0
2025-07-14,20,PT1H,MC-Reficar,9463.35,0.0
2025-07-14,21,PT1H,MC-Reficar,9657.19,0.0
2025-07-14,22,PT1H,MC-Reficar,9834.94,10.0
2025-07-14,23,PT1H,MC-Reficar,9633.63,10.0
2025-07-14,24,PT1H,MC-Reficar,9984.04,10.0
2025-11-06,1,PT1H,MC-Reficar,9052.03,11010.0
2025-11-06,2,PT1H,MC-Reficar,11142.08,11010.0
2025-11-06,3,PT1H,MC-Reficar,10113.95,11010.0
2025-11-06,4,PT1H,MC-Reficar,9935.57,11010.0
2025-11-06,5,PT1H,MC-Reficar,10151.02,11010.0
2025-11-06,6,PT1H,MC-Reficar,9800.45,11010.0
2025-11-06,7,PT1H,MC-Reficar,9544.19,11010.0
2025-11-06,8,PT1H,MC-Reficar,9967.61,11010.0
2025-11-06,9,PT1H,MC-Reficar,10437.27,11010.0
2025-11-06,10,PT1H,MC-Reficar,12906.7,11010.0
2025-11-06,11,PT1H,MC-Reficar,15079.47,11010.0
2025-11-06,12,PT1H,MC-Reficar,13959.36,11010.0
2025-11-06,13,PT1H,MC-Reficar,12696.67,11010.0
2025-11-06,14,PT1H,MC-Reficar,11956.27,11010.0
2025-11-06,15,PT1H,MC-Reficar,10494.91,11010.0
2025-11-06,16,PT1H,MC-Reficar,10024.68,11010.0
2025-11-06,17,PT1H,MC-Reficar,9424.05,11010.0
2025-11-06,18,PT1H,MC-Reficar,12622.5,11010.0
2025-11-06,19,PT1H,MC-Reficar,12762.05,11000.0
2025-11-06,20,PT1H,MC-Reficar,10010.88,11000.0
2025-11-06,21,PT1H,MC-Reficar,9865.75,11000.0
2025-11-06,22,PT1H,MC-Reficar,9230.93,11010.0
2025-11-06,23,PT1H,MC-Reficar,8926.5,11010.0
2025-11-06,24,PT1H,MC-Reficar,9053.87,11010.0
2025-12-04,1,PT1H,MC-Reficar,9865.57,5810.0
2025-12-04,2,PT1H,MC-Reficar,10411.12,5810.0
2025-12-04,3,PT1H,MC-Reficar,10693.82,5810.0
2025-12-04,4,PT1H,MC-Reficar,10007.53,5810.0
2025-12-04,5,PT1H,MC-Reficar,10195.73,6010.0
2025-12-04,6,PT1H,MC-Reficar,9886.22,6010.0
2025-12-04,7,PT1H,MC-Reficar,9789.93,6010.0
2025-12-04,8,PT1H,MC-Reficar,10246.66,6010.0
2025-12-04,9,PT1H,MC-Reficar,10743.78,5810.0
2025-12-04,10,PT1H,MC-Reficar,8109.89,5810.0
2025-12-04,11,PT1H,MC-Reficar,6394.2,5810.0
2025-12-04,12,PT1H,MC-Reficar,6085.36,5810.0
2025-12-04,13,PT1H,MC-Reficar,5811.98,6010.0
2025-12-04,14,PT1H,MC-Reficar,5717.47,6010.0
2025-12-04,15,PT1H,MC-Reficar,5960.52,6010.0
2025-12-04,16,PT1H,MC-Reficar,7016.37,6010.0
2025-12-04,17,PT1H,MC-Reficar,7027.94,5810.0
2025-12-04,18,PT1H,MC-Reficar,7905.82,5810.0
2025-12-04,19,PT1H,MC-Reficar,6873.18,5800.0
2025-12-04,20,PT1H,MC-Reficar,6469.5,5800.0
2025-12-04,21,PT1H,MC-Reficar,5989.28,6000.0
2025-12-04,22,PT1H,MC-Reficar,6570.47,6010.0
2025-12-04,23,PT1H,MC-Reficar,6771.59,6010.0
2025-12-04,24,PT1H,MC-Reficar,6309.16,6010.0
2025-09-18,1,PT1H,MC-Reficar,6783.65,5010.0
2025-09-18,2,PT1H,MC-Reficar,6893.9,5010.0
2025-09-18,3,PT1H,MC-Reficar,5070.1,5010.0
2025-09-18,4,PT1H,MC-Reficar,3816.95,5010.0
2025-09-18,5,PT1H,MC-Reficar,3769.9,5010.0
2025-09-18,6,PT1H,MC-Reficar,4242.71,5010.0
2025-09-18,7,PT1H,MC-Reficar,4009.69,5010.0
2025-09-18,8,PT1H,MC-Reficar,3859.06,5010.0
2025-09-18,9,PT1H,MC-Reficar,4934.87,5010.0
2025-09-18,10,PT1H,MC-Reficar,7260.01,5010.0
2025-09-18,11,PT1H,MC-Reficar,4103.15,5010.0
2025-09-18,12,PT1H,MC-Reficar,4275.27,5010.0
2025-09-18,13,PT1H,MC-Reficar,7537.2,5010.0
2025-09-18,14,PT1H,MC-Reficar,7446.52,5010.0
2025-09-18,15,PT1H,MC-Reficar,7860.55,5010.0
2025-09-18,16,PT1H,MC-Reficar,7790.49,5010.0
2025-09-18,17,PT1H,MC-Reficar,9392.29,5010.0
2025-09-18,18,PT1H,MC-Reficar,10311.83,5010.0
2025-09-18,19,PT1H,MC-Reficar,8746.01,5000.0
2025-09-18,20,PT1H,MC-Reficar,7278.35,5000.0
2025-09-18,21,PT1H,MC-Reficar,6733.61,5000.0
2025-09-18,22,PT1H,MC-Reficar,7633.53,5010.0
2025-09-18,23,PT1H,MC-Reficar,7156.2,5010.0
2025-09-18,24,PT1H,MC-Reficar,6996.42,5010.0
2026-02-22,1,PT1H,MC-Reficar,0.0,10.0
2026-02-22,2,PT1H,MC-Reficar,0.0,10.0
2026-02-22,3,PT1H,MC-Reficar,0.0,10.0
2026-02-22,4,PT1H,MC-Reficar,0.0,10.0
2026-02-22,5,PT1H,MC-Reficar,0.0,10.0
2026-02-22,6,PT1H,MC-Reficar,0.0,10.0
2026-02-22,7,PT1H,MC-Reficar,0.0,10.0
2026-02-22,8,PT1H,MC-Reficar,0.0,10.0
2026-02-22,9,PT1H,MC-Reficar,0.0,10.0
2026-02-22,10,PT1H,MC-Reficar,0.0,10.0
2026-02-22,11,PT1H,MC-Reficar,0.05,10.0
2026-02-22,12,PT1H,MC-Reficar,0.0,10.0
2026-02-22,13,PT1H,MC-Reficar,0.0,10.0
2026-02-22,14,PT1H,MC-Reficar,0.0,10.0
2026-02-22,15,PT1H,MC-Reficar,0.0,10.0
2026-02-22,16,PT1H,MC-Reficar,0.0,10.0
2026-02-22,17,PT1H,MC-Reficar,0.0,10.0
2026-02-22,18,PT1H,MC-Reficar,0.0,10.0
2026-02-22,19,PT1H,MC-Reficar,0.0,0.0
2026-02-22,20,PT1H,MC-Reficar,0.0,0.0
2026-02-22,21,PT1H,MC-Reficar,0.0,0.0
2026-02-22,22,PT1H,MC-Reficar,0.0,10.0
2026-02-22,23,PT1H,MC-Reficar,0.0,10.0
2026-02-22,24,PT1H,MC-Reficar,0.0,10.0
2025-05-29,1,PT1H,MC-Reficar,11658.15,8010.0
2025-05-29,2,PT1H,MC-Reficar,11716.19,8010.0
2025-05-29,3,PT1H,MC-Reficar,11413.86,8010.0
2025-05-29,4,PT1H,MC-Reficar,10818.87,8010.0
2025-05-29,5,PT1H,MC-Reficar,10760.47,8010.0
2025-05-29,6,PT1H,MC-Reficar,10230.84,8010.0
2025-05-29,7,PT1H,MC-Reficar,9199.26,8010.0
2025-05-29,8,PT1H,MC-Reficar,9152.27,8010.0
2025-05-29,9,PT1H,MC-Reficar,10605.1,8010.0
2025-05-29,10,PT1H,MC-Reficar,10969.21,8010.0
2025-05-29,11,PT1H,MC-Reficar,10526.7,8010.0
2025-05-29,12,PT1H,MC-Reficar,9620.38,8010.0
2025-05-29,13,PT1H,MC-Reficar,10123.88,8010.0
2025-05-29,14,PT1H,MC-Reficar,10309.57,8010.0
2025-05-29,15,PT1H,MC-Reficar,10495.69,8010.0
2025-05-29,16,PT1H,MC-Reficar,10542.65,8010.0
2025-05-29,17,PT1H,MC-Reficar,10545.99,8010.0
2025-05-29,18,PT1H,MC-Reficar,10051.77,8010.0
2025-05-29,19,PT1H,MC-Reficar,9913.94,8000.0
2025-05-29,20,PT1H,MC-Reficar,9698.79,8000.0
2025-05-29,21,PT1H,MC-Reficar,10246.02,8000.0
2025-05-29,22,PT1H,MC-Reficar,10728.24,8010.0
2025-05-29,23,PT1H,MC-Reficar,10214.56,8010.0
2025-05-29,24,PT1H,MC-Reficar,10126.92,8010.0
2025-07-31,1,PT1H,MC-Reficar,10676.51,10010.0
2025-07-31,2,PT1H,MC-Reficar,11541.82,10010.0
2025-07-31,3,PT1H,MC-Reficar,10927.09,10010.0
2025-07-31,4,PT1H,MC-Reficar,10562.56,10010.0
2025-07-31,5,PT1H,MC-Reficar,10415.4,10010.0
2025-07-31,6,PT1H,MC-Reficar,10051.47,10010.0
2025-07-31,7,PT1H,MC-Reficar,9698.64,10010.0
2025-07-31,8,PT1H,MC-Reficar,10124.98,10010.0
2025-07-31,9,PT1H,MC-Reficar,11263.02,10010.0
2025-07-31,10,PT1H,MC-Reficar,13658.45,10010.0
2025-07-31,11,PT1H,MC-Reficar,11104.63,10010.0
2025-07-31,12,PT1H,MC-Reficar,9665.68,10010.0
2025-07-31,13,PT1H,MC-Reficar,9649.22,10010.0
2025-07-31,14,PT1H,MC-Reficar,10085.52,10010.0
2025-07-31,15,PT1H,MC-Reficar,10170.19,10010.0
2025-07-31,16,PT1H,MC-Reficar,10278.63,10010.0
2025-07-31,17,PT1H,MC-Reficar,10444.7,10010.0
2025-07-31,18,PT1H,MC-Reficar,10181.02,10010.0
2025-07-31,19,PT1H,MC-Reficar,9411.31,10000.0
2025-07-31,20,PT1H,MC-Reficar,10379.71,10000.0
2025-07-31,21,PT1H,MC-Reficar,10458.54,10000.0
2025-07-31,22,PT1H,MC-Reficar,10465.72,10010.0
2025-07-31,23,PT1H,MC-Reficar,10140.59,10010.0
2025-07-31,24,PT1H,MC-Reficar,9983.14,10010.0
2025-10-31,1,PT1H,MC-Reficar,11234.96,14020.0
2025-10-31,2,PT1H,MC-Reficar,11891.86,14020.0
2025-10-31,3,PT1H,MC-Reficar,11383.24,14020.0
2025-10-31,4,PT1H,MC-Reficar,12114.66,14020.0
2025-10-31,5,PT1H,MC-Reficar,10745.72,14020.0
2025-10-31,6,PT1H,MC-Reficar,9218.18,14020.0
2025-10-31,7,PT1H,MC-Reficar,9934.54,14020.0
2025-10-31,8,PT1H,MC-Reficar,10803.74,14020.0
2025-10-31,9,PT1H,MC-Reficar,12570.56,14020.0
2025-10-31,10,PT1H,MC-Reficar,18710.18,14020.0
2025-10-31,11,PT1H,MC-Reficar,18919.86,14020.0
2025-10-31,12,PT1H,MC-Reficar,14534.6,14020.0
2025-10-31,13,PT1H,MC-Reficar,14754.88,14020.0
2025-10-31,14,PT1H,MC-Reficar,14866.68,14020.0
2025-10-31,15,PT1H,MC-Reficar,14768.72,14020.0
2025-10-31,16,PT1H,MC-Reficar,13518.98,14020.0
2025-10-31,17,PT1H,MC-Reficar,16288.48,14020.0
2025-10-31,18,PT1H,MC-Reficar,13865.2,14020.0
2025-10-31,19,PT1H,MC-Reficar,13586.72,14000.0
2025-10-31,20,PT1H,MC-Reficar,8048.54,14000.0
2025-10-31,21,PT1H,MC-Reficar,7633.34,14000.0
2025-10-31,22,PT1H,MC-Reficar,7924.56,14020.0
2025-10-31,23,PT1H,MC-Reficar,11500.14,14020.0
2025-10-31,24,PT1H,MC-Reficar,10943.7,14020.0
2025-09-02,1,PT1H,MC-Reficar,4843.43,5010.0
2025-09-02,2,PT1H,MC-Reficar,5176.46,5010.0
2025-09-02,3,PT1H,MC-Reficar,5159.11,5010.0
2025-09-02,4,PT1H,MC-Reficar,4790.62,5010.0
2025-09-02,5,PT1H,MC-Reficar,4349.44,5010.0
2025-09-02,6,PT1H,MC-Reficar,4835.57,5010.0
2025-09-02,7,PT1H,MC-Reficar,4734.55,5010.0
2025-09-02,8,PT1H,MC-Reficar,5050.3,5010.0
2025-09-02,9,PT1H,MC-Reficar,5568.24,5010.0
2025-09-02,10,PT1H,MC-Reficar,6540.64,5010.0
2025-09-02,11,PT1H,MC-Reficar,6211.64,5010.0
2025-09-02,12,PT1H,MC-Reficar,5657.7,5010.0
2025-09-02,13,PT1H,MC-Reficar,5374.54,5010.0
2025-09-02,14,PT1H,MC-Reficar,5315.39,5010.0
2025-09-02,15,PT1H,MC-Reficar,5027.45,5010.0
2025-09-02,16,PT1H,MC-Reficar,5103.79,5010.0
2025-09-02,17,PT1H,MC-Reficar,5233.24,5010.0
2025-09-02,18,PT1H,MC-Reficar,4957.15,5010.0
2025-09-02,19,PT1H,MC-Reficar,6248.33,5000.0
2025-09-02,20,PT1H,MC-Reficar,6829.86,5000.0
2025-09-02,21,PT1H,MC-Reficar,5677.35,5000.0
2025-09-02,22,PT1H,MC-Reficar,4557.08,5010.0
2025-09-02,23,PT1H,MC-Reficar,4287.41,5010.0
2025-09-02,24,PT1H,MC-Reficar,4379.25,5010.0
2025-12-01,1,PT1H,MC-Reficar,7297.62,5810.0
2025-12-01,2,PT1H,MC-Reficar,8501.08,5810.0
2025-12-01,3,PT1H,MC-Reficar,7991.15,5810.0
2025-12-01,4,PT1H,MC-Reficar,5852.59,5810.0
2025-12-01,5,PT1H,MC-Reficar,5113.34,6010.0
2025-12-01,6,PT1H,MC-Reficar,4908.43,6010.0
2025-12-01,7,PT1H,MC-Reficar,5440.46,6010.0
2025-12-01,8,PT1H,MC-Reficar,5659.01,6010.0
2025-12-01,9,PT1H,MC-Reficar,5907.08,5810.0
2025-12-01,10,PT1H,MC-Reficar,7075.24,5810.0
2025-12-01,11,PT1H,MC-Reficar,6914.2,5810.0
2025-12-01,12,PT1H,MC-Reficar,6024.76,5810.0
2025-12-01,13,PT1H,MC-Reficar,6806.58,6010.0
2025-12-01,14,PT1H,MC-Reficar,6037.89,6010.0
2025-12-01,15,PT1H,MC-Reficar,5611.71,6010.0
2025-12-01,16,PT1H,MC-Reficar,6992.08,6010.0
2025-12-01,17,PT1H,MC-Reficar,6936.14,5810.0
2025-12-01,18,PT1H,MC-Reficar,4848.31,5810.0
2025-12-01,19,PT1H,MC-Reficar,5565.56,5800.0
2025-12-01,20,PT1H,MC-Reficar,6516.7,5800.0
2025-12-01,21,PT1H,MC-Reficar,7468.07,6000.0
2025-12-01,22,PT1H,MC-Reficar,7243.26,6010.0
2025-12-01,23,PT1H,MC-Reficar,5298.74,6010.0
2025-12-01,24,PT1H,MC-Reficar,4741.94,6010.0
2026-01-26,1,PT1H,MC-Reficar,0.0,10.0
2026-01-26,2,PT1H,MC-Reficar,0.0,10.0
2026-01-26,3,PT1H,MC-Reficar,0.0,10.0
2026-01-26,4,PT1H,MC-Reficar,0.0,10.0
2026-01-26,5,PT1H,MC-Reficar,0.0,10.0
2026-01-26,6,PT1H,MC-Reficar,0.0,10.0
2026-01-26,7,PT1H,MC-Reficar,0.0,10.0
2026-01-26,8,PT1H,MC-Reficar,0.0,10.0
2026-01-26,9,PT1H,MC-Reficar,0.0,10.0
2026-01-26,10,PT1H,MC-Reficar,0.0,10.0
2026-01-26,11,PT1H,MC-Reficar,0.0,10.0
2026-01-26,12,PT1H,MC-Reficar,0.0,10.0
2026-01-26,13,PT1H,MC-Reficar,0.0,10.0
2026-01-26,14,PT1H,MC-Reficar,0.0,10.0
2026-01-26,15,PT1H,MC-Reficar,0.0,10.0
2026-01-26,16,PT1H,MC-Reficar,0.0,10.0
2026-01-26,17,PT1H,MC-Reficar,0.0,10.0
2026-01-26,18,PT1H,MC-Reficar,0.0,10.0
2026-01-26,19,PT1H,MC-Reficar,0.0,0.0
2026-01-26,20,PT1H,MC-Reficar,0.0,0.0
2026-01-26,21,PT1H,MC-Reficar,0.0,0.0
2026-01-26,22,PT1H,MC-Reficar,0.0,10.0
2026-01-26,23,PT1H,MC-Reficar,0.0,10.0
2026-01-26,24,PT1H,MC-Reficar,0.0,10.0
2025-10-21,24,PT1H,MC-Reficar,10223.84,14020.0
2025-10-21,1,PT1H,MC-Reficar,13211.52,14020.0
2025-10-21,2,PT1H,MC-Reficar,12066.52,14020.0
2025-10-21,3,PT1H,MC-Reficar,8570.78,14020.0
2025-10-21,4,PT1H,MC-Reficar,8087.78,14020.0
2025-10-21,5,PT1H,MC-Reficar,8056.86,14020.0
2025-10-21,6,PT1H,MC-Reficar,8593.46,14020.0
2025-10-21,7,PT1H,MC-Reficar,8545.38,14020.0
2025-10-21,8,PT1H,MC-Reficar,10380.24,14020.0
2025-10-21,9,PT1H,MC-Reficar,11310.76,14020.0
2025-10-21,10,PT1H,MC-Reficar,12562.94,14020.0
2025-10-21,11,PT1H,MC-Reficar,12226.66,14020.0
2025-10-21,12,PT1H,MC-Reficar,12572.74,14020.0
2025-10-21,13,PT1H,MC-Reficar,10075.84,14020.0
2025-10-21,14,PT1H,MC-Reficar,9379.74,14020.0
2025-10-21,15,PT1H,MC-Reficar,10531.58,14020.0
2025-10-21,16,PT1H,MC-Reficar,9979.9,14020.0
2025-10-21,17,PT1H,MC-Reficar,10830.88,14020.0
2025-10-21,18,PT1H,MC-Reficar,10886.52,14020.0
2025-10-21,19,PT1H,MC-Reficar,11536.24,14000.0
2025-10-21,20,PT1H,MC-Reficar,11539.44,14000.0
2025-10-21,21,PT1H,MC-Reficar,11005.34,14000.0
2025-10-21,22,PT1H,MC-Reficar,10217.72,14020.0
2025-10-21,23,PT1H,MC-Reficar,9701.68,14020.0
2025-10-08,1,PT1H,MC-Reficar,8702.04,16020.0
2025-10-08,2,PT1H,MC-Reficar,5730.92,16020.0
2025-10-08,3,PT1H,MC-Reficar,7241.28,16020.0
2025-10-08,4,PT1H,MC-Reficar,7145.76,16020.0
2025-10-08,5,PT1H,MC-Reficar,9865.52,16020.0
2025-10-08,6,PT1H,MC-Reficar,8292.52,16020.0
2025-10-08,7,PT1H,MC-Reficar,10355.32,16020.0
2025-10-08,8,PT1H,MC-Reficar,11422.36,16020.0
2025-10-08,9,PT1H,MC-Reficar,14334.98,16020.0
2025-10-08,10,PT1H,MC-Reficar,13846.22,16020.0
2025-10-08,11,PT1H,MC-Reficar,13604.34,16020.0
2025-10-08,12,PT1H,MC-Reficar,15945.28,16020.0
2025-10-08,13,PT1H,MC-Reficar,15815.46,16020.0
2025-10-08,14,PT1H,MC-Reficar,14189.46,16020.0
2025-10-08,15,PT1H,MC-Reficar,13843.12,16020.0
2025-10-08,16,PT1H,MC-Reficar,12790.94,16020.0
2025-10-08,17,PT1H,MC-Reficar,9609.88,16020.0
2025-10-08,18,PT1H,MC-Reficar,9346.16,16020.0
2025-10-08,19,PT1H,MC-Reficar,8188.42,16000.0
2025-10-08,20,PT1H,MC-Reficar,7511.54,16000.0
2025-10-08,21,PT1H,MC-Reficar,6994.56,16000.0
2025-10-08,22,PT1H,MC-Reficar,7054.22,16020.0
2025-10-08,23,PT1H,MC-Reficar,8353.56,16020.0
2025-10-08,24,PT1H,MC-Reficar,8656.84,16020.0
2025-12-17,1,PT1H,MC-Reficar,1773.6,6210.0
2025-12-17,2,PT1H,MC-Reficar,2388.8,6210.0
2025-12-17,3,PT1H,MC-Reficar,2873.92,6210.0
2025-12-17,4,PT1H,MC-Reficar,1834.4,6210.0
2025-12-17,5,PT1H,MC-Reficar,2127.04,6210.0
2025-12-17,6,PT1H,MC-Reficar,1735.52,6210.0
2025-12-17,7,PT1H,MC-Reficar,1190.24,6210.0
2025-12-17,8,PT1H,MC-Reficar,1516.64,6210.0
2025-12-17,9,PT1H,MC-Reficar,1913.92,6210.0
2025-12-17,10,PT1H,MC-Reficar,1715.36,6210.0
2025-12-17,11,PT1H,MC-Reficar,2390.24,6210.0
2025-12-17,12,PT1H,MC-Reficar,2683.68,6210.0
2025-12-17,13,PT1H,MC-Reficar,2103.52,6210.0
2025-12-17,14,PT1H,MC-Reficar,2159.68,6210.0
2025-12-17,15,PT1H,MC-Reficar,1716.96,6210.0
2025-12-17,16,PT1H,MC-Reficar,1092.0,6210.0
2025-12-17,17,PT1H,MC-Reficar,1130.72,6210.0
2025-12-17,18,PT1H,MC-Reficar,1718.08,6210.0
2025-12-17,19,PT1H,MC-Reficar,3066.24,6200.0
2025-12-17,20,PT1H,MC-Reficar,2444.32,6200.0
2025-12-17,21,PT1H,MC-Reficar,2044.16,6200.0
2025-12-17,22,PT1H,MC-Reficar,1857.76,6210.0
2025-12-17,23,PT1H,MC-Reficar,1988.8,6210.0
2025-12-17,24,PT1H,MC-Reficar,2015.68,6210.0
2025-08-20,1,PT1H,MC-Reficar,7192.64,4010.0
2025-08-20,2,PT1H,MC-Reficar,7806.68,4010.0
2025-08-20,3,PT1H,MC-Reficar,6957.79,4010.0
2025-08-20,4,PT1H,MC-Reficar,5111.05,4010.0
2025-08-20,5,PT1H,MC-Reficar,4806.79,4010.0
2025-08-20,6,PT1H,MC-Reficar,4461.99,4010.0
2025-08-20,7,PT1H,MC-Reficar,4371.59,4010.0
2025-08-20,8,PT1H,MC-Reficar,5527.28,4010.0
2025-08-20,9,PT1H,MC-Reficar,5980.88,4010.0
2025-08-20,10,PT1H,MC-Reficar,6268.88,4010.0
2025-08-20,11,PT1H,MC-Reficar,4794.42,4010.0
2025-08-20,12,PT1H,MC-Reficar,5217.36,4010.0
2025-08-20,13,PT1H,MC-Reficar,5138.86,4010.0
2025-08-20,14,PT1H,MC-Reficar,5152.49,4010.0
2025-08-20,15,PT1H,MC-Reficar,4922.06,4010.0
2025-08-20,16,PT1H,MC-Reficar,5715.7,4010.0
2025-08-20,17,PT1H,MC-Reficar,5631.85,4010.0
2025-08-20,18,PT1H,MC-Reficar,6341.58,4010.0
2025-08-20,19,PT1H,MC-Reficar,5697.59,4000.0
2025-08-20,20,PT1H,MC-Reficar,4536.95,4000.0
2025-08-20,21,PT1H,MC-Reficar,5067.23,4000.0
2025-08-20,22,PT1H,MC-Reficar,4913.03,4010.0
2025-08-20,23,PT1H,MC-Reficar,4656.32,4010.0
2025-08-20,24,PT1H,MC-Reficar,4943.11,4010.0
2025-07-19,1,PT1H,MC-Reficar,11713.67,10010.0
2025-07-19,2,PT1H,MC-Reficar,11845.67,10010.0
2025-07-19,3,PT1H,MC-Reficar,9374.01,10010.0
2025-07-19,4,PT1H,MC-Reficar,9281.62,10010.0
2025-07-19,5,PT1H,MC-Reficar,9556.09,10010.0
2025-07-19,6,PT1H,MC-Reficar,9334.1,10010.0
2025-07-19,7,PT1H,MC-Reficar,8777.92,10010.0
2025-07-19,8,PT1H,MC-Reficar,8992.93,10010.0
2025-07-19,9,PT1H,MC-Reficar,8757.28,10010.0
2025-07-19,10,PT1H,MC-Reficar,9231.39,10010.0
2025-07-19,11,PT1H,MC-Reficar,9209.69,10010.0
2025-07-19,12,PT1H,MC-Reficar,7905.31,10010.0
2025-07-19,13,PT1H,MC-Reficar,8635.42,10010.0
2025-07-19,14,PT1H,MC-Reficar,8719.33,10010.0
2025-07-19,15,PT1H,MC-Reficar,8950.07,10010.0
2025-07-19,16,PT1H,MC-Reficar,9496.11,10010.0
2025-07-19,17,PT1H,MC-Reficar,9850.7,10010.0
2025-07-19,18,PT1H,MC-Reficar,10679.36,10010.0
2025-07-19,19,PT1H,MC-Reficar,9983.96,10000.0
2025-07-19,20,PT1H,MC-Reficar,9291.58,10000.0
2025-07-19,21,PT1H,MC-Reficar,10036.82,10000.0
2025-07-19,22,PT1H,MC-Reficar,10221.57,10010.0
2025-07-19,23,PT1H,MC-Reficar,10123.64,10010.0
2025-07-19,24,PT1H,MC-Reficar,10267.55,10010.0
2025-06-21,1,PT1H,MC-Reficar,5452.31,8010.0
2025-06-21,2,PT1H,MC-Reficar,5940.94,8010.0
2025-06-21,3,PT1H,MC-Reficar,5154.49,8010.0
2025-06-21,4,PT1H,MC-Reficar,4932.63,8010.0
2025-06-21,5,PT1H,MC-Reficar,5008.4,8010.0
2025-06-21,6,PT1H,MC-Reficar,5508.43,8010.0
2025-06-21,7,PT1H,MC-Reficar,6289.28,8010.0
2025-06-21,8,PT1H,MC-Reficar,7384.53,8010.0
2025-06-21,9,PT1H,MC-Reficar,9014.84,8010.0
2025-06-21,10,PT1H,MC-Reficar,9447.28,8010.0
2025-06-21,11,PT1H,MC-Reficar,8251.13,8010.0
2025-06-21,12,PT1H,MC-Reficar,7407.66,8010.0
2025-06-21,13,PT1H,MC-Reficar,7360.1,8010.0
2025-06-21,14,PT1H,MC-Reficar,7458.02,8010.0
2025-06-21,15,PT1H,MC-Reficar,7316.1,8010.0
2025-06-21,16,PT1H,MC-Reficar,7552.85,8010.0
2025-06-21,17,PT1H,MC-Reficar,8356.75,8010.0
2025-06-21,18,PT1H,MC-Reficar,8040.17,8010.0
2025-06-21,19,PT1H,MC-Reficar,7725.19,8000.0
2025-06-21,20,PT1H,MC-Reficar,5692.25,8000.0
2025-06-21,21,PT1H,MC-Reficar,4994.23,8000.0
2025-06-21,22,PT1H,MC-Reficar,5638.98,8010.0
2025-06-21,23,PT1H,MC-Reficar,5294.27,8010.0
2025-06-21,24,PT1H,MC-Reficar,4856.34,8010.0
2025-04-29,1,PT1H,MC-Reficar,0.0,0.0
2025-04-29,2,PT1H,MC-Reficar,0.0,0.0
2025-04-29,3,PT1H,MC-Reficar,0.0,0.0
2025-04-29,4,PT1H,MC-Reficar,0.0,0.0
2025-04-29,5,PT1H,MC-Reficar,0.0,0.0
2025-04-29,6,PT1H,MC-Reficar,0.0,0.0
2025-04-29,7,PT1H,MC-Reficar,0.0,0.0
2025-04-29,8,PT1H,MC-Reficar,0.0,0.0
2025-04-29,9,PT1H,MC-Reficar,0.0,0.0
2025-04-29,10,PT1H,MC-Reficar,0.0,0.0
2025-04-29,11,PT1H,MC-Reficar,0.0,0.0
2025-04-29,12,PT1H,MC-Reficar,0.0,0.0
2025-04-29,13,PT1H,MC-Reficar,0.0,0.0
2025-04-29,14,PT1H,MC-Reficar,0.0,0.0
2025-04-29,15,PT1H,MC-Reficar,0.0,0.0
2025-04-29,16,PT1H,MC-Reficar,0.0,0.0
2025-04-29,17,PT1H,MC-Reficar,0.0,0.0
2025-04-29,18,PT1H,MC-Reficar,0.0,0.0
2025-04-29,19,PT1H,MC-Reficar,0.0,0.0
2025-04-29,20,PT1H,MC-Reficar,0.0,0.0
2025-04-29,21,PT1H,MC-Reficar,0.0,0.0
2025-04-29,22,PT1H,MC-Reficar,0.0,0.0
2025-04-29,23,PT1H,MC-Reficar,0.0,0.0
2025-04-29,24,PT1H,MC-Reficar,0.0,0.0
2025-07-18,1,PT1H,MC-Reficar,11934.5,10010.0
2025-07-18,2,PT1H,MC-Reficar,13027.91,10010.0
2025-07-18,3,PT1H,MC-Reficar,10973.02,10010.0
2025-07-18,4,PT1H,MC-Reficar,10018.29,10010.0
2025-07-18,5,PT1H,MC-Reficar,9762.43,10010.0
2025-07-18,6,PT1H,MC-Reficar,9482.86,10010.0
2025-07-18,7,PT1H,MC-Reficar,9432.19,10010.0
2025-07-18,8,PT1H,MC-Reficar,9859.37,10010.0
2025-07-18,9,PT1H,MC-Reficar,10389.11,10010.0
2025-07-18,10,PT1H,MC-Reficar,11612.38,10010.0
2025-07-18,11,PT1H,MC-Reficar,9780.01,10010.0
2025-07-18,12,PT1H,MC-Reficar,9641.64,10010.0
2025-07-18,13,PT1H,MC-Reficar,9524.48,10010.0
2025-07-18,14,PT1H,MC-Reficar,9201.07,10010.0
2025-07-18,15,PT1H,MC-Reficar,9648.58,10010.0
2025-07-18,16,PT1H,MC-Reficar,9408.18,10010.0
2025-07-18,17,PT1H,MC-Reficar,8975.38,10010.0
2025-07-18,18,PT1H,MC-Reficar,10590.11,10010.0
2025-07-18,19,PT1H,MC-Reficar,9453.64,10000.0
2025-07-18,20,PT1H,MC-Reficar,7506.43,10000.0
2025-07-18,21,PT1H,MC-Reficar,7224.06,10000.0
2025-07-18,22,PT1H,MC-Reficar,7314.06,10010.0
2025-07-18,23,PT1H,MC-Reficar,7211.17,10010.0
2025-07-18,24,PT1H,MC-Reficar,8788.64,10010.0
2026-01-29,1,PT1H,MC-Reficar,0.0,10.0
2026-01-29,2,PT1H,MC-Reficar,0.0,10.0
2026-01-29,3,PT1H,MC-Reficar,0.0,10.0
2026-01-29,4,PT1H,MC-Reficar,0.0,10.0
2026-01-29,5,PT1H,MC-Reficar,0.0,10.0
2026-01-29,6,PT1H,MC-Reficar,0.0,10.0
2026-01-29,7,PT1H,MC-Reficar,0.0,10.0
2026-01-29,8,PT1H,MC-Reficar,0.0,10.0
2026-01-29,9,PT1H,MC-Reficar,0.0,10.0
2026-01-29,10,PT1H,MC-Reficar,0.0,10.0
2026-01-29,11,PT1H,MC-Reficar,0.0,10.0
2026-01-29,12,PT1H,MC-Reficar,0.0,10.0
2026-01-29,13,PT1H,MC-Reficar,0.0,10.0
2026-01-29,14,PT1H,MC-Reficar,0.0,10.0
2026-01-29,15,PT1H,MC-Reficar,0.0,10.0
2026-01-29,16,PT1H,MC-Reficar,0.0,10.0
2026-01-29,17,PT1H,MC-Reficar,0.0,10.0
2026-01-29,18,PT1H,MC-Reficar,0.0,10.0
2026-01-29,19,PT1H,MC-Reficar,0.0,0.0
2026-01-29,20,PT1H,MC-Reficar,0.0,0.0
2026-01-29,21,PT1H,MC-Reficar,0.0,0.0
2026-01-29,22,PT1H,MC-Reficar,0.0,10.0
2026-01-29,23,PT1H,MC-Reficar,0.0,10.0
2026-01-29,24,PT1H,MC-Reficar,0.0,10.0
2025-09-05,1,PT1H,MC-Reficar,7629.33,5010.0
2025-09-05,2,PT1H,MC-Reficar,8831.43,5010.0
2025-09-05,3,PT1H,MC-Reficar,8274.18,5010.0
2025-09-05,4,PT1H,MC-Reficar,5911.35,5010.0
2025-09-05,5,PT1H,MC-Reficar,5930.51,5010.0
2025-09-05,6,PT1H,MC-Reficar,5731.39,5010.0
2025-09-05,7,PT1H,MC-Reficar,5609.52,5010.0
2025-09-05,8,PT1H,MC-Reficar,6040.4,5010.0
2025-09-05,9,PT1H,MC-Reficar,5864.38,5010.0
2025-09-05,10,PT1H,MC-Reficar,6284.11,5010.0
2025-09-05,11,PT1H,MC-Reficar,5278.04,5010.0
2025-09-05,12,PT1H,MC-Reficar,6096.4,5010.0
2025-09-05,13,PT1H,MC-Reficar,6793.93,5010.0
2025-09-05,14,PT1H,MC-Reficar,4914.94,5010.0
2025-09-05,15,PT1H,MC-Reficar,5179.18,5010.0
2025-09-05,16,PT1H,MC-Reficar,5204.31,5010.0
2025-09-05,17,PT1H,MC-Reficar,6925.49,5010.0
2025-09-05,18,PT1H,MC-Reficar,7160.73,5010.0
2025-09-05,19,PT1H,MC-Reficar,5724.88,5000.0
2025-09-05,20,PT1H,MC-Reficar,6168.54,5000.0
2025-09-05,21,PT1H,MC-Reficar,5629.06,5000.0
2025-09-05,22,PT1H,MC-Reficar,5456.82,5010.0
2025-09-05,23,PT1H,MC-Reficar,5258.44,5010.0
2025-09-05,24,PT1H,MC-Reficar,5341.47,5010.0
2025-09-01,1,PT1H,MC-Reficar,5882.31,5010.0
2025-09-01,2,PT1H,MC-Reficar,6392.06,5010.0
2025-09-01,3,PT1H,MC-Reficar,5762.09,5010.0
2025-09-01,4,PT1H,MC-Reficar,5094.6,5010.0
2025-09-01,5,PT1H,MC-Reficar,4641.58,5010.0
2025-09-01,6,PT1H,MC-Reficar,4327.87,5010.0
2025-09-01,7,PT1H,MC-Reficar,4687.97,5010.0
2025-09-01,8,PT1H,MC-Reficar,6866.27,5010.0
2025-09-01,9,PT1H,MC-Reficar,8733.13,5010.0
2025-09-01,10,PT1H,MC-Reficar,8383.99,5010.0
2025-09-01,11,PT1H,MC-Reficar,5502.25,5010.0
2025-09-01,12,PT1H,MC-Reficar,4969.54,5010.0
2025-09-01,13,PT1H,MC-Reficar,4921.44,5010.0
2025-09-01,14,PT1H,MC-Reficar,4514.66,5010.0
2025-09-01,15,PT1H,MC-Reficar,4221.3,5010.0
2025-09-01,16,PT1H,MC-Reficar,4297.4,5010.0
2025-09-01,17,PT1H,MC-Reficar,4719.3,5010.0
2025-09-01,18,PT1H,MC-Reficar,5526.1,5010.0
2025-09-01,19,PT1H,MC-Reficar,4440.24,5000.0
2025-09-01,20,PT1H,MC-Reficar,4052.25,5000.0
2025-09-01,21,PT1H,MC-Reficar,4002.94,5000.0
2025-09-01,22,PT1H,MC-Reficar,4255.0,5010.0
2025-09-01,23,PT1H,MC-Reficar,4475.84,5010.0
2025-09-01,24,PT1H,MC-Reficar,4678.4,5010.0
2025-08-07,1,PT1H,MC-Reficar,10339.14,4010.0
2025-08-07,2,PT1H,MC-Reficar,10239.63,4010.0
2025-08-07,3,PT1H,MC-Reficar,8395.22,4010.0
2025-08-07,4,PT1H,MC-Reficar,9338.08,4010.0
2025-08-07,5,PT1H,MC-Reficar,9534.19,4010.0
2025-08-07,6,PT1H,MC-Reficar,8763.17,4010.0
2025-08-07,7,PT1H,MC-Reficar,9391.19,4010.0
2025-08-07,8,PT1H,MC-Reficar,10809.11,4010.0
2025-08-07,9,PT1H,MC-Reficar,11489.33,4010.0
2025-08-07,10,PT1H,MC-Reficar,10811.15,4010.0
2025-08-07,11,PT1H,MC-Reficar,10465.34,4010.0
2025-08-07,12,PT1H,MC-Reficar,10815.2,4010.0
2025-08-07,13,PT1H,MC-Reficar,10416.77,4010.0
2025-08-07,14,PT1H,MC-Reficar,9846.64,4010.0
2025-08-07,15,PT1H,MC-Reficar,10298.79,4010.0
2025-08-07,16,PT1H,MC-Reficar,10261.32,4010.0
2025-08-07,17,PT1H,MC-Reficar,11325.85,4010.0
2025-08-07,18,PT1H,MC-Reficar,11483.71,4010.0
2025-08-07,19,PT1H,MC-Reficar,10445.69,4000.0
2025-08-07,20,PT1H,MC-Reficar,10311.96,4000.0
2025-08-07,21,PT1H,MC-Reficar,10441.97,4000.0
2025-08-07,22,PT1H,MC-Reficar,10833.07,4010.0
2025-08-07,23,PT1H,MC-Reficar,10932.84,4010.0
2025-08-07,24,PT1H,MC-Reficar,11047.51,4010.0
2025-07-08,1,PT1H,MC-Reficar,9616.82,10010.0
2025-07-08,2,PT1H,MC-Reficar,10605.32,10010.0
2025-07-08,3,PT1H,MC-Reficar,9028.88,10010.0
2025-07-08,4,PT1H,MC-Reficar,8228.69,10010.0
2025-07-08,5,PT1H,MC-Reficar,8095.16,10010.0
2025-07-08,6,PT1H,MC-Reficar,7656.36,10010.0
2025-07-08,7,PT1H,MC-Reficar,8741.37,10010.0
2025-07-08,8,PT1H,MC-Reficar,10142.55,10010.0
2025-07-08,9,PT1H,MC-Reficar,10679.72,10010.0
2025-07-08,10,PT1H,MC-Reficar,10657.52,10010.0
2025-07-08,11,PT1H,MC-Reficar,10075.79,10010.0
2025-07-08,12,PT1H,MC-Reficar,9452.02,10010.0
2025-07-08,13,PT1H,MC-Reficar,10498.74,10010.0
2025-07-08,14,PT1H,MC-Reficar,10549.85,10010.0
2025-07-08,15,PT1H,MC-Reficar,10547.78,10010.0
2025-07-08,16,PT1H,MC-Reficar,10684.31,10010.0
2025-07-08,17,PT1H,MC-Reficar,10204.76,10010.0
2025-07-08,18,PT1H,MC-Reficar,10120.59,10010.0
2025-07-08,19,PT1H,MC-Reficar,9960.62,10000.0
2025-07-08,20,PT1H,MC-Reficar,8349.04,10000.0
2025-07-08,21,PT1H,MC-Reficar,7562.61,10000.0
2025-07-08,22,PT1H,MC-Reficar,6723.15,10010.0
2025-07-08,23,PT1H,MC-Reficar,7019.36,10010.0
2025-07-08,24,PT1H,MC-Reficar,7421.65,10010.0
2025-12-12,1,PT1H,MC-Reficar,5422.8,6810.0
2025-12-12,2,PT1H,MC-Reficar,5334.92,6810.0
2025-12-12,3,PT1H,MC-Reficar,5746.34,6810.0
2025-12-12,4,PT1H,MC-Reficar,5641.57,6810.0
2025-12-12,5,PT1H,MC-Reficar,5154.01,6810.0
2025-12-12,6,PT1H,MC-Reficar,5097.62,6810.0
2025-12-12,7,PT1H,MC-Reficar,4726.83,6810.0
2025-12-12,8,PT1H,MC-Reficar,5772.82,6810.0
2025-12-12,9,PT1H,MC-Reficar,6738.42,6810.0
2025-12-12,10,PT1H,MC-Reficar,6435.5,6810.0
2025-12-12,11,PT1H,MC-Reficar,6390.8,6810.0
2025-12-12,12,PT1H,MC-Reficar,6455.62,6810.0
2025-12-12,13,PT1H,MC-Reficar,6586.45,6810.0
2025-12-12,14,PT1H,MC-Reficar,5969.45,6810.0
2025-12-12,15,PT1H,MC-Reficar,5262.03,6810.0
2025-12-12,16,PT1H,MC-Reficar,5119.43,6810.0
2025-12-12,17,PT1H,MC-Reficar,5270.17,6810.0
2025-12-12,18,PT1H,MC-Reficar,5336.65,6810.0
2025-12-12,19,PT1H,MC-Reficar,5638.17,6800.0
2025-12-12,20,PT1H,MC-Reficar,5263.93,6800.0
2025-12-12,21,PT1H,MC-Reficar,4753.23,6800.0
2025-12-12,22,PT1H,MC-Reficar,4822.68,6810.0
2025-12-12,23,PT1H,MC-Reficar,4719.21,6810.0
2025-12-12,24,PT1H,MC-Reficar,4356.56,6810.0
2026-01-27,1,PT1H,MC-Reficar,0.0,10.0
2026-01-27,2,PT1H,MC-Reficar,0.0,10.0
2026-01-27,3,PT1H,MC-Reficar,0.0,10.0
2026-01-27,4,PT1H,MC-Reficar,0.0,10.0
2026-01-27,5,PT1H,MC-Reficar,0.0,10.0
2026-01-27,6,PT1H,MC-Reficar,0.0,10.0
2026-01-27,7,PT1H,MC-Reficar,0.0,10.0
2026-01-27,8,PT1H,MC-Reficar,0.0,10.0
2026-01-27,9,PT1H,MC-Reficar,0.0,10.0
2026-01-27,10,PT1H,MC-Reficar,0.0,10.0
2026-01-27,11,PT1H,MC-Reficar,0.0,10.0
2026-01-27,12,PT1H,MC-Reficar,0.0,10.0
2026-01-27,13,PT1H,MC-Reficar,0.0,10.0
2026-01-27,14,PT1H,MC-Reficar,0.0,10.0
2026-01-27,15,PT1H,MC-Reficar,0.0,10.0
2026-01-27,16,PT1H,MC-Reficar,0.0,10.0
2026-01-27,17,PT1H,MC-Reficar,0.0,10.0
2026-01-27,18,PT1H,MC-Reficar,0.0,10.0
2026-01-27,19,PT1H,MC-Reficar,0.0,0.0
2026-01-27,20,PT1H,MC-Reficar,0.0,0.0
2026-01-27,21,PT1H,MC-Reficar,0.0,0.0
2026-01-27,22,PT1H,MC-Reficar,0.0,10.0
2026-01-27,23,PT1H,MC-Reficar,0.0,10.0
2026-01-27,24,PT1H,MC-Reficar,0.0,10.0
2025-12-16,1,PT1H,MC-Reficar,5678.12,6210.0
2025-12-16,2,PT1H,MC-Reficar,5760.8,6210.0
2025-12-16,3,PT1H,MC-Reficar,6069.14,6210.0
2025-12-16,4,PT1H,MC-Reficar,7171.18,6210.0
2025-12-16,5,PT1H,MC-Reficar,5593.4,6210.0
2025-12-16,6,PT1H,MC-Reficar,5221.78,6210.0
2025-12-16,7,PT1H,MC-Reficar,5053.26,6210.0
2025-12-16,8,PT1H,MC-Reficar,3360.28,10.0
2025-12-16,9,PT1H,MC-Reficar,24.9,10.0
2025-12-16,10,PT1H,MC-Reficar,0.0,10.0
2025-12-16,11,PT1H,MC-Reficar,0.0,10.0
2025-12-16,12,PT1H,MC-Reficar,0.0,10.0
2025-12-16,13,PT1H,MC-Reficar,18.85,10.0
2025-12-16,14,PT1H,MC-Reficar,493.33,6210.0
2025-12-16,15,PT1H,MC-Reficar,1712.15,6210.0
2025-12-16,16,PT1H,MC-Reficar,2030.46,6210.0
2025-12-16,17,PT1H,MC-Reficar,2890.68,6210.0
2025-12-16,18,PT1H,MC-Reficar,2135.07,6210.0
2025-12-16,19,PT1H,MC-Reficar,1327.46,6200.0
2025-12-16,20,PT1H,MC-Reficar,784.71,6200.0
2025-12-16,21,PT1H,MC-Reficar,1663.14,6200.0
2025-12-16,22,PT1H,MC-Reficar,1648.68,6210.0
2025-12-16,23,PT1H,MC-Reficar,1341.7,6210.0
2025-12-16,24,PT1H,MC-Reficar,1750.6,6210.0
2025-09-10,1,PT1H,MC-Reficar,10941.99,10010.0
2025-09-10,2,PT1H,MC-Reficar,11023.72,10010.0
2025-09-10,3,PT1H,MC-Reficar,10270.99,10010.0
2025-09-10,4,PT1H,MC-Reficar,9875.47,10010.0
2025-09-10,5,PT1H,MC-Reficar,9947.09,10010.0
2025-09-10,6,PT1H,MC-Reficar,9655.57,10010.0
2025-09-10,7,PT1H,MC-Reficar,10131.21,10010.0
2025-09-10,8,PT1H,MC-Reficar,10806.98,10010.0
2025-09-10,9,PT1H,MC-Reficar,11446.1,10010.0
2025-09-10,10,PT1H,MC-Reficar,11464.31,10010.0
2025-09-10,11,PT1H,MC-Reficar,11468.63,10010.0
2025-09-10,12,PT1H,MC-Reficar,10052.53,10010.0
2025-09-10,13,PT1H,MC-Reficar,10035.85,10010.0
2025-09-10,14,PT1H,MC-Reficar,9825.29,10010.0
2025-09-10,15,PT1H,MC-Reficar,9699.0,10010.0
2025-09-10,16,PT1H,MC-Reficar,9640.59,10010.0
2025-09-10,17,PT1H,MC-Reficar,14218.56,10010.0
2025-09-10,18,PT1H,MC-Reficar,13049.48,10010.0
2025-09-10,19,PT1H,MC-Reficar,12379.15,10000.0
2025-09-10,20,PT1H,MC-Reficar,9947.25,10000.0
2025-09-10,21,PT1H,MC-Reficar,9773.3,10000.0
2025-09-10,22,PT1H,MC-Reficar,9510.71,10010.0
2025-09-10,23,PT1H,MC-Reficar,9455.49,10010.0
2025-09-10,24,PT1H,MC-Reficar,10215.48,10010.0
2026-01-05,1,PT1H,MC-Reficar,0.0,10.0
2026-01-05,2,PT1H,MC-Reficar,0.0,10.0
2026-01-05,3,PT1H,MC-Reficar,0.0,10.0
2026-01-05,4,PT1H,MC-Reficar,0.0,10.0
2026-01-05,5,PT1H,MC-Reficar,0.0,10.0
2026-01-05,6,PT1H,MC-Reficar,0.0,10.0
2026-01-05,7,PT1H,MC-Reficar,0.0,10.0
2026-01-05,8,PT1H,MC-Reficar,0.0,10.0
2026-01-05,9,PT1H,MC-Reficar,0.0,10.0
2026-01-05,10,PT1H,MC-Reficar,0.0,10.0
2026-01-05,11,PT1H,MC-Reficar,0.0,10.0
2026-01-05,12,PT1H,MC-Reficar,0.0,10.0
2026-01-05,13,PT1H,MC-Reficar,0.0,10.0
2026-01-05,14,PT1H,MC-Reficar,0.0,10.0
2026-01-05,15,PT1H,MC-Reficar,0.0,10.0
2026-01-05,16,PT1H,MC-Reficar,0.0,10.0
2026-01-05,17,PT1H,MC-Reficar,0.0,10.0
2026-01-05,18,PT1H,MC-Reficar,0.0,10.0
2026-01-05,19,PT1H,MC-Reficar,0.0,0.0
2026-01-05,20,PT1H,MC-Reficar,0.0,0.0
2026-01-05,21,PT1H,MC-Reficar,0.0,0.0
2026-01-05,22,PT1H,MC-Reficar,0.0,10.0
2026-01-05,23,PT1H,MC-Reficar,0.0,10.0
2026-01-05,24,PT1H,MC-Reficar,0.0,10.0
2025-09-23,1,PT1H,MC-Reficar,6561.44,10010.0
2025-09-23,2,PT1H,MC-Reficar,7949.97,10010.0
2025-09-23,3,PT1H,MC-Reficar,7258.61,10010.0
2025-09-23,4,PT1H,MC-Reficar,6318.24,10010.0
2025-09-23,5,PT1H,MC-Reficar,4814.62,10010.0
2025-09-23,6,PT1H,MC-Reficar,5459.7,10010.0
2025-09-23,7,PT1H,MC-Reficar,5346.01,10010.0
2025-09-23,8,PT1H,MC-Reficar,5639.63,10010.0
2025-09-23,9,PT1H,MC-Reficar,6929.84,10010.0
2025-09-23,10,PT1H,MC-Reficar,8461.54,10010.0
2025-09-23,11,PT1H,MC-Reficar,8775.51,10010.0
2025-09-23,12,PT1H,MC-Reficar,7931.81,10010.0
2025-09-23,13,PT1H,MC-Reficar,8139.51,10010.0
2025-09-23,14,PT1H,MC-Reficar,7522.91,10010.0
2025-09-23,15,PT1H,MC-Reficar,6227.06,10010.0
2025-09-23,16,PT1H,MC-Reficar,6194.92,10010.0
2025-09-23,17,PT1H,MC-Reficar,7683.71,10010.0
2025-09-23,18,PT1H,MC-Reficar,7429.86,10010.0
2025-09-23,19,PT1H,MC-Reficar,6865.08,10000.0
2025-09-23,20,PT1H,MC-Reficar,6475.57,10000.0
2025-09-23,21,PT1H,MC-Reficar,6553.33,10000.0
2025-09-23,22,PT1H,MC-Reficar,6209.22,10010.0
2025-09-23,23,PT1H,MC-Reficar,6500.02,10010.0
2025-09-23,24,PT1H,MC-Reficar,5873.7,10010.0
2025-10-01,2,PT1H,MC-Reficar,11731.4,16020.0
2025-10-01,3,PT1H,MC-Reficar,12908.46,16020.0
2025-10-01,4,PT1H,MC-Reficar,12622.38,16020.0
2025-10-01,5,PT1H,MC-Reficar,11977.14,16020.0
2025-10-01,6,PT1H,MC-Reficar,10878.34,16020.0
2025-10-01,7,PT1H,MC-Reficar,10412.7,16020.0
2025-10-01,8,PT1H,MC-Reficar,11312.6,16020.0
2025-10-01,9,PT1H,MC-Reficar,12163.0,16020.0
2025-10-01,10,PT1H,MC-Reficar,13742.74,16020.0
2025-10-01,11,PT1H,MC-Reficar,15328.3,16020.0
2025-10-01,12,PT1H,MC-Reficar,20702.08,16020.0
2025-10-01,13,PT1H,MC-Reficar,24304.14,16020.0
2025-10-01,14,PT1H,MC-Reficar,16180.3,16020.0
2025-10-01,15,PT1H,MC-Reficar,13999.62,16020.0
2025-10-01,16,PT1H,MC-Reficar,14631.52,16020.0
2025-10-01,17,PT1H,MC-Reficar,14593.96,16020.0
2025-10-01,18,PT1H,MC-Reficar,15349.36,16020.0
2025-10-01,19,PT1H,MC-Reficar,15854.18,16000.0
2025-10-01,20,PT1H,MC-Reficar,13207.92,16000.0
2025-10-01,21,PT1H,MC-Reficar,14082.16,16000.0
2025-10-01,22,PT1H,MC-Reficar,13698.6,16020.0
2025-10-01,23,PT1H,MC-Reficar,13818.08,16020.0
2025-10-01,24,PT1H,MC-Reficar,13538.96,16020.0
2025-10-01,1,PT1H,MC-Reficar,10144.84,16020.0
2026-02-03,1,PT1H,MC-Reficar,0.0,10.0
2026-02-03,2,PT1H,MC-Reficar,0.0,10.0
2026-02-03,3,PT1H,MC-Reficar,0.0,10.0
2026-02-03,4,PT1H,MC-Reficar,0.0,10.0
2026-02-03,5,PT1H,MC-Reficar,0.0,10.0
2026-02-03,6,PT1H,MC-Reficar,0.0,10.0
2026-02-03,7,PT1H,MC-Reficar,0.0,10.0
2026-02-03,8,PT1H,MC-Reficar,0.0,10.0
2026-02-03,9,PT1H,MC-Reficar,0.0,10.0
2026-02-03,10,PT1H,MC-Reficar,0.0,10.0
2026-02-03,11,PT1H,MC-Reficar,0.0,10.0
2026-02-03,12,PT1H,MC-Reficar,0.0,10.0
2026-02-03,13,PT1H,MC-Reficar,0.0,10.0
2026-02-03,14,PT1H,MC-Reficar,0.0,10.0
2026-02-03,15,PT1H,MC-Reficar,0.0,10.0
2026-02-03,16,PT1H,MC-Reficar,0.0,10.0
2026-02-03,17,PT1H,MC-Reficar,0.0,10.0
2026-02-03,18,PT1H,MC-Reficar,0.0,10.0
2026-02-03,19,PT1H,MC-Reficar,0.0,0.0
2026-02-03,20,PT1H,MC-Reficar,0.0,0.0
2026-02-03,21,PT1H,MC-Reficar,0.0,0.0
2026-02-03,22,PT1H,MC-Reficar,0.0,10.0
2026-02-03,23,PT1H,MC-Reficar,0.0,10.0
2026-02-03,24,PT1H,MC-Reficar,0.0,10.0
2025-11-23,1,PT1H,MC-Reficar,10305.89,10510.0
2025-11-23,2,PT1H,MC-Reficar,12601.16,10510.0
2025-11-23,3,PT1H,MC-Reficar,12436.37,10510.0
2025-11-23,4,PT1H,MC-Reficar,9394.71,10510.0
2025-11-23,5,PT1H,MC-Reficar,9703.08,11010.0
2025-11-23,6,PT1H,MC-Reficar,9739.88,11010.0
2025-11-23,7,PT1H,MC-Reficar,9543.4,11010.0
2025-11-23,8,PT1H,MC-Reficar,9470.04,11010.0
2025-11-23,9,PT1H,MC-Reficar,10720.96,10510.0
2025-11-23,10,PT1H,MC-Reficar,12407.55,10510.0
2025-11-23,11,PT1H,MC-Reficar,11810.88,10510.0
2025-11-23,12,PT1H,MC-Reficar,9507.97,10510.0
2025-11-23,13,PT1H,MC-Reficar,9659.36,11010.0
2025-11-23,14,PT1H,MC-Reficar,10121.02,11010.0
2025-11-23,15,PT1H,MC-Reficar,9953.83,11010.0
2025-11-23,16,PT1H,MC-Reficar,9793.74,11010.0
2025-11-23,17,PT1H,MC-Reficar,9781.69,10510.0
2025-11-23,18,PT1H,MC-Reficar,10443.0,10510.0
2025-11-23,19,PT1H,MC-Reficar,9887.81,10500.0
2025-11-23,20,PT1H,MC-Reficar,9881.8,10500.0
2025-11-23,21,PT1H,MC-Reficar,9970.71,11000.0
2025-11-23,22,PT1H,MC-Reficar,10204.65,11010.0
2025-11-23,23,PT1H,MC-Reficar,9955.88,11010.0
2025-11-23,24,PT1H,MC-Reficar,10209.69,11010.0
2025-05-19,1,PT1H,MC-Reficar,0.0,510.0
2025-05-19,2,PT1H,MC-Reficar,0.0,510.0
2025-05-19,3,PT1H,MC-Reficar,0.0,510.0
2025-05-19,4,PT1H,MC-Reficar,0.0,510.0
2025-05-19,5,PT1H,MC-Reficar,0.0,510.0
2025-05-19,6,PT1H,MC-Reficar,0.0,510.0
2025-05-19,7,PT1H,MC-Reficar,0.0,510.0
2025-05-19,8,PT1H,MC-Reficar,0.0,510.0
2025-05-19,9,PT1H,MC-Reficar,0.0,510.0
2025-05-19,10,PT1H,MC-Reficar,66.02,510.0
2025-05-19,11,PT1H,MC-Reficar,64.92,510.0
2025-05-19,12,PT1H,MC-Reficar,91.5,510.0
2025-05-19,13,PT1H,MC-Reficar,156.87,510.0
2025-05-19,14,PT1H,MC-Reficar,159.69,510.0
2025-05-19,15,PT1H,MC-Reficar,162.55,510.0
2025-05-19,16,PT1H,MC-Reficar,150.69,510.0
2025-05-19,17,PT1H,MC-Reficar,96.46,510.0
2025-05-19,18,PT1H,MC-Reficar,24.39,510.0
2025-05-19,19,PT1H,MC-Reficar,132.34,500.0
2025-05-19,20,PT1H,MC-Reficar,150.93,500.0
2025-05-19,21,PT1H,MC-Reficar,150.17,500.0
2025-05-19,22,PT1H,MC-Reficar,149.23,510.0
2025-05-19,23,PT1H,MC-Reficar,149.64,510.0
2025-05-19,24,PT1H,MC-Reficar,150.34,510.0
2025-06-12,1,PT1H,MC-Reficar,8775.96,8010.0
2025-06-12,2,PT1H,MC-Reficar,10239.04,8010.0
2025-06-12,3,PT1H,MC-Reficar,10181.12,8010.0
2025-06-12,4,PT1H,MC-Reficar,7752.8,8010.0
2025-06-12,5,PT1H,MC-Reficar,7664.5,8010.0
2025-06-12,6,PT1H,MC-Reficar,7044.97,8010.0
2025-06-12,7,PT1H,MC-Reficar,6843.58,8010.0
2025-06-12,8,PT1H,MC-Reficar,8261.99,8010.0
2025-06-12,9,PT1H,MC-Reficar,10122.38,8010.0
2025-06-12,10,PT1H,MC-Reficar,10664.49,8010.0
2025-06-12,11,PT1H,MC-Reficar,10619.9,8010.0
2025-06-12,12,PT1H,MC-Reficar,8495.54,8010.0
2025-06-12,13,PT1H,MC-Reficar,8131.89,8010.0
2025-06-12,14,PT1H,MC-Reficar,7895.62,8010.0
2025-06-12,15,PT1H,MC-Reficar,8153.48,8010.0
2025-06-12,16,PT1H,MC-Reficar,8994.37,8010.0
2025-06-12,17,PT1H,MC-Reficar,9886.44,8010.0
2025-06-12,18,PT1H,MC-Reficar,9998.52,8010.0
2025-06-12,19,PT1H,MC-Reficar,7327.43,8000.0
2025-06-12,20,PT1H,MC-Reficar,7220.36,8000.0
2025-06-12,21,PT1H,MC-Reficar,7255.22,8000.0
2025-06-12,22,PT1H,MC-Reficar,7400.79,8010.0
2025-06-12,23,PT1H,MC-Reficar,7274.95,8010.0
2025-06-12,24,PT1H,MC-Reficar,7164.86,8010.0
2025-06-20,1,PT1H,MC-Reficar,143.22,8010.0
2025-06-20,2,PT1H,MC-Reficar,142.84,8010.0
2025-06-20,3,PT1H,MC-Reficar,142.07,8010.0
2025-06-20,4,PT1H,MC-Reficar,142.0,8010.0
2025-06-20,5,PT1H,MC-Reficar,142.35,8010.0
2025-06-20,6,PT1H,MC-Reficar,143.58,8010.0
2025-06-20,7,PT1H,MC-Reficar,140.52,8010.0
2025-06-20,8,PT1H,MC-Reficar,138.63,8010.0
2025-06-20,9,PT1H,MC-Reficar,138.37,8010.0
2025-06-20,10,PT1H,MC-Reficar,137.09,8010.0
2025-06-20,11,PT1H,MC-Reficar,144.91,8010.0
2025-06-20,12,PT1H,MC-Reficar,147.17,8010.0
2025-06-20,13,PT1H,MC-Reficar,147.89,8010.0
2025-06-20,14,PT1H,MC-Reficar,146.84,8010.0
2025-06-20,15,PT1H,MC-Reficar,4302.18,8010.0
2025-06-20,16,PT1H,MC-Reficar,9647.87,8010.0
2025-06-20,17,PT1H,MC-Reficar,10074.68,8010.0
2025-06-20,18,PT1H,MC-Reficar,5688.1,8010.0
2025-06-20,19,PT1H,MC-Reficar,5045.98,8000.0
2025-06-20,20,PT1H,MC-Reficar,5552.16,8000.0
2025-06-20,21,PT1H,MC-Reficar,4520.09,8000.0
2025-06-20,22,PT1H,MC-Reficar,4068.13,8010.0
2025-06-20,23,PT1H,MC-Reficar,4274.32,8010.0
2025-06-20,24,PT1H,MC-Reficar,4193.54,8010.0
2025-12-24,1,PT1H,MC-Reficar,126.63,10.0
2025-12-24,2,PT1H,MC-Reficar,0.17,10.0
2025-12-24,3,PT1H,MC-Reficar,0.0,10.0
2025-12-24,4,PT1H,MC-Reficar,0.0,10.0
2025-12-24,5,PT1H,MC-Reficar,0.0,10.0
2025-12-24,6,PT1H,MC-Reficar,0.0,10.0
2025-12-24,7,PT1H,MC-Reficar,0.0,10.0
2025-12-24,8,PT1H,MC-Reficar,23.82,10.0
2025-12-24,9,PT1H,MC-Reficar,0.63,10.0
2025-12-24,10,PT1H,MC-Reficar,0.03,10.0
2025-12-24,11,PT1H,MC-Reficar,0.0,10.0
2025-12-24,12,PT1H,MC-Reficar,0.0,10.0
2025-12-24,13,PT1H,MC-Reficar,0.0,10.0
2025-12-24,14,PT1H,MC-Reficar,0.0,10.0
2025-12-24,15,PT1H,MC-Reficar,0.0,10.0
2025-12-24,16,PT1H,MC-Reficar,2.46,10.0
2025-12-24,17,PT1H,MC-Reficar,14.87,10.0
2025-12-24,18,PT1H,MC-Reficar,0.0,10.0
2025-12-24,19,PT1H,MC-Reficar,0.0,0.0
2025-12-24,20,PT1H,MC-Reficar,0.0,0.0
2025-12-24,21,PT1H,MC-Reficar,0.0,0.0
2025-12-24,22,PT1H,MC-Reficar,0.0,10.0
2025-12-24,23,PT1H,MC-Reficar,0.0,10.0
2025-12-24,24,PT1H,MC-Reficar,0.0,10.0
2025-11-10,1,PT1H,MC-Reficar,8609.94,6010.0
2025-11-10,2,PT1H,MC-Reficar,10250.78,6010.0
2025-11-10,3,PT1H,MC-Reficar,8531.47,6010.0
2025-11-10,4,PT1H,MC-Reficar,6357.11,6010.0
2025-11-10,5,PT1H,MC-Reficar,6626.22,6010.0
2025-11-10,6,PT1H,MC-Reficar,6233.02,6010.0
2025-11-10,7,PT1H,MC-Reficar,5520.41,6010.0
2025-11-10,8,PT1H,MC-Reficar,5179.01,6010.0
2025-11-10,9,PT1H,MC-Reficar,4943.0,6010.0
2025-11-10,10,PT1H,MC-Reficar,6378.08,6010.0
2025-11-10,11,PT1H,MC-Reficar,6871.7,6010.0
2025-11-10,12,PT1H,MC-Reficar,6447.47,6010.0
2025-11-10,13,PT1H,MC-Reficar,5556.27,6010.0
2025-11-10,14,PT1H,MC-Reficar,4494.79,6010.0
2025-11-10,15,PT1H,MC-Reficar,4021.89,6010.0
2025-11-10,16,PT1H,MC-Reficar,3806.97,6010.0
2025-11-10,17,PT1H,MC-Reficar,4478.1,6010.0
2025-11-10,18,PT1H,MC-Reficar,6544.28,6010.0
2025-11-10,19,PT1H,MC-Reficar,7078.99,6000.0
2025-11-10,20,PT1H,MC-Reficar,6157.89,6000.0
2025-11-10,21,PT1H,MC-Reficar,4760.87,6000.0
2025-11-10,22,PT1H,MC-Reficar,4734.57,6010.0
2025-11-10,23,PT1H,MC-Reficar,4654.51,6010.0
2025-11-10,24,PT1H,MC-Reficar,4757.09,6010.0
2025-07-09,1,PT1H,MC-Reficar,9350.36,10010.0
2025-07-09,2,PT1H,MC-Reficar,9979.76,10010.0
2025-07-09,3,PT1H,MC-Reficar,9485.06,10010.0
2025-07-09,4,PT1H,MC-Reficar,7380.8,10010.0
2025-07-09,5,PT1H,MC-Reficar,7165.03,10010.0
2025-07-09,6,PT1H,MC-Reficar,6419.05,10010.0
2025-07-09,7,PT1H,MC-Reficar,7771.86,10010.0
2025-07-09,8,PT1H,MC-Reficar,10703.66,10010.0
2025-07-09,9,PT1H,MC-Reficar,10863.52,10010.0
2025-07-09,10,PT1H,MC-Reficar,10962.81,10010.0
2025-07-09,11,PT1H,MC-Reficar,9138.75,10010.0
2025-07-09,12,PT1H,MC-Reficar,9390.43,10010.0
2025-07-09,13,PT1H,MC-Reficar,9648.73,10010.0
2025-07-09,14,PT1H,MC-Reficar,10429.66,10010.0
2025-07-09,15,PT1H,MC-Reficar,10275.09,10010.0
2025-07-09,16,PT1H,MC-Reficar,10143.87,10010.0
2025-07-09,17,PT1H,MC-Reficar,11287.07,10010.0
2025-07-09,18,PT1H,MC-Reficar,10894.65,10010.0
2025-07-09,19,PT1H,MC-Reficar,10340.21,10000.0
2025-07-09,20,PT1H,MC-Reficar,7506.56,10000.0
2025-07-09,21,PT1H,MC-Reficar,6912.48,10000.0
2025-07-09,22,PT1H,MC-Reficar,6615.12,10010.0
2025-07-09,23,PT1H,MC-Reficar,6892.13,10010.0
2025-07-09,24,PT1H,MC-Reficar,7228.45,10010.0
2025-09-06,1,PT1H,MC-Reficar,5415.8,5010.0
2025-09-06,2,PT1H,MC-Reficar,5597.15,5010.0
2025-09-06,3,PT1H,MC-Reficar,7904.43,5010.0
2025-09-06,4,PT1H,MC-Reficar,7501.93,5010.0
2025-09-06,5,PT1H,MC-Reficar,5559.16,5010.0
2025-09-06,6,PT1H,MC-Reficar,5192.88,5010.0
2025-09-06,7,PT1H,MC-Reficar,4812.45,5010.0
2025-09-06,8,PT1H,MC-Reficar,4870.8,5010.0
2025-09-06,9,PT1H,MC-Reficar,5689.0,5010.0
2025-09-06,10,PT1H,MC-Reficar,6173.71,5010.0
2025-09-06,11,PT1H,MC-Reficar,5295.15,5010.0
2025-09-06,12,PT1H,MC-Reficar,5267.1,5010.0
2025-09-06,13,PT1H,MC-Reficar,4892.02,5010.0
2025-09-06,14,PT1H,MC-Reficar,5111.87,5010.0
2025-09-06,15,PT1H,MC-Reficar,5115.52,5010.0
2025-09-06,16,PT1H,MC-Reficar,4995.69,5010.0
2025-09-06,17,PT1H,MC-Reficar,5302.42,5010.0
2025-09-06,18,PT1H,MC-Reficar,6072.97,5010.0
2025-09-06,19,PT1H,MC-Reficar,5105.95,5000.0
2025-09-06,20,PT1H,MC-Reficar,4217.78,5000.0
2025-09-06,21,PT1H,MC-Reficar,4743.98,5000.0
2025-09-06,22,PT1H,MC-Reficar,4799.8,5010.0
2025-09-06,23,PT1H,MC-Reficar,4614.15,5010.0
2025-09-06,24,PT1H,MC-Reficar,4653.04,5010.0
2025-09-22,1,PT1H,MC-Reficar,4208.24,10010.0
2025-09-22,2,PT1H,MC-Reficar,4215.66,10010.0
2025-09-22,3,PT1H,MC-Reficar,4834.44,10010.0
2025-09-22,4,PT1H,MC-Reficar,7784.95,10010.0
2025-09-22,5,PT1H,MC-Reficar,8758.64,10010.0
2025-09-22,6,PT1H,MC-Reficar,7291.07,10010.0
2025-09-22,7,PT1H,MC-Reficar,6186.03,10010.0
2025-09-22,8,PT1H,MC-Reficar,7035.23,10010.0
2025-09-22,9,PT1H,MC-Reficar,6946.17,10010.0
2025-09-22,10,PT1H,MC-Reficar,7086.17,10010.0
2025-09-22,11,PT1H,MC-Reficar,7932.07,10010.0
2025-09-22,12,PT1H,MC-Reficar,9876.35,10010.0
2025-09-22,13,PT1H,MC-Reficar,10450.96,10010.0
2025-09-22,14,PT1H,MC-Reficar,8317.63,10010.0
2025-09-22,15,PT1H,MC-Reficar,7764.01,10010.0
2025-09-22,16,PT1H,MC-Reficar,6224.37,10010.0
2025-09-22,17,PT1H,MC-Reficar,6094.31,10010.0
2025-09-22,18,PT1H,MC-Reficar,6027.88,10010.0
2025-09-22,19,PT1H,MC-Reficar,7973.15,10000.0
2025-09-22,20,PT1H,MC-Reficar,7510.56,10000.0
2025-09-22,21,PT1H,MC-Reficar,6557.19,10000.0
2025-09-22,22,PT1H,MC-Reficar,6528.63,10010.0
2025-09-22,23,PT1H,MC-Reficar,6312.75,10010.0
2025-09-22,24,PT1H,MC-Reficar,6407.64,10010.0
2025-08-16,1,PT1H,MC-Reficar,6308.23,10010.0
2025-08-16,2,PT1H,MC-Reficar,5798.55,10010.0
2025-08-16,3,PT1H,MC-Reficar,4241.73,10010.0
2025-08-16,4,PT1H,MC-Reficar,3523.24,10010.0
2025-08-16,5,PT1H,MC-Reficar,3805.37,10010.0
2025-08-16,6,PT1H,MC-Reficar,3848.79,10010.0
2025-08-16,7,PT1H,MC-Reficar,3459.13,10010.0
2025-08-16,8,PT1H,MC-Reficar,3552.46,10010.0
2025-08-16,9,PT1H,MC-Reficar,5441.79,10010.0
2025-08-16,10,PT1H,MC-Reficar,10073.86,10010.0
2025-08-16,11,PT1H,MC-Reficar,13830.63,10010.0
2025-08-16,12,PT1H,MC-Reficar,8097.49,10010.0
2025-08-16,13,PT1H,MC-Reficar,4473.39,10010.0
2025-08-16,14,PT1H,MC-Reficar,5356.27,10010.0
2025-08-16,15,PT1H,MC-Reficar,5508.03,10010.0
2025-08-16,16,PT1H,MC-Reficar,5012.23,10010.0
2025-08-16,17,PT1H,MC-Reficar,5386.01,10010.0
2025-08-16,18,PT1H,MC-Reficar,5459.08,10010.0
2025-08-16,19,PT1H,MC-Reficar,5577.62,10000.0
2025-08-16,20,PT1H,MC-Reficar,5238.11,10000.0
2025-08-16,21,PT1H,MC-Reficar,5318.0,10000.0
2025-08-16,22,PT1H,MC-Reficar,5246.61,10010.0
2025-08-16,23,PT1H,MC-Reficar,4817.38,10010.0
2025-08-16,24,PT1H,MC-Reficar,5396.42,10010.0
2025-06-09,1,PT1H,MC-Reficar,9317.77,8010.0
2025-06-09,2,PT1H,MC-Reficar,10491.94,8010.0
2025-06-09,3,PT1H,MC-Reficar,10630.09,8010.0
2025-06-09,4,PT1H,MC-Reficar,10190.54,8010.0
2025-06-09,5,PT1H,MC-Reficar,9539.28,8010.0
2025-06-09,6,PT1H,MC-Reficar,7992.38,8010.0
2025-06-09,7,PT1H,MC-Reficar,7407.05,8010.0
2025-06-09,8,PT1H,MC-Reficar,7178.08,8010.0
2025-06-09,9,PT1H,MC-Reficar,8667.76,8010.0
2025-06-09,10,PT1H,MC-Reficar,9515.4,8010.0
2025-06-09,11,PT1H,MC-Reficar,7216.39,8010.0
2025-06-09,12,PT1H,MC-Reficar,6957.94,8010.0
2025-06-09,13,PT1H,MC-Reficar,7189.32,8010.0
2025-06-09,14,PT1H,MC-Reficar,6918.27,8010.0
2025-06-09,15,PT1H,MC-Reficar,7649.15,8010.0
2025-06-09,16,PT1H,MC-Reficar,7426.51,8010.0
2025-06-09,17,PT1H,MC-Reficar,10211.0,8010.0
2025-06-09,18,PT1H,MC-Reficar,10794.75,8010.0
2025-06-09,19,PT1H,MC-Reficar,10450.33,8000.0
2025-06-09,20,PT1H,MC-Reficar,10807.86,8000.0
2025-06-09,21,PT1H,MC-Reficar,10511.0,8000.0
2025-06-09,22,PT1H,MC-Reficar,10251.79,8010.0
2025-06-09,23,PT1H,MC-Reficar,9698.78,8010.0
2025-06-09,24,PT1H,MC-Reficar,9544.09,8010.0
2025-11-24,1,PT1H,MC-Reficar,12187.74,10510.0
2025-11-24,2,PT1H,MC-Reficar,12509.1,10510.0
2025-11-24,3,PT1H,MC-Reficar,11703.95,10510.0
2025-11-24,4,PT1H,MC-Reficar,9694.62,10510.0
2025-11-24,5,PT1H,MC-Reficar,9891.42,11010.0
2025-11-24,6,PT1H,MC-Reficar,10034.47,11010.0
2025-11-24,7,PT1H,MC-Reficar,9529.59,11010.0
2025-11-24,8,PT1H,MC-Reficar,9601.79,11010.0
2025-11-24,9,PT1H,MC-Reficar,11255.72,10510.0
2025-11-24,10,PT1H,MC-Reficar,12386.7,10510.0
2025-11-24,11,PT1H,MC-Reficar,11240.36,10510.0
2025-11-24,12,PT1H,MC-Reficar,9926.3,10510.0
2025-11-24,13,PT1H,MC-Reficar,9680.66,11010.0
2025-11-24,14,PT1H,MC-Reficar,10092.15,11010.0
2025-11-24,15,PT1H,MC-Reficar,10458.43,11010.0
2025-11-24,16,PT1H,MC-Reficar,10375.57,11010.0
2025-11-24,17,PT1H,MC-Reficar,10263.92,10510.0
2025-11-24,18,PT1H,MC-Reficar,11269.39,10510.0
2025-11-24,19,PT1H,MC-Reficar,10166.21,10500.0
2025-11-24,20,PT1H,MC-Reficar,9741.6,10500.0
2025-11-24,21,PT1H,MC-Reficar,10425.58,11000.0
2025-11-24,22,PT1H,MC-Reficar,10043.17,11010.0
2025-11-24,23,PT1H,MC-Reficar,10060.31,11010.0
2025-11-24,24,PT1H,MC-Reficar,10229.51,11010.0
2025-12-18,1,PT1H,MC-Reficar,2421.92,6810.0
2025-12-18,2,PT1H,MC-Reficar,2894.56,6810.0
2025-12-18,3,PT1H,MC-Reficar,1991.36,6810.0
2025-12-18,4,PT1H,MC-Reficar,1740.32,6810.0
2025-12-18,5,PT1H,MC-Reficar,2020.96,6810.0
2025-12-18,6,PT1H,MC-Reficar,1626.56,6810.0
2025-12-18,7,PT1H,MC-Reficar,913.76,6810.0
2025-12-18,8,PT1H,MC-Reficar,1137.28,6810.0
2025-12-18,9,PT1H,MC-Reficar,1208.0,6810.0
2025-12-18,10,PT1H,MC-Reficar,815.2,6810.0
2025-12-18,11,PT1H,MC-Reficar,446.08,6810.0
2025-12-18,12,PT1H,MC-Reficar,725.6,6810.0
2025-12-18,13,PT1H,MC-Reficar,1160.48,6810.0
2025-12-18,14,PT1H,MC-Reficar,719.04,6810.0
2025-12-18,15,PT1H,MC-Reficar,1230.4,6810.0
2025-12-18,16,PT1H,MC-Reficar,1415.36,6810.0
2025-12-18,17,PT1H,MC-Reficar,2091.84,6810.0
2025-12-18,18,PT1H,MC-Reficar,2474.4,6810.0
2025-12-18,19,PT1H,MC-Reficar,2333.28,6800.0
2025-12-18,20,PT1H,MC-Reficar,1440.96,6800.0
2025-12-18,21,PT1H,MC-Reficar,1351.68,6800.0
2025-12-18,22,PT1H,MC-Reficar,1427.68,6810.0
2025-12-18,23,PT1H,MC-Reficar,1570.72,6810.0
2025-12-18,24,PT1H,MC-Reficar,1400.0,6810.0
2025-09-17,1,PT1H,MC-Reficar,6007.11,5010.0
2025-09-17,2,PT1H,MC-Reficar,6268.76,5010.0
2025-09-17,3,PT1H,MC-Reficar,5556.59,5010.0
2025-09-17,4,PT1H,MC-Reficar,3543.07,5010.0
2025-09-17,5,PT1H,MC-Reficar,3719.12,5010.0
2025-09-17,6,PT1H,MC-Reficar,3395.81,5010.0
2025-09-17,7,PT1H,MC-Reficar,3711.77,5010.0
2025-09-17,8,PT1H,MC-Reficar,2379.08,5010.0
2025-09-17,9,PT1H,MC-Reficar,13.67,5010.0
2025-09-17,10,PT1H,MC-Reficar,0.0,5010.0
2025-09-17,11,PT1H,MC-Reficar,0.0,5010.0
2025-09-17,12,PT1H,MC-Reficar,0.0,5010.0
2025-09-17,13,PT1H,MC-Reficar,0.0,5010.0
2025-09-17,14,PT1H,MC-Reficar,0.0,5010.0
2025-09-17,15,PT1H,MC-Reficar,0.0,5010.0
2025-09-17,16,PT1H,MC-Reficar,0.0,5010.0
2025-09-17,17,PT1H,MC-Reficar,0.0,5010.0
2025-09-17,18,PT1H,MC-Reficar,0.0,5010.0
2025-09-17,19,PT1H,MC-Reficar,56.14,5000.0
2025-09-17,20,PT1H,MC-Reficar,3634.34,5000.0
2025-09-17,21,PT1H,MC-Reficar,4666.94,5000.0
2025-09-17,22,PT1H,MC-Reficar,4856.53,5010.0
2025-09-17,23,PT1H,MC-Reficar,4281.19,5010.0
2025-09-17,24,PT1H,MC-Reficar,3879.77,5010.0
2025-05-14,1,PT1H,MC-Reficar,0.0,510.0
2025-05-14,2,PT1H,MC-Reficar,0.0,510.0
2025-05-14,3,PT1H,MC-Reficar,0.0,510.0
2025-05-14,4,PT1H,MC-Reficar,0.0,510.0
2025-05-14,5,PT1H,MC-Reficar,0.0,510.0
2025-05-14,6,PT1H,MC-Reficar,0.0,510.0
2025-05-14,7,PT1H,MC-Reficar,0.0,510.0
2025-05-14,8,PT1H,MC-Reficar,0.0,510.0
2025-05-14,9,PT1H,MC-Reficar,0.0,510.0
2025-05-14,10,PT1H,MC-Reficar,0.0,510.0
2025-05-14,11,PT1H,MC-Reficar,0.0,510.0
2025-05-14,12,PT1H,MC-Reficar,0.0,510.0
2025-05-14,13,PT1H,MC-Reficar,0.0,510.0
2025-05-14,14,PT1H,MC-Reficar,0.0,510.0
2025-05-14,15,PT1H,MC-Reficar,0.0,510.0
2025-05-14,16,PT1H,MC-Reficar,0.0,510.0
2025-05-14,17,PT1H,MC-Reficar,0.0,510.0
2025-05-14,18,PT1H,MC-Reficar,0.0,510.0
2025-05-14,19,PT1H,MC-Reficar,0.0,500.0
2025-05-14,20,PT1H,MC-Reficar,0.0,500.0
2025-05-14,21,PT1H,MC-Reficar,0.0,500.0
2025-05-14,22,PT1H,MC-Reficar,0.0,510.0
2025-05-14,23,PT1H,MC-Reficar,0.0,510.0
2025-05-14,24,PT1H,MC-Reficar,0.0,510.0
2025-09-07,19,PT1H,MC-Reficar,5656.01,5000.0
2025-09-07,20,PT1H,MC-Reficar,5468.54,5000.0
2025-09-07,21,PT1H,MC-Reficar,5587.8,5000.0
2025-09-07,22,PT1H,MC-Reficar,5658.28,5010.0
2025-09-07,23,PT1H,MC-Reficar,5575.69,5010.0
2025-09-07,24,PT1H,MC-Reficar,5750.53,5010.0
2025-09-07,1,PT1H,MC-Reficar,4706.38,5010.0
2025-09-07,2,PT1H,MC-Reficar,6752.07,5010.0
2025-09-07,3,PT1H,MC-Reficar,7384.69,5010.0
2025-09-07,4,PT1H,MC-Reficar,6524.09,5010.0
2025-09-07,5,PT1H,MC-Reficar,5267.44,5010.0
2025-09-07,6,PT1H,MC-Reficar,4862.24,5010.0
2025-09-07,7,PT1H,MC-Reficar,4457.56,5010.0
2025-09-07,8,PT1H,MC-Reficar,5340.62,5010.0
2025-09-07,9,PT1H,MC-Reficar,6041.48,5010.0
2025-09-07,10,PT1H,MC-Reficar,6225.94,5010.0
2025-09-07,11,PT1H,MC-Reficar,6476.52,5010.0
2025-09-07,12,PT1H,MC-Reficar,4709.45,5010.0
2025-09-07,13,PT1H,MC-Reficar,5081.65,5010.0
2025-09-07,14,PT1H,MC-Reficar,4862.2,5010.0
2025-09-07,15,PT1H,MC-Reficar,4574.48,5010.0
2025-09-07,16,PT1H,MC-Reficar,4770.9,5010.0
2025-09-07,17,PT1H,MC-Reficar,6526.1,5010.0
2025-09-07,18,PT1H,MC-Reficar,6168.09,5010.0
2025-11-27,1,PT1H,MC-Reficar,6105.56,10510.0
2025-11-27,2,PT1H,MC-Reficar,6385.49,10510.0
2025-11-27,3,PT1H,MC-Reficar,5887.87,10510.0
2025-11-27,4,PT1H,MC-Reficar,5523.02,10510.0
2025-11-27,5,PT1H,MC-Reficar,5381.09,11010.0
2025-11-27,6,PT1H,MC-Reficar,5220.31,11010.0
2025-11-27,7,PT1H,MC-Reficar,5125.61,11010.0
2025-11-27,8,PT1H,MC-Reficar,5728.8,11010.0
2025-11-27,9,PT1H,MC-Reficar,5752.81,10510.0
2025-11-27,10,PT1H,MC-Reficar,6430.02,10510.0
2025-11-27,11,PT1H,MC-Reficar,6377.71,10510.0
2025-11-27,12,PT1H,MC-Reficar,5258.14,10510.0
2025-11-27,13,PT1H,MC-Reficar,5451.54,11010.0
2025-11-27,14,PT1H,MC-Reficar,5666.3,11010.0
2025-11-27,15,PT1H,MC-Reficar,5959.19,11010.0
2025-11-27,16,PT1H,MC-Reficar,5797.75,11010.0
2025-11-27,17,PT1H,MC-Reficar,6714.45,10510.0
2025-11-27,18,PT1H,MC-Reficar,8055.46,10510.0
2025-11-27,19,PT1H,MC-Reficar,6892.64,10500.0
2025-11-27,20,PT1H,MC-Reficar,5374.78,10500.0
2025-11-27,21,PT1H,MC-Reficar,5368.34,11000.0
2025-11-27,22,PT1H,MC-Reficar,4958.14,11010.0
2025-11-27,23,PT1H,MC-Reficar,5430.79,11010.0
2025-11-27,24,PT1H,MC-Reficar,6160.99,11010.0
2025-08-03,1,PT1H,MC-Reficar,12719.15,10010.0
2025-08-03,2,PT1H,MC-Reficar,13204.09,10010.0
2025-08-03,3,PT1H,MC-Reficar,10894.77,10010.0
2025-08-03,4,PT1H,MC-Reficar,8650.72,10010.0
2025-08-03,5,PT1H,MC-Reficar,9845.4,10010.0
2025-08-03,6,PT1H,MC-Reficar,9773.58,10010.0
2025-08-03,7,PT1H,MC-Reficar,9423.72,10010.0
2025-08-03,8,PT1H,MC-Reficar,9471.28,10010.0
2025-08-03,9,PT1H,MC-Reficar,10210.17,10010.0
2025-08-03,10,PT1H,MC-Reficar,10277.06,10010.0
2025-08-03,11,PT1H,MC-Reficar,10182.21,10010.0
2025-08-03,12,PT1H,MC-Reficar,9535.12,10010.0
2025-08-03,13,PT1H,MC-Reficar,9311.27,10010.0
2025-08-03,14,PT1H,MC-Reficar,9326.52,10010.0
2025-08-03,15,PT1H,MC-Reficar,9915.55,10010.0
2025-08-03,16,PT1H,MC-Reficar,10624.97,10010.0
2025-08-03,17,PT1H,MC-Reficar,10526.83,10010.0
2025-08-03,18,PT1H,MC-Reficar,11300.6,10010.0
2025-08-03,19,PT1H,MC-Reficar,11577.48,10000.0
2025-08-03,20,PT1H,MC-Reficar,9904.89,10000.0
2025-08-03,21,PT1H,MC-Reficar,10394.84,10000.0
2025-08-03,22,PT1H,MC-Reficar,10534.27,10010.0
2025-08-03,23,PT1H,MC-Reficar,10245.46,10010.0
2025-08-03,24,PT1H,MC-Reficar,10334.16,10010.0
2026-02-18,1,PT1H,MC-Reficar,0.0,10.0
2026-02-18,2,PT1H,MC-Reficar,0.0,10.0
2026-02-18,3,PT1H,MC-Reficar,0.0,10.0
2026-02-18,4,PT1H,MC-Reficar,0.0,10.0
2026-02-18,5,PT1H,MC-Reficar,0.0,10.0
2026-02-18,6,PT1H,MC-Reficar,0.0,10.0
2026-02-18,7,PT1H,MC-Reficar,0.0,10.0
2026-02-18,8,PT1H,MC-Reficar,0.0,10.0
2026-02-18,9,PT1H,MC-Reficar,0.0,10.0
2026-02-18,10,PT1H,MC-Reficar,0.0,10.0
2026-02-18,11,PT1H,MC-Reficar,0.0,10.0
2026-02-18,12,PT1H,MC-Reficar,0.0,10.0
2026-02-18,13,PT1H,MC-Reficar,0.0,10.0
2026-02-18,14,PT1H,MC-Reficar,0.0,10.0
2026-02-18,15,PT1H,MC-Reficar,0.0,10.0
2026-02-18,16,PT1H,MC-Reficar,0.0,10.0
2026-02-18,17,PT1H,MC-Reficar,0.0,10.0
2026-02-18,18,PT1H,MC-Reficar,0.0,10.0
2026-02-18,19,PT1H,MC-Reficar,0.0,0.0
2026-02-18,20,PT1H,MC-Reficar,0.0,0.0
2026-02-18,21,PT1H,MC-Reficar,0.0,0.0
2026-02-18,22,PT1H,MC-Reficar,0.0,10.0
2026-02-18,23,PT1H,MC-Reficar,0.0,10.0
2026-02-18,24,PT1H,MC-Reficar,0.0,10.0
2025-05-05,1,PT1H,MC-Reficar,0.0,0.0
2025-05-05,2,PT1H,MC-Reficar,0.0,0.0
2025-05-05,3,PT1H,MC-Reficar,0.0,0.0
2025-05-05,4,PT1H,MC-Reficar,0.0,0.0
2025-05-05,5,PT1H,MC-Reficar,0.0,0.0
2025-05-05,6,PT1H,MC-Reficar,0.0,0.0
2025-05-05,7,PT1H,MC-Reficar,0.0,500.0
2025-05-05,8,PT1H,MC-Reficar,0.0,500.0
2025-05-05,9,PT1H,MC-Reficar,0.0,5000.0
2025-05-05,10,PT1H,MC-Reficar,0.0,17000.0
2025-05-05,11,PT1H,MC-Reficar,0.0,5000.0
2025-05-05,12,PT1H,MC-Reficar,0.0,500.0
2025-05-05,13,PT1H,MC-Reficar,0.0,500.0
2025-05-05,14,PT1H,MC-Reficar,0.0,500.0
2025-05-05,15,PT1H,MC-Reficar,0.0,500.0
2025-05-05,16,PT1H,MC-Reficar,0.0,500.0
2025-05-05,17,PT1H,MC-Reficar,0.0,500.0
2025-05-05,18,PT1H,MC-Reficar,0.0,500.0
2025-05-05,19,PT1H,MC-Reficar,0.0,500.0
2025-05-05,20,PT1H,MC-Reficar,0.0,500.0
2025-05-05,21,PT1H,MC-Reficar,0.0,500.0
2025-05-05,22,PT1H,MC-Reficar,0.0,500.0
2025-05-05,23,PT1H,MC-Reficar,0.0,500.0
2025-05-05,24,PT1H,MC-Reficar,0.0,500.0
2026-01-23,1,PT1H,MC-Reficar,0.0,10.0
2026-01-23,2,PT1H,MC-Reficar,0.0,10.0
2026-01-23,3,PT1H,MC-Reficar,0.0,10.0
2026-01-23,4,PT1H,MC-Reficar,0.0,10.0
2026-01-23,5,PT1H,MC-Reficar,0.0,10.0
2026-01-23,6,PT1H,MC-Reficar,0.0,10.0
2026-01-23,7,PT1H,MC-Reficar,0.0,10.0
2026-01-23,8,PT1H,MC-Reficar,0.0,10.0
2026-01-23,9,PT1H,MC-Reficar,0.0,10.0
2026-01-23,10,PT1H,MC-Reficar,0.0,10.0
2026-01-23,11,PT1H,MC-Reficar,0.0,10.0
2026-01-23,12,PT1H,MC-Reficar,0.0,10.0
2026-01-23,13,PT1H,MC-Reficar,0.0,10.0
2026-01-23,14,PT1H,MC-Reficar,0.0,10.0
2026-01-23,15,PT1H,MC-Reficar,0.0,10.0
2026-01-23,16,PT1H,MC-Reficar,0.0,10.0
2026-01-23,17,PT1H,MC-Reficar,0.0,10.0
2026-01-23,18,PT1H,MC-Reficar,0.0,10.0
2026-01-23,19,PT1H,MC-Reficar,0.0,0.0
2026-01-23,20,PT1H,MC-Reficar,0.0,0.0
2026-01-23,21,PT1H,MC-Reficar,0.0,0.0
2026-01-23,22,PT1H,MC-Reficar,0.0,10.0
2026-01-23,23,PT1H,MC-Reficar,0.0,10.0
2026-01-23,24,PT1H,MC-Reficar,0.0,10.0
2025-05-31,1,PT1H,MC-Reficar,9945.81,8010.0
2025-05-31,2,PT1H,MC-Reficar,11167.42,8010.0
2025-05-31,3,PT1H,MC-Reficar,10944.12,8010.0
2025-05-31,4,PT1H,MC-Reficar,9524.6,8010.0
2025-05-31,5,PT1H,MC-Reficar,9627.18,8010.0
2025-05-31,6,PT1H,MC-Reficar,10077.27,8010.0
2025-05-31,7,PT1H,MC-Reficar,10117.74,8010.0
2025-05-31,8,PT1H,MC-Reficar,10117.32,8010.0
2025-05-31,9,PT1H,MC-Reficar,11832.0,8010.0
2025-05-31,10,PT1H,MC-Reficar,12375.87,8010.0
2025-05-31,11,PT1H,MC-Reficar,11010.43,8010.0
2025-05-31,12,PT1H,MC-Reficar,10582.71,8010.0
2025-05-31,13,PT1H,MC-Reficar,10376.08,8010.0
2025-05-31,14,PT1H,MC-Reficar,10162.82,8010.0
2025-05-31,15,PT1H,MC-Reficar,10408.42,8010.0
2025-05-31,16,PT1H,MC-Reficar,10364.02,8010.0
2025-05-31,17,PT1H,MC-Reficar,11482.24,8010.0
2025-05-31,18,PT1H,MC-Reficar,11034.19,8010.0
2025-05-31,19,PT1H,MC-Reficar,10384.27,8000.0
2025-05-31,20,PT1H,MC-Reficar,10271.28,8000.0
2025-05-31,21,PT1H,MC-Reficar,10450.8,8000.0
2025-05-31,22,PT1H,MC-Reficar,10333.28,8010.0
2025-05-31,23,PT1H,MC-Reficar,10423.23,8010.0
2025-05-31,24,PT1H,MC-Reficar,10429.19,8010.0
2025-05-26,1,PT1H,MC-Reficar,15080.0,8010.0
2025-05-26,2,PT1H,MC-Reficar,14965.13,8010.0
2025-05-26,3,PT1H,MC-Reficar,13305.65,8010.0
2025-05-26,4,PT1H,MC-Reficar,13200.24,8010.0
2025-05-26,5,PT1H,MC-Reficar,13115.2,8010.0
2025-05-26,6,PT1H,MC-Reficar,12858.26,8010.0
2025-05-26,7,PT1H,MC-Reficar,14121.43,8010.0
2025-05-26,8,PT1H,MC-Reficar,15702.99,8010.0
2025-05-26,9,PT1H,MC-Reficar,12000.29,8010.0
2025-05-26,10,PT1H,MC-Reficar,10621.96,8010.0
2025-05-26,11,PT1H,MC-Reficar,8479.75,8010.0
2025-05-26,12,PT1H,MC-Reficar,8626.88,8010.0
2025-05-26,13,PT1H,MC-Reficar,9030.66,8010.0
2025-05-26,14,PT1H,MC-Reficar,9529.97,8010.0
2025-05-26,15,PT1H,MC-Reficar,9794.05,8010.0
2025-05-26,16,PT1H,MC-Reficar,9368.43,8010.0
2025-05-26,17,PT1H,MC-Reficar,8932.45,8010.0
2025-05-26,18,PT1H,MC-Reficar,9882.94,8010.0
2025-05-26,19,PT1H,MC-Reficar,9994.31,8000.0
2025-05-26,20,PT1H,MC-Reficar,8722.8,8000.0
2025-05-26,21,PT1H,MC-Reficar,9785.46,8000.0
2025-05-26,22,PT1H,MC-Reficar,9605.5,8010.0
2025-05-26,23,PT1H,MC-Reficar,8564.44,8010.0
2025-05-26,24,PT1H,MC-Reficar,8610.03,8010.0
2025-10-18,1,PT1H,MC-Reficar,4788.42,8010.0
2025-10-18,2,PT1H,MC-Reficar,6835.8,8010.0
2025-10-18,3,PT1H,MC-Reficar,7192.48,8010.0
2025-10-18,4,PT1H,MC-Reficar,4940.22,8010.0
2025-10-18,5,PT1H,MC-Reficar,4777.01,8010.0
2025-10-18,6,PT1H,MC-Reficar,4268.65,8010.0
2025-10-18,7,PT1H,MC-Reficar,3900.95,8010.0
2025-10-18,8,PT1H,MC-Reficar,5035.78,8010.0
2025-10-18,9,PT1H,MC-Reficar,6186.03,8010.0
2025-10-18,10,PT1H,MC-Reficar,7920.34,8010.0
2025-10-18,11,PT1H,MC-Reficar,7512.61,8010.0
2025-10-18,12,PT1H,MC-Reficar,4655.11,8010.0
2025-10-18,13,PT1H,MC-Reficar,5041.27,8010.0
2025-10-18,14,PT1H,MC-Reficar,5125.9,8010.0
2025-10-18,15,PT1H,MC-Reficar,5000.99,8010.0
2025-10-18,16,PT1H,MC-Reficar,5465.25,8010.0
2025-10-18,17,PT1H,MC-Reficar,6850.45,8010.0
2025-10-18,18,PT1H,MC-Reficar,6129.41,8010.0
2025-10-18,19,PT1H,MC-Reficar,5878.86,8000.0
2025-10-18,20,PT1H,MC-Reficar,5019.73,8000.0
2025-10-18,21,PT1H,MC-Reficar,4881.5,8000.0
2025-10-18,22,PT1H,MC-Reficar,4558.99,8010.0
2025-10-18,23,PT1H,MC-Reficar,4391.29,8010.0
2025-10-18,24,PT1H,MC-Reficar,4229.21,8010.0
2025-07-30,1,PT1H,MC-Reficar,10547.33,10010.0
2025-07-30,2,PT1H,MC-Reficar,9676.67,10010.0
2025-07-30,3,PT1H,MC-Reficar,8698.23,10010.0
2025-07-30,4,PT1H,MC-Reficar,9515.81,10010.0
2025-07-30,5,PT1H,MC-Reficar,9328.35,10010.0
2025-07-30,6,PT1H,MC-Reficar,10151.8,10010.0
2025-07-30,7,PT1H,MC-Reficar,9830.58,10010.0
2025-07-30,8,PT1H,MC-Reficar,10257.55,10010.0
2025-07-30,9,PT1H,MC-Reficar,13559.21,10010.0
2025-07-30,10,PT1H,MC-Reficar,10070.52,10010.0
2025-07-30,11,PT1H,MC-Reficar,8304.98,10010.0
2025-07-30,12,PT1H,MC-Reficar,8531.83,10010.0
2025-07-30,13,PT1H,MC-Reficar,8968.79,10010.0
2025-07-30,14,PT1H,MC-Reficar,9143.22,10010.0
2025-07-30,15,PT1H,MC-Reficar,8919.52,10010.0
2025-07-30,16,PT1H,MC-Reficar,9043.44,10010.0
2025-07-30,17,PT1H,MC-Reficar,9289.8,10010.0
2025-07-30,18,PT1H,MC-Reficar,9373.83,10010.0
2025-07-30,19,PT1H,MC-Reficar,9089.77,10000.0
2025-07-30,20,PT1H,MC-Reficar,10078.59,10000.0
2025-07-30,21,PT1H,MC-Reficar,10128.22,10000.0
2025-07-30,22,PT1H,MC-Reficar,9302.06,10010.0
2025-07-30,23,PT1H,MC-Reficar,9394.89,10010.0
2025-07-30,24,PT1H,MC-Reficar,9168.67,10010.0
2025-10-03,1,PT1H,MC-Reficar,17031.12,16020.0
2025-10-03,2,PT1H,MC-Reficar,17659.04,16020.0
2025-10-03,3,PT1H,MC-Reficar,15552.48,16020.0
2025-10-03,4,PT1H,MC-Reficar,14296.36,16020.0
2025-10-03,5,PT1H,MC-Reficar,14181.6,16020.0
2025-10-03,6,PT1H,MC-Reficar,14749.58,16020.0
2025-10-03,7,PT1H,MC-Reficar,14998.86,16020.0
2025-10-03,8,PT1H,MC-Reficar,16724.82,16020.0
2025-10-03,9,PT1H,MC-Reficar,21598.34,16020.0
2025-10-03,10,PT1H,MC-Reficar,22682.86,16020.0
2025-10-03,11,PT1H,MC-Reficar,21190.46,16020.0
2025-10-03,12,PT1H,MC-Reficar,19209.24,16020.0
2025-10-03,13,PT1H,MC-Reficar,18694.08,16020.0
2025-10-03,14,PT1H,MC-Reficar,18090.16,16020.0
2025-10-03,15,PT1H,MC-Reficar,18577.94,16020.0
2025-10-03,16,PT1H,MC-Reficar,16497.64,16020.0
2025-10-03,17,PT1H,MC-Reficar,16574.5,16020.0
2025-10-03,18,PT1H,MC-Reficar,18398.94,16020.0
2025-10-03,19,PT1H,MC-Reficar,17588.88,16000.0
2025-10-03,20,PT1H,MC-Reficar,15842.26,16000.0
2025-10-03,21,PT1H,MC-Reficar,15889.58,16000.0
2025-10-03,22,PT1H,MC-Reficar,16004.2,16020.0
2025-10-03,23,PT1H,MC-Reficar,16097.32,16020.0
2025-10-03,24,PT1H,MC-Reficar,15243.44,16020.0
2025-05-18,1,PT1H,MC-Reficar,0.0,510.0
2025-05-18,2,PT1H,MC-Reficar,0.0,510.0
2025-05-18,3,PT1H,MC-Reficar,0.0,510.0
2025-05-18,4,PT1H,MC-Reficar,0.0,510.0
2025-05-18,5,PT1H,MC-Reficar,0.0,510.0
2025-05-18,6,PT1H,MC-Reficar,0.0,510.0
2025-05-18,7,PT1H,MC-Reficar,0.0,510.0
2025-05-18,8,PT1H,MC-Reficar,0.0,510.0
2025-05-18,9,PT1H,MC-Reficar,0.0,510.0
2025-05-18,10,PT1H,MC-Reficar,0.0,510.0
2025-05-18,11,PT1H,MC-Reficar,0.0,510.0
2025-05-18,12,PT1H,MC-Reficar,0.0,510.0
2025-05-18,13,PT1H,MC-Reficar,0.0,510.0
2025-05-18,14,PT1H,MC-Reficar,0.0,510.0
2025-05-18,15,PT1H,MC-Reficar,0.0,510.0
2025-05-18,16,PT1H,MC-Reficar,0.0,510.0
2025-05-18,17,PT1H,MC-Reficar,0.0,510.0
2025-05-18,18,PT1H,MC-Reficar,0.0,510.0
2025-05-18,19,PT1H,MC-Reficar,0.0,500.0
2025-05-18,20,PT1H,MC-Reficar,0.0,500.0
2025-05-18,21,PT1H,MC-Reficar,0.0,500.0
2025-05-18,22,PT1H,MC-Reficar,0.0,510.0
2025-05-18,23,PT1H,MC-Reficar,0.0,510.0
2025-05-18,24,PT1H,MC-Reficar,0.0,510.0
2025-07-16,1,PT1H,MC-Reficar,11010.81,10010.0
2025-07-16,2,PT1H,MC-Reficar,11610.32,10010.0
2025-07-16,3,PT1H,MC-Reficar,11347.11,10010.0
2025-07-16,4,PT1H,MC-Reficar,10297.88,10010.0
2025-07-16,5,PT1H,MC-Reficar,9612.0,10010.0
2025-07-16,6,PT1H,MC-Reficar,9458.91,10010.0
2025-07-16,7,PT1H,MC-Reficar,9320.78,10010.0
2025-07-16,8,PT1H,MC-Reficar,9736.75,10010.0
2025-07-16,9,PT1H,MC-Reficar,12689.95,10010.0
2025-07-16,10,PT1H,MC-Reficar,13274.25,10010.0
2025-07-16,11,PT1H,MC-Reficar,11385.11,10010.0
2025-07-16,12,PT1H,MC-Reficar,10658.16,10010.0
2025-07-16,13,PT1H,MC-Reficar,10549.79,10010.0
2025-07-16,14,PT1H,MC-Reficar,10885.4,10010.0
2025-07-16,15,PT1H,MC-Reficar,10691.99,10010.0
2025-07-16,16,PT1H,MC-Reficar,10474.34,10010.0
2025-07-16,17,PT1H,MC-Reficar,10559.22,10010.0
2025-07-16,18,PT1H,MC-Reficar,9919.22,10010.0
2025-07-16,19,PT1H,MC-Reficar,10042.24,10000.0
2025-07-16,20,PT1H,MC-Reficar,10651.16,10000.0
2025-07-16,21,PT1H,MC-Reficar,10042.4,10000.0
2025-07-16,22,PT1H,MC-Reficar,11028.12,10010.0
2025-07-16,23,PT1H,MC-Reficar,10023.14,10010.0
2025-07-16,24,PT1H,MC-Reficar,10081.55,10010.0
2025-10-13,1,PT1H,MC-Reficar,11423.52,20020.0
2025-10-13,2,PT1H,MC-Reficar,12049.06,20020.0
2025-10-13,3,PT1H,MC-Reficar,12689.6,20020.0
2025-10-13,4,PT1H,MC-Reficar,11748.94,20020.0
2025-10-13,5,PT1H,MC-Reficar,11017.42,20020.0
2025-10-13,6,PT1H,MC-Reficar,10142.92,20020.0
2025-10-13,7,PT1H,MC-Reficar,9767.56,20020.0
2025-10-13,8,PT1H,MC-Reficar,11013.94,20020.0
2025-10-13,9,PT1H,MC-Reficar,13545.64,20020.0
2025-10-13,10,PT1H,MC-Reficar,16605.1,20020.0
2025-10-13,11,PT1H,MC-Reficar,17957.52,20020.0
2025-10-13,12,PT1H,MC-Reficar,17255.24,20020.0
2025-10-13,13,PT1H,MC-Reficar,18785.94,20020.0
2025-10-13,14,PT1H,MC-Reficar,19165.7,20020.0
2025-10-13,15,PT1H,MC-Reficar,17310.16,20020.0
2025-10-13,16,PT1H,MC-Reficar,17182.08,20020.0
2025-10-13,17,PT1H,MC-Reficar,17268.7,20020.0
2025-10-13,18,PT1H,MC-Reficar,12766.8,20020.0
2025-10-13,19,PT1H,MC-Reficar,11661.94,20000.0
2025-10-13,20,PT1H,MC-Reficar,12502.3,20000.0
2025-10-13,21,PT1H,MC-Reficar,13999.18,20000.0
2025-10-13,22,PT1H,MC-Reficar,14234.0,20020.0
2025-10-13,23,PT1H,MC-Reficar,12620.94,20020.0
2025-10-13,24,PT1H,MC-Reficar,10823.74,20020.0
2025-07-13,1,PT1H,MC-Reficar,10481.94,10010.0
2025-07-13,2,PT1H,MC-Reficar,10254.71,10010.0
2025-07-13,3,PT1H,MC-Reficar,10328.37,10010.0
2025-07-13,4,PT1H,MC-Reficar,9655.51,10010.0
2025-07-13,5,PT1H,MC-Reficar,9654.18,10010.0
2025-07-13,6,PT1H,MC-Reficar,8811.56,10010.0
2025-07-13,7,PT1H,MC-Reficar,9235.45,10010.0
2025-07-13,8,PT1H,MC-Reficar,9516.24,10010.0
2025-07-13,9,PT1H,MC-Reficar,10470.15,10010.0
2025-07-13,10,PT1H,MC-Reficar,12515.89,10010.0
2025-07-13,11,PT1H,MC-Reficar,12407.09,10010.0
2025-07-13,12,PT1H,MC-Reficar,11469.72,10010.0
2025-07-13,13,PT1H,MC-Reficar,10267.56,10010.0
2025-07-13,14,PT1H,MC-Reficar,9695.79,10010.0
2025-07-13,15,PT1H,MC-Reficar,9335.62,10010.0
2025-07-13,16,PT1H,MC-Reficar,10414.78,10010.0
2025-07-13,17,PT1H,MC-Reficar,23110.98,10010.0
2025-07-13,18,PT1H,MC-Reficar,29443.9,10010.0
2025-07-13,19,PT1H,MC-Reficar,31010.52,10000.0
2025-07-13,20,PT1H,MC-Reficar,31789.34,10000.0
2025-07-13,21,PT1H,MC-Reficar,33558.36,10000.0
2025-07-13,22,PT1H,MC-Reficar,32787.62,10010.0
2025-07-13,23,PT1H,MC-Reficar,27326.97,10010.0
2025-07-13,24,PT1H,MC-Reficar,25020.81,10010.0
2025-08-15,1,PT1H,MC-Reficar,4882.53,10010.0
2025-08-15,2,PT1H,MC-Reficar,6039.41,10010.0
2025-08-15,3,PT1H,MC-Reficar,5428.37,10010.0
2025-08-15,4,PT1H,MC-Reficar,4353.73,10010.0
2025-08-15,5,PT1H,MC-Reficar,4703.82,10010.0
2025-08-15,6,PT1H,MC-Reficar,5022.57,10010.0
2025-08-15,7,PT1H,MC-Reficar,6809.5,10010.0
2025-08-15,8,PT1H,MC-Reficar,8538.92,10010.0
2025-08-15,9,PT1H,MC-Reficar,10311.74,10010.0
2025-08-15,10,PT1H,MC-Reficar,10304.15,10010.0
2025-08-15,11,PT1H,MC-Reficar,9284.24,10010.0
2025-08-15,12,PT1H,MC-Reficar,6017.08,10010.0
2025-08-15,13,PT1H,MC-Reficar,9325.26,10010.0
2025-08-15,14,PT1H,MC-Reficar,10495.44,10010.0
2025-08-15,15,PT1H,MC-Reficar,10816.6,10010.0
2025-08-15,16,PT1H,MC-Reficar,7464.18,10010.0
2025-08-15,17,PT1H,MC-Reficar,6914.7,10010.0
2025-08-15,18,PT1H,MC-Reficar,5686.89,10010.0
2025-08-15,19,PT1H,MC-Reficar,4929.82,10000.0
2025-08-15,20,PT1H,MC-Reficar,4383.53,10000.0
2025-08-15,21,PT1H,MC-Reficar,4786.23,10000.0
2025-08-15,22,PT1H,MC-Reficar,4870.65,10010.0
2025-08-15,23,PT1H,MC-Reficar,4681.31,10010.0
2025-08-15,24,PT1H,MC-Reficar,4263.41,10010.0
2026-02-19,1,PT1H,MC-Reficar,0.0,10.0
2026-02-19,2,PT1H,MC-Reficar,0.0,10.0
2026-02-19,3,PT1H,MC-Reficar,0.0,10.0
2026-02-19,4,PT1H,MC-Reficar,0.0,10.0
2026-02-19,5,PT1H,MC-Reficar,0.0,10.0
2026-02-19,6,PT1H,MC-Reficar,0.0,10.0
2026-02-19,7,PT1H,MC-Reficar,0.0,10.0
2026-02-19,8,PT1H,MC-Reficar,0.0,10.0
2026-02-19,9,PT1H,MC-Reficar,0.0,10.0
2026-02-19,10,PT1H,MC-Reficar,0.0,10.0
2026-02-19,11,PT1H,MC-Reficar,0.0,10.0
2026-02-19,12,PT1H,MC-Reficar,0.0,10.0
2026-02-19,13,PT1H,MC-Reficar,0.0,10.0
2026-02-19,14,PT1H,MC-Reficar,0.0,10.0
2026-02-19,15,PT1H,MC-Reficar,0.0,10.0
2026-02-19,16,PT1H,MC-Reficar,0.0,10.0
2026-02-19,17,PT1H,MC-Reficar,0.0,10.0
2026-02-19,18,PT1H,MC-Reficar,0.0,10.0
2026-02-19,19,PT1H,MC-Reficar,0.0,0.0
2026-02-19,20,PT1H,MC-Reficar,0.0,0.0
2026-02-19,21,PT1H,MC-Reficar,0.0,0.0
2026-02-19,22,PT1H,MC-Reficar,0.0,10.0
2026-02-19,23,PT1H,MC-Reficar,0.0,10.0
2026-02-19,24,PT1H,MC-Reficar,0.0,10.0
2025-06-19,1,PT1H,MC-Reficar,12454.02,8010.0
2025-06-19,2,PT1H,MC-Reficar,12971.12,8010.0
2025-06-19,3,PT1H,MC-Reficar,13323.39,8010.0
2025-06-19,4,PT1H,MC-Reficar,12627.35,8010.0
2025-06-19,5,PT1H,MC-Reficar,10622.79,8010.0
2025-06-19,6,PT1H,MC-Reficar,9839.4,8010.0
2025-06-19,7,PT1H,MC-Reficar,10716.05,8010.0
2025-06-19,8,PT1H,MC-Reficar,11003.22,8010.0
2025-06-19,9,PT1H,MC-Reficar,10915.58,8010.0
2025-06-19,10,PT1H,MC-Reficar,1201.62,8010.0
2025-06-19,11,PT1H,MC-Reficar,148.42,8010.0
2025-06-19,12,PT1H,MC-Reficar,147.57,8010.0
2025-06-19,13,PT1H,MC-Reficar,147.45,8010.0
2025-06-19,14,PT1H,MC-Reficar,147.04,8010.0
2025-06-19,15,PT1H,MC-Reficar,145.53,8010.0
2025-06-19,16,PT1H,MC-Reficar,145.27,8010.0
2025-06-19,17,PT1H,MC-Reficar,148.14,8010.0
2025-06-19,18,PT1H,MC-Reficar,150.25,8010.0
2025-06-19,19,PT1H,MC-Reficar,150.14,8000.0
2025-06-19,20,PT1H,MC-Reficar,143.94,8000.0
2025-06-19,21,PT1H,MC-Reficar,144.21,8000.0
2025-06-19,22,PT1H,MC-Reficar,141.87,8010.0
2025-06-19,23,PT1H,MC-Reficar,141.69,8010.0
2025-06-19,24,PT1H,MC-Reficar,142.15,8010.0
2025-11-02,1,PT1H,MC-Reficar,6085.01,7010.0
2025-11-02,2,PT1H,MC-Reficar,6715.18,7010.0
2025-11-02,3,PT1H,MC-Reficar,6802.19,7010.0
2025-11-02,4,PT1H,MC-Reficar,5660.7,7010.0
2025-11-02,5,PT1H,MC-Reficar,4743.31,7010.0
2025-11-02,6,PT1H,MC-Reficar,4709.97,7010.0
2025-11-02,7,PT1H,MC-Reficar,4228.69,7010.0
2025-11-02,8,PT1H,MC-Reficar,4470.21,7010.0
2025-11-02,9,PT1H,MC-Reficar,4284.79,7010.0
2025-11-02,10,PT1H,MC-Reficar,6566.56,7010.0
2025-11-02,11,PT1H,MC-Reficar,7282.31,7010.0
2025-11-02,12,PT1H,MC-Reficar,5085.91,7010.0
2025-11-02,13,PT1H,MC-Reficar,4678.27,7010.0
2025-11-02,14,PT1H,MC-Reficar,4524.39,7010.0
2025-11-02,15,PT1H,MC-Reficar,5251.91,7010.0
2025-11-02,16,PT1H,MC-Reficar,5470.04,7010.0
2025-11-02,17,PT1H,MC-Reficar,4961.78,7010.0
2025-11-02,18,PT1H,MC-Reficar,5376.06,7010.0
2025-11-02,19,PT1H,MC-Reficar,5786.19,7000.0
2025-11-02,20,PT1H,MC-Reficar,5888.62,7000.0
2025-11-02,21,PT1H,MC-Reficar,5308.0,7000.0
2025-11-02,22,PT1H,MC-Reficar,5244.01,7010.0
2025-11-02,23,PT1H,MC-Reficar,5157.6,7010.0
2025-11-02,24,PT1H,MC-Reficar,5387.65,7010.0
2025-07-23,1,PT1H,MC-Reficar,7803.15,10010.0
2025-07-23,2,PT1H,MC-Reficar,8404.12,10010.0
2025-07-23,3,PT1H,MC-Reficar,8903.79,10010.0
2025-07-23,4,PT1H,MC-Reficar,8264.98,10010.0
2025-07-23,5,PT1H,MC-Reficar,8151.43,10010.0
2025-07-23,6,PT1H,MC-Reficar,7949.25,10010.0
2025-07-23,7,PT1H,MC-Reficar,7853.39,10010.0
2025-07-23,8,PT1H,MC-Reficar,8400.54,10010.0
2025-07-23,9,PT1H,MC-Reficar,10923.33,10010.0
2025-07-23,10,PT1H,MC-Reficar,11025.49,10010.0
2025-07-23,11,PT1H,MC-Reficar,10763.68,10010.0
2025-07-23,12,PT1H,MC-Reficar,9931.88,10010.0
2025-07-23,13,PT1H,MC-Reficar,9352.71,10010.0
2025-07-23,14,PT1H,MC-Reficar,9989.72,10010.0
2025-07-23,15,PT1H,MC-Reficar,9718.43,10010.0
2025-07-23,16,PT1H,MC-Reficar,9500.08,10010.0
2025-07-23,17,PT1H,MC-Reficar,9469.06,10010.0
2025-07-23,18,PT1H,MC-Reficar,9537.43,10010.0
2025-07-23,19,PT1H,MC-Reficar,9485.44,10000.0
2025-07-23,20,PT1H,MC-Reficar,9626.83,10000.0
2025-07-23,21,PT1H,MC-Reficar,9571.92,10000.0
2025-07-23,22,PT1H,MC-Reficar,9568.64,10010.0
2025-07-23,23,PT1H,MC-Reficar,9254.39,10010.0
2025-07-23,24,PT1H,MC-Reficar,9168.06,10010.0
2025-09-26,1,PT1H,MC-Reficar,6768.16,10010.0
2025-09-26,2,PT1H,MC-Reficar,7591.71,10010.0
2025-09-26,3,PT1H,MC-Reficar,7244.38,10010.0
2025-09-26,4,PT1H,MC-Reficar,6314.31,10010.0
2025-09-26,5,PT1H,MC-Reficar,5492.88,10010.0
2025-09-26,6,PT1H,MC-Reficar,5513.15,10010.0
2025-09-26,7,PT1H,MC-Reficar,5766.7,10010.0
2025-09-26,8,PT1H,MC-Reficar,6288.88,10010.0
2025-09-26,9,PT1H,MC-Reficar,6520.33,10010.0
2025-09-26,10,PT1H,MC-Reficar,9425.12,10010.0
2025-09-26,11,PT1H,MC-Reficar,9813.03,10010.0
2025-09-26,12,PT1H,MC-Reficar,7239.77,10010.0
2025-09-26,13,PT1H,MC-Reficar,7078.45,10010.0
2025-09-26,14,PT1H,MC-Reficar,6822.06,10010.0
2025-09-26,15,PT1H,MC-Reficar,6911.38,10010.0
2025-09-26,16,PT1H,MC-Reficar,6514.61,10010.0
2025-09-26,17,PT1H,MC-Reficar,8366.87,10010.0
2025-09-26,18,PT1H,MC-Reficar,8286.64,10010.0
2025-09-26,19,PT1H,MC-Reficar,6819.81,10000.0
2025-09-26,20,PT1H,MC-Reficar,4902.46,10000.0
2025-09-26,21,PT1H,MC-Reficar,4971.53,10000.0
2025-09-26,22,PT1H,MC-Reficar,4945.08,10010.0
2025-09-26,23,PT1H,MC-Reficar,5418.09,10010.0
2025-09-26,24,PT1H,MC-Reficar,6035.37,10010.0
2025-08-31,1,PT1H,MC-Reficar,5559.54,4010.0
2025-08-31,2,PT1H,MC-Reficar,5848.57,4010.0
2025-08-31,3,PT1H,MC-Reficar,6222.81,4010.0
2025-08-31,4,PT1H,MC-Reficar,4343.05,4010.0
2025-08-31,5,PT1H,MC-Reficar,4154.47,4010.0
2025-08-31,6,PT1H,MC-Reficar,3749.69,4010.0
2025-08-31,7,PT1H,MC-Reficar,3859.89,4010.0
2025-08-31,8,PT1H,MC-Reficar,5893.92,4010.0
2025-08-31,9,PT1H,MC-Reficar,8749.2,4010.0
2025-08-31,10,PT1H,MC-Reficar,9144.83,4010.0
2025-08-31,11,PT1H,MC-Reficar,8812.65,4010.0
2025-08-31,12,PT1H,MC-Reficar,7210.84,4010.0
2025-08-31,13,PT1H,MC-Reficar,7261.27,4010.0
2025-08-31,14,PT1H,MC-Reficar,7282.22,4010.0
2025-08-31,15,PT1H,MC-Reficar,6599.42,4010.0
2025-08-31,16,PT1H,MC-Reficar,5944.1,4010.0
2025-08-31,17,PT1H,MC-Reficar,6130.5,4010.0
2025-08-31,18,PT1H,MC-Reficar,6389.87,4010.0
2025-08-31,19,PT1H,MC-Reficar,5241.15,4000.0
2025-08-31,20,PT1H,MC-Reficar,5094.89,4000.0
2025-08-31,21,PT1H,MC-Reficar,4889.75,4000.0
2025-08-31,22,PT1H,MC-Reficar,4845.37,4010.0
2025-08-31,23,PT1H,MC-Reficar,4573.87,4010.0
2025-08-31,24,PT1H,MC-Reficar,5031.38,4010.0
2025-09-29,1,PT1H,MC-Reficar,5811.53,8010.0
2025-09-29,2,PT1H,MC-Reficar,8683.61,8010.0
2025-09-29,3,PT1H,MC-Reficar,8097.55,8010.0
2025-09-29,4,PT1H,MC-Reficar,5587.47,8010.0
2025-09-29,5,PT1H,MC-Reficar,5865.12,8010.0
2025-09-29,6,PT1H,MC-Reficar,5431.42,8010.0
2025-09-29,7,PT1H,MC-Reficar,6026.41,8010.0
2025-09-29,8,PT1H,MC-Reficar,8392.72,8010.0
2025-09-29,9,PT1H,MC-Reficar,9013.31,8010.0
2025-09-29,10,PT1H,MC-Reficar,9301.67,8010.0
2025-09-29,11,PT1H,MC-Reficar,9147.73,8010.0
2025-09-29,12,PT1H,MC-Reficar,8254.34,8010.0
2025-09-29,13,PT1H,MC-Reficar,8602.32,8010.0
2025-09-29,14,PT1H,MC-Reficar,6837.04,8010.0
2025-09-29,15,PT1H,MC-Reficar,7852.4,8010.0
2025-09-29,16,PT1H,MC-Reficar,8379.54,8010.0
2025-09-29,17,PT1H,MC-Reficar,9166.01,8010.0
2025-09-29,18,PT1H,MC-Reficar,8397.24,8010.0
2025-09-29,19,PT1H,MC-Reficar,7333.13,8000.0
2025-09-29,20,PT1H,MC-Reficar,5293.58,8000.0
2025-09-29,21,PT1H,MC-Reficar,4829.72,8000.0
2025-09-29,22,PT1H,MC-Reficar,5067.66,8010.0
2025-09-29,23,PT1H,MC-Reficar,5245.2,8010.0
2025-09-29,24,PT1H,MC-Reficar,5548.21,8010.0
2025-08-11,1,PT1H,MC-Reficar,6602.59,4010.0
2025-08-11,2,PT1H,MC-Reficar,5937.29,4010.0
2025-08-11,3,PT1H,MC-Reficar,5960.38,4010.0
2025-08-11,4,PT1H,MC-Reficar,6403.26,4010.0
2025-08-11,5,PT1H,MC-Reficar,6787.45,4010.0
2025-08-11,6,PT1H,MC-Reficar,6141.05,4010.0
2025-08-11,7,PT1H,MC-Reficar,5758.54,4010.0
2025-08-11,8,PT1H,MC-Reficar,6430.86,4010.0
2025-08-11,9,PT1H,MC-Reficar,5764.85,4010.0
2025-08-11,10,PT1H,MC-Reficar,4100.46,4010.0
2025-08-11,11,PT1H,MC-Reficar,4005.8,4010.0
2025-08-11,12,PT1H,MC-Reficar,4780.86,4010.0
2025-08-11,13,PT1H,MC-Reficar,5089.52,4010.0
2025-08-11,14,PT1H,MC-Reficar,5265.32,4010.0
2025-08-11,15,PT1H,MC-Reficar,5019.82,4010.0
2025-08-11,16,PT1H,MC-Reficar,4567.27,4010.0
2025-08-11,17,PT1H,MC-Reficar,5496.64,4010.0
2025-08-11,18,PT1H,MC-Reficar,7229.56,4010.0
2025-08-11,19,PT1H,MC-Reficar,7796.42,4000.0
2025-08-11,20,PT1H,MC-Reficar,6209.11,4000.0
2025-08-11,21,PT1H,MC-Reficar,5445.27,4000.0
2025-08-11,22,PT1H,MC-Reficar,5607.63,4000.0
2025-08-11,23,PT1H,MC-Reficar,7055.77,4000.0
2025-08-11,24,PT1H,MC-Reficar,8304.31,4000.0
2025-11-15,1,PT1H,MC-Reficar,6416.1,6010.0
2025-11-15,2,PT1H,MC-Reficar,6756.39,6010.0
2025-11-15,3,PT1H,MC-Reficar,5752.93,6010.0
2025-11-15,4,PT1H,MC-Reficar,5367.79,6010.0
2025-11-15,5,PT1H,MC-Reficar,5412.51,6010.0
2025-11-15,6,PT1H,MC-Reficar,5323.65,6010.0
2025-11-15,7,PT1H,MC-Reficar,4569.71,6010.0
2025-11-15,8,PT1H,MC-Reficar,4837.82,6010.0
2025-11-15,9,PT1H,MC-Reficar,7297.17,6010.0
2025-11-15,10,PT1H,MC-Reficar,7480.71,6010.0
2025-11-15,11,PT1H,MC-Reficar,7720.59,6010.0
2025-11-15,12,PT1H,MC-Reficar,5454.91,6010.0
2025-11-15,13,PT1H,MC-Reficar,5481.24,6010.0
2025-11-15,14,PT1H,MC-Reficar,5284.59,6010.0
2025-11-15,15,PT1H,MC-Reficar,5072.95,6010.0
2025-11-15,16,PT1H,MC-Reficar,5409.13,6010.0
2025-11-15,17,PT1H,MC-Reficar,8459.7,6010.0
2025-11-15,18,PT1H,MC-Reficar,10341.03,6010.0
2025-11-15,19,PT1H,MC-Reficar,7765.36,6000.0
2025-11-15,20,PT1H,MC-Reficar,6677.35,6000.0
2025-11-15,21,PT1H,MC-Reficar,6266.46,6000.0
2025-11-15,22,PT1H,MC-Reficar,5884.39,6010.0
2025-11-15,23,PT1H,MC-Reficar,5786.73,6010.0
2025-11-15,24,PT1H,MC-Reficar,5216.23,6010.0
2025-11-20,1,PT1H,MC-Reficar,10928.51,10510.0
2025-11-20,2,PT1H,MC-Reficar,12750.38,10510.0
2025-11-20,3,PT1H,MC-Reficar,13209.4,10510.0
2025-11-20,4,PT1H,MC-Reficar,13033.12,10510.0
2025-11-20,5,PT1H,MC-Reficar,10825.67,11010.0
2025-11-20,6,PT1H,MC-Reficar,10174.85,11010.0
2025-11-20,7,PT1H,MC-Reficar,9442.17,11010.0
2025-11-20,8,PT1H,MC-Reficar,9746.9,11010.0
2025-11-20,9,PT1H,MC-Reficar,9812.25,10510.0
2025-11-20,10,PT1H,MC-Reficar,10139.18,10510.0
2025-11-20,11,PT1H,MC-Reficar,13793.01,10510.0
2025-11-20,12,PT1H,MC-Reficar,11571.71,10510.0
2025-11-20,13,PT1H,MC-Reficar,8089.33,11010.0
2025-11-20,14,PT1H,MC-Reficar,9923.55,11010.0
2025-11-20,15,PT1H,MC-Reficar,12233.41,11010.0
2025-11-20,16,PT1H,MC-Reficar,10321.46,11010.0
2025-11-20,17,PT1H,MC-Reficar,10846.13,10510.0
2025-11-20,18,PT1H,MC-Reficar,12581.46,10510.0
2025-11-20,19,PT1H,MC-Reficar,13030.16,10500.0
2025-11-20,20,PT1H,MC-Reficar,12192.26,10500.0
2025-11-20,21,PT1H,MC-Reficar,12574.87,11000.0
2025-11-20,22,PT1H,MC-Reficar,12442.69,11010.0
2025-11-20,23,PT1H,MC-Reficar,12553.09,11010.0
2025-11-20,24,PT1H,MC-Reficar,12143.22,11010.0
2025-10-19,1,PT1H,MC-Reficar,4833.35,8010.0
2025-10-19,2,PT1H,MC-Reficar,7020.45,8010.0
2025-10-19,3,PT1H,MC-Reficar,6855.96,8010.0
2025-10-19,4,PT1H,MC-Reficar,4587.36,8010.0
2025-10-19,5,PT1H,MC-Reficar,4554.22,8010.0
2025-10-19,6,PT1H,MC-Reficar,4304.97,8010.0
2025-10-19,7,PT1H,MC-Reficar,4080.9,8010.0
2025-10-19,8,PT1H,MC-Reficar,5191.2,8010.0
2025-10-19,9,PT1H,MC-Reficar,6841.44,8010.0
2025-10-19,10,PT1H,MC-Reficar,8351.62,8010.0
2025-10-19,11,PT1H,MC-Reficar,8109.49,8010.0
2025-10-19,12,PT1H,MC-Reficar,6653.8,8010.0
2025-10-19,13,PT1H,MC-Reficar,5697.99,8010.0
2025-10-19,14,PT1H,MC-Reficar,6270.14,8010.0
2025-10-19,15,PT1H,MC-Reficar,5710.78,8010.0
2025-10-19,16,PT1H,MC-Reficar,5413.16,8010.0
2025-10-19,17,PT1H,MC-Reficar,6642.32,8010.0
2025-10-19,18,PT1H,MC-Reficar,6938.82,8010.0
2025-10-19,19,PT1H,MC-Reficar,6506.94,8000.0
2025-10-19,20,PT1H,MC-Reficar,5791.59,8000.0
2025-10-19,21,PT1H,MC-Reficar,5370.73,8000.0
2025-10-19,22,PT1H,MC-Reficar,5606.38,8010.0
2025-10-19,23,PT1H,MC-Reficar,6125.47,8010.0
2025-10-19,24,PT1H,MC-Reficar,6028.79,8010.0
2025-12-20,1,PT1H,MC-Reficar,2366.4,6810.0
2025-12-20,2,PT1H,MC-Reficar,2304.0,6810.0
2025-12-20,3,PT1H,MC-Reficar,1707.2,6810.0
2025-12-20,4,PT1H,MC-Reficar,1665.6,6810.0
2025-12-20,5,PT1H,MC-Reficar,1881.6,6810.0
2025-12-20,6,PT1H,MC-Reficar,2088.0,6810.0
2025-12-20,7,PT1H,MC-Reficar,1766.4,6810.0
2025-12-20,8,PT1H,MC-Reficar,1598.4,6810.0
2025-12-20,9,PT1H,MC-Reficar,1774.4,6810.0
2025-12-20,10,PT1H,MC-Reficar,3129.6,6810.0
2025-12-20,11,PT1H,MC-Reficar,1883.2,6810.0
2025-12-20,12,PT1H,MC-Reficar,1624.0,6810.0
2025-12-20,13,PT1H,MC-Reficar,1868.8,6810.0
2025-12-20,14,PT1H,MC-Reficar,1808.0,6810.0
2025-12-20,15,PT1H,MC-Reficar,1059.2,6810.0
2025-12-20,16,PT1H,MC-Reficar,308.8,6810.0
2025-12-20,17,PT1H,MC-Reficar,736.0,6810.0
2025-12-20,18,PT1H,MC-Reficar,1334.4,6810.0
2025-12-20,19,PT1H,MC-Reficar,1244.8,6800.0
2025-12-20,20,PT1H,MC-Reficar,1022.4,6800.0
2025-12-20,21,PT1H,MC-Reficar,1120.0,6800.0
2025-12-20,22,PT1H,MC-Reficar,846.4,6810.0
2025-12-20,23,PT1H,MC-Reficar,436.8,6810.0
2025-12-20,24,PT1H,MC-Reficar,310.4,6810.0
2026-02-27,1,PT1H,MC-Reficar,0.0,10.0
2026-02-27,2,PT1H,MC-Reficar,0.0,10.0
2026-02-27,3,PT1H,MC-Reficar,0.0,10.0
2026-02-27,4,PT1H,MC-Reficar,0.0,10.0
2026-02-27,5,PT1H,MC-Reficar,0.0,10.0
2026-02-27,6,PT1H,MC-Reficar,0.0,10.0
2026-02-27,7,PT1H,MC-Reficar,0.0,10.0
2026-02-27,8,PT1H,MC-Reficar,0.0,10.0
2026-02-27,9,PT1H,MC-Reficar,0.0,10.0
2026-02-27,10,PT1H,MC-Reficar,0.0,10.0
2026-02-27,11,PT1H,MC-Reficar,0.74,10.0
2026-02-27,12,PT1H,MC-Reficar,0.0,10.0
2026-02-27,13,PT1H,MC-Reficar,0.0,10.0
2026-02-27,14,PT1H,MC-Reficar,0.0,10.0
2026-02-27,15,PT1H,MC-Reficar,0.0,10.0
2026-02-27,16,PT1H,MC-Reficar,0.0,10.0
2026-02-27,17,PT1H,MC-Reficar,2.65,10.0
2026-02-27,18,PT1H,MC-Reficar,0.0,10.0
2026-02-27,19,PT1H,MC-Reficar,0.0,0.0
2026-02-27,20,PT1H,MC-Reficar,0.0,0.0
2026-02-27,21,PT1H,MC-Reficar,0.0,0.0
2026-02-27,22,PT1H,MC-Reficar,0.0,10.0
2026-02-27,23,PT1H,MC-Reficar,0.0,10.0
2026-02-27,24,PT1H,MC-Reficar,0.0,10.0
2025-08-17,1,PT1H,MC-Reficar,4979.63,10010.0
2025-08-17,2,PT1H,MC-Reficar,4667.0,10010.0
2025-08-17,3,PT1H,MC-Reficar,4057.53,10010.0
2025-08-17,4,PT1H,MC-Reficar,12187.01,10010.0
2025-08-17,5,PT1H,MC-Reficar,11744.5,10010.0
2025-08-17,6,PT1H,MC-Reficar,10030.22,10010.0
2025-08-17,7,PT1H,MC-Reficar,9740.38,10010.0
2025-08-17,8,PT1H,MC-Reficar,9997.47,10010.0
2025-08-17,9,PT1H,MC-Reficar,10413.13,10010.0
2025-08-17,10,PT1H,MC-Reficar,11928.47,10010.0
2025-08-17,11,PT1H,MC-Reficar,11468.27,10010.0
2025-08-17,12,PT1H,MC-Reficar,9751.86,10010.0
2025-08-17,13,PT1H,MC-Reficar,10555.21,10010.0
2025-08-17,14,PT1H,MC-Reficar,10184.99,10010.0
2025-08-17,15,PT1H,MC-Reficar,10092.06,10010.0
2025-08-17,16,PT1H,MC-Reficar,10649.46,10010.0
2025-08-17,17,PT1H,MC-Reficar,10397.03,10010.0
2025-08-17,18,PT1H,MC-Reficar,11327.97,10010.0
2025-08-17,19,PT1H,MC-Reficar,11924.19,10000.0
2025-08-17,20,PT1H,MC-Reficar,10255.21,10000.0
2025-08-17,21,PT1H,MC-Reficar,9443.52,10000.0
2025-08-17,22,PT1H,MC-Reficar,9652.86,10010.0
2025-08-17,23,PT1H,MC-Reficar,10161.7,10010.0
2025-08-17,24,PT1H,MC-Reficar,9615.05,10010.0
2025-05-28,1,PT1H,MC-Reficar,11109.8,8010.0
2025-05-28,2,PT1H,MC-Reficar,11196.42,8010.0
2025-05-28,3,PT1H,MC-Reficar,10882.93,8010.0
2025-05-28,4,PT1H,MC-Reficar,9494.82,8010.0
2025-05-28,5,PT1H,MC-Reficar,10333.73,8010.0
2025-05-28,6,PT1H,MC-Reficar,10915.19,8010.0
2025-05-28,7,PT1H,MC-Reficar,10346.53,8010.0
2025-05-28,8,PT1H,MC-Reficar,10325.48,8010.0
2025-05-28,9,PT1H,MC-Reficar,10351.77,8010.0
2025-05-28,10,PT1H,MC-Reficar,10430.35,8010.0
2025-05-28,11,PT1H,MC-Reficar,10135.36,8010.0
2025-05-28,12,PT1H,MC-Reficar,10546.69,8010.0
2025-05-28,13,PT1H,MC-Reficar,11039.79,8010.0
2025-05-28,14,PT1H,MC-Reficar,10892.5,8010.0
2025-05-28,15,PT1H,MC-Reficar,11127.45,8010.0
2025-05-28,16,PT1H,MC-Reficar,11306.98,8010.0
2025-05-28,17,PT1H,MC-Reficar,10976.51,8010.0
2025-05-28,18,PT1H,MC-Reficar,10871.77,8010.0
2025-05-28,19,PT1H,MC-Reficar,10925.18,8000.0
2025-05-28,20,PT1H,MC-Reficar,9582.75,8000.0
2025-05-28,21,PT1H,MC-Reficar,10032.26,8000.0
2025-05-28,22,PT1H,MC-Reficar,10710.97,8010.0
2025-05-28,23,PT1H,MC-Reficar,10486.2,8010.0
2025-05-28,24,PT1H,MC-Reficar,10770.76,8010.0
2025-08-22,1,PT1H,MC-Reficar,5174.24,4010.0
2025-08-22,2,PT1H,MC-Reficar,7689.03,4010.0
2025-08-22,3,PT1H,MC-Reficar,8114.41,4010.0
2025-08-22,4,PT1H,MC-Reficar,5747.1,4010.0
2025-08-22,5,PT1H,MC-Reficar,5323.1,4010.0
2025-08-22,6,PT1H,MC-Reficar,5435.04,4010.0
2025-08-22,7,PT1H,MC-Reficar,4771.01,4010.0
2025-08-22,8,PT1H,MC-Reficar,5924.0,4010.0
2025-08-22,9,PT1H,MC-Reficar,5843.62,4010.0
2025-08-22,10,PT1H,MC-Reficar,5155.57,4010.0
2025-08-22,11,PT1H,MC-Reficar,4954.15,4010.0
2025-08-22,12,PT1H,MC-Reficar,4719.33,4010.0
2025-08-22,13,PT1H,MC-Reficar,4652.23,4010.0
2025-08-22,14,PT1H,MC-Reficar,5425.18,4010.0
2025-08-22,15,PT1H,MC-Reficar,5593.52,4010.0
2025-08-22,16,PT1H,MC-Reficar,5106.98,4010.0
2025-08-22,17,PT1H,MC-Reficar,6661.91,4010.0
2025-08-22,18,PT1H,MC-Reficar,7433.04,4010.0
2025-08-22,19,PT1H,MC-Reficar,6043.02,4000.0
2025-08-22,20,PT1H,MC-Reficar,4213.95,4000.0
2025-08-22,21,PT1H,MC-Reficar,4206.02,4000.0
2025-08-22,22,PT1H,MC-Reficar,4833.84,4010.0
2025-08-22,23,PT1H,MC-Reficar,4829.34,4010.0
2025-08-22,24,PT1H,MC-Reficar,5320.86,4010.0
2025-07-17,1,PT1H,MC-Reficar,10691.7,10010.0
2025-07-17,2,PT1H,MC-Reficar,11321.05,10010.0
2025-07-17,3,PT1H,MC-Reficar,10674.68,10010.0
2025-07-17,4,PT1H,MC-Reficar,9920.92,10010.0
2025-07-17,5,PT1H,MC-Reficar,9993.09,10010.0
2025-07-17,6,PT1H,MC-Reficar,9456.16,10010.0
2025-07-17,7,PT1H,MC-Reficar,9140.16,10010.0
2025-07-17,8,PT1H,MC-Reficar,9851.09,10010.0
2025-07-17,9,PT1H,MC-Reficar,10675.44,10010.0
2025-07-17,10,PT1H,MC-Reficar,11351.46,10010.0
2025-07-17,11,PT1H,MC-Reficar,11338.06,10010.0
2025-07-17,12,PT1H,MC-Reficar,11055.52,10010.0
2025-07-17,13,PT1H,MC-Reficar,11104.6,10010.0
2025-07-17,14,PT1H,MC-Reficar,9962.16,10010.0
2025-07-17,15,PT1H,MC-Reficar,10215.77,10010.0
2025-07-17,16,PT1H,MC-Reficar,10672.11,10010.0
2025-07-17,17,PT1H,MC-Reficar,11507.37,10010.0
2025-07-17,18,PT1H,MC-Reficar,8797.07,10010.0
2025-07-17,19,PT1H,MC-Reficar,7547.05,10000.0
2025-07-17,20,PT1H,MC-Reficar,5443.68,10000.0
2025-07-17,21,PT1H,MC-Reficar,7270.71,10000.0
2025-07-17,22,PT1H,MC-Reficar,7884.26,10010.0
2025-07-17,23,PT1H,MC-Reficar,7850.53,10010.0
2025-07-17,24,PT1H,MC-Reficar,10103.26,10010.0
2025-12-21,24,PT1H,MC-Reficar,262.4,6810.0
2025-12-21,1,PT1H,MC-Reficar,747.2,6810.0
2025-12-21,2,PT1H,MC-Reficar,820.8,6810.0
2025-12-21,3,PT1H,MC-Reficar,436.8,6810.0
2025-12-21,4,PT1H,MC-Reficar,132.8,6810.0
2025-12-21,5,PT1H,MC-Reficar,334.4,6810.0
2025-12-21,6,PT1H,MC-Reficar,304.0,6810.0
2025-12-21,7,PT1H,MC-Reficar,734.4,6810.0
2025-12-21,8,PT1H,MC-Reficar,1556.8,6810.0
2025-12-21,9,PT1H,MC-Reficar,2872.0,6810.0
2025-12-21,10,PT1H,MC-Reficar,5297.6,6810.0
2025-12-21,11,PT1H,MC-Reficar,5252.8,6810.0
2025-12-21,12,PT1H,MC-Reficar,1913.6,6810.0
2025-12-21,13,PT1H,MC-Reficar,2118.4,6810.0
2025-12-21,14,PT1H,MC-Reficar,2009.6,6810.0
2025-12-21,15,PT1H,MC-Reficar,1532.8,6810.0
2025-12-21,16,PT1H,MC-Reficar,888.0,6810.0
2025-12-21,17,PT1H,MC-Reficar,1534.4,6810.0
2025-12-21,18,PT1H,MC-Reficar,1142.4,6810.0
2025-12-21,19,PT1H,MC-Reficar,676.8,6800.0
2025-12-21,20,PT1H,MC-Reficar,505.6,6800.0
2025-12-21,21,PT1H,MC-Reficar,1436.8,6800.0
2025-12-21,22,PT1H,MC-Reficar,1246.4,6810.0
2025-12-21,23,PT1H,MC-Reficar,321.6,6810.0
2025-12-08,1,PT1H,MC-Reficar,5592.59,6810.0
2025-12-08,2,PT1H,MC-Reficar,5681.21,6810.0
2025-12-08,3,PT1H,MC-Reficar,6131.5,6810.0
2025-12-08,4,PT1H,MC-Reficar,6032.58,6810.0
2025-12-08,5,PT1H,MC-Reficar,5905.61,6810.0
2025-12-08,6,PT1H,MC-Reficar,5696.38,6810.0
2025-12-08,7,PT1H,MC-Reficar,5404.73,6810.0
2025-12-08,8,PT1H,MC-Reficar,5298.36,6810.0
2025-12-08,9,PT1H,MC-Reficar,5468.31,6810.0
2025-12-08,10,PT1H,MC-Reficar,6005.96,6810.0
2025-12-08,11,PT1H,MC-Reficar,6185.31,6810.0
2025-12-08,12,PT1H,MC-Reficar,6284.63,6810.0
2025-12-08,13,PT1H,MC-Reficar,5829.03,6810.0
2025-12-08,14,PT1H,MC-Reficar,6188.14,6810.0
2025-12-08,15,PT1H,MC-Reficar,6170.38,6810.0
2025-12-08,16,PT1H,MC-Reficar,5989.16,6810.0
2025-12-08,17,PT1H,MC-Reficar,5760.36,6810.0
2025-12-08,18,PT1H,MC-Reficar,5723.25,6810.0
2025-12-08,19,PT1H,MC-Reficar,5562.89,6800.0
2025-12-08,20,PT1H,MC-Reficar,5886.93,6800.0
2025-12-08,21,PT1H,MC-Reficar,6465.81,6800.0
2025-12-08,22,PT1H,MC-Reficar,6412.0,6810.0
2025-12-08,23,PT1H,MC-Reficar,5967.51,6810.0
2025-12-08,24,PT1H,MC-Reficar,5786.12,6810.0
2025-08-09,1,PT1H,MC-Reficar,10030.47,4010.0
2025-08-09,2,PT1H,MC-Reficar,10459.49,4010.0
2025-08-09,3,PT1H,MC-Reficar,9977.27,4010.0
2025-08-09,4,PT1H,MC-Reficar,9354.39,4010.0
2025-08-09,5,PT1H,MC-Reficar,8752.69,4010.0
2025-08-09,6,PT1H,MC-Reficar,9007.42,4010.0
2025-08-09,7,PT1H,MC-Reficar,9067.88,4010.0
2025-08-09,8,PT1H,MC-Reficar,9565.08,4010.0
2025-08-09,9,PT1H,MC-Reficar,10555.31,4010.0
2025-08-09,10,PT1H,MC-Reficar,6822.75,4010.0
2025-08-09,11,PT1H,MC-Reficar,150.92,4010.0
2025-08-09,12,PT1H,MC-Reficar,149.66,4010.0
2025-08-09,13,PT1H,MC-Reficar,150.34,4010.0
2025-08-09,14,PT1H,MC-Reficar,158.04,4010.0
2025-08-09,15,PT1H,MC-Reficar,7065.1,4010.0
2025-08-09,16,PT1H,MC-Reficar,7550.66,4010.0
2025-08-09,17,PT1H,MC-Reficar,8764.23,4010.0
2025-08-09,18,PT1H,MC-Reficar,9051.09,4010.0
2025-08-09,19,PT1H,MC-Reficar,7995.92,4000.0
2025-08-09,20,PT1H,MC-Reficar,6852.06,4000.0
2025-08-09,21,PT1H,MC-Reficar,6559.7,4000.0
2025-08-09,22,PT1H,MC-Reficar,6631.73,4010.0
2025-08-09,23,PT1H,MC-Reficar,6682.86,4010.0
2025-08-09,24,PT1H,MC-Reficar,6609.71,4010.0
2025-12-10,1,PT1H,MC-Reficar,5455.57,6810.0
2025-12-10,2,PT1H,MC-Reficar,6387.76,6810.0
2025-12-10,3,PT1H,MC-Reficar,5792.57,6810.0
2025-12-10,4,PT1H,MC-Reficar,5475.23,6810.0
2025-12-10,5,PT1H,MC-Reficar,5375.42,6810.0
2025-12-10,6,PT1H,MC-Reficar,6137.25,6810.0
2025-12-10,7,PT1H,MC-Reficar,5730.5,6810.0
2025-12-10,8,PT1H,MC-Reficar,5929.35,6810.0
2025-12-10,9,PT1H,MC-Reficar,6215.36,6810.0
2025-12-10,10,PT1H,MC-Reficar,7727.48,6810.0
2025-12-10,11,PT1H,MC-Reficar,6249.31,6810.0
2025-12-10,12,PT1H,MC-Reficar,6555.49,6810.0
2025-12-10,13,PT1H,MC-Reficar,7418.66,6810.0
2025-12-10,14,PT1H,MC-Reficar,7117.7,6810.0
2025-12-10,15,PT1H,MC-Reficar,7121.07,6810.0
2025-12-10,16,PT1H,MC-Reficar,6596.25,6810.0
2025-12-10,17,PT1H,MC-Reficar,6347.14,6810.0
2025-12-10,18,PT1H,MC-Reficar,7427.25,6810.0
2025-12-10,19,PT1H,MC-Reficar,7441.5,6800.0
2025-12-10,20,PT1H,MC-Reficar,6832.47,6800.0
2025-12-10,21,PT1H,MC-Reficar,6711.98,6800.0
2025-12-10,22,PT1H,MC-Reficar,6295.9,6810.0
2025-12-10,23,PT1H,MC-Reficar,6460.15,6810.0
2025-12-10,24,PT1H,MC-Reficar,6451.38,6810.0
2026-02-02,1,PT1H,MC-Reficar,0.0,10.0
2026-02-02,2,PT1H,MC-Reficar,0.0,10.0
2026-02-02,3,PT1H,MC-Reficar,0.0,10.0
2026-02-02,4,PT1H,MC-Reficar,0.0,10.0
2026-02-02,5,PT1H,MC-Reficar,0.0,10.0
2026-02-02,6,PT1H,MC-Reficar,0.0,10.0
2026-02-02,7,PT1H,MC-Reficar,0.0,10.0
2026-02-02,8,PT1H,MC-Reficar,0.0,10.0
2026-02-02,9,PT1H,MC-Reficar,0.0,10.0
2026-02-02,10,PT1H,MC-Reficar,0.0,10.0
2026-02-02,11,PT1H,MC-Reficar,0.0,10.0
2026-02-02,12,PT1H,MC-Reficar,5274.71,10.0
2026-02-02,13,PT1H,MC-Reficar,966.81,10.0
2026-02-02,14,PT1H,MC-Reficar,0.0,10.0
2026-02-02,15,PT1H,MC-Reficar,0.0,10.0
2026-02-02,16,PT1H,MC-Reficar,0.0,10.0
2026-02-02,17,PT1H,MC-Reficar,0.0,10.0
2026-02-02,18,PT1H,MC-Reficar,0.0,10.0
2026-02-02,19,PT1H,MC-Reficar,0.0,0.0
2026-02-02,20,PT1H,MC-Reficar,0.0,0.0
2026-02-02,21,PT1H,MC-Reficar,0.0,0.0
2026-02-02,22,PT1H,MC-Reficar,0.0,10.0
2026-02-02,23,PT1H,MC-Reficar,0.0,10.0
2026-02-02,24,PT1H,MC-Reficar,0.0,10.0
2025-08-23,1,PT1H,MC-Reficar,5672.04,4010.0
2025-08-23,2,PT1H,MC-Reficar,4828.5,4010.0
2025-08-23,3,PT1H,MC-Reficar,4625.61,4010.0
2025-08-23,4,PT1H,MC-Reficar,5082.58,4010.0
2025-08-23,5,PT1H,MC-Reficar,4803.79,4010.0
2025-08-23,6,PT1H,MC-Reficar,4496.55,4010.0
2025-08-23,7,PT1H,MC-Reficar,5179.33,4010.0
2025-08-23,8,PT1H,MC-Reficar,5530.97,4010.0
2025-08-23,9,PT1H,MC-Reficar,6739.44,4010.0
2025-08-23,10,PT1H,MC-Reficar,7526.01,4010.0
2025-08-23,11,PT1H,MC-Reficar,6382.37,4010.0
2025-08-23,12,PT1H,MC-Reficar,5746.81,4010.0
2025-08-23,13,PT1H,MC-Reficar,6297.98,4010.0
2025-08-23,14,PT1H,MC-Reficar,6711.82,4010.0
2025-08-23,15,PT1H,MC-Reficar,5864.09,4010.0
2025-08-23,16,PT1H,MC-Reficar,6131.29,4010.0
2025-08-23,17,PT1H,MC-Reficar,6683.32,4010.0
2025-08-23,18,PT1H,MC-Reficar,6542.49,4010.0
2025-08-23,19,PT1H,MC-Reficar,4508.49,4000.0
2025-08-23,20,PT1H,MC-Reficar,4393.48,4000.0
2025-08-23,21,PT1H,MC-Reficar,4098.15,4000.0
2025-08-23,22,PT1H,MC-Reficar,4662.97,4010.0
2025-08-23,23,PT1H,MC-Reficar,4689.63,4010.0
2025-08-23,24,PT1H,MC-Reficar,4480.4,4010.0
2026-01-06,1,PT1H,MC-Reficar,0.0,10.0
2026-01-06,2,PT1H,MC-Reficar,0.0,10.0
2026-01-06,3,PT1H,MC-Reficar,0.0,10.0
2026-01-06,4,PT1H,MC-Reficar,0.0,10.0
2026-01-06,5,PT1H,MC-Reficar,0.0,10.0
2026-01-06,6,PT1H,MC-Reficar,0.0,10.0
2026-01-06,7,PT1H,MC-Reficar,0.0,10.0
2026-01-06,8,PT1H,MC-Reficar,0.0,10.0
2026-01-06,9,PT1H,MC-Reficar,0.0,10.0
2026-01-06,10,PT1H,MC-Reficar,0.0,10.0
2026-01-06,11,PT1H,MC-Reficar,0.0,10.0
2026-01-06,12,PT1H,MC-Reficar,0.0,10.0
2026-01-06,13,PT1H,MC-Reficar,0.0,10.0
2026-01-06,14,PT1H,MC-Reficar,0.0,10.0
2026-01-06,15,PT1H,MC-Reficar,0.0,10.0
2026-01-06,16,PT1H,MC-Reficar,0.0,10.0
2026-01-06,17,PT1H,MC-Reficar,0.0,10.0
2026-01-06,18,PT1H,MC-Reficar,0.0,10.0
2026-01-06,19,PT1H,MC-Reficar,0.0,0.0
2026-01-06,20,PT1H,MC-Reficar,0.0,0.0
2026-01-06,21,PT1H,MC-Reficar,0.0,0.0
2026-01-06,22,PT1H,MC-Reficar,0.0,10.0
2026-01-06,23,PT1H,MC-Reficar,0.0,10.0
2026-01-06,24,PT1H,MC-Reficar,0.0,10.0
2026-01-18,1,PT1H,MC-Reficar,0.0,10.0
2026-01-18,2,PT1H,MC-Reficar,0.0,10.0
2026-01-18,3,PT1H,MC-Reficar,0.0,10.0
2026-01-18,4,PT1H,MC-Reficar,0.0,10.0
2026-01-18,5,PT1H,MC-Reficar,0.0,10.0
2026-01-18,6,PT1H,MC-Reficar,0.0,10.0
2026-01-18,7,PT1H,MC-Reficar,0.0,10.0
2026-01-18,8,PT1H,MC-Reficar,0.0,10.0
2026-01-18,9,PT1H,MC-Reficar,0.0,10.0
2026-01-18,10,PT1H,MC-Reficar,0.0,10.0
2026-01-18,11,PT1H,MC-Reficar,0.0,10.0
2026-01-18,12,PT1H,MC-Reficar,0.0,10.0
2026-01-18,13,PT1H,MC-Reficar,0.0,10.0
2026-01-18,14,PT1H,MC-Reficar,0.0,10.0
2026-01-18,15,PT1H,MC-Reficar,0.0,10.0
2026-01-18,16,PT1H,MC-Reficar,0.0,10.0
2026-01-18,17,PT1H,MC-Reficar,0.0,10.0
2026-01-18,18,PT1H,MC-Reficar,0.0,10.0
2026-01-18,19,PT1H,MC-Reficar,0.0,0.0
2026-01-18,20,PT1H,MC-Reficar,0.0,0.0
2026-01-18,21,PT1H,MC-Reficar,0.0,0.0
2026-01-18,22,PT1H,MC-Reficar,0.0,10.0
2026-01-18,23,PT1H,MC-Reficar,0.0,10.0
2026-01-18,24,PT1H,MC-Reficar,0.0,10.0
2025-07-11,1,PT1H,MC-Reficar,10775.84,10010.0
2025-07-11,2,PT1H,MC-Reficar,11230.12,10010.0
2025-07-11,3,PT1H,MC-Reficar,9174.99,10010.0
2025-07-11,4,PT1H,MC-Reficar,9719.37,10010.0
2025-07-11,5,PT1H,MC-Reficar,9911.6,10010.0
2025-07-11,6,PT1H,MC-Reficar,10010.17,10010.0
2025-07-11,7,PT1H,MC-Reficar,9854.7,10010.0
2025-07-11,8,PT1H,MC-Reficar,9975.5,10010.0
2025-07-11,9,PT1H,MC-Reficar,10639.84,10010.0
2025-07-11,10,PT1H,MC-Reficar,10675.93,10010.0
2025-07-11,11,PT1H,MC-Reficar,9974.47,10010.0
2025-07-11,12,PT1H,MC-Reficar,9839.78,10010.0
2025-07-11,13,PT1H,MC-Reficar,10051.43,10010.0
2025-07-11,14,PT1H,MC-Reficar,10500.57,10010.0
2025-07-11,15,PT1H,MC-Reficar,9662.63,10010.0
2025-07-11,16,PT1H,MC-Reficar,9507.05,10010.0
2025-07-11,17,PT1H,MC-Reficar,9064.16,10010.0
2025-07-11,18,PT1H,MC-Reficar,8865.32,10010.0
2025-07-11,19,PT1H,MC-Reficar,10559.92,10000.0
2025-07-11,20,PT1H,MC-Reficar,10888.34,10000.0
2025-07-11,21,PT1H,MC-Reficar,10442.82,10000.0
2025-07-11,22,PT1H,MC-Reficar,10052.46,10010.0
2025-07-11,23,PT1H,MC-Reficar,9981.07,10010.0
2025-07-11,24,PT1H,MC-Reficar,10260.03,10010.0
2025-12-29,1,PT1H,MC-Reficar,0.0,1.0
2025-12-29,2,PT1H,MC-Reficar,0.0,1.0
2025-12-29,3,PT1H,MC-Reficar,0.0,1.0
2025-12-29,4,PT1H,MC-Reficar,0.0,1.0
2025-12-29,5,PT1H,MC-Reficar,0.0,1.0
2025-12-29,6,PT1H,MC-Reficar,0.0,1.0
2025-12-29,7,PT1H,MC-Reficar,0.0,1.0
2025-12-29,8,PT1H,MC-Reficar,0.0,1.0
2025-12-29,9,PT1H,MC-Reficar,0.0,1.0
2025-12-29,10,PT1H,MC-Reficar,0.0,1.0
2025-12-29,11,PT1H,MC-Reficar,0.0,1.0
2025-12-29,12,PT1H,MC-Reficar,0.0,1.0
2025-12-29,13,PT1H,MC-Reficar,0.0,1.0
2025-12-29,14,PT1H,MC-Reficar,0.0,1.0
2025-12-29,15,PT1H,MC-Reficar,0.0,1.0
2025-12-29,16,PT1H,MC-Reficar,0.0,1.0
2025-12-29,17,PT1H,MC-Reficar,0.0,1.0
2025-12-29,18,PT1H,MC-Reficar,0.0,1.0
2025-12-29,19,PT1H,MC-Reficar,0.0,1.0
2025-12-29,20,PT1H,MC-Reficar,0.0,1.0
2025-12-29,21,PT1H,MC-Reficar,0.0,1.0
2025-12-29,22,PT1H,MC-Reficar,0.0,1.0
2025-12-29,23,PT1H,MC-Reficar,0.0,1.0
2025-12-29,24,PT1H,MC-Reficar,0.0,1.0
2026-01-14,1,PT1H,MC-Reficar,0.0,10.0
2026-01-14,2,PT1H,MC-Reficar,0.0,10.0
2026-01-14,3,PT1H,MC-Reficar,0.0,10.0
2026-01-14,4,PT1H,MC-Reficar,0.0,10.0
2026-01-14,5,PT1H,MC-Reficar,0.0,10.0
2026-01-14,6,PT1H,MC-Reficar,0.0,10.0
2026-01-14,7,PT1H,MC-Reficar,0.0,10.0
2026-01-14,8,PT1H,MC-Reficar,0.0,10.0
2026-01-14,9,PT1H,MC-Reficar,0.0,10.0
2026-01-14,10,PT1H,MC-Reficar,0.0,10.0
2026-01-14,11,PT1H,MC-Reficar,0.0,10.0
2026-01-14,12,PT1H,MC-Reficar,0.0,10.0
2026-01-14,13,PT1H,MC-Reficar,0.0,10.0
2026-01-14,14,PT1H,MC-Reficar,0.0,10.0
2026-01-14,15,PT1H,MC-Reficar,0.0,10.0
2026-01-14,16,PT1H,MC-Reficar,0.0,10.0
2026-01-14,17,PT1H,MC-Reficar,0.0,10.0
2026-01-14,18,PT1H,MC-Reficar,0.0,10.0
2026-01-14,19,PT1H,MC-Reficar,0.0,0.0
2026-01-14,20,PT1H,MC-Reficar,0.0,0.0
2026-01-14,21,PT1H,MC-Reficar,0.0,0.0
2026-01-14,22,PT1H,MC-Reficar,0.0,10.0
2026-01-14,23,PT1H,MC-Reficar,0.0,10.0
2026-01-14,24,PT1H,MC-Reficar,0.0,10.0
2026-02-04,1,PT1H,MC-Reficar,0.0,10.0
2026-02-04,2,PT1H,MC-Reficar,0.0,10.0
2026-02-04,3,PT1H,MC-Reficar,0.0,10.0
2026-02-04,4,PT1H,MC-Reficar,0.62,10.0
2026-02-04,5,PT1H,MC-Reficar,0.0,10.0
2026-02-04,6,PT1H,MC-Reficar,0.0,10.0
2026-02-04,7,PT1H,MC-Reficar,0.0,10.0
2026-02-04,8,PT1H,MC-Reficar,0.0,10.0
2026-02-04,9,PT1H,MC-Reficar,0.0,10.0
2026-02-04,10,PT1H,MC-Reficar,0.0,10.0
2026-02-04,11,PT1H,MC-Reficar,0.0,10.0
2026-02-04,12,PT1H,MC-Reficar,0.0,10.0
2026-02-04,13,PT1H,MC-Reficar,0.0,10.0
2026-02-04,14,PT1H,MC-Reficar,0.0,10.0
2026-02-04,15,PT1H,MC-Reficar,0.0,10.0
2026-02-04,16,PT1H,MC-Reficar,0.0,10.0
2026-02-04,17,PT1H,MC-Reficar,0.0,10.0
2026-02-04,18,PT1H,MC-Reficar,0.0,10.0
2026-02-04,19,PT1H,MC-Reficar,0.0,0.0
2026-02-04,20,PT1H,MC-Reficar,0.0,0.0
2026-02-04,21,PT1H,MC-Reficar,0.0,0.0
2026-02-04,22,PT1H,MC-Reficar,0.0,10.0
2026-02-04,23,PT1H,MC-Reficar,0.0,10.0
2026-02-04,24,PT1H,MC-Reficar,0.0,10.0
2025-05-13,1,PT1H,MC-Reficar,0.0,510.0
2025-05-13,2,PT1H,MC-Reficar,0.0,510.0
2025-05-13,3,PT1H,MC-Reficar,0.0,510.0
2025-05-13,4,PT1H,MC-Reficar,0.0,510.0
2025-05-13,5,PT1H,MC-Reficar,0.0,510.0
2025-05-13,6,PT1H,MC-Reficar,0.0,510.0
2025-05-13,7,PT1H,MC-Reficar,0.0,510.0
2025-05-13,8,PT1H,MC-Reficar,0.0,510.0
2025-05-13,9,PT1H,MC-Reficar,0.0,510.0
2025-05-13,10,PT1H,MC-Reficar,0.0,510.0
2025-05-13,11,PT1H,MC-Reficar,0.0,510.0
2025-05-13,12,PT1H,MC-Reficar,0.0,510.0
2025-05-13,13,PT1H,MC-Reficar,0.0,510.0
2025-05-13,14,PT1H,MC-Reficar,0.0,510.0
2025-05-13,15,PT1H,MC-Reficar,0.0,510.0
2025-05-13,16,PT1H,MC-Reficar,0.0,510.0
2025-05-13,17,PT1H,MC-Reficar,0.0,510.0
2025-05-13,18,PT1H,MC-Reficar,0.0,510.0
2025-05-13,19,PT1H,MC-Reficar,0.0,500.0
2025-05-13,20,PT1H,MC-Reficar,0.0,500.0
2025-05-13,21,PT1H,MC-Reficar,0.0,500.0
2025-05-13,22,PT1H,MC-Reficar,0.0,510.0
2025-05-13,23,PT1H,MC-Reficar,0.0,510.0
2025-05-13,24,PT1H,MC-Reficar,0.0,510.0
2025-06-11,1,PT1H,MC-Reficar,11013.74,8010.0
2025-06-11,2,PT1H,MC-Reficar,10805.79,8010.0
2025-06-11,3,PT1H,MC-Reficar,10260.13,8010.0
2025-06-11,4,PT1H,MC-Reficar,10260.9,8010.0
2025-06-11,5,PT1H,MC-Reficar,10051.75,8010.0
2025-06-11,6,PT1H,MC-Reficar,10281.21,8010.0
2025-06-11,7,PT1H,MC-Reficar,10049.37,8010.0
2025-06-11,8,PT1H,MC-Reficar,10052.12,8010.0
2025-06-11,9,PT1H,MC-Reficar,10803.17,8010.0
2025-06-11,10,PT1H,MC-Reficar,11212.75,8010.0
2025-06-11,11,PT1H,MC-Reficar,11098.19,8010.0
2025-06-11,12,PT1H,MC-Reficar,10809.39,8010.0
2025-06-11,13,PT1H,MC-Reficar,9962.94,8010.0
2025-06-11,14,PT1H,MC-Reficar,10505.21,8010.0
2025-06-11,15,PT1H,MC-Reficar,10465.79,8010.0
2025-06-11,16,PT1H,MC-Reficar,10226.07,8010.0
2025-06-11,17,PT1H,MC-Reficar,11393.57,8010.0
2025-06-11,18,PT1H,MC-Reficar,11204.94,8010.0
2025-06-11,19,PT1H,MC-Reficar,10535.72,8000.0
2025-06-11,20,PT1H,MC-Reficar,8512.51,8000.0
2025-06-11,21,PT1H,MC-Reficar,8496.64,8000.0
2025-06-11,22,PT1H,MC-Reficar,8392.67,8010.0
2025-06-11,23,PT1H,MC-Reficar,8306.75,8010.0
2025-06-11,24,PT1H,MC-Reficar,8043.46,8010.0
2025-11-18,1,PT1H,MC-Reficar,6590.7,10510.0
2025-11-18,2,PT1H,MC-Reficar,7397.41,10510.0
2025-11-18,3,PT1H,MC-Reficar,7675.33,10510.0
2025-11-18,4,PT1H,MC-Reficar,5797.08,10510.0
2025-11-18,5,PT1H,MC-Reficar,5339.31,11010.0
2025-11-18,6,PT1H,MC-Reficar,5374.71,11010.0
2025-11-18,7,PT1H,MC-Reficar,5366.45,11010.0
2025-11-18,8,PT1H,MC-Reficar,6177.85,11010.0
2025-11-18,9,PT1H,MC-Reficar,7493.6,10510.0
2025-11-18,10,PT1H,MC-Reficar,9010.08,10510.0
2025-11-18,11,PT1H,MC-Reficar,6056.68,10510.0
2025-11-18,12,PT1H,MC-Reficar,3531.82,10510.0
2025-11-18,13,PT1H,MC-Reficar,4626.91,11010.0
2025-11-18,14,PT1H,MC-Reficar,5783.31,11010.0
2025-11-18,15,PT1H,MC-Reficar,5868.03,11010.0
2025-11-18,16,PT1H,MC-Reficar,6416.68,11010.0
2025-11-18,17,PT1H,MC-Reficar,7653.22,10510.0
2025-11-18,18,PT1H,MC-Reficar,10459.12,10510.0
2025-11-18,19,PT1H,MC-Reficar,12016.21,10500.0
2025-11-18,20,PT1H,MC-Reficar,10316.53,10500.0
2025-11-18,21,PT1H,MC-Reficar,9795.88,11000.0
2025-11-18,22,PT1H,MC-Reficar,10376.89,11010.0
2025-11-18,23,PT1H,MC-Reficar,10376.7,11010.0
2025-11-18,24,PT1H,MC-Reficar,10262.79,11010.0
2025-06-06,1,PT1H,MC-Reficar,10598.84,8010.0
2025-06-06,2,PT1H,MC-Reficar,10865.26,8010.0
2025-06-06,3,PT1H,MC-Reficar,10399.62,8010.0
2025-06-06,4,PT1H,MC-Reficar,10335.73,8010.0
2025-06-06,5,PT1H,MC-Reficar,10270.69,8010.0
2025-06-06,6,PT1H,MC-Reficar,9887.2,8010.0
2025-06-06,7,PT1H,MC-Reficar,9868.07,8010.0
2025-06-06,8,PT1H,MC-Reficar,10155.26,8010.0
2025-06-06,9,PT1H,MC-Reficar,10216.9,8010.0
2025-06-06,10,PT1H,MC-Reficar,10329.59,8010.0
2025-06-06,11,PT1H,MC-Reficar,10965.11,8010.0
2025-06-06,12,PT1H,MC-Reficar,10683.91,8010.0
2025-06-06,13,PT1H,MC-Reficar,9922.62,8010.0
2025-06-06,14,PT1H,MC-Reficar,10204.78,8010.0
2025-06-06,15,PT1H,MC-Reficar,10324.5,8010.0
2025-06-06,16,PT1H,MC-Reficar,10446.46,8010.0
2025-06-06,17,PT1H,MC-Reficar,10246.2,8010.0
2025-06-06,18,PT1H,MC-Reficar,10666.61,8010.0
2025-06-06,19,PT1H,MC-Reficar,10778.32,8000.0
2025-06-06,20,PT1H,MC-Reficar,10433.52,8000.0
2025-06-06,21,PT1H,MC-Reficar,9822.21,8000.0
2025-06-06,22,PT1H,MC-Reficar,9943.44,8010.0
2025-06-06,23,PT1H,MC-Reficar,10294.66,8010.0
2025-06-06,24,PT1H,MC-Reficar,10558.56,8010.0
2026-02-17,1,PT1H,MC-Reficar,0.0,10.0
2026-02-17,2,PT1H,MC-Reficar,0.0,10.0
2026-02-17,3,PT1H,MC-Reficar,0.0,10.0
2026-02-17,4,PT1H,MC-Reficar,0.0,10.0
2026-02-17,5,PT1H,MC-Reficar,0.0,10.0
2026-02-17,6,PT1H,MC-Reficar,0.0,10.0
2026-02-17,7,PT1H,MC-Reficar,0.0,10.0
2026-02-17,8,PT1H,MC-Reficar,0.0,10.0
2026-02-17,9,PT1H,MC-Reficar,0.0,10.0
2026-02-17,10,PT1H,MC-Reficar,0.0,10.0
2026-02-17,11,PT1H,MC-Reficar,0.0,10.0
2026-02-17,12,PT1H,MC-Reficar,0.0,10.0
2026-02-17,13,PT1H,MC-Reficar,0.0,10.0
2026-02-17,14,PT1H,MC-Reficar,0.0,10.0
2026-02-17,15,PT1H,MC-Reficar,0.0,10.0
2026-02-17,16,PT1H,MC-Reficar,0.0,10.0
2026-02-17,17,PT1H,MC-Reficar,0.0,10.0
2026-02-17,18,PT1H,MC-Reficar,0.0,10.0
2026-02-17,19,PT1H,MC-Reficar,0.0,0.0
2026-02-17,20,PT1H,MC-Reficar,0.0,0.0
2026-02-17,21,PT1H,MC-Reficar,0.0,0.0
2026-02-17,22,PT1H,MC-Reficar,0.0,10.0
2026-02-17,23,PT1H,MC-Reficar,0.0,10.0
2026-02-17,24,PT1H,MC-Reficar,0.0,10.0
2025-07-22,1,PT1H,MC-Reficar,10305.1,10010.0
2025-07-22,2,PT1H,MC-Reficar,10539.77,10010.0
2025-07-22,3,PT1H,MC-Reficar,10330.8,10010.0
2025-07-22,4,PT1H,MC-Reficar,9773.44,10010.0
2025-07-22,5,PT1H,MC-Reficar,9265.34,10010.0
2025-07-22,6,PT1H,MC-Reficar,9090.54,10010.0
2025-07-22,7,PT1H,MC-Reficar,9134.12,10010.0
2025-07-22,8,PT1H,MC-Reficar,9468.56,10010.0
2025-07-22,9,PT1H,MC-Reficar,9688.97,10010.0
2025-07-22,10,PT1H,MC-Reficar,9785.92,10010.0
2025-07-22,11,PT1H,MC-Reficar,10055.61,10010.0
2025-07-22,12,PT1H,MC-Reficar,10275.52,10010.0
2025-07-22,13,PT1H,MC-Reficar,10160.48,10010.0
2025-07-22,14,PT1H,MC-Reficar,10343.79,10010.0
2025-07-22,15,PT1H,MC-Reficar,10244.91,10010.0
2025-07-22,16,PT1H,MC-Reficar,9768.15,10010.0
2025-07-22,17,PT1H,MC-Reficar,10143.97,10010.0
2025-07-22,18,PT1H,MC-Reficar,10019.66,10010.0
2025-07-22,19,PT1H,MC-Reficar,9575.47,10000.0
2025-07-22,20,PT1H,MC-Reficar,10494.12,10000.0
2025-07-22,21,PT1H,MC-Reficar,9570.1,10000.0
2025-07-22,22,PT1H,MC-Reficar,9949.15,10010.0
2025-07-22,23,PT1H,MC-Reficar,10201.3,10010.0
2025-07-22,24,PT1H,MC-Reficar,7881.58,10010.0
2025-07-28,1,PT1H,MC-Reficar,11005.4,10010.0
2025-07-28,2,PT1H,MC-Reficar,12387.14,10010.0
2025-07-28,3,PT1H,MC-Reficar,11985.87,10010.0
2025-07-28,4,PT1H,MC-Reficar,11455.72,10010.0
2025-07-28,5,PT1H,MC-Reficar,10623.66,10010.0
2025-07-28,6,PT1H,MC-Reficar,11017.13,10010.0
2025-07-28,7,PT1H,MC-Reficar,10484.06,10010.0
2025-07-28,8,PT1H,MC-Reficar,10158.85,10010.0
2025-07-28,9,PT1H,MC-Reficar,10716.69,10010.0
2025-07-28,10,PT1H,MC-Reficar,9689.25,10010.0
2025-07-28,11,PT1H,MC-Reficar,10132.06,10010.0
2025-07-28,12,PT1H,MC-Reficar,10473.76,10010.0
2025-07-28,13,PT1H,MC-Reficar,10229.03,10010.0
2025-07-28,14,PT1H,MC-Reficar,9436.51,10010.0
2025-07-28,15,PT1H,MC-Reficar,9038.56,10010.0
2025-07-28,16,PT1H,MC-Reficar,9193.89,10010.0
2025-07-28,17,PT1H,MC-Reficar,9515.01,10010.0
2025-07-28,18,PT1H,MC-Reficar,9367.7,10010.0
2025-07-28,19,PT1H,MC-Reficar,8989.84,10000.0
2025-07-28,20,PT1H,MC-Reficar,8278.01,10000.0
2025-07-28,21,PT1H,MC-Reficar,8844.77,10000.0
2025-07-28,22,PT1H,MC-Reficar,8754.32,10010.0
2025-07-28,23,PT1H,MC-Reficar,9669.57,10010.0
2025-07-28,24,PT1H,MC-Reficar,10089.17,10010.0
2025-09-21,7,PT1H,MC-Reficar,4663.05,5010.0
2025-09-21,8,PT1H,MC-Reficar,5322.14,5010.0
2025-09-21,9,PT1H,MC-Reficar,4760.88,5010.0
2025-09-21,10,PT1H,MC-Reficar,4766.43,5010.0
2025-09-21,11,PT1H,MC-Reficar,6112.61,5010.0
2025-09-21,12,PT1H,MC-Reficar,6509.28,5010.0
2025-09-21,13,PT1H,MC-Reficar,6222.15,5010.0
2025-09-21,14,PT1H,MC-Reficar,5470.7,5010.0
2025-09-21,15,PT1H,MC-Reficar,5007.56,5010.0
2025-09-21,16,PT1H,MC-Reficar,5416.28,5010.0
2025-09-21,17,PT1H,MC-Reficar,6535.56,5010.0
2025-09-21,18,PT1H,MC-Reficar,6722.24,5010.0
2025-09-21,19,PT1H,MC-Reficar,6899.21,5000.0
2025-09-21,20,PT1H,MC-Reficar,7088.79,5000.0
2025-09-21,21,PT1H,MC-Reficar,7309.71,5000.0
2025-09-21,22,PT1H,MC-Reficar,7719.21,5010.0
2025-09-21,23,PT1H,MC-Reficar,5399.56,5010.0
2025-09-21,24,PT1H,MC-Reficar,4471.8,5010.0
2025-09-21,1,PT1H,MC-Reficar,6273.92,5010.0
2025-09-21,2,PT1H,MC-Reficar,7834.52,5010.0
2025-09-21,3,PT1H,MC-Reficar,7453.45,5010.0
2025-09-21,4,PT1H,MC-Reficar,6478.57,5010.0
2025-09-21,5,PT1H,MC-Reficar,4156.61,5010.0
2025-09-21,6,PT1H,MC-Reficar,4635.07,5010.0
2026-01-13,1,PT1H,MC-Reficar,0.0,10.0
2026-01-13,2,PT1H,MC-Reficar,0.0,10.0
2026-01-13,3,PT1H,MC-Reficar,0.0,10.0
2026-01-13,4,PT1H,MC-Reficar,0.0,10.0
2026-01-13,5,PT1H,MC-Reficar,0.0,10.0
2026-01-13,6,PT1H,MC-Reficar,0.0,10.0
2026-01-13,7,PT1H,MC-Reficar,0.0,10.0
2026-01-13,8,PT1H,MC-Reficar,0.0,10.0
2026-01-13,9,PT1H,MC-Reficar,0.0,10.0
2026-01-13,10,PT1H,MC-Reficar,0.0,10.0
2026-01-13,11,PT1H,MC-Reficar,0.0,10.0
2026-01-13,12,PT1H,MC-Reficar,0.0,10.0
2026-01-13,13,PT1H,MC-Reficar,0.0,10.0
2026-01-13,14,PT1H,MC-Reficar,0.0,10.0
2026-01-13,15,PT1H,MC-Reficar,0.0,10.0
2026-01-13,16,PT1H,MC-Reficar,0.0,10.0
2026-01-13,17,PT1H,MC-Reficar,0.0,10.0
2026-01-13,18,PT1H,MC-Reficar,0.0,10.0
2026-01-13,19,PT1H,MC-Reficar,0.0,0.0
2026-01-13,20,PT1H,MC-Reficar,0.0,0.0
2026-01-13,21,PT1H,MC-Reficar,0.0,0.0
2026-01-13,22,PT1H,MC-Reficar,0.0,10.0
2026-01-13,23,PT1H,MC-Reficar,0.0,10.0
2026-01-13,24,PT1H,MC-Reficar,0.0,10.0
2025-11-19,1,PT1H,MC-Reficar,11674.25,10510.0
2025-11-19,2,PT1H,MC-Reficar,12857.77,10510.0
2025-11-19,3,PT1H,MC-Reficar,10613.35,10510.0
2025-11-19,4,PT1H,MC-Reficar,9979.34,10510.0
2025-11-19,5,PT1H,MC-Reficar,10168.37,11010.0
2025-11-19,6,PT1H,MC-Reficar,10237.81,11010.0
2025-11-19,7,PT1H,MC-Reficar,10195.39,11010.0
2025-11-19,8,PT1H,MC-Reficar,10681.66,11010.0
2025-11-19,9,PT1H,MC-Reficar,10697.62,10510.0
2025-11-19,10,PT1H,MC-Reficar,12643.27,10510.0
2025-11-19,11,PT1H,MC-Reficar,13030.67,10510.0
2025-11-19,12,PT1H,MC-Reficar,11869.05,10510.0
2025-11-19,13,PT1H,MC-Reficar,9948.17,11010.0
2025-11-19,14,PT1H,MC-Reficar,8990.44,11010.0
2025-11-19,15,PT1H,MC-Reficar,10566.37,11010.0
2025-11-19,16,PT1H,MC-Reficar,10452.91,11010.0
2025-11-19,17,PT1H,MC-Reficar,11760.05,10510.0
2025-11-19,18,PT1H,MC-Reficar,12313.95,10510.0
2025-11-19,19,PT1H,MC-Reficar,10791.34,10500.0
2025-11-19,20,PT1H,MC-Reficar,10922.99,10500.0
2025-11-19,21,PT1H,MC-Reficar,10930.92,11000.0
2025-11-19,22,PT1H,MC-Reficar,10590.0,11010.0
2025-11-19,23,PT1H,MC-Reficar,10496.72,11010.0
2025-11-19,24,PT1H,MC-Reficar,10528.54,11010.0
2025-11-05,1,PT1H,MC-Reficar,9977.67,11010.0
2025-11-05,2,PT1H,MC-Reficar,11430.85,11010.0
2025-11-05,3,PT1H,MC-Reficar,9244.88,11010.0
2025-11-05,4,PT1H,MC-Reficar,8844.91,11010.0
2025-11-05,5,PT1H,MC-Reficar,8518.86,11010.0
2025-11-05,6,PT1H,MC-Reficar,9647.37,11010.0
2025-11-05,7,PT1H,MC-Reficar,9382.89,11010.0
2025-11-05,8,PT1H,MC-Reficar,9759.52,11010.0
2025-11-05,9,PT1H,MC-Reficar,11047.08,11010.0
2025-11-05,10,PT1H,MC-Reficar,12978.57,11010.0
2025-11-05,11,PT1H,MC-Reficar,13861.66,11010.0
2025-11-05,12,PT1H,MC-Reficar,12583.64,11010.0
2025-11-05,13,PT1H,MC-Reficar,10839.56,11010.0
2025-11-05,14,PT1H,MC-Reficar,10432.49,11010.0
2025-11-05,15,PT1H,MC-Reficar,9201.82,11010.0
2025-11-05,16,PT1H,MC-Reficar,9719.82,11010.0
2025-11-05,17,PT1H,MC-Reficar,10025.82,11010.0
2025-11-05,18,PT1H,MC-Reficar,11563.47,11010.0
2025-11-05,19,PT1H,MC-Reficar,13295.71,11000.0
2025-11-05,20,PT1H,MC-Reficar,11218.88,11000.0
2025-11-05,21,PT1H,MC-Reficar,10321.16,11000.0
2025-11-05,22,PT1H,MC-Reficar,9538.46,11010.0
2025-11-05,23,PT1H,MC-Reficar,8798.04,11010.0
2025-11-05,24,PT1H,MC-Reficar,9089.31,11010.0
2025-12-11,1,PT1H,MC-Reficar,6741.92,6810.0
2025-12-11,2,PT1H,MC-Reficar,6747.8,6810.0
2025-12-11,3,PT1H,MC-Reficar,6434.16,6810.0
2025-12-11,4,PT1H,MC-Reficar,5872.04,6810.0
2025-12-11,5,PT1H,MC-Reficar,5984.32,6810.0
2025-12-11,6,PT1H,MC-Reficar,5906.33,6810.0
2025-12-11,7,PT1H,MC-Reficar,5669.08,6810.0
2025-12-11,8,PT1H,MC-Reficar,5758.83,6810.0
2025-12-11,9,PT1H,MC-Reficar,6074.64,6810.0
2025-12-11,10,PT1H,MC-Reficar,6427.81,6810.0
2025-12-11,11,PT1H,MC-Reficar,6532.04,6810.0
2025-12-11,12,PT1H,MC-Reficar,7374.98,6810.0
2025-12-11,13,PT1H,MC-Reficar,7637.41,6810.0
2025-12-11,14,PT1H,MC-Reficar,8456.99,6810.0
2025-12-11,15,PT1H,MC-Reficar,6886.82,6810.0
2025-12-11,16,PT1H,MC-Reficar,6217.06,6810.0
2025-12-11,17,PT1H,MC-Reficar,6009.23,6810.0
2025-12-11,18,PT1H,MC-Reficar,5470.85,6810.0
2025-12-11,19,PT1H,MC-Reficar,5180.04,6800.0
2025-12-11,20,PT1H,MC-Reficar,5374.12,6800.0
2025-12-11,21,PT1H,MC-Reficar,5313.21,6800.0
2025-12-11,22,PT1H,MC-Reficar,5584.5,6810.0
2025-12-11,23,PT1H,MC-Reficar,6182.23,6810.0
2025-12-11,24,PT1H,MC-Reficar,5613.99,6810.0
2025-10-30,1,PT1H,MC-Reficar,12293.24,14020.0
2025-10-30,2,PT1H,MC-Reficar,13652.08,14020.0
2025-10-30,3,PT1H,MC-Reficar,13098.7,14020.0
2025-10-30,4,PT1H,MC-Reficar,11532.86,14020.0
2025-10-30,5,PT1H,MC-Reficar,11834.2,14020.0
2025-10-30,6,PT1H,MC-Reficar,12046.54,14020.0
2025-10-30,7,PT1H,MC-Reficar,10643.66,14020.0
2025-10-30,8,PT1H,MC-Reficar,11044.96,14020.0
2025-10-30,9,PT1H,MC-Reficar,11558.08,14020.0
2025-10-30,10,PT1H,MC-Reficar,11734.96,14020.0
2025-10-30,11,PT1H,MC-Reficar,12446.64,14020.0
2025-10-30,12,PT1H,MC-Reficar,12976.94,14020.0
2025-10-30,13,PT1H,MC-Reficar,14725.86,14020.0
2025-10-30,14,PT1H,MC-Reficar,14581.06,14020.0
2025-10-30,15,PT1H,MC-Reficar,11244.54,14020.0
2025-10-30,16,PT1H,MC-Reficar,9624.76,14020.0
2025-10-30,17,PT1H,MC-Reficar,9225.22,14020.0
2025-10-30,18,PT1H,MC-Reficar,10957.02,14020.0
2025-10-30,19,PT1H,MC-Reficar,10414.54,14000.0
2025-10-30,20,PT1H,MC-Reficar,10307.0,14000.0
2025-10-30,21,PT1H,MC-Reficar,10169.38,14000.0
2025-10-30,22,PT1H,MC-Reficar,9632.72,14020.0
2025-10-30,23,PT1H,MC-Reficar,9483.02,14020.0
2025-10-30,24,PT1H,MC-Reficar,10980.0,14020.0
2025-08-24,1,PT1H,MC-Reficar,5075.41,4010.0
2025-08-24,2,PT1H,MC-Reficar,5380.91,4010.0
2025-08-24,3,PT1H,MC-Reficar,4701.92,4010.0
2025-08-24,4,PT1H,MC-Reficar,4060.26,4010.0
2025-08-24,5,PT1H,MC-Reficar,4318.33,4010.0
2025-08-24,6,PT1H,MC-Reficar,4341.94,4010.0
2025-08-24,7,PT1H,MC-Reficar,3744.63,4010.0
2025-08-24,8,PT1H,MC-Reficar,4301.54,4010.0
2025-08-24,9,PT1H,MC-Reficar,5892.12,4010.0
2025-08-24,10,PT1H,MC-Reficar,6029.25,4010.0
2025-08-24,11,PT1H,MC-Reficar,6138.92,4010.0
2025-08-24,12,PT1H,MC-Reficar,4457.33,4010.0
2025-08-24,13,PT1H,MC-Reficar,5059.28,4010.0
2025-08-24,14,PT1H,MC-Reficar,5363.22,4010.0
2025-08-24,15,PT1H,MC-Reficar,5430.98,4010.0
2025-08-24,16,PT1H,MC-Reficar,5819.35,4010.0
2025-08-24,17,PT1H,MC-Reficar,6150.93,4010.0
2025-08-24,18,PT1H,MC-Reficar,6552.35,4010.0
2025-08-24,19,PT1H,MC-Reficar,6215.24,4000.0
2025-08-24,20,PT1H,MC-Reficar,5224.99,4000.0
2025-08-24,21,PT1H,MC-Reficar,5501.22,4000.0
2025-08-24,22,PT1H,MC-Reficar,5306.44,4010.0
2025-08-24,23,PT1H,MC-Reficar,5200.17,4010.0
2025-08-24,24,PT1H,MC-Reficar,5889.21,4010.0
2025-12-02,1,PT1H,MC-Reficar,4699.63,5810.0
2025-12-02,2,PT1H,MC-Reficar,7907.17,5810.0
2025-12-02,3,PT1H,MC-Reficar,8445.62,5810.0
2025-12-02,4,PT1H,MC-Reficar,6216.82,5810.0
2025-12-02,5,PT1H,MC-Reficar,4609.54,6010.0
2025-12-02,6,PT1H,MC-Reficar,5081.98,6010.0
2025-12-02,7,PT1H,MC-Reficar,5429.11,6010.0
2025-12-02,8,PT1H,MC-Reficar,5987.01,6010.0
2025-12-02,9,PT1H,MC-Reficar,7155.21,5810.0
2025-12-02,10,PT1H,MC-Reficar,7296.19,5810.0
2025-12-02,11,PT1H,MC-Reficar,6276.85,5810.0
2025-12-02,12,PT1H,MC-Reficar,8008.5,5810.0
2025-12-02,13,PT1H,MC-Reficar,8696.97,6010.0
2025-12-02,14,PT1H,MC-Reficar,8444.93,6010.0
2025-12-02,15,PT1H,MC-Reficar,7881.04,6010.0
2025-12-02,16,PT1H,MC-Reficar,6014.59,6010.0
2025-12-02,17,PT1H,MC-Reficar,5738.28,5810.0
2025-12-02,18,PT1H,MC-Reficar,7202.17,5810.0
2025-12-02,19,PT1H,MC-Reficar,9264.84,5800.0
2025-12-02,20,PT1H,MC-Reficar,9300.38,5800.0
2025-12-02,21,PT1H,MC-Reficar,7912.26,6000.0
2025-12-02,22,PT1H,MC-Reficar,6499.67,6010.0
2025-12-02,23,PT1H,MC-Reficar,5384.15,6010.0
2025-12-02,24,PT1H,MC-Reficar,5020.57,6010.0
2025-06-10,1,PT1H,MC-Reficar,10816.26,8010.0
2025-06-10,2,PT1H,MC-Reficar,11006.98,8010.0
2025-06-10,3,PT1H,MC-Reficar,10174.61,8010.0
2025-06-10,4,PT1H,MC-Reficar,9361.16,8010.0
2025-06-10,5,PT1H,MC-Reficar,9528.57,8010.0
2025-06-10,6,PT1H,MC-Reficar,9428.52,8010.0
2025-06-10,7,PT1H,MC-Reficar,8243.19,8010.0
2025-06-10,8,PT1H,MC-Reficar,7239.06,8010.0
2025-06-10,9,PT1H,MC-Reficar,8822.17,8010.0
2025-06-10,10,PT1H,MC-Reficar,8386.09,8010.0
2025-06-10,11,PT1H,MC-Reficar,7950.8,8010.0
2025-06-10,12,PT1H,MC-Reficar,7075.58,8010.0
2025-06-10,13,PT1H,MC-Reficar,7537.47,8010.0
2025-06-10,14,PT1H,MC-Reficar,7898.72,8010.0
2025-06-10,15,PT1H,MC-Reficar,7606.0,8010.0
2025-06-10,16,PT1H,MC-Reficar,8027.58,8010.0
2025-06-10,17,PT1H,MC-Reficar,9320.8,8010.0
2025-06-10,18,PT1H,MC-Reficar,9438.41,8010.0
2025-06-10,19,PT1H,MC-Reficar,10158.73,8000.0
2025-06-10,20,PT1H,MC-Reficar,10119.72,8000.0
2025-06-10,21,PT1H,MC-Reficar,10826.75,8000.0
2025-06-10,22,PT1H,MC-Reficar,10701.9,8010.0
2025-06-10,23,PT1H,MC-Reficar,10958.35,8010.0
2025-06-10,24,PT1H,MC-Reficar,10807.12,8010.0
2025-11-14,1,PT1H,MC-Reficar,6816.03,6010.0
2025-11-14,2,PT1H,MC-Reficar,6479.83,6010.0
2025-11-14,3,PT1H,MC-Reficar,5655.93,6010.0
2025-11-14,4,PT1H,MC-Reficar,5579.36,6010.0
2025-11-14,5,PT1H,MC-Reficar,5267.03,6010.0
2025-11-14,6,PT1H,MC-Reficar,5013.04,6010.0
2025-11-14,7,PT1H,MC-Reficar,4841.71,6010.0
2025-11-14,8,PT1H,MC-Reficar,4909.88,6010.0
2025-11-14,9,PT1H,MC-Reficar,7588.93,6010.0
2025-11-14,10,PT1H,MC-Reficar,7830.4,6010.0
2025-11-14,11,PT1H,MC-Reficar,6504.96,6010.0
2025-11-14,12,PT1H,MC-Reficar,5234.66,6010.0
2025-11-14,13,PT1H,MC-Reficar,5554.23,6010.0
2025-11-14,14,PT1H,MC-Reficar,5390.45,6010.0
2025-11-14,15,PT1H,MC-Reficar,5253.66,6010.0
2025-11-14,16,PT1H,MC-Reficar,5204.64,6010.0
2025-11-14,17,PT1H,MC-Reficar,7268.97,6010.0
2025-11-14,18,PT1H,MC-Reficar,8827.53,6010.0
2025-11-14,19,PT1H,MC-Reficar,8942.26,6000.0
2025-11-14,20,PT1H,MC-Reficar,6166.69,6000.0
2025-11-14,21,PT1H,MC-Reficar,6191.74,6000.0
2025-11-14,22,PT1H,MC-Reficar,6047.95,6010.0
2025-11-14,23,PT1H,MC-Reficar,5579.73,6010.0
2025-11-14,24,PT1H,MC-Reficar,5175.37,6010.0
2025-09-30,1,PT1H,MC-Reficar,6868.7,8010.0
2025-09-30,2,PT1H,MC-Reficar,7285.9,8010.0
2025-09-30,3,PT1H,MC-Reficar,4840.15,8010.0
2025-09-30,4,PT1H,MC-Reficar,4654.07,8010.0
2025-09-30,5,PT1H,MC-Reficar,4686.17,8010.0
2025-09-30,6,PT1H,MC-Reficar,4772.96,8010.0
2025-09-30,7,PT1H,MC-Reficar,2699.58,8010.0
2025-09-30,8,PT1H,MC-Reficar,1477.77,8010.0
2025-09-30,9,PT1H,MC-Reficar,5771.37,8010.0
2025-09-30,10,PT1H,MC-Reficar,5518.47,8010.0
2025-09-30,11,PT1H,MC-Reficar,5120.06,8010.0
2025-09-30,12,PT1H,MC-Reficar,4652.42,8010.0
2025-09-30,13,PT1H,MC-Reficar,6844.61,8010.0
2025-09-30,14,PT1H,MC-Reficar,6852.73,8010.0
2025-09-30,15,PT1H,MC-Reficar,6829.83,8010.0
2025-09-30,16,PT1H,MC-Reficar,7382.2,8010.0
2025-09-30,17,PT1H,MC-Reficar,6774.55,8010.0
2025-09-30,18,PT1H,MC-Reficar,6463.0,8010.0
2025-09-30,19,PT1H,MC-Reficar,5428.4,8000.0
2025-09-30,20,PT1H,MC-Reficar,5746.62,8000.0
2025-09-30,21,PT1H,MC-Reficar,5752.14,8000.0
2025-09-30,22,PT1H,MC-Reficar,4892.53,8010.0
2025-09-30,23,PT1H,MC-Reficar,5086.23,8010.0
2025-09-30,24,PT1H,MC-Reficar,5182.79,8010.0
2025-07-25,1,PT1H,MC-Reficar,10328.98,10010.0
2025-07-25,2,PT1H,MC-Reficar,10202.86,10010.0
2025-07-25,3,PT1H,MC-Reficar,10569.16,10010.0
2025-07-25,4,PT1H,MC-Reficar,10324.34,10010.0
2025-07-25,5,PT1H,MC-Reficar,9795.11,10010.0
2025-07-25,6,PT1H,MC-Reficar,10242.23,10010.0
2025-07-25,7,PT1H,MC-Reficar,10102.25,10010.0
2025-07-25,8,PT1H,MC-Reficar,10176.66,10010.0
2025-07-25,9,PT1H,MC-Reficar,10472.54,10010.0
2025-07-25,10,PT1H,MC-Reficar,10163.46,10010.0
2025-07-25,11,PT1H,MC-Reficar,3521.67,10010.0
2025-07-25,12,PT1H,MC-Reficar,6664.25,10010.0
2025-07-25,13,PT1H,MC-Reficar,6704.0,10010.0
2025-07-25,14,PT1H,MC-Reficar,4696.75,10010.0
2025-07-25,15,PT1H,MC-Reficar,4608.95,10010.0
2025-07-25,16,PT1H,MC-Reficar,4582.77,10010.0
2025-07-25,17,PT1H,MC-Reficar,6852.76,10010.0
2025-07-25,18,PT1H,MC-Reficar,6443.78,10010.0
2025-07-25,19,PT1H,MC-Reficar,4400.78,10000.0
2025-07-25,20,PT1H,MC-Reficar,2938.52,10000.0
2025-07-25,21,PT1H,MC-Reficar,3629.69,10000.0
2025-07-25,22,PT1H,MC-Reficar,4012.18,10010.0
2025-07-25,23,PT1H,MC-Reficar,4113.92,10010.0
2025-07-25,24,PT1H,MC-Reficar,3724.6,10010.0
2025-05-20,1,PT1H,MC-Reficar,151.34,510.0
2025-05-20,2,PT1H,MC-Reficar,152.25,510.0
2025-05-20,3,PT1H,MC-Reficar,151.13,510.0
2025-05-20,4,PT1H,MC-Reficar,152.33,510.0
2025-05-20,5,PT1H,MC-Reficar,152.72,510.0
2025-05-20,6,PT1H,MC-Reficar,153.62,510.0
2025-05-20,7,PT1H,MC-Reficar,150.12,510.0
2025-05-20,8,PT1H,MC-Reficar,141.87,510.0
2025-05-20,9,PT1H,MC-Reficar,143.39,510.0
2025-05-20,10,PT1H,MC-Reficar,143.55,510.0
2025-05-20,11,PT1H,MC-Reficar,147.96,510.0
2025-05-20,12,PT1H,MC-Reficar,152.09,510.0
2025-05-20,13,PT1H,MC-Reficar,153.85,510.0
2025-05-20,14,PT1H,MC-Reficar,163.53,510.0
2025-05-20,15,PT1H,MC-Reficar,204.97,510.0
2025-05-20,16,PT1H,MC-Reficar,1641.39,510.0
2025-05-20,17,PT1H,MC-Reficar,143.88,510.0
2025-05-20,18,PT1H,MC-Reficar,8907.94,510.0
2025-05-20,19,PT1H,MC-Reficar,138.51,500.0
2025-05-20,20,PT1H,MC-Reficar,72.02,500.0
2025-05-20,21,PT1H,MC-Reficar,71.93,500.0
2025-05-20,22,PT1H,MC-Reficar,71.05,510.0
2025-05-20,23,PT1H,MC-Reficar,70.99,510.0
2025-05-20,24,PT1H,MC-Reficar,68.78,510.0
2025-12-27,1,PT1H,MC-Reficar,0.0,10.0
2025-12-27,2,PT1H,MC-Reficar,0.0,10.0
2025-12-27,3,PT1H,MC-Reficar,0.0,10.0
2025-12-27,4,PT1H,MC-Reficar,0.0,10.0
2025-12-27,5,PT1H,MC-Reficar,0.0,10.0
2025-12-27,6,PT1H,MC-Reficar,0.0,10.0
2025-12-27,7,PT1H,MC-Reficar,0.0,10.0
2025-12-27,8,PT1H,MC-Reficar,0.0,10.0
2025-12-27,9,PT1H,MC-Reficar,0.0,10.0
2025-12-27,10,PT1H,MC-Reficar,0.0,10.0
2025-12-27,11,PT1H,MC-Reficar,0.0,10.0
2025-12-27,12,PT1H,MC-Reficar,0.0,10.0
2025-12-27,13,PT1H,MC-Reficar,0.0,10.0
2025-12-27,14,PT1H,MC-Reficar,0.0,10.0
2025-12-27,15,PT1H,MC-Reficar,0.0,10.0
2025-12-27,16,PT1H,MC-Reficar,0.0,10.0
2025-12-27,17,PT1H,MC-Reficar,0.0,10.0
2025-12-27,18,PT1H,MC-Reficar,0.0,10.0
2025-12-27,19,PT1H,MC-Reficar,0.0,0.0
2025-12-27,20,PT1H,MC-Reficar,0.0,0.0
2025-12-27,21,PT1H,MC-Reficar,0.0,0.0
2025-12-27,22,PT1H,MC-Reficar,0.0,10.0
2025-12-27,23,PT1H,MC-Reficar,0.0,10.0
2025-12-27,24,PT1H,MC-Reficar,0.0,10.0
2025-05-12,1,PT1H,MC-Reficar,0.0,10.0
2025-05-12,2,PT1H,MC-Reficar,0.0,10.0
2025-05-12,3,PT1H,MC-Reficar,0.0,10.0
2025-05-12,4,PT1H,MC-Reficar,0.0,10.0
2025-05-12,5,PT1H,MC-Reficar,0.0,10.0
2025-05-12,6,PT1H,MC-Reficar,0.0,10.0
2025-05-12,7,PT1H,MC-Reficar,0.0,510.0
2025-05-12,8,PT1H,MC-Reficar,0.0,510.0
2025-05-12,9,PT1H,MC-Reficar,0.0,5010.0
2025-05-12,10,PT1H,MC-Reficar,0.0,17010.0
2025-05-12,11,PT1H,MC-Reficar,0.0,5010.0
2025-05-12,12,PT1H,MC-Reficar,0.0,510.0
2025-05-12,13,PT1H,MC-Reficar,0.0,510.0
2025-05-12,14,PT1H,MC-Reficar,0.0,510.0
2025-05-12,15,PT1H,MC-Reficar,0.0,510.0
2025-05-12,16,PT1H,MC-Reficar,0.0,510.0
2025-05-12,17,PT1H,MC-Reficar,0.0,510.0
2025-05-12,18,PT1H,MC-Reficar,0.0,510.0
2025-05-12,19,PT1H,MC-Reficar,0.0,500.0
2025-05-12,20,PT1H,MC-Reficar,0.0,500.0
2025-05-12,21,PT1H,MC-Reficar,0.0,500.0
2025-05-12,22,PT1H,MC-Reficar,0.0,510.0
2025-05-12,23,PT1H,MC-Reficar,0.0,510.0
2025-05-12,24,PT1H,MC-Reficar,0.0,510.0
2025-09-03,1,PT1H,MC-Reficar,5488.11,5010.0
2025-09-03,2,PT1H,MC-Reficar,5426.66,5010.0
2025-09-03,3,PT1H,MC-Reficar,5081.02,5010.0
2025-09-03,4,PT1H,MC-Reficar,4862.64,5010.0
2025-09-03,5,PT1H,MC-Reficar,4780.34,5010.0
2025-09-03,6,PT1H,MC-Reficar,4459.95,5010.0
2025-09-03,7,PT1H,MC-Reficar,3984.87,5010.0
2025-09-03,8,PT1H,MC-Reficar,4520.24,5010.0
2025-09-03,9,PT1H,MC-Reficar,4947.4,5010.0
2025-09-03,10,PT1H,MC-Reficar,5337.23,5010.0
2025-09-03,11,PT1H,MC-Reficar,5029.43,5010.0
2025-09-03,12,PT1H,MC-Reficar,4736.39,5010.0
2025-09-03,13,PT1H,MC-Reficar,4813.9,5010.0
2025-09-03,14,PT1H,MC-Reficar,4455.07,5010.0
2025-09-03,15,PT1H,MC-Reficar,5165.95,5010.0
2025-09-03,16,PT1H,MC-Reficar,4595.32,5010.0
2025-09-03,17,PT1H,MC-Reficar,4635.33,5010.0
2025-09-03,18,PT1H,MC-Reficar,6698.78,5010.0
2025-09-03,19,PT1H,MC-Reficar,7317.38,5000.0
2025-09-03,20,PT1H,MC-Reficar,6183.1,5000.0
2025-09-03,21,PT1H,MC-Reficar,5079.1,5000.0
2025-09-03,22,PT1H,MC-Reficar,5117.72,5010.0
2025-09-03,23,PT1H,MC-Reficar,5941.37,5010.0
2025-09-03,24,PT1H,MC-Reficar,6170.4,5010.0
2025-06-24,1,PT1H,MC-Reficar,8557.26,8010.0
2025-06-24,2,PT1H,MC-Reficar,8478.77,8010.0
2025-06-24,3,PT1H,MC-Reficar,7644.94,8010.0
2025-06-24,4,PT1H,MC-Reficar,7444.26,8010.0
2025-06-24,5,PT1H,MC-Reficar,7489.23,8010.0
2025-06-24,6,PT1H,MC-Reficar,7236.78,8010.0
2025-06-24,7,PT1H,MC-Reficar,8223.15,8010.0
2025-06-24,8,PT1H,MC-Reficar,9840.3,8010.0
2025-06-24,9,PT1H,MC-Reficar,10928.17,8010.0
2025-06-24,10,PT1H,MC-Reficar,10273.69,8010.0
2025-06-24,11,PT1H,MC-Reficar,11056.32,8010.0
2025-06-24,12,PT1H,MC-Reficar,11817.38,8010.0
2025-06-24,13,PT1H,MC-Reficar,12253.16,8010.0
2025-06-24,14,PT1H,MC-Reficar,14929.13,8010.0
2025-06-24,15,PT1H,MC-Reficar,14773.76,8010.0
2025-06-24,16,PT1H,MC-Reficar,14968.61,8010.0
2025-06-24,17,PT1H,MC-Reficar,16685.19,8010.0
2025-06-24,18,PT1H,MC-Reficar,16104.15,8010.0
2025-06-24,19,PT1H,MC-Reficar,10413.55,8000.0
2025-06-24,20,PT1H,MC-Reficar,8732.12,8000.0
2025-06-24,21,PT1H,MC-Reficar,7316.86,8000.0
2025-06-24,22,PT1H,MC-Reficar,6542.68,8010.0
2025-06-24,23,PT1H,MC-Reficar,7377.69,8010.0
2025-06-24,24,PT1H,MC-Reficar,7817.36,8010.0
2025-06-29,1,PT1H,MC-Reficar,10596.18,8010.0
2025-06-29,2,PT1H,MC-Reficar,9852.53,8010.0
2025-06-29,3,PT1H,MC-Reficar,9728.07,8010.0
2025-06-29,4,PT1H,MC-Reficar,9214.4,8010.0
2025-06-29,5,PT1H,MC-Reficar,9507.19,8010.0
2025-06-29,6,PT1H,MC-Reficar,9404.75,8010.0
2025-06-29,7,PT1H,MC-Reficar,8951.52,8010.0
2025-06-29,8,PT1H,MC-Reficar,9510.87,8010.0
2025-06-29,9,PT1H,MC-Reficar,10424.83,8010.0
2025-06-29,10,PT1H,MC-Reficar,10329.36,8010.0
2025-06-29,11,PT1H,MC-Reficar,9645.79,8010.0
2025-06-29,12,PT1H,MC-Reficar,9829.47,8010.0
2025-06-29,13,PT1H,MC-Reficar,9931.73,8010.0
2025-06-29,14,PT1H,MC-Reficar,9648.3,8010.0
2025-06-29,15,PT1H,MC-Reficar,9403.01,8010.0
2025-06-29,16,PT1H,MC-Reficar,9539.9,8010.0
2025-06-29,17,PT1H,MC-Reficar,10133.1,8010.0
2025-06-29,18,PT1H,MC-Reficar,10123.24,8010.0
2025-06-29,19,PT1H,MC-Reficar,9070.29,8000.0
2025-06-29,20,PT1H,MC-Reficar,7213.22,8000.0
2025-06-29,21,PT1H,MC-Reficar,7832.9,8000.0
2025-06-29,22,PT1H,MC-Reficar,7989.87,8010.0
2025-06-29,23,PT1H,MC-Reficar,7645.36,8010.0
2025-06-29,24,PT1H,MC-Reficar,7704.8,8010.0
2025-12-03,1,PT1H,MC-Reficar,6196.05,5810.0
2025-12-03,2,PT1H,MC-Reficar,7341.92,5810.0
2025-12-03,3,PT1H,MC-Reficar,5744.27,5810.0
2025-12-03,4,PT1H,MC-Reficar,5294.46,5810.0
2025-12-03,5,PT1H,MC-Reficar,5140.37,6010.0
2025-12-03,6,PT1H,MC-Reficar,4929.57,6010.0
2025-12-03,7,PT1H,MC-Reficar,4733.39,6010.0
2025-12-03,8,PT1H,MC-Reficar,5006.76,6010.0
2025-12-03,9,PT1H,MC-Reficar,7429.41,5810.0
2025-12-03,10,PT1H,MC-Reficar,8356.81,5810.0
2025-12-03,11,PT1H,MC-Reficar,8344.51,5810.0
2025-12-03,12,PT1H,MC-Reficar,6913.24,5810.0
2025-12-03,13,PT1H,MC-Reficar,1093.13,6010.0
2025-12-03,14,PT1H,MC-Reficar,2353.35,6010.0
2025-12-03,15,PT1H,MC-Reficar,9794.05,6010.0
2025-12-03,16,PT1H,MC-Reficar,9486.83,6010.0
2025-12-03,17,PT1H,MC-Reficar,10271.4,5810.0
2025-12-03,18,PT1H,MC-Reficar,10018.43,5810.0
2025-12-03,19,PT1H,MC-Reficar,9411.11,5800.0
2025-12-03,20,PT1H,MC-Reficar,10429.23,5800.0
2025-12-03,21,PT1H,MC-Reficar,10983.25,6000.0
2025-12-03,22,PT1H,MC-Reficar,10085.35,6010.0
2025-12-03,23,PT1H,MC-Reficar,9554.23,6010.0
2025-12-03,24,PT1H,MC-Reficar,9712.32,6010.0
2025-05-17,1,PT1H,MC-Reficar,0.0,510.0
2025-05-17,2,PT1H,MC-Reficar,0.0,510.0
2025-05-17,3,PT1H,MC-Reficar,0.0,510.0
2025-05-17,4,PT1H,MC-Reficar,0.0,510.0
2025-05-17,5,PT1H,MC-Reficar,0.0,510.0
2025-05-17,6,PT1H,MC-Reficar,0.0,510.0
2025-05-17,7,PT1H,MC-Reficar,0.0,510.0
2025-05-17,8,PT1H,MC-Reficar,0.0,510.0
2025-05-17,9,PT1H,MC-Reficar,0.0,510.0
2025-05-17,10,PT1H,MC-Reficar,0.0,510.0
2025-05-17,11,PT1H,MC-Reficar,0.0,510.0
2025-05-17,12,PT1H,MC-Reficar,0.0,510.0
2025-05-17,13,PT1H,MC-Reficar,0.0,510.0
2025-05-17,14,PT1H,MC-Reficar,0.0,510.0
2025-05-17,15,PT1H,MC-Reficar,0.0,510.0
2025-05-17,16,PT1H,MC-Reficar,0.0,510.0
2025-05-17,17,PT1H,MC-Reficar,0.0,510.0
2025-05-17,18,PT1H,MC-Reficar,0.0,510.0
2025-05-17,19,PT1H,MC-Reficar,0.0,500.0
2025-05-17,20,PT1H,MC-Reficar,0.0,500.0
2025-05-17,21,PT1H,MC-Reficar,0.0,500.0
2025-05-17,22,PT1H,MC-Reficar,0.0,510.0
2025-05-17,23,PT1H,MC-Reficar,0.0,510.0
2025-05-17,24,PT1H,MC-Reficar,0.0,510.0
2025-09-09,1,PT1H,MC-Reficar,5245.01,10010.0
2025-09-09,2,PT1H,MC-Reficar,5328.19,10010.0
2025-09-09,3,PT1H,MC-Reficar,5405.65,10010.0
2025-09-09,4,PT1H,MC-Reficar,5040.41,10010.0
2025-09-09,5,PT1H,MC-Reficar,4104.92,10010.0
2025-09-09,6,PT1H,MC-Reficar,5591.68,10010.0
2025-09-09,7,PT1H,MC-Reficar,5417.51,10010.0
2025-09-09,8,PT1H,MC-Reficar,5895.74,10010.0
2025-09-09,9,PT1H,MC-Reficar,6703.77,10010.0
2025-09-09,10,PT1H,MC-Reficar,6962.11,10010.0
2025-09-09,11,PT1H,MC-Reficar,6463.17,10010.0
2025-09-09,12,PT1H,MC-Reficar,6118.23,10010.0
2025-09-09,13,PT1H,MC-Reficar,6258.52,10010.0
2025-09-09,14,PT1H,MC-Reficar,5989.07,10010.0
2025-09-09,15,PT1H,MC-Reficar,5367.07,10010.0
2025-09-09,16,PT1H,MC-Reficar,5223.87,10010.0
2025-09-09,17,PT1H,MC-Reficar,4781.33,10010.0
2025-09-09,18,PT1H,MC-Reficar,4780.87,10010.0
2025-09-09,19,PT1H,MC-Reficar,9974.05,10000.0
2025-09-09,20,PT1H,MC-Reficar,10043.42,10000.0
2025-09-09,21,PT1H,MC-Reficar,10086.86,10000.0
2025-09-09,22,PT1H,MC-Reficar,10199.38,10010.0
2025-09-09,23,PT1H,MC-Reficar,10074.61,10010.0
2025-09-09,24,PT1H,MC-Reficar,10676.6,10010.0
2025-12-13,1,PT1H,MC-Reficar,4092.32,6810.0
2025-12-13,2,PT1H,MC-Reficar,4310.2,6810.0
2025-12-13,3,PT1H,MC-Reficar,4928.67,6810.0
2025-12-13,4,PT1H,MC-Reficar,4852.48,6810.0
2025-12-13,5,PT1H,MC-Reficar,4746.08,6810.0
2025-12-13,6,PT1H,MC-Reficar,4738.92,6810.0
2025-12-13,7,PT1H,MC-Reficar,4750.19,6810.0
2025-12-13,8,PT1H,MC-Reficar,4728.82,6810.0
2025-12-13,9,PT1H,MC-Reficar,4689.72,6810.0
2025-12-13,10,PT1H,MC-Reficar,4768.89,6810.0
2025-12-13,11,PT1H,MC-Reficar,4670.52,6810.0
2025-12-13,12,PT1H,MC-Reficar,5237.44,6810.0
2025-12-13,13,PT1H,MC-Reficar,5223.37,6810.0
2025-12-13,14,PT1H,MC-Reficar,5111.5,6810.0
2025-12-13,15,PT1H,MC-Reficar,4798.9,6810.0
2025-12-13,16,PT1H,MC-Reficar,5255.7,6810.0
2025-12-13,17,PT1H,MC-Reficar,5128.94,6810.0
2025-12-13,18,PT1H,MC-Reficar,5249.76,6810.0
2025-12-13,19,PT1H,MC-Reficar,5223.9,6800.0
2025-12-13,20,PT1H,MC-Reficar,4904.3,6800.0
2025-12-13,21,PT1H,MC-Reficar,4949.36,6800.0
2025-12-13,22,PT1H,MC-Reficar,4887.77,6810.0
2025-12-13,23,PT1H,MC-Reficar,4812.51,6810.0
2025-12-13,24,PT1H,MC-Reficar,4678.18,6810.0
2025-05-21,1,PT1H,MC-Reficar,69.94,510.0
2025-05-21,2,PT1H,MC-Reficar,69.98,510.0
2025-05-21,3,PT1H,MC-Reficar,70.38,510.0
2025-05-21,4,PT1H,MC-Reficar,71.6,510.0
2025-05-21,5,PT1H,MC-Reficar,71.74,510.0
2025-05-21,6,PT1H,MC-Reficar,71.06,510.0
2025-05-21,7,PT1H,MC-Reficar,72.15,510.0
2025-05-21,8,PT1H,MC-Reficar,70.8,510.0
2025-05-21,9,PT1H,MC-Reficar,71.56,510.0
2025-05-21,10,PT1H,MC-Reficar,70.21,510.0
2025-05-21,11,PT1H,MC-Reficar,85.75,510.0
2025-05-21,12,PT1H,MC-Reficar,156.62,510.0
2025-05-21,13,PT1H,MC-Reficar,155.4,510.0
2025-05-21,14,PT1H,MC-Reficar,152.19,510.0
2025-05-21,15,PT1H,MC-Reficar,152.24,510.0
2025-05-21,16,PT1H,MC-Reficar,154.07,510.0
2025-05-21,17,PT1H,MC-Reficar,156.6,510.0
2025-05-21,18,PT1H,MC-Reficar,154.35,510.0
2025-05-21,19,PT1H,MC-Reficar,160.4,500.0
2025-05-21,20,PT1H,MC-Reficar,161.22,500.0
2025-05-21,21,PT1H,MC-Reficar,160.11,500.0
2025-05-21,22,PT1H,MC-Reficar,151.0,510.0
2025-05-21,23,PT1H,MC-Reficar,150.33,510.0
2025-05-21,24,PT1H,MC-Reficar,147.66,510.0
2026-02-07,1,PT1H,MC-Reficar,0.0,10.0
2026-02-07,2,PT1H,MC-Reficar,0.0,10.0
2026-02-07,3,PT1H,MC-Reficar,0.0,10.0
2026-02-07,4,PT1H,MC-Reficar,0.0,10.0
2026-02-07,5,PT1H,MC-Reficar,0.0,10.0
2026-02-07,6,PT1H,MC-Reficar,0.0,10.0
2026-02-07,7,PT1H,MC-Reficar,0.0,10.0
2026-02-07,8,PT1H,MC-Reficar,0.0,10.0
2026-02-07,9,PT1H,MC-Reficar,0.0,10.0
2026-02-07,10,PT1H,MC-Reficar,0.0,10.0
2026-02-07,11,PT1H,MC-Reficar,0.0,10.0
2026-02-07,12,PT1H,MC-Reficar,0.0,10.0
2026-02-07,13,PT1H,MC-Reficar,0.0,10.0
2026-02-07,14,PT1H,MC-Reficar,0.0,10.0
2026-02-07,15,PT1H,MC-Reficar,0.0,10.0
2026-02-07,16,PT1H,MC-Reficar,0.0,10.0
2026-02-07,17,PT1H,MC-Reficar,0.0,10.0
2026-02-07,18,PT1H,MC-Reficar,0.0,10.0
2026-02-07,19,PT1H,MC-Reficar,0.0,0.0
2026-02-07,20,PT1H,MC-Reficar,0.0,0.0
2026-02-07,21,PT1H,MC-Reficar,0.0,0.0
2026-02-07,22,PT1H,MC-Reficar,0.0,10.0
2026-02-07,23,PT1H,MC-Reficar,0.0,10.0
2026-02-07,24,PT1H,MC-Reficar,0.0,10.0
2025-05-09,1,PT1H,MC-Reficar,0.0,500.0
2025-05-09,2,PT1H,MC-Reficar,0.0,500.0
2025-05-09,3,PT1H,MC-Reficar,0.0,500.0
2025-05-09,4,PT1H,MC-Reficar,0.0,500.0
2025-05-09,5,PT1H,MC-Reficar,0.0,500.0
2025-05-09,6,PT1H,MC-Reficar,0.0,500.0
2025-05-09,7,PT1H,MC-Reficar,0.0,500.0
2025-05-09,8,PT1H,MC-Reficar,0.0,500.0
2025-05-09,9,PT1H,MC-Reficar,0.0,500.0
2025-05-09,10,PT1H,MC-Reficar,0.0,500.0
2025-05-09,11,PT1H,MC-Reficar,0.0,500.0
2025-05-09,12,PT1H,MC-Reficar,0.0,500.0
2025-05-09,13,PT1H,MC-Reficar,0.0,500.0
2025-05-09,14,PT1H,MC-Reficar,0.0,500.0
2025-05-09,15,PT1H,MC-Reficar,0.0,500.0
2025-05-09,16,PT1H,MC-Reficar,18.83,500.0
2025-05-09,17,PT1H,MC-Reficar,0.0,500.0
2025-05-09,18,PT1H,MC-Reficar,0.0,500.0
2025-05-09,19,PT1H,MC-Reficar,0.0,500.0
2025-05-09,20,PT1H,MC-Reficar,0.0,500.0
2025-05-09,21,PT1H,MC-Reficar,0.0,500.0
2025-05-09,22,PT1H,MC-Reficar,0.0,500.0
2025-05-09,23,PT1H,MC-Reficar,0.0,500.0
2025-05-09,24,PT1H,MC-Reficar,0.0,500.0
2025-06-17,1,PT1H,MC-Reficar,9339.63,8010.0
2025-06-17,2,PT1H,MC-Reficar,10695.58,8010.0
2025-06-17,3,PT1H,MC-Reficar,10563.78,8010.0
2025-06-17,4,PT1H,MC-Reficar,8801.09,8010.0
2025-06-17,5,PT1H,MC-Reficar,7698.67,8010.0
2025-06-17,6,PT1H,MC-Reficar,7456.73,8010.0
2025-06-17,7,PT1H,MC-Reficar,7356.72,8010.0
2025-06-17,8,PT1H,MC-Reficar,7765.85,8010.0
2025-06-17,9,PT1H,MC-Reficar,9642.45,8010.0
2025-06-17,10,PT1H,MC-Reficar,7999.84,8010.0
2025-06-17,11,PT1H,MC-Reficar,4596.02,8010.0
2025-06-17,12,PT1H,MC-Reficar,3739.22,8010.0
2025-06-17,13,PT1H,MC-Reficar,152.45,8010.0
2025-06-17,14,PT1H,MC-Reficar,151.77,8010.0
2025-06-17,15,PT1H,MC-Reficar,152.98,8010.0
2025-06-17,16,PT1H,MC-Reficar,145.87,8010.0
2025-06-17,17,PT1H,MC-Reficar,1721.26,8010.0
2025-06-17,18,PT1H,MC-Reficar,8238.59,8010.0
2025-06-17,19,PT1H,MC-Reficar,7044.99,8000.0
2025-06-17,20,PT1H,MC-Reficar,9192.97,8000.0
2025-06-17,21,PT1H,MC-Reficar,9378.08,8000.0
2025-06-17,22,PT1H,MC-Reficar,9762.7,8010.0
2025-06-17,23,PT1H,MC-Reficar,10738.18,8010.0
2025-06-17,24,PT1H,MC-Reficar,10860.6,8010.0
2025-06-13,1,PT1H,MC-Reficar,8568.51,8010.0
2025-06-13,2,PT1H,MC-Reficar,9960.35,8010.0
2025-06-13,3,PT1H,MC-Reficar,9412.51,8010.0
2025-06-13,4,PT1H,MC-Reficar,7389.41,8010.0
2025-06-13,5,PT1H,MC-Reficar,7260.45,8010.0
2025-06-13,6,PT1H,MC-Reficar,7208.59,8010.0
2025-06-13,7,PT1H,MC-Reficar,7821.15,8010.0
2025-06-13,8,PT1H,MC-Reficar,8125.8,8010.0
2025-06-13,9,PT1H,MC-Reficar,10455.21,8010.0
2025-06-13,10,PT1H,MC-Reficar,10048.13,8010.0
2025-06-13,11,PT1H,MC-Reficar,8832.07,8010.0
2025-06-13,12,PT1H,MC-Reficar,8720.08,8010.0
2025-06-13,13,PT1H,MC-Reficar,8984.48,8010.0
2025-06-13,14,PT1H,MC-Reficar,9004.91,8010.0
2025-06-13,15,PT1H,MC-Reficar,9925.78,8010.0
2025-06-13,16,PT1H,MC-Reficar,8625.02,8010.0
2025-06-13,17,PT1H,MC-Reficar,9935.55,8010.0
2025-06-13,18,PT1H,MC-Reficar,10843.95,8010.0
2025-06-13,19,PT1H,MC-Reficar,11064.94,8000.0
2025-06-13,20,PT1H,MC-Reficar,10229.75,8000.0
2025-06-13,21,PT1H,MC-Reficar,9829.81,8000.0
2025-06-13,22,PT1H,MC-Reficar,9533.69,8010.0
2025-06-13,23,PT1H,MC-Reficar,10396.5,8010.0
2025-06-13,24,PT1H,MC-Reficar,10591.75,8010.0
2025-06-22,1,PT1H,MC-Reficar,7482.51,8010.0
2025-06-22,2,PT1H,MC-Reficar,8061.26,8010.0
2025-06-22,3,PT1H,MC-Reficar,6566.82,8010.0
2025-06-22,4,PT1H,MC-Reficar,5206.72,8010.0
2025-06-22,5,PT1H,MC-Reficar,5069.23,8010.0
2025-06-22,6,PT1H,MC-Reficar,4550.42,8010.0
2025-06-22,7,PT1H,MC-Reficar,5912.5,8010.0
2025-06-22,8,PT1H,MC-Reficar,6734.38,8010.0
2025-06-22,9,PT1H,MC-Reficar,6980.76,8010.0
2025-06-22,10,PT1H,MC-Reficar,6895.68,8010.0
2025-06-22,11,PT1H,MC-Reficar,7252.88,8010.0
2025-06-22,12,PT1H,MC-Reficar,6391.12,8010.0
2025-06-22,13,PT1H,MC-Reficar,6601.49,8010.0
2025-06-22,14,PT1H,MC-Reficar,7457.85,8010.0
2025-06-22,15,PT1H,MC-Reficar,7485.31,8010.0
2025-06-22,16,PT1H,MC-Reficar,6935.09,8010.0
2025-06-22,17,PT1H,MC-Reficar,8205.88,8010.0
2025-06-22,18,PT1H,MC-Reficar,7847.29,8010.0
2025-06-22,19,PT1H,MC-Reficar,7654.54,8000.0
2025-06-22,20,PT1H,MC-Reficar,6573.94,8000.0
2025-06-22,21,PT1H,MC-Reficar,6403.55,8000.0
2025-06-22,22,PT1H,MC-Reficar,6131.54,8010.0
2025-06-22,23,PT1H,MC-Reficar,6092.91,8010.0
2025-06-22,24,PT1H,MC-Reficar,6204.81,8010.0
2025-09-14,13,PT1H,MC-Reficar,9922.36,10010.0
2025-09-14,14,PT1H,MC-Reficar,9902.01,10010.0
2025-09-14,15,PT1H,MC-Reficar,9720.16,10010.0
2025-09-14,16,PT1H,MC-Reficar,9670.78,10010.0
2025-09-14,17,PT1H,MC-Reficar,11313.9,10010.0
2025-09-14,18,PT1H,MC-Reficar,11421.46,10010.0
2025-09-14,19,PT1H,MC-Reficar,10072.23,10000.0
2025-09-14,20,PT1H,MC-Reficar,6386.94,10000.0
2025-09-14,21,PT1H,MC-Reficar,5628.96,10000.0
2025-09-14,22,PT1H,MC-Reficar,5560.35,10010.0
2025-09-14,23,PT1H,MC-Reficar,5762.47,10010.0
2025-09-14,24,PT1H,MC-Reficar,5313.39,10010.0
2025-09-14,1,PT1H,MC-Reficar,10950.55,10010.0
2025-09-14,2,PT1H,MC-Reficar,11593.02,10010.0
2025-09-14,3,PT1H,MC-Reficar,10264.37,10010.0
2025-09-14,4,PT1H,MC-Reficar,9741.51,10010.0
2025-09-14,5,PT1H,MC-Reficar,9866.85,10010.0
2025-09-14,6,PT1H,MC-Reficar,10195.78,10010.0
2025-09-14,7,PT1H,MC-Reficar,10084.72,10010.0
2025-09-14,8,PT1H,MC-Reficar,10495.7,10010.0
2025-09-14,9,PT1H,MC-Reficar,12186.97,10010.0
2025-09-14,10,PT1H,MC-Reficar,12728.53,10010.0
2025-09-14,11,PT1H,MC-Reficar,12289.66,10010.0
2025-09-14,12,PT1H,MC-Reficar,10322.38,10010.0
2025-06-30,1,PT1H,MC-Reficar,9415.79,10010.0
2025-06-30,2,PT1H,MC-Reficar,10178.46,10010.0
2025-06-30,3,PT1H,MC-Reficar,9984.8,10010.0
2025-06-30,4,PT1H,MC-Reficar,7315.36,10010.0
2025-06-30,5,PT1H,MC-Reficar,7046.95,10010.0
2025-06-30,6,PT1H,MC-Reficar,6470.12,10010.0
2025-06-30,7,PT1H,MC-Reficar,7889.63,10010.0
2025-06-30,8,PT1H,MC-Reficar,9900.07,10010.0
2025-06-30,9,PT1H,MC-Reficar,10875.41,10010.0
2025-06-30,10,PT1H,MC-Reficar,11154.55,10010.0
2025-06-30,11,PT1H,MC-Reficar,10473.87,10010.0
2025-06-30,12,PT1H,MC-Reficar,10534.58,10010.0
2025-06-30,13,PT1H,MC-Reficar,10516.08,10010.0
2025-06-30,14,PT1H,MC-Reficar,10461.31,10010.0
2025-06-30,15,PT1H,MC-Reficar,10671.53,10010.0
2025-06-30,16,PT1H,MC-Reficar,10618.59,10010.0
2025-06-30,17,PT1H,MC-Reficar,10742.08,10010.0
2025-06-30,18,PT1H,MC-Reficar,10782.28,10010.0
2025-06-30,19,PT1H,MC-Reficar,10379.83,10000.0
2025-06-30,20,PT1H,MC-Reficar,10402.12,10000.0
2025-06-30,21,PT1H,MC-Reficar,9819.64,10000.0
2025-06-30,22,PT1H,MC-Reficar,9837.18,10010.0
2025-06-30,23,PT1H,MC-Reficar,10279.78,10010.0
2025-06-30,24,PT1H,MC-Reficar,10282.79,10010.0
2026-01-19,1,PT1H,MC-Reficar,0.0,10.0
2026-01-19,2,PT1H,MC-Reficar,0.0,10.0
2026-01-19,3,PT1H,MC-Reficar,0.0,10.0
2026-01-19,4,PT1H,MC-Reficar,0.0,10.0
2026-01-19,5,PT1H,MC-Reficar,0.0,10.0
2026-01-19,6,PT1H,MC-Reficar,0.0,10.0
2026-01-19,7,PT1H,MC-Reficar,0.0,10.0
2026-01-19,8,PT1H,MC-Reficar,0.0,10.0
2026-01-19,9,PT1H,MC-Reficar,0.0,10.0
2026-01-19,10,PT1H,MC-Reficar,0.0,10.0
2026-01-19,11,PT1H,MC-Reficar,0.0,10.0
2026-01-19,12,PT1H,MC-Reficar,0.0,10.0
2026-01-19,13,PT1H,MC-Reficar,0.0,10.0
2026-01-19,14,PT1H,MC-Reficar,0.0,10.0
2026-01-19,15,PT1H,MC-Reficar,0.0,10.0
2026-01-19,16,PT1H,MC-Reficar,0.0,10.0
2026-01-19,17,PT1H,MC-Reficar,0.0,10.0
2026-01-19,18,PT1H,MC-Reficar,0.0,10.0
2026-01-19,19,PT1H,MC-Reficar,0.0,0.0
2026-01-19,20,PT1H,MC-Reficar,0.0,0.0
2026-01-19,21,PT1H,MC-Reficar,0.0,0.0
2026-01-19,22,PT1H,MC-Reficar,0.0,10.0
2026-01-19,23,PT1H,MC-Reficar,0.0,10.0
2026-01-19,24,PT1H,MC-Reficar,0.0,10.0
2025-12-31,1,PT1H,MC-Reficar,0.0,10.0
2025-12-31,2,PT1H,MC-Reficar,0.0,10.0
2025-12-31,3,PT1H,MC-Reficar,0.0,10.0
2025-12-31,4,PT1H,MC-Reficar,0.0,10.0
2025-12-31,5,PT1H,MC-Reficar,0.0,10.0
2025-12-31,6,PT1H,MC-Reficar,0.0,10.0
2025-12-31,7,PT1H,MC-Reficar,0.0,10.0
2025-12-31,8,PT1H,MC-Reficar,0.0,10.0
2025-12-31,9,PT1H,MC-Reficar,0.0,10.0
2025-12-31,10,PT1H,MC-Reficar,0.0,10.0
2025-12-31,11,PT1H,MC-Reficar,0.0,10.0
2025-12-31,12,PT1H,MC-Reficar,0.0,10.0
2025-12-31,13,PT1H,MC-Reficar,0.0,10.0
2025-12-31,14,PT1H,MC-Reficar,0.0,10.0
2025-12-31,15,PT1H,MC-Reficar,0.0,10.0
2025-12-31,16,PT1H,MC-Reficar,0.0,10.0
2025-12-31,17,PT1H,MC-Reficar,0.0,10.0
2025-12-31,18,PT1H,MC-Reficar,0.0,10.0
2025-12-31,19,PT1H,MC-Reficar,0.0,0.0
2025-12-31,20,PT1H,MC-Reficar,0.0,0.0
2025-12-31,21,PT1H,MC-Reficar,0.0,0.0
2025-12-31,22,PT1H,MC-Reficar,0.0,10.0
2025-12-31,23,PT1H,MC-Reficar,0.0,10.0
2025-12-31,24,PT1H,MC-Reficar,0.0,10.0
2025-11-01,1,PT1H,MC-Reficar,5325.52,7010.0
2025-11-01,2,PT1H,MC-Reficar,6131.96,7010.0
2025-11-01,3,PT1H,MC-Reficar,5437.99,7010.0
2025-11-01,4,PT1H,MC-Reficar,5224.23,7010.0
2025-11-01,5,PT1H,MC-Reficar,5128.12,7010.0
2025-11-01,6,PT1H,MC-Reficar,4931.02,7010.0
2025-11-01,7,PT1H,MC-Reficar,4817.98,7010.0
2025-11-01,8,PT1H,MC-Reficar,4938.85,7010.0
2025-11-01,9,PT1H,MC-Reficar,6179.57,7010.0
2025-11-01,10,PT1H,MC-Reficar,6076.45,7010.0
2025-11-01,11,PT1H,MC-Reficar,5561.77,7010.0
2025-11-01,12,PT1H,MC-Reficar,6013.75,7010.0
2025-11-01,13,PT1H,MC-Reficar,5626.84,7010.0
2025-11-01,14,PT1H,MC-Reficar,5358.72,7010.0
2025-11-01,15,PT1H,MC-Reficar,5381.58,7010.0
2025-11-01,16,PT1H,MC-Reficar,5151.91,7010.0
2025-11-01,17,PT1H,MC-Reficar,4966.65,7010.0
2025-11-01,18,PT1H,MC-Reficar,6319.55,7010.0
2025-11-01,19,PT1H,MC-Reficar,6564.52,7000.0
2025-11-01,20,PT1H,MC-Reficar,5768.33,7000.0
2025-11-01,21,PT1H,MC-Reficar,6185.9,7000.0
2025-11-01,22,PT1H,MC-Reficar,6035.04,7010.0
2025-11-01,23,PT1H,MC-Reficar,6162.65,7010.0
2025-11-01,24,PT1H,MC-Reficar,5883.2,7010.0
2026-01-03,1,PT1H,MC-Reficar,0.0,10.0
2026-01-03,2,PT1H,MC-Reficar,0.0,10.0
2026-01-03,3,PT1H,MC-Reficar,0.0,10.0
2026-01-03,4,PT1H,MC-Reficar,0.0,10.0
2026-01-03,5,PT1H,MC-Reficar,0.0,10.0
2026-01-03,6,PT1H,MC-Reficar,0.0,10.0
2026-01-03,7,PT1H,MC-Reficar,0.0,10.0
2026-01-03,8,PT1H,MC-Reficar,0.0,10.0
2026-01-03,9,PT1H,MC-Reficar,0.0,10.0
2026-01-03,10,PT1H,MC-Reficar,0.0,10.0
2026-01-03,11,PT1H,MC-Reficar,0.0,10.0
2026-01-03,12,PT1H,MC-Reficar,0.0,10.0
2026-01-03,13,PT1H,MC-Reficar,0.0,10.0
2026-01-03,14,PT1H,MC-Reficar,0.0,10.0
2026-01-03,15,PT1H,MC-Reficar,0.0,10.0
2026-01-03,16,PT1H,MC-Reficar,0.0,10.0
2026-01-03,17,PT1H,MC-Reficar,0.0,10.0
2026-01-03,18,PT1H,MC-Reficar,0.0,10.0
2026-01-03,19,PT1H,MC-Reficar,0.0,0.0
2026-01-03,20,PT1H,MC-Reficar,0.0,0.0
2026-01-03,21,PT1H,MC-Reficar,0.0,0.0
2026-01-03,22,PT1H,MC-Reficar,0.0,10.0
2026-01-03,23,PT1H,MC-Reficar,0.0,10.0
2026-01-03,24,PT1H,MC-Reficar,0.0,10.0
2025-10-09,1,PT1H,MC-Reficar,12721.08,10020.0
2025-10-09,2,PT1H,MC-Reficar,13640.94,10020.0
2025-10-09,3,PT1H,MC-Reficar,8990.66,10020.0
2025-10-09,4,PT1H,MC-Reficar,7295.62,10020.0
2025-10-09,5,PT1H,MC-Reficar,7739.8,10020.0
2025-10-09,6,PT1H,MC-Reficar,7960.4,10020.0
2025-10-09,7,PT1H,MC-Reficar,9279.52,10020.0
2025-10-09,8,PT1H,MC-Reficar,10534.36,10020.0
2025-10-09,9,PT1H,MC-Reficar,14873.86,10020.0
2025-10-09,10,PT1H,MC-Reficar,15425.5,10020.0
2025-10-09,11,PT1H,MC-Reficar,12116.98,10020.0
2025-10-09,12,PT1H,MC-Reficar,10198.16,10020.0
2025-10-09,13,PT1H,MC-Reficar,10759.92,10020.0
2025-10-09,14,PT1H,MC-Reficar,11887.04,10020.0
2025-10-09,15,PT1H,MC-Reficar,11880.52,10020.0
2025-10-09,16,PT1H,MC-Reficar,12144.38,10020.0
2025-10-09,17,PT1H,MC-Reficar,12285.36,10020.0
2025-10-09,18,PT1H,MC-Reficar,12684.7,10020.0
2025-10-09,19,PT1H,MC-Reficar,10553.28,10000.0
2025-10-09,20,PT1H,MC-Reficar,10661.82,10000.0
2025-10-09,21,PT1H,MC-Reficar,10626.52,10000.0
2025-10-09,22,PT1H,MC-Reficar,10585.6,10020.0
2025-10-09,23,PT1H,MC-Reficar,9982.96,10020.0
2025-10-09,24,PT1H,MC-Reficar,10125.74,10020.0
2025-11-22,1,PT1H,MC-Reficar,13042.52,10510.0
2025-11-22,2,PT1H,MC-Reficar,12613.52,10510.0
2025-11-22,3,PT1H,MC-Reficar,11119.83,10510.0
2025-11-22,4,PT1H,MC-Reficar,10340.91,10510.0
2025-11-22,5,PT1H,MC-Reficar,10253.09,11010.0
2025-11-22,6,PT1H,MC-Reficar,9891.95,11010.0
2025-11-22,7,PT1H,MC-Reficar,9613.08,11010.0
2025-11-22,8,PT1H,MC-Reficar,10131.06,11010.0
2025-11-22,9,PT1H,MC-Reficar,10502.36,10510.0
2025-11-22,10,PT1H,MC-Reficar,11957.41,10510.0
2025-11-22,11,PT1H,MC-Reficar,12212.11,10510.0
2025-11-22,12,PT1H,MC-Reficar,11108.65,10510.0
2025-11-22,13,PT1H,MC-Reficar,10883.18,11010.0
2025-11-22,14,PT1H,MC-Reficar,10722.44,11010.0
2025-11-22,15,PT1H,MC-Reficar,11010.31,11010.0
2025-11-22,16,PT1H,MC-Reficar,10833.52,11010.0
2025-11-22,17,PT1H,MC-Reficar,11393.42,10510.0
2025-11-22,18,PT1H,MC-Reficar,11520.54,10510.0
2025-11-22,19,PT1H,MC-Reficar,10572.17,10500.0
2025-11-22,20,PT1H,MC-Reficar,10003.0,10500.0
2025-11-22,21,PT1H,MC-Reficar,10361.03,11000.0
2025-11-22,22,PT1H,MC-Reficar,10208.91,11010.0
2025-11-22,23,PT1H,MC-Reficar,9852.1,11010.0
2025-11-22,24,PT1H,MC-Reficar,9648.41,11010.0
2025-06-28,1,PT1H,MC-Reficar,9738.06,8010.0
2025-06-28,2,PT1H,MC-Reficar,8996.08,8010.0
2025-06-28,3,PT1H,MC-Reficar,10317.45,8010.0
2025-06-28,4,PT1H,MC-Reficar,9783.28,8010.0
2025-06-28,5,PT1H,MC-Reficar,9769.31,8010.0
2025-06-28,6,PT1H,MC-Reficar,9288.7,8010.0
2025-06-28,7,PT1H,MC-Reficar,9374.22,8010.0
2025-06-28,8,PT1H,MC-Reficar,9364.99,8010.0
2025-06-28,9,PT1H,MC-Reficar,10733.74,8010.0
2025-06-28,10,PT1H,MC-Reficar,12318.78,8010.0
2025-06-28,11,PT1H,MC-Reficar,11836.62,8010.0
2025-06-28,12,PT1H,MC-Reficar,10046.9,8010.0
2025-06-28,13,PT1H,MC-Reficar,8993.1,8010.0
2025-06-28,14,PT1H,MC-Reficar,10823.83,8010.0
2025-06-28,15,PT1H,MC-Reficar,11079.37,8010.0
2025-06-28,16,PT1H,MC-Reficar,9592.18,8010.0
2025-06-28,17,PT1H,MC-Reficar,12123.51,8010.0
2025-06-28,18,PT1H,MC-Reficar,12269.19,8010.0
2025-06-28,19,PT1H,MC-Reficar,10116.98,8000.0
2025-06-28,20,PT1H,MC-Reficar,9627.68,8000.0
2025-06-28,21,PT1H,MC-Reficar,9759.54,8000.0
2025-06-28,22,PT1H,MC-Reficar,9412.45,8010.0
2025-06-28,23,PT1H,MC-Reficar,9284.46,8010.0
2025-06-28,24,PT1H,MC-Reficar,9265.82,8010.0
2025-11-29,1,PT1H,MC-Reficar,7177.74,5800.0
2025-11-29,2,PT1H,MC-Reficar,7063.33,5800.0
2025-11-29,3,PT1H,MC-Reficar,7093.16,5800.0
2025-11-29,4,PT1H,MC-Reficar,6525.27,5800.0
2025-11-29,5,PT1H,MC-Reficar,6293.91,6000.0
2025-11-29,6,PT1H,MC-Reficar,5905.57,6000.0
2025-11-29,7,PT1H,MC-Reficar,5500.03,6000.0
2025-11-29,8,PT1H,MC-Reficar,1883.48,6000.0
2025-11-29,9,PT1H,MC-Reficar,150.71,5800.0
2025-11-29,10,PT1H,MC-Reficar,2415.11,5800.0
2025-11-29,11,PT1H,MC-Reficar,4969.76,5800.0
2025-11-29,12,PT1H,MC-Reficar,5215.97,5800.0
2025-11-29,13,PT1H,MC-Reficar,4551.82,6000.0
2025-11-29,14,PT1H,MC-Reficar,5082.74,6000.0
2025-11-29,15,PT1H,MC-Reficar,5356.44,6000.0
2025-11-29,16,PT1H,MC-Reficar,5671.48,6000.0
2025-11-29,17,PT1H,MC-Reficar,6101.32,5800.0
2025-11-29,18,PT1H,MC-Reficar,7660.38,5800.0
2025-11-29,19,PT1H,MC-Reficar,6746.23,5800.0
2025-11-29,20,PT1H,MC-Reficar,6408.12,5800.0
2025-11-29,21,PT1H,MC-Reficar,6561.68,6000.0
2025-11-29,22,PT1H,MC-Reficar,5618.0,6000.0
2025-11-29,23,PT1H,MC-Reficar,5197.95,6000.0
2025-11-29,24,PT1H,MC-Reficar,4799.01,6000.0
2025-05-23,1,PT1H,MC-Reficar,9774.59,510.0
2025-05-23,2,PT1H,MC-Reficar,10667.4,510.0
2025-05-23,3,PT1H,MC-Reficar,9591.08,510.0
2025-05-23,4,PT1H,MC-Reficar,9841.1,510.0
2025-05-23,5,PT1H,MC-Reficar,9775.55,510.0
2025-05-23,6,PT1H,MC-Reficar,9022.57,510.0
2025-05-23,7,PT1H,MC-Reficar,9349.33,510.0
2025-05-23,8,PT1H,MC-Reficar,10400.5,510.0
2025-05-23,9,PT1H,MC-Reficar,13404.46,510.0
2025-05-23,10,PT1H,MC-Reficar,14344.8,510.0
2025-05-23,11,PT1H,MC-Reficar,13651.01,510.0
2025-05-23,12,PT1H,MC-Reficar,13400.69,510.0
2025-05-23,13,PT1H,MC-Reficar,13010.84,510.0
2025-05-23,14,PT1H,MC-Reficar,13344.58,510.0
2025-05-23,15,PT1H,MC-Reficar,13427.65,510.0
2025-05-23,16,PT1H,MC-Reficar,13586.82,510.0
2025-05-23,17,PT1H,MC-Reficar,14286.65,510.0
2025-05-23,18,PT1H,MC-Reficar,16173.75,510.0
2025-05-23,19,PT1H,MC-Reficar,14912.86,500.0
2025-05-23,20,PT1H,MC-Reficar,10157.04,500.0
2025-05-23,21,PT1H,MC-Reficar,9996.64,500.0
2025-05-23,22,PT1H,MC-Reficar,10019.88,510.0
2025-05-23,23,PT1H,MC-Reficar,10286.59,510.0
2025-05-23,24,PT1H,MC-Reficar,10003.34,510.0
2025-09-08,1,PT1H,MC-Reficar,6003.92,5010.0
2025-09-08,2,PT1H,MC-Reficar,5435.51,5010.0
2025-09-08,3,PT1H,MC-Reficar,5535.38,5010.0
2025-09-08,4,PT1H,MC-Reficar,5042.62,5010.0
2025-09-08,5,PT1H,MC-Reficar,4849.81,5010.0
2025-09-08,6,PT1H,MC-Reficar,4538.38,5010.0
2025-09-08,7,PT1H,MC-Reficar,4860.86,5010.0
2025-09-08,8,PT1H,MC-Reficar,5490.24,5010.0
2025-09-08,9,PT1H,MC-Reficar,6046.02,5010.0
2025-09-08,10,PT1H,MC-Reficar,6320.59,5010.0
2025-09-08,11,PT1H,MC-Reficar,5791.85,5010.0
2025-09-08,12,PT1H,MC-Reficar,5529.12,5010.0
2025-09-08,13,PT1H,MC-Reficar,6006.28,5010.0
2025-09-08,14,PT1H,MC-Reficar,5788.87,5010.0
2025-09-08,15,PT1H,MC-Reficar,4934.08,5010.0
2025-09-08,16,PT1H,MC-Reficar,5126.92,5010.0
2025-09-08,17,PT1H,MC-Reficar,5903.75,5010.0
2025-09-08,18,PT1H,MC-Reficar,5808.67,5010.0
2025-09-08,19,PT1H,MC-Reficar,5386.91,5000.0
2025-09-08,20,PT1H,MC-Reficar,5653.32,5000.0
2025-09-08,21,PT1H,MC-Reficar,5982.52,5000.0
2025-09-08,22,PT1H,MC-Reficar,6030.95,5010.0
2025-09-08,23,PT1H,MC-Reficar,5930.35,5010.0
2025-09-08,24,PT1H,MC-Reficar,6226.35,5010.0
2025-08-25,1,PT1H,MC-Reficar,5448.42,4010.0
2025-08-25,2,PT1H,MC-Reficar,5244.17,4010.0
2025-08-25,3,PT1H,MC-Reficar,4399.61,4010.0
2025-08-25,4,PT1H,MC-Reficar,4402.35,4010.0
2025-08-25,5,PT1H,MC-Reficar,4181.22,4010.0
2025-08-25,6,PT1H,MC-Reficar,3862.39,4010.0
2025-08-25,7,PT1H,MC-Reficar,4549.99,4010.0
2025-08-25,8,PT1H,MC-Reficar,5660.11,4010.0
2025-08-25,9,PT1H,MC-Reficar,6115.96,4010.0
2025-08-25,10,PT1H,MC-Reficar,5348.75,4010.0
2025-08-25,11,PT1H,MC-Reficar,5362.54,4010.0
2025-08-25,12,PT1H,MC-Reficar,7675.75,4010.0
2025-08-25,13,PT1H,MC-Reficar,6615.88,4010.0
2025-08-25,14,PT1H,MC-Reficar,5352.81,4010.0
2025-08-25,15,PT1H,MC-Reficar,5277.84,4010.0
2025-08-25,16,PT1H,MC-Reficar,5592.47,4010.0
2025-08-25,17,PT1H,MC-Reficar,7543.58,4010.0
2025-08-25,18,PT1H,MC-Reficar,7979.27,4010.0
2025-08-25,19,PT1H,MC-Reficar,5690.76,4000.0
2025-08-25,20,PT1H,MC-Reficar,5169.35,4000.0
2025-08-25,21,PT1H,MC-Reficar,5374.37,4000.0
2025-08-25,22,PT1H,MC-Reficar,4855.76,4010.0
2025-08-25,23,PT1H,MC-Reficar,4463.37,4010.0
2025-08-25,24,PT1H,MC-Reficar,4320.58,4010.0
2025-10-29,1,PT1H,MC-Reficar,10505.28,14020.0
2025-10-29,2,PT1H,MC-Reficar,10881.72,14020.0
2025-10-29,3,PT1H,MC-Reficar,9842.16,14020.0
2025-10-29,4,PT1H,MC-Reficar,8962.32,14020.0
2025-10-29,5,PT1H,MC-Reficar,8139.84,14020.0
2025-10-29,6,PT1H,MC-Reficar,7558.58,14020.0
2025-10-29,7,PT1H,MC-Reficar,7372.18,14020.0
2025-10-29,8,PT1H,MC-Reficar,8489.7,14020.0
2025-10-29,9,PT1H,MC-Reficar,9276.3,14020.0
2025-10-29,10,PT1H,MC-Reficar,12403.22,14020.0
2025-10-29,11,PT1H,MC-Reficar,14591.2,14020.0
2025-10-29,12,PT1H,MC-Reficar,15272.4,14020.0
2025-10-29,13,PT1H,MC-Reficar,11060.52,14020.0
2025-10-29,14,PT1H,MC-Reficar,10004.0,14020.0
2025-10-29,15,PT1H,MC-Reficar,9643.38,14020.0
2025-10-29,16,PT1H,MC-Reficar,8365.16,14020.0
2025-10-29,17,PT1H,MC-Reficar,10297.6,14020.0
2025-10-29,18,PT1H,MC-Reficar,14877.82,14020.0
2025-10-29,19,PT1H,MC-Reficar,11776.38,14000.0
2025-10-29,20,PT1H,MC-Reficar,8950.48,14000.0
2025-10-29,21,PT1H,MC-Reficar,8471.96,14000.0
2025-10-29,22,PT1H,MC-Reficar,8783.1,14020.0
2025-10-29,23,PT1H,MC-Reficar,11652.18,14020.0
2025-10-29,24,PT1H,MC-Reficar,11019.8,14020.0
2025-07-26,1,PT1H,MC-Reficar,5577.84,10010.0
2025-07-26,2,PT1H,MC-Reficar,5934.62,10010.0
2025-07-26,3,PT1H,MC-Reficar,6238.9,10010.0
2025-07-26,4,PT1H,MC-Reficar,3924.22,10010.0
2025-07-26,5,PT1H,MC-Reficar,3679.76,10010.0
2025-07-26,6,PT1H,MC-Reficar,3348.74,10010.0
2025-07-26,7,PT1H,MC-Reficar,3374.05,10010.0
2025-07-26,8,PT1H,MC-Reficar,3620.67,10010.0
2025-07-26,9,PT1H,MC-Reficar,6081.14,10010.0
2025-07-26,10,PT1H,MC-Reficar,6243.83,10010.0
2025-07-26,11,PT1H,MC-Reficar,3951.85,10010.0
2025-07-26,12,PT1H,MC-Reficar,6020.53,10010.0
2025-07-26,13,PT1H,MC-Reficar,9038.55,10010.0
2025-07-26,14,PT1H,MC-Reficar,7870.17,10010.0
2025-07-26,15,PT1H,MC-Reficar,7484.98,10010.0
2025-07-26,16,PT1H,MC-Reficar,8137.8,10010.0
2025-07-26,17,PT1H,MC-Reficar,11354.39,10010.0
2025-07-26,18,PT1H,MC-Reficar,10735.11,10010.0
2025-07-26,19,PT1H,MC-Reficar,8410.5,10000.0
2025-07-26,20,PT1H,MC-Reficar,7939.46,10000.0
2025-07-26,21,PT1H,MC-Reficar,8477.98,10000.0
2025-07-26,22,PT1H,MC-Reficar,8161.4,10010.0
2025-07-26,23,PT1H,MC-Reficar,7783.56,10010.0
2025-07-26,24,PT1H,MC-Reficar,7691.12,10010.0
2025-12-28,23,PT1H,MC-Reficar,0.0,10.0
2025-12-28,24,PT1H,MC-Reficar,0.0,10.0
2025-12-28,1,PT1H,MC-Reficar,0.0,10.0
2025-12-28,2,PT1H,MC-Reficar,0.0,10.0
2025-12-28,3,PT1H,MC-Reficar,0.0,10.0
2025-12-28,4,PT1H,MC-Reficar,0.0,10.0
2025-12-28,5,PT1H,MC-Reficar,0.0,10.0
2025-12-28,6,PT1H,MC-Reficar,0.0,10.0
2025-12-28,7,PT1H,MC-Reficar,0.0,10.0
2025-12-28,8,PT1H,MC-Reficar,0.0,10.0
2025-12-28,9,PT1H,MC-Reficar,0.0,10.0
2025-12-28,10,PT1H,MC-Reficar,0.0,10.0
2025-12-28,11,PT1H,MC-Reficar,0.0,10.0
2025-12-28,12,PT1H,MC-Reficar,0.0,10.0
2025-12-28,13,PT1H,MC-Reficar,0.0,10.0
2025-12-28,14,PT1H,MC-Reficar,0.0,10.0
2025-12-28,15,PT1H,MC-Reficar,0.0,10.0
2025-12-28,16,PT1H,MC-Reficar,0.0,10.0
2025-12-28,17,PT1H,MC-Reficar,0.0,10.0
2025-12-28,18,PT1H,MC-Reficar,0.0,10.0
2025-12-28,19,PT1H,MC-Reficar,0.0,0.0
2025-12-28,20,PT1H,MC-Reficar,0.0,0.0
2025-12-28,21,PT1H,MC-Reficar,0.0,0.0
2025-12-28,22,PT1H,MC-Reficar,0.0,10.0
2025-10-05,1,PT1H,MC-Reficar,6756.95,8010.0
2025-10-05,2,PT1H,MC-Reficar,8102.69,8010.0
2025-10-05,3,PT1H,MC-Reficar,8424.87,8010.0
2025-10-05,4,PT1H,MC-Reficar,7726.1,8010.0
2025-10-05,5,PT1H,MC-Reficar,6838.39,8010.0
2025-10-05,6,PT1H,MC-Reficar,6229.28,8010.0
2025-10-05,7,PT1H,MC-Reficar,6547.01,8010.0
2025-10-05,8,PT1H,MC-Reficar,7671.84,8010.0
2025-10-05,9,PT1H,MC-Reficar,7928.17,8010.0
2025-10-05,10,PT1H,MC-Reficar,8724.26,8010.0
2025-10-05,11,PT1H,MC-Reficar,8213.14,8010.0
2025-10-05,12,PT1H,MC-Reficar,7433.58,8010.0
2025-10-05,13,PT1H,MC-Reficar,7217.17,8010.0
2025-10-05,14,PT1H,MC-Reficar,7111.75,8010.0
2025-10-05,15,PT1H,MC-Reficar,6776.51,8010.0
2025-10-05,16,PT1H,MC-Reficar,5751.09,8010.0
2025-10-05,17,PT1H,MC-Reficar,6961.63,8010.0
2025-10-05,18,PT1H,MC-Reficar,8126.35,8010.0
2025-10-05,19,PT1H,MC-Reficar,7430.39,8000.0
2025-10-05,20,PT1H,MC-Reficar,5398.5,8000.0
2025-10-05,21,PT1H,MC-Reficar,5798.7,8000.0
2025-10-05,22,PT1H,MC-Reficar,5721.13,8010.0
2025-10-05,23,PT1H,MC-Reficar,5617.33,8010.0
2025-10-05,24,PT1H,MC-Reficar,5630.88,8010.0
2026-01-28,1,PT1H,MC-Reficar,0.0,10.0
2026-01-28,2,PT1H,MC-Reficar,0.0,10.0
2026-01-28,3,PT1H,MC-Reficar,0.0,10.0
2026-01-28,4,PT1H,MC-Reficar,0.0,10.0
2026-01-28,5,PT1H,MC-Reficar,0.0,10.0
2026-01-28,6,PT1H,MC-Reficar,0.0,10.0
2026-01-28,7,PT1H,MC-Reficar,0.0,10.0
2026-01-28,8,PT1H,MC-Reficar,0.0,10.0
2026-01-28,9,PT1H,MC-Reficar,0.0,10.0
2026-01-28,10,PT1H,MC-Reficar,0.0,10.0
2026-01-28,11,PT1H,MC-Reficar,0.0,10.0
2026-01-28,12,PT1H,MC-Reficar,0.0,10.0
2026-01-28,13,PT1H,MC-Reficar,0.0,10.0
2026-01-28,14,PT1H,MC-Reficar,0.0,10.0
2026-01-28,15,PT1H,MC-Reficar,0.0,10.0
2026-01-28,16,PT1H,MC-Reficar,0.0,10.0
2026-01-28,17,PT1H,MC-Reficar,0.0,10.0
2026-01-28,18,PT1H,MC-Reficar,0.0,10.0
2026-01-28,19,PT1H,MC-Reficar,0.0,0.0
2026-01-28,20,PT1H,MC-Reficar,0.0,0.0
2026-01-28,21,PT1H,MC-Reficar,0.0,0.0
2026-01-28,22,PT1H,MC-Reficar,0.0,10.0
2026-01-28,23,PT1H,MC-Reficar,0.0,10.0
2026-01-28,24,PT1H,MC-Reficar,0.0,10.0
2025-05-01,2,PT1H,MC-Reficar,0.0,0.0
2025-05-01,3,PT1H,MC-Reficar,0.0,0.0
2025-05-01,4,PT1H,MC-Reficar,0.0,0.0
2025-05-01,5,PT1H,MC-Reficar,0.0,0.0
2025-05-01,6,PT1H,MC-Reficar,0.0,0.0
2025-05-01,7,PT1H,MC-Reficar,0.0,0.0
2025-05-01,8,PT1H,MC-Reficar,0.0,0.0
2025-05-01,9,PT1H,MC-Reficar,0.0,0.0
2025-05-01,10,PT1H,MC-Reficar,0.0,0.0
2025-05-01,11,PT1H,MC-Reficar,0.0,0.0
2025-05-01,12,PT1H,MC-Reficar,0.0,0.0
2025-05-01,13,PT1H,MC-Reficar,0.0,0.0
2025-05-01,14,PT1H,MC-Reficar,0.0,0.0
2025-05-01,15,PT1H,MC-Reficar,0.0,0.0
2025-05-01,16,PT1H,MC-Reficar,0.0,0.0
2025-05-01,17,PT1H,MC-Reficar,0.0,0.0
2025-05-01,18,PT1H,MC-Reficar,0.0,0.0
2025-05-01,19,PT1H,MC-Reficar,0.0,0.0
2025-05-01,20,PT1H,MC-Reficar,0.0,0.0
2025-05-01,21,PT1H,MC-Reficar,0.0,0.0
2025-05-01,22,PT1H,MC-Reficar,0.0,0.0
2025-05-01,23,PT1H,MC-Reficar,0.0,0.0
2025-05-01,24,PT1H,MC-Reficar,0.0,0.0
2025-05-01,1,PT1H,MC-Reficar,0.0,0.0
2025-07-24,1,PT1H,MC-Reficar,10665.79,10010.0
2025-07-24,2,PT1H,MC-Reficar,10507.15,10010.0
2025-07-24,3,PT1H,MC-Reficar,9775.04,10010.0
2025-07-24,4,PT1H,MC-Reficar,9974.73,10010.0
2025-07-24,5,PT1H,MC-Reficar,10233.43,10010.0
2025-07-24,6,PT1H,MC-Reficar,9370.14,10010.0
2025-07-24,7,PT1H,MC-Reficar,9887.59,10010.0
2025-07-24,8,PT1H,MC-Reficar,10273.26,10010.0
2025-07-24,9,PT1H,MC-Reficar,11150.04,10010.0
2025-07-24,10,PT1H,MC-Reficar,11181.83,10010.0
2025-07-24,11,PT1H,MC-Reficar,10361.92,10010.0
2025-07-24,12,PT1H,MC-Reficar,9458.9,10010.0
2025-07-24,13,PT1H,MC-Reficar,9765.16,10010.0
2025-07-24,14,PT1H,MC-Reficar,10684.52,10010.0
2025-07-24,15,PT1H,MC-Reficar,10464.96,10010.0
2025-07-24,16,PT1H,MC-Reficar,11028.54,10010.0
2025-07-24,17,PT1H,MC-Reficar,11080.76,10010.0
2025-07-24,18,PT1H,MC-Reficar,10918.8,10010.0
2025-07-24,19,PT1H,MC-Reficar,10474.43,10000.0
2025-07-24,20,PT1H,MC-Reficar,11216.72,10000.0
2025-07-24,21,PT1H,MC-Reficar,11211.22,10000.0
2025-07-24,22,PT1H,MC-Reficar,10532.74,10010.0
2025-07-24,23,PT1H,MC-Reficar,10057.72,10010.0
2025-07-24,24,PT1H,MC-Reficar,10219.57,10010.0
2025-09-28,1,PT1H,MC-Reficar,6042.71,10010.0
2025-09-28,2,PT1H,MC-Reficar,7739.39,10010.0
2025-09-28,3,PT1H,MC-Reficar,7243.17,10010.0
2025-09-28,4,PT1H,MC-Reficar,5353.87,10010.0
2025-09-28,5,PT1H,MC-Reficar,5832.66,10010.0
2025-09-28,6,PT1H,MC-Reficar,5002.48,10010.0
2025-09-28,7,PT1H,MC-Reficar,5308.33,10010.0
2025-09-28,8,PT1H,MC-Reficar,6573.36,10010.0
2025-09-28,9,PT1H,MC-Reficar,7807.98,10010.0
2025-09-28,10,PT1H,MC-Reficar,8870.44,10010.0
2025-09-28,11,PT1H,MC-Reficar,6467.3,10010.0
2025-09-28,12,PT1H,MC-Reficar,6969.4,10010.0
2025-09-28,13,PT1H,MC-Reficar,7415.81,10010.0
2025-09-28,14,PT1H,MC-Reficar,7280.17,10010.0
2025-09-28,15,PT1H,MC-Reficar,6992.18,10010.0
2025-09-28,16,PT1H,MC-Reficar,6954.67,10010.0
2025-09-28,17,PT1H,MC-Reficar,8822.41,10010.0
2025-09-28,18,PT1H,MC-Reficar,10023.55,10010.0
2025-09-28,19,PT1H,MC-Reficar,9428.29,10000.0
2025-09-28,20,PT1H,MC-Reficar,7540.33,10000.0
2025-09-28,21,PT1H,MC-Reficar,7698.24,10000.0
2025-09-28,22,PT1H,MC-Reficar,7617.33,10010.0
2025-09-28,23,PT1H,MC-Reficar,6973.54,10010.0
2025-09-28,24,PT1H,MC-Reficar,5538.09,10010.0
2025-05-24,1,PT1H,MC-Reficar,11347.27,510.0
2025-05-24,2,PT1H,MC-Reficar,12134.5,510.0
2025-05-24,3,PT1H,MC-Reficar,10004.43,510.0
2025-05-24,4,PT1H,MC-Reficar,9953.74,510.0
2025-05-24,5,PT1H,MC-Reficar,10542.11,510.0
2025-05-24,6,PT1H,MC-Reficar,9917.05,510.0
2025-05-24,7,PT1H,MC-Reficar,10308.3,510.0
2025-05-24,8,PT1H,MC-Reficar,9979.96,510.0
2025-05-24,9,PT1H,MC-Reficar,10841.36,510.0
2025-05-24,10,PT1H,MC-Reficar,11980.83,510.0
2025-05-24,11,PT1H,MC-Reficar,11527.83,510.0
2025-05-24,12,PT1H,MC-Reficar,10475.42,510.0
2025-05-24,13,PT1H,MC-Reficar,9801.59,510.0
2025-05-24,14,PT1H,MC-Reficar,11026.41,510.0
2025-05-24,15,PT1H,MC-Reficar,11292.1,510.0
2025-05-24,16,PT1H,MC-Reficar,11401.79,510.0
2025-05-24,17,PT1H,MC-Reficar,11471.11,510.0
2025-05-24,18,PT1H,MC-Reficar,12087.0,510.0
2025-05-24,19,PT1H,MC-Reficar,15863.51,500.0
2025-05-24,20,PT1H,MC-Reficar,15575.24,500.0
2025-05-24,21,PT1H,MC-Reficar,14075.24,500.0
2025-05-24,22,PT1H,MC-Reficar,14638.93,510.0
2025-05-24,23,PT1H,MC-Reficar,14810.01,510.0
2025-05-24,24,PT1H,MC-Reficar,14543.62,510.0
2026-02-08,8,PT1H,MC-Reficar,0.0,10.0
2026-02-08,9,PT1H,MC-Reficar,0.0,10.0
2026-02-08,10,PT1H,MC-Reficar,0.0,10.0
2026-02-08,11,PT1H,MC-Reficar,0.0,10.0
2026-02-08,12,PT1H,MC-Reficar,0.0,10.0
2026-02-08,13,PT1H,MC-Reficar,0.0,10.0
2026-02-08,14,PT1H,MC-Reficar,0.0,10.0
2026-02-08,15,PT1H,MC-Reficar,0.0,10.0
2026-02-08,16,PT1H,MC-Reficar,0.0,10.0
2026-02-08,17,PT1H,MC-Reficar,0.0,10.0
2026-02-08,18,PT1H,MC-Reficar,0.0,10.0
2026-02-08,19,PT1H,MC-Reficar,0.0,0.0
2026-02-08,20,PT1H,MC-Reficar,0.0,0.0
2026-02-08,21,PT1H,MC-Reficar,0.0,0.0
2026-02-08,22,PT1H,MC-Reficar,0.0,10.0
2026-02-08,23,PT1H,MC-Reficar,0.0,10.0
2026-02-08,24,PT1H,MC-Reficar,0.0,10.0
2026-02-08,1,PT1H,MC-Reficar,0.0,10.0
2026-02-08,2,PT1H,MC-Reficar,0.0,10.0
2026-02-08,3,PT1H,MC-Reficar,0.0,10.0
2026-02-08,4,PT1H,MC-Reficar,0.0,10.0
2026-02-08,5,PT1H,MC-Reficar,0.0,10.0
2026-02-08,6,PT1H,MC-Reficar,0.0,10.0
2026-02-08,7,PT1H,MC-Reficar,0.0,10.0
2025-08-30,1,PT1H,MC-Reficar,6098.63,4010.0
2025-08-30,2,PT1H,MC-Reficar,5147.62,4010.0
2025-08-30,3,PT1H,MC-Reficar,5805.82,4010.0
2025-08-30,4,PT1H,MC-Reficar,5588.26,4010.0
2025-08-30,5,PT1H,MC-Reficar,5798.3,4010.0
2025-08-30,6,PT1H,MC-Reficar,4797.3,4010.0
2025-08-30,7,PT1H,MC-Reficar,5398.27,4010.0
2025-08-30,8,PT1H,MC-Reficar,5799.39,4010.0
2025-08-30,9,PT1H,MC-Reficar,8348.04,4010.0
2025-08-30,10,PT1H,MC-Reficar,8594.19,4010.0
2025-08-30,11,PT1H,MC-Reficar,6809.64,4010.0
2025-08-30,12,PT1H,MC-Reficar,6678.51,4010.0
2025-08-30,13,PT1H,MC-Reficar,6810.94,4010.0
2025-08-30,14,PT1H,MC-Reficar,6830.29,4010.0
2025-08-30,15,PT1H,MC-Reficar,5900.18,4010.0
2025-08-30,16,PT1H,MC-Reficar,5284.88,4010.0
2025-08-30,17,PT1H,MC-Reficar,7632.64,4010.0
2025-08-30,18,PT1H,MC-Reficar,6508.62,4010.0
2025-08-30,19,PT1H,MC-Reficar,5073.48,4000.0
2025-08-30,20,PT1H,MC-Reficar,4509.3,4000.0
2025-08-30,21,PT1H,MC-Reficar,4371.23,4000.0
2025-08-30,22,PT1H,MC-Reficar,4069.16,4010.0
2025-08-30,23,PT1H,MC-Reficar,4631.26,4010.0
2025-08-30,24,PT1H,MC-Reficar,4538.54,4010.0
2025-06-26,1,PT1H,MC-Reficar,10983.29,8010.0
2025-06-26,2,PT1H,MC-Reficar,10492.75,8010.0
2025-06-26,3,PT1H,MC-Reficar,10677.63,8010.0
2025-06-26,4,PT1H,MC-Reficar,9888.79,8010.0
2025-06-26,5,PT1H,MC-Reficar,10159.87,8010.0
2025-06-26,6,PT1H,MC-Reficar,10329.13,8010.0
2025-06-26,7,PT1H,MC-Reficar,9791.53,8010.0
2025-06-26,8,PT1H,MC-Reficar,9599.27,8010.0
2025-06-26,9,PT1H,MC-Reficar,9355.86,8010.0
2025-06-26,10,PT1H,MC-Reficar,9672.09,8010.0
2025-06-26,11,PT1H,MC-Reficar,12395.07,8010.0
2025-06-26,12,PT1H,MC-Reficar,13348.87,8010.0
2025-06-26,13,PT1H,MC-Reficar,11340.02,8010.0
2025-06-26,14,PT1H,MC-Reficar,11094.4,8010.0
2025-06-26,15,PT1H,MC-Reficar,10528.78,8010.0
2025-06-26,16,PT1H,MC-Reficar,10997.67,8010.0
2025-06-26,17,PT1H,MC-Reficar,11120.17,8010.0
2025-06-26,18,PT1H,MC-Reficar,11351.2,8010.0
2025-06-26,19,PT1H,MC-Reficar,11088.69,8000.0
2025-06-26,20,PT1H,MC-Reficar,10682.23,8000.0
2025-06-26,21,PT1H,MC-Reficar,10933.13,8000.0
2025-06-26,22,PT1H,MC-Reficar,10785.23,8010.0
2025-06-26,23,PT1H,MC-Reficar,10841.69,8010.0
2025-06-26,24,PT1H,MC-Reficar,10634.75,8010.0
2025-07-01,1,PT1H,MC-Reficar,10453.49,10010.0
2025-07-01,2,PT1H,MC-Reficar,10454.55,10010.0
2025-07-01,3,PT1H,MC-Reficar,10653.89,10010.0
2025-07-01,4,PT1H,MC-Reficar,8813.54,10010.0
2025-07-01,5,PT1H,MC-Reficar,8980.13,10010.0
2025-07-01,6,PT1H,MC-Reficar,8374.18,10010.0
2025-07-01,7,PT1H,MC-Reficar,9171.47,10010.0
2025-07-01,8,PT1H,MC-Reficar,10639.83,10010.0
2025-07-01,9,PT1H,MC-Reficar,10970.77,10010.0
2025-07-01,10,PT1H,MC-Reficar,11163.1,10010.0
2025-07-01,11,PT1H,MC-Reficar,11530.21,10010.0
2025-07-01,12,PT1H,MC-Reficar,10607.64,10010.0
2025-07-01,13,PT1H,MC-Reficar,10377.8,10010.0
2025-07-01,14,PT1H,MC-Reficar,10425.44,10010.0
2025-07-01,15,PT1H,MC-Reficar,10684.88,10010.0
2025-07-01,16,PT1H,MC-Reficar,10479.97,10010.0
2025-07-01,17,PT1H,MC-Reficar,11551.96,10010.0
2025-07-01,18,PT1H,MC-Reficar,12439.7,10010.0
2025-07-01,19,PT1H,MC-Reficar,10518.19,10000.0
2025-07-01,20,PT1H,MC-Reficar,9915.82,10000.0
2025-07-01,21,PT1H,MC-Reficar,9372.34,10000.0
2025-07-01,22,PT1H,MC-Reficar,9827.91,10010.0
2025-07-01,23,PT1H,MC-Reficar,9666.74,10010.0
2025-07-01,24,PT1H,MC-Reficar,9964.72,10010.0
2025-06-01,1,PT1H,MC-Reficar,9882.51,8010.0
2025-06-01,2,PT1H,MC-Reficar,10333.79,8010.0
2025-06-01,3,PT1H,MC-Reficar,9775.04,8010.0
2025-06-01,4,PT1H,MC-Reficar,9535.12,8010.0
2025-06-01,5,PT1H,MC-Reficar,9394.25,8010.0
2025-06-01,6,PT1H,MC-Reficar,10087.25,8010.0
2025-06-01,7,PT1H,MC-Reficar,9981.46,8010.0
2025-06-01,8,PT1H,MC-Reficar,11185.07,8010.0
2025-06-01,9,PT1H,MC-Reficar,11311.4,8010.0
2025-06-01,10,PT1H,MC-Reficar,10497.62,8010.0
2025-06-01,11,PT1H,MC-Reficar,10851.82,8010.0
2025-06-01,12,PT1H,MC-Reficar,9977.33,8010.0
2025-06-01,13,PT1H,MC-Reficar,9997.29,8010.0
2025-06-01,14,PT1H,MC-Reficar,9913.29,8010.0
2025-06-01,15,PT1H,MC-Reficar,11070.14,8010.0
2025-06-01,16,PT1H,MC-Reficar,11198.09,8010.0
2025-06-01,17,PT1H,MC-Reficar,12782.27,8010.0
2025-06-01,18,PT1H,MC-Reficar,12538.03,8010.0
2025-06-01,19,PT1H,MC-Reficar,10869.74,8000.0
2025-06-01,20,PT1H,MC-Reficar,9941.41,8000.0
2025-06-01,21,PT1H,MC-Reficar,10464.08,8000.0
2025-06-01,22,PT1H,MC-Reficar,10272.14,8010.0
2025-06-01,23,PT1H,MC-Reficar,9960.35,8010.0
2025-06-01,24,PT1H,MC-Reficar,9373.83,8010.0
2025-05-30,1,PT1H,MC-Reficar,12401.06,8010.0
2025-05-30,2,PT1H,MC-Reficar,12850.01,8010.0
2025-05-30,3,PT1H,MC-Reficar,12810.19,8010.0
2025-05-30,4,PT1H,MC-Reficar,10045.59,8010.0
2025-05-30,5,PT1H,MC-Reficar,10324.88,8010.0
2025-05-30,6,PT1H,MC-Reficar,9882.53,8010.0
2025-05-30,7,PT1H,MC-Reficar,9648.5,8010.0
2025-05-30,8,PT1H,MC-Reficar,10497.01,8010.0
2025-05-30,9,PT1H,MC-Reficar,12187.42,8010.0
2025-05-30,10,PT1H,MC-Reficar,12553.05,8010.0
2025-05-30,11,PT1H,MC-Reficar,10860.14,8010.0
2025-05-30,12,PT1H,MC-Reficar,11051.5,8010.0
2025-05-30,13,PT1H,MC-Reficar,11320.83,8010.0
2025-05-30,14,PT1H,MC-Reficar,11481.73,8010.0
2025-05-30,15,PT1H,MC-Reficar,11123.6,8010.0
2025-05-30,16,PT1H,MC-Reficar,10708.85,8010.0
2025-05-30,17,PT1H,MC-Reficar,11305.16,8010.0
2025-05-30,18,PT1H,MC-Reficar,11654.04,8010.0
2025-05-30,19,PT1H,MC-Reficar,10178.54,8000.0
2025-05-30,20,PT1H,MC-Reficar,10062.51,8000.0
2025-05-30,21,PT1H,MC-Reficar,10296.39,8000.0
2025-05-30,22,PT1H,MC-Reficar,9962.5,8010.0
2025-05-30,23,PT1H,MC-Reficar,10306.41,8010.0
2025-05-30,24,PT1H,MC-Reficar,10104.09,8010.0
2025-05-04,1,PT1H,MC-Reficar,146.38,0.0
2025-05-04,2,PT1H,MC-Reficar,147.1,0.0
2025-05-04,3,PT1H,MC-Reficar,147.67,0.0
2025-05-04,4,PT1H,MC-Reficar,149.35,0.0
2025-05-04,5,PT1H,MC-Reficar,148.66,0.0
2025-05-04,6,PT1H,MC-Reficar,147.04,0.0
2025-05-04,7,PT1H,MC-Reficar,141.88,0.0
2025-05-04,8,PT1H,MC-Reficar,142.99,0.0
2025-05-04,9,PT1H,MC-Reficar,143.54,0.0
2025-05-04,10,PT1H,MC-Reficar,142.06,0.0
2025-05-04,11,PT1H,MC-Reficar,77.44,0.0
2025-05-04,12,PT1H,MC-Reficar,70.56,0.0
2025-05-04,13,PT1H,MC-Reficar,70.04,0.0
2025-05-04,14,PT1H,MC-Reficar,69.0,0.0
2025-05-04,15,PT1H,MC-Reficar,105.79,0.0
2025-05-04,16,PT1H,MC-Reficar,147.41,0.0
2025-05-04,17,PT1H,MC-Reficar,147.36,0.0
2025-05-04,18,PT1H,MC-Reficar,146.83,0.0
2025-05-04,19,PT1H,MC-Reficar,101.75,0.0
2025-05-04,20,PT1H,MC-Reficar,0.0,0.0
2025-05-04,21,PT1H,MC-Reficar,0.0,0.0
2025-05-04,22,PT1H,MC-Reficar,0.0,0.0
2025-05-04,23,PT1H,MC-Reficar,0.0,0.0
2025-05-04,24,PT1H,MC-Reficar,0.0,0.0
