Fecha,Periodo,CodigoDuracion,MercadoComercializacionOperativo,DemandaAtendida,PronDem
2025-10-14,1,PT1H,MC-Centro,2778618.62,2782000.0
2025-10-14,2,PT1H,MC-Centro,2670769.86,2652000.0
2025-10-14,3,PT1H,MC-Centro,2592027.18,2576000.0
2025-10-14,4,PT1H,MC-Centro,2670312.6,2620000.0
2025-10-14,5,PT1H,MC-Centro,3005712.1,2936000.0
2025-10-14,6,PT1H,MC-Centro,3485683.64,3478000.0
2025-10-14,7,PT1H,MC-Centro,3690441.52,3676000.0
2025-10-14,8,PT1H,MC-Centro,3985944.6,3928000.0
2025-10-14,9,PT1H,MC-Centro,4236009.44,4142000.0
2025-10-14,10,PT1H,MC-Centro,4352205.68,4314000.0
2025-10-14,11,PT1H,MC-Centro,4495708.3,4450000.0
2025-10-14,12,PT1H,MC-Centro,4608406.48,4552000.0
2025-10-14,13,PT1H,MC-Centro,4576684.02,4528000.0
2025-10-14,14,PT1H,MC-Centro,4485251.1,4434000.0
2025-10-14,15,PT1H,MC-Centro,4465604.42,4428000.0
2025-10-14,16,PT1H,MC-Centro,4451084.26,4412000.0
2025-10-14,17,PT1H,MC-Centro,4395441.02,4330000.0
2025-10-14,18,PT1H,MC-Centro,4384514.34,4292000.0
2025-10-14,19,PT1H,MC-Centro,4650521.78,4532000.0
2025-10-14,20,PT1H,MC-Centro,4628623.1,4560000.0
2025-10-14,21,PT1H,MC-Centro,4448492.54,4374000.0
2025-10-14,22,PT1H,MC-Centro,4056669.84,4002000.0
2025-10-14,23,PT1H,MC-Centro,3628855.02,3562000.0
2025-10-14,24,PT1H,MC-Centro,3313811.9,3264000.0
2026-02-06,1,PT1H,MC-Centro,1581202.31,1608000.0
2026-02-06,2,PT1H,MC-Centro,1518892.4,1522000.0
2026-02-06,3,PT1H,MC-Centro,1488216.12,1479000.0
2026-02-06,4,PT1H,MC-Centro,1486713.22,1480000.0
2026-02-06,5,PT1H,MC-Centro,1640614.32,1641000.0
2026-02-06,6,PT1H,MC-Centro,1865674.8,1858000.0
2026-02-06,7,PT1H,MC-Centro,1959844.65,1965000.0
2026-02-06,8,PT1H,MC-Centro,2065208.65,2094000.0
2026-02-06,9,PT1H,MC-Centro,2171737.46,2205000.0
2026-02-06,10,PT1H,MC-Centro,2203758.51,2259000.0
2026-02-06,11,PT1H,MC-Centro,2284580.51,2330000.0
2026-02-06,12,PT1H,MC-Centro,2326024.27,2361000.0
2026-02-06,13,PT1H,MC-Centro,2312497.82,2344000.0
2026-02-06,14,PT1H,MC-Centro,2253800.51,2281000.0
2026-02-06,15,PT1H,MC-Centro,2260711.98,2273000.0
2026-02-06,16,PT1H,MC-Centro,2276381.63,2246000.0
2026-02-06,17,PT1H,MC-Centro,2219100.42,2215000.0
2026-02-06,18,PT1H,MC-Centro,2160685.32,2189000.0
2026-02-06,19,PT1H,MC-Centro,2270080.3,2292000.0
2026-02-06,20,PT1H,MC-Centro,2294752.49,2300000.0
2026-02-06,21,PT1H,MC-Centro,2203202.17,2220000.0
2026-02-06,22,PT1H,MC-Centro,2031424.29,2046000.0
2026-02-06,23,PT1H,MC-Centro,1845262.1,1865000.0
2026-02-06,24,PT1H,MC-Centro,1670903.77,1707000.0
2025-07-02,1,PT1H,MC-Centro,1523761.26,1531000.0
2025-07-02,2,PT1H,MC-Centro,1463410.07,1473000.0
2025-07-02,3,PT1H,MC-Centro,1417089.71,1424000.0
2025-07-02,4,PT1H,MC-Centro,1408614.6,1420000.0
2025-07-02,5,PT1H,MC-Centro,1491335.82,1495000.0
2025-07-02,6,PT1H,MC-Centro,1615839.82,1630000.0
2025-07-02,7,PT1H,MC-Centro,1799648.21,1818000.0
2025-07-02,8,PT1H,MC-Centro,1983817.52,2005000.0
2025-07-02,9,PT1H,MC-Centro,2095944.4,2112000.0
2025-07-02,10,PT1H,MC-Centro,2158704.75,2164000.0
2025-07-02,11,PT1H,MC-Centro,2220573.57,2238000.0
2025-07-02,12,PT1H,MC-Centro,2290774.28,2291000.0
2025-07-02,13,PT1H,MC-Centro,2308429.56,2290000.0
2025-07-02,14,PT1H,MC-Centro,2252872.05,2239000.0
2025-07-02,15,PT1H,MC-Centro,2238468.04,2235000.0
2025-07-02,16,PT1H,MC-Centro,2230304.32,2212000.0
2025-07-02,17,PT1H,MC-Centro,2171290.12,2162000.0
2025-07-02,18,PT1H,MC-Centro,2147043.09,2116000.0
2025-07-02,19,PT1H,MC-Centro,2246499.76,2214000.0
2025-07-02,20,PT1H,MC-Centro,2269339.17,2255000.0
2025-07-02,21,PT1H,MC-Centro,2186150.66,2178000.0
2025-07-02,22,PT1H,MC-Centro,2011448.23,2006000.0
2025-07-02,23,PT1H,MC-Centro,1798316.58,1793000.0
2025-07-02,24,PT1H,MC-Centro,1652929.12,1639000.0
2025-05-06,1,PT1H,MC-Centro,1519977.01,1541000.0
2025-05-06,2,PT1H,MC-Centro,1462084.87,1479000.0
2025-05-06,3,PT1H,MC-Centro,1424559.49,1434000.0
2025-05-06,4,PT1H,MC-Centro,1422683.53,1437000.0
2025-05-06,5,PT1H,MC-Centro,1552163.91,1566000.0
2025-05-06,6,PT1H,MC-Centro,1811799.09,1818000.0
2025-05-06,7,PT1H,MC-Centro,1906974.76,1906000.0
2025-05-06,8,PT1H,MC-Centro,2023252.17,2022000.0
2025-05-06,9,PT1H,MC-Centro,2113426.8,2118000.0
2025-05-06,10,PT1H,MC-Centro,2159684.86,2166000.0
2025-05-06,11,PT1H,MC-Centro,2228045.84,2232000.0
2025-05-06,12,PT1H,MC-Centro,2272338.15,2309000.0
2025-05-06,13,PT1H,MC-Centro,2253224.11,2296000.0
2025-05-06,14,PT1H,MC-Centro,2204741.29,2244000.0
2025-05-06,15,PT1H,MC-Centro,2227197.76,2251000.0
2025-05-06,16,PT1H,MC-Centro,2209052.64,2245000.0
2025-05-06,17,PT1H,MC-Centro,2176455.42,2207000.0
2025-05-06,18,PT1H,MC-Centro,2143136.1,2156000.0
2025-05-06,19,PT1H,MC-Centro,2264876.03,2275000.0
2025-05-06,20,PT1H,MC-Centro,2282438.5,2298000.0
2025-05-06,21,PT1H,MC-Centro,2207068.01,2215000.0
2025-05-06,22,PT1H,MC-Centro,2022409.92,2031000.0
2025-05-06,23,PT1H,MC-Centro,1805454.4,1811000.0
2025-05-06,24,PT1H,MC-Centro,1647709.2,1658000.0
2025-02-26,1,PT1H,MC-Centro,1549876.35,1567230.0
2025-02-26,2,PT1H,MC-Centro,1488819.11,1502470.0
2025-02-26,3,PT1H,MC-Centro,1451695.08,1458450.0
2025-02-26,4,PT1H,MC-Centro,1463725.98,1466270.0
2025-02-26,5,PT1H,MC-Centro,1603771.63,1623760.0
2025-02-26,6,PT1H,MC-Centro,1870387.07,1869710.0
2025-02-26,7,PT1H,MC-Centro,1950747.82,1932590.0
2025-02-26,8,PT1H,MC-Centro,2071249.78,2049060.0
2025-02-26,9,PT1H,MC-Centro,2148992.78,2120370.0
2025-02-26,10,PT1H,MC-Centro,2200594.95,2161180.0
2025-02-26,11,PT1H,MC-Centro,2263745.44,2232920.0
2025-02-26,12,PT1H,MC-Centro,2284414.48,2275340.0
2025-02-26,13,PT1H,MC-Centro,2260821.9,2255280.0
2025-02-26,14,PT1H,MC-Centro,2221536.83,2216340.0
2025-02-26,15,PT1H,MC-Centro,2196819.76,2226330.0
2025-02-26,16,PT1H,MC-Centro,2219183.25,2234500.0
2025-02-26,17,PT1H,MC-Centro,2178867.52,2199230.0
2025-02-26,18,PT1H,MC-Centro,2136849.27,2172690.0
2025-02-26,19,PT1H,MC-Centro,2251176.27,2273530.0
2025-02-26,20,PT1H,MC-Centro,2287844.36,2319190.0
2025-02-26,21,PT1H,MC-Centro,2201417.84,2216320.0
2025-02-26,22,PT1H,MC-Centro,2005586.68,2024550.0
2025-02-26,23,PT1H,MC-Centro,1798363.27,1823250.0
2025-02-26,24,PT1H,MC-Centro,1656206.55,1670620.0
2025-05-08,1,PT1H,MC-Centro,1531233.6,1557000.0
2025-05-08,2,PT1H,MC-Centro,1463568.47,1494000.0
2025-05-08,3,PT1H,MC-Centro,1426256.52,1442000.0
2025-05-08,4,PT1H,MC-Centro,1424243.67,1444000.0
2025-05-08,5,PT1H,MC-Centro,1559700.76,1569000.0
2025-05-08,6,PT1H,MC-Centro,1816591.78,1824000.0
2025-05-08,7,PT1H,MC-Centro,1906176.76,1915000.0
2025-05-08,8,PT1H,MC-Centro,2015577.39,2039000.0
2025-05-08,9,PT1H,MC-Centro,2116146.62,2131000.0
2025-05-08,10,PT1H,MC-Centro,2166473.22,2173000.0
2025-05-08,11,PT1H,MC-Centro,2245417.42,2231000.0
2025-05-08,12,PT1H,MC-Centro,2305817.63,2264000.0
2025-05-08,13,PT1H,MC-Centro,2293995.4,2253000.0
2025-05-08,14,PT1H,MC-Centro,2234393.96,2209000.0
2025-05-08,15,PT1H,MC-Centro,2234528.16,2201000.0
2025-05-08,16,PT1H,MC-Centro,2235675.1,2203000.0
2025-05-08,17,PT1H,MC-Centro,2178666.25,2163000.0
2025-05-08,18,PT1H,MC-Centro,2156044.97,2152000.0
2025-05-08,19,PT1H,MC-Centro,2266000.17,2274000.0
2025-05-08,20,PT1H,MC-Centro,2285448.39,2296000.0
2025-05-08,21,PT1H,MC-Centro,2199355.44,2214000.0
2025-05-08,22,PT1H,MC-Centro,2019900.97,2035000.0
2025-05-08,23,PT1H,MC-Centro,1806177.31,1822000.0
2025-05-08,24,PT1H,MC-Centro,1651648.89,1673000.0
2025-06-02,1,PT1H,MC-Centro,1302756.9,1340000.0
2025-06-02,2,PT1H,MC-Centro,1236685.94,1268000.0
2025-06-02,3,PT1H,MC-Centro,1189118.27,1221000.0
2025-06-02,4,PT1H,MC-Centro,1167031.83,1203000.0
2025-06-02,5,PT1H,MC-Centro,1180524.5,1220000.0
2025-06-02,6,PT1H,MC-Centro,1191461.63,1231000.0
2025-06-02,7,PT1H,MC-Centro,1236355.22,1291000.0
2025-06-02,8,PT1H,MC-Centro,1371790.59,1447000.0
2025-06-02,9,PT1H,MC-Centro,1524461.03,1594000.0
2025-06-02,10,PT1H,MC-Centro,1655972.78,1714000.0
2025-06-02,11,PT1H,MC-Centro,1779584.46,1832000.0
2025-06-02,12,PT1H,MC-Centro,1847723.04,1897000.0
2025-06-02,13,PT1H,MC-Centro,1873994.01,1919000.0
2025-06-02,14,PT1H,MC-Centro,1839494.8,1890000.0
2025-06-02,15,PT1H,MC-Centro,1782114.57,1832000.0
2025-06-02,16,PT1H,MC-Centro,1739333.29,1794000.0
2025-06-02,17,PT1H,MC-Centro,1720350.28,1780000.0
2025-06-02,18,PT1H,MC-Centro,1749664.06,1824000.0
2025-06-02,19,PT1H,MC-Centro,1911261.9,1980000.0
2025-06-02,20,PT1H,MC-Centro,1968684.61,2008000.0
2025-06-02,21,PT1H,MC-Centro,1894173.89,1928000.0
2025-06-02,22,PT1H,MC-Centro,1747993.94,1774000.0
2025-06-02,23,PT1H,MC-Centro,1585916.4,1624000.0
2025-06-02,24,PT1H,MC-Centro,1446952.26,1491000.0
2025-11-26,1,PT1H,MC-Centro,1611706.8,1590000.0
2025-11-26,2,PT1H,MC-Centro,1531994.1,1525000.0
2025-11-26,3,PT1H,MC-Centro,1482443.79,1471000.0
2025-11-26,4,PT1H,MC-Centro,1489792.54,1456000.0
2025-11-26,5,PT1H,MC-Centro,1596832.38,1558000.0
2025-11-26,6,PT1H,MC-Centro,1766391.72,1702000.0
2025-11-26,7,PT1H,MC-Centro,1963994.54,1892000.0
2025-11-26,8,PT1H,MC-Centro,2111381.82,2065000.0
2025-11-26,9,PT1H,MC-Centro,2218153.56,2226000.0
2025-11-26,10,PT1H,MC-Centro,2270229.16,2259000.0
2025-11-26,11,PT1H,MC-Centro,2342163.83,2332000.0
2025-11-26,12,PT1H,MC-Centro,2384154.2,2362000.0
2025-11-26,13,PT1H,MC-Centro,2383533.81,2337000.0
2025-11-26,14,PT1H,MC-Centro,2343380.35,2305000.0
2025-11-26,15,PT1H,MC-Centro,2338665.39,2324000.0
2025-11-26,16,PT1H,MC-Centro,2310145.79,2301000.0
2025-11-26,17,PT1H,MC-Centro,2274922.11,2277000.0
2025-11-26,18,PT1H,MC-Centro,2275295.47,2283000.0
2025-11-26,19,PT1H,MC-Centro,2377591.77,2377000.0
2025-11-26,20,PT1H,MC-Centro,2354418.89,2363000.0
2025-11-26,21,PT1H,MC-Centro,2253088.29,2267000.0
2025-11-26,22,PT1H,MC-Centro,2085670.0,2078000.0
2025-11-26,23,PT1H,MC-Centro,1878934.76,1868000.0
2025-11-26,24,PT1H,MC-Centro,1728256.91,1700000.0
2024-10-12,1,PT1H,MC-Centro,1553766.83,1533000.0
2024-10-12,2,PT1H,MC-Centro,1478515.68,1459000.0
2024-10-12,3,PT1H,MC-Centro,1433247.46,1403000.0
2024-10-12,4,PT1H,MC-Centro,1418085.19,1383000.0
2024-10-12,5,PT1H,MC-Centro,1454058.47,1417000.0
2024-10-12,6,PT1H,MC-Centro,1481913.64,1466000.0
2024-10-12,7,PT1H,MC-Centro,1619401.99,1605000.0
2024-10-12,8,PT1H,MC-Centro,1788025.75,1777000.0
2024-10-12,9,PT1H,MC-Centro,1923169.78,1906000.0
2024-10-12,10,PT1H,MC-Centro,2004669.25,1977000.0
2024-10-12,11,PT1H,MC-Centro,2071886.92,2042000.0
2024-10-12,12,PT1H,MC-Centro,2071677.82,2062000.0
2024-10-12,13,PT1H,MC-Centro,2048501.88,2032000.0
2024-10-12,14,PT1H,MC-Centro,1986979.46,1979000.0
2024-10-12,15,PT1H,MC-Centro,1928377.96,1919000.0
2024-10-12,16,PT1H,MC-Centro,1882879.57,1882000.0
2024-10-12,17,PT1H,MC-Centro,1872753.36,1853000.0
2024-10-12,18,PT1H,MC-Centro,1881495.17,1855000.0
2024-10-12,19,PT1H,MC-Centro,1997306.62,1963000.0
2024-10-12,20,PT1H,MC-Centro,1968262.45,1957000.0
2024-10-12,21,PT1H,MC-Centro,1885572.73,1871000.0
2024-10-12,22,PT1H,MC-Centro,1745957.81,1728000.0
2024-10-12,23,PT1H,MC-Centro,1608925.59,1590000.0
2024-10-12,24,PT1H,MC-Centro,1480328.64,1469000.0
2025-06-16,1,PT1H,MC-Centro,1373622.37,1380000.0
2025-06-16,2,PT1H,MC-Centro,1310739.1,1314000.0
2025-06-16,3,PT1H,MC-Centro,1277665.31,1277000.0
2025-06-16,4,PT1H,MC-Centro,1287783.43,1299000.0
2025-06-16,5,PT1H,MC-Centro,1420884.84,1449000.0
2025-06-16,6,PT1H,MC-Centro,1641213.15,1710000.0
2025-06-16,7,PT1H,MC-Centro,1784327.16,1815000.0
2025-06-16,8,PT1H,MC-Centro,1928508.78,1949000.0
2025-06-16,9,PT1H,MC-Centro,2055320.39,2079000.0
2025-06-16,10,PT1H,MC-Centro,2130647.83,2144000.0
2025-06-16,11,PT1H,MC-Centro,2207036.69,2228000.0
2025-06-16,12,PT1H,MC-Centro,2261071.29,2276000.0
2025-06-16,13,PT1H,MC-Centro,2246274.23,2263000.0
2025-06-16,14,PT1H,MC-Centro,2184461.7,2225000.0
2025-06-16,15,PT1H,MC-Centro,2202034.69,2225000.0
2025-06-16,16,PT1H,MC-Centro,2198160.02,2209000.0
2025-06-16,17,PT1H,MC-Centro,2140565.17,2173000.0
2025-06-16,18,PT1H,MC-Centro,2110473.95,2126000.0
2025-06-16,19,PT1H,MC-Centro,2225396.35,2255000.0
2025-06-16,20,PT1H,MC-Centro,2281008.15,2288000.0
2025-06-16,21,PT1H,MC-Centro,2197568.12,2200000.0
2025-06-16,22,PT1H,MC-Centro,2019809.07,2011000.0
2025-06-16,23,PT1H,MC-Centro,1800716.54,1798000.0
2025-06-16,24,PT1H,MC-Centro,1646660.47,1649000.0
2025-04-25,1,PT1H,MC-Centro,1569334.72,1568000.0
2025-04-25,2,PT1H,MC-Centro,1504288.82,1500000.0
2025-04-25,3,PT1H,MC-Centro,1452856.58,1453000.0
2025-04-25,4,PT1H,MC-Centro,1446398.67,1456000.0
2025-04-25,5,PT1H,MC-Centro,1571413.45,1580000.0
2025-04-25,6,PT1H,MC-Centro,1825185.96,1819000.0
2025-04-25,7,PT1H,MC-Centro,1918690.73,1914000.0
2025-04-25,8,PT1H,MC-Centro,2036532.13,2040000.0
2025-04-25,9,PT1H,MC-Centro,2133871.73,2140000.0
2025-04-25,10,PT1H,MC-Centro,2188756.44,2186000.0
2025-04-25,11,PT1H,MC-Centro,2270264.12,2241000.0
2025-04-25,12,PT1H,MC-Centro,2305537.8,2281000.0
2025-04-25,13,PT1H,MC-Centro,2291287.29,2270000.0
2025-04-25,14,PT1H,MC-Centro,2219957.31,2225000.0
2025-04-25,15,PT1H,MC-Centro,2209484.21,2229000.0
2025-04-25,16,PT1H,MC-Centro,2220330.13,2218000.0
2025-04-25,17,PT1H,MC-Centro,2181582.0,2192000.0
2025-04-25,18,PT1H,MC-Centro,2142710.97,2152000.0
2025-04-25,19,PT1H,MC-Centro,2247954.41,2244000.0
2025-04-25,20,PT1H,MC-Centro,2252149.14,2260000.0
2025-04-25,21,PT1H,MC-Centro,2175316.24,2187000.0
2025-04-25,22,PT1H,MC-Centro,2018855.33,2035000.0
2025-04-25,23,PT1H,MC-Centro,1825353.32,1850000.0
2025-04-25,24,PT1H,MC-Centro,1681507.49,1705000.0
2025-08-12,1,PT1H,MC-Centro,1505551.31,1519980.0
2025-08-12,2,PT1H,MC-Centro,1450651.2,1462480.0
2025-08-12,3,PT1H,MC-Centro,1399918.7,1417290.0
2025-08-12,4,PT1H,MC-Centro,1397383.8,1420710.0
2025-08-12,5,PT1H,MC-Centro,1547057.22,1557410.0
2025-08-12,6,PT1H,MC-Centro,1806229.28,1809390.0
2025-08-12,7,PT1H,MC-Centro,1907644.96,1901100.0
2025-08-12,8,PT1H,MC-Centro,2016318.61,2014080.0
2025-08-12,9,PT1H,MC-Centro,2115822.48,2110340.0
2025-08-12,10,PT1H,MC-Centro,2165532.84,2152290.0
2025-08-12,11,PT1H,MC-Centro,2225888.37,2220050.0
2025-08-12,12,PT1H,MC-Centro,2272832.66,2262750.0
2025-08-12,13,PT1H,MC-Centro,2244095.35,2244370.0
2025-08-12,14,PT1H,MC-Centro,2209947.04,2197540.0
2025-08-12,15,PT1H,MC-Centro,2202013.89,2204430.0
2025-08-12,16,PT1H,MC-Centro,2192958.57,2194120.0
2025-08-12,17,PT1H,MC-Centro,2156550.58,2153260.0
2025-08-12,18,PT1H,MC-Centro,2122937.75,2129300.0
2025-08-12,19,PT1H,MC-Centro,2246544.43,2239980.0
2025-08-12,20,PT1H,MC-Centro,2293259.59,2269420.0
2025-08-12,21,PT1H,MC-Centro,2201108.78,2173420.0
2025-08-12,22,PT1H,MC-Centro,2000618.16,1979930.0
2025-08-12,23,PT1H,MC-Centro,1772485.58,1773780.0
2025-08-12,24,PT1H,MC-Centro,1636857.31,1621850.0
2025-12-22,1,PT1H,MC-Centro,1454436.78,1410000.0
2025-12-22,2,PT1H,MC-Centro,1377592.94,1345000.0
2025-12-22,3,PT1H,MC-Centro,1336654.61,1295000.0
2025-12-22,4,PT1H,MC-Centro,1345650.67,1306000.0
2025-12-22,5,PT1H,MC-Centro,1441019.52,1399000.0
2025-12-22,6,PT1H,MC-Centro,1567796.71,1516000.0
2025-12-22,7,PT1H,MC-Centro,1752380.01,1690000.0
2025-12-22,8,PT1H,MC-Centro,1941760.65,1878000.0
2025-12-22,9,PT1H,MC-Centro,2076601.44,2019000.0
2025-12-22,10,PT1H,MC-Centro,2107871.02,2096000.0
2025-12-22,11,PT1H,MC-Centro,2215585.42,2155000.0
2025-12-22,12,PT1H,MC-Centro,2270009.34,2206000.0
2025-12-22,13,PT1H,MC-Centro,2270228.66,2204000.0
2025-12-22,14,PT1H,MC-Centro,2210706.77,2154000.0
2025-12-22,15,PT1H,MC-Centro,2213221.04,2146000.0
2025-12-22,16,PT1H,MC-Centro,2190975.39,2122000.0
2025-12-22,17,PT1H,MC-Centro,2150623.23,2083000.0
2025-12-22,18,PT1H,MC-Centro,2182637.05,2076000.0
2025-12-22,19,PT1H,MC-Centro,2250177.02,2184000.0
2025-12-22,20,PT1H,MC-Centro,2232761.69,2173000.0
2025-12-22,21,PT1H,MC-Centro,2149677.27,2101000.0
2025-12-22,22,PT1H,MC-Centro,2019433.48,1964000.0
2025-12-22,23,PT1H,MC-Centro,1850380.93,1794000.0
2025-12-22,24,PT1H,MC-Centro,1665546.12,1640000.0
2025-01-01,1,PT1H,MC-Centro,1273223.78,1251000.0
2025-01-01,2,PT1H,MC-Centro,1220643.93,1186000.0
2025-01-01,3,PT1H,MC-Centro,1153921.5,1117000.0
2025-01-01,4,PT1H,MC-Centro,1097780.81,1072000.0
2025-01-01,5,PT1H,MC-Centro,1069820.06,1047000.0
2025-01-01,6,PT1H,MC-Centro,1029243.9,1031000.0
2025-01-01,7,PT1H,MC-Centro,987346.57,977000.0
2025-01-01,8,PT1H,MC-Centro,1006472.11,1006000.0
2025-01-01,9,PT1H,MC-Centro,1055945.1,1067000.0
2025-01-01,10,PT1H,MC-Centro,1130974.53,1150000.0
2025-01-01,11,PT1H,MC-Centro,1206816.35,1231000.0
2025-01-01,12,PT1H,MC-Centro,1270982.44,1293000.0
2025-01-01,13,PT1H,MC-Centro,1313553.73,1333000.0
2025-01-01,14,PT1H,MC-Centro,1329870.53,1346000.0
2025-01-01,15,PT1H,MC-Centro,1294531.99,1325000.0
2025-01-01,16,PT1H,MC-Centro,1281151.8,1295000.0
2025-01-01,17,PT1H,MC-Centro,1287353.15,1294000.0
2025-01-01,18,PT1H,MC-Centro,1343151.65,1327000.0
2025-01-01,19,PT1H,MC-Centro,1476110.72,1482000.0
2025-01-01,20,PT1H,MC-Centro,1496694.95,1510000.0
2025-01-01,21,PT1H,MC-Centro,1449383.59,1463000.0
2025-01-01,22,PT1H,MC-Centro,1378178.18,1390000.0
2025-01-01,23,PT1H,MC-Centro,1292440.12,1303000.0
2025-01-01,24,PT1H,MC-Centro,1207773.03,1226000.0
2024-08-25,1,PT1H,MC-Centro,1404211.05,1387000.0
2024-08-25,2,PT1H,MC-Centro,1329383.87,1318000.0
2024-08-25,3,PT1H,MC-Centro,1271804.84,1255000.0
2024-08-25,4,PT1H,MC-Centro,1239389.79,1223000.0
2024-08-25,5,PT1H,MC-Centro,1237260.56,1224000.0
2024-08-25,6,PT1H,MC-Centro,1231876.51,1210000.0
2024-08-25,7,PT1H,MC-Centro,1272437.37,1253000.0
2024-08-25,8,PT1H,MC-Centro,1399640.15,1390000.0
2024-08-25,9,PT1H,MC-Centro,1546196.38,1521000.0
2024-08-25,10,PT1H,MC-Centro,1657279.0,1628000.0
2024-08-25,11,PT1H,MC-Centro,1727819.95,1701000.0
2024-08-25,12,PT1H,MC-Centro,1775083.07,1740000.0
2024-08-25,13,PT1H,MC-Centro,1775569.01,1746000.0
2024-08-25,14,PT1H,MC-Centro,1733894.85,1705000.0
2024-08-25,15,PT1H,MC-Centro,1684591.16,1665000.0
2024-08-25,16,PT1H,MC-Centro,1650053.57,1628000.0
2024-08-25,17,PT1H,MC-Centro,1640534.56,1615000.0
2024-08-25,18,PT1H,MC-Centro,1680893.21,1647000.0
2024-08-25,19,PT1H,MC-Centro,1849200.13,1817000.0
2024-08-25,20,PT1H,MC-Centro,1883223.35,1877000.0
2024-08-25,21,PT1H,MC-Centro,1820983.22,1821000.0
2024-08-25,22,PT1H,MC-Centro,1687003.37,1687000.0
2024-08-25,23,PT1H,MC-Centro,1541177.89,1546000.0
2024-08-25,24,PT1H,MC-Centro,1406789.35,1444000.0
2026-02-13,1,PT1H,MC-Centro,1566695.83,1591000.0
2026-02-13,2,PT1H,MC-Centro,1532546.37,1523000.0
2026-02-13,3,PT1H,MC-Centro,1485210.3,1490000.0
2026-02-13,4,PT1H,MC-Centro,1495620.22,1496000.0
2026-02-13,5,PT1H,MC-Centro,1637378.87,1650000.0
2026-02-13,6,PT1H,MC-Centro,1875143.13,1879000.0
2026-02-13,7,PT1H,MC-Centro,1981873.69,1970000.0
2026-02-13,8,PT1H,MC-Centro,2115214.25,2076000.0
2026-02-13,9,PT1H,MC-Centro,2212810.71,2185000.0
2026-02-13,10,PT1H,MC-Centro,2232262.45,2221000.0
2026-02-13,11,PT1H,MC-Centro,2283197.62,2301000.0
2026-02-13,12,PT1H,MC-Centro,2324706.98,2341000.0
2026-02-13,13,PT1H,MC-Centro,2300420.82,2328000.0
2026-02-13,14,PT1H,MC-Centro,2276071.25,2268000.0
2026-02-13,15,PT1H,MC-Centro,2294517.28,2272000.0
2026-02-13,16,PT1H,MC-Centro,2285787.87,2278000.0
2026-02-13,17,PT1H,MC-Centro,2219211.79,2225000.0
2026-02-13,18,PT1H,MC-Centro,2206177.84,2172000.0
2026-02-13,19,PT1H,MC-Centro,2309763.31,2281000.0
2026-02-13,20,PT1H,MC-Centro,2307709.87,2304000.0
2026-02-13,21,PT1H,MC-Centro,2208805.68,2214000.0
2026-02-13,22,PT1H,MC-Centro,2022085.63,2041000.0
2026-02-13,23,PT1H,MC-Centro,1847201.7,1856000.0
2026-02-13,24,PT1H,MC-Centro,1712359.95,1684000.0
2024-12-05,1,PT1H,MC-Centro,1585584.94,1544000.0
2024-12-05,2,PT1H,MC-Centro,1512908.3,1477000.0
2024-12-05,3,PT1H,MC-Centro,1459492.94,1432000.0
2024-12-05,4,PT1H,MC-Centro,1459111.63,1432000.0
2024-12-05,5,PT1H,MC-Centro,1549139.43,1519000.0
2024-12-05,6,PT1H,MC-Centro,1680478.08,1654000.0
2024-12-05,7,PT1H,MC-Centro,1881190.03,1848000.0
2024-12-05,8,PT1H,MC-Centro,2046608.92,2015000.0
2024-12-05,9,PT1H,MC-Centro,2144430.7,2118000.0
2024-12-05,10,PT1H,MC-Centro,2189807.29,2163000.0
2024-12-05,11,PT1H,MC-Centro,2246842.98,2223000.0
2024-12-05,12,PT1H,MC-Centro,2301437.71,2278000.0
2024-12-05,13,PT1H,MC-Centro,2311869.97,2265000.0
2024-12-05,14,PT1H,MC-Centro,2270640.62,2231000.0
2024-12-05,15,PT1H,MC-Centro,2258490.88,2230000.0
2024-12-05,16,PT1H,MC-Centro,2270063.35,2224000.0
2024-12-05,17,PT1H,MC-Centro,2207080.94,2183000.0
2024-12-05,18,PT1H,MC-Centro,2216360.78,2202000.0
2024-12-05,19,PT1H,MC-Centro,2320878.1,2287000.0
2024-12-05,20,PT1H,MC-Centro,2307422.94,2267000.0
2024-12-05,21,PT1H,MC-Centro,2218355.21,2184000.0
2024-12-05,22,PT1H,MC-Centro,2051181.06,2002000.0
2024-12-05,23,PT1H,MC-Centro,1879073.76,1819000.0
2024-12-05,24,PT1H,MC-Centro,1712462.22,1694000.0
2024-09-23,1,PT1H,MC-Centro,1376283.31,1384000.0
2024-09-23,2,PT1H,MC-Centro,1320739.64,1325000.0
2024-09-23,3,PT1H,MC-Centro,1283455.73,1291000.0
2024-09-23,4,PT1H,MC-Centro,1302242.74,1314000.0
2024-09-23,5,PT1H,MC-Centro,1459170.41,1474000.0
2024-09-23,6,PT1H,MC-Centro,1709783.17,1709000.0
2024-09-23,7,PT1H,MC-Centro,1804502.16,1816000.0
2024-09-23,8,PT1H,MC-Centro,1925537.72,1941000.0
2024-09-23,9,PT1H,MC-Centro,2021599.78,2023000.0
2024-09-23,10,PT1H,MC-Centro,2087698.12,2110000.0
2024-09-23,11,PT1H,MC-Centro,2171467.13,2192000.0
2024-09-23,12,PT1H,MC-Centro,2219001.24,2237000.0
2024-09-23,13,PT1H,MC-Centro,2207366.24,2235000.0
2024-09-23,14,PT1H,MC-Centro,2163285.13,2190000.0
2024-09-23,15,PT1H,MC-Centro,2150804.57,2219000.0
2024-09-23,16,PT1H,MC-Centro,2141351.62,2198000.0
2024-09-23,17,PT1H,MC-Centro,2113993.85,2155000.0
2024-09-23,18,PT1H,MC-Centro,2092135.58,2163000.0
2024-09-23,19,PT1H,MC-Centro,2208682.88,2263000.0
2024-09-23,20,PT1H,MC-Centro,2227934.19,2266000.0
2024-09-23,21,PT1H,MC-Centro,2137691.39,2171000.0
2024-09-23,22,PT1H,MC-Centro,1946566.9,1982000.0
2024-09-23,23,PT1H,MC-Centro,1735189.49,1775000.0
2024-09-23,24,PT1H,MC-Centro,1594108.14,1646000.0
2025-06-25,1,PT1H,MC-Centro,1523113.76,1533410.0
2025-06-25,2,PT1H,MC-Centro,1469575.19,1470200.0
2025-06-25,3,PT1H,MC-Centro,1421286.95,1419140.0
2025-06-25,4,PT1H,MC-Centro,1415057.82,1418120.0
2025-06-25,5,PT1H,MC-Centro,1496143.39,1516070.0
2025-06-25,6,PT1H,MC-Centro,1624698.44,1686090.0
2025-06-25,7,PT1H,MC-Centro,1825891.39,1823860.0
2025-06-25,8,PT1H,MC-Centro,2000933.43,1985060.0
2025-06-25,9,PT1H,MC-Centro,2111550.93,2086160.0
2025-06-25,10,PT1H,MC-Centro,2163369.54,2161870.0
2025-06-25,11,PT1H,MC-Centro,2240921.66,2228870.0
2025-06-25,12,PT1H,MC-Centro,2297817.29,2272850.0
2025-06-25,13,PT1H,MC-Centro,2299195.77,2263600.0
2025-06-25,14,PT1H,MC-Centro,2245823.28,2217470.0
2025-06-25,15,PT1H,MC-Centro,2240095.21,2225470.0
2025-06-25,16,PT1H,MC-Centro,2211742.87,2213510.0
2025-06-25,17,PT1H,MC-Centro,2157803.73,2171700.0
2025-06-25,18,PT1H,MC-Centro,2104433.95,2140830.0
2025-06-25,19,PT1H,MC-Centro,2197888.26,2250770.0
2025-06-25,20,PT1H,MC-Centro,2246128.49,2296640.0
2025-06-25,21,PT1H,MC-Centro,2174047.76,2211380.0
2025-06-25,22,PT1H,MC-Centro,2002249.58,2035580.0
2025-06-25,23,PT1H,MC-Centro,1791217.06,1810720.0
2025-06-25,24,PT1H,MC-Centro,1632457.91,1664960.0
2024-10-25,1,PT1H,MC-Centro,1552849.19,1564000.0
2024-10-25,2,PT1H,MC-Centro,1484818.97,1493000.0
2024-10-25,3,PT1H,MC-Centro,1437294.83,1447000.0
2024-10-25,4,PT1H,MC-Centro,1445438.44,1451000.0
2024-10-25,5,PT1H,MC-Centro,1579200.22,1588000.0
2024-10-25,6,PT1H,MC-Centro,1793088.3,1798000.0
2024-10-25,7,PT1H,MC-Centro,1885187.65,1899000.0
2024-10-25,8,PT1H,MC-Centro,2008027.96,2023000.0
2024-10-25,9,PT1H,MC-Centro,2103978.29,2107000.0
2024-10-25,10,PT1H,MC-Centro,2158373.54,2156000.0
2024-10-25,11,PT1H,MC-Centro,2229987.72,2226000.0
2024-10-25,12,PT1H,MC-Centro,2273011.21,2264000.0
2024-10-25,13,PT1H,MC-Centro,2249235.07,2249000.0
2024-10-25,14,PT1H,MC-Centro,2208764.96,2215000.0
2024-10-25,15,PT1H,MC-Centro,2218113.25,2216000.0
2024-10-25,16,PT1H,MC-Centro,2216929.84,2221000.0
2024-10-25,17,PT1H,MC-Centro,2175292.83,2178000.0
2024-10-25,18,PT1H,MC-Centro,2173010.94,2171000.0
2024-10-25,19,PT1H,MC-Centro,2256088.38,2268000.0
2024-10-25,20,PT1H,MC-Centro,2231224.31,2247000.0
2024-10-25,21,PT1H,MC-Centro,2145416.31,2162000.0
2024-10-25,22,PT1H,MC-Centro,1972454.71,2014000.0
2024-10-25,23,PT1H,MC-Centro,1802433.74,1835000.0
2024-10-25,24,PT1H,MC-Centro,1682792.27,1704000.0
2025-11-12,1,PT1H,MC-Centro,1571892.0,1566000.0
2025-11-12,2,PT1H,MC-Centro,1513112.13,1505000.0
2025-11-12,3,PT1H,MC-Centro,1472006.98,1457000.0
2025-11-12,4,PT1H,MC-Centro,1478112.79,1466000.0
2025-11-12,5,PT1H,MC-Centro,1630693.18,1617000.0
2025-11-12,6,PT1H,MC-Centro,1881269.01,1868000.0
2025-11-12,7,PT1H,MC-Centro,1980458.04,1961000.0
2025-11-12,8,PT1H,MC-Centro,2089761.01,2073000.0
2025-11-12,9,PT1H,MC-Centro,2178983.09,2156000.0
2025-11-12,10,PT1H,MC-Centro,2224180.36,2209000.0
2025-11-12,11,PT1H,MC-Centro,2288032.94,2273000.0
2025-11-12,12,PT1H,MC-Centro,2326561.28,2319000.0
2025-11-12,13,PT1H,MC-Centro,2319068.09,2299000.0
2025-11-12,14,PT1H,MC-Centro,2278269.02,2258000.0
2025-11-12,15,PT1H,MC-Centro,2273189.52,2278000.0
2025-11-12,16,PT1H,MC-Centro,2304598.83,2265000.0
2025-11-12,17,PT1H,MC-Centro,2307869.57,2224000.0
2025-11-12,18,PT1H,MC-Centro,2331442.0,2251000.0
2025-11-12,19,PT1H,MC-Centro,2373879.71,2342000.0
2025-11-12,20,PT1H,MC-Centro,2342266.2,2326000.0
2025-11-12,21,PT1H,MC-Centro,2232498.64,2223000.0
2025-11-12,22,PT1H,MC-Centro,2056191.5,2031000.0
2025-11-12,23,PT1H,MC-Centro,1842671.1,1818000.0
2025-11-12,24,PT1H,MC-Centro,1690204.79,1661000.0
2025-07-20,1,PT1H,MC-Centro,1386359.15,1401000.0
2025-07-20,2,PT1H,MC-Centro,1318384.61,1329000.0
2025-07-20,3,PT1H,MC-Centro,1264980.17,1273000.0
2025-07-20,4,PT1H,MC-Centro,1228745.25,1234000.0
2025-07-20,5,PT1H,MC-Centro,1223345.8,1233000.0
2025-07-20,6,PT1H,MC-Centro,1225542.53,1222000.0
2025-07-20,7,PT1H,MC-Centro,1263583.31,1258000.0
2025-07-20,8,PT1H,MC-Centro,1390531.43,1376000.0
2025-07-20,9,PT1H,MC-Centro,1545329.21,1509000.0
2025-07-20,10,PT1H,MC-Centro,1654464.88,1615000.0
2025-07-20,11,PT1H,MC-Centro,1729969.25,1704000.0
2025-07-20,12,PT1H,MC-Centro,1766878.17,1750000.0
2025-07-20,13,PT1H,MC-Centro,1774607.83,1781000.0
2025-07-20,14,PT1H,MC-Centro,1758593.38,1755000.0
2025-07-20,15,PT1H,MC-Centro,1693264.12,1698000.0
2025-07-20,16,PT1H,MC-Centro,1652346.67,1669000.0
2025-07-20,17,PT1H,MC-Centro,1639976.05,1650000.0
2025-07-20,18,PT1H,MC-Centro,1654654.59,1671000.0
2025-07-20,19,PT1H,MC-Centro,1824225.29,1825000.0
2025-07-20,20,PT1H,MC-Centro,1900749.24,1891000.0
2025-07-20,21,PT1H,MC-Centro,1849714.03,1838000.0
2025-07-20,22,PT1H,MC-Centro,1719893.34,1705000.0
2025-07-20,23,PT1H,MC-Centro,1574057.76,1550000.0
2025-07-20,24,PT1H,MC-Centro,1436941.9,1435000.0
2024-11-16,1,PT1H,MC-Centro,1586114.0,1583000.0
2024-11-16,2,PT1H,MC-Centro,1511462.83,1511000.0
2024-11-16,3,PT1H,MC-Centro,1458706.52,1461000.0
2024-11-16,4,PT1H,MC-Centro,1450279.71,1448000.0
2024-11-16,5,PT1H,MC-Centro,1486726.64,1488000.0
2024-11-16,6,PT1H,MC-Centro,1548494.84,1544000.0
2024-11-16,7,PT1H,MC-Centro,1715573.27,1715000.0
2024-11-16,8,PT1H,MC-Centro,1916091.21,1898000.0
2024-11-16,9,PT1H,MC-Centro,2020045.76,2013000.0
2024-11-16,10,PT1H,MC-Centro,2082140.53,2081000.0
2024-11-16,11,PT1H,MC-Centro,2134851.32,2143000.0
2024-11-16,12,PT1H,MC-Centro,2132391.42,2158000.0
2024-11-16,13,PT1H,MC-Centro,2109567.78,2125000.0
2024-11-16,14,PT1H,MC-Centro,2048930.56,2060000.0
2024-11-16,15,PT1H,MC-Centro,1982812.75,2013000.0
2024-11-16,16,PT1H,MC-Centro,1958882.57,1982000.0
2024-11-16,17,PT1H,MC-Centro,1940088.88,1948000.0
2024-11-16,18,PT1H,MC-Centro,2010284.73,1994000.0
2024-11-16,19,PT1H,MC-Centro,2059068.12,2065000.0
2024-11-16,20,PT1H,MC-Centro,2028966.27,2035000.0
2024-11-16,21,PT1H,MC-Centro,1942836.0,1951000.0
2024-11-16,22,PT1H,MC-Centro,1798438.82,1807000.0
2024-11-16,23,PT1H,MC-Centro,1643974.66,1657000.0
2024-11-16,24,PT1H,MC-Centro,1526261.8,1533000.0
2026-01-02,1,PT1H,MC-Centro,1181742.0,1155000.0
2026-01-02,2,PT1H,MC-Centro,1123661.34,1105000.0
2026-01-02,3,PT1H,MC-Centro,1092574.14,1069000.0
2026-01-02,4,PT1H,MC-Centro,1088051.8,1076000.0
2026-01-02,5,PT1H,MC-Centro,1137085.99,1122000.0
2026-01-02,6,PT1H,MC-Centro,1184938.1,1188000.0
2026-01-02,7,PT1H,MC-Centro,1257948.99,1282000.0
2026-01-02,8,PT1H,MC-Centro,1370298.49,1414000.0
2026-01-02,9,PT1H,MC-Centro,1475228.37,1516000.0
2026-01-02,10,PT1H,MC-Centro,1572110.37,1610000.0
2026-01-02,11,PT1H,MC-Centro,1639625.58,1686000.0
2026-01-02,12,PT1H,MC-Centro,1709400.01,1742000.0
2026-01-02,13,PT1H,MC-Centro,1740130.29,1778000.0
2026-01-02,14,PT1H,MC-Centro,1748623.92,1774000.0
2026-01-02,15,PT1H,MC-Centro,1730104.37,1745000.0
2026-01-02,16,PT1H,MC-Centro,1705907.45,1724000.0
2026-01-02,17,PT1H,MC-Centro,1689341.07,1690000.0
2026-01-02,18,PT1H,MC-Centro,1702205.81,1703000.0
2026-01-02,19,PT1H,MC-Centro,1827913.55,1825000.0
2026-01-02,20,PT1H,MC-Centro,1831494.04,1830000.0
2026-01-02,21,PT1H,MC-Centro,1760039.62,1770000.0
2026-01-02,22,PT1H,MC-Centro,1651206.77,1655000.0
2026-01-02,23,PT1H,MC-Centro,1524109.75,1522000.0
2026-01-02,24,PT1H,MC-Centro,1365448.98,1420000.0
2024-09-12,1,PT1H,MC-Centro,1538615.19,1508250.0
2024-09-12,2,PT1H,MC-Centro,1487408.55,1447080.0
2024-09-12,3,PT1H,MC-Centro,1433103.39,1395730.0
2024-09-12,4,PT1H,MC-Centro,1444362.8,1400340.0
2024-09-12,5,PT1H,MC-Centro,1592095.16,1540130.0
2024-09-12,6,PT1H,MC-Centro,1821537.0,1779320.0
2024-09-12,7,PT1H,MC-Centro,1900927.09,1866090.0
2024-09-12,8,PT1H,MC-Centro,2013467.86,1982240.0
2024-09-12,9,PT1H,MC-Centro,2100202.63,2059540.0
2024-09-12,10,PT1H,MC-Centro,2162455.51,2093070.0
2024-09-12,11,PT1H,MC-Centro,2204048.79,2154820.0
2024-09-12,12,PT1H,MC-Centro,2240804.59,2205120.0
2024-09-12,13,PT1H,MC-Centro,2240568.85,2192570.0
2024-09-12,14,PT1H,MC-Centro,2193686.12,2157920.0
2024-09-12,15,PT1H,MC-Centro,2188753.08,2167230.0
2024-09-12,16,PT1H,MC-Centro,2187348.16,2170210.0
2024-09-12,17,PT1H,MC-Centro,2158777.3,2126420.0
2024-09-12,18,PT1H,MC-Centro,2157565.93,2097280.0
2024-09-12,19,PT1H,MC-Centro,2272938.14,2221500.0
2024-09-12,20,PT1H,MC-Centro,2273449.58,2237010.0
2024-09-12,21,PT1H,MC-Centro,2179816.07,2148590.0
2024-09-12,22,PT1H,MC-Centro,1995854.72,1970300.0
2024-09-12,23,PT1H,MC-Centro,1781654.74,1765310.0
2024-09-12,24,PT1H,MC-Centro,1651193.79,1618550.0
2026-01-20,1,PT1H,MC-Centro,1526047.0,1433000.0
2026-01-20,2,PT1H,MC-Centro,1470385.68,1364000.0
2026-01-20,3,PT1H,MC-Centro,1422039.3,1332000.0
2026-01-20,4,PT1H,MC-Centro,1419623.49,1348000.0
2026-01-20,5,PT1H,MC-Centro,1511292.11,1450000.0
2026-01-20,6,PT1H,MC-Centro,1659638.19,1599000.0
2026-01-20,7,PT1H,MC-Centro,1830725.02,1785000.0
2026-01-20,8,PT1H,MC-Centro,2008698.99,1956000.0
2026-01-20,9,PT1H,MC-Centro,2124326.64,2084000.0
2026-01-20,10,PT1H,MC-Centro,2196619.41,2152000.0
2026-01-20,11,PT1H,MC-Centro,2267651.87,2236000.0
2026-01-20,12,PT1H,MC-Centro,2339870.66,2305000.0
2026-01-20,13,PT1H,MC-Centro,2340647.43,2343000.0
2026-01-20,14,PT1H,MC-Centro,2305155.2,2300000.0
2026-01-20,15,PT1H,MC-Centro,2305887.56,2265000.0
2026-01-20,16,PT1H,MC-Centro,2273219.74,2268000.0
2026-01-20,17,PT1H,MC-Centro,2212720.13,2227000.0
2026-01-20,18,PT1H,MC-Centro,2178779.04,2178000.0
2026-01-20,19,PT1H,MC-Centro,2289894.21,2283000.0
2026-01-20,20,PT1H,MC-Centro,2295824.78,2297000.0
2026-01-20,21,PT1H,MC-Centro,2204781.86,2204000.0
2026-01-20,22,PT1H,MC-Centro,2017370.49,2035000.0
2026-01-20,23,PT1H,MC-Centro,1834778.61,1837000.0
2026-01-20,24,PT1H,MC-Centro,1688328.96,1660000.0
2025-06-14,1,PT1H,MC-Centro,1549740.54,1573000.0
2025-06-14,2,PT1H,MC-Centro,1477780.99,1499000.0
2025-06-14,3,PT1H,MC-Centro,1430117.74,1453000.0
2025-06-14,4,PT1H,MC-Centro,1413829.26,1435000.0
2025-06-14,5,PT1H,MC-Centro,1449420.64,1472000.0
2025-06-14,6,PT1H,MC-Centro,1515950.77,1527000.0
2025-06-14,7,PT1H,MC-Centro,1674821.69,1686000.0
2025-06-14,8,PT1H,MC-Centro,1862199.66,1865000.0
2025-06-14,9,PT1H,MC-Centro,2006520.16,2008000.0
2025-06-14,10,PT1H,MC-Centro,2097125.12,2083000.0
2025-06-14,11,PT1H,MC-Centro,2139124.61,2147000.0
2025-06-14,12,PT1H,MC-Centro,2165188.13,2167000.0
2025-06-14,13,PT1H,MC-Centro,2145390.71,2141000.0
2025-06-14,14,PT1H,MC-Centro,2084862.58,2082000.0
2025-06-14,15,PT1H,MC-Centro,2018540.88,2017000.0
2025-06-14,16,PT1H,MC-Centro,1974653.45,1981000.0
2025-06-14,17,PT1H,MC-Centro,1958053.14,1949000.0
2025-06-14,18,PT1H,MC-Centro,1946098.03,1932000.0
2025-06-14,19,PT1H,MC-Centro,2024880.71,2043000.0
2025-06-14,20,PT1H,MC-Centro,2019110.72,2047000.0
2025-06-14,21,PT1H,MC-Centro,1944477.04,1973000.0
2025-06-14,22,PT1H,MC-Centro,1811989.0,1840000.0
2025-06-14,23,PT1H,MC-Centro,1653443.43,1679000.0
2025-06-14,24,PT1H,MC-Centro,1521320.03,1535000.0
2024-10-21,1,PT1H,MC-Centro,1389837.7,1379000.0
2024-10-21,2,PT1H,MC-Centro,1327674.54,1322000.0
2024-10-21,3,PT1H,MC-Centro,1290795.23,1287000.0
2024-10-21,4,PT1H,MC-Centro,1307766.54,1310000.0
2024-10-21,5,PT1H,MC-Centro,1461285.42,1468000.0
2024-10-21,6,PT1H,MC-Centro,1691948.84,1707000.0
2024-10-21,7,PT1H,MC-Centro,1793585.27,1801000.0
2024-10-21,8,PT1H,MC-Centro,1949231.03,1925000.0
2024-10-21,9,PT1H,MC-Centro,2049360.07,2013000.0
2024-10-21,10,PT1H,MC-Centro,2091285.44,2093000.0
2024-10-21,11,PT1H,MC-Centro,2180632.75,2174000.0
2024-10-21,12,PT1H,MC-Centro,2221685.97,2218000.0
2024-10-21,13,PT1H,MC-Centro,2227100.92,2214000.0
2024-10-21,14,PT1H,MC-Centro,2198160.69,2171000.0
2024-10-21,15,PT1H,MC-Centro,2199646.01,2189000.0
2024-10-21,16,PT1H,MC-Centro,2208401.68,2171000.0
2024-10-21,17,PT1H,MC-Centro,2189450.76,2142000.0
2024-10-21,18,PT1H,MC-Centro,2219098.56,2156000.0
2024-10-21,19,PT1H,MC-Centro,2246094.0,2249000.0
2024-10-21,20,PT1H,MC-Centro,2222630.03,2241000.0
2024-10-21,21,PT1H,MC-Centro,2126365.09,2149000.0
2024-10-21,22,PT1H,MC-Centro,1951280.65,1960000.0
2024-10-21,23,PT1H,MC-Centro,1760355.98,1754000.0
2024-10-21,24,PT1H,MC-Centro,1623236.55,1621000.0
2024-10-17,1,PT1H,MC-Centro,1533789.28,1530000.0
2024-10-17,2,PT1H,MC-Centro,1469418.78,1473000.0
2024-10-17,3,PT1H,MC-Centro,1427032.42,1427000.0
2024-10-17,4,PT1H,MC-Centro,1442667.63,1435000.0
2024-10-17,5,PT1H,MC-Centro,1585062.69,1577000.0
2024-10-17,6,PT1H,MC-Centro,1815846.64,1808000.0
2024-10-17,7,PT1H,MC-Centro,1897664.51,1891000.0
2024-10-17,8,PT1H,MC-Centro,2009514.28,1999000.0
2024-10-17,9,PT1H,MC-Centro,2079752.58,2082000.0
2024-10-17,10,PT1H,MC-Centro,2115289.58,2134000.0
2024-10-17,11,PT1H,MC-Centro,2179187.94,2188000.0
2024-10-17,12,PT1H,MC-Centro,2215810.3,2234000.0
2024-10-17,13,PT1H,MC-Centro,2204022.86,2230000.0
2024-10-17,14,PT1H,MC-Centro,2170267.35,2187000.0
2024-10-17,15,PT1H,MC-Centro,2183062.82,2185000.0
2024-10-17,16,PT1H,MC-Centro,2185560.54,2186000.0
2024-10-17,17,PT1H,MC-Centro,2165015.74,2158000.0
2024-10-17,18,PT1H,MC-Centro,2186170.01,2150000.0
2024-10-17,19,PT1H,MC-Centro,2275037.47,2257000.0
2024-10-17,20,PT1H,MC-Centro,2252908.28,2249000.0
2024-10-17,21,PT1H,MC-Centro,2162387.93,2155000.0
2024-10-17,22,PT1H,MC-Centro,1983905.58,1972000.0
2024-10-17,23,PT1H,MC-Centro,1798115.49,1772000.0
2024-10-17,24,PT1H,MC-Centro,1641268.09,1628000.0
2025-09-12,1,PT1H,MC-Centro,1572056.68,1552000.0
2025-09-12,2,PT1H,MC-Centro,1502239.69,1487000.0
2025-09-12,3,PT1H,MC-Centro,1462627.84,1441000.0
2025-09-12,4,PT1H,MC-Centro,1460653.91,1445000.0
2025-09-12,5,PT1H,MC-Centro,1601869.53,1579000.0
2025-09-12,6,PT1H,MC-Centro,1832202.03,1819000.0
2025-09-12,7,PT1H,MC-Centro,1939134.16,1909000.0
2025-09-12,8,PT1H,MC-Centro,2066900.0,2033000.0
2025-09-12,9,PT1H,MC-Centro,2182906.55,2148000.0
2025-09-12,10,PT1H,MC-Centro,2228225.77,2199000.0
2025-09-12,11,PT1H,MC-Centro,2283756.66,2270000.0
2025-09-12,12,PT1H,MC-Centro,2324808.38,2308000.0
2025-09-12,13,PT1H,MC-Centro,2303277.53,2288000.0
2025-09-12,14,PT1H,MC-Centro,2233712.58,2241000.0
2025-09-12,15,PT1H,MC-Centro,2245879.51,2235000.0
2025-09-12,16,PT1H,MC-Centro,2225935.31,2218000.0
2025-09-12,17,PT1H,MC-Centro,2186103.25,2182000.0
2025-09-12,18,PT1H,MC-Centro,2177186.99,2156000.0
2025-09-12,19,PT1H,MC-Centro,2274918.25,2262000.0
2025-09-12,20,PT1H,MC-Centro,2270115.37,2267000.0
2025-09-12,21,PT1H,MC-Centro,2177140.9,2172000.0
2025-09-12,22,PT1H,MC-Centro,1995951.41,1997000.0
2025-09-12,23,PT1H,MC-Centro,1823717.23,1814000.0
2025-09-12,24,PT1H,MC-Centro,1687578.18,1670000.0
2026-02-23,1,PT1H,MC-Centro,1385419.58,1407000.0
2026-02-23,2,PT1H,MC-Centro,1328623.89,1352000.0
2026-02-23,3,PT1H,MC-Centro,1301605.62,1302000.0
2026-02-23,4,PT1H,MC-Centro,1333151.72,1333000.0
2026-02-23,5,PT1H,MC-Centro,1518178.49,1533000.0
2026-02-23,6,PT1H,MC-Centro,1794674.12,1803000.0
2026-02-23,7,PT1H,MC-Centro,1889823.16,1897000.0
2026-02-23,8,PT1H,MC-Centro,2039117.11,2027000.0
2026-02-23,9,PT1H,MC-Centro,2134718.25,2142000.0
2026-02-23,10,PT1H,MC-Centro,2182590.6,2215000.0
2026-02-23,11,PT1H,MC-Centro,2253363.06,2273000.0
2026-02-23,12,PT1H,MC-Centro,2315614.05,2323000.0
2026-02-23,13,PT1H,MC-Centro,2327900.75,2317000.0
2026-02-23,14,PT1H,MC-Centro,2301868.19,2285000.0
2026-02-23,15,PT1H,MC-Centro,2274287.52,2291000.0
2026-02-23,16,PT1H,MC-Centro,2244434.56,2291000.0
2026-02-23,17,PT1H,MC-Centro,2219743.66,2241000.0
2026-02-23,18,PT1H,MC-Centro,2185168.1,2211000.0
2026-02-23,19,PT1H,MC-Centro,2308921.03,2311000.0
2026-02-23,20,PT1H,MC-Centro,2341025.91,2339000.0
2026-02-23,21,PT1H,MC-Centro,2233694.65,2234000.0
2026-02-23,22,PT1H,MC-Centro,2032543.49,2037000.0
2026-02-23,23,PT1H,MC-Centro,1812161.66,1831000.0
2026-02-23,24,PT1H,MC-Centro,1638765.19,1675000.0
2024-12-30,1,PT1H,MC-Centro,1296568.26,1278000.0
2024-12-30,2,PT1H,MC-Centro,1239766.03,1218000.0
2024-12-30,3,PT1H,MC-Centro,1201412.94,1178000.0
2024-12-30,4,PT1H,MC-Centro,1206071.2,1190000.0
2024-12-30,5,PT1H,MC-Centro,1264518.99,1251000.0
2024-12-30,6,PT1H,MC-Centro,1343659.87,1361000.0
2024-12-30,7,PT1H,MC-Centro,1456511.32,1490000.0
2024-12-30,8,PT1H,MC-Centro,1599964.85,1655000.0
2024-12-30,9,PT1H,MC-Centro,1723757.7,1791000.0
2024-12-30,10,PT1H,MC-Centro,1781441.18,1863000.0
2024-12-30,11,PT1H,MC-Centro,1848415.19,1925000.0
2024-12-30,12,PT1H,MC-Centro,1903324.68,1980000.0
2024-12-30,13,PT1H,MC-Centro,1916280.25,1970000.0
2024-12-30,14,PT1H,MC-Centro,1889523.73,1943000.0
2024-12-30,15,PT1H,MC-Centro,1860634.27,1915000.0
2024-12-30,16,PT1H,MC-Centro,1831887.17,1886000.0
2024-12-30,17,PT1H,MC-Centro,1795424.35,1848000.0
2024-12-30,18,PT1H,MC-Centro,1804078.15,1844000.0
2024-12-30,19,PT1H,MC-Centro,1889080.35,1966000.0
2024-12-30,20,PT1H,MC-Centro,1870764.15,1951000.0
2024-12-30,21,PT1H,MC-Centro,1772318.26,1885000.0
2024-12-30,22,PT1H,MC-Centro,1670487.83,1759000.0
2024-12-30,23,PT1H,MC-Centro,1523976.57,1599000.0
2024-12-30,24,PT1H,MC-Centro,1410239.98,1448000.0
2026-01-24,1,PT1H,MC-Centro,1590153.33,1614000.0
2026-01-24,2,PT1H,MC-Centro,1534641.5,1524000.0
2026-01-24,3,PT1H,MC-Centro,1496418.43,1469000.0
2026-01-24,4,PT1H,MC-Centro,1446006.68,1447000.0
2026-01-24,5,PT1H,MC-Centro,1477712.15,1489000.0
2026-01-24,6,PT1H,MC-Centro,1549824.17,1559000.0
2026-01-24,7,PT1H,MC-Centro,1688355.68,1684000.0
2026-01-24,8,PT1H,MC-Centro,1873387.66,1850000.0
2026-01-24,9,PT1H,MC-Centro,2013999.72,2002000.0
2026-01-24,10,PT1H,MC-Centro,2093608.88,2087000.0
2026-01-24,11,PT1H,MC-Centro,2171675.86,2153000.0
2026-01-24,12,PT1H,MC-Centro,2196711.26,2192000.0
2026-01-24,13,PT1H,MC-Centro,2162325.24,2163000.0
2026-01-24,14,PT1H,MC-Centro,2075626.62,2114000.0
2026-01-24,15,PT1H,MC-Centro,2009003.72,2046000.0
2026-01-24,16,PT1H,MC-Centro,1965349.13,2010000.0
2026-01-24,17,PT1H,MC-Centro,1965804.6,1966000.0
2026-01-24,18,PT1H,MC-Centro,1966820.57,1968000.0
2026-01-24,19,PT1H,MC-Centro,2049703.43,2080000.0
2026-01-24,20,PT1H,MC-Centro,2042387.68,2093000.0
2026-01-24,21,PT1H,MC-Centro,1949399.06,2015000.0
2026-01-24,22,PT1H,MC-Centro,1810657.27,1877000.0
2026-01-24,23,PT1H,MC-Centro,1636787.44,1724000.0
2026-01-24,24,PT1H,MC-Centro,1523115.6,1587000.0
2025-04-18,1,PT1H,MC-Centro,1278962.2,1219000.0
2025-04-18,2,PT1H,MC-Centro,1205620.07,1148000.0
2025-04-18,3,PT1H,MC-Centro,1156466.91,1102000.0
2025-04-18,4,PT1H,MC-Centro,1134264.6,1083000.0
2025-04-18,5,PT1H,MC-Centro,1140593.24,1091000.0
2025-04-18,6,PT1H,MC-Centro,1144117.91,1095000.0
2025-04-18,7,PT1H,MC-Centro,1148951.61,1103000.0
2025-04-18,8,PT1H,MC-Centro,1247052.56,1207000.0
2025-04-18,9,PT1H,MC-Centro,1362145.47,1325000.0
2025-04-18,10,PT1H,MC-Centro,1456412.11,1420000.0
2025-04-18,11,PT1H,MC-Centro,1529356.13,1501000.0
2025-04-18,12,PT1H,MC-Centro,1592849.83,1560000.0
2025-04-18,13,PT1H,MC-Centro,1640525.42,1593000.0
2025-04-18,14,PT1H,MC-Centro,1605664.98,1561000.0
2025-04-18,15,PT1H,MC-Centro,1539446.22,1499000.0
2025-04-18,16,PT1H,MC-Centro,1497638.77,1445000.0
2025-04-18,17,PT1H,MC-Centro,1483394.11,1422000.0
2025-04-18,18,PT1H,MC-Centro,1497725.47,1438000.0
2025-04-18,19,PT1H,MC-Centro,1646809.14,1579000.0
2025-04-18,20,PT1H,MC-Centro,1684123.06,1615000.0
2025-04-18,21,PT1H,MC-Centro,1644742.07,1577000.0
2025-04-18,22,PT1H,MC-Centro,1567662.99,1494000.0
2025-04-18,23,PT1H,MC-Centro,1458312.13,1385000.0
2025-04-18,24,PT1H,MC-Centro,1351344.26,1288000.0
2025-07-03,1,PT1H,MC-Centro,1544545.76,1529000.0
2025-07-03,2,PT1H,MC-Centro,1469351.71,1470000.0
2025-07-03,3,PT1H,MC-Centro,1420611.33,1413000.0
2025-07-03,4,PT1H,MC-Centro,1420190.51,1409000.0
2025-07-03,5,PT1H,MC-Centro,1501046.0,1490000.0
2025-07-03,6,PT1H,MC-Centro,1632630.36,1619000.0
2025-07-03,7,PT1H,MC-Centro,1806989.88,1808000.0
2025-07-03,8,PT1H,MC-Centro,1994508.94,1992000.0
2025-07-03,9,PT1H,MC-Centro,2122784.19,2130000.0
2025-07-03,10,PT1H,MC-Centro,2178239.55,2194000.0
2025-07-03,11,PT1H,MC-Centro,2236957.17,2258000.0
2025-07-03,12,PT1H,MC-Centro,2286545.84,2318000.0
2025-07-03,13,PT1H,MC-Centro,2298552.16,2314000.0
2025-07-03,14,PT1H,MC-Centro,2241407.62,2269000.0
2025-07-03,15,PT1H,MC-Centro,2235548.88,2259000.0
2025-07-03,16,PT1H,MC-Centro,2204888.15,2241000.0
2025-07-03,17,PT1H,MC-Centro,2152863.8,2198000.0
2025-07-03,18,PT1H,MC-Centro,2095113.97,2179000.0
2025-07-03,19,PT1H,MC-Centro,2205949.07,2243000.0
2025-07-03,20,PT1H,MC-Centro,2241440.16,2268000.0
2025-07-03,21,PT1H,MC-Centro,2172699.0,2184000.0
2025-07-03,22,PT1H,MC-Centro,1999950.44,2010000.0
2025-07-03,23,PT1H,MC-Centro,1788083.44,1804000.0
2025-07-03,24,PT1H,MC-Centro,1643965.54,1666000.0
2025-01-22,1,PT1H,MC-Centro,1539335.35,1531390.0
2025-01-22,2,PT1H,MC-Centro,1460938.51,1466880.0
2025-01-22,3,PT1H,MC-Centro,1418546.61,1418360.0
2025-01-22,4,PT1H,MC-Centro,1425847.54,1416120.0
2025-01-22,5,PT1H,MC-Centro,1515200.22,1513280.0
2025-01-22,6,PT1H,MC-Centro,1662147.42,1657170.0
2025-01-22,7,PT1H,MC-Centro,1826283.1,1821540.0
2025-01-22,8,PT1H,MC-Centro,1984842.21,1988820.0
2025-01-22,9,PT1H,MC-Centro,2082006.16,2082740.0
2025-01-22,10,PT1H,MC-Centro,2131852.41,2138820.0
2025-01-22,11,PT1H,MC-Centro,2197387.86,2209570.0
2025-01-22,12,PT1H,MC-Centro,2256517.74,2255610.0
2025-01-22,13,PT1H,MC-Centro,2256889.13,2249440.0
2025-01-22,14,PT1H,MC-Centro,2210138.58,2209070.0
2025-01-22,15,PT1H,MC-Centro,2211658.32,2198130.0
2025-01-22,16,PT1H,MC-Centro,2206297.37,2193650.0
2025-01-22,17,PT1H,MC-Centro,2150797.97,2148740.0
2025-01-22,18,PT1H,MC-Centro,2122546.55,2133450.0
2025-01-22,19,PT1H,MC-Centro,2236724.24,2239840.0
2025-01-22,20,PT1H,MC-Centro,2269669.02,2232800.0
2025-01-22,21,PT1H,MC-Centro,2167423.84,2148990.0
2025-01-22,22,PT1H,MC-Centro,1982289.02,1977230.0
2025-01-22,23,PT1H,MC-Centro,1793532.03,1789700.0
2025-01-22,24,PT1H,MC-Centro,1666807.1,1649180.0
2025-11-13,1,PT1H,MC-Centro,1585120.18,1565000.0
2025-11-13,2,PT1H,MC-Centro,1534864.66,1495000.0
2025-11-13,3,PT1H,MC-Centro,1491501.12,1447000.0
2025-11-13,4,PT1H,MC-Centro,1504412.7,1463000.0
2025-11-13,5,PT1H,MC-Centro,1644853.61,1611000.0
2025-11-13,6,PT1H,MC-Centro,1886209.29,1861000.0
2025-11-13,7,PT1H,MC-Centro,1995751.46,1962000.0
2025-11-13,8,PT1H,MC-Centro,2104586.41,2069000.0
2025-11-13,9,PT1H,MC-Centro,2205792.21,2166000.0
2025-11-13,10,PT1H,MC-Centro,2264153.95,2221000.0
2025-11-13,11,PT1H,MC-Centro,2337031.39,2287000.0
2025-11-13,12,PT1H,MC-Centro,2363802.01,2324000.0
2025-11-13,13,PT1H,MC-Centro,2346736.84,2307000.0
2025-11-13,14,PT1H,MC-Centro,2292543.66,2269000.0
2025-11-13,15,PT1H,MC-Centro,2306977.57,2277000.0
2025-11-13,16,PT1H,MC-Centro,2316297.35,2272000.0
2025-11-13,17,PT1H,MC-Centro,2288035.76,2230000.0
2025-11-13,18,PT1H,MC-Centro,2294608.28,2249000.0
2025-11-13,19,PT1H,MC-Centro,2366111.31,2351000.0
2025-11-13,20,PT1H,MC-Centro,2333234.27,2332000.0
2025-11-13,21,PT1H,MC-Centro,2259015.27,2231000.0
2025-11-13,22,PT1H,MC-Centro,2072842.03,2044000.0
2025-11-13,23,PT1H,MC-Centro,1858783.34,1834000.0
2025-11-13,24,PT1H,MC-Centro,1706576.96,1690000.0
2025-09-19,1,PT1H,MC-Centro,1552197.54,1552420.0
2025-09-19,2,PT1H,MC-Centro,1493252.41,1487430.0
2025-09-19,3,PT1H,MC-Centro,1449982.19,1441690.0
2025-09-19,4,PT1H,MC-Centro,1449561.14,1445660.0
2025-09-19,5,PT1H,MC-Centro,1584203.74,1579430.0
2025-09-19,6,PT1H,MC-Centro,1832730.41,1820290.0
2025-09-19,7,PT1H,MC-Centro,1932293.43,1909890.0
2025-09-19,8,PT1H,MC-Centro,2049554.71,2034060.0
2025-09-19,9,PT1H,MC-Centro,2140110.67,2149550.0
2025-09-19,10,PT1H,MC-Centro,2177773.7,2200010.0
2025-09-19,11,PT1H,MC-Centro,2258139.12,2271220.0
2025-09-19,12,PT1H,MC-Centro,2316399.17,2309560.0
2025-09-19,13,PT1H,MC-Centro,2285450.88,2289200.0
2025-09-19,14,PT1H,MC-Centro,2221123.99,2242190.0
2025-09-19,15,PT1H,MC-Centro,2223131.35,2236180.0
2025-09-19,16,PT1H,MC-Centro,2205703.02,2219140.0
2025-09-19,17,PT1H,MC-Centro,2158408.39,2182660.0
2025-09-19,18,PT1H,MC-Centro,2137556.62,2157210.0
2025-09-19,19,PT1H,MC-Centro,2262994.42,2262690.0
2025-09-19,20,PT1H,MC-Centro,2241141.66,2268380.0
2025-09-19,21,PT1H,MC-Centro,2135511.42,2173150.0
2025-09-19,22,PT1H,MC-Centro,1985075.78,1998440.0
2025-09-19,23,PT1H,MC-Centro,1806436.39,1814560.0
2025-09-19,24,PT1H,MC-Centro,1678330.12,1671120.0
2025-10-26,1,PT1H,MC-Centro,1438808.44,1429000.0
2025-10-26,2,PT1H,MC-Centro,1377282.02,1356000.0
2025-10-26,3,PT1H,MC-Centro,1320233.97,1301000.0
2025-10-26,4,PT1H,MC-Centro,1287459.61,1261000.0
2025-10-26,5,PT1H,MC-Centro,1287146.28,1259000.0
2025-10-26,6,PT1H,MC-Centro,1283037.47,1258000.0
2025-10-26,7,PT1H,MC-Centro,1353970.74,1312000.0
2025-10-26,8,PT1H,MC-Centro,1481323.45,1439000.0
2025-10-26,9,PT1H,MC-Centro,1618842.68,1580000.0
2025-10-26,10,PT1H,MC-Centro,1728607.75,1682000.0
2025-10-26,11,PT1H,MC-Centro,1791550.76,1770000.0
2025-10-26,12,PT1H,MC-Centro,1846035.89,1810000.0
2025-10-26,13,PT1H,MC-Centro,1861027.89,1827000.0
2025-10-26,14,PT1H,MC-Centro,1826832.2,1794000.0
2025-10-26,15,PT1H,MC-Centro,1761299.83,1741000.0
2025-10-26,16,PT1H,MC-Centro,1734920.26,1704000.0
2025-10-26,17,PT1H,MC-Centro,1713704.83,1696000.0
2025-10-26,18,PT1H,MC-Centro,1805096.16,1765000.0
2025-10-26,19,PT1H,MC-Centro,1949176.24,1933000.0
2025-10-26,20,PT1H,MC-Centro,1959078.8,1944000.0
2025-10-26,21,PT1H,MC-Centro,1888605.34,1872000.0
2025-10-26,22,PT1H,MC-Centro,1751858.82,1730000.0
2025-10-26,23,PT1H,MC-Centro,1584004.86,1577000.0
2025-10-26,24,PT1H,MC-Centro,1446869.07,1464000.0
2025-12-07,1,PT1H,MC-Centro,1448082.55,1456000.0
2025-12-07,2,PT1H,MC-Centro,1371485.76,1389000.0
2025-12-07,3,PT1H,MC-Centro,1312186.11,1335000.0
2025-12-07,4,PT1H,MC-Centro,1275326.87,1296000.0
2025-12-07,5,PT1H,MC-Centro,1276110.47,1293000.0
2025-12-07,6,PT1H,MC-Centro,1275869.38,1288000.0
2025-12-07,7,PT1H,MC-Centro,1342266.99,1344000.0
2025-12-07,8,PT1H,MC-Centro,1479054.94,1469000.0
2025-12-07,9,PT1H,MC-Centro,1608981.05,1604000.0
2025-12-07,10,PT1H,MC-Centro,1704065.98,1705000.0
2025-12-07,11,PT1H,MC-Centro,1772368.32,1790000.0
2025-12-07,12,PT1H,MC-Centro,1817993.13,1840000.0
2025-12-07,13,PT1H,MC-Centro,1829849.93,1856000.0
2025-12-07,14,PT1H,MC-Centro,1807204.52,1826000.0
2025-12-07,15,PT1H,MC-Centro,1766933.34,1775000.0
2025-12-07,16,PT1H,MC-Centro,1746566.33,1767000.0
2025-12-07,17,PT1H,MC-Centro,1758101.47,1764000.0
2025-12-07,18,PT1H,MC-Centro,1816338.14,1848000.0
2025-12-07,19,PT1H,MC-Centro,1906944.08,1970000.0
2025-12-07,20,PT1H,MC-Centro,1804322.01,1887000.0
2025-12-07,21,PT1H,MC-Centro,1673033.82,1784000.0
2025-12-07,22,PT1H,MC-Centro,1602282.17,1689000.0
2025-12-07,23,PT1H,MC-Centro,1532404.02,1593000.0
2025-12-07,24,PT1H,MC-Centro,1445319.55,1487000.0
2024-10-09,1,PT1H,MC-Centro,1538406.18,1527000.0
2024-10-09,2,PT1H,MC-Centro,1470902.4,1468000.0
2024-10-09,3,PT1H,MC-Centro,1421052.3,1425000.0
2024-10-09,4,PT1H,MC-Centro,1428753.99,1434000.0
2024-10-09,5,PT1H,MC-Centro,1520090.86,1541000.0
2024-10-09,6,PT1H,MC-Centro,1633311.58,1662000.0
2024-10-09,7,PT1H,MC-Centro,1830719.18,1836000.0
2024-10-09,8,PT1H,MC-Centro,2009870.06,1997000.0
2024-10-09,9,PT1H,MC-Centro,2082632.24,2078000.0
2024-10-09,10,PT1H,MC-Centro,2141620.34,2127000.0
2024-10-09,11,PT1H,MC-Centro,2221766.99,2197000.0
2024-10-09,12,PT1H,MC-Centro,2278805.12,2224000.0
2024-10-09,13,PT1H,MC-Centro,2290112.52,2228000.0
2024-10-09,14,PT1H,MC-Centro,2239033.1,2191000.0
2024-10-09,15,PT1H,MC-Centro,2225518.7,2207000.0
2024-10-09,16,PT1H,MC-Centro,2212386.06,2204000.0
2024-10-09,17,PT1H,MC-Centro,2179375.65,2160000.0
2024-10-09,18,PT1H,MC-Centro,2163862.18,2143000.0
2024-10-09,19,PT1H,MC-Centro,2277105.41,2251000.0
2024-10-09,20,PT1H,MC-Centro,2261683.99,2254000.0
2024-10-09,21,PT1H,MC-Centro,2159644.84,2161000.0
2024-10-09,22,PT1H,MC-Centro,1984891.56,1981000.0
2024-10-09,23,PT1H,MC-Centro,1798361.3,1774000.0
2024-10-09,24,PT1H,MC-Centro,1644669.63,1642000.0
2024-08-16,1,PT1H,MC-Centro,1535252.17,1501000.0
2024-08-16,2,PT1H,MC-Centro,1468622.45,1442000.0
2024-08-16,3,PT1H,MC-Centro,1415969.88,1395000.0
2024-08-16,4,PT1H,MC-Centro,1422012.68,1395000.0
2024-08-16,5,PT1H,MC-Centro,1556492.08,1520000.0
2024-08-16,6,PT1H,MC-Centro,1789527.32,1753000.0
2024-08-16,7,PT1H,MC-Centro,1891121.46,1839000.0
2024-08-16,8,PT1H,MC-Centro,2021684.55,1960000.0
2024-08-16,9,PT1H,MC-Centro,2082522.27,2040000.0
2024-08-16,10,PT1H,MC-Centro,2121944.97,2093000.0
2024-08-16,11,PT1H,MC-Centro,2184349.99,2160000.0
2024-08-16,12,PT1H,MC-Centro,2226323.27,2203000.0
2024-08-16,13,PT1H,MC-Centro,2213274.72,2185000.0
2024-08-16,14,PT1H,MC-Centro,2158153.65,2152000.0
2024-08-16,15,PT1H,MC-Centro,2157314.58,2142000.0
2024-08-16,16,PT1H,MC-Centro,2137623.89,2123000.0
2024-08-16,17,PT1H,MC-Centro,2105077.97,2083000.0
2024-08-16,18,PT1H,MC-Centro,2065037.44,2032000.0
2024-08-16,19,PT1H,MC-Centro,2165032.63,2141000.0
2024-08-16,20,PT1H,MC-Centro,2179566.59,2162000.0
2024-08-16,21,PT1H,MC-Centro,2093482.92,2087000.0
2024-08-16,22,PT1H,MC-Centro,1937765.52,1924000.0
2024-08-16,23,PT1H,MC-Centro,1772773.12,1745000.0
2024-08-16,24,PT1H,MC-Centro,1635932.08,1621000.0
2025-06-05,1,PT1H,MC-Centro,1534831.37,1538000.0
2025-06-05,2,PT1H,MC-Centro,1469027.38,1469000.0
2025-06-05,3,PT1H,MC-Centro,1421701.69,1425000.0
2025-06-05,4,PT1H,MC-Centro,1424257.04,1427000.0
2025-06-05,5,PT1H,MC-Centro,1567447.02,1555000.0
2025-06-05,6,PT1H,MC-Centro,1831674.76,1803000.0
2025-06-05,7,PT1H,MC-Centro,1923327.8,1896000.0
2025-06-05,8,PT1H,MC-Centro,2030370.89,2016000.0
2025-06-05,9,PT1H,MC-Centro,2135535.21,2119000.0
2025-06-05,10,PT1H,MC-Centro,2186036.55,2178000.0
2025-06-05,11,PT1H,MC-Centro,2252113.57,2243000.0
2025-06-05,12,PT1H,MC-Centro,2287524.06,2291000.0
2025-06-05,13,PT1H,MC-Centro,2266614.39,2274000.0
2025-06-05,14,PT1H,MC-Centro,2230508.93,2215000.0
2025-06-05,15,PT1H,MC-Centro,2203042.13,2211000.0
2025-06-05,16,PT1H,MC-Centro,2190725.96,2208000.0
2025-06-05,17,PT1H,MC-Centro,2157265.51,2168000.0
2025-06-05,18,PT1H,MC-Centro,2117874.8,2138000.0
2025-06-05,19,PT1H,MC-Centro,2249816.89,2250000.0
2025-06-05,20,PT1H,MC-Centro,2260770.57,2265000.0
2025-06-05,21,PT1H,MC-Centro,2180432.68,2181000.0
2025-06-05,22,PT1H,MC-Centro,2001143.59,2000000.0
2025-06-05,23,PT1H,MC-Centro,1782350.3,1794000.0
2025-06-05,24,PT1H,MC-Centro,1639450.72,1646000.0
2025-02-07,1,PT1H,MC-Centro,1556871.25,1554240.0
2025-02-07,2,PT1H,MC-Centro,1508875.93,1488330.0
2025-02-07,3,PT1H,MC-Centro,1467672.57,1445620.0
2025-02-07,4,PT1H,MC-Centro,1477314.26,1447990.0
2025-02-07,5,PT1H,MC-Centro,1617357.17,1581810.0
2025-02-07,6,PT1H,MC-Centro,1846243.71,1807430.0
2025-02-07,7,PT1H,MC-Centro,1925304.88,1896300.0
2025-02-07,8,PT1H,MC-Centro,2060559.77,2029270.0
2025-02-07,9,PT1H,MC-Centro,2135303.62,2112030.0
2025-02-07,10,PT1H,MC-Centro,2185891.3,2162180.0
2025-02-07,11,PT1H,MC-Centro,2239720.64,2221500.0
2025-02-07,12,PT1H,MC-Centro,2267405.86,2259860.0
2025-02-07,13,PT1H,MC-Centro,2254896.32,2236130.0
2025-02-07,14,PT1H,MC-Centro,2233515.84,2188820.0
2025-02-07,15,PT1H,MC-Centro,2221014.2,2191230.0
2025-02-07,16,PT1H,MC-Centro,2211514.07,2176230.0
2025-02-07,17,PT1H,MC-Centro,2158236.66,2134780.0
2025-02-07,18,PT1H,MC-Centro,2139170.69,2115300.0
2025-02-07,19,PT1H,MC-Centro,2248325.69,2212750.0
2025-02-07,20,PT1H,MC-Centro,2262657.04,2216310.0
2025-02-07,21,PT1H,MC-Centro,2165091.53,2127720.0
2025-02-07,22,PT1H,MC-Centro,2004093.18,1964140.0
2025-02-07,23,PT1H,MC-Centro,1834845.16,1787440.0
2025-02-07,24,PT1H,MC-Centro,1690615.57,1656540.0
2025-05-02,15,PT1H,MC-Centro,2191867.0,2185000.0
2025-05-02,16,PT1H,MC-Centro,2166435.7,2167000.0
2025-05-02,17,PT1H,MC-Centro,2131871.27,2130000.0
2025-05-02,18,PT1H,MC-Centro,2081996.28,2089000.0
2025-05-02,19,PT1H,MC-Centro,2193707.28,2185000.0
2025-05-02,20,PT1H,MC-Centro,2201758.15,2201000.0
2025-05-02,21,PT1H,MC-Centro,2123331.89,2126000.0
2025-05-02,22,PT1H,MC-Centro,1969941.12,1969000.0
2025-05-02,23,PT1H,MC-Centro,1790941.79,1785000.0
2025-05-02,24,PT1H,MC-Centro,1641881.67,1644000.0
2025-05-02,1,PT1H,MC-Centro,1437957.48,1490000.0
2025-05-02,2,PT1H,MC-Centro,1370219.6,1423000.0
2025-05-02,3,PT1H,MC-Centro,1326703.81,1375000.0
2025-05-02,4,PT1H,MC-Centro,1335235.16,1376000.0
2025-05-02,5,PT1H,MC-Centro,1466751.54,1495000.0
2025-05-02,6,PT1H,MC-Centro,1688060.05,1726000.0
2025-05-02,7,PT1H,MC-Centro,1803803.59,1840000.0
2025-05-02,8,PT1H,MC-Centro,1929782.71,1985000.0
2025-05-02,9,PT1H,MC-Centro,2043130.65,2099000.0
2025-05-02,10,PT1H,MC-Centro,2091690.72,2152000.0
2025-05-02,11,PT1H,MC-Centro,2160356.09,2213000.0
2025-05-02,12,PT1H,MC-Centro,2231176.21,2257000.0
2025-05-02,13,PT1H,MC-Centro,2221609.78,2243000.0
2025-05-02,14,PT1H,MC-Centro,2169183.75,2194000.0
2025-02-24,1,PT1H,MC-Centro,1382137.73,1393000.0
2025-02-24,2,PT1H,MC-Centro,1325721.42,1326000.0
2025-02-24,3,PT1H,MC-Centro,1295533.95,1297000.0
2025-02-24,4,PT1H,MC-Centro,1323545.13,1328000.0
2025-02-24,5,PT1H,MC-Centro,1487998.25,1502000.0
2025-02-24,6,PT1H,MC-Centro,1762157.22,1744000.0
2025-02-24,7,PT1H,MC-Centro,1854445.62,1837000.0
2025-02-24,8,PT1H,MC-Centro,1996273.08,1988000.0
2025-02-24,9,PT1H,MC-Centro,2088474.1,2088000.0
2025-02-24,10,PT1H,MC-Centro,2143509.33,2136000.0
2025-02-24,11,PT1H,MC-Centro,2201111.76,2211000.0
2025-02-24,12,PT1H,MC-Centro,2222082.24,2232000.0
2025-02-24,13,PT1H,MC-Centro,2204084.64,2230000.0
2025-02-24,14,PT1H,MC-Centro,2188219.18,2214000.0
2025-02-24,15,PT1H,MC-Centro,2191849.04,2230000.0
2025-02-24,16,PT1H,MC-Centro,2198853.48,2210000.0
2025-02-24,17,PT1H,MC-Centro,2157704.54,2175000.0
2025-02-24,18,PT1H,MC-Centro,2091344.17,2137000.0
2025-02-24,19,PT1H,MC-Centro,2223434.43,2245000.0
2025-02-24,20,PT1H,MC-Centro,2269102.47,2278000.0
2025-02-24,21,PT1H,MC-Centro,2178668.92,2182000.0
2025-02-24,22,PT1H,MC-Centro,1990579.8,1999000.0
2025-02-24,23,PT1H,MC-Centro,1779197.04,1783000.0
2025-02-24,24,PT1H,MC-Centro,1627111.69,1639000.0
2024-11-18,1,PT1H,MC-Centro,1371304.0,1389000.0
2024-11-18,2,PT1H,MC-Centro,1308869.6,1333000.0
2024-11-18,3,PT1H,MC-Centro,1277458.38,1299000.0
2024-11-18,4,PT1H,MC-Centro,1301728.5,1323000.0
2024-11-18,5,PT1H,MC-Centro,1435809.14,1481000.0
2024-11-18,6,PT1H,MC-Centro,1635730.18,1717000.0
2024-11-18,7,PT1H,MC-Centro,1807781.92,1827000.0
2024-11-18,8,PT1H,MC-Centro,1935110.23,1963000.0
2024-11-18,9,PT1H,MC-Centro,2004587.55,2054000.0
2024-11-18,10,PT1H,MC-Centro,2073430.22,2121000.0
2024-11-18,11,PT1H,MC-Centro,2161186.87,2204000.0
2024-11-18,12,PT1H,MC-Centro,2200295.14,2246000.0
2024-11-18,13,PT1H,MC-Centro,2200626.17,2239000.0
2024-11-18,14,PT1H,MC-Centro,2166483.61,2197000.0
2024-11-18,15,PT1H,MC-Centro,2158216.27,2206000.0
2024-11-18,16,PT1H,MC-Centro,2128504.42,2200000.0
2024-11-18,17,PT1H,MC-Centro,2111772.84,2172000.0
2024-11-18,18,PT1H,MC-Centro,2151523.83,2190000.0
2024-11-18,19,PT1H,MC-Centro,2239468.2,2269000.0
2024-11-18,20,PT1H,MC-Centro,2220048.47,2260000.0
2024-11-18,21,PT1H,MC-Centro,2142786.71,2162000.0
2024-11-18,22,PT1H,MC-Centro,1956709.1,1975000.0
2024-11-18,23,PT1H,MC-Centro,1764873.08,1774000.0
2024-11-18,24,PT1H,MC-Centro,1640846.79,1633000.0
2025-01-19,1,PT1H,MC-Centro,1399399.42,1390000.0
2025-01-19,2,PT1H,MC-Centro,1324223.75,1322000.0
2025-01-19,3,PT1H,MC-Centro,1270157.46,1273000.0
2025-01-19,4,PT1H,MC-Centro,1234316.67,1240000.0
2025-01-19,5,PT1H,MC-Centro,1236807.05,1240000.0
2025-01-19,6,PT1H,MC-Centro,1253086.66,1239000.0
2025-01-19,7,PT1H,MC-Centro,1282158.26,1264000.0
2025-01-19,8,PT1H,MC-Centro,1404203.93,1389000.0
2025-01-19,9,PT1H,MC-Centro,1511582.05,1508000.0
2025-01-19,10,PT1H,MC-Centro,1597585.2,1604000.0
2025-01-19,11,PT1H,MC-Centro,1679089.74,1677000.0
2025-01-19,12,PT1H,MC-Centro,1719844.7,1727000.0
2025-01-19,13,PT1H,MC-Centro,1745503.6,1746000.0
2025-01-19,14,PT1H,MC-Centro,1723909.06,1723000.0
2025-01-19,15,PT1H,MC-Centro,1681177.37,1681000.0
2025-01-19,16,PT1H,MC-Centro,1655990.09,1648000.0
2025-01-19,17,PT1H,MC-Centro,1657829.89,1642000.0
2025-01-19,18,PT1H,MC-Centro,1682684.82,1709000.0
2025-01-19,19,PT1H,MC-Centro,1843793.56,1862000.0
2025-01-19,20,PT1H,MC-Centro,1888245.31,1883000.0
2025-01-19,21,PT1H,MC-Centro,1836034.09,1817000.0
2025-01-19,22,PT1H,MC-Centro,1709961.77,1691000.0
2025-01-19,23,PT1H,MC-Centro,1574408.45,1556000.0
2025-01-19,24,PT1H,MC-Centro,1481881.28,1454000.0
2026-02-25,1,PT1H,MC-Centro,1572975.05,1577000.0
2026-02-25,2,PT1H,MC-Centro,1513683.36,1518000.0
2026-02-25,3,PT1H,MC-Centro,1474319.41,1463000.0
2026-02-25,4,PT1H,MC-Centro,1484134.29,1483000.0
2026-02-25,5,PT1H,MC-Centro,1663507.82,1661000.0
2026-02-25,6,PT1H,MC-Centro,1893129.94,1932000.0
2026-02-25,7,PT1H,MC-Centro,1973929.01,2010000.0
2026-02-25,8,PT1H,MC-Centro,2079787.95,2118000.0
2026-02-25,9,PT1H,MC-Centro,2155532.79,2199000.0
2026-02-25,10,PT1H,MC-Centro,2185243.33,2255000.0
2026-02-25,11,PT1H,MC-Centro,2254392.52,2308000.0
2026-02-25,12,PT1H,MC-Centro,2294643.4,2360000.0
2026-02-25,13,PT1H,MC-Centro,2287678.1,2327000.0
2026-02-25,14,PT1H,MC-Centro,2252072.42,2272000.0
2026-02-25,15,PT1H,MC-Centro,2247301.69,2279000.0
2026-02-25,16,PT1H,MC-Centro,2258352.17,2283000.0
2026-02-25,17,PT1H,MC-Centro,2196400.03,2232000.0
2026-02-25,18,PT1H,MC-Centro,2157642.11,2201000.0
2026-02-25,19,PT1H,MC-Centro,2299719.01,2316000.0
2026-02-25,20,PT1H,MC-Centro,2358972.73,2361000.0
2026-02-25,21,PT1H,MC-Centro,2262439.12,2260000.0
2026-02-25,22,PT1H,MC-Centro,2054758.45,2059000.0
2026-02-25,23,PT1H,MC-Centro,1846848.61,1840000.0
2026-02-25,24,PT1H,MC-Centro,1657749.65,1688000.0
2025-02-05,1,PT1H,MC-Centro,1542494.4,1538000.0
2025-02-05,2,PT1H,MC-Centro,1483790.0,1464000.0
2025-02-05,3,PT1H,MC-Centro,1432160.96,1419000.0
2025-02-05,4,PT1H,MC-Centro,1443061.86,1430000.0
2025-02-05,5,PT1H,MC-Centro,1597874.89,1540000.0
2025-02-05,6,PT1H,MC-Centro,1829821.34,1799000.0
2025-02-05,7,PT1H,MC-Centro,1914186.35,1879000.0
2025-02-05,8,PT1H,MC-Centro,2034881.21,2017000.0
2025-02-05,9,PT1H,MC-Centro,2096200.35,2115000.0
2025-02-05,10,PT1H,MC-Centro,2150869.98,2162000.0
2025-02-05,11,PT1H,MC-Centro,2214455.21,2226000.0
2025-02-05,12,PT1H,MC-Centro,2277036.38,2271000.0
2025-02-05,13,PT1H,MC-Centro,2264274.16,2270000.0
2025-02-05,14,PT1H,MC-Centro,2211647.67,2220000.0
2025-02-05,15,PT1H,MC-Centro,2225910.97,2221000.0
2025-02-05,16,PT1H,MC-Centro,2233179.15,2214000.0
2025-02-05,17,PT1H,MC-Centro,2182468.05,2148000.0
2025-02-05,18,PT1H,MC-Centro,2143767.54,2121000.0
2025-02-05,19,PT1H,MC-Centro,2243962.72,2236000.0
2025-02-05,20,PT1H,MC-Centro,2284174.94,2270000.0
2025-02-05,21,PT1H,MC-Centro,2201054.31,2173000.0
2025-02-05,22,PT1H,MC-Centro,2001902.15,1979000.0
2025-02-05,23,PT1H,MC-Centro,1798196.14,1781000.0
2025-02-05,24,PT1H,MC-Centro,1627545.42,1648000.0
2025-10-28,1,PT1H,MC-Centro,3117586.56,3080940.0
2025-10-28,2,PT1H,MC-Centro,2981607.66,2954720.0
2025-10-28,3,PT1H,MC-Centro,2896934.54,2869440.0
2025-10-28,4,PT1H,MC-Centro,2926249.82,2874100.0
2025-10-28,5,PT1H,MC-Centro,3229062.76,3170880.0
2025-10-28,6,PT1H,MC-Centro,3705541.24,3679720.0
2025-10-28,7,PT1H,MC-Centro,3918045.92,3867580.0
2025-10-28,8,PT1H,MC-Centro,4140958.26,4096460.0
2025-10-28,9,PT1H,MC-Centro,4305999.7,4295320.0
2025-10-28,10,PT1H,MC-Centro,4431590.7,4401940.0
2025-10-28,11,PT1H,MC-Centro,4561566.9,4520380.0
2025-10-28,12,PT1H,MC-Centro,4635327.82,4602900.0
2025-10-28,13,PT1H,MC-Centro,4591295.54,4551600.0
2025-10-28,14,PT1H,MC-Centro,4496882.62,4467500.0
2025-10-28,15,PT1H,MC-Centro,4516176.6,4476360.0
2025-10-28,16,PT1H,MC-Centro,4497694.24,4457660.0
2025-10-28,17,PT1H,MC-Centro,4414156.0,4396400.0
2025-10-28,18,PT1H,MC-Centro,4475488.66,4423380.0
2025-10-28,19,PT1H,MC-Centro,4681658.16,4653900.0
2025-10-28,20,PT1H,MC-Centro,4629804.98,4629620.0
2025-10-28,21,PT1H,MC-Centro,4427163.14,4417240.0
2025-10-28,22,PT1H,MC-Centro,4027895.38,4022940.0
2025-10-28,23,PT1H,MC-Centro,3606970.78,3599160.0
2025-10-28,24,PT1H,MC-Centro,3342834.76,3305620.0
2024-10-23,1,PT1H,MC-Centro,1553226.54,1550000.0
2024-10-23,2,PT1H,MC-Centro,1492968.06,1479000.0
2024-10-23,3,PT1H,MC-Centro,1452660.3,1435000.0
2024-10-23,4,PT1H,MC-Centro,1465202.4,1444000.0
2024-10-23,5,PT1H,MC-Centro,1594186.42,1587000.0
2024-10-23,6,PT1H,MC-Centro,1822820.08,1821000.0
2024-10-23,7,PT1H,MC-Centro,1896812.06,1905000.0
2024-10-23,8,PT1H,MC-Centro,1993698.2,2012000.0
2024-10-23,9,PT1H,MC-Centro,2061888.16,2090000.0
2024-10-23,10,PT1H,MC-Centro,2107602.4,2138000.0
2024-10-23,11,PT1H,MC-Centro,2173241.36,2215000.0
2024-10-23,12,PT1H,MC-Centro,2224527.34,2250000.0
2024-10-23,13,PT1H,MC-Centro,2220199.92,2243000.0
2024-10-23,14,PT1H,MC-Centro,2193855.64,2212000.0
2024-10-23,15,PT1H,MC-Centro,2191745.47,2229000.0
2024-10-23,16,PT1H,MC-Centro,2202531.96,2225000.0
2024-10-23,17,PT1H,MC-Centro,2167144.21,2189000.0
2024-10-23,18,PT1H,MC-Centro,2179515.34,2195000.0
2024-10-23,19,PT1H,MC-Centro,2281034.64,2277000.0
2024-10-23,20,PT1H,MC-Centro,2267073.81,2274000.0
2024-10-23,21,PT1H,MC-Centro,2166546.03,2179000.0
2024-10-23,22,PT1H,MC-Centro,1970193.44,1999000.0
2024-10-23,23,PT1H,MC-Centro,1779466.87,1793000.0
2024-10-23,24,PT1H,MC-Centro,1628098.4,1650000.0
2025-07-04,1,PT1H,MC-Centro,1536724.42,1562000.0
2025-07-04,2,PT1H,MC-Centro,1468674.9,1490000.0
2025-07-04,3,PT1H,MC-Centro,1422352.59,1440000.0
2025-07-04,4,PT1H,MC-Centro,1411059.94,1439000.0
2025-07-04,5,PT1H,MC-Centro,1491158.26,1520000.0
2025-07-04,6,PT1H,MC-Centro,1611941.74,1628000.0
2025-07-04,7,PT1H,MC-Centro,1800626.57,1817000.0
2025-07-04,8,PT1H,MC-Centro,1981852.63,1994000.0
2025-07-04,9,PT1H,MC-Centro,2129613.8,2132000.0
2025-07-04,10,PT1H,MC-Centro,2186533.7,2192000.0
2025-07-04,11,PT1H,MC-Centro,2247831.11,2258000.0
2025-07-04,12,PT1H,MC-Centro,2308208.81,2316000.0
2025-07-04,13,PT1H,MC-Centro,2298416.44,2310000.0
2025-07-04,14,PT1H,MC-Centro,2241461.1,2258000.0
2025-07-04,15,PT1H,MC-Centro,2227472.94,2231000.0
2025-07-04,16,PT1H,MC-Centro,2203609.66,2206000.0
2025-07-04,17,PT1H,MC-Centro,2163310.22,2161000.0
2025-07-04,18,PT1H,MC-Centro,2109324.17,2122000.0
2025-07-04,19,PT1H,MC-Centro,2191728.71,2210000.0
2025-07-04,20,PT1H,MC-Centro,2211695.25,2222000.0
2025-07-04,21,PT1H,MC-Centro,2138601.02,2146000.0
2025-07-04,22,PT1H,MC-Centro,1981679.39,1986000.0
2025-07-04,23,PT1H,MC-Centro,1794396.89,1803000.0
2025-07-04,24,PT1H,MC-Centro,1657713.26,1670000.0
2025-06-07,1,PT1H,MC-Centro,1558986.91,1570000.0
2025-06-07,2,PT1H,MC-Centro,1483549.19,1497000.0
2025-06-07,3,PT1H,MC-Centro,1439328.04,1448000.0
2025-06-07,4,PT1H,MC-Centro,1421368.52,1432000.0
2025-06-07,5,PT1H,MC-Centro,1458014.09,1468000.0
2025-06-07,6,PT1H,MC-Centro,1512933.27,1525000.0
2025-06-07,7,PT1H,MC-Centro,1678136.17,1673000.0
2025-06-07,8,PT1H,MC-Centro,1849343.07,1853000.0
2025-06-07,9,PT1H,MC-Centro,1989968.11,1997000.0
2025-06-07,10,PT1H,MC-Centro,2065297.68,2072000.0
2025-06-07,11,PT1H,MC-Centro,2126644.99,2143000.0
2025-06-07,12,PT1H,MC-Centro,2140787.15,2170000.0
2025-06-07,13,PT1H,MC-Centro,2121875.61,2143000.0
2025-06-07,14,PT1H,MC-Centro,2070801.01,2084000.0
2025-06-07,15,PT1H,MC-Centro,2004449.52,2019000.0
2025-06-07,16,PT1H,MC-Centro,1967483.21,1980000.0
2025-06-07,17,PT1H,MC-Centro,1935569.9,1946000.0
2025-06-07,18,PT1H,MC-Centro,1922270.18,1926000.0
2025-06-07,19,PT1H,MC-Centro,2031549.0,2039000.0
2025-06-07,20,PT1H,MC-Centro,2043686.25,2037000.0
2025-06-07,21,PT1H,MC-Centro,1970314.59,1961000.0
2025-06-07,22,PT1H,MC-Centro,1834336.11,1829000.0
2025-06-07,23,PT1H,MC-Centro,1677954.83,1668000.0
2025-06-07,24,PT1H,MC-Centro,1538727.95,1526000.0
2024-10-24,1,PT1H,MC-Centro,1534095.4,1548000.0
2024-10-24,2,PT1H,MC-Centro,1470947.65,1487000.0
2024-10-24,3,PT1H,MC-Centro,1430860.96,1442000.0
2024-10-24,4,PT1H,MC-Centro,1446526.51,1453000.0
2024-10-24,5,PT1H,MC-Centro,1594293.25,1594000.0
2024-10-24,6,PT1H,MC-Centro,1817622.89,1827000.0
2024-10-24,7,PT1H,MC-Centro,1917997.32,1910000.0
2024-10-24,8,PT1H,MC-Centro,2039790.29,2025000.0
2024-10-24,9,PT1H,MC-Centro,2116671.01,2105000.0
2024-10-24,10,PT1H,MC-Centro,2169848.18,2149000.0
2024-10-24,11,PT1H,MC-Centro,2233116.17,2208000.0
2024-10-24,12,PT1H,MC-Centro,2262075.33,2254000.0
2024-10-24,13,PT1H,MC-Centro,2248364.01,2248000.0
2024-10-24,14,PT1H,MC-Centro,2213277.93,2207000.0
2024-10-24,15,PT1H,MC-Centro,2220722.83,2209000.0
2024-10-24,16,PT1H,MC-Centro,2217516.71,2211000.0
2024-10-24,17,PT1H,MC-Centro,2190287.32,2189000.0
2024-10-24,18,PT1H,MC-Centro,2195893.53,2190000.0
2024-10-24,19,PT1H,MC-Centro,2289642.29,2286000.0
2024-10-24,20,PT1H,MC-Centro,2269558.78,2272000.0
2024-10-24,21,PT1H,MC-Centro,2173267.48,2177000.0
2024-10-24,22,PT1H,MC-Centro,1993443.83,1995000.0
2024-10-24,23,PT1H,MC-Centro,1794079.6,1799000.0
2024-10-24,24,PT1H,MC-Centro,1633153.39,1645000.0
2025-03-01,1,PT1H,MC-Centro,1578978.1,1580000.0
2025-03-01,2,PT1H,MC-Centro,1509254.77,1511000.0
2025-03-01,3,PT1H,MC-Centro,1456035.88,1460000.0
2025-03-01,4,PT1H,MC-Centro,1444343.7,1443000.0
2025-03-01,5,PT1H,MC-Centro,1476078.44,1470000.0
2025-03-01,6,PT1H,MC-Centro,1558327.08,1564000.0
2025-03-01,7,PT1H,MC-Centro,1691705.23,1707000.0
2025-03-01,8,PT1H,MC-Centro,1865695.78,1896000.0
2025-03-01,9,PT1H,MC-Centro,1985636.62,2011000.0
2025-03-01,10,PT1H,MC-Centro,2053563.62,2083000.0
2025-03-01,11,PT1H,MC-Centro,2104998.76,2137000.0
2025-03-01,12,PT1H,MC-Centro,2117500.46,2155000.0
2025-03-01,13,PT1H,MC-Centro,2093294.35,2123000.0
2025-03-01,14,PT1H,MC-Centro,2035174.91,2062000.0
2025-03-01,15,PT1H,MC-Centro,1974220.11,2001000.0
2025-03-01,16,PT1H,MC-Centro,1965548.26,1961000.0
2025-03-01,17,PT1H,MC-Centro,1941698.44,1930000.0
2025-03-01,18,PT1H,MC-Centro,1956784.12,1939000.0
2025-03-01,19,PT1H,MC-Centro,2023522.71,2018000.0
2025-03-01,20,PT1H,MC-Centro,2020127.04,2026000.0
2025-03-01,21,PT1H,MC-Centro,1923664.84,1937000.0
2025-03-01,22,PT1H,MC-Centro,1797085.68,1797000.0
2025-03-01,23,PT1H,MC-Centro,1650026.25,1656000.0
2025-03-01,24,PT1H,MC-Centro,1488729.2,1535000.0
2024-11-27,1,PT1H,MC-Centro,1521130.51,1544000.0
2024-11-27,2,PT1H,MC-Centro,1462834.15,1483000.0
2024-11-27,3,PT1H,MC-Centro,1415759.64,1435000.0
2024-11-27,4,PT1H,MC-Centro,1420145.99,1435000.0
2024-11-27,5,PT1H,MC-Centro,1512691.48,1535000.0
2024-11-27,6,PT1H,MC-Centro,1665271.7,1710000.0
2024-11-27,7,PT1H,MC-Centro,1864122.83,1893000.0
2024-11-27,8,PT1H,MC-Centro,2021424.06,2045000.0
2024-11-27,9,PT1H,MC-Centro,2107593.47,2126000.0
2024-11-27,10,PT1H,MC-Centro,2153082.62,2170000.0
2024-11-27,11,PT1H,MC-Centro,2214120.73,2244000.0
2024-11-27,12,PT1H,MC-Centro,2279203.77,2287000.0
2024-11-27,13,PT1H,MC-Centro,2265272.83,2272000.0
2024-11-27,14,PT1H,MC-Centro,2231196.71,2217000.0
2024-11-27,15,PT1H,MC-Centro,2246384.64,2251000.0
2024-11-27,16,PT1H,MC-Centro,2237555.59,2255000.0
2024-11-27,17,PT1H,MC-Centro,2195416.42,2209000.0
2024-11-27,18,PT1H,MC-Centro,2188826.5,2221000.0
2024-11-27,19,PT1H,MC-Centro,2273990.95,2288000.0
2024-11-27,20,PT1H,MC-Centro,2258241.93,2266000.0
2024-11-27,21,PT1H,MC-Centro,2166624.5,2161000.0
2024-11-27,22,PT1H,MC-Centro,1977627.56,1988000.0
2024-11-27,23,PT1H,MC-Centro,1780231.99,1786000.0
2024-11-27,24,PT1H,MC-Centro,1646463.34,1654000.0
2026-01-15,1,PT1H,MC-Centro,1543064.4,1554650.0
2026-01-15,2,PT1H,MC-Centro,1470430.37,1483350.0
2026-01-15,3,PT1H,MC-Centro,1421242.21,1433920.0
2026-01-15,4,PT1H,MC-Centro,1424237.55,1436330.0
2026-01-15,5,PT1H,MC-Centro,1513676.29,1512390.0
2026-01-15,6,PT1H,MC-Centro,1657526.15,1638640.0
2026-01-15,7,PT1H,MC-Centro,1819496.87,1794030.0
2026-01-15,8,PT1H,MC-Centro,1953382.74,1962160.0
2026-01-15,9,PT1H,MC-Centro,2087793.12,2069600.0
2026-01-15,10,PT1H,MC-Centro,2185736.22,2129440.0
2026-01-15,11,PT1H,MC-Centro,2262133.78,2189160.0
2026-01-15,12,PT1H,MC-Centro,2301947.81,2247460.0
2026-01-15,13,PT1H,MC-Centro,2304132.61,2247370.0
2026-01-15,14,PT1H,MC-Centro,2259113.25,2208180.0
2026-01-15,15,PT1H,MC-Centro,2254452.32,2200810.0
2026-01-15,16,PT1H,MC-Centro,2221334.98,2176390.0
2026-01-15,17,PT1H,MC-Centro,2182135.96,2132810.0
2026-01-15,18,PT1H,MC-Centro,2157136.02,2119680.0
2026-01-15,19,PT1H,MC-Centro,2254837.17,2225540.0
2026-01-15,20,PT1H,MC-Centro,2254146.65,2237430.0
2026-01-15,21,PT1H,MC-Centro,2169306.51,2150200.0
2026-01-15,22,PT1H,MC-Centro,2004345.86,1976570.0
2026-01-15,23,PT1H,MC-Centro,1805644.44,1797850.0
2026-01-15,24,PT1H,MC-Centro,1643990.63,1675900.0
2024-09-10,1,PT1H,MC-Centro,1507563.48,1498810.0
2024-09-10,2,PT1H,MC-Centro,1431351.75,1435320.0
2024-09-10,3,PT1H,MC-Centro,1397467.81,1389630.0
2024-09-10,4,PT1H,MC-Centro,1411369.04,1387080.0
2024-09-10,5,PT1H,MC-Centro,1558391.95,1512970.0
2024-09-10,6,PT1H,MC-Centro,1798018.85,1756030.0
2024-09-10,7,PT1H,MC-Centro,1876020.9,1841590.0
2024-09-10,8,PT1H,MC-Centro,1991173.18,1973120.0
2024-09-10,9,PT1H,MC-Centro,2096542.73,2072160.0
2024-09-10,10,PT1H,MC-Centro,2145521.86,2114370.0
2024-09-10,11,PT1H,MC-Centro,2207903.12,2187190.0
2024-09-10,12,PT1H,MC-Centro,2241813.52,2215740.0
2024-09-10,13,PT1H,MC-Centro,2224294.16,2195960.0
2024-09-10,14,PT1H,MC-Centro,2184102.58,2150190.0
2024-09-10,15,PT1H,MC-Centro,2191636.01,2143340.0
2024-09-10,16,PT1H,MC-Centro,2191600.18,2135400.0
2024-09-10,17,PT1H,MC-Centro,2181452.01,2091670.0
2024-09-10,18,PT1H,MC-Centro,2143945.31,2067910.0
2024-09-10,19,PT1H,MC-Centro,2264965.86,2196810.0
2024-09-10,20,PT1H,MC-Centro,2268090.18,2234810.0
2024-09-10,21,PT1H,MC-Centro,2165269.54,2142250.0
2024-09-10,22,PT1H,MC-Centro,1972072.19,1951920.0
2024-09-10,23,PT1H,MC-Centro,1766978.56,1746110.0
2024-09-10,24,PT1H,MC-Centro,1617493.76,1599530.0
2025-11-08,1,PT1H,MC-Centro,1598469.55,1577000.0
2025-11-08,2,PT1H,MC-Centro,1521037.41,1506000.0
2025-11-08,3,PT1H,MC-Centro,1474248.86,1457000.0
2025-11-08,4,PT1H,MC-Centro,1452228.17,1441000.0
2025-11-08,5,PT1H,MC-Centro,1498471.95,1475000.0
2025-11-08,6,PT1H,MC-Centro,1548795.62,1534000.0
2025-11-08,7,PT1H,MC-Centro,1719720.79,1693000.0
2025-11-08,8,PT1H,MC-Centro,1895533.44,1873000.0
2025-11-08,9,PT1H,MC-Centro,2032048.56,2008000.0
2025-11-08,10,PT1H,MC-Centro,2122428.2,2092000.0
2025-11-08,11,PT1H,MC-Centro,2184448.75,2165000.0
2025-11-08,12,PT1H,MC-Centro,2204290.51,2182000.0
2025-11-08,13,PT1H,MC-Centro,2189575.05,2159000.0
2025-11-08,14,PT1H,MC-Centro,2136685.47,2091000.0
2025-11-08,15,PT1H,MC-Centro,2048605.81,2020000.0
2025-11-08,16,PT1H,MC-Centro,2022294.47,1987000.0
2025-11-08,17,PT1H,MC-Centro,2017705.53,1959000.0
2025-11-08,18,PT1H,MC-Centro,2060165.65,2004000.0
2025-11-08,19,PT1H,MC-Centro,2135270.31,2100000.0
2025-11-08,20,PT1H,MC-Centro,2091186.85,2048000.0
2025-11-08,21,PT1H,MC-Centro,2002273.19,1955000.0
2025-11-08,22,PT1H,MC-Centro,1860152.8,1819000.0
2025-11-08,23,PT1H,MC-Centro,1687766.85,1667000.0
2025-11-08,24,PT1H,MC-Centro,1554890.19,1538000.0
2025-07-21,1,PT1H,MC-Centro,1351101.33,1370000.0
2025-07-21,2,PT1H,MC-Centro,1298309.55,1308000.0
2025-07-21,3,PT1H,MC-Centro,1267689.14,1270000.0
2025-07-21,4,PT1H,MC-Centro,1280481.06,1289000.0
2025-07-21,5,PT1H,MC-Centro,1430047.29,1438000.0
2025-07-21,6,PT1H,MC-Centro,1691716.11,1683000.0
2025-07-21,7,PT1H,MC-Centro,1793536.95,1802000.0
2025-07-21,8,PT1H,MC-Centro,1922304.69,1944000.0
2025-07-21,9,PT1H,MC-Centro,2043147.1,2069000.0
2025-07-21,10,PT1H,MC-Centro,2102919.17,2138000.0
2025-07-21,11,PT1H,MC-Centro,2187656.71,2220000.0
2025-07-21,12,PT1H,MC-Centro,2226724.27,2269000.0
2025-07-21,13,PT1H,MC-Centro,2224592.84,2256000.0
2025-07-21,14,PT1H,MC-Centro,2200703.94,2207000.0
2025-07-21,15,PT1H,MC-Centro,2186701.84,2207000.0
2025-07-21,16,PT1H,MC-Centro,2165778.89,2194000.0
2025-07-21,17,PT1H,MC-Centro,2126676.79,2153000.0
2025-07-21,18,PT1H,MC-Centro,2089487.72,2109000.0
2025-07-21,19,PT1H,MC-Centro,2214812.21,2228000.0
2025-07-21,20,PT1H,MC-Centro,2254385.3,2276000.0
2025-07-21,21,PT1H,MC-Centro,2169945.29,2190000.0
2025-07-21,22,PT1H,MC-Centro,1970494.83,1998000.0
2025-07-21,23,PT1H,MC-Centro,1751617.01,1781000.0
2025-07-21,24,PT1H,MC-Centro,1597202.62,1636000.0
2025-10-04,1,PT1H,MC-Centro,1562288.64,1590000.0
2025-10-04,2,PT1H,MC-Centro,1486839.85,1514000.0
2025-10-04,3,PT1H,MC-Centro,1436210.5,1463000.0
2025-10-04,4,PT1H,MC-Centro,1414982.63,1445000.0
2025-10-04,5,PT1H,MC-Centro,1451417.04,1479000.0
2025-10-04,6,PT1H,MC-Centro,1515949.95,1538000.0
2025-10-04,7,PT1H,MC-Centro,1662784.37,1700000.0
2025-10-04,8,PT1H,MC-Centro,1830128.69,1878000.0
2025-10-04,9,PT1H,MC-Centro,1966384.24,2021000.0
2025-10-04,10,PT1H,MC-Centro,2069139.35,2103000.0
2025-10-04,11,PT1H,MC-Centro,2129439.49,2170000.0
2025-10-04,12,PT1H,MC-Centro,2126582.15,2189000.0
2025-10-04,13,PT1H,MC-Centro,2102462.21,2161000.0
2025-10-04,14,PT1H,MC-Centro,2031724.03,2088000.0
2025-10-04,15,PT1H,MC-Centro,1969725.99,2013000.0
2025-10-04,16,PT1H,MC-Centro,1937428.96,1981000.0
2025-10-04,17,PT1H,MC-Centro,1902097.9,1945000.0
2025-10-04,18,PT1H,MC-Centro,1932631.8,1955000.0
2025-10-04,19,PT1H,MC-Centro,2040227.86,2070000.0
2025-10-04,20,PT1H,MC-Centro,2011319.12,2040000.0
2025-10-04,21,PT1H,MC-Centro,1916176.94,1951000.0
2025-10-04,22,PT1H,MC-Centro,1766395.86,1815000.0
2025-10-04,23,PT1H,MC-Centro,1621242.42,1658000.0
2025-10-04,24,PT1H,MC-Centro,1497273.93,1526000.0
2025-12-23,13,PT1H,MC-Centro,2215094.21,2179720.0
2025-12-23,14,PT1H,MC-Centro,2173391.71,2130340.0
2025-12-23,15,PT1H,MC-Centro,2149668.63,2122500.0
2025-12-23,16,PT1H,MC-Centro,2143606.24,2104640.0
2025-12-23,17,PT1H,MC-Centro,2091919.05,2071110.0
2025-12-23,18,PT1H,MC-Centro,2097897.79,2067600.0
2025-12-23,19,PT1H,MC-Centro,2178541.85,2161570.0
2025-12-23,20,PT1H,MC-Centro,2141948.75,2141190.0
2025-12-23,21,PT1H,MC-Centro,2078592.61,2066530.0
2025-12-23,22,PT1H,MC-Centro,1960526.5,1929130.0
2025-12-23,23,PT1H,MC-Centro,1812462.57,1769490.0
2025-12-23,24,PT1H,MC-Centro,1724132.97,1617500.0
2025-12-23,1,PT1H,MC-Centro,1537660.36,1463290.0
2025-12-23,2,PT1H,MC-Centro,1484009.92,1397120.0
2025-12-23,3,PT1H,MC-Centro,1435751.81,1350050.0
2025-12-23,4,PT1H,MC-Centro,1427084.02,1357410.0
2025-12-23,5,PT1H,MC-Centro,1491786.16,1441810.0
2025-12-23,6,PT1H,MC-Centro,1598392.62,1553860.0
2025-12-23,7,PT1H,MC-Centro,1764665.69,1709990.0
2025-12-23,8,PT1H,MC-Centro,1962300.81,1891160.0
2025-12-23,9,PT1H,MC-Centro,2077652.81,2017850.0
2025-12-23,10,PT1H,MC-Centro,2128299.41,2087040.0
2025-12-23,11,PT1H,MC-Centro,2192747.64,2134680.0
2025-12-23,12,PT1H,MC-Centro,2228215.94,2183510.0
2025-02-27,1,PT1H,MC-Centro,1549080.21,1564000.0
2025-02-27,2,PT1H,MC-Centro,1493684.78,1498000.0
2025-02-27,3,PT1H,MC-Centro,1451733.47,1456000.0
2025-02-27,4,PT1H,MC-Centro,1464394.29,1476000.0
2025-02-27,5,PT1H,MC-Centro,1618150.93,1626000.0
2025-02-27,6,PT1H,MC-Centro,1870062.18,1869000.0
2025-02-27,7,PT1H,MC-Centro,1938006.8,1937000.0
2025-02-27,8,PT1H,MC-Centro,2056798.32,2063000.0
2025-02-27,9,PT1H,MC-Centro,2141838.41,2132000.0
2025-02-27,10,PT1H,MC-Centro,2188091.37,2177000.0
2025-02-27,11,PT1H,MC-Centro,2247012.76,2234000.0
2025-02-27,12,PT1H,MC-Centro,2271014.76,2269000.0
2025-02-27,13,PT1H,MC-Centro,2244297.13,2257000.0
2025-02-27,14,PT1H,MC-Centro,2195486.21,2234000.0
2025-02-27,15,PT1H,MC-Centro,2201499.09,2230000.0
2025-02-27,16,PT1H,MC-Centro,2220082.65,2217000.0
2025-02-27,17,PT1H,MC-Centro,2165926.92,2179000.0
2025-02-27,18,PT1H,MC-Centro,2124829.42,2161000.0
2025-02-27,19,PT1H,MC-Centro,2247424.17,2254000.0
2025-02-27,20,PT1H,MC-Centro,2284179.96,2299000.0
2025-02-27,21,PT1H,MC-Centro,2180381.5,2193000.0
2025-02-27,22,PT1H,MC-Centro,1979079.76,2002000.0
2025-02-27,23,PT1H,MC-Centro,1801353.31,1808000.0
2025-02-27,24,PT1H,MC-Centro,1661714.42,1674000.0
2025-11-25,1,PT1H,MC-Centro,1564494.72,1559760.0
2025-11-25,2,PT1H,MC-Centro,1494371.34,1497710.0
2025-11-25,3,PT1H,MC-Centro,1451893.23,1450700.0
2025-11-25,4,PT1H,MC-Centro,1465830.21,1445070.0
2025-11-25,5,PT1H,MC-Centro,1580142.78,1539890.0
2025-11-25,6,PT1H,MC-Centro,1766552.73,1689100.0
2025-11-25,7,PT1H,MC-Centro,1937440.74,1877710.0
2025-11-25,8,PT1H,MC-Centro,2103480.41,2057540.0
2025-11-25,9,PT1H,MC-Centro,2214293.3,2170400.0
2025-11-25,10,PT1H,MC-Centro,2278960.87,2230350.0
2025-11-25,11,PT1H,MC-Centro,2349740.61,2302570.0
2025-11-25,12,PT1H,MC-Centro,2387322.72,2355090.0
2025-11-25,13,PT1H,MC-Centro,2371022.41,2333140.0
2025-11-25,14,PT1H,MC-Centro,2325290.06,2288230.0
2025-11-25,15,PT1H,MC-Centro,2324370.27,2306510.0
2025-11-25,16,PT1H,MC-Centro,2314759.78,2295230.0
2025-11-25,17,PT1H,MC-Centro,2273760.73,2251480.0
2025-11-25,18,PT1H,MC-Centro,2268591.31,2278900.0
2025-11-25,19,PT1H,MC-Centro,2370262.93,2373880.0
2025-11-25,20,PT1H,MC-Centro,2354407.33,2353130.0
2025-11-25,21,PT1H,MC-Centro,2263838.9,2250670.0
2025-11-25,22,PT1H,MC-Centro,2076271.41,2054670.0
2025-11-25,23,PT1H,MC-Centro,1870741.68,1842350.0
2025-11-25,24,PT1H,MC-Centro,1745441.94,1690470.0
2025-10-02,1,PT1H,MC-Centro,3041142.28,3135800.0
2025-10-02,2,PT1H,MC-Centro,2920266.5,3008160.0
2025-10-02,3,PT1H,MC-Centro,2829018.98,2915680.0
2025-10-02,4,PT1H,MC-Centro,2847610.64,2922400.0
2025-10-02,5,PT1H,MC-Centro,3146792.7,3208780.0
2025-10-02,6,PT1H,MC-Centro,3638988.78,3712380.0
2025-10-02,7,PT1H,MC-Centro,3834921.02,3893640.0
2025-10-02,8,PT1H,MC-Centro,4030715.08,4108400.0
2025-10-02,9,PT1H,MC-Centro,4244432.64,4320520.0
2025-10-02,10,PT1H,MC-Centro,4354392.04,4410220.0
2025-10-02,11,PT1H,MC-Centro,4455587.4,4517500.0
2025-10-02,12,PT1H,MC-Centro,4542421.52,4564000.0
2025-10-02,13,PT1H,MC-Centro,4523951.96,4522520.0
2025-10-02,14,PT1H,MC-Centro,4434762.36,4423900.0
2025-10-02,15,PT1H,MC-Centro,4449314.24,4440600.0
2025-10-02,16,PT1H,MC-Centro,4447152.64,4434920.0
2025-10-02,17,PT1H,MC-Centro,4371825.52,4388540.0
2025-10-02,18,PT1H,MC-Centro,4334874.28,4374680.0
2025-10-02,19,PT1H,MC-Centro,4612964.4,4622400.0
2025-10-02,20,PT1H,MC-Centro,4595770.84,4624840.0
2025-10-02,21,PT1H,MC-Centro,4409939.78,4427360.0
2025-10-02,22,PT1H,MC-Centro,4020098.52,4048960.0
2025-10-02,23,PT1H,MC-Centro,3600601.06,3633000.0
2025-10-02,24,PT1H,MC-Centro,3320011.84,3340880.0
2025-12-25,1,PT1H,MC-Centro,1383497.96,1379000.0
2025-12-25,2,PT1H,MC-Centro,1331739.48,1307000.0
2025-12-25,3,PT1H,MC-Centro,1254960.2,1239000.0
2025-12-25,4,PT1H,MC-Centro,1196251.17,1180000.0
2025-12-25,5,PT1H,MC-Centro,1156951.48,1149000.0
2025-12-25,6,PT1H,MC-Centro,1116251.39,1115000.0
2025-12-25,7,PT1H,MC-Centro,1076819.15,1066000.0
2025-12-25,8,PT1H,MC-Centro,1113201.42,1110000.0
2025-12-25,9,PT1H,MC-Centro,1183884.97,1187000.0
2025-12-25,10,PT1H,MC-Centro,1287753.52,1298000.0
2025-12-25,11,PT1H,MC-Centro,1375906.74,1402000.0
2025-12-25,12,PT1H,MC-Centro,1445308.81,1480000.0
2025-12-25,13,PT1H,MC-Centro,1516690.52,1530000.0
2025-12-25,14,PT1H,MC-Centro,1525956.74,1531000.0
2025-12-25,15,PT1H,MC-Centro,1504346.21,1505000.0
2025-12-25,16,PT1H,MC-Centro,1457813.51,1483000.0
2025-12-25,17,PT1H,MC-Centro,1468852.55,1480000.0
2025-12-25,18,PT1H,MC-Centro,1534726.28,1547000.0
2025-12-25,19,PT1H,MC-Centro,1678002.81,1669000.0
2025-12-25,20,PT1H,MC-Centro,1684403.57,1694000.0
2025-12-25,21,PT1H,MC-Centro,1632824.89,1641000.0
2025-12-25,22,PT1H,MC-Centro,1548392.77,1550000.0
2025-12-25,23,PT1H,MC-Centro,1445510.13,1443000.0
2025-12-25,24,PT1H,MC-Centro,1349045.16,1345000.0
2025-09-13,1,PT1H,MC-Centro,1590865.37,1569000.0
2025-09-13,2,PT1H,MC-Centro,1507281.57,1498000.0
2025-09-13,3,PT1H,MC-Centro,1462256.1,1453000.0
2025-09-13,4,PT1H,MC-Centro,1441782.79,1437000.0
2025-09-13,5,PT1H,MC-Centro,1481674.8,1470000.0
2025-09-13,6,PT1H,MC-Centro,1541544.27,1529000.0
2025-09-13,7,PT1H,MC-Centro,1700885.58,1679000.0
2025-09-13,8,PT1H,MC-Centro,1873591.42,1851000.0
2025-09-13,9,PT1H,MC-Centro,2016237.54,2005000.0
2025-09-13,10,PT1H,MC-Centro,2097762.1,2094000.0
2025-09-13,11,PT1H,MC-Centro,2157119.83,2153000.0
2025-09-13,12,PT1H,MC-Centro,2173429.79,2169000.0
2025-09-13,13,PT1H,MC-Centro,2147831.79,2140000.0
2025-09-13,14,PT1H,MC-Centro,2077851.32,2073000.0
2025-09-13,15,PT1H,MC-Centro,1998705.93,1999000.0
2025-09-13,16,PT1H,MC-Centro,1950227.55,1970000.0
2025-09-13,17,PT1H,MC-Centro,1924302.19,1937000.0
2025-09-13,18,PT1H,MC-Centro,1924794.12,1932000.0
2025-09-13,19,PT1H,MC-Centro,2047560.16,2050000.0
2025-09-13,20,PT1H,MC-Centro,2022667.63,2039000.0
2025-09-13,21,PT1H,MC-Centro,1937905.08,1956000.0
2025-09-13,22,PT1H,MC-Centro,1803008.19,1816000.0
2025-09-13,23,PT1H,MC-Centro,1647157.63,1657000.0
2025-09-13,24,PT1H,MC-Centro,1506077.74,1528000.0
2026-02-28,1,PT1H,MC-Centro,1591231.96,1605870.0
2026-02-28,2,PT1H,MC-Centro,1544115.18,1553070.0
2026-02-28,3,PT1H,MC-Centro,1482908.12,1490400.0
2026-02-28,4,PT1H,MC-Centro,1467928.51,1473450.0
2026-02-28,5,PT1H,MC-Centro,1498380.17,1515100.0
2026-02-28,6,PT1H,MC-Centro,1549666.54,1589560.0
2026-02-28,7,PT1H,MC-Centro,1710296.88,1738490.0
2026-02-28,8,PT1H,MC-Centro,1883948.6,1921370.0
2026-02-28,9,PT1H,MC-Centro,2009716.33,2061560.0
2026-02-28,10,PT1H,MC-Centro,2069129.89,2135210.0
2026-02-28,11,PT1H,MC-Centro,2117861.04,2199460.0
2026-02-28,12,PT1H,MC-Centro,2158512.97,2222730.0
2026-02-28,13,PT1H,MC-Centro,2125159.71,2191480.0
2026-02-28,14,PT1H,MC-Centro,2050432.51,2115420.0
2026-02-28,15,PT1H,MC-Centro,2028235.27,2033230.0
2026-02-28,16,PT1H,MC-Centro,2007640.61,2014850.0
2026-02-28,17,PT1H,MC-Centro,1926213.07,1961070.0
2026-02-28,18,PT1H,MC-Centro,1972652.91,1980330.0
2026-02-28,19,PT1H,MC-Centro,2067201.75,2079470.0
2026-02-28,20,PT1H,MC-Centro,2049509.01,2096360.0
2026-02-28,21,PT1H,MC-Centro,1972014.68,2012920.0
2026-02-28,22,PT1H,MC-Centro,1815413.11,1876100.0
2026-02-28,23,PT1H,MC-Centro,1659503.4,1714710.0
2026-02-28,24,PT1H,MC-Centro,1530404.78,1570850.0
2025-11-21,1,PT1H,MC-Centro,1597953.74,1575200.0
2025-11-21,2,PT1H,MC-Centro,1531553.07,1508730.0
2025-11-21,3,PT1H,MC-Centro,1483619.69,1466280.0
2025-11-21,4,PT1H,MC-Centro,1489075.66,1473640.0
2025-11-21,5,PT1H,MC-Centro,1595863.22,1608690.0
2025-11-21,6,PT1H,MC-Centro,1773107.43,1836610.0
2025-11-21,7,PT1H,MC-Centro,1950829.98,1947140.0
2025-11-21,8,PT1H,MC-Centro,2099479.39,2069050.0
2025-11-21,9,PT1H,MC-Centro,2194809.86,2168800.0
2025-11-21,10,PT1H,MC-Centro,2243873.94,2243900.0
2025-11-21,11,PT1H,MC-Centro,2310653.98,2312680.0
2025-11-21,12,PT1H,MC-Centro,2383221.96,2361340.0
2025-11-21,13,PT1H,MC-Centro,2366249.15,2345580.0
2025-11-21,14,PT1H,MC-Centro,2335002.3,2291350.0
2025-11-21,15,PT1H,MC-Centro,2336243.54,2292380.0
2025-11-21,16,PT1H,MC-Centro,2353551.58,2283370.0
2025-11-21,17,PT1H,MC-Centro,2296387.0,2244310.0
2025-11-21,18,PT1H,MC-Centro,2268065.66,2252710.0
2025-11-21,19,PT1H,MC-Centro,2334706.17,2342310.0
2025-11-21,20,PT1H,MC-Centro,2310870.71,2313900.0
2025-11-21,21,PT1H,MC-Centro,2218710.7,2209910.0
2025-11-21,22,PT1H,MC-Centro,2051186.95,2039510.0
2025-11-21,23,PT1H,MC-Centro,1861857.12,1867020.0
2025-11-21,24,PT1H,MC-Centro,1712385.18,1721020.0
2024-09-01,1,PT1H,MC-Centro,1386482.42,1373000.0
2024-09-01,2,PT1H,MC-Centro,1317459.78,1306000.0
2024-09-01,3,PT1H,MC-Centro,1261038.23,1247000.0
2024-09-01,4,PT1H,MC-Centro,1223232.2,1216000.0
2024-09-01,5,PT1H,MC-Centro,1218889.1,1220000.0
2024-09-01,6,PT1H,MC-Centro,1219526.25,1203000.0
2024-09-01,7,PT1H,MC-Centro,1271589.23,1246000.0
2024-09-01,8,PT1H,MC-Centro,1401557.26,1379000.0
2024-09-01,9,PT1H,MC-Centro,1528592.2,1514000.0
2024-09-01,10,PT1H,MC-Centro,1612750.32,1627000.0
2024-09-01,11,PT1H,MC-Centro,1689299.32,1700000.0
2024-09-01,12,PT1H,MC-Centro,1725227.13,1740000.0
2024-09-01,13,PT1H,MC-Centro,1728683.88,1748000.0
2024-09-01,14,PT1H,MC-Centro,1696802.77,1703000.0
2024-09-01,15,PT1H,MC-Centro,1655882.54,1669000.0
2024-09-01,16,PT1H,MC-Centro,1623873.54,1632000.0
2024-09-01,17,PT1H,MC-Centro,1615365.88,1616000.0
2024-09-01,18,PT1H,MC-Centro,1642844.55,1648000.0
2024-09-01,19,PT1H,MC-Centro,1820784.88,1809000.0
2024-09-01,20,PT1H,MC-Centro,1856386.96,1861000.0
2024-09-01,21,PT1H,MC-Centro,1796682.26,1796000.0
2024-09-01,22,PT1H,MC-Centro,1674037.82,1668000.0
2024-09-01,23,PT1H,MC-Centro,1541670.74,1536000.0
2024-09-01,24,PT1H,MC-Centro,1429321.79,1440000.0
2024-12-23,1,PT1H,MC-Centro,1377047.24,1383000.0
2024-12-23,2,PT1H,MC-Centro,1311674.09,1321000.0
2024-12-23,3,PT1H,MC-Centro,1260866.13,1285000.0
2024-12-23,4,PT1H,MC-Centro,1276236.73,1302000.0
2024-12-23,5,PT1H,MC-Centro,1355750.92,1377000.0
2024-12-23,6,PT1H,MC-Centro,1466771.04,1491000.0
2024-12-23,7,PT1H,MC-Centro,1621124.64,1655000.0
2024-12-23,8,PT1H,MC-Centro,1809079.98,1843000.0
2024-12-23,9,PT1H,MC-Centro,1955272.92,1963000.0
2024-12-23,10,PT1H,MC-Centro,2030500.3,2024000.0
2024-12-23,11,PT1H,MC-Centro,2078058.18,2075000.0
2024-12-23,12,PT1H,MC-Centro,2124406.3,2112000.0
2024-12-23,13,PT1H,MC-Centro,2113182.81,2102000.0
2024-12-23,14,PT1H,MC-Centro,2059852.84,2054000.0
2024-12-23,15,PT1H,MC-Centro,2045327.96,2032000.0
2024-12-23,16,PT1H,MC-Centro,2020690.71,2009000.0
2024-12-23,17,PT1H,MC-Centro,1984387.66,1969000.0
2024-12-23,18,PT1H,MC-Centro,1969740.62,1962000.0
2024-12-23,19,PT1H,MC-Centro,2063924.47,2070000.0
2024-12-23,20,PT1H,MC-Centro,2041924.62,2049000.0
2024-12-23,21,PT1H,MC-Centro,1975955.89,1990000.0
2024-12-23,22,PT1H,MC-Centro,1861417.41,1877000.0
2024-12-23,23,PT1H,MC-Centro,1713325.1,1706000.0
2024-12-23,24,PT1H,MC-Centro,1563483.5,1551000.0
2024-12-31,1,PT1H,MC-Centro,1302578.51,1281140.0
2024-12-31,2,PT1H,MC-Centro,1232691.54,1209470.0
2024-12-31,3,PT1H,MC-Centro,1192721.31,1166900.0
2024-12-31,4,PT1H,MC-Centro,1179227.51,1154150.0
2024-12-31,5,PT1H,MC-Centro,1208558.15,1185670.0
2024-12-31,6,PT1H,MC-Centro,1245872.53,1214470.0
2024-12-31,7,PT1H,MC-Centro,1319452.24,1274190.0
2024-12-31,8,PT1H,MC-Centro,1431307.97,1393480.0
2024-12-31,9,PT1H,MC-Centro,1535213.77,1519690.0
2024-12-31,10,PT1H,MC-Centro,1609763.28,1592250.0
2024-12-31,11,PT1H,MC-Centro,1656965.65,1637640.0
2024-12-31,12,PT1H,MC-Centro,1683047.88,1656020.0
2024-12-31,13,PT1H,MC-Centro,1670712.98,1645480.0
2024-12-31,14,PT1H,MC-Centro,1623613.83,1605740.0
2024-12-31,15,PT1H,MC-Centro,1594766.17,1556690.0
2024-12-31,16,PT1H,MC-Centro,1576364.93,1527340.0
2024-12-31,17,PT1H,MC-Centro,1583965.1,1516780.0
2024-12-31,18,PT1H,MC-Centro,1624401.38,1554450.0
2024-12-31,19,PT1H,MC-Centro,1741595.44,1706740.0
2024-12-31,20,PT1H,MC-Centro,1712094.96,1667200.0
2024-12-31,21,PT1H,MC-Centro,1632212.54,1578100.0
2024-12-31,22,PT1H,MC-Centro,1521689.56,1471150.0
2024-12-31,23,PT1H,MC-Centro,1431664.08,1370700.0
2024-12-31,24,PT1H,MC-Centro,1350385.56,1294970.0
2026-02-09,1,PT1H,MC-Centro,1385133.47,1407000.0
2026-02-09,2,PT1H,MC-Centro,1353206.42,1348000.0
2026-02-09,3,PT1H,MC-Centro,1294228.79,1300000.0
2026-02-09,4,PT1H,MC-Centro,1328711.47,1337000.0
2026-02-09,5,PT1H,MC-Centro,1527402.3,1516000.0
2026-02-09,6,PT1H,MC-Centro,1789508.02,1758000.0
2026-02-09,7,PT1H,MC-Centro,1881427.95,1855000.0
2026-02-09,8,PT1H,MC-Centro,2019188.48,2008000.0
2026-02-09,9,PT1H,MC-Centro,2113096.49,2128000.0
2026-02-09,10,PT1H,MC-Centro,2175618.72,2199000.0
2026-02-09,11,PT1H,MC-Centro,2230926.39,2276000.0
2026-02-09,12,PT1H,MC-Centro,2265298.74,2322000.0
2026-02-09,13,PT1H,MC-Centro,2269075.04,2310000.0
2026-02-09,14,PT1H,MC-Centro,2246901.48,2282000.0
2026-02-09,15,PT1H,MC-Centro,2248601.7,2276000.0
2026-02-09,16,PT1H,MC-Centro,2247997.74,2281000.0
2026-02-09,17,PT1H,MC-Centro,2217932.57,2224000.0
2026-02-09,18,PT1H,MC-Centro,2181659.33,2205000.0
2026-02-09,19,PT1H,MC-Centro,2308841.45,2327000.0
2026-02-09,20,PT1H,MC-Centro,2351498.78,2349000.0
2026-02-09,21,PT1H,MC-Centro,2251662.87,2249000.0
2026-02-09,22,PT1H,MC-Centro,2037381.6,2052000.0
2026-02-09,23,PT1H,MC-Centro,1806933.06,1838000.0
2026-02-09,24,PT1H,MC-Centro,1617255.75,1668000.0
2024-08-17,1,PT1H,MC-Centro,1539784.53,1518000.0
2024-08-17,2,PT1H,MC-Centro,1461682.18,1445000.0
2024-08-17,3,PT1H,MC-Centro,1402971.58,1399000.0
2024-08-17,4,PT1H,MC-Centro,1388191.01,1377000.0
2024-08-17,5,PT1H,MC-Centro,1421467.76,1409000.0
2024-08-17,6,PT1H,MC-Centro,1477758.53,1456000.0
2024-08-17,7,PT1H,MC-Centro,1618474.08,1613000.0
2024-08-17,8,PT1H,MC-Centro,1779099.47,1791000.0
2024-08-17,9,PT1H,MC-Centro,1908846.31,1910000.0
2024-08-17,10,PT1H,MC-Centro,1992818.05,1981000.0
2024-08-17,11,PT1H,MC-Centro,2058336.09,2044000.0
2024-08-17,12,PT1H,MC-Centro,2064115.52,2066000.0
2024-08-17,13,PT1H,MC-Centro,2029449.86,2030000.0
2024-08-17,14,PT1H,MC-Centro,1965817.96,1965000.0
2024-08-17,15,PT1H,MC-Centro,1912307.66,1901000.0
2024-08-17,16,PT1H,MC-Centro,1876296.09,1870000.0
2024-08-17,17,PT1H,MC-Centro,1852070.61,1843000.0
2024-08-17,18,PT1H,MC-Centro,1839022.34,1838000.0
2024-08-17,19,PT1H,MC-Centro,1955024.3,1950000.0
2024-08-17,20,PT1H,MC-Centro,1959385.21,1938000.0
2024-08-17,21,PT1H,MC-Centro,1875511.24,1862000.0
2024-08-17,22,PT1H,MC-Centro,1738510.79,1742000.0
2024-08-17,23,PT1H,MC-Centro,1595249.97,1595000.0
2024-08-17,24,PT1H,MC-Centro,1468812.67,1467000.0
2024-10-18,1,PT1H,MC-Centro,1546596.01,1540000.0
2024-10-18,2,PT1H,MC-Centro,1476139.4,1480000.0
2024-10-18,3,PT1H,MC-Centro,1426761.3,1437000.0
2024-10-18,4,PT1H,MC-Centro,1432756.07,1442000.0
2024-10-18,5,PT1H,MC-Centro,1569299.2,1577000.0
2024-10-18,6,PT1H,MC-Centro,1779854.43,1799000.0
2024-10-18,7,PT1H,MC-Centro,1881298.09,1901000.0
2024-10-18,8,PT1H,MC-Centro,2003920.1,2023000.0
2024-10-18,9,PT1H,MC-Centro,2087133.07,2105000.0
2024-10-18,10,PT1H,MC-Centro,2142233.55,2151000.0
2024-10-18,11,PT1H,MC-Centro,2215222.47,2220000.0
2024-10-18,12,PT1H,MC-Centro,2257556.1,2257000.0
2024-10-18,13,PT1H,MC-Centro,2241862.98,2245000.0
2024-10-18,14,PT1H,MC-Centro,2211816.86,2210000.0
2024-10-18,15,PT1H,MC-Centro,2213573.97,2201000.0
2024-10-18,16,PT1H,MC-Centro,2214779.04,2190000.0
2024-10-18,17,PT1H,MC-Centro,2174669.87,2144000.0
2024-10-18,18,PT1H,MC-Centro,2167665.1,2137000.0
2024-10-18,19,PT1H,MC-Centro,2264147.07,2234000.0
2024-10-18,20,PT1H,MC-Centro,2238198.2,2217000.0
2024-10-18,21,PT1H,MC-Centro,2159548.24,2129000.0
2024-10-18,22,PT1H,MC-Centro,2000603.54,1973000.0
2024-10-18,23,PT1H,MC-Centro,1821156.54,1800000.0
2024-10-18,24,PT1H,MC-Centro,1692237.92,1673000.0
2024-08-06,1,PT1H,MC-Centro,1478611.17,1461000.0
2024-08-06,2,PT1H,MC-Centro,1426035.64,1408000.0
2024-08-06,3,PT1H,MC-Centro,1379419.0,1368000.0
2024-08-06,4,PT1H,MC-Centro,1381605.21,1366000.0
2024-08-06,5,PT1H,MC-Centro,1500151.38,1469000.0
2024-08-06,6,PT1H,MC-Centro,1718215.33,1709000.0
2024-08-06,7,PT1H,MC-Centro,1830407.51,1797000.0
2024-08-06,8,PT1H,MC-Centro,1970009.46,1925000.0
2024-08-06,9,PT1H,MC-Centro,2056667.78,2017000.0
2024-08-06,10,PT1H,MC-Centro,2099964.18,2063000.0
2024-08-06,11,PT1H,MC-Centro,2155720.74,2129000.0
2024-08-06,12,PT1H,MC-Centro,2213712.91,2184000.0
2024-08-06,13,PT1H,MC-Centro,2213021.01,2171000.0
2024-08-06,14,PT1H,MC-Centro,2158577.86,2140000.0
2024-08-06,15,PT1H,MC-Centro,2165247.58,2141000.0
2024-08-06,16,PT1H,MC-Centro,2145677.06,2118000.0
2024-08-06,17,PT1H,MC-Centro,2094545.56,2080000.0
2024-08-06,18,PT1H,MC-Centro,2053026.62,2041000.0
2024-08-06,19,PT1H,MC-Centro,2145608.04,2137000.0
2024-08-06,20,PT1H,MC-Centro,2158039.24,2143000.0
2024-08-06,21,PT1H,MC-Centro,2075641.72,2058000.0
2024-08-06,22,PT1H,MC-Centro,1898565.28,1890000.0
2024-08-06,23,PT1H,MC-Centro,1713059.96,1694000.0
2024-08-06,24,PT1H,MC-Centro,1578959.34,1572000.0
2025-03-05,1,PT1H,MC-Centro,1540642.0,1553000.0
2025-03-05,2,PT1H,MC-Centro,1482285.61,1490000.0
2025-03-05,3,PT1H,MC-Centro,1442266.59,1450000.0
2025-03-05,4,PT1H,MC-Centro,1460597.14,1461000.0
2025-03-05,5,PT1H,MC-Centro,1604919.0,1608000.0
2025-03-05,6,PT1H,MC-Centro,1862198.58,1867000.0
2025-03-05,7,PT1H,MC-Centro,1956274.04,1942000.0
2025-03-05,8,PT1H,MC-Centro,2059943.71,2063000.0
2025-03-05,9,PT1H,MC-Centro,2134526.82,2140000.0
2025-03-05,10,PT1H,MC-Centro,2158333.51,2190000.0
2025-03-05,11,PT1H,MC-Centro,2216552.01,2257000.0
2025-03-05,12,PT1H,MC-Centro,2248048.59,2290000.0
2025-03-05,13,PT1H,MC-Centro,2258767.15,2264000.0
2025-03-05,14,PT1H,MC-Centro,2240314.7,2225000.0
2025-03-05,15,PT1H,MC-Centro,2245899.01,2217000.0
2025-03-05,16,PT1H,MC-Centro,2230997.5,2235000.0
2025-03-05,17,PT1H,MC-Centro,2182559.17,2188000.0
2025-03-05,18,PT1H,MC-Centro,2153744.36,2151000.0
2025-03-05,19,PT1H,MC-Centro,2264706.2,2259000.0
2025-03-05,20,PT1H,MC-Centro,2278972.1,2300000.0
2025-03-05,21,PT1H,MC-Centro,2187062.21,2206000.0
2025-03-05,22,PT1H,MC-Centro,1996963.79,2010000.0
2025-03-05,23,PT1H,MC-Centro,1793809.29,1805000.0
2025-03-05,24,PT1H,MC-Centro,1653461.68,1658000.0
2025-06-18,1,PT1H,MC-Centro,1535361.95,1563060.0
2025-06-18,2,PT1H,MC-Centro,1467260.49,1499070.0
2025-06-18,3,PT1H,MC-Centro,1417118.84,1457680.0
2025-06-18,4,PT1H,MC-Centro,1421188.82,1458600.0
2025-06-18,5,PT1H,MC-Centro,1545505.85,1588060.0
2025-06-18,6,PT1H,MC-Centro,1769332.8,1841630.0
2025-06-18,7,PT1H,MC-Centro,1879141.31,1937340.0
2025-06-18,8,PT1H,MC-Centro,2022304.18,2052770.0
2025-06-18,9,PT1H,MC-Centro,2124613.6,2151620.0
2025-06-18,10,PT1H,MC-Centro,2175806.53,2208400.0
2025-06-18,11,PT1H,MC-Centro,2248264.23,2265760.0
2025-06-18,12,PT1H,MC-Centro,2289545.64,2283450.0
2025-06-18,13,PT1H,MC-Centro,2277072.7,2269890.0
2025-06-18,14,PT1H,MC-Centro,2228507.82,2228070.0
2025-06-18,15,PT1H,MC-Centro,2232151.23,2247660.0
2025-06-18,16,PT1H,MC-Centro,2226737.14,2240860.0
2025-06-18,17,PT1H,MC-Centro,2169743.76,2212730.0
2025-06-18,18,PT1H,MC-Centro,2119125.63,2195600.0
2025-06-18,19,PT1H,MC-Centro,2233085.52,2310340.0
2025-06-18,20,PT1H,MC-Centro,2279808.07,2339710.0
2025-06-18,21,PT1H,MC-Centro,2192840.18,2248570.0
2025-06-18,22,PT1H,MC-Centro,2015950.88,2062500.0
2025-06-18,23,PT1H,MC-Centro,1785629.2,1836200.0
2025-06-18,24,PT1H,MC-Centro,1645032.21,1681640.0
2025-10-24,1,PT1H,MC-Centro,3156038.08,3135760.0
2025-10-24,2,PT1H,MC-Centro,3026411.8,3007840.0
2025-10-24,3,PT1H,MC-Centro,2935967.9,2906140.0
2025-10-24,4,PT1H,MC-Centro,2953105.96,2906180.0
2025-10-24,5,PT1H,MC-Centro,3226773.24,3134540.0
2025-10-24,6,PT1H,MC-Centro,3658385.34,3506100.0
2025-10-24,7,PT1H,MC-Centro,3876892.42,3789880.0
2025-10-24,8,PT1H,MC-Centro,4123892.32,4090340.0
2025-10-24,9,PT1H,MC-Centro,4313217.86,4321820.0
2025-10-24,10,PT1H,MC-Centro,4401545.72,4428880.0
2025-10-24,11,PT1H,MC-Centro,4571804.62,4561620.0
2025-10-24,12,PT1H,MC-Centro,4660177.2,4661860.0
2025-10-24,13,PT1H,MC-Centro,4629789.8,4619020.0
2025-10-24,14,PT1H,MC-Centro,4508329.96,4513540.0
2025-10-24,15,PT1H,MC-Centro,4526257.7,4497620.0
2025-10-24,16,PT1H,MC-Centro,4466981.82,4484780.0
2025-10-24,17,PT1H,MC-Centro,4402770.12,4387920.0
2025-10-24,18,PT1H,MC-Centro,4472015.66,4365040.0
2025-10-24,19,PT1H,MC-Centro,4622509.92,4558060.0
2025-10-24,20,PT1H,MC-Centro,4561227.16,4501420.0
2025-10-24,21,PT1H,MC-Centro,4367015.4,4308300.0
2025-10-24,22,PT1H,MC-Centro,4041901.5,3973420.0
2025-10-24,23,PT1H,MC-Centro,3676864.18,3629940.0
2025-10-24,24,PT1H,MC-Centro,3405623.5,3362720.0
2025-01-08,1,PT1H,MC-Centro,1439165.6,1450000.0
2025-01-08,2,PT1H,MC-Centro,1384710.57,1387000.0
2025-01-08,3,PT1H,MC-Centro,1343846.58,1333000.0
2025-01-08,4,PT1H,MC-Centro,1340292.17,1331000.0
2025-01-08,5,PT1H,MC-Centro,1407008.97,1402000.0
2025-01-08,6,PT1H,MC-Centro,1498272.92,1515000.0
2025-01-08,7,PT1H,MC-Centro,1654839.11,1670000.0
2025-01-08,8,PT1H,MC-Centro,1819055.93,1832000.0
2025-01-08,9,PT1H,MC-Centro,1886281.09,1950000.0
2025-01-08,10,PT1H,MC-Centro,1968718.22,2014000.0
2025-01-08,11,PT1H,MC-Centro,2030416.81,2097000.0
2025-01-08,12,PT1H,MC-Centro,2062720.13,2157000.0
2025-01-08,13,PT1H,MC-Centro,2092778.95,2168000.0
2025-01-08,14,PT1H,MC-Centro,2063617.95,2119000.0
2025-01-08,15,PT1H,MC-Centro,2069001.52,2100000.0
2025-01-08,16,PT1H,MC-Centro,2055662.76,2085000.0
2025-01-08,17,PT1H,MC-Centro,2016154.17,2066000.0
2025-01-08,18,PT1H,MC-Centro,1986537.64,2038000.0
2025-01-08,19,PT1H,MC-Centro,2089054.89,2139000.0
2025-01-08,20,PT1H,MC-Centro,2101048.92,2137000.0
2025-01-08,21,PT1H,MC-Centro,2016916.22,2057000.0
2025-01-08,22,PT1H,MC-Centro,1844806.52,1897000.0
2025-01-08,23,PT1H,MC-Centro,1673523.3,1711000.0
2025-01-08,24,PT1H,MC-Centro,1578218.21,1574000.0
2024-09-20,1,PT1H,MC-Centro,1557119.55,1548000.0
2024-09-20,2,PT1H,MC-Centro,1492152.51,1494000.0
2024-09-20,3,PT1H,MC-Centro,1445134.61,1447000.0
2024-09-20,4,PT1H,MC-Centro,1442993.44,1450000.0
2024-09-20,5,PT1H,MC-Centro,1573173.93,1590000.0
2024-09-20,6,PT1H,MC-Centro,1786037.61,1824000.0
2024-09-20,7,PT1H,MC-Centro,1884192.29,1925000.0
2024-09-20,8,PT1H,MC-Centro,2012732.57,2041000.0
2024-09-20,9,PT1H,MC-Centro,2117468.21,2111000.0
2024-09-20,10,PT1H,MC-Centro,2170576.64,2153000.0
2024-09-20,11,PT1H,MC-Centro,2235588.3,2221000.0
2024-09-20,12,PT1H,MC-Centro,2266877.67,2262000.0
2024-09-20,13,PT1H,MC-Centro,2246559.91,2242000.0
2024-09-20,14,PT1H,MC-Centro,2201367.29,2207000.0
2024-09-20,15,PT1H,MC-Centro,2199037.77,2208000.0
2024-09-20,16,PT1H,MC-Centro,2191058.16,2199000.0
2024-09-20,17,PT1H,MC-Centro,2143478.27,2159000.0
2024-09-20,18,PT1H,MC-Centro,2144132.72,2144000.0
2024-09-20,19,PT1H,MC-Centro,2241577.48,2242000.0
2024-09-20,20,PT1H,MC-Centro,2230252.57,2227000.0
2024-09-20,21,PT1H,MC-Centro,2141094.11,2144000.0
2024-09-20,22,PT1H,MC-Centro,1989336.97,1984000.0
2024-09-20,23,PT1H,MC-Centro,1811520.1,1806000.0
2024-09-20,24,PT1H,MC-Centro,1675386.37,1677000.0
2024-12-22,1,PT1H,MC-Centro,1398878.49,1400000.0
2024-12-22,2,PT1H,MC-Centro,1338023.67,1330000.0
2024-12-22,3,PT1H,MC-Centro,1281775.17,1279000.0
2024-12-22,4,PT1H,MC-Centro,1248061.96,1248000.0
2024-12-22,5,PT1H,MC-Centro,1247490.0,1245000.0
2024-12-22,6,PT1H,MC-Centro,1248332.95,1232000.0
2024-12-22,7,PT1H,MC-Centro,1308547.87,1298000.0
2024-12-22,8,PT1H,MC-Centro,1461394.33,1437000.0
2024-12-22,9,PT1H,MC-Centro,1565438.87,1554000.0
2024-12-22,10,PT1H,MC-Centro,1651476.12,1635000.0
2024-12-22,11,PT1H,MC-Centro,1714453.96,1689000.0
2024-12-22,12,PT1H,MC-Centro,1760290.19,1722000.0
2024-12-22,13,PT1H,MC-Centro,1753320.95,1734000.0
2024-12-22,14,PT1H,MC-Centro,1729628.48,1695000.0
2024-12-22,15,PT1H,MC-Centro,1683156.74,1651000.0
2024-12-22,16,PT1H,MC-Centro,1659998.16,1624000.0
2024-12-22,17,PT1H,MC-Centro,1657900.89,1621000.0
2024-12-22,18,PT1H,MC-Centro,1700199.81,1687000.0
2024-12-22,19,PT1H,MC-Centro,1847962.4,1829000.0
2024-12-22,20,PT1H,MC-Centro,1858524.59,1854000.0
2024-12-22,21,PT1H,MC-Centro,1809129.56,1799000.0
2024-12-22,22,PT1H,MC-Centro,1720171.26,1691000.0
2024-12-22,23,PT1H,MC-Centro,1591010.89,1590000.0
2024-12-22,24,PT1H,MC-Centro,1484753.5,1463000.0
2026-01-16,6,PT1H,MC-Centro,1639235.95,1633000.0
2026-01-16,7,PT1H,MC-Centro,1797611.78,1796000.0
2026-01-16,8,PT1H,MC-Centro,1955497.92,1967000.0
2026-01-16,9,PT1H,MC-Centro,2080832.22,2065000.0
2026-01-16,10,PT1H,MC-Centro,2164722.47,2109000.0
2026-01-16,11,PT1H,MC-Centro,2256363.25,2207000.0
2026-01-16,12,PT1H,MC-Centro,2302012.26,2260000.0
2026-01-16,13,PT1H,MC-Centro,2307323.17,2265000.0
2026-01-16,14,PT1H,MC-Centro,2259002.42,2216000.0
2026-01-16,15,PT1H,MC-Centro,2228743.55,2217000.0
2026-01-16,16,PT1H,MC-Centro,2213561.0,2193000.0
2026-01-16,17,PT1H,MC-Centro,2171437.57,2153000.0
2026-01-16,18,PT1H,MC-Centro,2120151.1,2126000.0
2026-01-16,19,PT1H,MC-Centro,2218005.65,2220000.0
2026-01-16,20,PT1H,MC-Centro,2251823.84,2224000.0
2026-01-16,21,PT1H,MC-Centro,2160603.41,2138000.0
2026-01-16,22,PT1H,MC-Centro,1988087.36,1970000.0
2026-01-16,23,PT1H,MC-Centro,1807173.86,1809000.0
2026-01-16,24,PT1H,MC-Centro,1678427.17,1651000.0
2026-01-16,1,PT1H,MC-Centro,1522298.9,1555000.0
2026-01-16,2,PT1H,MC-Centro,1484445.04,1482000.0
2026-01-16,3,PT1H,MC-Centro,1437065.0,1437000.0
2026-01-16,4,PT1H,MC-Centro,1420110.27,1440000.0
2026-01-16,5,PT1H,MC-Centro,1508536.57,1510000.0
2025-06-27,1,PT1H,MC-Centro,1564147.51,1543730.0
2025-06-27,2,PT1H,MC-Centro,1488420.86,1474440.0
2025-06-27,3,PT1H,MC-Centro,1437121.17,1426480.0
2025-06-27,4,PT1H,MC-Centro,1434626.16,1426090.0
2025-06-27,5,PT1H,MC-Centro,1515089.83,1525160.0
2025-06-27,6,PT1H,MC-Centro,1623396.84,1685700.0
2025-06-27,7,PT1H,MC-Centro,1810933.1,1822190.0
2025-06-27,8,PT1H,MC-Centro,1987578.83,1986940.0
2025-06-27,9,PT1H,MC-Centro,2125967.54,2091040.0
2025-06-27,10,PT1H,MC-Centro,2190501.55,2175100.0
2025-06-27,11,PT1H,MC-Centro,2251126.34,2245010.0
2025-06-27,12,PT1H,MC-Centro,2306749.44,2308210.0
2025-06-27,13,PT1H,MC-Centro,2304216.25,2297190.0
2025-06-27,14,PT1H,MC-Centro,2254054.05,2229860.0
2025-06-27,15,PT1H,MC-Centro,2221651.92,2214300.0
2025-06-27,16,PT1H,MC-Centro,2189220.51,2201420.0
2025-06-27,17,PT1H,MC-Centro,2146439.5,2164360.0
2025-06-27,18,PT1H,MC-Centro,2112840.54,2129720.0
2025-06-27,19,PT1H,MC-Centro,2190616.37,2226770.0
2025-06-27,20,PT1H,MC-Centro,2204820.08,2232000.0
2025-06-27,21,PT1H,MC-Centro,2132202.49,2149420.0
2025-06-27,22,PT1H,MC-Centro,1972140.28,1991410.0
2025-06-27,23,PT1H,MC-Centro,1790932.11,1803170.0
2025-06-27,24,PT1H,MC-Centro,1661856.57,1662820.0
2025-03-17,1,PT1H,MC-Centro,1379092.5,1384000.0
2025-03-17,2,PT1H,MC-Centro,1323281.44,1321000.0
2025-03-17,3,PT1H,MC-Centro,1291661.61,1291000.0
2025-03-17,4,PT1H,MC-Centro,1311672.59,1317000.0
2025-03-17,5,PT1H,MC-Centro,1475603.3,1482000.0
2025-03-17,6,PT1H,MC-Centro,1734888.99,1743000.0
2025-03-17,7,PT1H,MC-Centro,1827362.48,1839000.0
2025-03-17,8,PT1H,MC-Centro,1953773.64,1975000.0
2025-03-17,9,PT1H,MC-Centro,1983408.22,2071000.0
2025-03-17,10,PT1H,MC-Centro,2097914.94,2125000.0
2025-03-17,11,PT1H,MC-Centro,2212978.45,2194000.0
2025-03-17,12,PT1H,MC-Centro,2256181.26,2230000.0
2025-03-17,13,PT1H,MC-Centro,2267081.02,2222000.0
2025-03-17,14,PT1H,MC-Centro,2204743.05,2198000.0
2025-03-17,15,PT1H,MC-Centro,2192956.47,2200000.0
2025-03-17,16,PT1H,MC-Centro,2170621.68,2191000.0
2025-03-17,17,PT1H,MC-Centro,2130676.65,2145000.0
2025-03-17,18,PT1H,MC-Centro,2088714.93,2106000.0
2025-03-17,19,PT1H,MC-Centro,2215234.11,2230000.0
2025-03-17,20,PT1H,MC-Centro,2249701.07,2264000.0
2025-03-17,21,PT1H,MC-Centro,2168086.44,2170000.0
2025-03-17,22,PT1H,MC-Centro,1984916.82,1976000.0
2025-03-17,23,PT1H,MC-Centro,1765361.25,1763000.0
2025-03-17,24,PT1H,MC-Centro,1598645.8,1616000.0
2025-08-19,1,PT1H,MC-Centro,1385932.77,1383410.0
2025-08-19,2,PT1H,MC-Centro,1320999.47,1318180.0
2025-08-19,3,PT1H,MC-Centro,1285460.06,1278480.0
2025-08-19,4,PT1H,MC-Centro,1307569.1,1301180.0
2025-08-19,5,PT1H,MC-Centro,1465078.57,1457840.0
2025-08-19,6,PT1H,MC-Centro,1740048.02,1724110.0
2025-08-19,7,PT1H,MC-Centro,1848912.55,1814650.0
2025-08-19,8,PT1H,MC-Centro,1966245.32,1955930.0
2025-08-19,9,PT1H,MC-Centro,2072271.13,2073540.0
2025-08-19,10,PT1H,MC-Centro,2141689.08,2137250.0
2025-08-19,11,PT1H,MC-Centro,2221188.47,2194740.0
2025-08-19,12,PT1H,MC-Centro,2279765.35,2245520.0
2025-08-19,13,PT1H,MC-Centro,2260250.5,2228670.0
2025-08-19,14,PT1H,MC-Centro,2221811.75,2193870.0
2025-08-19,15,PT1H,MC-Centro,2203599.44,2190260.0
2025-08-19,16,PT1H,MC-Centro,2194557.18,2188500.0
2025-08-19,17,PT1H,MC-Centro,2154831.82,2152350.0
2025-08-19,18,PT1H,MC-Centro,2104225.87,2118680.0
2025-08-19,19,PT1H,MC-Centro,2240968.47,2244030.0
2025-08-19,20,PT1H,MC-Centro,2277384.25,2277260.0
2025-08-19,21,PT1H,MC-Centro,2185622.97,2193270.0
2025-08-19,22,PT1H,MC-Centro,1996249.65,2000030.0
2025-08-19,23,PT1H,MC-Centro,1778097.32,1772940.0
2025-08-19,24,PT1H,MC-Centro,1630470.56,1626820.0
2024-08-31,1,PT1H,MC-Centro,1525835.4,1532000.0
2024-08-31,2,PT1H,MC-Centro,1446937.05,1463000.0
2024-08-31,3,PT1H,MC-Centro,1388844.75,1411000.0
2024-08-31,4,PT1H,MC-Centro,1368478.37,1395000.0
2024-08-31,5,PT1H,MC-Centro,1407056.85,1438000.0
2024-08-31,6,PT1H,MC-Centro,1466874.82,1508000.0
2024-08-31,7,PT1H,MC-Centro,1616378.42,1671000.0
2024-08-31,8,PT1H,MC-Centro,1775510.96,1852000.0
2024-08-31,9,PT1H,MC-Centro,1927779.96,1971000.0
2024-08-31,10,PT1H,MC-Centro,1996184.57,2040000.0
2024-08-31,11,PT1H,MC-Centro,2059725.46,2097000.0
2024-08-31,12,PT1H,MC-Centro,2070067.04,2108000.0
2024-08-31,13,PT1H,MC-Centro,2050780.28,2079000.0
2024-08-31,14,PT1H,MC-Centro,1988771.11,2012000.0
2024-08-31,15,PT1H,MC-Centro,1935791.63,1946000.0
2024-08-31,16,PT1H,MC-Centro,1896315.58,1918000.0
2024-08-31,17,PT1H,MC-Centro,1867610.61,1886000.0
2024-08-31,18,PT1H,MC-Centro,1865569.0,1879000.0
2024-08-31,19,PT1H,MC-Centro,1993495.47,1988000.0
2024-08-31,20,PT1H,MC-Centro,1988106.82,1995000.0
2024-08-31,21,PT1H,MC-Centro,1907513.26,1919000.0
2024-08-31,22,PT1H,MC-Centro,1759190.66,1781000.0
2024-08-31,23,PT1H,MC-Centro,1621334.12,1628000.0
2024-08-31,24,PT1H,MC-Centro,1489640.66,1502000.0
2025-08-18,1,PT1H,MC-Centro,1324090.37,1327000.0
2025-08-18,2,PT1H,MC-Centro,1254537.17,1259000.0
2025-08-18,3,PT1H,MC-Centro,1207089.35,1210000.0
2025-08-18,4,PT1H,MC-Centro,1190445.92,1186000.0
2025-08-18,5,PT1H,MC-Centro,1206729.59,1200000.0
2025-08-18,6,PT1H,MC-Centro,1222055.43,1209000.0
2025-08-18,7,PT1H,MC-Centro,1262835.92,1255000.0
2025-08-18,8,PT1H,MC-Centro,1399652.21,1391000.0
2025-08-18,9,PT1H,MC-Centro,1555435.18,1544000.0
2025-08-18,10,PT1H,MC-Centro,1680190.24,1676000.0
2025-08-18,11,PT1H,MC-Centro,1799264.02,1791000.0
2025-08-18,12,PT1H,MC-Centro,1880452.61,1858000.0
2025-08-18,13,PT1H,MC-Centro,1906427.02,1883000.0
2025-08-18,14,PT1H,MC-Centro,1870808.58,1855000.0
2025-08-18,15,PT1H,MC-Centro,1800014.85,1796000.0
2025-08-18,16,PT1H,MC-Centro,1756865.86,1758000.0
2025-08-18,17,PT1H,MC-Centro,1749405.09,1739000.0
2025-08-18,18,PT1H,MC-Centro,1760440.65,1760000.0
2025-08-18,19,PT1H,MC-Centro,1944684.8,1919000.0
2025-08-18,20,PT1H,MC-Centro,1989853.9,1974000.0
2025-08-18,21,PT1H,MC-Centro,1892395.76,1906000.0
2025-08-18,22,PT1H,MC-Centro,1754183.23,1763000.0
2025-08-18,23,PT1H,MC-Centro,1593861.82,1612000.0
2025-08-18,24,PT1H,MC-Centro,1467655.31,1478000.0
2024-09-09,1,PT1H,MC-Centro,1351316.4,1348000.0
2024-09-09,2,PT1H,MC-Centro,1294869.07,1289000.0
2024-09-09,3,PT1H,MC-Centro,1264971.95,1255000.0
2024-09-09,4,PT1H,MC-Centro,1292361.17,1281000.0
2024-09-09,5,PT1H,MC-Centro,1451012.97,1439000.0
2024-09-09,6,PT1H,MC-Centro,1707026.15,1696000.0
2024-09-09,7,PT1H,MC-Centro,1801454.32,1789000.0
2024-09-09,8,PT1H,MC-Centro,1913085.55,1921000.0
2024-09-09,9,PT1H,MC-Centro,2003204.44,2013000.0
2024-09-09,10,PT1H,MC-Centro,2066548.48,2070000.0
2024-09-09,11,PT1H,MC-Centro,2140139.81,2143000.0
2024-09-09,12,PT1H,MC-Centro,2184260.78,2184000.0
2024-09-09,13,PT1H,MC-Centro,2176607.3,2176000.0
2024-09-09,14,PT1H,MC-Centro,2129294.27,2136000.0
2024-09-09,15,PT1H,MC-Centro,2146190.75,2135000.0
2024-09-09,16,PT1H,MC-Centro,2135101.07,2125000.0
2024-09-09,17,PT1H,MC-Centro,2096027.57,2080000.0
2024-09-09,18,PT1H,MC-Centro,2077831.64,2047000.0
2024-09-09,19,PT1H,MC-Centro,2210216.77,2168000.0
2024-09-09,20,PT1H,MC-Centro,2215580.55,2219000.0
2024-09-09,21,PT1H,MC-Centro,2124500.33,2124000.0
2024-09-09,22,PT1H,MC-Centro,1940250.95,1937000.0
2024-09-09,23,PT1H,MC-Centro,1735972.6,1732000.0
2024-09-09,24,PT1H,MC-Centro,1610381.16,1600000.0
2025-05-03,1,PT1H,MC-Centro,1539986.89,1554000.0
2025-05-03,2,PT1H,MC-Centro,1468056.28,1482000.0
2025-05-03,3,PT1H,MC-Centro,1417650.74,1434000.0
2025-05-03,4,PT1H,MC-Centro,1410168.03,1418000.0
2025-05-03,5,PT1H,MC-Centro,1433129.1,1453000.0
2025-05-03,6,PT1H,MC-Centro,1485907.91,1511000.0
2025-05-03,7,PT1H,MC-Centro,1622359.17,1656000.0
2025-05-03,8,PT1H,MC-Centro,1780683.78,1836000.0
2025-05-03,9,PT1H,MC-Centro,1927654.25,1972000.0
2025-05-03,10,PT1H,MC-Centro,2016610.54,2054000.0
2025-05-03,11,PT1H,MC-Centro,2093494.09,2125000.0
2025-05-03,12,PT1H,MC-Centro,2119570.4,2154000.0
2025-05-03,13,PT1H,MC-Centro,2093741.51,2124000.0
2025-05-03,14,PT1H,MC-Centro,2034395.12,2065000.0
2025-05-03,15,PT1H,MC-Centro,1975011.05,2004000.0
2025-05-03,16,PT1H,MC-Centro,1935634.84,1963000.0
2025-05-03,17,PT1H,MC-Centro,1914740.01,1928000.0
2025-05-03,18,PT1H,MC-Centro,1901862.12,1922000.0
2025-05-03,19,PT1H,MC-Centro,2021140.14,2031000.0
2025-05-03,20,PT1H,MC-Centro,2021430.81,2036000.0
2025-05-03,21,PT1H,MC-Centro,1947279.5,1960000.0
2025-05-03,22,PT1H,MC-Centro,1813839.4,1827000.0
2025-05-03,23,PT1H,MC-Centro,1658200.71,1675000.0
2025-05-03,24,PT1H,MC-Centro,1524837.96,1535000.0
2025-01-15,1,PT1H,MC-Centro,1527089.49,1472000.0
2025-01-15,2,PT1H,MC-Centro,1461034.48,1412000.0
2025-01-15,3,PT1H,MC-Centro,1414343.15,1358000.0
2025-01-15,4,PT1H,MC-Centro,1408991.85,1355000.0
2025-01-15,5,PT1H,MC-Centro,1500699.3,1436000.0
2025-01-15,6,PT1H,MC-Centro,1638818.47,1554000.0
2025-01-15,7,PT1H,MC-Centro,1808506.9,1727000.0
2025-01-15,8,PT1H,MC-Centro,1979020.72,1893000.0
2025-01-15,9,PT1H,MC-Centro,2050603.47,2003000.0
2025-01-15,10,PT1H,MC-Centro,2100291.58,2068000.0
2025-01-15,11,PT1H,MC-Centro,2177438.98,2151000.0
2025-01-15,12,PT1H,MC-Centro,2222763.03,2190000.0
2025-01-15,13,PT1H,MC-Centro,2227905.99,2212000.0
2025-01-15,14,PT1H,MC-Centro,2199415.27,2180000.0
2025-01-15,15,PT1H,MC-Centro,2186088.28,2172000.0
2025-01-15,16,PT1H,MC-Centro,2185816.08,2141000.0
2025-01-15,17,PT1H,MC-Centro,2132748.11,2109000.0
2025-01-15,18,PT1H,MC-Centro,2106719.77,2100000.0
2025-01-15,19,PT1H,MC-Centro,2224352.15,2193000.0
2025-01-15,20,PT1H,MC-Centro,2216739.26,2175000.0
2025-01-15,21,PT1H,MC-Centro,2127048.66,2100000.0
2025-01-15,22,PT1H,MC-Centro,1943314.74,1935000.0
2025-01-15,23,PT1H,MC-Centro,1768284.44,1756000.0
2025-01-15,24,PT1H,MC-Centro,1631794.06,1616000.0
2024-10-14,2,PT1H,MC-Centro,1256112.09,1214000.0
2024-10-14,3,PT1H,MC-Centro,1209363.19,1168000.0
2024-10-14,4,PT1H,MC-Centro,1179483.66,1150000.0
2024-10-14,5,PT1H,MC-Centro,1172482.87,1161000.0
2024-10-14,6,PT1H,MC-Centro,1162994.52,1168000.0
2024-10-14,7,PT1H,MC-Centro,1230166.11,1228000.0
2024-10-14,8,PT1H,MC-Centro,1364863.66,1369000.0
2024-10-14,9,PT1H,MC-Centro,1511265.53,1536000.0
2024-10-14,10,PT1H,MC-Centro,1621996.09,1659000.0
2024-10-14,11,PT1H,MC-Centro,1721389.16,1760000.0
2024-10-14,12,PT1H,MC-Centro,1787942.91,1825000.0
2024-10-14,13,PT1H,MC-Centro,1806205.51,1850000.0
2024-10-14,14,PT1H,MC-Centro,1797215.79,1819000.0
2024-10-14,15,PT1H,MC-Centro,1758796.82,1765000.0
2024-10-14,16,PT1H,MC-Centro,1724827.76,1719000.0
2024-10-14,17,PT1H,MC-Centro,1717336.33,1709000.0
2024-10-14,18,PT1H,MC-Centro,1788243.09,1749000.0
2024-10-14,19,PT1H,MC-Centro,1903175.3,1896000.0
2024-10-14,20,PT1H,MC-Centro,1916226.74,1931000.0
2024-10-14,21,PT1H,MC-Centro,1829266.56,1849000.0
2024-10-14,22,PT1H,MC-Centro,1692938.16,1702000.0
2024-10-14,23,PT1H,MC-Centro,1555422.31,1557000.0
2024-10-14,24,PT1H,MC-Centro,1448251.75,1448000.0
2024-10-14,1,PT1H,MC-Centro,1326519.89,1282000.0
2025-02-01,1,PT1H,MC-Centro,1553912.7,1575000.0
2025-02-01,2,PT1H,MC-Centro,1482399.6,1507000.0
2025-02-01,3,PT1H,MC-Centro,1422785.55,1445000.0
2025-02-01,4,PT1H,MC-Centro,1393557.39,1434000.0
2025-02-01,5,PT1H,MC-Centro,1416889.45,1466000.0
2025-02-01,6,PT1H,MC-Centro,1511802.28,1529000.0
2025-02-01,7,PT1H,MC-Centro,1651948.55,1659000.0
2025-02-01,8,PT1H,MC-Centro,1830775.88,1825000.0
2025-02-01,9,PT1H,MC-Centro,1953271.99,1965000.0
2025-02-01,10,PT1H,MC-Centro,2015469.91,2045000.0
2025-02-01,11,PT1H,MC-Centro,2077222.39,2112000.0
2025-02-01,12,PT1H,MC-Centro,2096685.86,2126000.0
2025-02-01,13,PT1H,MC-Centro,2074145.55,2090000.0
2025-02-01,14,PT1H,MC-Centro,2021444.86,2030000.0
2025-02-01,15,PT1H,MC-Centro,1985363.13,1968000.0
2025-02-01,16,PT1H,MC-Centro,1917630.68,1934000.0
2025-02-01,17,PT1H,MC-Centro,1902941.4,1910000.0
2025-02-01,18,PT1H,MC-Centro,1911236.08,1906000.0
2025-02-01,19,PT1H,MC-Centro,2008474.73,2007000.0
2025-02-01,20,PT1H,MC-Centro,2011910.82,2011000.0
2025-02-01,21,PT1H,MC-Centro,1922796.96,1933000.0
2025-02-01,22,PT1H,MC-Centro,1791494.59,1805000.0
2025-02-01,23,PT1H,MC-Centro,1642622.45,1653000.0
2025-02-01,24,PT1H,MC-Centro,1508565.74,1530000.0
2026-02-12,1,PT1H,MC-Centro,1568543.19,1607740.0
2026-02-12,2,PT1H,MC-Centro,1513789.94,1545780.0
2026-02-12,3,PT1H,MC-Centro,1472911.55,1507380.0
2026-02-12,4,PT1H,MC-Centro,1489525.35,1517640.0
2026-02-12,5,PT1H,MC-Centro,1654974.47,1661110.0
2026-02-12,6,PT1H,MC-Centro,1898207.71,1880200.0
2026-02-12,7,PT1H,MC-Centro,1999569.21,1967090.0
2026-02-12,8,PT1H,MC-Centro,2100356.17,2088440.0
2026-02-12,9,PT1H,MC-Centro,2185548.16,2172420.0
2026-02-12,10,PT1H,MC-Centro,2214044.42,2219840.0
2026-02-12,11,PT1H,MC-Centro,2282092.5,2303430.0
2026-02-12,12,PT1H,MC-Centro,2330993.79,2339710.0
2026-02-12,13,PT1H,MC-Centro,2320419.52,2333380.0
2026-02-12,14,PT1H,MC-Centro,2285660.76,2302710.0
2026-02-12,15,PT1H,MC-Centro,2296369.34,2304890.0
2026-02-12,16,PT1H,MC-Centro,2291836.56,2257300.0
2026-02-12,17,PT1H,MC-Centro,2250661.27,2236030.0
2026-02-12,18,PT1H,MC-Centro,2217264.48,2210060.0
2026-02-12,19,PT1H,MC-Centro,2333257.44,2345040.0
2026-02-12,20,PT1H,MC-Centro,2329526.64,2378680.0
2026-02-12,21,PT1H,MC-Centro,2225499.19,2269600.0
2026-02-12,22,PT1H,MC-Centro,2033930.61,2073210.0
2026-02-12,23,PT1H,MC-Centro,1845290.18,1846890.0
2026-02-12,24,PT1H,MC-Centro,1670861.66,1696540.0
2024-08-27,1,PT1H,MC-Centro,1485866.69,1509000.0
2024-08-27,2,PT1H,MC-Centro,1426678.17,1445000.0
2024-08-27,3,PT1H,MC-Centro,1402718.48,1399000.0
2024-08-27,4,PT1H,MC-Centro,1394909.22,1397000.0
2024-08-27,5,PT1H,MC-Centro,1540718.18,1524000.0
2024-08-27,6,PT1H,MC-Centro,1772713.35,1768000.0
2024-08-27,7,PT1H,MC-Centro,1856681.75,1855000.0
2024-08-27,8,PT1H,MC-Centro,1973402.44,1987000.0
2024-08-27,9,PT1H,MC-Centro,2068387.8,2087000.0
2024-08-27,10,PT1H,MC-Centro,2116152.0,2129000.0
2024-08-27,11,PT1H,MC-Centro,2189128.31,2203000.0
2024-08-27,12,PT1H,MC-Centro,2228723.07,2231000.0
2024-08-27,13,PT1H,MC-Centro,2216500.54,2211000.0
2024-08-27,14,PT1H,MC-Centro,2158316.99,2165000.0
2024-08-27,15,PT1H,MC-Centro,2179429.77,2158000.0
2024-08-27,16,PT1H,MC-Centro,2171894.43,2150000.0
2024-08-27,17,PT1H,MC-Centro,2136175.41,2106000.0
2024-08-27,18,PT1H,MC-Centro,2094914.65,2082000.0
2024-08-27,19,PT1H,MC-Centro,2211189.51,2212000.0
2024-08-27,20,PT1H,MC-Centro,2241128.64,2251000.0
2024-08-27,21,PT1H,MC-Centro,2149739.19,2157000.0
2024-08-27,22,PT1H,MC-Centro,1944533.64,1966000.0
2024-08-27,23,PT1H,MC-Centro,1739040.77,1758000.0
2024-08-27,24,PT1H,MC-Centro,1604533.8,1611000.0
2025-09-15,1,PT1H,MC-Centro,1366568.89,1359000.0
2025-09-15,2,PT1H,MC-Centro,1314395.35,1302000.0
2025-09-15,3,PT1H,MC-Centro,1277684.54,1268000.0
2025-09-15,4,PT1H,MC-Centro,1300902.89,1286000.0
2025-09-15,5,PT1H,MC-Centro,1462941.69,1450000.0
2025-09-15,6,PT1H,MC-Centro,1725169.28,1715000.0
2025-09-15,7,PT1H,MC-Centro,1844652.94,1833000.0
2025-09-15,8,PT1H,MC-Centro,1983312.25,1961000.0
2025-09-15,9,PT1H,MC-Centro,2100921.46,2079000.0
2025-09-15,10,PT1H,MC-Centro,2165584.92,2153000.0
2025-09-15,11,PT1H,MC-Centro,2240989.04,2228000.0
2025-09-15,12,PT1H,MC-Centro,2291763.86,2278000.0
2025-09-15,13,PT1H,MC-Centro,2279450.54,2266000.0
2025-09-15,14,PT1H,MC-Centro,2229314.36,2213000.0
2025-09-15,15,PT1H,MC-Centro,2240663.34,2220000.0
2025-09-15,16,PT1H,MC-Centro,2219980.81,2204000.0
2025-09-15,17,PT1H,MC-Centro,2173526.6,2174000.0
2025-09-15,18,PT1H,MC-Centro,2159595.01,2150000.0
2025-09-15,19,PT1H,MC-Centro,2298738.38,2273000.0
2025-09-15,20,PT1H,MC-Centro,2301062.65,2293000.0
2025-09-15,21,PT1H,MC-Centro,2189955.91,2192000.0
2025-09-15,22,PT1H,MC-Centro,2006768.2,1998000.0
2025-09-15,23,PT1H,MC-Centro,1797670.16,1776000.0
2025-09-15,24,PT1H,MC-Centro,1645214.53,1630000.0
2025-06-08,1,PT1H,MC-Centro,1420285.06,1411000.0
2025-06-08,2,PT1H,MC-Centro,1341981.98,1339000.0
2025-06-08,3,PT1H,MC-Centro,1290319.09,1282000.0
2025-06-08,4,PT1H,MC-Centro,1249975.86,1246000.0
2025-06-08,5,PT1H,MC-Centro,1236509.3,1239000.0
2025-06-08,6,PT1H,MC-Centro,1233359.13,1234000.0
2025-06-08,7,PT1H,MC-Centro,1283094.91,1270000.0
2025-06-08,8,PT1H,MC-Centro,1407247.98,1398000.0
2025-06-08,9,PT1H,MC-Centro,1528366.98,1537000.0
2025-06-08,10,PT1H,MC-Centro,1689136.39,1653000.0
2025-06-08,11,PT1H,MC-Centro,1746222.2,1743000.0
2025-06-08,12,PT1H,MC-Centro,1784833.52,1795000.0
2025-06-08,13,PT1H,MC-Centro,1802672.35,1815000.0
2025-06-08,14,PT1H,MC-Centro,1787306.3,1787000.0
2025-06-08,15,PT1H,MC-Centro,1736328.93,1743000.0
2025-06-08,16,PT1H,MC-Centro,1700081.72,1715000.0
2025-06-08,17,PT1H,MC-Centro,1679303.06,1693000.0
2025-06-08,18,PT1H,MC-Centro,1719735.5,1716000.0
2025-06-08,19,PT1H,MC-Centro,1892217.83,1877000.0
2025-06-08,20,PT1H,MC-Centro,1943913.59,1915000.0
2025-06-08,21,PT1H,MC-Centro,1886682.19,1855000.0
2025-06-08,22,PT1H,MC-Centro,1750828.86,1723000.0
2025-06-08,23,PT1H,MC-Centro,1591790.51,1576000.0
2025-06-08,24,PT1H,MC-Centro,1456852.46,1442000.0
2026-02-10,1,PT1H,MC-Centro,1574477.33,1584920.0
2026-02-10,2,PT1H,MC-Centro,1488128.18,1531710.0
2026-02-10,3,PT1H,MC-Centro,1445271.31,1475090.0
2026-02-10,4,PT1H,MC-Centro,1457294.92,1486840.0
2026-02-10,5,PT1H,MC-Centro,1643861.07,1650510.0
2026-02-10,6,PT1H,MC-Centro,1901813.63,1883850.0
2026-02-10,7,PT1H,MC-Centro,1955601.4,1973660.0
2026-02-10,8,PT1H,MC-Centro,2070454.09,2092040.0
2026-02-10,9,PT1H,MC-Centro,2153477.4,2183850.0
2026-02-10,10,PT1H,MC-Centro,2200830.78,2226750.0
2026-02-10,11,PT1H,MC-Centro,2259587.73,2296410.0
2026-02-10,12,PT1H,MC-Centro,2326525.11,2341640.0
2026-02-10,13,PT1H,MC-Centro,2304914.83,2324520.0
2026-02-10,14,PT1H,MC-Centro,2268786.2,2299140.0
2026-02-10,15,PT1H,MC-Centro,2289876.99,2297330.0
2026-02-10,16,PT1H,MC-Centro,2298954.66,2291850.0
2026-02-10,17,PT1H,MC-Centro,2241718.86,2242080.0
2026-02-10,18,PT1H,MC-Centro,2223312.99,2222300.0
2026-02-10,19,PT1H,MC-Centro,2349469.97,2346820.0
2026-02-10,20,PT1H,MC-Centro,2363295.65,2382620.0
2026-02-10,21,PT1H,MC-Centro,2252878.81,2282000.0
2026-02-10,22,PT1H,MC-Centro,2044746.47,2080320.0
2026-02-10,23,PT1H,MC-Centro,1830714.4,1862890.0
2026-02-10,24,PT1H,MC-Centro,1700140.44,1671930.0
2025-09-11,1,PT1H,MC-Centro,1567250.83,1551000.0
2025-09-11,2,PT1H,MC-Centro,1501987.68,1488000.0
2025-09-11,3,PT1H,MC-Centro,1454022.55,1443000.0
2025-09-11,4,PT1H,MC-Centro,1459565.01,1441000.0
2025-09-11,5,PT1H,MC-Centro,1602618.74,1583000.0
2025-09-11,6,PT1H,MC-Centro,1865535.93,1828000.0
2025-09-11,7,PT1H,MC-Centro,1956774.7,1936000.0
2025-09-11,8,PT1H,MC-Centro,2061656.44,2046000.0
2025-09-11,9,PT1H,MC-Centro,2166472.95,2156000.0
2025-09-11,10,PT1H,MC-Centro,2209849.3,2209000.0
2025-09-11,11,PT1H,MC-Centro,2280556.33,2261000.0
2025-09-11,12,PT1H,MC-Centro,2310694.16,2303000.0
2025-09-11,13,PT1H,MC-Centro,2296751.85,2284000.0
2025-09-11,14,PT1H,MC-Centro,2243553.77,2231000.0
2025-09-11,15,PT1H,MC-Centro,2240888.2,2239000.0
2025-09-11,16,PT1H,MC-Centro,2216605.12,2218000.0
2025-09-11,17,PT1H,MC-Centro,2187553.3,2180000.0
2025-09-11,18,PT1H,MC-Centro,2153509.63,2160000.0
2025-09-11,19,PT1H,MC-Centro,2275173.42,2285000.0
2025-09-11,20,PT1H,MC-Centro,2303609.65,2298000.0
2025-09-11,21,PT1H,MC-Centro,2209307.09,2202000.0
2025-09-11,22,PT1H,MC-Centro,2022734.89,2014000.0
2025-09-11,23,PT1H,MC-Centro,1817637.64,1802000.0
2025-09-11,24,PT1H,MC-Centro,1667433.89,1651000.0
2025-04-12,1,PT1H,MC-Centro,1568150.98,1581360.0
2025-04-12,2,PT1H,MC-Centro,1498004.98,1508400.0
2025-04-12,3,PT1H,MC-Centro,1449698.01,1459500.0
2025-04-12,4,PT1H,MC-Centro,1435821.53,1443800.0
2025-04-12,5,PT1H,MC-Centro,1470005.9,1475800.0
2025-04-12,6,PT1H,MC-Centro,1525661.85,1548570.0
2025-04-12,7,PT1H,MC-Centro,1671826.77,1691910.0
2025-04-12,8,PT1H,MC-Centro,1852005.65,1877460.0
2025-04-12,9,PT1H,MC-Centro,1995854.54,1998550.0
2025-04-12,10,PT1H,MC-Centro,2082419.16,2068150.0
2025-04-12,11,PT1H,MC-Centro,2158646.06,2127670.0
2025-04-12,12,PT1H,MC-Centro,2190396.62,2150610.0
2025-04-12,13,PT1H,MC-Centro,2163504.94,2112540.0
2025-04-12,14,PT1H,MC-Centro,2102619.87,2054700.0
2025-04-12,15,PT1H,MC-Centro,2038574.44,1992650.0
2025-04-12,16,PT1H,MC-Centro,1993993.84,1961410.0
2025-04-12,17,PT1H,MC-Centro,1962061.11,1929290.0
2025-04-12,18,PT1H,MC-Centro,1955083.77,1937200.0
2025-04-12,19,PT1H,MC-Centro,2075256.07,2023920.0
2025-04-12,20,PT1H,MC-Centro,2080192.78,2027110.0
2025-04-12,21,PT1H,MC-Centro,2004823.71,1941600.0
2025-04-12,22,PT1H,MC-Centro,1868525.4,1807340.0
2025-04-12,23,PT1H,MC-Centro,1712699.83,1664350.0
2025-04-12,24,PT1H,MC-Centro,1575616.73,1518460.0
2025-05-10,1,PT1H,MC-Centro,1555663.76,1574000.0
2025-05-10,2,PT1H,MC-Centro,1485972.78,1501000.0
2025-05-10,3,PT1H,MC-Centro,1435428.9,1450000.0
2025-05-10,4,PT1H,MC-Centro,1417099.2,1433000.0
2025-05-10,5,PT1H,MC-Centro,1446798.12,1469000.0
2025-05-10,6,PT1H,MC-Centro,1492166.35,1529000.0
2025-05-10,7,PT1H,MC-Centro,1660166.15,1676000.0
2025-05-10,8,PT1H,MC-Centro,1845294.23,1855000.0
2025-05-10,9,PT1H,MC-Centro,1987058.01,1998000.0
2025-05-10,10,PT1H,MC-Centro,2061704.37,2072000.0
2025-05-10,11,PT1H,MC-Centro,2124682.93,2145000.0
2025-05-10,12,PT1H,MC-Centro,2126033.56,2178000.0
2025-05-10,13,PT1H,MC-Centro,2088695.64,2153000.0
2025-05-10,14,PT1H,MC-Centro,2024797.01,2093000.0
2025-05-10,15,PT1H,MC-Centro,1959512.54,2033000.0
2025-05-10,16,PT1H,MC-Centro,1928326.78,1993000.0
2025-05-10,17,PT1H,MC-Centro,1901726.45,1957000.0
2025-05-10,18,PT1H,MC-Centro,1886383.76,1945000.0
2025-05-10,19,PT1H,MC-Centro,1998179.84,2052000.0
2025-05-10,20,PT1H,MC-Centro,2008557.04,2053000.0
2025-05-10,21,PT1H,MC-Centro,1932386.19,1977000.0
2025-05-10,22,PT1H,MC-Centro,1804461.63,1844000.0
2025-05-10,23,PT1H,MC-Centro,1647859.32,1686000.0
2025-05-10,24,PT1H,MC-Centro,1517508.04,1543000.0
2025-10-11,1,PT1H,MC-Centro,3174415.58,3108000.0
2025-10-11,2,PT1H,MC-Centro,2997118.58,2956000.0
2025-10-11,3,PT1H,MC-Centro,2895232.66,2858000.0
2025-10-11,4,PT1H,MC-Centro,2866711.04,2824000.0
2025-10-11,5,PT1H,MC-Centro,2930219.26,2890000.0
2025-10-11,6,PT1H,MC-Centro,3010301.12,2998000.0
2025-10-11,7,PT1H,MC-Centro,3291181.98,3292000.0
2025-10-11,8,PT1H,MC-Centro,3620164.32,3644000.0
2025-10-11,9,PT1H,MC-Centro,3909360.8,3934000.0
2025-10-11,10,PT1H,MC-Centro,4090701.34,4096000.0
2025-10-11,11,PT1H,MC-Centro,4225900.12,4232000.0
2025-10-11,12,PT1H,MC-Centro,4285925.04,4262000.0
2025-10-11,13,PT1H,MC-Centro,4222677.86,4208000.0
2025-10-11,14,PT1H,MC-Centro,4062150.28,4066000.0
2025-10-11,15,PT1H,MC-Centro,3950626.98,3926000.0
2025-10-11,16,PT1H,MC-Centro,3913754.02,3856000.0
2025-10-11,17,PT1H,MC-Centro,3854048.1,3786000.0
2025-10-11,18,PT1H,MC-Centro,3928772.26,3770000.0
2025-10-11,19,PT1H,MC-Centro,4064474.64,3986000.0
2025-10-11,20,PT1H,MC-Centro,4011451.6,3972000.0
2025-10-11,21,PT1H,MC-Centro,3816693.68,3812000.0
2025-10-11,22,PT1H,MC-Centro,3576034.68,3530000.0
2025-10-11,23,PT1H,MC-Centro,3310396.82,3232000.0
2025-10-11,24,PT1H,MC-Centro,3026212.22,2978000.0
2025-04-07,23,PT1H,MC-Centro,1811702.05,1766000.0
2025-04-07,24,PT1H,MC-Centro,1656278.81,1612000.0
2025-04-07,1,PT1H,MC-Centro,1380426.81,1378000.0
2025-04-07,2,PT1H,MC-Centro,1321017.51,1318000.0
2025-04-07,3,PT1H,MC-Centro,1280020.78,1282000.0
2025-04-07,4,PT1H,MC-Centro,1285483.81,1304000.0
2025-04-07,5,PT1H,MC-Centro,1425609.7,1459000.0
2025-04-07,6,PT1H,MC-Centro,1686699.04,1722000.0
2025-04-07,7,PT1H,MC-Centro,1802967.85,1822000.0
2025-04-07,8,PT1H,MC-Centro,1941615.96,1957000.0
2025-04-07,9,PT1H,MC-Centro,2059431.37,2055000.0
2025-04-07,10,PT1H,MC-Centro,2120200.07,2123000.0
2025-04-07,11,PT1H,MC-Centro,2216989.47,2197000.0
2025-04-07,12,PT1H,MC-Centro,2273082.91,2236000.0
2025-04-07,13,PT1H,MC-Centro,2278394.3,2223000.0
2025-04-07,14,PT1H,MC-Centro,2233935.85,2193000.0
2025-04-07,15,PT1H,MC-Centro,2230179.23,2196000.0
2025-04-07,16,PT1H,MC-Centro,2210295.01,2188000.0
2025-04-07,17,PT1H,MC-Centro,2149812.42,2147000.0
2025-04-07,18,PT1H,MC-Centro,2115427.09,2098000.0
2025-04-07,19,PT1H,MC-Centro,2249093.34,2218000.0
2025-04-07,20,PT1H,MC-Centro,2278272.02,2251000.0
2025-04-07,21,PT1H,MC-Centro,2205145.48,2164000.0
2025-04-07,22,PT1H,MC-Centro,2022207.27,1980000.0
2024-09-28,1,PT1H,MC-Centro,1566445.85,1570000.0
2024-09-28,2,PT1H,MC-Centro,1492260.76,1505000.0
2024-09-28,3,PT1H,MC-Centro,1444154.7,1447000.0
2024-09-28,4,PT1H,MC-Centro,1433092.8,1432000.0
2024-09-28,5,PT1H,MC-Centro,1469891.73,1473000.0
2024-09-28,6,PT1H,MC-Centro,1532344.52,1536000.0
2024-09-28,7,PT1H,MC-Centro,1692421.09,1709000.0
2024-09-28,8,PT1H,MC-Centro,1859126.28,1890000.0
2024-09-28,9,PT1H,MC-Centro,1975144.23,1996000.0
2024-09-28,10,PT1H,MC-Centro,2067516.67,2077000.0
2024-09-28,11,PT1H,MC-Centro,2131243.17,2128000.0
2024-09-28,12,PT1H,MC-Centro,2137157.39,2132000.0
2024-09-28,13,PT1H,MC-Centro,2102408.99,2102000.0
2024-09-28,14,PT1H,MC-Centro,2030318.83,2033000.0
2024-09-28,15,PT1H,MC-Centro,1973868.38,1978000.0
2024-09-28,16,PT1H,MC-Centro,1939037.38,1949000.0
2024-09-28,17,PT1H,MC-Centro,1919320.51,1923000.0
2024-09-28,18,PT1H,MC-Centro,1932002.55,1926000.0
2024-09-28,19,PT1H,MC-Centro,2006875.57,2041000.0
2024-09-28,20,PT1H,MC-Centro,1964370.89,2021000.0
2024-09-28,21,PT1H,MC-Centro,1890904.43,1945000.0
2024-09-28,22,PT1H,MC-Centro,1746510.55,1810000.0
2024-09-28,23,PT1H,MC-Centro,1611973.9,1657000.0
2024-09-28,24,PT1H,MC-Centro,1484925.02,1535000.0
2025-11-09,1,PT1H,MC-Centro,1452928.08,1429000.0
2025-11-09,2,PT1H,MC-Centro,1386497.5,1361000.0
2025-11-09,3,PT1H,MC-Centro,1324614.95,1305000.0
2025-11-09,4,PT1H,MC-Centro,1282430.73,1269000.0
2025-11-09,5,PT1H,MC-Centro,1279043.83,1266000.0
2025-11-09,6,PT1H,MC-Centro,1267719.12,1263000.0
2025-11-09,7,PT1H,MC-Centro,1321366.82,1326000.0
2025-11-09,8,PT1H,MC-Centro,1450359.91,1452000.0
2025-11-09,9,PT1H,MC-Centro,1598081.11,1590000.0
2025-11-09,10,PT1H,MC-Centro,1715869.99,1694000.0
2025-11-09,11,PT1H,MC-Centro,1792188.87,1773000.0
2025-11-09,12,PT1H,MC-Centro,1841581.16,1821000.0
2025-11-09,13,PT1H,MC-Centro,1868864.82,1837000.0
2025-11-09,14,PT1H,MC-Centro,1838322.62,1807000.0
2025-11-09,15,PT1H,MC-Centro,1780179.18,1748000.0
2025-11-09,16,PT1H,MC-Centro,1750252.5,1713000.0
2025-11-09,17,PT1H,MC-Centro,1755206.93,1702000.0
2025-11-09,18,PT1H,MC-Centro,1829898.03,1794000.0
2025-11-09,19,PT1H,MC-Centro,1965455.59,1945000.0
2025-11-09,20,PT1H,MC-Centro,1955460.78,1956000.0
2025-11-09,21,PT1H,MC-Centro,1877189.02,1884000.0
2025-11-09,22,PT1H,MC-Centro,1742139.44,1741000.0
2025-11-09,23,PT1H,MC-Centro,1599462.63,1584000.0
2025-11-09,24,PT1H,MC-Centro,1472785.07,1460000.0
2025-04-19,1,PT1H,MC-Centro,1266956.17,1261000.0
2025-04-19,2,PT1H,MC-Centro,1199092.56,1192000.0
2025-04-19,3,PT1H,MC-Centro,1156512.98,1149000.0
2025-04-19,4,PT1H,MC-Centro,1143592.24,1138000.0
2025-04-19,5,PT1H,MC-Centro,1170165.04,1172000.0
2025-04-19,6,PT1H,MC-Centro,1195881.61,1212000.0
2025-04-19,7,PT1H,MC-Centro,1272413.1,1289000.0
2025-04-19,8,PT1H,MC-Centro,1422987.59,1418000.0
2025-04-19,9,PT1H,MC-Centro,1572031.24,1575000.0
2025-04-19,10,PT1H,MC-Centro,1680788.13,1694000.0
2025-04-19,11,PT1H,MC-Centro,1774874.21,1788000.0
2025-04-19,12,PT1H,MC-Centro,1830677.91,1836000.0
2025-04-19,13,PT1H,MC-Centro,1836055.47,1854000.0
2025-04-19,14,PT1H,MC-Centro,1805744.39,1813000.0
2025-04-19,15,PT1H,MC-Centro,1757001.94,1755000.0
2025-04-19,16,PT1H,MC-Centro,1727428.14,1721000.0
2025-04-19,17,PT1H,MC-Centro,1700320.17,1699000.0
2025-04-19,18,PT1H,MC-Centro,1686326.57,1748000.0
2025-04-19,19,PT1H,MC-Centro,1835530.2,1890000.0
2025-04-19,20,PT1H,MC-Centro,1836521.31,1907000.0
2025-04-19,21,PT1H,MC-Centro,1770838.99,1817000.0
2025-04-19,22,PT1H,MC-Centro,1670351.63,1689000.0
2025-04-19,23,PT1H,MC-Centro,1547064.54,1555000.0
2025-04-19,24,PT1H,MC-Centro,1424969.53,1433000.0
2026-01-22,1,PT1H,MC-Centro,1593423.22,1552930.0
2026-01-22,2,PT1H,MC-Centro,1520922.16,1485870.0
2026-01-22,3,PT1H,MC-Centro,1483693.02,1444450.0
2026-01-22,4,PT1H,MC-Centro,1475773.28,1448540.0
2026-01-22,5,PT1H,MC-Centro,1568727.88,1541480.0
2026-01-22,6,PT1H,MC-Centro,1723610.48,1684210.0
2026-01-22,7,PT1H,MC-Centro,1888298.9,1842170.0
2026-01-22,8,PT1H,MC-Centro,2065365.76,2004270.0
2026-01-22,9,PT1H,MC-Centro,2179483.96,2115740.0
2026-01-22,10,PT1H,MC-Centro,2224791.58,2180300.0
2026-01-22,11,PT1H,MC-Centro,2298900.44,2265380.0
2026-01-22,12,PT1H,MC-Centro,2350481.69,2304870.0
2026-01-22,13,PT1H,MC-Centro,2359811.94,2316000.0
2026-01-22,14,PT1H,MC-Centro,2298789.8,2258940.0
2026-01-22,15,PT1H,MC-Centro,2297197.67,2258550.0
2026-01-22,16,PT1H,MC-Centro,2279662.99,2242590.0
2026-01-22,17,PT1H,MC-Centro,2224607.15,2196180.0
2026-01-22,18,PT1H,MC-Centro,2185618.18,2148900.0
2026-01-22,19,PT1H,MC-Centro,2317249.29,2269720.0
2026-01-22,20,PT1H,MC-Centro,2333158.56,2292870.0
2026-01-22,21,PT1H,MC-Centro,2239410.07,2206960.0
2026-01-22,22,PT1H,MC-Centro,2051437.6,2025210.0
2026-01-22,23,PT1H,MC-Centro,1854351.13,1821880.0
2026-01-22,24,PT1H,MC-Centro,1672150.14,1677470.0
2025-01-26,1,PT1H,MC-Centro,1421511.61,1422000.0
2025-01-26,2,PT1H,MC-Centro,1350161.76,1347000.0
2025-01-26,3,PT1H,MC-Centro,1281968.51,1290000.0
2025-01-26,4,PT1H,MC-Centro,1260494.63,1253000.0
2025-01-26,5,PT1H,MC-Centro,1267966.39,1258000.0
2025-01-26,6,PT1H,MC-Centro,1281187.18,1273000.0
2025-01-26,7,PT1H,MC-Centro,1338791.26,1304000.0
2025-01-26,8,PT1H,MC-Centro,1466285.29,1427000.0
2025-01-26,9,PT1H,MC-Centro,1571943.28,1538000.0
2025-01-26,10,PT1H,MC-Centro,1657419.86,1630000.0
2025-01-26,11,PT1H,MC-Centro,1720488.31,1707000.0
2025-01-26,12,PT1H,MC-Centro,1772313.6,1748000.0
2025-01-26,13,PT1H,MC-Centro,1780930.54,1771000.0
2025-01-26,14,PT1H,MC-Centro,1744337.46,1741000.0
2025-01-26,15,PT1H,MC-Centro,1701087.49,1697000.0
2025-01-26,16,PT1H,MC-Centro,1663406.48,1670000.0
2025-01-26,17,PT1H,MC-Centro,1656762.76,1668000.0
2025-01-26,18,PT1H,MC-Centro,1718670.44,1707000.0
2025-01-26,19,PT1H,MC-Centro,1862323.01,1873000.0
2025-01-26,20,PT1H,MC-Centro,1912805.5,1911000.0
2025-01-26,21,PT1H,MC-Centro,1841865.57,1846000.0
2025-01-26,22,PT1H,MC-Centro,1707685.89,1723000.0
2025-01-26,23,PT1H,MC-Centro,1571209.4,1589000.0
2025-01-26,24,PT1H,MC-Centro,1503670.71,1482000.0
2025-07-12,1,PT1H,MC-Centro,1565941.0,1562740.0
2025-07-12,2,PT1H,MC-Centro,1487932.28,1490740.0
2025-07-12,3,PT1H,MC-Centro,1436918.8,1439400.0
2025-07-12,4,PT1H,MC-Centro,1419929.31,1420020.0
2025-07-12,5,PT1H,MC-Centro,1452665.24,1457610.0
2025-07-12,6,PT1H,MC-Centro,1504171.34,1513700.0
2025-07-12,7,PT1H,MC-Centro,1651651.88,1665490.0
2025-07-12,8,PT1H,MC-Centro,1836226.86,1840170.0
2025-07-12,9,PT1H,MC-Centro,1993319.37,1983410.0
2025-07-12,10,PT1H,MC-Centro,2079896.16,2060540.0
2025-07-12,11,PT1H,MC-Centro,2140332.63,2116970.0
2025-07-12,12,PT1H,MC-Centro,2166263.76,2134220.0
2025-07-12,13,PT1H,MC-Centro,2127578.82,2116840.0
2025-07-12,14,PT1H,MC-Centro,2052460.5,2056290.0
2025-07-12,15,PT1H,MC-Centro,1974643.16,1995330.0
2025-07-12,16,PT1H,MC-Centro,1933821.74,1955570.0
2025-07-12,17,PT1H,MC-Centro,1912360.92,1932560.0
2025-07-12,18,PT1H,MC-Centro,1885962.93,1917980.0
2025-07-12,19,PT1H,MC-Centro,1986452.73,2018120.0
2025-07-12,20,PT1H,MC-Centro,2007525.8,2024330.0
2025-07-12,21,PT1H,MC-Centro,1929657.28,1949320.0
2025-07-12,22,PT1H,MC-Centro,1788942.96,1818740.0
2025-07-12,23,PT1H,MC-Centro,1639084.01,1663830.0
2025-07-12,24,PT1H,MC-Centro,1503501.88,1526250.0
2024-08-09,1,PT1H,MC-Centro,1499082.73,1520000.0
2024-08-09,2,PT1H,MC-Centro,1441770.52,1460000.0
2024-08-09,3,PT1H,MC-Centro,1395574.49,1412000.0
2024-08-09,4,PT1H,MC-Centro,1400924.34,1412000.0
2024-08-09,5,PT1H,MC-Centro,1529134.52,1536000.0
2024-08-09,6,PT1H,MC-Centro,1756451.88,1766000.0
2024-08-09,7,PT1H,MC-Centro,1856381.58,1858000.0
2024-08-09,8,PT1H,MC-Centro,1966491.19,1985000.0
2024-08-09,9,PT1H,MC-Centro,2075500.04,2069000.0
2024-08-09,10,PT1H,MC-Centro,2144381.59,2124000.0
2024-08-09,11,PT1H,MC-Centro,2201371.22,2193000.0
2024-08-09,12,PT1H,MC-Centro,2234751.9,2236000.0
2024-08-09,13,PT1H,MC-Centro,2216945.25,2219000.0
2024-08-09,14,PT1H,MC-Centro,2163816.74,2186000.0
2024-08-09,15,PT1H,MC-Centro,2166730.15,2177000.0
2024-08-09,16,PT1H,MC-Centro,2160645.42,2157000.0
2024-08-09,17,PT1H,MC-Centro,2111344.08,2114000.0
2024-08-09,18,PT1H,MC-Centro,2076541.28,2063000.0
2024-08-09,19,PT1H,MC-Centro,2182069.19,2170000.0
2024-08-09,20,PT1H,MC-Centro,2191109.97,2190000.0
2024-08-09,21,PT1H,MC-Centro,2102972.49,2113000.0
2024-08-09,22,PT1H,MC-Centro,1936681.5,1949000.0
2024-08-09,23,PT1H,MC-Centro,1755967.77,1769000.0
2024-08-09,24,PT1H,MC-Centro,1635925.23,1642000.0
2025-12-15,1,PT1H,MC-Centro,1448749.42,1395000.0
2025-12-15,2,PT1H,MC-Centro,1383683.57,1335000.0
2025-12-15,3,PT1H,MC-Centro,1338067.2,1288000.0
2025-12-15,4,PT1H,MC-Centro,1346144.17,1295000.0
2025-12-15,5,PT1H,MC-Centro,1444562.78,1414000.0
2025-12-15,6,PT1H,MC-Centro,1594170.45,1588000.0
2025-12-15,7,PT1H,MC-Centro,1798822.2,1783000.0
2025-12-15,8,PT1H,MC-Centro,1987905.53,1968000.0
2025-12-15,9,PT1H,MC-Centro,2128946.56,2101000.0
2025-12-15,10,PT1H,MC-Centro,2200402.14,2186000.0
2025-12-15,11,PT1H,MC-Centro,2280644.05,2256000.0
2025-12-15,12,PT1H,MC-Centro,2329695.69,2322000.0
2025-12-15,13,PT1H,MC-Centro,2355801.33,2319000.0
2025-12-15,14,PT1H,MC-Centro,2324705.07,2266000.0
2025-12-15,15,PT1H,MC-Centro,2310402.21,2279000.0
2025-12-15,16,PT1H,MC-Centro,2285478.58,2261000.0
2025-12-15,17,PT1H,MC-Centro,2246930.3,2209000.0
2025-12-15,18,PT1H,MC-Centro,2226957.19,2225000.0
2025-12-15,19,PT1H,MC-Centro,2343181.22,2315000.0
2025-12-15,20,PT1H,MC-Centro,2325367.55,2300000.0
2025-12-15,21,PT1H,MC-Centro,2250468.11,2212000.0
2025-12-15,22,PT1H,MC-Centro,2093100.42,2036000.0
2025-12-15,23,PT1H,MC-Centro,1899323.73,1825000.0
2025-12-15,24,PT1H,MC-Centro,1732172.68,1673000.0
2025-02-18,24,PT1H,MC-Centro,1651143.07,1616000.0
2025-02-18,1,PT1H,MC-Centro,1534803.25,1531000.0
2025-02-18,2,PT1H,MC-Centro,1472206.08,1468000.0
2025-02-18,3,PT1H,MC-Centro,1444088.56,1430000.0
2025-02-18,4,PT1H,MC-Centro,1441048.74,1448000.0
2025-02-18,5,PT1H,MC-Centro,1599639.62,1605000.0
2025-02-18,6,PT1H,MC-Centro,1843244.14,1829000.0
2025-02-18,7,PT1H,MC-Centro,1905250.58,1910000.0
2025-02-18,8,PT1H,MC-Centro,2025809.99,2043000.0
2025-02-18,9,PT1H,MC-Centro,2103472.84,2137000.0
2025-02-18,10,PT1H,MC-Centro,2150301.43,2181000.0
2025-02-18,11,PT1H,MC-Centro,2199979.72,2244000.0
2025-02-18,12,PT1H,MC-Centro,2257133.72,2270000.0
2025-02-18,13,PT1H,MC-Centro,2249357.35,2244000.0
2025-02-18,14,PT1H,MC-Centro,2223013.77,2202000.0
2025-02-18,15,PT1H,MC-Centro,2231890.6,2223000.0
2025-02-18,16,PT1H,MC-Centro,2235338.52,2209000.0
2025-02-18,17,PT1H,MC-Centro,2210905.86,2169000.0
2025-02-18,18,PT1H,MC-Centro,2151427.93,2115000.0
2025-02-18,19,PT1H,MC-Centro,2261648.5,2235000.0
2025-02-18,20,PT1H,MC-Centro,2294364.26,2268000.0
2025-02-18,21,PT1H,MC-Centro,2204849.22,2190000.0
2025-02-18,22,PT1H,MC-Centro,2004962.41,1986000.0
2025-02-18,23,PT1H,MC-Centro,1800600.15,1766000.0
2025-03-21,1,PT1H,MC-Centro,1559029.51,1560760.0
2025-03-21,2,PT1H,MC-Centro,1499413.61,1495750.0
2025-03-21,3,PT1H,MC-Centro,1452444.45,1446580.0
2025-03-21,4,PT1H,MC-Centro,1447457.1,1456170.0
2025-03-21,5,PT1H,MC-Centro,1568282.51,1597760.0
2025-03-21,6,PT1H,MC-Centro,1821242.74,1835850.0
2025-03-21,7,PT1H,MC-Centro,1910067.12,1915480.0
2025-03-21,8,PT1H,MC-Centro,2041433.39,2034320.0
2025-03-21,9,PT1H,MC-Centro,2128676.73,2131240.0
2025-03-21,10,PT1H,MC-Centro,2170312.98,2173470.0
2025-03-21,11,PT1H,MC-Centro,2226424.48,2240380.0
2025-03-21,12,PT1H,MC-Centro,2263895.87,2277170.0
2025-03-21,13,PT1H,MC-Centro,2253297.07,2262140.0
2025-03-21,14,PT1H,MC-Centro,2216051.28,2234110.0
2025-03-21,15,PT1H,MC-Centro,2207530.62,2226490.0
2025-03-21,16,PT1H,MC-Centro,2187387.63,2211550.0
2025-03-21,17,PT1H,MC-Centro,2143295.44,2165020.0
2025-03-21,18,PT1H,MC-Centro,2105308.96,2136470.0
2025-03-21,19,PT1H,MC-Centro,2224005.16,2238330.0
2025-03-21,20,PT1H,MC-Centro,2251218.95,2241290.0
2025-03-21,21,PT1H,MC-Centro,2186925.95,2153460.0
2025-03-21,22,PT1H,MC-Centro,2021674.19,1987320.0
2025-03-21,23,PT1H,MC-Centro,1838685.3,1812850.0
2025-03-21,24,PT1H,MC-Centro,1686955.67,1674280.0
2025-05-25,1,PT1H,MC-Centro,1413424.86,1426000.0
2025-05-25,2,PT1H,MC-Centro,1345185.79,1351000.0
2025-05-25,3,PT1H,MC-Centro,1283202.87,1295000.0
2025-05-25,4,PT1H,MC-Centro,1245454.44,1260000.0
2025-05-25,5,PT1H,MC-Centro,1238833.31,1253000.0
2025-05-25,6,PT1H,MC-Centro,1232750.24,1249000.0
2025-05-25,7,PT1H,MC-Centro,1267263.74,1288000.0
2025-05-25,8,PT1H,MC-Centro,1397559.16,1416000.0
2025-05-25,9,PT1H,MC-Centro,1542302.9,1552000.0
2025-05-25,10,PT1H,MC-Centro,1653072.82,1672000.0
2025-05-25,11,PT1H,MC-Centro,1750612.93,1758000.0
2025-05-25,12,PT1H,MC-Centro,1800629.28,1811000.0
2025-05-25,13,PT1H,MC-Centro,1816303.61,1829000.0
2025-05-25,14,PT1H,MC-Centro,1785890.84,1800000.0
2025-05-25,15,PT1H,MC-Centro,1743700.49,1752000.0
2025-05-25,16,PT1H,MC-Centro,1721282.09,1717000.0
2025-05-25,17,PT1H,MC-Centro,1702095.75,1694000.0
2025-05-25,18,PT1H,MC-Centro,1738629.74,1708000.0
2025-05-25,19,PT1H,MC-Centro,1893765.02,1876000.0
2025-05-25,20,PT1H,MC-Centro,1931067.97,1919000.0
2025-05-25,21,PT1H,MC-Centro,1864883.87,1867000.0
2025-05-25,22,PT1H,MC-Centro,1730671.54,1738000.0
2025-05-25,23,PT1H,MC-Centro,1582783.61,1591000.0
2025-05-25,24,PT1H,MC-Centro,1449730.93,1458000.0
2025-10-20,1,PT1H,MC-Centro,2722346.62,2740000.0
2025-10-20,2,PT1H,MC-Centro,2603367.54,2632000.0
2025-10-20,3,PT1H,MC-Centro,2528900.18,2554000.0
2025-10-20,4,PT1H,MC-Centro,2589414.74,2592000.0
2025-10-20,5,PT1H,MC-Centro,2922608.74,2860000.0
2025-10-20,6,PT1H,MC-Centro,3424157.46,3284000.0
2025-10-20,7,PT1H,MC-Centro,3665856.76,3602000.0
2025-10-20,8,PT1H,MC-Centro,3935308.66,3910000.0
2025-10-20,9,PT1H,MC-Centro,4191491.98,4174000.0
2025-10-20,10,PT1H,MC-Centro,4318658.2,4340000.0
2025-10-20,11,PT1H,MC-Centro,4475819.72,4510000.0
2025-10-20,12,PT1H,MC-Centro,4612397.32,4628000.0
2025-10-20,13,PT1H,MC-Centro,4594481.82,4604000.0
2025-10-20,14,PT1H,MC-Centro,4492002.4,4502000.0
2025-10-20,15,PT1H,MC-Centro,4457116.94,4506000.0
2025-10-20,16,PT1H,MC-Centro,4450851.64,4484000.0
2025-10-20,17,PT1H,MC-Centro,4388211.64,4394000.0
2025-10-20,18,PT1H,MC-Centro,4429338.9,4372000.0
2025-10-20,19,PT1H,MC-Centro,4633001.02,4600000.0
2025-10-20,20,PT1H,MC-Centro,4585945.02,4584000.0
2025-10-20,21,PT1H,MC-Centro,4377160.86,4376000.0
2025-10-20,22,PT1H,MC-Centro,3976543.88,3994000.0
2025-10-20,23,PT1H,MC-Centro,3550501.58,3574000.0
2025-10-20,24,PT1H,MC-Centro,3275496.12,3286000.0
2025-06-23,1,PT1H,MC-Centro,1352359.89,1300000.0
2025-06-23,2,PT1H,MC-Centro,1287185.49,1230000.0
2025-06-23,3,PT1H,MC-Centro,1232416.54,1184000.0
2025-06-23,4,PT1H,MC-Centro,1208097.08,1163000.0
2025-06-23,5,PT1H,MC-Centro,1222716.23,1175000.0
2025-06-23,6,PT1H,MC-Centro,1232239.36,1183000.0
2025-06-23,7,PT1H,MC-Centro,1286821.59,1232000.0
2025-06-23,8,PT1H,MC-Centro,1422598.02,1375000.0
2025-06-23,9,PT1H,MC-Centro,1583247.05,1523000.0
2025-06-23,10,PT1H,MC-Centro,1717025.24,1641000.0
2025-06-23,11,PT1H,MC-Centro,1821377.16,1746000.0
2025-06-23,12,PT1H,MC-Centro,1892013.16,1809000.0
2025-06-23,13,PT1H,MC-Centro,1925031.34,1836000.0
2025-06-23,14,PT1H,MC-Centro,1893644.34,1806000.0
2025-06-23,15,PT1H,MC-Centro,1835872.82,1752000.0
2025-06-23,16,PT1H,MC-Centro,1791473.41,1714000.0
2025-06-23,17,PT1H,MC-Centro,1781098.6,1702000.0
2025-06-23,18,PT1H,MC-Centro,1799034.55,1718000.0
2025-06-23,19,PT1H,MC-Centro,1943989.79,1877000.0
2025-06-23,20,PT1H,MC-Centro,1982131.55,1925000.0
2025-06-23,21,PT1H,MC-Centro,1913672.56,1857000.0
2025-06-23,22,PT1H,MC-Centro,1780867.89,1719000.0
2025-06-23,23,PT1H,MC-Centro,1629182.3,1572000.0
2025-06-23,24,PT1H,MC-Centro,1502045.64,1447000.0
2025-08-14,1,PT1H,MC-Centro,1528430.79,1539420.0
2025-08-14,2,PT1H,MC-Centro,1466090.16,1472560.0
2025-08-14,3,PT1H,MC-Centro,1422946.84,1422010.0
2025-08-14,4,PT1H,MC-Centro,1429705.7,1421000.0
2025-08-14,5,PT1H,MC-Centro,1554807.18,1551680.0
2025-08-14,6,PT1H,MC-Centro,1790425.54,1790380.0
2025-08-14,7,PT1H,MC-Centro,1919276.78,1893950.0
2025-08-14,8,PT1H,MC-Centro,2034805.42,2010550.0
2025-08-14,9,PT1H,MC-Centro,2134423.11,2119110.0
2025-08-14,10,PT1H,MC-Centro,2191383.21,2171470.0
2025-08-14,11,PT1H,MC-Centro,2241534.6,2233890.0
2025-08-14,12,PT1H,MC-Centro,2307076.7,2282620.0
2025-08-14,13,PT1H,MC-Centro,2296976.14,2276460.0
2025-08-14,14,PT1H,MC-Centro,2234387.5,2226810.0
2025-08-14,15,PT1H,MC-Centro,2241794.92,2216070.0
2025-08-14,16,PT1H,MC-Centro,2222768.22,2210970.0
2025-08-14,17,PT1H,MC-Centro,2188332.11,2167320.0
2025-08-14,18,PT1H,MC-Centro,2160513.6,2114580.0
2025-08-14,19,PT1H,MC-Centro,2270516.55,2227450.0
2025-08-14,20,PT1H,MC-Centro,2289525.51,2274920.0
2025-08-14,21,PT1H,MC-Centro,2197625.39,2191140.0
2025-08-14,22,PT1H,MC-Centro,2014041.17,2008830.0
2025-08-14,23,PT1H,MC-Centro,1796148.46,1797670.0
2025-08-14,24,PT1H,MC-Centro,1645643.91,1653770.0
2024-10-22,1,PT1H,MC-Centro,1531429.95,1535000.0
2024-10-22,2,PT1H,MC-Centro,1472668.74,1467000.0
2024-10-22,3,PT1H,MC-Centro,1443259.24,1423000.0
2024-10-22,4,PT1H,MC-Centro,1454988.65,1434000.0
2024-10-22,5,PT1H,MC-Centro,1596806.64,1579000.0
2024-10-22,6,PT1H,MC-Centro,1821377.47,1824000.0
2024-10-22,7,PT1H,MC-Centro,1916643.54,1897000.0
2024-10-22,8,PT1H,MC-Centro,2032945.4,1999000.0
2024-10-22,9,PT1H,MC-Centro,2096371.21,2092000.0
2024-10-22,10,PT1H,MC-Centro,2160659.09,2141000.0
2024-10-22,11,PT1H,MC-Centro,2237951.6,2199000.0
2024-10-22,12,PT1H,MC-Centro,2264917.12,2242000.0
2024-10-22,13,PT1H,MC-Centro,2268150.69,2227000.0
2024-10-22,14,PT1H,MC-Centro,2213604.09,2188000.0
2024-10-22,15,PT1H,MC-Centro,2194560.85,2191000.0
2024-10-22,16,PT1H,MC-Centro,2221634.38,2195000.0
2024-10-22,17,PT1H,MC-Centro,2179798.81,2179000.0
2024-10-22,18,PT1H,MC-Centro,2201879.4,2163000.0
2024-10-22,19,PT1H,MC-Centro,2291860.49,2274000.0
2024-10-22,20,PT1H,MC-Centro,2275525.38,2270000.0
2024-10-22,21,PT1H,MC-Centro,2170550.96,2170000.0
2024-10-22,22,PT1H,MC-Centro,1982737.7,1983000.0
2024-10-22,23,PT1H,MC-Centro,1769002.89,1781000.0
2024-10-22,24,PT1H,MC-Centro,1631850.25,1636000.0
2025-10-25,1,PT1H,MC-Centro,1591532.44,1581000.0
2025-10-25,2,PT1H,MC-Centro,1526665.68,1505000.0
2025-10-25,3,PT1H,MC-Centro,1474649.91,1456000.0
2025-10-25,4,PT1H,MC-Centro,1463756.76,1435000.0
2025-10-25,5,PT1H,MC-Centro,1499544.66,1471000.0
2025-10-25,6,PT1H,MC-Centro,1565319.43,1529000.0
2025-10-25,7,PT1H,MC-Centro,1721229.21,1691000.0
2025-10-25,8,PT1H,MC-Centro,1902458.59,1869000.0
2025-10-25,9,PT1H,MC-Centro,2032792.92,2007000.0
2025-10-25,10,PT1H,MC-Centro,2114768.16,2095000.0
2025-10-25,11,PT1H,MC-Centro,2183228.49,2163000.0
2025-10-25,12,PT1H,MC-Centro,2189476.31,2181000.0
2025-10-25,13,PT1H,MC-Centro,2167907.65,2156000.0
2025-10-25,14,PT1H,MC-Centro,2102280.08,2085000.0
2025-10-25,15,PT1H,MC-Centro,2031999.5,2014000.0
2025-10-25,16,PT1H,MC-Centro,1986390.38,1986000.0
2025-10-25,17,PT1H,MC-Centro,1960500.04,1954000.0
2025-10-25,18,PT1H,MC-Centro,2002577.47,1978000.0
2025-10-25,19,PT1H,MC-Centro,2105073.41,2080000.0
2025-10-25,20,PT1H,MC-Centro,2052208.15,2037000.0
2025-10-25,21,PT1H,MC-Centro,1961287.76,1943000.0
2025-10-25,22,PT1H,MC-Centro,1823863.98,1807000.0
2025-10-25,23,PT1H,MC-Centro,1674259.7,1653000.0
2025-10-25,24,PT1H,MC-Centro,1543514.81,1525000.0
2025-09-04,1,PT1H,MC-Centro,1547051.95,1543410.0
2025-09-04,2,PT1H,MC-Centro,1482150.28,1483610.0
2025-09-04,3,PT1H,MC-Centro,1440805.06,1436420.0
2025-09-04,4,PT1H,MC-Centro,1441635.3,1429280.0
2025-09-04,5,PT1H,MC-Centro,1578605.14,1570030.0
2025-09-04,6,PT1H,MC-Centro,1818105.64,1821180.0
2025-09-04,7,PT1H,MC-Centro,1934752.83,1921960.0
2025-09-04,8,PT1H,MC-Centro,2038094.13,2035100.0
2025-09-04,9,PT1H,MC-Centro,2172240.21,2130620.0
2025-09-04,10,PT1H,MC-Centro,2221031.82,2185010.0
2025-09-04,11,PT1H,MC-Centro,2248934.39,2250190.0
2025-09-04,12,PT1H,MC-Centro,2283974.16,2299370.0
2025-09-04,13,PT1H,MC-Centro,2265154.67,2287350.0
2025-09-04,14,PT1H,MC-Centro,2206851.17,2235200.0
2025-09-04,15,PT1H,MC-Centro,2231131.85,2231700.0
2025-09-04,16,PT1H,MC-Centro,2209626.28,2209220.0
2025-09-04,17,PT1H,MC-Centro,2174352.61,2170640.0
2025-09-04,18,PT1H,MC-Centro,2157881.45,2150300.0
2025-09-04,19,PT1H,MC-Centro,2288260.3,2271390.0
2025-09-04,20,PT1H,MC-Centro,2283564.66,2293860.0
2025-09-04,21,PT1H,MC-Centro,2184103.5,2199980.0
2025-09-04,22,PT1H,MC-Centro,2003387.43,2014220.0
2025-09-04,23,PT1H,MC-Centro,1806764.15,1796560.0
2025-09-04,24,PT1H,MC-Centro,1652486.2,1645120.0
2025-04-13,1,PT1H,MC-Centro,1470015.32,1430000.0
2025-04-13,2,PT1H,MC-Centro,1386151.0,1359000.0
2025-04-13,3,PT1H,MC-Centro,1324355.54,1303000.0
2025-04-13,4,PT1H,MC-Centro,1288226.23,1265000.0
2025-04-13,5,PT1H,MC-Centro,1289024.24,1259000.0
2025-04-13,6,PT1H,MC-Centro,1289025.95,1266000.0
2025-04-13,7,PT1H,MC-Centro,1338641.28,1303000.0
2025-04-13,8,PT1H,MC-Centro,1471363.96,1454000.0
2025-04-13,9,PT1H,MC-Centro,1604110.48,1571000.0
2025-04-13,10,PT1H,MC-Centro,1710873.22,1659000.0
2025-04-13,11,PT1H,MC-Centro,1789318.39,1734000.0
2025-04-13,12,PT1H,MC-Centro,1830384.48,1788000.0
2025-04-13,13,PT1H,MC-Centro,1830715.32,1802000.0
2025-04-13,14,PT1H,MC-Centro,1808836.42,1781000.0
2025-04-13,15,PT1H,MC-Centro,1758520.35,1732000.0
2025-04-13,16,PT1H,MC-Centro,1734613.44,1704000.0
2025-04-13,17,PT1H,MC-Centro,1719901.06,1694000.0
2025-04-13,18,PT1H,MC-Centro,1736230.41,1743000.0
2025-04-13,19,PT1H,MC-Centro,1893527.01,1902000.0
2025-04-13,20,PT1H,MC-Centro,1947137.52,1937000.0
2025-04-13,21,PT1H,MC-Centro,1906625.42,1877000.0
2025-04-13,22,PT1H,MC-Centro,1780632.28,1742000.0
2025-04-13,23,PT1H,MC-Centro,1644598.5,1596000.0
2025-04-13,24,PT1H,MC-Centro,1517327.36,1469000.0
2024-09-04,1,PT1H,MC-Centro,1446218.18,1522000.0
2024-09-04,2,PT1H,MC-Centro,1372360.49,1463000.0
2024-09-04,3,PT1H,MC-Centro,1331110.28,1414000.0
2024-09-04,4,PT1H,MC-Centro,1338938.86,1420000.0
2024-09-04,5,PT1H,MC-Centro,1419325.59,1571000.0
2024-09-04,6,PT1H,MC-Centro,1569677.13,1811000.0
2024-09-04,7,PT1H,MC-Centro,1731281.9,1895000.0
2024-09-04,8,PT1H,MC-Centro,1902679.55,2002000.0
2024-09-04,9,PT1H,MC-Centro,2017884.61,2088000.0
2024-09-04,10,PT1H,MC-Centro,2086098.8,2122000.0
2024-09-04,11,PT1H,MC-Centro,2159653.01,2152000.0
2024-09-04,12,PT1H,MC-Centro,2180656.91,2212000.0
2024-09-04,13,PT1H,MC-Centro,2170186.6,2205000.0
2024-09-04,14,PT1H,MC-Centro,2123855.11,2173000.0
2024-09-04,15,PT1H,MC-Centro,2088972.46,2176000.0
2024-09-04,16,PT1H,MC-Centro,2049743.41,2176000.0
2024-09-04,17,PT1H,MC-Centro,1984101.74,2149000.0
2024-09-04,18,PT1H,MC-Centro,1957446.82,2135000.0
2024-09-04,19,PT1H,MC-Centro,2106874.6,2255000.0
2024-09-04,20,PT1H,MC-Centro,2123556.13,2256000.0
2024-09-04,21,PT1H,MC-Centro,2017564.77,2143000.0
2024-09-04,22,PT1H,MC-Centro,1840401.79,1991000.0
2024-09-04,23,PT1H,MC-Centro,1641205.05,1779000.0
2024-09-04,24,PT1H,MC-Centro,1497837.15,1649000.0
2025-05-11,1,PT1H,MC-Centro,1417356.77,1438000.0
2025-05-11,2,PT1H,MC-Centro,1349880.47,1363000.0
2025-05-11,3,PT1H,MC-Centro,1288144.58,1308000.0
2025-05-11,4,PT1H,MC-Centro,1247126.89,1274000.0
2025-05-11,5,PT1H,MC-Centro,1232485.82,1270000.0
2025-05-11,6,PT1H,MC-Centro,1225285.67,1269000.0
2025-05-11,7,PT1H,MC-Centro,1266103.02,1305000.0
2025-05-11,8,PT1H,MC-Centro,1396114.3,1443000.0
2025-05-11,9,PT1H,MC-Centro,1542792.84,1571000.0
2025-05-11,10,PT1H,MC-Centro,1652800.53,1681000.0
2025-05-11,11,PT1H,MC-Centro,1747934.93,1762000.0
2025-05-11,12,PT1H,MC-Centro,1792096.9,1820000.0
2025-05-11,13,PT1H,MC-Centro,1789613.42,1832000.0
2025-05-11,14,PT1H,MC-Centro,1742949.99,1807000.0
2025-05-11,15,PT1H,MC-Centro,1670511.0,1756000.0
2025-05-11,16,PT1H,MC-Centro,1608984.96,1726000.0
2025-05-11,17,PT1H,MC-Centro,1593434.52,1712000.0
2025-05-11,18,PT1H,MC-Centro,1615686.7,1732000.0
2025-05-11,19,PT1H,MC-Centro,1795044.44,1904000.0
2025-05-11,20,PT1H,MC-Centro,1852617.02,1945000.0
2025-05-11,21,PT1H,MC-Centro,1818438.52,1890000.0
2025-05-11,22,PT1H,MC-Centro,1704505.21,1760000.0
2025-05-11,23,PT1H,MC-Centro,1574125.38,1613000.0
2025-05-11,24,PT1H,MC-Centro,1447876.44,1483000.0
2025-08-01,1,PT1H,MC-Centro,1535337.92,1560000.0
2025-08-01,2,PT1H,MC-Centro,1470801.68,1499000.0
2025-08-01,3,PT1H,MC-Centro,1425213.68,1447000.0
2025-08-01,4,PT1H,MC-Centro,1415978.58,1448000.0
2025-08-01,5,PT1H,MC-Centro,1551155.46,1573000.0
2025-08-01,6,PT1H,MC-Centro,1788822.26,1809000.0
2025-08-01,7,PT1H,MC-Centro,1867315.99,1906000.0
2025-08-01,8,PT1H,MC-Centro,1998831.86,2044000.0
2025-08-01,9,PT1H,MC-Centro,2113429.87,2153000.0
2025-08-01,10,PT1H,MC-Centro,2158148.87,2203000.0
2025-08-01,11,PT1H,MC-Centro,2231434.11,2273000.0
2025-08-01,12,PT1H,MC-Centro,2275666.14,2310000.0
2025-08-01,13,PT1H,MC-Centro,2258419.31,2289000.0
2025-08-01,14,PT1H,MC-Centro,2198011.83,2236000.0
2025-08-01,15,PT1H,MC-Centro,2201953.51,2233000.0
2025-08-01,16,PT1H,MC-Centro,2188859.83,2212000.0
2025-08-01,17,PT1H,MC-Centro,2146477.59,2169000.0
2025-08-01,18,PT1H,MC-Centro,2101907.89,2128000.0
2025-08-01,19,PT1H,MC-Centro,2206950.04,2235000.0
2025-08-01,20,PT1H,MC-Centro,2228795.34,2258000.0
2025-08-01,21,PT1H,MC-Centro,2150203.38,2173000.0
2025-08-01,22,PT1H,MC-Centro,1980134.79,1999000.0
2025-08-01,23,PT1H,MC-Centro,1794502.34,1822000.0
2025-08-01,24,PT1H,MC-Centro,1664901.61,1680000.0
2025-10-16,1,PT1H,MC-Centro,3021685.26,3100000.0
2025-10-16,2,PT1H,MC-Centro,2868810.34,2972000.0
2025-10-16,3,PT1H,MC-Centro,2777386.84,2880000.0
2025-10-16,4,PT1H,MC-Centro,2797580.1,2892000.0
2025-10-16,5,PT1H,MC-Centro,3110502.56,3190000.0
2025-10-16,6,PT1H,MC-Centro,3601505.44,3700000.0
2025-10-16,7,PT1H,MC-Centro,3805613.1,3880000.0
2025-10-16,8,PT1H,MC-Centro,4002306.06,4096000.0
2025-10-16,9,PT1H,MC-Centro,4198688.76,4298000.0
2025-10-16,10,PT1H,MC-Centro,4332883.12,4398000.0
2025-10-16,11,PT1H,MC-Centro,4449739.24,4520000.0
2025-10-16,12,PT1H,MC-Centro,4526048.5,4598000.0
2025-10-16,13,PT1H,MC-Centro,4500376.22,4552000.0
2025-10-16,14,PT1H,MC-Centro,4464169.86,4456000.0
2025-10-16,15,PT1H,MC-Centro,4449671.2,4468000.0
2025-10-16,16,PT1H,MC-Centro,4449186.2,4456000.0
2025-10-16,17,PT1H,MC-Centro,4345469.86,4386000.0
2025-10-16,18,PT1H,MC-Centro,4386420.92,4352000.0
2025-10-16,19,PT1H,MC-Centro,4635233.66,4608000.0
2025-10-16,20,PT1H,MC-Centro,4621374.2,4602000.0
2025-10-16,21,PT1H,MC-Centro,4405005.88,4408000.0
2025-10-16,22,PT1H,MC-Centro,4046411.08,4028000.0
2025-10-16,23,PT1H,MC-Centro,3618396.36,3612000.0
2025-10-16,24,PT1H,MC-Centro,3322149.44,3320000.0
2024-12-02,1,PT1H,MC-Centro,1382522.49,1366000.0
2024-12-02,2,PT1H,MC-Centro,1316775.3,1316000.0
2024-12-02,3,PT1H,MC-Centro,1278886.32,1286000.0
2024-12-02,4,PT1H,MC-Centro,1300420.06,1305000.0
2024-12-02,5,PT1H,MC-Centro,1407237.14,1428000.0
2024-12-02,6,PT1H,MC-Centro,1551443.54,1591000.0
2024-12-02,7,PT1H,MC-Centro,1754110.76,1787000.0
2024-12-02,8,PT1H,MC-Centro,1939439.04,1965000.0
2024-12-02,9,PT1H,MC-Centro,2048664.37,2062000.0
2024-12-02,10,PT1H,MC-Centro,2125698.35,2134000.0
2024-12-02,11,PT1H,MC-Centro,2189682.32,2204000.0
2024-12-02,12,PT1H,MC-Centro,2260877.12,2246000.0
2024-12-02,13,PT1H,MC-Centro,2243007.08,2228000.0
2024-12-02,14,PT1H,MC-Centro,2207722.65,2202000.0
2024-12-02,15,PT1H,MC-Centro,2230608.35,2194000.0
2024-12-02,16,PT1H,MC-Centro,2219838.5,2181000.0
2024-12-02,17,PT1H,MC-Centro,2192866.34,2150000.0
2024-12-02,18,PT1H,MC-Centro,2197740.58,2160000.0
2024-12-02,19,PT1H,MC-Centro,2282643.17,2245000.0
2024-12-02,20,PT1H,MC-Centro,2267574.55,2236000.0
2024-12-02,21,PT1H,MC-Centro,2181143.72,2147000.0
2024-12-02,22,PT1H,MC-Centro,2015672.16,1964000.0
2024-12-02,23,PT1H,MC-Centro,1839681.13,1773000.0
2024-12-02,24,PT1H,MC-Centro,1687172.88,1619000.0
2025-10-10,1,PT1H,MC-Centro,3161244.6,3118000.0
2025-10-10,2,PT1H,MC-Centro,3041483.12,2988000.0
2025-10-10,3,PT1H,MC-Centro,2915520.18,2900000.0
2025-10-10,4,PT1H,MC-Centro,2917807.22,2898000.0
2025-10-10,5,PT1H,MC-Centro,3088218.48,3078000.0
2025-10-10,6,PT1H,MC-Centro,3313326.92,3436000.0
2025-10-10,7,PT1H,MC-Centro,3690397.34,3732000.0
2025-10-10,8,PT1H,MC-Centro,4068696.2,4030000.0
2025-10-10,9,PT1H,MC-Centro,4336562.52,4310000.0
2025-10-10,10,PT1H,MC-Centro,4464135.2,4398000.0
2025-10-10,11,PT1H,MC-Centro,4594065.64,4530000.0
2025-10-10,12,PT1H,MC-Centro,4669988.6,4638000.0
2025-10-10,13,PT1H,MC-Centro,4670809.3,4582000.0
2025-10-10,14,PT1H,MC-Centro,4579105.2,4464000.0
2025-10-10,15,PT1H,MC-Centro,4536507.92,4460000.0
2025-10-10,16,PT1H,MC-Centro,4534733.74,4460000.0
2025-10-10,17,PT1H,MC-Centro,4442263.1,4358000.0
2025-10-10,18,PT1H,MC-Centro,4424649.02,4354000.0
2025-10-10,19,PT1H,MC-Centro,4572616.64,4552000.0
2025-10-10,20,PT1H,MC-Centro,4493782.82,4494000.0
2025-10-10,21,PT1H,MC-Centro,4307840.6,4300000.0
2025-10-10,22,PT1H,MC-Centro,3974590.46,3968000.0
2025-10-10,23,PT1H,MC-Centro,3624482.6,3630000.0
2025-10-10,24,PT1H,MC-Centro,3362499.24,3360000.0
2024-11-26,1,PT1H,MC-Centro,1537326.09,1530000.0
2024-11-26,2,PT1H,MC-Centro,1469460.7,1464000.0
2024-11-26,3,PT1H,MC-Centro,1421955.39,1416000.0
2024-11-26,4,PT1H,MC-Centro,1422508.11,1420000.0
2024-11-26,5,PT1H,MC-Centro,1508086.42,1516000.0
2024-11-26,6,PT1H,MC-Centro,1656123.67,1689000.0
2024-11-26,7,PT1H,MC-Centro,1831170.01,1868000.0
2024-11-26,8,PT1H,MC-Centro,2003392.36,2027000.0
2024-11-26,9,PT1H,MC-Centro,2102677.19,2111000.0
2024-11-26,10,PT1H,MC-Centro,2144618.08,2160000.0
2024-11-26,11,PT1H,MC-Centro,2202128.9,2221000.0
2024-11-26,12,PT1H,MC-Centro,2250195.19,2267000.0
2024-11-26,13,PT1H,MC-Centro,2257974.35,2269000.0
2024-11-26,14,PT1H,MC-Centro,2210183.15,2231000.0
2024-11-26,15,PT1H,MC-Centro,2205730.36,2233000.0
2024-11-26,16,PT1H,MC-Centro,2193969.02,2239000.0
2024-11-26,17,PT1H,MC-Centro,2159346.79,2202000.0
2024-11-26,18,PT1H,MC-Centro,2186212.89,2213000.0
2024-11-26,19,PT1H,MC-Centro,2239577.22,2305000.0
2024-11-26,20,PT1H,MC-Centro,2231594.49,2281000.0
2024-11-26,21,PT1H,MC-Centro,2135704.13,2183000.0
2024-11-26,22,PT1H,MC-Centro,1963461.75,1985000.0
2024-11-26,23,PT1H,MC-Centro,1769078.41,1787000.0
2024-11-26,24,PT1H,MC-Centro,1622664.58,1644000.0
2025-09-20,1,PT1H,MC-Centro,1558525.55,1577000.0
2025-09-20,2,PT1H,MC-Centro,1479161.57,1503000.0
2025-09-20,3,PT1H,MC-Centro,1426513.34,1457000.0
2025-09-20,4,PT1H,MC-Centro,1408877.22,1440000.0
2025-09-20,5,PT1H,MC-Centro,1443363.23,1475000.0
2025-09-20,6,PT1H,MC-Centro,1495353.76,1533000.0
2025-09-20,7,PT1H,MC-Centro,1655075.15,1686000.0
2025-09-20,8,PT1H,MC-Centro,1825515.45,1859000.0
2025-09-20,9,PT1H,MC-Centro,1971586.5,2009000.0
2025-09-20,10,PT1H,MC-Centro,2047769.07,2095000.0
2025-09-20,11,PT1H,MC-Centro,2106187.79,2155000.0
2025-09-20,12,PT1H,MC-Centro,2137022.77,2172000.0
2025-09-20,13,PT1H,MC-Centro,2111950.02,2145000.0
2025-09-20,14,PT1H,MC-Centro,2036328.16,2075000.0
2025-09-20,15,PT1H,MC-Centro,1962695.85,1999000.0
2025-09-20,16,PT1H,MC-Centro,1932795.49,1962000.0
2025-09-20,17,PT1H,MC-Centro,1898218.92,1933000.0
2025-09-20,18,PT1H,MC-Centro,1901734.4,1931000.0
2025-09-20,19,PT1H,MC-Centro,2027042.92,2051000.0
2025-09-20,20,PT1H,MC-Centro,1998861.47,2033000.0
2025-09-20,21,PT1H,MC-Centro,1906542.14,1949000.0
2025-09-20,22,PT1H,MC-Centro,1769868.18,1812000.0
2025-09-20,23,PT1H,MC-Centro,1623715.77,1654000.0
2025-09-20,24,PT1H,MC-Centro,1497980.01,1519000.0
2026-02-14,1,PT1H,MC-Centro,1600222.35,1602000.0
2026-02-14,2,PT1H,MC-Centro,1516254.71,1536000.0
2026-02-14,3,PT1H,MC-Centro,1471089.38,1488000.0
2026-02-14,4,PT1H,MC-Centro,1448560.87,1466000.0
2026-02-14,5,PT1H,MC-Centro,1481972.14,1503000.0
2026-02-14,6,PT1H,MC-Centro,1560197.83,1579000.0
2026-02-14,7,PT1H,MC-Centro,1705801.69,1713000.0
2026-02-14,8,PT1H,MC-Centro,1908705.12,1891000.0
2026-02-14,9,PT1H,MC-Centro,2042948.6,2028000.0
2026-02-14,10,PT1H,MC-Centro,2111807.53,2111000.0
2026-02-14,11,PT1H,MC-Centro,2163910.32,2176000.0
2026-02-14,12,PT1H,MC-Centro,2204714.75,2202000.0
2026-02-14,13,PT1H,MC-Centro,2172732.94,2177000.0
2026-02-14,14,PT1H,MC-Centro,2127968.77,2109000.0
2026-02-14,15,PT1H,MC-Centro,2001655.3,2050000.0
2026-02-14,16,PT1H,MC-Centro,1986856.18,2023000.0
2026-02-14,17,PT1H,MC-Centro,1936397.22,1998000.0
2026-02-14,18,PT1H,MC-Centro,1935940.09,1986000.0
2026-02-14,19,PT1H,MC-Centro,2046039.98,2104000.0
2026-02-14,20,PT1H,MC-Centro,2067857.24,2099000.0
2026-02-14,21,PT1H,MC-Centro,1967361.22,2006000.0
2026-02-14,22,PT1H,MC-Centro,1866013.47,1862000.0
2026-02-14,23,PT1H,MC-Centro,1680140.72,1689000.0
2026-02-14,24,PT1H,MC-Centro,1522771.23,1572000.0
2024-10-02,1,PT1H,MC-Centro,1501531.13,1540000.0
2024-10-02,2,PT1H,MC-Centro,1446848.73,1480000.0
2024-10-02,3,PT1H,MC-Centro,1397826.57,1438000.0
2024-10-02,4,PT1H,MC-Centro,1406007.92,1450000.0
2024-10-02,5,PT1H,MC-Centro,1552931.27,1593000.0
2024-10-02,6,PT1H,MC-Centro,1788279.12,1830000.0
2024-10-02,7,PT1H,MC-Centro,1872812.88,1917000.0
2024-10-02,8,PT1H,MC-Centro,1955321.88,2023000.0
2024-10-02,9,PT1H,MC-Centro,2017163.24,2099000.0
2024-10-02,10,PT1H,MC-Centro,2038082.27,2149000.0
2024-10-02,11,PT1H,MC-Centro,2151192.73,2221000.0
2024-10-02,12,PT1H,MC-Centro,2204953.6,2242000.0
2024-10-02,13,PT1H,MC-Centro,2187328.11,2251000.0
2024-10-02,14,PT1H,MC-Centro,2163762.56,2211000.0
2024-10-02,15,PT1H,MC-Centro,2200912.46,2228000.0
2024-10-02,16,PT1H,MC-Centro,2195980.68,2227000.0
2024-10-02,17,PT1H,MC-Centro,2157498.23,2182000.0
2024-10-02,18,PT1H,MC-Centro,2178349.9,2165000.0
2024-10-02,19,PT1H,MC-Centro,2247141.55,2270000.0
2024-10-02,20,PT1H,MC-Centro,2223321.6,2268000.0
2024-10-02,21,PT1H,MC-Centro,2113150.88,2177000.0
2024-10-02,22,PT1H,MC-Centro,1933111.28,1996000.0
2024-10-02,23,PT1H,MC-Centro,1736728.28,1784000.0
2024-10-02,24,PT1H,MC-Centro,1594619.28,1659000.0
2025-05-22,1,PT1H,MC-Centro,1549187.05,1561000.0
2025-05-22,2,PT1H,MC-Centro,1476826.29,1494000.0
2025-05-22,3,PT1H,MC-Centro,1433106.83,1446000.0
2025-05-22,4,PT1H,MC-Centro,1438103.82,1446000.0
2025-05-22,5,PT1H,MC-Centro,1572893.01,1570000.0
2025-05-22,6,PT1H,MC-Centro,1828319.22,1815000.0
2025-05-22,7,PT1H,MC-Centro,1911210.56,1920000.0
2025-05-22,8,PT1H,MC-Centro,2031161.03,2044000.0
2025-05-22,9,PT1H,MC-Centro,2135899.22,2147000.0
2025-05-22,10,PT1H,MC-Centro,2209646.51,2199000.0
2025-05-22,11,PT1H,MC-Centro,2275319.24,2265000.0
2025-05-22,12,PT1H,MC-Centro,2312905.15,2318000.0
2025-05-22,13,PT1H,MC-Centro,2290739.65,2306000.0
2025-05-22,14,PT1H,MC-Centro,2219789.0,2255000.0
2025-05-22,15,PT1H,MC-Centro,2208099.58,2255000.0
2025-05-22,16,PT1H,MC-Centro,2196709.13,2257000.0
2025-05-22,17,PT1H,MC-Centro,2161186.74,2217000.0
2025-05-22,18,PT1H,MC-Centro,2139673.0,2177000.0
2025-05-22,19,PT1H,MC-Centro,2259612.2,2285000.0
2025-05-22,20,PT1H,MC-Centro,2274876.11,2299000.0
2025-05-22,21,PT1H,MC-Centro,2187534.79,2216000.0
2025-05-22,22,PT1H,MC-Centro,2001806.46,2036000.0
2025-05-22,23,PT1H,MC-Centro,1793559.73,1828000.0
2025-05-22,24,PT1H,MC-Centro,1653641.19,1674000.0
2024-12-01,1,PT1H,MC-Centro,1413036.15,1424000.0
2024-12-01,2,PT1H,MC-Centro,1351383.7,1348000.0
2024-12-01,3,PT1H,MC-Centro,1300883.47,1293000.0
2024-12-01,4,PT1H,MC-Centro,1267085.28,1258000.0
2024-12-01,5,PT1H,MC-Centro,1261842.64,1253000.0
2024-12-01,6,PT1H,MC-Centro,1255597.7,1238000.0
2024-12-01,7,PT1H,MC-Centro,1325314.17,1306000.0
2024-12-01,8,PT1H,MC-Centro,1466209.84,1439000.0
2024-12-01,9,PT1H,MC-Centro,1589420.26,1565000.0
2024-12-01,10,PT1H,MC-Centro,1676835.76,1651000.0
2024-12-01,11,PT1H,MC-Centro,1740534.02,1718000.0
2024-12-01,12,PT1H,MC-Centro,1758529.27,1757000.0
2024-12-01,13,PT1H,MC-Centro,1771323.93,1771000.0
2024-12-01,14,PT1H,MC-Centro,1744488.61,1734000.0
2024-12-01,15,PT1H,MC-Centro,1695466.49,1687000.0
2024-12-01,16,PT1H,MC-Centro,1653461.74,1663000.0
2024-12-01,17,PT1H,MC-Centro,1655055.5,1654000.0
2024-12-01,18,PT1H,MC-Centro,1751235.79,1732000.0
2024-12-01,19,PT1H,MC-Centro,1886309.3,1878000.0
2024-12-01,20,PT1H,MC-Centro,1895106.38,1889000.0
2024-12-01,21,PT1H,MC-Centro,1832419.06,1821000.0
2024-12-01,22,PT1H,MC-Centro,1715398.21,1694000.0
2024-12-01,23,PT1H,MC-Centro,1582964.97,1560000.0
2024-12-01,24,PT1H,MC-Centro,1466090.32,1443000.0
2024-11-25,1,PT1H,MC-Centro,1373817.55,1366000.0
2024-11-25,2,PT1H,MC-Centro,1323682.42,1311000.0
2024-11-25,3,PT1H,MC-Centro,1294902.37,1274000.0
2024-11-25,4,PT1H,MC-Centro,1320167.2,1293000.0
2024-11-25,5,PT1H,MC-Centro,1434844.91,1404000.0
2024-11-25,6,PT1H,MC-Centro,1598657.07,1571000.0
2024-11-25,7,PT1H,MC-Centro,1799199.04,1777000.0
2024-11-25,8,PT1H,MC-Centro,1980372.39,1952000.0
2024-11-25,9,PT1H,MC-Centro,2075249.42,2054000.0
2024-11-25,10,PT1H,MC-Centro,2156298.82,2110000.0
2024-11-25,11,PT1H,MC-Centro,2229906.25,2192000.0
2024-11-25,12,PT1H,MC-Centro,2275704.49,2231000.0
2024-11-25,13,PT1H,MC-Centro,2249611.3,2228000.0
2024-11-25,14,PT1H,MC-Centro,2225742.56,2193000.0
2024-11-25,15,PT1H,MC-Centro,2215503.69,2189000.0
2024-11-25,16,PT1H,MC-Centro,2202317.03,2184000.0
2024-11-25,17,PT1H,MC-Centro,2169720.29,2159000.0
2024-11-25,18,PT1H,MC-Centro,2181414.64,2179000.0
2024-11-25,19,PT1H,MC-Centro,2268666.43,2249000.0
2024-11-25,20,PT1H,MC-Centro,2259750.98,2233000.0
2024-11-25,21,PT1H,MC-Centro,2164742.2,2147000.0
2024-11-25,22,PT1H,MC-Centro,1987422.64,1959000.0
2024-11-25,23,PT1H,MC-Centro,1798210.12,1767000.0
2024-11-25,24,PT1H,MC-Centro,1641926.32,1630000.0
2024-11-22,1,PT1H,MC-Centro,1565016.48,1564000.0
2024-11-22,2,PT1H,MC-Centro,1507866.17,1501000.0
2024-11-22,3,PT1H,MC-Centro,1460402.06,1453000.0
2024-11-22,4,PT1H,MC-Centro,1465972.67,1461000.0
2024-11-22,5,PT1H,MC-Centro,1565622.28,1559000.0
2024-11-22,6,PT1H,MC-Centro,1730371.05,1710000.0
2024-11-22,7,PT1H,MC-Centro,1896354.4,1868000.0
2024-11-22,8,PT1H,MC-Centro,2065268.68,2039000.0
2024-11-22,9,PT1H,MC-Centro,2146321.36,2134000.0
2024-11-22,10,PT1H,MC-Centro,2172528.46,2180000.0
2024-11-22,11,PT1H,MC-Centro,2252870.08,2255000.0
2024-11-22,12,PT1H,MC-Centro,2305614.55,2299000.0
2024-11-22,13,PT1H,MC-Centro,2305572.0,2277000.0
2024-11-22,14,PT1H,MC-Centro,2234607.68,2244000.0
2024-11-22,15,PT1H,MC-Centro,2251979.24,2249000.0
2024-11-22,16,PT1H,MC-Centro,2237897.11,2242000.0
2024-11-22,17,PT1H,MC-Centro,2191579.26,2202000.0
2024-11-22,18,PT1H,MC-Centro,2219230.01,2202000.0
2024-11-22,19,PT1H,MC-Centro,2239890.72,2272000.0
2024-11-22,20,PT1H,MC-Centro,2209564.95,2244000.0
2024-11-22,21,PT1H,MC-Centro,2119680.6,2158000.0
2024-11-22,22,PT1H,MC-Centro,1970892.44,1989000.0
2024-11-22,23,PT1H,MC-Centro,1800693.95,1818000.0
2024-11-22,24,PT1H,MC-Centro,1682233.88,1695000.0
2024-12-10,1,PT1H,MC-Centro,1544893.58,1556830.0
2024-12-10,2,PT1H,MC-Centro,1487647.09,1483740.0
2024-12-10,3,PT1H,MC-Centro,1439519.07,1435690.0
2024-12-10,4,PT1H,MC-Centro,1440842.41,1436250.0
2024-12-10,5,PT1H,MC-Centro,1527438.91,1517450.0
2024-12-10,6,PT1H,MC-Centro,1669665.6,1656400.0
2024-12-10,7,PT1H,MC-Centro,1873046.12,1844200.0
2024-12-10,8,PT1H,MC-Centro,2043089.78,2013350.0
2024-12-10,9,PT1H,MC-Centro,2132072.99,2110530.0
2024-12-10,10,PT1H,MC-Centro,2212627.21,2166610.0
2024-12-10,11,PT1H,MC-Centro,2256883.08,2219130.0
2024-12-10,12,PT1H,MC-Centro,2291551.39,2284590.0
2024-12-10,13,PT1H,MC-Centro,2299061.16,2285580.0
2024-12-10,14,PT1H,MC-Centro,2249609.06,2232740.0
2024-12-10,15,PT1H,MC-Centro,2244441.79,2241790.0
2024-12-10,16,PT1H,MC-Centro,2228779.33,2237540.0
2024-12-10,17,PT1H,MC-Centro,2190136.07,2188400.0
2024-12-10,18,PT1H,MC-Centro,2191387.02,2209400.0
2024-12-10,19,PT1H,MC-Centro,2289655.0,2304370.0
2024-12-10,20,PT1H,MC-Centro,2279622.8,2284770.0
2024-12-10,21,PT1H,MC-Centro,2194476.67,2194580.0
2024-12-10,22,PT1H,MC-Centro,2015155.71,2021050.0
2024-12-10,23,PT1H,MC-Centro,1820183.41,1820730.0
2024-12-10,24,PT1H,MC-Centro,1662566.7,1679350.0
2025-12-09,14,PT1H,MC-Centro,2281137.35,2250280.0
2025-12-09,15,PT1H,MC-Centro,2286059.52,2253820.0
2025-12-09,16,PT1H,MC-Centro,2278748.9,2247730.0
2025-12-09,17,PT1H,MC-Centro,2254191.57,2222880.0
2025-12-09,18,PT1H,MC-Centro,2257428.24,2246720.0
2025-12-09,19,PT1H,MC-Centro,2355433.98,2345350.0
2025-12-09,20,PT1H,MC-Centro,2348081.93,2343660.0
2025-12-09,21,PT1H,MC-Centro,2252765.94,2252180.0
2025-12-09,22,PT1H,MC-Centro,2076151.9,2066190.0
2025-12-09,23,PT1H,MC-Centro,1869659.24,1869080.0
2025-12-09,24,PT1H,MC-Centro,1690616.77,1718060.0
2025-12-09,1,PT1H,MC-Centro,1419731.69,1410590.0
2025-12-09,2,PT1H,MC-Centro,1354277.34,1350720.0
2025-12-09,3,PT1H,MC-Centro,1320618.68,1315560.0
2025-12-09,4,PT1H,MC-Centro,1340543.6,1342670.0
2025-12-09,5,PT1H,MC-Centro,1440876.87,1482990.0
2025-12-09,6,PT1H,MC-Centro,1586686.75,1678960.0
2025-12-09,7,PT1H,MC-Centro,1803576.4,1842340.0
2025-12-09,8,PT1H,MC-Centro,1994024.6,1992670.0
2025-12-09,9,PT1H,MC-Centro,2117656.2,2135920.0
2025-12-09,10,PT1H,MC-Centro,2199852.84,2194010.0
2025-12-09,11,PT1H,MC-Centro,2263650.85,2254410.0
2025-12-09,12,PT1H,MC-Centro,2318689.62,2299530.0
2025-12-09,13,PT1H,MC-Centro,2331850.99,2291800.0
2026-01-10,1,PT1H,MC-Centro,1527440.97,1527000.0
2026-01-10,2,PT1H,MC-Centro,1450854.8,1448000.0
2026-01-10,3,PT1H,MC-Centro,1395346.96,1395000.0
2026-01-10,4,PT1H,MC-Centro,1378781.98,1380000.0
2026-01-10,5,PT1H,MC-Centro,1412033.56,1429000.0
2026-01-10,6,PT1H,MC-Centro,1448505.41,1468000.0
2026-01-10,7,PT1H,MC-Centro,1566331.95,1587000.0
2026-01-10,8,PT1H,MC-Centro,1700517.92,1758000.0
2026-01-10,9,PT1H,MC-Centro,1830719.78,1880000.0
2026-01-10,10,PT1H,MC-Centro,1915065.67,1940000.0
2026-01-10,11,PT1H,MC-Centro,1985152.72,2022000.0
2026-01-10,12,PT1H,MC-Centro,2020700.54,2035000.0
2026-01-10,13,PT1H,MC-Centro,2021029.07,2034000.0
2026-01-10,14,PT1H,MC-Centro,1972402.39,1979000.0
2026-01-10,15,PT1H,MC-Centro,1906508.72,1924000.0
2026-01-10,16,PT1H,MC-Centro,1880534.26,1900000.0
2026-01-10,17,PT1H,MC-Centro,1842449.48,1886000.0
2026-01-10,18,PT1H,MC-Centro,1864860.7,1925000.0
2026-01-10,19,PT1H,MC-Centro,1975771.63,2015000.0
2026-01-10,20,PT1H,MC-Centro,1978408.43,2002000.0
2026-01-10,21,PT1H,MC-Centro,1896869.87,1911000.0
2026-01-10,22,PT1H,MC-Centro,1766416.04,1775000.0
2026-01-10,23,PT1H,MC-Centro,1621824.48,1631000.0
2026-01-10,24,PT1H,MC-Centro,1508345.14,1462000.0
2024-12-15,1,PT1H,MC-Centro,1434379.9,1419000.0
2024-12-15,2,PT1H,MC-Centro,1368533.77,1351000.0
2024-12-15,3,PT1H,MC-Centro,1309288.18,1295000.0
2024-12-15,4,PT1H,MC-Centro,1274618.04,1260000.0
2024-12-15,5,PT1H,MC-Centro,1268536.17,1255000.0
2024-12-15,6,PT1H,MC-Centro,1260584.94,1242000.0
2024-12-15,7,PT1H,MC-Centro,1339014.77,1311000.0
2024-12-15,8,PT1H,MC-Centro,1488921.83,1448000.0
2024-12-15,9,PT1H,MC-Centro,1604265.41,1579000.0
2024-12-15,10,PT1H,MC-Centro,1674335.43,1665000.0
2024-12-15,11,PT1H,MC-Centro,1739010.24,1733000.0
2024-12-15,12,PT1H,MC-Centro,1776092.69,1763000.0
2024-12-15,13,PT1H,MC-Centro,1795713.17,1776000.0
2024-12-15,14,PT1H,MC-Centro,1739680.01,1741000.0
2024-12-15,15,PT1H,MC-Centro,1700018.56,1692000.0
2024-12-15,16,PT1H,MC-Centro,1678516.32,1659000.0
2024-12-15,17,PT1H,MC-Centro,1688428.94,1652000.0
2024-12-15,18,PT1H,MC-Centro,1751051.94,1741000.0
2024-12-15,19,PT1H,MC-Centro,1868907.62,1881000.0
2024-12-15,20,PT1H,MC-Centro,1911425.84,1890000.0
2024-12-15,21,PT1H,MC-Centro,1851584.01,1826000.0
2024-12-15,22,PT1H,MC-Centro,1738448.37,1705000.0
2024-12-15,23,PT1H,MC-Centro,1625089.9,1572000.0
2024-12-15,24,PT1H,MC-Centro,1491210.2,1455000.0
2025-04-04,1,PT1H,MC-Centro,1562500.55,1564260.0
2025-04-04,2,PT1H,MC-Centro,1476158.83,1499790.0
2025-04-04,3,PT1H,MC-Centro,1423290.01,1453700.0
2025-04-04,4,PT1H,MC-Centro,1443130.27,1457790.0
2025-04-04,5,PT1H,MC-Centro,1569063.9,1590270.0
2025-04-04,6,PT1H,MC-Centro,1806739.7,1835650.0
2025-04-04,7,PT1H,MC-Centro,1894069.41,1924010.0
2025-04-04,8,PT1H,MC-Centro,2016536.8,2049530.0
2025-04-04,9,PT1H,MC-Centro,2115353.96,2146770.0
2025-04-04,10,PT1H,MC-Centro,2158011.04,2185500.0
2025-04-04,11,PT1H,MC-Centro,2222933.31,2245020.0
2025-04-04,12,PT1H,MC-Centro,2286962.18,2278930.0
2025-04-04,13,PT1H,MC-Centro,2272687.86,2262630.0
2025-04-04,14,PT1H,MC-Centro,2225325.39,2228170.0
2025-04-04,15,PT1H,MC-Centro,2215647.13,2220180.0
2025-04-04,16,PT1H,MC-Centro,2213693.09,2202210.0
2025-04-04,17,PT1H,MC-Centro,2162832.34,2158770.0
2025-04-04,18,PT1H,MC-Centro,2124672.65,2123170.0
2025-04-04,19,PT1H,MC-Centro,2231809.54,2232660.0
2025-04-04,20,PT1H,MC-Centro,2245079.19,2258550.0
2025-04-04,21,PT1H,MC-Centro,2169774.07,2182070.0
2025-04-04,22,PT1H,MC-Centro,2007934.31,2010020.0
2025-04-04,23,PT1H,MC-Centro,1830313.91,1832190.0
2025-04-04,24,PT1H,MC-Centro,1687915.91,1686110.0
2025-02-09,1,PT1H,MC-Centro,1421410.59,1416000.0
2025-02-09,2,PT1H,MC-Centro,1358010.67,1346000.0
2025-02-09,3,PT1H,MC-Centro,1297495.84,1291000.0
2025-02-09,4,PT1H,MC-Centro,1256326.07,1256000.0
2025-02-09,5,PT1H,MC-Centro,1262408.62,1258000.0
2025-02-09,6,PT1H,MC-Centro,1280461.49,1267000.0
2025-02-09,7,PT1H,MC-Centro,1327466.29,1324000.0
2025-02-09,8,PT1H,MC-Centro,1466785.17,1468000.0
2025-02-09,9,PT1H,MC-Centro,1581868.36,1564000.0
2025-02-09,10,PT1H,MC-Centro,1656829.37,1654000.0
2025-02-09,11,PT1H,MC-Centro,1746936.57,1729000.0
2025-02-09,12,PT1H,MC-Centro,1782036.18,1770000.0
2025-02-09,13,PT1H,MC-Centro,1798189.68,1768000.0
2025-02-09,14,PT1H,MC-Centro,1768325.52,1736000.0
2025-02-09,15,PT1H,MC-Centro,1719515.81,1702000.0
2025-02-09,16,PT1H,MC-Centro,1690093.6,1673000.0
2025-02-09,17,PT1H,MC-Centro,1677754.37,1672000.0
2025-02-09,18,PT1H,MC-Centro,1718611.27,1725000.0
2025-02-09,19,PT1H,MC-Centro,1889220.67,1869000.0
2025-02-09,20,PT1H,MC-Centro,1933703.39,1921000.0
2025-02-09,21,PT1H,MC-Centro,1850450.47,1848000.0
2025-02-09,22,PT1H,MC-Centro,1716581.53,1720000.0
2025-02-09,23,PT1H,MC-Centro,1583349.93,1589000.0
2025-02-09,24,PT1H,MC-Centro,1490922.6,1487000.0
2025-03-23,1,PT1H,MC-Centro,1420826.2,1391000.0
2025-03-23,2,PT1H,MC-Centro,1344703.11,1325000.0
2025-03-23,3,PT1H,MC-Centro,1294788.65,1276000.0
2025-03-23,4,PT1H,MC-Centro,1259395.25,1244000.0
2025-03-23,5,PT1H,MC-Centro,1254285.14,1234000.0
2025-03-23,6,PT1H,MC-Centro,1255124.12,1241000.0
2025-03-23,7,PT1H,MC-Centro,1281052.02,1274000.0
2025-03-23,8,PT1H,MC-Centro,1417474.13,1410000.0
2025-03-23,9,PT1H,MC-Centro,1533438.28,1525000.0
2025-03-23,10,PT1H,MC-Centro,1630404.88,1632000.0
2025-03-23,11,PT1H,MC-Centro,1701984.07,1699000.0
2025-03-23,12,PT1H,MC-Centro,1684231.68,1751000.0
2025-03-23,13,PT1H,MC-Centro,1750393.43,1758000.0
2025-03-23,14,PT1H,MC-Centro,1733267.51,1731000.0
2025-03-23,15,PT1H,MC-Centro,1678613.27,1686000.0
2025-03-23,16,PT1H,MC-Centro,1647506.38,1660000.0
2025-03-23,17,PT1H,MC-Centro,1632527.47,1651000.0
2025-03-23,18,PT1H,MC-Centro,1626446.67,1682000.0
2025-03-23,19,PT1H,MC-Centro,1789180.34,1820000.0
2025-03-23,20,PT1H,MC-Centro,1827517.3,1850000.0
2025-03-23,21,PT1H,MC-Centro,1782089.86,1790000.0
2025-03-23,22,PT1H,MC-Centro,1686038.05,1675000.0
2025-03-23,23,PT1H,MC-Centro,1569369.18,1546000.0
2025-03-23,24,PT1H,MC-Centro,1440156.08,1430000.0
2025-08-28,1,PT1H,MC-Centro,1544131.57,1540180.0
2025-08-28,2,PT1H,MC-Centro,1476926.84,1475050.0
2025-08-28,3,PT1H,MC-Centro,1426730.57,1428050.0
2025-08-28,4,PT1H,MC-Centro,1431637.8,1431080.0
2025-08-28,5,PT1H,MC-Centro,1586780.96,1562240.0
2025-08-28,6,PT1H,MC-Centro,1824597.63,1793310.0
2025-08-28,7,PT1H,MC-Centro,1922427.93,1914830.0
2025-08-28,8,PT1H,MC-Centro,2032361.23,2027270.0
2025-08-28,9,PT1H,MC-Centro,2137665.21,2132990.0
2025-08-28,10,PT1H,MC-Centro,2189969.96,2187870.0
2025-08-28,11,PT1H,MC-Centro,2246053.67,2246370.0
2025-08-28,12,PT1H,MC-Centro,2268604.42,2301170.0
2025-08-28,13,PT1H,MC-Centro,2233460.76,2291490.0
2025-08-28,14,PT1H,MC-Centro,2182018.55,2236300.0
2025-08-28,15,PT1H,MC-Centro,2198962.4,2234230.0
2025-08-28,16,PT1H,MC-Centro,2189601.48,2222350.0
2025-08-28,17,PT1H,MC-Centro,2150394.72,2180980.0
2025-08-28,18,PT1H,MC-Centro,2116934.43,2138650.0
2025-08-28,19,PT1H,MC-Centro,2246134.03,2251380.0
2025-08-28,20,PT1H,MC-Centro,2275261.86,2286930.0
2025-08-28,21,PT1H,MC-Centro,2183619.22,2199630.0
2025-08-28,22,PT1H,MC-Centro,1985743.05,2015660.0
2025-08-28,23,PT1H,MC-Centro,1769077.01,1801950.0
2025-08-28,24,PT1H,MC-Centro,1626907.55,1655170.0
2025-05-16,1,PT1H,MC-Centro,1552984.12,1566050.0
2025-05-16,2,PT1H,MC-Centro,1491565.29,1498630.0
2025-05-16,3,PT1H,MC-Centro,1445570.01,1448910.0
2025-05-16,4,PT1H,MC-Centro,1444850.81,1448010.0
2025-05-16,5,PT1H,MC-Centro,1559287.71,1572380.0
2025-05-16,6,PT1H,MC-Centro,1751535.1,1815140.0
2025-05-16,7,PT1H,MC-Centro,1875151.19,1908120.0
2025-05-16,8,PT1H,MC-Centro,2014170.28,2030300.0
2025-05-16,9,PT1H,MC-Centro,2136795.29,2128770.0
2025-05-16,10,PT1H,MC-Centro,2200739.0,2179690.0
2025-05-16,11,PT1H,MC-Centro,2272643.87,2243050.0
2025-05-16,12,PT1H,MC-Centro,2317546.69,2285740.0
2025-05-16,13,PT1H,MC-Centro,2299918.25,2273370.0
2025-05-16,14,PT1H,MC-Centro,2253918.13,2220140.0
2025-05-16,15,PT1H,MC-Centro,2256083.51,2213200.0
2025-05-16,16,PT1H,MC-Centro,2241008.66,2210200.0
2025-05-16,17,PT1H,MC-Centro,2187558.0,2173130.0
2025-05-16,18,PT1H,MC-Centro,2134986.91,2133690.0
2025-05-16,19,PT1H,MC-Centro,2225341.47,2234570.0
2025-05-16,20,PT1H,MC-Centro,2232064.39,2247220.0
2025-05-16,21,PT1H,MC-Centro,2159498.37,2172700.0
2025-05-16,22,PT1H,MC-Centro,1999328.76,2011960.0
2025-05-16,23,PT1H,MC-Centro,1818515.61,1826400.0
2025-05-16,24,PT1H,MC-Centro,1674991.1,1682950.0
2025-07-10,1,PT1H,MC-Centro,1554145.82,1539000.0
2025-07-10,2,PT1H,MC-Centro,1488575.43,1468000.0
2025-07-10,3,PT1H,MC-Centro,1437667.18,1418000.0
2025-07-10,4,PT1H,MC-Centro,1435764.87,1417000.0
2025-07-10,5,PT1H,MC-Centro,1533945.0,1507000.0
2025-07-10,6,PT1H,MC-Centro,1714395.71,1657000.0
2025-07-10,7,PT1H,MC-Centro,1876150.29,1822000.0
2025-07-10,8,PT1H,MC-Centro,2017252.91,1995000.0
2025-07-10,9,PT1H,MC-Centro,2128785.5,2138000.0
2025-07-10,10,PT1H,MC-Centro,2184830.82,2195000.0
2025-07-10,11,PT1H,MC-Centro,2243764.14,2255000.0
2025-07-10,12,PT1H,MC-Centro,2292586.25,2308000.0
2025-07-10,13,PT1H,MC-Centro,2289467.43,2314000.0
2025-07-10,14,PT1H,MC-Centro,2246501.43,2263000.0
2025-07-10,15,PT1H,MC-Centro,2240838.32,2255000.0
2025-07-10,16,PT1H,MC-Centro,2218293.58,2229000.0
2025-07-10,17,PT1H,MC-Centro,2174914.57,2182000.0
2025-07-10,18,PT1H,MC-Centro,2125962.59,2132000.0
2025-07-10,19,PT1H,MC-Centro,2234484.97,2217000.0
2025-07-10,20,PT1H,MC-Centro,2275540.13,2259000.0
2025-07-10,21,PT1H,MC-Centro,2188910.09,2183000.0
2025-07-10,22,PT1H,MC-Centro,2012600.86,2010000.0
2025-07-10,23,PT1H,MC-Centro,1802778.01,1799000.0
2025-07-10,24,PT1H,MC-Centro,1672804.99,1656000.0
2025-11-11,1,PT1H,MC-Centro,1556168.54,1551000.0
2025-11-11,2,PT1H,MC-Centro,1492602.8,1487000.0
2025-11-11,3,PT1H,MC-Centro,1452898.67,1444000.0
2025-11-11,4,PT1H,MC-Centro,1465304.11,1451000.0
2025-11-11,5,PT1H,MC-Centro,1608167.34,1600000.0
2025-11-11,6,PT1H,MC-Centro,1860790.99,1846000.0
2025-11-11,7,PT1H,MC-Centro,1954743.5,1944000.0
2025-11-11,8,PT1H,MC-Centro,2062978.37,2059000.0
2025-11-11,9,PT1H,MC-Centro,2168967.18,2153000.0
2025-11-11,10,PT1H,MC-Centro,2204141.17,2215000.0
2025-11-11,11,PT1H,MC-Centro,2281601.35,2277000.0
2025-11-11,12,PT1H,MC-Centro,2335353.57,2321000.0
2025-11-11,13,PT1H,MC-Centro,2310880.5,2298000.0
2025-11-11,14,PT1H,MC-Centro,2273438.77,2251000.0
2025-11-11,15,PT1H,MC-Centro,2301899.32,2267000.0
2025-11-11,16,PT1H,MC-Centro,2290476.05,2256000.0
2025-11-11,17,PT1H,MC-Centro,2247440.19,2216000.0
2025-11-11,18,PT1H,MC-Centro,2284392.19,2233000.0
2025-11-11,19,PT1H,MC-Centro,2371569.16,2342000.0
2025-11-11,20,PT1H,MC-Centro,2349621.6,2322000.0
2025-11-11,21,PT1H,MC-Centro,2251544.1,2217000.0
2025-11-11,22,PT1H,MC-Centro,2058253.48,2019000.0
2025-11-11,23,PT1H,MC-Centro,1847715.74,1806000.0
2025-11-11,24,PT1H,MC-Centro,1686046.27,1665000.0
2025-12-05,1,PT1H,MC-Centro,1624847.52,1617000.0
2025-12-05,2,PT1H,MC-Centro,1558675.07,1549000.0
2025-12-05,3,PT1H,MC-Centro,1510292.77,1492000.0
2025-12-05,4,PT1H,MC-Centro,1503892.09,1493000.0
2025-12-05,5,PT1H,MC-Centro,1592175.34,1585000.0
2025-12-05,6,PT1H,MC-Centro,1737145.62,1707000.0
2025-12-05,7,PT1H,MC-Centro,1932567.85,1892000.0
2025-12-05,8,PT1H,MC-Centro,2114420.0,2068000.0
2025-12-05,9,PT1H,MC-Centro,2220256.98,2197000.0
2025-12-05,10,PT1H,MC-Centro,2276199.38,2244000.0
2025-12-05,11,PT1H,MC-Centro,2335816.71,2321000.0
2025-12-05,12,PT1H,MC-Centro,2403884.67,2380000.0
2025-12-05,13,PT1H,MC-Centro,2397058.72,2364000.0
2025-12-05,14,PT1H,MC-Centro,2356997.57,2318000.0
2025-12-05,15,PT1H,MC-Centro,2361504.2,2299000.0
2025-12-05,16,PT1H,MC-Centro,2335096.4,2283000.0
2025-12-05,17,PT1H,MC-Centro,2286160.11,2254000.0
2025-12-05,18,PT1H,MC-Centro,2283418.91,2266000.0
2025-12-05,19,PT1H,MC-Centro,2337281.87,2333000.0
2025-12-05,20,PT1H,MC-Centro,2311139.68,2290000.0
2025-12-05,21,PT1H,MC-Centro,2214608.56,2186000.0
2025-12-05,22,PT1H,MC-Centro,2065207.54,2037000.0
2025-12-05,23,PT1H,MC-Centro,1885067.33,1860000.0
2025-12-05,24,PT1H,MC-Centro,1751697.53,1710000.0
2025-08-10,1,PT1H,MC-Centro,1388572.91,1373000.0
2025-08-10,2,PT1H,MC-Centro,1311743.27,1303000.0
2025-08-10,3,PT1H,MC-Centro,1256336.8,1247000.0
2025-08-10,4,PT1H,MC-Centro,1222371.82,1211000.0
2025-08-10,5,PT1H,MC-Centro,1231817.05,1207000.0
2025-08-10,6,PT1H,MC-Centro,1253305.88,1207000.0
2025-08-10,7,PT1H,MC-Centro,1253148.74,1240000.0
2025-08-10,8,PT1H,MC-Centro,1356486.08,1370000.0
2025-08-10,9,PT1H,MC-Centro,1511011.47,1513000.0
2025-08-10,10,PT1H,MC-Centro,1625458.57,1614000.0
2025-08-10,11,PT1H,MC-Centro,1706200.48,1688000.0
2025-08-10,12,PT1H,MC-Centro,1761464.29,1740000.0
2025-08-10,13,PT1H,MC-Centro,1768180.35,1760000.0
2025-08-10,14,PT1H,MC-Centro,1728907.67,1734000.0
2025-08-10,15,PT1H,MC-Centro,1688660.5,1682000.0
2025-08-10,16,PT1H,MC-Centro,1659381.6,1645000.0
2025-08-10,17,PT1H,MC-Centro,1651155.3,1631000.0
2025-08-10,18,PT1H,MC-Centro,1671443.54,1655000.0
2025-08-10,19,PT1H,MC-Centro,1842745.9,1837000.0
2025-08-10,20,PT1H,MC-Centro,1894723.75,1907000.0
2025-08-10,21,PT1H,MC-Centro,1836076.33,1843000.0
2025-08-10,22,PT1H,MC-Centro,1699360.66,1694000.0
2025-08-10,23,PT1H,MC-Centro,1542639.29,1544000.0
2025-08-10,24,PT1H,MC-Centro,1417790.72,1413000.0
2024-12-29,1,PT1H,MC-Centro,1346785.81,1312000.0
2024-12-29,2,PT1H,MC-Centro,1272680.95,1249000.0
2024-12-29,3,PT1H,MC-Centro,1227280.56,1201000.0
2024-12-29,4,PT1H,MC-Centro,1186748.27,1184000.0
2024-12-29,5,PT1H,MC-Centro,1190326.53,1188000.0
2024-12-29,6,PT1H,MC-Centro,1202554.06,1192000.0
2024-12-29,7,PT1H,MC-Centro,1226980.56,1233000.0
2024-12-29,8,PT1H,MC-Centro,1337210.73,1371000.0
2024-12-29,9,PT1H,MC-Centro,1447245.43,1484000.0
2024-12-29,10,PT1H,MC-Centro,1546593.53,1574000.0
2024-12-29,11,PT1H,MC-Centro,1632464.73,1642000.0
2024-12-29,12,PT1H,MC-Centro,1684077.69,1686000.0
2024-12-29,13,PT1H,MC-Centro,1691410.85,1680000.0
2024-12-29,14,PT1H,MC-Centro,1664625.77,1654000.0
2024-12-29,15,PT1H,MC-Centro,1623758.68,1625000.0
2024-12-29,16,PT1H,MC-Centro,1608307.7,1595000.0
2024-12-29,17,PT1H,MC-Centro,1616166.46,1589000.0
2024-12-29,18,PT1H,MC-Centro,1638206.96,1631000.0
2024-12-29,19,PT1H,MC-Centro,1769091.2,1784000.0
2024-12-29,20,PT1H,MC-Centro,1775091.24,1801000.0
2024-12-29,21,PT1H,MC-Centro,1737474.05,1752000.0
2024-12-29,22,PT1H,MC-Centro,1625318.49,1644000.0
2024-12-29,23,PT1H,MC-Centro,1509646.88,1504000.0
2024-12-29,24,PT1H,MC-Centro,1384990.34,1383000.0
2024-09-14,1,PT1H,MC-Centro,1543864.93,1534000.0
2024-09-14,2,PT1H,MC-Centro,1481104.76,1457000.0
2024-09-14,3,PT1H,MC-Centro,1432735.42,1397000.0
2024-09-14,4,PT1H,MC-Centro,1420979.24,1384000.0
2024-09-14,5,PT1H,MC-Centro,1462031.22,1425000.0
2024-09-14,6,PT1H,MC-Centro,1520707.21,1490000.0
2024-09-14,7,PT1H,MC-Centro,1675322.03,1651000.0
2024-09-14,8,PT1H,MC-Centro,1831802.65,1837000.0
2024-09-14,9,PT1H,MC-Centro,1950285.84,1955000.0
2024-09-14,10,PT1H,MC-Centro,2065337.77,2021000.0
2024-09-14,11,PT1H,MC-Centro,2129364.11,2086000.0
2024-09-14,12,PT1H,MC-Centro,2143691.16,2101000.0
2024-09-14,13,PT1H,MC-Centro,2116363.22,2075000.0
2024-09-14,14,PT1H,MC-Centro,2044910.0,2015000.0
2024-09-14,15,PT1H,MC-Centro,1981508.33,1943000.0
2024-09-14,16,PT1H,MC-Centro,1954740.96,1908000.0
2024-09-14,17,PT1H,MC-Centro,1923524.82,1881000.0
2024-09-14,18,PT1H,MC-Centro,1913798.83,1878000.0
2024-09-14,19,PT1H,MC-Centro,2026557.6,1990000.0
2024-09-14,20,PT1H,MC-Centro,2014047.93,1982000.0
2024-09-14,21,PT1H,MC-Centro,1933439.72,1905000.0
2024-09-14,22,PT1H,MC-Centro,1807457.54,1762000.0
2024-09-14,23,PT1H,MC-Centro,1654950.12,1605000.0
2024-09-14,24,PT1H,MC-Centro,1532953.42,1478000.0
2026-01-31,1,PT1H,MC-Centro,1590723.19,1604000.0
2026-01-31,2,PT1H,MC-Centro,1515498.38,1534000.0
2026-01-31,3,PT1H,MC-Centro,1460704.86,1485000.0
2026-01-31,4,PT1H,MC-Centro,1446972.28,1457000.0
2026-01-31,5,PT1H,MC-Centro,1486148.12,1493000.0
2026-01-31,6,PT1H,MC-Centro,1549023.38,1559000.0
2026-01-31,7,PT1H,MC-Centro,1683552.21,1711000.0
2026-01-31,8,PT1H,MC-Centro,1834599.14,1894000.0
2026-01-31,9,PT1H,MC-Centro,1990026.16,2029000.0
2026-01-31,10,PT1H,MC-Centro,2091533.91,2112000.0
2026-01-31,11,PT1H,MC-Centro,2147800.73,2176000.0
2026-01-31,12,PT1H,MC-Centro,2168103.41,2203000.0
2026-01-31,13,PT1H,MC-Centro,2138142.1,2169000.0
2026-01-31,14,PT1H,MC-Centro,2055766.92,2095000.0
2026-01-31,15,PT1H,MC-Centro,2006431.63,2035000.0
2026-01-31,16,PT1H,MC-Centro,1977711.64,1994000.0
2026-01-31,17,PT1H,MC-Centro,1952920.14,1976000.0
2026-01-31,18,PT1H,MC-Centro,1937581.83,1998000.0
2026-01-31,19,PT1H,MC-Centro,2066563.36,2099000.0
2026-01-31,20,PT1H,MC-Centro,2073457.23,2089000.0
2026-01-31,21,PT1H,MC-Centro,1984162.17,1999000.0
2026-01-31,22,PT1H,MC-Centro,1852266.0,1856000.0
2026-01-31,23,PT1H,MC-Centro,1673970.35,1696000.0
2026-01-31,24,PT1H,MC-Centro,1522547.28,1562000.0
2025-08-26,1,PT1H,MC-Centro,1522237.73,1516050.0
2025-08-26,2,PT1H,MC-Centro,1458288.07,1459610.0
2025-08-26,3,PT1H,MC-Centro,1418650.62,1411860.0
2025-08-26,4,PT1H,MC-Centro,1415052.39,1413250.0
2025-08-26,5,PT1H,MC-Centro,1565644.24,1555340.0
2025-08-26,6,PT1H,MC-Centro,1834221.03,1813590.0
2025-08-26,7,PT1H,MC-Centro,1917873.48,1910120.0
2025-08-26,8,PT1H,MC-Centro,2043575.41,2022490.0
2025-08-26,9,PT1H,MC-Centro,2126128.65,2122950.0
2025-08-26,10,PT1H,MC-Centro,2200967.81,2167080.0
2025-08-26,11,PT1H,MC-Centro,2266382.38,2232040.0
2025-08-26,12,PT1H,MC-Centro,2291898.46,2279920.0
2025-08-26,13,PT1H,MC-Centro,2276657.94,2256090.0
2025-08-26,14,PT1H,MC-Centro,2222227.77,2212460.0
2025-08-26,15,PT1H,MC-Centro,2215933.45,2214940.0
2025-08-26,16,PT1H,MC-Centro,2208300.54,2205050.0
2025-08-26,17,PT1H,MC-Centro,2178442.2,2165100.0
2025-08-26,18,PT1H,MC-Centro,2160751.98,2134630.0
2025-08-26,19,PT1H,MC-Centro,2275884.81,2253120.0
2025-08-26,20,PT1H,MC-Centro,2287936.38,2287620.0
2025-08-26,21,PT1H,MC-Centro,2184357.62,2193350.0
2025-08-26,22,PT1H,MC-Centro,1995076.63,1996450.0
2025-08-26,23,PT1H,MC-Centro,1771034.09,1779090.0
2025-08-26,24,PT1H,MC-Centro,1620912.22,1630560.0
2025-09-24,1,PT1H,MC-Centro,1533404.73,1550000.0
2025-09-24,2,PT1H,MC-Centro,1481855.12,1486000.0
2025-09-24,3,PT1H,MC-Centro,1439764.11,1443000.0
2025-09-24,4,PT1H,MC-Centro,1448160.76,1448000.0
2025-09-24,5,PT1H,MC-Centro,1590405.28,1588000.0
2025-09-24,6,PT1H,MC-Centro,1844030.62,1838000.0
2025-09-24,7,PT1H,MC-Centro,1941209.74,1951000.0
2025-09-24,8,PT1H,MC-Centro,2054801.14,2061000.0
2025-09-24,9,PT1H,MC-Centro,2154515.1,2163000.0
2025-09-24,10,PT1H,MC-Centro,2195647.61,2205000.0
2025-09-24,11,PT1H,MC-Centro,2267037.27,2284000.0
2025-09-24,12,PT1H,MC-Centro,2293559.51,2333000.0
2025-09-24,13,PT1H,MC-Centro,2270849.69,2308000.0
2025-09-24,14,PT1H,MC-Centro,2226274.6,2264000.0
2025-09-24,15,PT1H,MC-Centro,2238046.44,2265000.0
2025-09-24,16,PT1H,MC-Centro,2239794.06,2264000.0
2025-09-24,17,PT1H,MC-Centro,2199015.49,2235000.0
2025-09-24,18,PT1H,MC-Centro,2203880.76,2219000.0
2025-09-24,19,PT1H,MC-Centro,2313150.0,2342000.0
2025-09-24,20,PT1H,MC-Centro,2317226.69,2332000.0
2025-09-24,21,PT1H,MC-Centro,2205538.24,2230000.0
2025-09-24,22,PT1H,MC-Centro,2014759.04,2030000.0
2025-09-24,23,PT1H,MC-Centro,1804740.55,1818000.0
2025-09-24,24,PT1H,MC-Centro,1664778.0,1678000.0
2025-11-07,1,PT1H,MC-Centro,1570129.77,1567000.0
2025-11-07,2,PT1H,MC-Centro,1497290.42,1503000.0
2025-11-07,3,PT1H,MC-Centro,1459976.73,1458000.0
2025-11-07,4,PT1H,MC-Centro,1471668.82,1463000.0
2025-11-07,5,PT1H,MC-Centro,1604323.25,1598000.0
2025-11-07,6,PT1H,MC-Centro,1835751.06,1824000.0
2025-11-07,7,PT1H,MC-Centro,1936817.87,1936000.0
2025-11-07,8,PT1H,MC-Centro,2052819.81,2060000.0
2025-11-07,9,PT1H,MC-Centro,2158133.47,2156000.0
2025-11-07,10,PT1H,MC-Centro,2222224.52,2203000.0
2025-11-07,11,PT1H,MC-Centro,2286288.23,2277000.0
2025-11-07,12,PT1H,MC-Centro,2332290.92,2324000.0
2025-11-07,13,PT1H,MC-Centro,2325493.82,2302000.0
2025-11-07,14,PT1H,MC-Centro,2277301.9,2249000.0
2025-11-07,15,PT1H,MC-Centro,2275427.83,2253000.0
2025-11-07,16,PT1H,MC-Centro,2276335.97,2236000.0
2025-11-07,17,PT1H,MC-Centro,2254748.65,2200000.0
2025-11-07,18,PT1H,MC-Centro,2251324.63,2234000.0
2025-11-07,19,PT1H,MC-Centro,2336688.74,2306000.0
2025-11-07,20,PT1H,MC-Centro,2311886.21,2276000.0
2025-11-07,21,PT1H,MC-Centro,2208423.46,2175000.0
2025-11-07,22,PT1H,MC-Centro,2037863.6,2010000.0
2025-11-07,23,PT1H,MC-Centro,1859387.63,1837000.0
2025-11-07,24,PT1H,MC-Centro,1717015.29,1696000.0
2025-08-05,1,PT1H,MC-Centro,1516096.17,1526560.0
2025-08-05,2,PT1H,MC-Centro,1461538.78,1467470.0
2025-08-05,3,PT1H,MC-Centro,1414162.64,1421630.0
2025-08-05,4,PT1H,MC-Centro,1417447.66,1424420.0
2025-08-05,5,PT1H,MC-Centro,1552644.15,1557010.0
2025-08-05,6,PT1H,MC-Centro,1805914.76,1802810.0
2025-08-05,7,PT1H,MC-Centro,1894970.03,1902140.0
2025-08-05,8,PT1H,MC-Centro,2002220.51,2021800.0
2025-08-05,9,PT1H,MC-Centro,2101347.35,2127660.0
2025-08-05,10,PT1H,MC-Centro,2140578.12,2170850.0
2025-08-05,11,PT1H,MC-Centro,2192269.91,2242810.0
2025-08-05,12,PT1H,MC-Centro,2249344.41,2279880.0
2025-08-05,13,PT1H,MC-Centro,2230805.31,2265250.0
2025-08-05,14,PT1H,MC-Centro,2185715.74,2215800.0
2025-08-05,15,PT1H,MC-Centro,2196366.16,2225120.0
2025-08-05,16,PT1H,MC-Centro,2178897.56,2219040.0
2025-08-05,17,PT1H,MC-Centro,2139858.11,2177890.0
2025-08-05,18,PT1H,MC-Centro,2097090.14,2154750.0
2025-08-05,19,PT1H,MC-Centro,2214721.49,2267250.0
2025-08-05,20,PT1H,MC-Centro,2260439.0,2285740.0
2025-08-05,21,PT1H,MC-Centro,2181479.46,2186130.0
2025-08-05,22,PT1H,MC-Centro,1998976.47,1993240.0
2025-08-05,23,PT1H,MC-Centro,1794192.43,1778000.0
2025-08-05,24,PT1H,MC-Centro,1635294.14,1625330.0
2025-07-05,1,PT1H,MC-Centro,1547328.37,1554000.0
2025-07-05,2,PT1H,MC-Centro,1476590.11,1480000.0
2025-07-05,3,PT1H,MC-Centro,1413752.56,1433000.0
2025-07-05,4,PT1H,MC-Centro,1391162.15,1417000.0
2025-07-05,5,PT1H,MC-Centro,1430001.23,1453000.0
2025-07-05,6,PT1H,MC-Centro,1475784.13,1513000.0
2025-07-05,7,PT1H,MC-Centro,1618475.79,1668000.0
2025-07-05,8,PT1H,MC-Centro,1792601.35,1847000.0
2025-07-05,9,PT1H,MC-Centro,1948981.98,1988000.0
2025-07-05,10,PT1H,MC-Centro,2035861.74,2069000.0
2025-07-05,11,PT1H,MC-Centro,2101397.22,2128000.0
2025-07-05,12,PT1H,MC-Centro,2103740.95,2151000.0
2025-07-05,13,PT1H,MC-Centro,2095960.66,2129000.0
2025-07-05,14,PT1H,MC-Centro,2032850.05,2072000.0
2025-07-05,15,PT1H,MC-Centro,1969033.57,2006000.0
2025-07-05,16,PT1H,MC-Centro,1926775.57,1966000.0
2025-07-05,17,PT1H,MC-Centro,1894518.6,1938000.0
2025-07-05,18,PT1H,MC-Centro,1871542.33,1921000.0
2025-07-05,19,PT1H,MC-Centro,1979678.12,2024000.0
2025-07-05,20,PT1H,MC-Centro,1998025.34,2025000.0
2025-07-05,21,PT1H,MC-Centro,1916897.7,1950000.0
2025-07-05,22,PT1H,MC-Centro,1787863.51,1817000.0
2025-07-05,23,PT1H,MC-Centro,1635979.83,1658000.0
2025-07-05,24,PT1H,MC-Centro,1506338.42,1520000.0
2026-01-01,1,PT1H,MC-Centro,1320815.84,1303000.0
2026-01-01,2,PT1H,MC-Centro,1255626.25,1246000.0
2026-01-01,3,PT1H,MC-Centro,1180877.43,1178000.0
2026-01-01,4,PT1H,MC-Centro,1117141.03,1122000.0
2026-01-01,5,PT1H,MC-Centro,1076742.78,1094000.0
2026-01-01,6,PT1H,MC-Centro,1051104.4,1056000.0
2026-01-01,7,PT1H,MC-Centro,1004116.55,1011000.0
2026-01-01,8,PT1H,MC-Centro,1015587.14,1032000.0
2026-01-01,9,PT1H,MC-Centro,1067186.43,1085000.0
2026-01-01,10,PT1H,MC-Centro,1140676.86,1163000.0
2026-01-01,11,PT1H,MC-Centro,1215137.35,1241000.0
2026-01-01,12,PT1H,MC-Centro,1284806.76,1306000.0
2026-01-01,13,PT1H,MC-Centro,1334277.39,1350000.0
2026-01-01,14,PT1H,MC-Centro,1338956.08,1367000.0
2026-01-01,15,PT1H,MC-Centro,1337360.34,1334000.0
2026-01-01,16,PT1H,MC-Centro,1307698.27,1315000.0
2026-01-01,17,PT1H,MC-Centro,1298871.73,1318000.0
2026-01-01,18,PT1H,MC-Centro,1361312.71,1371000.0
2026-01-01,19,PT1H,MC-Centro,1498871.41,1511000.0
2026-01-01,20,PT1H,MC-Centro,1534874.48,1536000.0
2026-01-01,21,PT1H,MC-Centro,1487127.45,1491000.0
2026-01-01,22,PT1H,MC-Centro,1412489.93,1410000.0
2026-01-01,23,PT1H,MC-Centro,1334680.97,1323000.0
2026-01-01,24,PT1H,MC-Centro,1254686.24,1239000.0
2024-11-12,1,PT1H,MC-Centro,1402035.11,1392000.0
2024-11-12,2,PT1H,MC-Centro,1350106.49,1341000.0
2024-11-12,3,PT1H,MC-Centro,1303528.01,1312000.0
2024-11-12,4,PT1H,MC-Centro,1324322.11,1337000.0
2024-11-12,5,PT1H,MC-Centro,1491317.98,1500000.0
2024-11-12,6,PT1H,MC-Centro,1724882.6,1760000.0
2024-11-12,7,PT1H,MC-Centro,1846291.64,1854000.0
2024-11-12,8,PT1H,MC-Centro,1960957.61,1980000.0
2024-11-12,9,PT1H,MC-Centro,2068630.55,2068000.0
2024-11-12,10,PT1H,MC-Centro,2134252.5,2114000.0
2024-11-12,11,PT1H,MC-Centro,2213969.75,2178000.0
2024-11-12,12,PT1H,MC-Centro,2261000.05,2241000.0
2024-11-12,13,PT1H,MC-Centro,2259281.66,2228000.0
2024-11-12,14,PT1H,MC-Centro,2241464.36,2199000.0
2024-11-12,15,PT1H,MC-Centro,2233932.45,2226000.0
2024-11-12,16,PT1H,MC-Centro,2182171.88,2235000.0
2024-11-12,17,PT1H,MC-Centro,2140526.9,2196000.0
2024-11-12,18,PT1H,MC-Centro,2196617.38,2199000.0
2024-11-12,19,PT1H,MC-Centro,2265804.91,2266000.0
2024-11-12,20,PT1H,MC-Centro,2253713.92,2244000.0
2024-11-12,21,PT1H,MC-Centro,2157880.93,2151000.0
2024-11-12,22,PT1H,MC-Centro,1957321.09,1963000.0
2024-11-12,23,PT1H,MC-Centro,1765282.31,1760000.0
2024-11-12,24,PT1H,MC-Centro,1620537.18,1621000.0
2026-02-11,1,PT1H,MC-Centro,1576461.02,1616780.0
2026-02-11,2,PT1H,MC-Centro,1515211.14,1561470.0
2026-02-11,3,PT1H,MC-Centro,1472956.32,1501280.0
2026-02-11,4,PT1H,MC-Centro,1490542.79,1513570.0
2026-02-11,5,PT1H,MC-Centro,1661963.25,1651740.0
2026-02-11,6,PT1H,MC-Centro,1918243.86,1885880.0
2026-02-11,7,PT1H,MC-Centro,1998720.55,1997510.0
2026-02-11,8,PT1H,MC-Centro,2109791.79,2124570.0
2026-02-11,9,PT1H,MC-Centro,2190796.63,2196990.0
2026-02-11,10,PT1H,MC-Centro,2231085.54,2237410.0
2026-02-11,11,PT1H,MC-Centro,2308031.3,2290760.0
2026-02-11,12,PT1H,MC-Centro,2334510.05,2333210.0
2026-02-11,13,PT1H,MC-Centro,2321444.58,2299420.0
2026-02-11,14,PT1H,MC-Centro,2298422.93,2259150.0
2026-02-11,15,PT1H,MC-Centro,2311272.66,2260190.0
2026-02-11,16,PT1H,MC-Centro,2322917.46,2256960.0
2026-02-11,17,PT1H,MC-Centro,2274163.83,2229850.0
2026-02-11,18,PT1H,MC-Centro,2243101.08,2206140.0
2026-02-11,19,PT1H,MC-Centro,2339929.02,2319700.0
2026-02-11,20,PT1H,MC-Centro,2350531.75,2364640.0
2026-02-11,21,PT1H,MC-Centro,2236518.69,2267410.0
2026-02-11,22,PT1H,MC-Centro,2042083.69,2069010.0
2026-02-11,23,PT1H,MC-Centro,1829281.18,1861980.0
2026-02-11,24,PT1H,MC-Centro,1680148.58,1721690.0
2026-02-05,1,PT1H,MC-Centro,1564062.83,1576000.0
2026-02-05,2,PT1H,MC-Centro,1503368.35,1513000.0
2026-02-05,3,PT1H,MC-Centro,1463428.64,1473000.0
2026-02-05,4,PT1H,MC-Centro,1474107.9,1481000.0
2026-02-05,5,PT1H,MC-Centro,1618776.45,1609000.0
2026-02-05,6,PT1H,MC-Centro,1838795.11,1824000.0
2026-02-05,7,PT1H,MC-Centro,1926856.74,1954000.0
2026-02-05,8,PT1H,MC-Centro,2055054.57,2087000.0
2026-02-05,9,PT1H,MC-Centro,2149483.24,2194000.0
2026-02-05,10,PT1H,MC-Centro,2204307.88,2247000.0
2026-02-05,11,PT1H,MC-Centro,2295594.15,2326000.0
2026-02-05,12,PT1H,MC-Centro,2333491.55,2369000.0
2026-02-05,13,PT1H,MC-Centro,2329794.45,2353000.0
2026-02-05,14,PT1H,MC-Centro,2292767.55,2318000.0
2026-02-05,15,PT1H,MC-Centro,2288783.95,2318000.0
2026-02-05,16,PT1H,MC-Centro,2236205.51,2296000.0
2026-02-05,17,PT1H,MC-Centro,2213208.79,2253000.0
2026-02-05,18,PT1H,MC-Centro,2180338.85,2248000.0
2026-02-05,19,PT1H,MC-Centro,2322741.34,2342000.0
2026-02-05,20,PT1H,MC-Centro,2361762.55,2335000.0
2026-02-05,21,PT1H,MC-Centro,2255246.96,2230000.0
2026-02-05,22,PT1H,MC-Centro,2056938.55,2052000.0
2026-02-05,23,PT1H,MC-Centro,1832483.23,1862000.0
2026-02-05,24,PT1H,MC-Centro,1684297.69,1746000.0
2024-12-27,1,PT1H,MC-Centro,1453924.8,1450000.0
2024-12-27,2,PT1H,MC-Centro,1386113.77,1375000.0
2024-12-27,3,PT1H,MC-Centro,1341338.8,1327000.0
2024-12-27,4,PT1H,MC-Centro,1336734.67,1316000.0
2024-12-27,5,PT1H,MC-Centro,1402731.98,1370000.0
2024-12-27,6,PT1H,MC-Centro,1486794.45,1448000.0
2024-12-27,7,PT1H,MC-Centro,1625293.97,1573000.0
2024-12-27,8,PT1H,MC-Centro,1785549.09,1733000.0
2024-12-27,9,PT1H,MC-Centro,1911945.27,1861000.0
2024-12-27,10,PT1H,MC-Centro,1988149.93,1934000.0
2024-12-27,11,PT1H,MC-Centro,2052622.67,2022000.0
2024-12-27,12,PT1H,MC-Centro,2104580.45,2063000.0
2024-12-27,13,PT1H,MC-Centro,2105254.77,2071000.0
2024-12-27,14,PT1H,MC-Centro,2070127.2,2021000.0
2024-12-27,15,PT1H,MC-Centro,2052303.9,2009000.0
2024-12-27,16,PT1H,MC-Centro,2041179.53,1977000.0
2024-12-27,17,PT1H,MC-Centro,2008566.1,1942000.0
2024-12-27,18,PT1H,MC-Centro,2019910.41,1928000.0
2024-12-27,19,PT1H,MC-Centro,2113744.55,2050000.0
2024-12-27,20,PT1H,MC-Centro,2090584.02,2035000.0
2024-12-27,21,PT1H,MC-Centro,2012835.21,1952000.0
2024-12-27,22,PT1H,MC-Centro,1863901.01,1817000.0
2024-12-27,23,PT1H,MC-Centro,1709497.68,1651000.0
2024-12-27,24,PT1H,MC-Centro,1584789.35,1506000.0
2025-07-29,1,PT1H,MC-Centro,1526618.44,1523000.0
2025-07-29,2,PT1H,MC-Centro,1460564.1,1469000.0
2025-07-29,3,PT1H,MC-Centro,1411636.95,1425000.0
2025-07-29,4,PT1H,MC-Centro,1415816.02,1427000.0
2025-07-29,5,PT1H,MC-Centro,1555170.51,1558000.0
2025-07-29,6,PT1H,MC-Centro,1813319.9,1802000.0
2025-07-29,7,PT1H,MC-Centro,1908069.75,1903000.0
2025-07-29,8,PT1H,MC-Centro,2026410.91,2022000.0
2025-07-29,9,PT1H,MC-Centro,2127766.94,2126000.0
2025-07-29,10,PT1H,MC-Centro,2176713.9,2169000.0
2025-07-29,11,PT1H,MC-Centro,2248557.97,2242000.0
2025-07-29,12,PT1H,MC-Centro,2284977.31,2285000.0
2025-07-29,13,PT1H,MC-Centro,2259599.58,2275000.0
2025-07-29,14,PT1H,MC-Centro,2213260.27,2221000.0
2025-07-29,15,PT1H,MC-Centro,2220027.15,2224000.0
2025-07-29,16,PT1H,MC-Centro,2212036.84,2214000.0
2025-07-29,17,PT1H,MC-Centro,2169978.8,2173000.0
2025-07-29,18,PT1H,MC-Centro,2168235.38,2135000.0
2025-07-29,19,PT1H,MC-Centro,2256827.15,2261000.0
2025-07-29,20,PT1H,MC-Centro,2276944.8,2281000.0
2025-07-29,21,PT1H,MC-Centro,2168888.09,2188000.0
2025-07-29,22,PT1H,MC-Centro,1972206.57,1997000.0
2025-07-29,23,PT1H,MC-Centro,1766374.22,1779000.0
2025-07-29,24,PT1H,MC-Centro,1619164.54,1624000.0
2026-01-30,1,PT1H,MC-Centro,1607510.2,1594000.0
2026-01-30,2,PT1H,MC-Centro,1516505.84,1526000.0
2026-01-30,3,PT1H,MC-Centro,1475226.41,1479000.0
2026-01-30,4,PT1H,MC-Centro,1474651.89,1479000.0
2026-01-30,5,PT1H,MC-Centro,1623063.05,1570000.0
2026-01-30,6,PT1H,MC-Centro,1813199.24,1757000.0
2026-01-30,7,PT1H,MC-Centro,1937573.07,1898000.0
2026-01-30,8,PT1H,MC-Centro,2089268.8,2066000.0
2026-01-30,9,PT1H,MC-Centro,2202815.99,2181000.0
2026-01-30,10,PT1H,MC-Centro,2255504.54,2233000.0
2026-01-30,11,PT1H,MC-Centro,2327115.58,2303000.0
2026-01-30,12,PT1H,MC-Centro,2357618.68,2366000.0
2026-01-30,13,PT1H,MC-Centro,2343721.39,2357000.0
2026-01-30,14,PT1H,MC-Centro,2275931.0,2314000.0
2026-01-30,15,PT1H,MC-Centro,2268429.0,2310000.0
2026-01-30,16,PT1H,MC-Centro,2238152.52,2304000.0
2026-01-30,17,PT1H,MC-Centro,2205280.84,2246000.0
2026-01-30,18,PT1H,MC-Centro,2170437.71,2212000.0
2026-01-30,19,PT1H,MC-Centro,2281294.88,2304000.0
2026-01-30,20,PT1H,MC-Centro,2299994.12,2296000.0
2026-01-30,21,PT1H,MC-Centro,2221589.62,2192000.0
2026-01-30,22,PT1H,MC-Centro,2047649.67,2039000.0
2026-01-30,23,PT1H,MC-Centro,1868089.78,1857000.0
2026-01-30,24,PT1H,MC-Centro,1707038.19,1694000.0
2025-01-20,1,PT1H,MC-Centro,1370303.05,1363000.0
2025-01-20,2,PT1H,MC-Centro,1308707.76,1312000.0
2025-01-20,3,PT1H,MC-Centro,1268259.28,1272000.0
2025-01-20,4,PT1H,MC-Centro,1281314.61,1282000.0
2025-01-20,5,PT1H,MC-Centro,1378172.59,1373000.0
2025-01-20,6,PT1H,MC-Centro,1527801.91,1525000.0
2025-01-20,7,PT1H,MC-Centro,1717778.47,1704000.0
2025-01-20,8,PT1H,MC-Centro,1886364.32,1882000.0
2025-01-20,9,PT1H,MC-Centro,2000396.96,2006000.0
2025-01-20,10,PT1H,MC-Centro,2077382.52,2083000.0
2025-01-20,11,PT1H,MC-Centro,2151983.29,2155000.0
2025-01-20,12,PT1H,MC-Centro,2218469.73,2213000.0
2025-01-20,13,PT1H,MC-Centro,2237004.25,2224000.0
2025-01-20,14,PT1H,MC-Centro,2201822.68,2184000.0
2025-01-20,15,PT1H,MC-Centro,2194868.74,2178000.0
2025-01-20,16,PT1H,MC-Centro,2174097.53,2157000.0
2025-01-20,17,PT1H,MC-Centro,2137703.22,2114000.0
2025-01-20,18,PT1H,MC-Centro,2096713.3,2081000.0
2025-01-20,19,PT1H,MC-Centro,2212995.11,2188000.0
2025-01-20,20,PT1H,MC-Centro,2237962.2,2199000.0
2025-01-20,21,PT1H,MC-Centro,2154893.72,2127000.0
2025-01-20,22,PT1H,MC-Centro,1958051.21,1961000.0
2025-01-20,23,PT1H,MC-Centro,1763053.41,1770000.0
2025-01-20,24,PT1H,MC-Centro,1609940.93,1647000.0
2024-10-11,1,PT1H,MC-Centro,1542023.72,1530000.0
2024-10-11,2,PT1H,MC-Centro,1467224.25,1473000.0
2024-10-11,3,PT1H,MC-Centro,1423811.6,1432000.0
2024-10-11,4,PT1H,MC-Centro,1425873.46,1436000.0
2024-10-11,5,PT1H,MC-Centro,1504965.63,1538000.0
2024-10-11,6,PT1H,MC-Centro,1614299.11,1662000.0
2024-10-11,7,PT1H,MC-Centro,1808935.08,1835000.0
2024-10-11,8,PT1H,MC-Centro,1976998.12,1991000.0
2024-10-11,9,PT1H,MC-Centro,2083326.24,2091000.0
2024-10-11,10,PT1H,MC-Centro,2140552.1,2137000.0
2024-10-11,11,PT1H,MC-Centro,2203806.4,2205000.0
2024-10-11,12,PT1H,MC-Centro,2249972.56,2243000.0
2024-10-11,13,PT1H,MC-Centro,2252970.71,2230000.0
2024-10-11,14,PT1H,MC-Centro,2210960.8,2198000.0
2024-10-11,15,PT1H,MC-Centro,2199785.06,2185000.0
2024-10-11,16,PT1H,MC-Centro,2181225.37,2174000.0
2024-10-11,17,PT1H,MC-Centro,2140065.58,2128000.0
2024-10-11,18,PT1H,MC-Centro,2126832.27,2127000.0
2024-10-11,19,PT1H,MC-Centro,2216456.2,2224000.0
2024-10-11,20,PT1H,MC-Centro,2186597.47,2205000.0
2024-10-11,21,PT1H,MC-Centro,2101111.22,2116000.0
2024-10-11,22,PT1H,MC-Centro,1943272.09,1963000.0
2024-10-11,23,PT1H,MC-Centro,1775504.74,1793000.0
2024-10-11,24,PT1H,MC-Centro,1639953.47,1666000.0
2024-08-24,1,PT1H,MC-Centro,1535516.17,1524000.0
2024-08-24,2,PT1H,MC-Centro,1466845.41,1450000.0
2024-08-24,3,PT1H,MC-Centro,1416903.27,1397000.0
2024-08-24,4,PT1H,MC-Centro,1401413.45,1380000.0
2024-08-24,5,PT1H,MC-Centro,1446699.56,1421000.0
2024-08-24,6,PT1H,MC-Centro,1518224.84,1478000.0
2024-08-24,7,PT1H,MC-Centro,1683017.29,1627000.0
2024-08-24,8,PT1H,MC-Centro,1862581.42,1807000.0
2024-08-24,9,PT1H,MC-Centro,1978375.72,1936000.0
2024-08-24,10,PT1H,MC-Centro,2044922.41,2017000.0
2024-08-24,11,PT1H,MC-Centro,2103320.27,2084000.0
2024-08-24,12,PT1H,MC-Centro,2111775.98,2113000.0
2024-08-24,13,PT1H,MC-Centro,2083660.64,2079000.0
2024-08-24,14,PT1H,MC-Centro,2018176.85,2006000.0
2024-08-24,15,PT1H,MC-Centro,1950442.78,1940000.0
2024-08-24,16,PT1H,MC-Centro,1927366.5,1907000.0
2024-08-24,17,PT1H,MC-Centro,1895152.03,1880000.0
2024-08-24,18,PT1H,MC-Centro,1890390.16,1879000.0
2024-08-24,19,PT1H,MC-Centro,1998436.54,1981000.0
2024-08-24,20,PT1H,MC-Centro,2002969.97,1976000.0
2024-08-24,21,PT1H,MC-Centro,1928386.57,1890000.0
2024-08-24,22,PT1H,MC-Centro,1787432.1,1755000.0
2024-08-24,23,PT1H,MC-Centro,1634130.23,1608000.0
2024-08-24,24,PT1H,MC-Centro,1509618.38,1482000.0
2024-09-27,1,PT1H,MC-Centro,1524293.64,1557000.0
2024-09-27,2,PT1H,MC-Centro,1467909.46,1495000.0
2024-09-27,3,PT1H,MC-Centro,1430775.46,1449000.0
2024-09-27,4,PT1H,MC-Centro,1439208.99,1448000.0
2024-09-27,5,PT1H,MC-Centro,1577748.54,1580000.0
2024-09-27,6,PT1H,MC-Centro,1803516.9,1797000.0
2024-09-27,7,PT1H,MC-Centro,1900979.59,1896000.0
2024-09-27,8,PT1H,MC-Centro,2032448.24,2022000.0
2024-09-27,9,PT1H,MC-Centro,2111243.77,2120000.0
2024-09-27,10,PT1H,MC-Centro,2150039.5,2170000.0
2024-09-27,11,PT1H,MC-Centro,2216393.2,2235000.0
2024-09-27,12,PT1H,MC-Centro,2241863.49,2272000.0
2024-09-27,13,PT1H,MC-Centro,2247464.83,2248000.0
2024-09-27,14,PT1H,MC-Centro,2197688.23,2205000.0
2024-09-27,15,PT1H,MC-Centro,2192335.48,2206000.0
2024-09-27,16,PT1H,MC-Centro,2175756.84,2199000.0
2024-09-27,17,PT1H,MC-Centro,2137171.58,2151000.0
2024-09-27,18,PT1H,MC-Centro,2126211.73,2148000.0
2024-09-27,19,PT1H,MC-Centro,2239583.41,2247000.0
2024-09-27,20,PT1H,MC-Centro,2216721.69,2235000.0
2024-09-27,21,PT1H,MC-Centro,2127099.9,2148000.0
2024-09-27,22,PT1H,MC-Centro,1967952.34,1993000.0
2024-09-27,23,PT1H,MC-Centro,1797214.01,1815000.0
2024-09-27,24,PT1H,MC-Centro,1676472.41,1679000.0
2025-10-12,1,PT1H,MC-Centro,2837838.76,2824000.0
2025-10-12,2,PT1H,MC-Centro,2684125.22,2680000.0
2025-10-12,3,PT1H,MC-Centro,2584670.4,2570000.0
2025-10-12,4,PT1H,MC-Centro,2520051.42,2494000.0
2025-10-12,5,PT1H,MC-Centro,2508542.34,2492000.0
2025-10-12,6,PT1H,MC-Centro,2464006.78,2478000.0
2025-10-12,7,PT1H,MC-Centro,2557979.14,2544000.0
2025-10-12,8,PT1H,MC-Centro,2781768.6,2786000.0
2025-10-12,9,PT1H,MC-Centro,3048752.44,3044000.0
2025-10-12,10,PT1H,MC-Centro,3276102.76,3248000.0
2025-10-12,11,PT1H,MC-Centro,3440696.64,3400000.0
2025-10-12,12,PT1H,MC-Centro,3513687.62,3484000.0
2025-10-12,13,PT1H,MC-Centro,3513606.36,3506000.0
2025-10-12,14,PT1H,MC-Centro,3472797.4,3462000.0
2025-10-12,15,PT1H,MC-Centro,3397438.56,3356000.0
2025-10-12,16,PT1H,MC-Centro,3316877.22,3294000.0
2025-10-12,17,PT1H,MC-Centro,3325559.16,3260000.0
2025-10-12,18,PT1H,MC-Centro,3478404.22,3334000.0
2025-10-12,19,PT1H,MC-Centro,3657272.78,3616000.0
2025-10-12,20,PT1H,MC-Centro,3661075.98,3680000.0
2025-10-12,21,PT1H,MC-Centro,3524127.2,3564000.0
2025-10-12,22,PT1H,MC-Centro,3321123.16,3346000.0
2025-10-12,23,PT1H,MC-Centro,3057741.98,3084000.0
2025-10-12,24,PT1H,MC-Centro,2845072.62,2854000.0
2025-02-13,1,PT1H,MC-Centro,1532973.26,1561680.0
2025-02-13,2,PT1H,MC-Centro,1487189.71,1499020.0
2025-02-13,3,PT1H,MC-Centro,1454100.31,1461190.0
2025-02-13,4,PT1H,MC-Centro,1480314.06,1468390.0
2025-02-13,5,PT1H,MC-Centro,1628603.13,1594880.0
2025-02-13,6,PT1H,MC-Centro,1859440.34,1792210.0
2025-02-13,7,PT1H,MC-Centro,1932148.82,1892630.0
2025-02-13,8,PT1H,MC-Centro,2046538.53,2031580.0
2025-02-13,9,PT1H,MC-Centro,2121103.42,2110030.0
2025-02-13,10,PT1H,MC-Centro,2183006.74,2151810.0
2025-02-13,11,PT1H,MC-Centro,2234221.78,2225530.0
2025-02-13,12,PT1H,MC-Centro,2261572.65,2262770.0
2025-02-13,13,PT1H,MC-Centro,2255427.8,2249390.0
2025-02-13,14,PT1H,MC-Centro,2220847.62,2206590.0
2025-02-13,15,PT1H,MC-Centro,2243923.52,2216230.0
2025-02-13,16,PT1H,MC-Centro,2234673.73,2207900.0
2025-02-13,17,PT1H,MC-Centro,2195806.51,2173760.0
2025-02-13,18,PT1H,MC-Centro,2163685.49,2152960.0
2025-02-13,19,PT1H,MC-Centro,2259930.08,2267030.0
2025-02-13,20,PT1H,MC-Centro,2272116.06,2289750.0
2025-02-13,21,PT1H,MC-Centro,2165003.97,2199320.0
2025-02-13,22,PT1H,MC-Centro,1973185.14,1999960.0
2025-02-13,23,PT1H,MC-Centro,1779318.89,1798880.0
2025-02-13,24,PT1H,MC-Centro,1641039.12,1672370.0
2024-08-11,1,PT1H,MC-Centro,1371803.81,1379000.0
2024-08-11,2,PT1H,MC-Centro,1308789.4,1301000.0
2024-08-11,3,PT1H,MC-Centro,1246930.55,1244000.0
2024-08-11,4,PT1H,MC-Centro,1217599.89,1211000.0
2024-08-11,5,PT1H,MC-Centro,1226828.49,1206000.0
2024-08-11,6,PT1H,MC-Centro,1202296.84,1207000.0
2024-08-11,7,PT1H,MC-Centro,1245618.22,1248000.0
2024-08-11,8,PT1H,MC-Centro,1380137.77,1374000.0
2024-08-11,9,PT1H,MC-Centro,1515698.74,1498000.0
2024-08-11,10,PT1H,MC-Centro,1631327.8,1603000.0
2024-08-11,11,PT1H,MC-Centro,1703311.29,1684000.0
2024-08-11,12,PT1H,MC-Centro,1739839.15,1724000.0
2024-08-11,13,PT1H,MC-Centro,1745673.59,1741000.0
2024-08-11,14,PT1H,MC-Centro,1693524.74,1714000.0
2024-08-11,15,PT1H,MC-Centro,1666682.06,1664000.0
2024-08-11,16,PT1H,MC-Centro,1628374.77,1631000.0
2024-08-11,17,PT1H,MC-Centro,1613602.89,1621000.0
2024-08-11,18,PT1H,MC-Centro,1650347.86,1647000.0
2024-08-11,19,PT1H,MC-Centro,1824986.45,1823000.0
2024-08-11,20,PT1H,MC-Centro,1886789.03,1885000.0
2024-08-11,21,PT1H,MC-Centro,1826234.25,1817000.0
2024-08-11,22,PT1H,MC-Centro,1686307.64,1684000.0
2024-08-11,23,PT1H,MC-Centro,1544434.42,1537000.0
2024-08-11,24,PT1H,MC-Centro,1445208.93,1439000.0
2026-02-24,1,PT1H,MC-Centro,1532674.41,1558000.0
2026-02-24,2,PT1H,MC-Centro,1497024.14,1496000.0
2026-02-24,3,PT1H,MC-Centro,1456622.19,1451000.0
2026-02-24,4,PT1H,MC-Centro,1477238.24,1468000.0
2026-02-24,5,PT1H,MC-Centro,1650321.19,1643000.0
2026-02-24,6,PT1H,MC-Centro,1913010.68,1903000.0
2026-02-24,7,PT1H,MC-Centro,1975267.59,1970000.0
2026-02-24,8,PT1H,MC-Centro,2093676.9,2084000.0
2026-02-24,9,PT1H,MC-Centro,2183320.88,2171000.0
2026-02-24,10,PT1H,MC-Centro,2226427.2,2217000.0
2026-02-24,11,PT1H,MC-Centro,2273473.78,2293000.0
2026-02-24,12,PT1H,MC-Centro,2330581.11,2345000.0
2026-02-24,13,PT1H,MC-Centro,2333262.01,2311000.0
2026-02-24,14,PT1H,MC-Centro,2279267.51,2264000.0
2026-02-24,15,PT1H,MC-Centro,2286536.84,2270000.0
2026-02-24,16,PT1H,MC-Centro,2283584.92,2275000.0
2026-02-24,17,PT1H,MC-Centro,2265368.97,2234000.0
2026-02-24,18,PT1H,MC-Centro,2211014.12,2197000.0
2026-02-24,19,PT1H,MC-Centro,2347590.67,2320000.0
2026-02-24,20,PT1H,MC-Centro,2365501.48,2365000.0
2026-02-24,21,PT1H,MC-Centro,2239930.94,2259000.0
2026-02-24,22,PT1H,MC-Centro,2023961.75,2057000.0
2026-02-24,23,PT1H,MC-Centro,1817210.55,1830000.0
2026-02-24,24,PT1H,MC-Centro,1688178.04,1670000.0
2025-10-22,1,PT1H,MC-Centro,3100361.8,3100000.0
2025-10-22,2,PT1H,MC-Centro,2985174.66,2984000.0
2025-10-22,3,PT1H,MC-Centro,2881610.52,2886000.0
2025-10-22,4,PT1H,MC-Centro,2906595.82,2914000.0
2025-10-22,5,PT1H,MC-Centro,3218447.96,3204000.0
2025-10-22,6,PT1H,MC-Centro,3715699.14,3698000.0
2025-10-22,7,PT1H,MC-Centro,3888235.12,3884000.0
2025-10-22,8,PT1H,MC-Centro,4091430.58,4104000.0
2025-10-22,9,PT1H,MC-Centro,4236772.66,4284000.0
2025-10-22,10,PT1H,MC-Centro,4352730.06,4392000.0
2025-10-22,11,PT1H,MC-Centro,4459823.8,4550000.0
2025-10-22,12,PT1H,MC-Centro,4559861.76,4622000.0
2025-10-22,13,PT1H,MC-Centro,4572927.08,4570000.0
2025-10-22,14,PT1H,MC-Centro,4461622.18,4486000.0
2025-10-22,15,PT1H,MC-Centro,4546565.4,4512000.0
2025-10-22,16,PT1H,MC-Centro,4580365.42,4496000.0
2025-10-22,17,PT1H,MC-Centro,4495183.46,4434000.0
2025-10-22,18,PT1H,MC-Centro,4478332.68,4444000.0
2025-10-22,19,PT1H,MC-Centro,4644630.62,4656000.0
2025-10-22,20,PT1H,MC-Centro,4621697.58,4638000.0
2025-10-22,21,PT1H,MC-Centro,4380729.56,4430000.0
2025-10-22,22,PT1H,MC-Centro,3990926.44,4034000.0
2025-10-22,23,PT1H,MC-Centro,3580343.06,3596000.0
2025-10-22,24,PT1H,MC-Centro,3271911.92,3324000.0
2025-05-15,1,PT1H,MC-Centro,1555132.27,1544000.0
2025-05-15,2,PT1H,MC-Centro,1484501.31,1478000.0
2025-05-15,3,PT1H,MC-Centro,1438508.74,1434000.0
2025-05-15,4,PT1H,MC-Centro,1437989.37,1434000.0
2025-05-15,5,PT1H,MC-Centro,1555192.41,1562000.0
2025-05-15,6,PT1H,MC-Centro,1779259.91,1818000.0
2025-05-15,7,PT1H,MC-Centro,1902580.97,1907000.0
2025-05-15,8,PT1H,MC-Centro,2033218.48,2024000.0
2025-05-15,9,PT1H,MC-Centro,2145516.71,2119000.0
2025-05-15,10,PT1H,MC-Centro,2197992.68,2162000.0
2025-05-15,11,PT1H,MC-Centro,2267676.57,2229000.0
2025-05-15,12,PT1H,MC-Centro,2318681.11,2287000.0
2025-05-15,13,PT1H,MC-Centro,2309785.37,2275000.0
2025-05-15,14,PT1H,MC-Centro,2257751.84,2226000.0
2025-05-15,15,PT1H,MC-Centro,2255921.3,2220000.0
2025-05-15,16,PT1H,MC-Centro,2253483.01,2223000.0
2025-05-15,17,PT1H,MC-Centro,2226213.88,2180000.0
2025-05-15,18,PT1H,MC-Centro,2178526.64,2148000.0
2025-05-15,19,PT1H,MC-Centro,2270897.33,2263000.0
2025-05-15,20,PT1H,MC-Centro,2275436.0,2286000.0
2025-05-15,21,PT1H,MC-Centro,2192681.94,2203000.0
2025-05-15,22,PT1H,MC-Centro,2015834.67,2024000.0
2025-05-15,23,PT1H,MC-Centro,1818543.84,1812000.0
2025-05-15,24,PT1H,MC-Centro,1659600.16,1661000.0
2026-01-21,1,PT1H,MC-Centro,1565200.4,1561230.0
2026-01-21,2,PT1H,MC-Centro,1499564.04,1482450.0
2026-01-21,3,PT1H,MC-Centro,1457904.39,1439970.0
2026-01-21,4,PT1H,MC-Centro,1448655.13,1445640.0
2026-01-21,5,PT1H,MC-Centro,1537691.94,1534800.0
2026-01-21,6,PT1H,MC-Centro,1692029.64,1683770.0
2026-01-21,7,PT1H,MC-Centro,1860535.23,1847710.0
2026-01-21,8,PT1H,MC-Centro,2039626.75,2010680.0
2026-01-21,9,PT1H,MC-Centro,2146923.49,2114510.0
2026-01-21,10,PT1H,MC-Centro,2213356.08,2166100.0
2026-01-21,11,PT1H,MC-Centro,2289556.78,2233740.0
2026-01-21,12,PT1H,MC-Centro,2329389.65,2294610.0
2026-01-21,13,PT1H,MC-Centro,2336902.97,2295730.0
2026-01-21,14,PT1H,MC-Centro,2315386.22,2249610.0
2026-01-21,15,PT1H,MC-Centro,2302755.89,2245820.0
2026-01-21,16,PT1H,MC-Centro,2275933.99,2238690.0
2026-01-21,17,PT1H,MC-Centro,2200299.1,2183930.0
2026-01-21,18,PT1H,MC-Centro,2195998.68,2152720.0
2026-01-21,19,PT1H,MC-Centro,2323962.62,2268630.0
2026-01-21,20,PT1H,MC-Centro,2338414.1,2299980.0
2026-01-21,21,PT1H,MC-Centro,2223992.68,2198720.0
2026-01-21,22,PT1H,MC-Centro,2039291.66,2010980.0
2026-01-21,23,PT1H,MC-Centro,1850323.89,1816450.0
2026-01-21,24,PT1H,MC-Centro,1713030.91,1686310.0
2025-01-12,1,PT1H,MC-Centro,1370476.12,1366000.0
2025-01-12,2,PT1H,MC-Centro,1305502.69,1297000.0
2025-01-12,3,PT1H,MC-Centro,1260452.05,1248000.0
2025-01-12,4,PT1H,MC-Centro,1224289.74,1220000.0
2025-01-12,5,PT1H,MC-Centro,1224660.07,1198000.0
2025-01-12,6,PT1H,MC-Centro,1222361.85,1193000.0
2025-01-12,7,PT1H,MC-Centro,1239269.63,1198000.0
2025-01-12,8,PT1H,MC-Centro,1355767.8,1306000.0
2025-01-12,9,PT1H,MC-Centro,1467575.29,1442000.0
2025-01-12,10,PT1H,MC-Centro,1560608.89,1563000.0
2025-01-12,11,PT1H,MC-Centro,1635206.09,1644000.0
2025-01-12,12,PT1H,MC-Centro,1684117.23,1702000.0
2025-01-12,13,PT1H,MC-Centro,1710185.58,1726000.0
2025-01-12,14,PT1H,MC-Centro,1688469.04,1713000.0
2025-01-12,15,PT1H,MC-Centro,1652690.05,1656000.0
2025-01-12,16,PT1H,MC-Centro,1621725.61,1613000.0
2025-01-12,17,PT1H,MC-Centro,1610261.44,1597000.0
2025-01-12,18,PT1H,MC-Centro,1675708.48,1623000.0
2025-01-12,19,PT1H,MC-Centro,1833457.1,1787000.0
2025-01-12,20,PT1H,MC-Centro,1857782.09,1819000.0
2025-01-12,21,PT1H,MC-Centro,1788524.94,1774000.0
2025-01-12,22,PT1H,MC-Centro,1665054.39,1654000.0
2025-01-12,23,PT1H,MC-Centro,1534281.75,1524000.0
2025-01-12,24,PT1H,MC-Centro,1439324.3,1424000.0
2025-03-16,1,PT1H,MC-Centro,1408376.94,1408000.0
2025-03-16,2,PT1H,MC-Centro,1347209.35,1342000.0
2025-03-16,3,PT1H,MC-Centro,1289634.63,1291000.0
2025-03-16,4,PT1H,MC-Centro,1253452.05,1257000.0
2025-03-16,5,PT1H,MC-Centro,1245218.12,1249000.0
2025-03-16,6,PT1H,MC-Centro,1254849.25,1258000.0
2025-03-16,7,PT1H,MC-Centro,1290862.66,1290000.0
2025-03-16,8,PT1H,MC-Centro,1430845.51,1438000.0
2025-03-16,9,PT1H,MC-Centro,1548299.21,1552000.0
2025-03-16,10,PT1H,MC-Centro,1658087.41,1652000.0
2025-03-16,11,PT1H,MC-Centro,1731459.2,1729000.0
2025-03-16,12,PT1H,MC-Centro,1794572.97,1772000.0
2025-03-16,13,PT1H,MC-Centro,1800182.39,1782000.0
2025-03-16,14,PT1H,MC-Centro,1752789.47,1766000.0
2025-03-16,15,PT1H,MC-Centro,1707119.15,1722000.0
2025-03-16,16,PT1H,MC-Centro,1684188.03,1692000.0
2025-03-16,17,PT1H,MC-Centro,1674961.14,1676000.0
2025-03-16,18,PT1H,MC-Centro,1712661.86,1715000.0
2025-03-16,19,PT1H,MC-Centro,1875139.86,1871000.0
2025-03-16,20,PT1H,MC-Centro,1915766.73,1927000.0
2025-03-16,21,PT1H,MC-Centro,1852739.23,1856000.0
2025-03-16,22,PT1H,MC-Centro,1713530.24,1728000.0
2025-03-16,23,PT1H,MC-Centro,1575889.62,1578000.0
2025-03-16,24,PT1H,MC-Centro,1460296.59,1465000.0
2025-07-07,1,PT1H,MC-Centro,1375153.76,1346000.0
2025-07-07,2,PT1H,MC-Centro,1311364.69,1286000.0
2025-07-07,3,PT1H,MC-Centro,1269027.67,1253000.0
2025-07-07,4,PT1H,MC-Centro,1283973.0,1265000.0
2025-07-07,5,PT1H,MC-Centro,1397095.87,1355000.0
2025-07-07,6,PT1H,MC-Centro,1575748.22,1516000.0
2025-07-07,7,PT1H,MC-Centro,1758209.92,1699000.0
2025-07-07,8,PT1H,MC-Centro,1921445.59,1891000.0
2025-07-07,9,PT1H,MC-Centro,2049934.93,2045000.0
2025-07-07,10,PT1H,MC-Centro,2131816.79,2123000.0
2025-07-07,11,PT1H,MC-Centro,2208362.11,2204000.0
2025-07-07,12,PT1H,MC-Centro,2261443.91,2258000.0
2025-07-07,13,PT1H,MC-Centro,2277138.16,2246000.0
2025-07-07,14,PT1H,MC-Centro,2235161.85,2197000.0
2025-07-07,15,PT1H,MC-Centro,2226890.15,2204000.0
2025-07-07,16,PT1H,MC-Centro,2203163.8,2189000.0
2025-07-07,17,PT1H,MC-Centro,2147794.05,2144000.0
2025-07-07,18,PT1H,MC-Centro,2096488.95,2100000.0
2025-07-07,19,PT1H,MC-Centro,2213202.27,2217000.0
2025-07-07,20,PT1H,MC-Centro,2263545.08,2260000.0
2025-07-07,21,PT1H,MC-Centro,2173946.63,2173000.0
2025-07-07,22,PT1H,MC-Centro,1991984.24,1991000.0
2025-07-07,23,PT1H,MC-Centro,1769608.86,1781000.0
2025-07-07,24,PT1H,MC-Centro,1622560.79,1635000.0
2025-12-26,1,PT1H,MC-Centro,1272322.62,1319000.0
2025-12-26,2,PT1H,MC-Centro,1205517.23,1262000.0
2025-12-26,3,PT1H,MC-Centro,1167415.66,1231000.0
2025-12-26,4,PT1H,MC-Centro,1169639.41,1230000.0
2025-12-26,5,PT1H,MC-Centro,1232805.38,1306000.0
2025-12-26,6,PT1H,MC-Centro,1333245.05,1424000.0
2025-12-26,7,PT1H,MC-Centro,1491912.54,1602000.0
2025-12-26,8,PT1H,MC-Centro,1676968.48,1778000.0
2025-12-26,9,PT1H,MC-Centro,1808997.8,1911000.0
2025-12-26,10,PT1H,MC-Centro,1906827.47,1995000.0
2025-12-26,11,PT1H,MC-Centro,1993797.99,2070000.0
2025-12-26,12,PT1H,MC-Centro,2044814.08,2132000.0
2025-12-26,13,PT1H,MC-Centro,2076549.46,2153000.0
2025-12-26,14,PT1H,MC-Centro,2050045.44,2121000.0
2025-12-26,15,PT1H,MC-Centro,2039998.25,2109000.0
2025-12-26,16,PT1H,MC-Centro,2017836.83,2111000.0
2025-12-26,17,PT1H,MC-Centro,1984149.21,2071000.0
2025-12-26,18,PT1H,MC-Centro,1992920.27,2054000.0
2025-12-26,19,PT1H,MC-Centro,2110481.25,2144000.0
2025-12-26,20,PT1H,MC-Centro,2106631.87,2126000.0
2025-12-26,21,PT1H,MC-Centro,2033697.31,2043000.0
2025-12-26,22,PT1H,MC-Centro,1892061.83,1908000.0
2025-12-26,23,PT1H,MC-Centro,1734949.55,1745000.0
2025-12-26,24,PT1H,MC-Centro,1601204.83,1610000.0
2025-04-28,1,PT1H,MC-Centro,1387609.59,1377000.0
2025-04-28,2,PT1H,MC-Centro,1332583.28,1318000.0
2025-04-28,3,PT1H,MC-Centro,1295942.66,1280000.0
2025-04-28,4,PT1H,MC-Centro,1317297.02,1296000.0
2025-04-28,5,PT1H,MC-Centro,1468841.31,1447000.0
2025-04-28,6,PT1H,MC-Centro,1728381.37,1708000.0
2025-04-28,7,PT1H,MC-Centro,1816559.66,1814000.0
2025-04-28,8,PT1H,MC-Centro,1946084.52,1952000.0
2025-04-28,9,PT1H,MC-Centro,2074895.73,2052000.0
2025-04-28,10,PT1H,MC-Centro,2131067.5,2128000.0
2025-04-28,11,PT1H,MC-Centro,2191865.9,2214000.0
2025-04-28,12,PT1H,MC-Centro,2246425.16,2268000.0
2025-04-28,13,PT1H,MC-Centro,2246716.24,2265000.0
2025-04-28,14,PT1H,MC-Centro,2189317.62,2223000.0
2025-04-28,15,PT1H,MC-Centro,2199910.63,2219000.0
2025-04-28,16,PT1H,MC-Centro,2193007.27,2202000.0
2025-04-28,17,PT1H,MC-Centro,2163603.82,2184000.0
2025-04-28,18,PT1H,MC-Centro,2119675.8,2145000.0
2025-04-28,19,PT1H,MC-Centro,2240557.05,2265000.0
2025-04-28,20,PT1H,MC-Centro,2278081.28,2268000.0
2025-04-28,21,PT1H,MC-Centro,2198307.29,2187000.0
2025-04-28,22,PT1H,MC-Centro,2013287.25,2006000.0
2025-04-28,23,PT1H,MC-Centro,1799515.46,1790000.0
2025-04-28,24,PT1H,MC-Centro,1643299.2,1637000.0
2025-10-17,1,PT1H,MC-Centro,3119674.92,3120000.0
2025-10-17,2,PT1H,MC-Centro,3005584.82,2988000.0
2025-10-17,3,PT1H,MC-Centro,2914613.9,2902000.0
2025-10-17,4,PT1H,MC-Centro,2922408.76,2902000.0
2025-10-17,5,PT1H,MC-Centro,3207312.86,3168000.0
2025-10-17,6,PT1H,MC-Centro,3668892.02,3636000.0
2025-10-17,7,PT1H,MC-Centro,3895752.76,3860000.0
2025-10-17,8,PT1H,MC-Centro,4146194.72,4110000.0
2025-10-17,9,PT1H,MC-Centro,4313869.2,4316000.0
2025-10-17,10,PT1H,MC-Centro,4406710.58,4406000.0
2025-10-17,11,PT1H,MC-Centro,4545935.84,4536000.0
2025-10-17,12,PT1H,MC-Centro,4639424.76,4644000.0
2025-10-17,13,PT1H,MC-Centro,4606088.0,4584000.0
2025-10-17,14,PT1H,MC-Centro,4516880.14,4460000.0
2025-10-17,15,PT1H,MC-Centro,4534151.02,4464000.0
2025-10-17,16,PT1H,MC-Centro,4506477.46,4442000.0
2025-10-17,17,PT1H,MC-Centro,4370862.58,4344000.0
2025-10-17,18,PT1H,MC-Centro,4404098.8,4324000.0
2025-10-17,19,PT1H,MC-Centro,4598943.0,4542000.0
2025-10-17,20,PT1H,MC-Centro,4527619.52,4500000.0
2025-10-17,21,PT1H,MC-Centro,4306791.82,4304000.0
2025-10-17,22,PT1H,MC-Centro,3981804.0,3966000.0
2025-10-17,23,PT1H,MC-Centro,3662720.08,3632000.0
2025-10-17,24,PT1H,MC-Centro,3343605.84,3362000.0
2025-03-29,1,PT1H,MC-Centro,1572537.95,1583000.0
2025-03-29,2,PT1H,MC-Centro,1501797.63,1510000.0
2025-03-29,3,PT1H,MC-Centro,1449120.67,1463000.0
2025-03-29,4,PT1H,MC-Centro,1430336.56,1447000.0
2025-03-29,5,PT1H,MC-Centro,1462848.57,1480000.0
2025-03-29,6,PT1H,MC-Centro,1525630.14,1552000.0
2025-03-29,7,PT1H,MC-Centro,1678114.81,1693000.0
2025-03-29,8,PT1H,MC-Centro,1862100.25,1876000.0
2025-03-29,9,PT1H,MC-Centro,1998359.64,1992000.0
2025-03-29,10,PT1H,MC-Centro,2064935.71,2068000.0
2025-03-29,11,PT1H,MC-Centro,2133476.01,2126000.0
2025-03-29,12,PT1H,MC-Centro,2168526.63,2146000.0
2025-03-29,13,PT1H,MC-Centro,2137885.53,2109000.0
2025-03-29,14,PT1H,MC-Centro,2076141.26,2046000.0
2025-03-29,15,PT1H,MC-Centro,2028588.38,1983000.0
2025-03-29,16,PT1H,MC-Centro,1982250.92,1967000.0
2025-03-29,17,PT1H,MC-Centro,1943090.69,1933000.0
2025-03-29,18,PT1H,MC-Centro,1924177.68,1941000.0
2025-03-29,19,PT1H,MC-Centro,2030764.6,2024000.0
2025-03-29,20,PT1H,MC-Centro,2025628.51,2037000.0
2025-03-29,21,PT1H,MC-Centro,1960582.78,1949000.0
2025-03-29,22,PT1H,MC-Centro,1832608.42,1816000.0
2025-03-29,23,PT1H,MC-Centro,1681949.12,1670000.0
2025-03-29,24,PT1H,MC-Centro,1548299.07,1525000.0
2026-02-20,1,PT1H,MC-Centro,1592771.73,1603000.0
2026-02-20,2,PT1H,MC-Centro,1514535.42,1534000.0
2026-02-20,3,PT1H,MC-Centro,1468891.3,1501000.0
2026-02-20,4,PT1H,MC-Centro,1481915.8,1508000.0
2026-02-20,5,PT1H,MC-Centro,1634357.74,1663000.0
2026-02-20,6,PT1H,MC-Centro,1873030.09,1893000.0
2026-02-20,7,PT1H,MC-Centro,1960976.69,1985000.0
2026-02-20,8,PT1H,MC-Centro,2077674.67,2091000.0
2026-02-20,9,PT1H,MC-Centro,2173684.23,2201000.0
2026-02-20,10,PT1H,MC-Centro,2232794.49,2237000.0
2026-02-20,11,PT1H,MC-Centro,2302308.0,2318000.0
2026-02-20,12,PT1H,MC-Centro,2335020.63,2358000.0
2026-02-20,13,PT1H,MC-Centro,2324037.45,2346000.0
2026-02-20,14,PT1H,MC-Centro,2270890.64,2285000.0
2026-02-20,15,PT1H,MC-Centro,2271181.35,2289000.0
2026-02-20,16,PT1H,MC-Centro,2259706.57,2295000.0
2026-02-20,17,PT1H,MC-Centro,2206064.11,2242000.0
2026-02-20,18,PT1H,MC-Centro,2165068.29,2188000.0
2026-02-20,19,PT1H,MC-Centro,2280044.24,2298000.0
2026-02-20,20,PT1H,MC-Centro,2295844.36,2321000.0
2026-02-20,21,PT1H,MC-Centro,2202129.65,2231000.0
2026-02-20,22,PT1H,MC-Centro,2032071.95,2056000.0
2026-02-20,23,PT1H,MC-Centro,1847388.8,1870000.0
2026-02-20,24,PT1H,MC-Centro,1675409.1,1696000.0
2025-12-06,1,PT1H,MC-Centro,1630986.78,1576310.0
2025-12-06,2,PT1H,MC-Centro,1554666.66,1504220.0
2025-12-06,3,PT1H,MC-Centro,1488414.15,1456510.0
2025-12-06,4,PT1H,MC-Centro,1478409.42,1440880.0
2025-12-06,5,PT1H,MC-Centro,1521028.52,1476540.0
2025-12-06,6,PT1H,MC-Centro,1587015.3,1528850.0
2025-12-06,7,PT1H,MC-Centro,1730094.37,1677310.0
2025-12-06,8,PT1H,MC-Centro,1920581.06,1853140.0
2025-12-06,9,PT1H,MC-Centro,2044139.01,1989480.0
2025-12-06,10,PT1H,MC-Centro,2104375.62,2078440.0
2025-12-06,11,PT1H,MC-Centro,2159737.22,2150970.0
2025-12-06,12,PT1H,MC-Centro,2194226.59,2173870.0
2025-12-06,13,PT1H,MC-Centro,2172570.98,2142950.0
2025-12-06,14,PT1H,MC-Centro,2100842.3,2067200.0
2025-12-06,15,PT1H,MC-Centro,2034507.34,1999270.0
2025-12-06,16,PT1H,MC-Centro,1958185.53,1974230.0
2025-12-06,17,PT1H,MC-Centro,1952971.59,1951480.0
2025-12-06,18,PT1H,MC-Centro,1979054.77,1986800.0
2025-12-06,19,PT1H,MC-Centro,2070732.38,2068770.0
2025-12-06,20,PT1H,MC-Centro,2037813.23,2027560.0
2025-12-06,21,PT1H,MC-Centro,1970653.85,1940010.0
2025-12-06,22,PT1H,MC-Centro,1834235.22,1800900.0
2025-12-06,23,PT1H,MC-Centro,1684420.45,1652990.0
2025-12-06,24,PT1H,MC-Centro,1553295.05,1525080.0
2025-10-15,1,PT1H,MC-Centro,3087082.98,3045200.0
2025-10-15,2,PT1H,MC-Centro,2970046.68,2927240.0
2025-10-15,3,PT1H,MC-Centro,2860812.28,2835180.0
2025-10-15,4,PT1H,MC-Centro,2908106.58,2848920.0
2025-10-15,5,PT1H,MC-Centro,3204473.5,3133820.0
2025-10-15,6,PT1H,MC-Centro,3687734.98,3631920.0
2025-10-15,7,PT1H,MC-Centro,3862390.42,3833680.0
2025-10-15,8,PT1H,MC-Centro,4084368.3,4054580.0
2025-10-15,9,PT1H,MC-Centro,4231158.56,4254220.0
2025-10-15,10,PT1H,MC-Centro,4374662.72,4339400.0
2025-10-15,11,PT1H,MC-Centro,4543569.98,4483300.0
2025-10-15,12,PT1H,MC-Centro,4594500.6,4565860.0
2025-10-15,13,PT1H,MC-Centro,4549297.92,4517820.0
2025-10-15,14,PT1H,MC-Centro,4460815.9,4432180.0
2025-10-15,15,PT1H,MC-Centro,4508533.6,4438060.0
2025-10-15,16,PT1H,MC-Centro,4476202.52,4420180.0
2025-10-15,17,PT1H,MC-Centro,4402671.26,4365780.0
2025-10-15,18,PT1H,MC-Centro,4429055.12,4353080.0
2025-10-15,19,PT1H,MC-Centro,4630635.18,4568140.0
2025-10-15,20,PT1H,MC-Centro,4607833.08,4551500.0
2025-10-15,21,PT1H,MC-Centro,4402295.58,4353500.0
2025-10-15,22,PT1H,MC-Centro,4004929.06,3965620.0
2025-10-15,23,PT1H,MC-Centro,3540306.78,3546800.0
2025-10-15,24,PT1H,MC-Centro,3267950.18,3274280.0
2026-02-01,1,PT1H,MC-Centro,1432371.66,1462000.0
2026-02-01,2,PT1H,MC-Centro,1356283.01,1391000.0
2026-02-01,3,PT1H,MC-Centro,1307382.15,1333000.0
2026-02-01,4,PT1H,MC-Centro,1269268.25,1291000.0
2026-02-01,5,PT1H,MC-Centro,1275560.55,1290000.0
2026-02-01,6,PT1H,MC-Centro,1291359.56,1300000.0
2026-02-01,7,PT1H,MC-Centro,1319676.31,1352000.0
2026-02-01,8,PT1H,MC-Centro,1449575.5,1478000.0
2026-02-01,9,PT1H,MC-Centro,1593668.08,1604000.0
2026-02-01,10,PT1H,MC-Centro,1698493.29,1716000.0
2026-02-01,11,PT1H,MC-Centro,1784987.66,1803000.0
2026-02-01,12,PT1H,MC-Centro,1831176.01,1863000.0
2026-02-01,13,PT1H,MC-Centro,1840338.08,1872000.0
2026-02-01,14,PT1H,MC-Centro,1800825.71,1838000.0
2026-02-01,15,PT1H,MC-Centro,1779354.55,1793000.0
2026-02-01,16,PT1H,MC-Centro,1738379.9,1770000.0
2026-02-01,17,PT1H,MC-Centro,1732946.09,1750000.0
2026-02-01,18,PT1H,MC-Centro,1800369.44,1804000.0
2026-02-01,19,PT1H,MC-Centro,1946288.46,1954000.0
2026-02-01,20,PT1H,MC-Centro,1969972.66,1985000.0
2026-02-01,21,PT1H,MC-Centro,1904259.31,1917000.0
2026-02-01,22,PT1H,MC-Centro,1773023.38,1774000.0
2026-02-01,23,PT1H,MC-Centro,1621916.57,1631000.0
2026-02-01,24,PT1H,MC-Centro,1508757.82,1509000.0
2025-11-03,1,PT1H,MC-Centro,1330255.18,1356000.0
2025-11-03,2,PT1H,MC-Centro,1259758.45,1287000.0
2025-11-03,3,PT1H,MC-Centro,1214793.8,1237000.0
2025-11-03,4,PT1H,MC-Centro,1200248.23,1218000.0
2025-11-03,5,PT1H,MC-Centro,1205791.39,1228000.0
2025-11-03,6,PT1H,MC-Centro,1203803.03,1234000.0
2025-11-03,7,PT1H,MC-Centro,1276137.05,1288000.0
2025-11-03,8,PT1H,MC-Centro,1431342.3,1426000.0
2025-11-03,9,PT1H,MC-Centro,1586247.68,1585000.0
2025-11-03,10,PT1H,MC-Centro,1728533.1,1717000.0
2025-11-03,11,PT1H,MC-Centro,1835572.26,1834000.0
2025-11-03,12,PT1H,MC-Centro,1891398.57,1908000.0
2025-11-03,13,PT1H,MC-Centro,1919790.88,1941000.0
2025-11-03,14,PT1H,MC-Centro,1907991.38,1906000.0
2025-11-03,15,PT1H,MC-Centro,1859810.59,1836000.0
2025-11-03,16,PT1H,MC-Centro,1841728.79,1797000.0
2025-11-03,17,PT1H,MC-Centro,1853313.73,1806000.0
2025-11-03,18,PT1H,MC-Centro,1921534.15,1867000.0
2025-11-03,19,PT1H,MC-Centro,2041291.84,1986000.0
2025-11-03,20,PT1H,MC-Centro,2038583.69,2011000.0
2025-11-03,21,PT1H,MC-Centro,1926762.92,1923000.0
2025-11-03,22,PT1H,MC-Centro,1776391.39,1780000.0
2025-11-03,23,PT1H,MC-Centro,1618950.11,1627000.0
2025-11-03,24,PT1H,MC-Centro,1482056.78,1496000.0
2025-01-13,1,PT1H,MC-Centro,1333648.45,1321000.0
2025-01-13,2,PT1H,MC-Centro,1302086.3,1254000.0
2025-01-13,3,PT1H,MC-Centro,1257832.33,1214000.0
2025-01-13,4,PT1H,MC-Centro,1259861.81,1221000.0
2025-01-13,5,PT1H,MC-Centro,1350774.23,1304000.0
2025-01-13,6,PT1H,MC-Centro,1481536.0,1432000.0
2025-01-13,7,PT1H,MC-Centro,1642305.08,1597000.0
2025-01-13,8,PT1H,MC-Centro,1811590.32,1770000.0
2025-01-13,9,PT1H,MC-Centro,1919169.75,1905000.0
2025-01-13,10,PT1H,MC-Centro,2000332.95,1979000.0
2025-01-13,11,PT1H,MC-Centro,2073663.44,2051000.0
2025-01-13,12,PT1H,MC-Centro,2145909.88,2112000.0
2025-01-13,13,PT1H,MC-Centro,2166271.72,2131000.0
2025-01-13,14,PT1H,MC-Centro,2143512.6,2101000.0
2025-01-13,15,PT1H,MC-Centro,2142073.74,2092000.0
2025-01-13,16,PT1H,MC-Centro,2114109.84,2084000.0
2025-01-13,17,PT1H,MC-Centro,2067557.57,2047000.0
2025-01-13,18,PT1H,MC-Centro,2043527.8,2030000.0
2025-01-13,19,PT1H,MC-Centro,2170341.4,2128000.0
2025-01-13,20,PT1H,MC-Centro,2175920.43,2150000.0
2025-01-13,21,PT1H,MC-Centro,2101056.81,2078000.0
2025-01-13,22,PT1H,MC-Centro,1921403.64,1909000.0
2025-01-13,23,PT1H,MC-Centro,1740959.08,1721000.0
2025-01-13,24,PT1H,MC-Centro,1630819.99,1583000.0
2025-07-15,1,PT1H,MC-Centro,1514718.84,1542000.0
2025-07-15,2,PT1H,MC-Centro,1461495.01,1483000.0
2025-07-15,3,PT1H,MC-Centro,1420848.46,1438000.0
2025-07-15,4,PT1H,MC-Centro,1422109.27,1438000.0
2025-07-15,5,PT1H,MC-Centro,1561589.12,1567000.0
2025-07-15,6,PT1H,MC-Centro,1803376.06,1803000.0
2025-07-15,7,PT1H,MC-Centro,1897950.89,1908000.0
2025-07-15,8,PT1H,MC-Centro,2013129.57,2032000.0
2025-07-15,9,PT1H,MC-Centro,2105567.78,2142000.0
2025-07-15,10,PT1H,MC-Centro,2156583.89,2196000.0
2025-07-15,11,PT1H,MC-Centro,2217706.17,2264000.0
2025-07-15,12,PT1H,MC-Centro,2262311.81,2306000.0
2025-07-15,13,PT1H,MC-Centro,2255832.18,2298000.0
2025-07-15,14,PT1H,MC-Centro,2209770.15,2244000.0
2025-07-15,15,PT1H,MC-Centro,2202979.76,2240000.0
2025-07-15,16,PT1H,MC-Centro,2195564.18,2232000.0
2025-07-15,17,PT1H,MC-Centro,2152257.15,2192000.0
2025-07-15,18,PT1H,MC-Centro,2103044.51,2156000.0
2025-07-15,19,PT1H,MC-Centro,2222115.55,2276000.0
2025-07-15,20,PT1H,MC-Centro,2267503.47,2297000.0
2025-07-15,21,PT1H,MC-Centro,2182347.49,2206000.0
2025-07-15,22,PT1H,MC-Centro,1991571.82,2018000.0
2025-07-15,23,PT1H,MC-Centro,1786699.16,1797000.0
2025-07-15,24,PT1H,MC-Centro,1635770.34,1645000.0
2024-11-14,1,PT1H,MC-Centro,1552014.78,1539000.0
2024-11-14,2,PT1H,MC-Centro,1491107.17,1479000.0
2024-11-14,3,PT1H,MC-Centro,1454169.96,1440000.0
2024-11-14,4,PT1H,MC-Centro,1461589.87,1450000.0
2024-11-14,5,PT1H,MC-Centro,1604569.92,1593000.0
2024-11-14,6,PT1H,MC-Centro,1821791.65,1831000.0
2024-11-14,7,PT1H,MC-Centro,1932971.18,1923000.0
2024-11-14,8,PT1H,MC-Centro,2048334.91,2046000.0
2024-11-14,9,PT1H,MC-Centro,2121326.49,2110000.0
2024-11-14,10,PT1H,MC-Centro,2167511.36,2154000.0
2024-11-14,11,PT1H,MC-Centro,2244066.84,2218000.0
2024-11-14,12,PT1H,MC-Centro,2278588.14,2265000.0
2024-11-14,13,PT1H,MC-Centro,2273618.55,2261000.0
2024-11-14,14,PT1H,MC-Centro,2243059.09,2217000.0
2024-11-14,15,PT1H,MC-Centro,2286301.99,2219000.0
2024-11-14,16,PT1H,MC-Centro,2294802.39,2243000.0
2024-11-14,17,PT1H,MC-Centro,2262922.23,2239000.0
2024-11-14,18,PT1H,MC-Centro,2277849.58,2255000.0
2024-11-14,19,PT1H,MC-Centro,2303243.08,2292000.0
2024-11-14,20,PT1H,MC-Centro,2268324.01,2265000.0
2024-11-14,21,PT1H,MC-Centro,2162137.52,2168000.0
2024-11-14,22,PT1H,MC-Centro,1982854.43,1980000.0
2024-11-14,23,PT1H,MC-Centro,1790978.05,1787000.0
2024-11-14,24,PT1H,MC-Centro,1658280.63,1643000.0
2026-02-16,1,PT1H,MC-Centro,1404942.13,1394000.0
2026-02-16,2,PT1H,MC-Centro,1344690.87,1357000.0
2026-02-16,3,PT1H,MC-Centro,1297510.64,1300000.0
2026-02-16,4,PT1H,MC-Centro,1326139.77,1335000.0
2026-02-16,5,PT1H,MC-Centro,1527781.75,1530000.0
2026-02-16,6,PT1H,MC-Centro,1803554.54,1789000.0
2026-02-16,7,PT1H,MC-Centro,1896503.35,1883000.0
2026-02-16,8,PT1H,MC-Centro,2018894.88,2024000.0
2026-02-16,9,PT1H,MC-Centro,2139225.61,2124000.0
2026-02-16,10,PT1H,MC-Centro,2214604.34,2189000.0
2026-02-16,11,PT1H,MC-Centro,2269605.86,2249000.0
2026-02-16,12,PT1H,MC-Centro,2322795.06,2286000.0
2026-02-16,13,PT1H,MC-Centro,2315931.85,2287000.0
2026-02-16,14,PT1H,MC-Centro,2280794.76,2263000.0
2026-02-16,15,PT1H,MC-Centro,2289143.24,2263000.0
2026-02-16,16,PT1H,MC-Centro,2286045.21,2264000.0
2026-02-16,17,PT1H,MC-Centro,2229105.03,2227000.0
2026-02-16,18,PT1H,MC-Centro,2202099.16,2194000.0
2026-02-16,19,PT1H,MC-Centro,2292402.28,2322000.0
2026-02-16,20,PT1H,MC-Centro,2318370.91,2360000.0
2026-02-16,21,PT1H,MC-Centro,2212446.39,2260000.0
2026-02-16,22,PT1H,MC-Centro,2023647.31,2048000.0
2026-02-16,23,PT1H,MC-Centro,1826806.68,1820000.0
2026-02-16,24,PT1H,MC-Centro,1682670.21,1633000.0
2025-08-04,1,PT1H,MC-Centro,1336649.5,1386000.0
2025-08-04,2,PT1H,MC-Centro,1283325.03,1329000.0
2025-08-04,3,PT1H,MC-Centro,1254879.08,1293000.0
2025-08-04,4,PT1H,MC-Centro,1271775.64,1307000.0
2025-08-04,5,PT1H,MC-Centro,1425159.21,1452000.0
2025-08-04,6,PT1H,MC-Centro,1683691.81,1709000.0
2025-08-04,7,PT1H,MC-Centro,1804706.07,1822000.0
2025-08-04,8,PT1H,MC-Centro,1937185.73,1960000.0
2025-08-04,9,PT1H,MC-Centro,2059981.73,2087000.0
2025-08-04,10,PT1H,MC-Centro,2128226.28,2151000.0
2025-08-04,11,PT1H,MC-Centro,2197290.38,2235000.0
2025-08-04,12,PT1H,MC-Centro,2249028.37,2282000.0
2025-08-04,13,PT1H,MC-Centro,2214981.99,2274000.0
2025-08-04,14,PT1H,MC-Centro,2156481.2,2234000.0
2025-08-04,15,PT1H,MC-Centro,2176389.7,2226000.0
2025-08-04,16,PT1H,MC-Centro,2169754.96,2213000.0
2025-08-04,17,PT1H,MC-Centro,2118322.67,2168000.0
2025-08-04,18,PT1H,MC-Centro,2091482.66,2124000.0
2025-08-04,19,PT1H,MC-Centro,2219070.8,2247000.0
2025-08-04,20,PT1H,MC-Centro,2260330.3,2290000.0
2025-08-04,21,PT1H,MC-Centro,2168548.22,2198000.0
2025-08-04,22,PT1H,MC-Centro,1978053.9,2007000.0
2025-08-04,23,PT1H,MC-Centro,1762676.5,1788000.0
2025-08-04,24,PT1H,MC-Centro,1615156.37,1643000.0
2024-08-12,1,PT1H,MC-Centro,1353130.23,1350000.0
2024-08-12,2,PT1H,MC-Centro,1293219.49,1290000.0
2024-08-12,3,PT1H,MC-Centro,1258868.13,1257000.0
2024-08-12,4,PT1H,MC-Centro,1285979.35,1279000.0
2024-08-12,5,PT1H,MC-Centro,1444822.07,1446000.0
2024-08-12,6,PT1H,MC-Centro,1702900.92,1695000.0
2024-08-12,7,PT1H,MC-Centro,1797448.78,1786000.0
2024-08-12,8,PT1H,MC-Centro,1926209.16,1932000.0
2024-08-12,9,PT1H,MC-Centro,2018513.39,2036000.0
2024-08-12,10,PT1H,MC-Centro,2073743.58,2096000.0
2024-08-12,11,PT1H,MC-Centro,2146084.26,2160000.0
2024-08-12,12,PT1H,MC-Centro,2186568.76,2203000.0
2024-08-12,13,PT1H,MC-Centro,2178395.84,2197000.0
2024-08-12,14,PT1H,MC-Centro,2139456.94,2151000.0
2024-08-12,15,PT1H,MC-Centro,2139864.23,2148000.0
2024-08-12,16,PT1H,MC-Centro,2131085.81,2134000.0
2024-08-12,17,PT1H,MC-Centro,2087859.49,2084000.0
2024-08-12,18,PT1H,MC-Centro,2054835.29,2062000.0
2024-08-12,19,PT1H,MC-Centro,2174367.47,2187000.0
2024-08-12,20,PT1H,MC-Centro,2224498.61,2224000.0
2024-08-12,21,PT1H,MC-Centro,2128209.81,2138000.0
2024-08-12,22,PT1H,MC-Centro,1942288.12,1950000.0
2024-08-12,23,PT1H,MC-Centro,1734438.45,1747000.0
2024-08-12,24,PT1H,MC-Centro,1601594.65,1615000.0
2024-11-29,1,PT1H,MC-Centro,1544394.52,1550000.0
2024-11-29,2,PT1H,MC-Centro,1486508.66,1494000.0
2024-11-29,3,PT1H,MC-Centro,1427755.69,1447000.0
2024-11-29,4,PT1H,MC-Centro,1423370.81,1453000.0
2024-11-29,5,PT1H,MC-Centro,1513803.14,1546000.0
2024-11-29,6,PT1H,MC-Centro,1657643.62,1706000.0
2024-11-29,7,PT1H,MC-Centro,1857048.34,1869000.0
2024-11-29,8,PT1H,MC-Centro,2031079.25,2032000.0
2024-11-29,9,PT1H,MC-Centro,2131491.15,2124000.0
2024-11-29,10,PT1H,MC-Centro,2149993.58,2158000.0
2024-11-29,11,PT1H,MC-Centro,2230607.57,2236000.0
2024-11-29,12,PT1H,MC-Centro,2271651.62,2285000.0
2024-11-29,13,PT1H,MC-Centro,2263839.58,2277000.0
2024-11-29,14,PT1H,MC-Centro,2213275.39,2222000.0
2024-11-29,15,PT1H,MC-Centro,2198564.65,2232000.0
2024-11-29,16,PT1H,MC-Centro,2176695.31,2221000.0
2024-11-29,17,PT1H,MC-Centro,2119327.0,2184000.0
2024-11-29,18,PT1H,MC-Centro,2136923.87,2204000.0
2024-11-29,19,PT1H,MC-Centro,2219928.84,2238000.0
2024-11-29,20,PT1H,MC-Centro,2205010.09,2207000.0
2024-11-29,21,PT1H,MC-Centro,2122577.33,2116000.0
2024-11-29,22,PT1H,MC-Centro,1969452.58,1960000.0
2024-11-29,23,PT1H,MC-Centro,1814264.93,1791000.0
2024-11-29,24,PT1H,MC-Centro,1679922.05,1672000.0
2025-11-16,1,PT1H,MC-Centro,1420225.18,1420000.0
2025-11-16,2,PT1H,MC-Centro,1349251.41,1350000.0
2025-11-16,3,PT1H,MC-Centro,1298417.02,1294000.0
2025-11-16,4,PT1H,MC-Centro,1269109.43,1259000.0
2025-11-16,5,PT1H,MC-Centro,1271318.65,1256000.0
2025-11-16,6,PT1H,MC-Centro,1268904.37,1244000.0
2025-11-16,7,PT1H,MC-Centro,1300568.14,1293000.0
2025-11-16,8,PT1H,MC-Centro,1421647.68,1413000.0
2025-11-16,9,PT1H,MC-Centro,1555747.14,1548000.0
2025-11-16,10,PT1H,MC-Centro,1673729.73,1655000.0
2025-11-16,11,PT1H,MC-Centro,1759145.27,1734000.0
2025-11-16,12,PT1H,MC-Centro,1808631.2,1774000.0
2025-11-16,13,PT1H,MC-Centro,1815950.71,1787000.0
2025-11-16,14,PT1H,MC-Centro,1794521.68,1760000.0
2025-11-16,15,PT1H,MC-Centro,1742956.6,1714000.0
2025-11-16,16,PT1H,MC-Centro,1704830.54,1688000.0
2025-11-16,17,PT1H,MC-Centro,1698778.77,1678000.0
2025-11-16,18,PT1H,MC-Centro,1767221.44,1729000.0
2025-11-16,19,PT1H,MC-Centro,1876044.21,1861000.0
2025-11-16,20,PT1H,MC-Centro,1865416.28,1856000.0
2025-11-16,21,PT1H,MC-Centro,1802443.19,1791000.0
2025-11-16,22,PT1H,MC-Centro,1697605.03,1673000.0
2025-11-16,23,PT1H,MC-Centro,1571544.5,1548000.0
2025-11-16,24,PT1H,MC-Centro,1446946.34,1433000.0
2025-01-16,1,PT1H,MC-Centro,1543946.77,1496370.0
2025-01-16,2,PT1H,MC-Centro,1472788.05,1436300.0
2025-01-16,3,PT1H,MC-Centro,1423872.76,1376410.0
2025-01-16,4,PT1H,MC-Centro,1428518.79,1375990.0
2025-01-16,5,PT1H,MC-Centro,1506777.32,1454770.0
2025-01-16,6,PT1H,MC-Centro,1636252.24,1584270.0
2025-01-16,7,PT1H,MC-Centro,1793310.64,1759850.0
2025-01-16,8,PT1H,MC-Centro,1961237.49,1913610.0
2025-01-16,9,PT1H,MC-Centro,2066768.7,2029260.0
2025-01-16,10,PT1H,MC-Centro,2125670.96,2095850.0
2025-01-16,11,PT1H,MC-Centro,2183540.19,2152490.0
2025-01-16,12,PT1H,MC-Centro,2240082.23,2207400.0
2025-01-16,13,PT1H,MC-Centro,2236889.81,2203030.0
2025-01-16,14,PT1H,MC-Centro,2197861.55,2167790.0
2025-01-16,15,PT1H,MC-Centro,2189100.64,2163510.0
2025-01-16,16,PT1H,MC-Centro,2163803.89,2147490.0
2025-01-16,17,PT1H,MC-Centro,2125235.98,2110960.0
2025-01-16,18,PT1H,MC-Centro,2110002.18,2088560.0
2025-01-16,19,PT1H,MC-Centro,2209751.18,2183720.0
2025-01-16,20,PT1H,MC-Centro,2223394.54,2180280.0
2025-01-16,21,PT1H,MC-Centro,2138485.86,2109370.0
2025-01-16,22,PT1H,MC-Centro,1961929.09,1962770.0
2025-01-16,23,PT1H,MC-Centro,1782134.55,1769960.0
2025-01-16,24,PT1H,MC-Centro,1663922.17,1638630.0
2026-01-11,1,PT1H,MC-Centro,1397384.06,1386000.0
2026-01-11,2,PT1H,MC-Centro,1332134.98,1321000.0
2026-01-11,3,PT1H,MC-Centro,1270647.77,1276000.0
2026-01-11,4,PT1H,MC-Centro,1236860.39,1239000.0
2026-01-11,5,PT1H,MC-Centro,1238058.98,1241000.0
2026-01-11,6,PT1H,MC-Centro,1244137.48,1237000.0
2026-01-11,7,PT1H,MC-Centro,1262222.82,1254000.0
2026-01-11,8,PT1H,MC-Centro,1364675.84,1375000.0
2026-01-11,9,PT1H,MC-Centro,1483502.27,1489000.0
2026-01-11,10,PT1H,MC-Centro,1582228.13,1583000.0
2026-01-11,11,PT1H,MC-Centro,1672733.16,1658000.0
2026-01-11,12,PT1H,MC-Centro,1728356.09,1708000.0
2026-01-11,13,PT1H,MC-Centro,1738511.9,1734000.0
2026-01-11,14,PT1H,MC-Centro,1731953.13,1712000.0
2026-01-11,15,PT1H,MC-Centro,1677356.05,1675000.0
2026-01-11,16,PT1H,MC-Centro,1632188.84,1645000.0
2026-01-11,17,PT1H,MC-Centro,1624689.71,1631000.0
2026-01-11,18,PT1H,MC-Centro,1669539.03,1657000.0
2026-01-11,19,PT1H,MC-Centro,1798809.97,1788000.0
2026-01-11,20,PT1H,MC-Centro,1807509.35,1811000.0
2026-01-11,21,PT1H,MC-Centro,1747831.35,1743000.0
2026-01-11,22,PT1H,MC-Centro,1650939.14,1626000.0
2026-01-11,23,PT1H,MC-Centro,1526880.88,1498000.0
2026-01-11,24,PT1H,MC-Centro,1417106.66,1413000.0
2025-04-03,1,PT1H,MC-Centro,1526629.72,1556000.0
2025-04-03,2,PT1H,MC-Centro,1465494.2,1493000.0
2025-04-03,3,PT1H,MC-Centro,1420073.36,1449000.0
2025-04-03,4,PT1H,MC-Centro,1423652.68,1451000.0
2025-04-03,5,PT1H,MC-Centro,1546195.78,1584000.0
2025-04-03,6,PT1H,MC-Centro,1812325.61,1834000.0
2025-04-03,7,PT1H,MC-Centro,1905292.14,1919000.0
2025-04-03,8,PT1H,MC-Centro,2019780.33,2038000.0
2025-04-03,9,PT1H,MC-Centro,2108294.06,2141000.0
2025-04-03,10,PT1H,MC-Centro,2155021.58,2188000.0
2025-04-03,11,PT1H,MC-Centro,2232637.53,2255000.0
2025-04-03,12,PT1H,MC-Centro,2286641.36,2300000.0
2025-04-03,13,PT1H,MC-Centro,2277258.0,2285000.0
2025-04-03,14,PT1H,MC-Centro,2222078.63,2237000.0
2025-04-03,15,PT1H,MC-Centro,2202035.01,2237000.0
2025-04-03,16,PT1H,MC-Centro,2211569.07,2238000.0
2025-04-03,17,PT1H,MC-Centro,2195535.42,2178000.0
2025-04-03,18,PT1H,MC-Centro,2149870.27,2150000.0
2025-04-03,19,PT1H,MC-Centro,2257072.69,2270000.0
2025-04-03,20,PT1H,MC-Centro,2285799.61,2295000.0
2025-04-03,21,PT1H,MC-Centro,2203408.64,2212000.0
2025-04-03,22,PT1H,MC-Centro,2026425.35,2030000.0
2025-04-03,23,PT1H,MC-Centro,1815125.49,1820000.0
2025-04-03,24,PT1H,MC-Centro,1667729.61,1670000.0
2025-03-27,1,PT1H,MC-Centro,1556235.27,1558000.0
2025-03-27,2,PT1H,MC-Centro,1495344.35,1494000.0
2025-03-27,3,PT1H,MC-Centro,1450616.37,1450000.0
2025-03-27,4,PT1H,MC-Centro,1446696.81,1457000.0
2025-03-27,5,PT1H,MC-Centro,1571805.5,1589000.0
2025-03-27,6,PT1H,MC-Centro,1826723.98,1832000.0
2025-03-27,7,PT1H,MC-Centro,1910712.27,1918000.0
2025-03-27,8,PT1H,MC-Centro,2024428.68,2049000.0
2025-03-27,9,PT1H,MC-Centro,2127656.16,2142000.0
2025-03-27,10,PT1H,MC-Centro,2170587.13,2190000.0
2025-03-27,11,PT1H,MC-Centro,2239794.14,2256000.0
2025-03-27,12,PT1H,MC-Centro,2297167.75,2290000.0
2025-03-27,13,PT1H,MC-Centro,2296498.58,2265000.0
2025-03-27,14,PT1H,MC-Centro,2246593.03,2229000.0
2025-03-27,15,PT1H,MC-Centro,2239231.24,2231000.0
2025-03-27,16,PT1H,MC-Centro,2236776.59,2232000.0
2025-03-27,17,PT1H,MC-Centro,2194307.88,2160000.0
2025-03-27,18,PT1H,MC-Centro,2142863.19,2159000.0
2025-03-27,19,PT1H,MC-Centro,2257950.42,2279000.0
2025-03-27,20,PT1H,MC-Centro,2292742.48,2299000.0
2025-03-27,21,PT1H,MC-Centro,2217202.12,2210000.0
2025-03-27,22,PT1H,MC-Centro,2039036.56,2024000.0
2025-03-27,23,PT1H,MC-Centro,1829215.92,1817000.0
2025-03-27,24,PT1H,MC-Centro,1675841.36,1669000.0
2024-08-01,1,PT1H,MC-Centro,1503212.29,1529000.0
2024-08-01,2,PT1H,MC-Centro,1444173.15,1467000.0
2024-08-01,3,PT1H,MC-Centro,1391858.84,1415000.0
2024-08-01,4,PT1H,MC-Centro,1393527.99,1418000.0
2024-08-01,5,PT1H,MC-Centro,1526217.13,1554000.0
2024-08-01,6,PT1H,MC-Centro,1764751.33,1801000.0
2024-08-01,7,PT1H,MC-Centro,1836385.14,1888000.0
2024-08-01,8,PT1H,MC-Centro,1978104.75,2017000.0
2024-08-01,9,PT1H,MC-Centro,2056719.63,2102000.0
2024-08-01,10,PT1H,MC-Centro,2102751.02,2149000.0
2024-08-01,11,PT1H,MC-Centro,2167472.84,2203000.0
2024-08-01,12,PT1H,MC-Centro,2206488.11,2244000.0
2024-08-01,13,PT1H,MC-Centro,2197078.08,2227000.0
2024-08-01,14,PT1H,MC-Centro,2153380.28,2182000.0
2024-08-01,15,PT1H,MC-Centro,2146900.38,2185000.0
2024-08-01,16,PT1H,MC-Centro,2145944.39,2176000.0
2024-08-01,17,PT1H,MC-Centro,2107041.84,2129000.0
2024-08-01,18,PT1H,MC-Centro,2058919.74,2089000.0
2024-08-01,19,PT1H,MC-Centro,2190567.16,2203000.0
2024-08-01,20,PT1H,MC-Centro,2219082.3,2243000.0
2024-08-01,21,PT1H,MC-Centro,2132489.83,2160000.0
2024-08-01,22,PT1H,MC-Centro,1949955.88,1975000.0
2024-08-01,23,PT1H,MC-Centro,1750805.54,1772000.0
2024-08-01,24,PT1H,MC-Centro,1609433.34,1628000.0
2025-06-03,1,PT1H,MC-Centro,1358766.49,1422000.0
2025-06-03,2,PT1H,MC-Centro,1299340.0,1358000.0
2025-06-03,3,PT1H,MC-Centro,1262409.23,1314000.0
2025-06-03,4,PT1H,MC-Centro,1284456.41,1334000.0
2025-06-03,5,PT1H,MC-Centro,1447243.76,1488000.0
2025-06-03,6,PT1H,MC-Centro,1705741.23,1747000.0
2025-06-03,7,PT1H,MC-Centro,1795546.0,1849000.0
2025-06-03,8,PT1H,MC-Centro,1933436.18,1971000.0
2025-06-03,9,PT1H,MC-Centro,2042715.6,2071000.0
2025-06-03,10,PT1H,MC-Centro,2095594.83,2144000.0
2025-06-03,11,PT1H,MC-Centro,2177397.96,2219000.0
2025-06-03,12,PT1H,MC-Centro,2220161.64,2266000.0
2025-06-03,13,PT1H,MC-Centro,2208248.29,2257000.0
2025-06-03,14,PT1H,MC-Centro,2174890.83,2207000.0
2025-06-03,15,PT1H,MC-Centro,2158171.1,2201000.0
2025-06-03,16,PT1H,MC-Centro,2163743.86,2197000.0
2025-06-03,17,PT1H,MC-Centro,2120298.15,2164000.0
2025-06-03,18,PT1H,MC-Centro,2093858.44,2131000.0
2025-06-03,19,PT1H,MC-Centro,2215678.83,2252000.0
2025-06-03,20,PT1H,MC-Centro,2238844.66,2276000.0
2025-06-03,21,PT1H,MC-Centro,2162109.68,2193000.0
2025-06-03,22,PT1H,MC-Centro,1976641.72,2009000.0
2025-06-03,23,PT1H,MC-Centro,1752363.31,1795000.0
2025-06-03,24,PT1H,MC-Centro,1605757.43,1639000.0
2024-11-05,1,PT1H,MC-Centro,1393235.23,1393000.0
2024-11-05,2,PT1H,MC-Centro,1346913.37,1337000.0
2024-11-05,3,PT1H,MC-Centro,1319450.38,1304000.0
2024-11-05,4,PT1H,MC-Centro,1342866.05,1329000.0
2024-11-05,5,PT1H,MC-Centro,1505080.1,1489000.0
2024-11-05,6,PT1H,MC-Centro,1767273.26,1738000.0
2024-11-05,7,PT1H,MC-Centro,1856711.85,1840000.0
2024-11-05,8,PT1H,MC-Centro,1972796.65,1984000.0
2024-11-05,9,PT1H,MC-Centro,2062532.75,2072000.0
2024-11-05,10,PT1H,MC-Centro,2109200.51,2130000.0
2024-11-05,11,PT1H,MC-Centro,2169556.74,2186000.0
2024-11-05,12,PT1H,MC-Centro,2247616.11,2227000.0
2024-11-05,13,PT1H,MC-Centro,2231976.94,2217000.0
2024-11-05,14,PT1H,MC-Centro,2205592.07,2196000.0
2024-11-05,15,PT1H,MC-Centro,2238911.62,2211000.0
2024-11-05,16,PT1H,MC-Centro,2252201.5,2223000.0
2024-11-05,17,PT1H,MC-Centro,2210324.97,2199000.0
2024-11-05,18,PT1H,MC-Centro,2193455.22,2207000.0
2024-11-05,19,PT1H,MC-Centro,2248704.39,2283000.0
2024-11-05,20,PT1H,MC-Centro,2229491.37,2259000.0
2024-11-05,21,PT1H,MC-Centro,2136689.46,2169000.0
2024-11-05,22,PT1H,MC-Centro,1947308.88,1982000.0
2024-11-05,23,PT1H,MC-Centro,1747681.7,1780000.0
2024-11-05,24,PT1H,MC-Centro,1611468.97,1641000.0
2025-01-06,1,PT1H,MC-Centro,1244557.71,1265000.0
2025-01-06,2,PT1H,MC-Centro,1181447.57,1200000.0
2025-01-06,3,PT1H,MC-Centro,1141785.57,1152000.0
2025-01-06,4,PT1H,MC-Centro,1132654.72,1134000.0
2025-01-06,5,PT1H,MC-Centro,1138727.72,1144000.0
2025-01-06,6,PT1H,MC-Centro,1152529.34,1153000.0
2025-01-06,7,PT1H,MC-Centro,1176050.27,1177000.0
2025-01-06,8,PT1H,MC-Centro,1288922.48,1281000.0
2025-01-06,9,PT1H,MC-Centro,1415233.44,1417000.0
2025-01-06,10,PT1H,MC-Centro,1515471.31,1538000.0
2025-01-06,11,PT1H,MC-Centro,1617852.17,1644000.0
2025-01-06,12,PT1H,MC-Centro,1682668.33,1714000.0
2025-01-06,13,PT1H,MC-Centro,1718708.26,1754000.0
2025-01-06,14,PT1H,MC-Centro,1689263.74,1741000.0
2025-01-06,15,PT1H,MC-Centro,1654055.58,1701000.0
2025-01-06,16,PT1H,MC-Centro,1632318.29,1663000.0
2025-01-06,17,PT1H,MC-Centro,1615645.38,1645000.0
2025-01-06,18,PT1H,MC-Centro,1666558.29,1671000.0
2025-01-06,19,PT1H,MC-Centro,1806720.79,1834000.0
2025-01-06,20,PT1H,MC-Centro,1822823.31,1856000.0
2025-01-06,21,PT1H,MC-Centro,1750437.11,1794000.0
2025-01-06,22,PT1H,MC-Centro,1633357.05,1658000.0
2025-01-06,23,PT1H,MC-Centro,1497423.95,1518000.0
2025-01-06,24,PT1H,MC-Centro,1383849.48,1404000.0
2026-01-12,1,PT1H,MC-Centro,1342358.06,1321000.0
2026-01-12,2,PT1H,MC-Centro,1271699.37,1254000.0
2026-01-12,3,PT1H,MC-Centro,1221890.12,1205000.0
2026-01-12,4,PT1H,MC-Centro,1202628.94,1188000.0
2026-01-12,5,PT1H,MC-Centro,1217130.94,1191000.0
2026-01-12,6,PT1H,MC-Centro,1238185.01,1194000.0
2026-01-12,7,PT1H,MC-Centro,1276779.13,1224000.0
2026-01-12,8,PT1H,MC-Centro,1388053.77,1340000.0
2026-01-12,9,PT1H,MC-Centro,1530223.4,1468000.0
2026-01-12,10,PT1H,MC-Centro,1655946.83,1583000.0
2026-01-12,11,PT1H,MC-Centro,1767561.13,1690000.0
2026-01-12,12,PT1H,MC-Centro,1832583.32,1757000.0
2026-01-12,13,PT1H,MC-Centro,1888282.43,1800000.0
2026-01-12,14,PT1H,MC-Centro,1869224.13,1780000.0
2026-01-12,15,PT1H,MC-Centro,1795433.52,1747000.0
2026-01-12,16,PT1H,MC-Centro,1784365.06,1728000.0
2026-01-12,17,PT1H,MC-Centro,1775588.47,1717000.0
2026-01-12,18,PT1H,MC-Centro,1823999.6,1766000.0
2026-01-12,19,PT1H,MC-Centro,1966813.94,1908000.0
2026-01-12,20,PT1H,MC-Centro,1989817.7,1922000.0
2026-01-12,21,PT1H,MC-Centro,1900529.98,1849000.0
2026-01-12,22,PT1H,MC-Centro,1763034.79,1719000.0
2026-01-12,23,PT1H,MC-Centro,1602441.97,1581000.0
2026-01-12,24,PT1H,MC-Centro,1507447.29,1470000.0
2025-06-04,1,PT1H,MC-Centro,1508517.0,1537480.0
2025-06-04,2,PT1H,MC-Centro,1454099.9,1472890.0
2025-06-04,3,PT1H,MC-Centro,1412476.14,1427180.0
2025-06-04,4,PT1H,MC-Centro,1411367.3,1426260.0
2025-06-04,5,PT1H,MC-Centro,1537916.5,1557070.0
2025-06-04,6,PT1H,MC-Centro,1791748.24,1811610.0
2025-06-04,7,PT1H,MC-Centro,1888907.12,1900680.0
2025-06-04,8,PT1H,MC-Centro,2003127.39,2015260.0
2025-06-04,9,PT1H,MC-Centro,2099255.86,2110100.0
2025-06-04,10,PT1H,MC-Centro,2153390.47,2167950.0
2025-06-04,11,PT1H,MC-Centro,2220047.69,2233500.0
2025-06-04,12,PT1H,MC-Centro,2267215.69,2272960.0
2025-06-04,13,PT1H,MC-Centro,2255848.91,2258000.0
2025-06-04,14,PT1H,MC-Centro,2200459.6,2211340.0
2025-06-04,15,PT1H,MC-Centro,2208456.68,2216510.0
2025-06-04,16,PT1H,MC-Centro,2194406.8,2207830.0
2025-06-04,17,PT1H,MC-Centro,2158154.1,2169420.0
2025-06-04,18,PT1H,MC-Centro,2121711.95,2132340.0
2025-06-04,19,PT1H,MC-Centro,2235779.24,2257620.0
2025-06-04,20,PT1H,MC-Centro,2262827.08,2287010.0
2025-06-04,21,PT1H,MC-Centro,2183059.83,2204230.0
2025-06-04,22,PT1H,MC-Centro,2003480.1,2019000.0
2025-06-04,23,PT1H,MC-Centro,1780735.63,1803160.0
2025-06-04,24,PT1H,MC-Centro,1636848.92,1650410.0
2026-01-04,1,PT1H,MC-Centro,1310063.68,1353000.0
2026-01-04,2,PT1H,MC-Centro,1245803.53,1288000.0
2026-01-04,3,PT1H,MC-Centro,1193956.92,1229000.0
2026-01-04,4,PT1H,MC-Centro,1167140.86,1197000.0
2026-01-04,5,PT1H,MC-Centro,1169693.4,1196000.0
2026-01-04,6,PT1H,MC-Centro,1174915.52,1192000.0
2026-01-04,7,PT1H,MC-Centro,1185904.84,1221000.0
2026-01-04,8,PT1H,MC-Centro,1284770.36,1321000.0
2026-01-04,9,PT1H,MC-Centro,1375781.01,1428000.0
2026-01-04,10,PT1H,MC-Centro,1469251.09,1529000.0
2026-01-04,11,PT1H,MC-Centro,1539849.06,1601000.0
2026-01-04,12,PT1H,MC-Centro,1598464.32,1646000.0
2026-01-04,13,PT1H,MC-Centro,1652114.56,1672000.0
2026-01-04,14,PT1H,MC-Centro,1621512.81,1665000.0
2026-01-04,15,PT1H,MC-Centro,1598188.35,1632000.0
2026-01-04,16,PT1H,MC-Centro,1581884.84,1608000.0
2026-01-04,17,PT1H,MC-Centro,1576942.06,1587000.0
2026-01-04,18,PT1H,MC-Centro,1604661.95,1629000.0
2026-01-04,19,PT1H,MC-Centro,1770188.9,1758000.0
2026-01-04,20,PT1H,MC-Centro,1792793.52,1769000.0
2026-01-04,21,PT1H,MC-Centro,1725685.61,1711000.0
2026-01-04,22,PT1H,MC-Centro,1609517.73,1601000.0
2026-01-04,23,PT1H,MC-Centro,1482713.52,1481000.0
2026-01-04,24,PT1H,MC-Centro,1398594.78,1372000.0
2025-06-15,1,PT1H,MC-Centro,1421030.62,1426000.0
2025-06-15,2,PT1H,MC-Centro,1342465.99,1349000.0
2025-06-15,3,PT1H,MC-Centro,1286637.6,1294000.0
2025-06-15,4,PT1H,MC-Centro,1248544.85,1255000.0
2025-06-15,5,PT1H,MC-Centro,1236764.07,1245000.0
2025-06-15,6,PT1H,MC-Centro,1234745.25,1242000.0
2025-06-15,7,PT1H,MC-Centro,1272158.39,1286000.0
2025-06-15,8,PT1H,MC-Centro,1404516.09,1412000.0
2025-06-15,9,PT1H,MC-Centro,1555460.89,1546000.0
2025-06-15,10,PT1H,MC-Centro,1655689.9,1690000.0
2025-06-15,11,PT1H,MC-Centro,1746075.65,1762000.0
2025-06-15,12,PT1H,MC-Centro,1799450.0,1806000.0
2025-06-15,13,PT1H,MC-Centro,1796447.8,1826000.0
2025-06-15,14,PT1H,MC-Centro,1753543.56,1804000.0
2025-06-15,15,PT1H,MC-Centro,1691798.4,1756000.0
2025-06-15,16,PT1H,MC-Centro,1659854.43,1722000.0
2025-06-15,17,PT1H,MC-Centro,1646413.31,1698000.0
2025-06-15,18,PT1H,MC-Centro,1661594.64,1729000.0
2025-06-15,19,PT1H,MC-Centro,1813956.62,1898000.0
2025-06-15,20,PT1H,MC-Centro,1885098.38,1946000.0
2025-06-15,21,PT1H,MC-Centro,1837032.9,1887000.0
2025-06-15,22,PT1H,MC-Centro,1718337.91,1752000.0
2025-06-15,23,PT1H,MC-Centro,1577457.09,1596000.0
2025-06-15,24,PT1H,MC-Centro,1448929.62,1460000.0
2025-08-02,1,PT1H,MC-Centro,1555377.61,1563000.0
2025-08-02,2,PT1H,MC-Centro,1474140.19,1491000.0
2025-08-02,3,PT1H,MC-Centro,1424723.29,1440000.0
2025-08-02,4,PT1H,MC-Centro,1405317.72,1425000.0
2025-08-02,5,PT1H,MC-Centro,1441398.08,1462000.0
2025-08-02,6,PT1H,MC-Centro,1499198.11,1517000.0
2025-08-02,7,PT1H,MC-Centro,1648170.36,1664000.0
2025-08-02,8,PT1H,MC-Centro,1817860.5,1849000.0
2025-08-02,9,PT1H,MC-Centro,1954929.8,1999000.0
2025-08-02,10,PT1H,MC-Centro,2060928.55,2077000.0
2025-08-02,11,PT1H,MC-Centro,2127161.64,2137000.0
2025-08-02,12,PT1H,MC-Centro,2135092.4,2155000.0
2025-08-02,13,PT1H,MC-Centro,2097831.5,2128000.0
2025-08-02,14,PT1H,MC-Centro,2038980.98,2064000.0
2025-08-02,15,PT1H,MC-Centro,1974761.78,1997000.0
2025-08-02,16,PT1H,MC-Centro,1936078.09,1953000.0
2025-08-02,17,PT1H,MC-Centro,1905018.62,1923000.0
2025-08-02,18,PT1H,MC-Centro,1891518.6,1907000.0
2025-08-02,19,PT1H,MC-Centro,2000955.19,2019000.0
2025-08-02,20,PT1H,MC-Centro,2007255.06,2028000.0
2025-08-02,21,PT1H,MC-Centro,1921395.65,1949000.0
2025-08-02,22,PT1H,MC-Centro,1777592.69,1815000.0
2025-08-02,23,PT1H,MC-Centro,1620541.33,1649000.0
2025-08-02,24,PT1H,MC-Centro,1490286.49,1517000.0
2024-11-28,1,PT1H,MC-Centro,1545005.4,1534000.0
2024-11-28,2,PT1H,MC-Centro,1476211.61,1467000.0
2024-11-28,3,PT1H,MC-Centro,1426604.04,1429000.0
2024-11-28,4,PT1H,MC-Centro,1429854.74,1435000.0
2024-11-28,5,PT1H,MC-Centro,1517518.39,1531000.0
2024-11-28,6,PT1H,MC-Centro,1655259.64,1690000.0
2024-11-28,7,PT1H,MC-Centro,1851620.01,1854000.0
2024-11-28,8,PT1H,MC-Centro,2008764.17,2017000.0
2024-11-28,9,PT1H,MC-Centro,2097438.0,2115000.0
2024-11-28,10,PT1H,MC-Centro,2161260.61,2145000.0
2024-11-28,11,PT1H,MC-Centro,2205695.12,2227000.0
2024-11-28,12,PT1H,MC-Centro,2264844.49,2275000.0
2024-11-28,13,PT1H,MC-Centro,2247891.56,2267000.0
2024-11-28,14,PT1H,MC-Centro,2214164.64,2236000.0
2024-11-28,15,PT1H,MC-Centro,2209158.05,2240000.0
2024-11-28,16,PT1H,MC-Centro,2195751.41,2238000.0
2024-11-28,17,PT1H,MC-Centro,2146200.36,2205000.0
2024-11-28,18,PT1H,MC-Centro,2167925.29,2219000.0
2024-11-28,19,PT1H,MC-Centro,2249435.03,2300000.0
2024-11-28,20,PT1H,MC-Centro,2237844.76,2270000.0
2024-11-28,21,PT1H,MC-Centro,2158117.57,2182000.0
2024-11-28,22,PT1H,MC-Centro,1978714.24,2006000.0
2024-11-28,23,PT1H,MC-Centro,1805992.86,1813000.0
2024-11-28,24,PT1H,MC-Centro,1693026.32,1665000.0
2025-01-14,1,PT1H,MC-Centro,1504259.03,1484000.0
2025-01-14,2,PT1H,MC-Centro,1427620.7,1415000.0
2025-01-14,3,PT1H,MC-Centro,1384174.42,1369000.0
2025-01-14,4,PT1H,MC-Centro,1389355.37,1369000.0
2025-01-14,5,PT1H,MC-Centro,1463368.49,1434000.0
2025-01-14,6,PT1H,MC-Centro,1606804.11,1549000.0
2025-01-14,7,PT1H,MC-Centro,1754615.22,1725000.0
2025-01-14,8,PT1H,MC-Centro,1933122.53,1887000.0
2025-01-14,9,PT1H,MC-Centro,2013235.46,1998000.0
2025-01-14,10,PT1H,MC-Centro,2073481.54,2046000.0
2025-01-14,11,PT1H,MC-Centro,2135811.34,2117000.0
2025-01-14,12,PT1H,MC-Centro,2212513.03,2170000.0
2025-01-14,13,PT1H,MC-Centro,2228751.34,2174000.0
2025-01-14,14,PT1H,MC-Centro,2178053.65,2143000.0
2025-01-14,15,PT1H,MC-Centro,2177587.25,2131000.0
2025-01-14,16,PT1H,MC-Centro,2170689.66,2122000.0
2025-01-14,17,PT1H,MC-Centro,2111859.85,2082000.0
2025-01-14,18,PT1H,MC-Centro,2092407.91,2062000.0
2025-01-14,19,PT1H,MC-Centro,2208139.59,2149000.0
2025-01-14,20,PT1H,MC-Centro,2215892.8,2141000.0
2025-01-14,21,PT1H,MC-Centro,2141604.98,2075000.0
2025-01-14,22,PT1H,MC-Centro,1962249.98,1916000.0
2025-01-14,23,PT1H,MC-Centro,1758201.84,1732000.0
2025-01-14,24,PT1H,MC-Centro,1618488.62,1580000.0
2025-10-27,1,PT1H,MC-Centro,2754417.8,2738000.0
2025-10-27,2,PT1H,MC-Centro,2638374.48,2620000.0
2025-10-27,3,PT1H,MC-Centro,2586920.92,2548000.0
2025-10-27,4,PT1H,MC-Centro,2632082.8,2598000.0
2025-10-27,5,PT1H,MC-Centro,2952335.92,2922000.0
2025-10-27,6,PT1H,MC-Centro,3473898.34,3432000.0
2025-10-27,7,PT1H,MC-Centro,3720977.66,3682000.0
2025-10-27,8,PT1H,MC-Centro,4003661.1,3948000.0
2025-10-27,9,PT1H,MC-Centro,4214079.64,4186000.0
2025-10-27,10,PT1H,MC-Centro,4386750.82,4332000.0
2025-10-27,11,PT1H,MC-Centro,4535429.7,4496000.0
2025-10-27,12,PT1H,MC-Centro,4633031.38,4606000.0
2025-10-27,13,PT1H,MC-Centro,4579711.02,4586000.0
2025-10-27,14,PT1H,MC-Centro,4511238.78,4492000.0
2025-10-27,15,PT1H,MC-Centro,4545602.64,4480000.0
2025-10-27,16,PT1H,MC-Centro,4508285.0,4466000.0
2025-10-27,17,PT1H,MC-Centro,4450019.74,4402000.0
2025-10-27,18,PT1H,MC-Centro,4502036.68,4400000.0
2025-10-27,19,PT1H,MC-Centro,4661655.58,4626000.0
2025-10-27,20,PT1H,MC-Centro,4635475.08,4596000.0
2025-10-27,21,PT1H,MC-Centro,4427313.24,4382000.0
2025-10-27,22,PT1H,MC-Centro,4028717.42,3986000.0
2025-10-27,23,PT1H,MC-Centro,3602163.1,3560000.0
2025-10-27,24,PT1H,MC-Centro,3308066.02,3284000.0
2024-12-25,1,PT1H,MC-Centro,1343978.15,1319010.0
2024-12-25,2,PT1H,MC-Centro,1275052.51,1250800.0
2024-12-25,3,PT1H,MC-Centro,1209389.28,1178780.0
2024-12-25,4,PT1H,MC-Centro,1152027.46,1122620.0
2024-12-25,5,PT1H,MC-Centro,1121128.76,1092540.0
2024-12-25,6,PT1H,MC-Centro,1084327.04,1072930.0
2024-12-25,7,PT1H,MC-Centro,1037437.3,1021440.0
2024-12-25,8,PT1H,MC-Centro,1082721.66,1063350.0
2024-12-25,9,PT1H,MC-Centro,1156709.41,1142620.0
2024-12-25,10,PT1H,MC-Centro,1266813.27,1241230.0
2024-12-25,11,PT1H,MC-Centro,1368933.67,1336300.0
2024-12-25,12,PT1H,MC-Centro,1444076.77,1411980.0
2024-12-25,13,PT1H,MC-Centro,1489903.6,1465400.0
2024-12-25,14,PT1H,MC-Centro,1490237.56,1465680.0
2024-12-25,15,PT1H,MC-Centro,1463953.87,1442690.0
2024-12-25,16,PT1H,MC-Centro,1443868.93,1413210.0
2024-12-25,17,PT1H,MC-Centro,1445213.56,1393550.0
2024-12-25,18,PT1H,MC-Centro,1516399.37,1428220.0
2024-12-25,19,PT1H,MC-Centro,1624539.01,1592380.0
2024-12-25,20,PT1H,MC-Centro,1649812.3,1613510.0
2024-12-25,21,PT1H,MC-Centro,1595385.88,1575050.0
2024-12-25,22,PT1H,MC-Centro,1508463.69,1486390.0
2024-12-25,23,PT1H,MC-Centro,1401447.49,1386510.0
2024-12-25,24,PT1H,MC-Centro,1305691.16,1289760.0
2025-02-28,1,PT1H,MC-Centro,1573641.96,1556000.0
2025-02-28,2,PT1H,MC-Centro,1504500.86,1496000.0
2025-02-28,3,PT1H,MC-Centro,1457557.22,1449000.0
2025-02-28,4,PT1H,MC-Centro,1462185.64,1457000.0
2025-02-28,5,PT1H,MC-Centro,1602284.19,1610000.0
2025-02-28,6,PT1H,MC-Centro,1831658.55,1838000.0
2025-02-28,7,PT1H,MC-Centro,1914843.96,1918000.0
2025-02-28,8,PT1H,MC-Centro,2029964.38,2046000.0
2025-02-28,9,PT1H,MC-Centro,2145360.72,2140000.0
2025-02-28,10,PT1H,MC-Centro,2188769.21,2188000.0
2025-02-28,11,PT1H,MC-Centro,2244830.18,2266000.0
2025-02-28,12,PT1H,MC-Centro,2278199.08,2287000.0
2025-02-28,13,PT1H,MC-Centro,2263247.39,2280000.0
2025-02-28,14,PT1H,MC-Centro,2244331.19,2232000.0
2025-02-28,15,PT1H,MC-Centro,2240069.02,2224000.0
2025-02-28,16,PT1H,MC-Centro,2210106.89,2207000.0
2025-02-28,17,PT1H,MC-Centro,2168077.12,2165000.0
2025-02-28,18,PT1H,MC-Centro,2145473.85,2144000.0
2025-02-28,19,PT1H,MC-Centro,2244229.17,2230000.0
2025-02-28,20,PT1H,MC-Centro,2235821.93,2248000.0
2025-02-28,21,PT1H,MC-Centro,2148437.69,2154000.0
2025-02-28,22,PT1H,MC-Centro,1996940.19,2001000.0
2025-02-28,23,PT1H,MC-Centro,1836870.56,1815000.0
2025-02-28,24,PT1H,MC-Centro,1700365.53,1662000.0
2025-09-25,1,PT1H,MC-Centro,1562227.82,1563000.0
2025-09-25,2,PT1H,MC-Centro,1502713.38,1496000.0
2025-09-25,3,PT1H,MC-Centro,1457945.34,1450000.0
2025-09-25,4,PT1H,MC-Centro,1456102.51,1452000.0
2025-09-25,5,PT1H,MC-Centro,1604545.14,1601000.0
2025-09-25,6,PT1H,MC-Centro,1854911.44,1857000.0
2025-09-25,7,PT1H,MC-Centro,1941890.03,1949000.0
2025-09-25,8,PT1H,MC-Centro,2054215.85,2061000.0
2025-09-25,9,PT1H,MC-Centro,2149520.2,2167000.0
2025-09-25,10,PT1H,MC-Centro,2189109.25,2217000.0
2025-09-25,11,PT1H,MC-Centro,2249909.52,2278000.0
2025-09-25,12,PT1H,MC-Centro,2259094.97,2311000.0
2025-09-25,13,PT1H,MC-Centro,2252683.53,2283000.0
2025-09-25,14,PT1H,MC-Centro,2201682.84,2235000.0
2025-09-25,15,PT1H,MC-Centro,2213041.49,2243000.0
2025-09-25,16,PT1H,MC-Centro,2217715.29,2225000.0
2025-09-25,17,PT1H,MC-Centro,2179238.01,2191000.0
2025-09-25,18,PT1H,MC-Centro,2170628.02,2172000.0
2025-09-25,19,PT1H,MC-Centro,2306075.84,2293000.0
2025-09-25,20,PT1H,MC-Centro,2297951.35,2298000.0
2025-09-25,21,PT1H,MC-Centro,2192204.93,2200000.0
2025-09-25,22,PT1H,MC-Centro,2014241.22,2011000.0
2025-09-25,23,PT1H,MC-Centro,1801620.94,1803000.0
2025-09-25,24,PT1H,MC-Centro,1653240.38,1654000.0
2025-04-09,1,PT1H,MC-Centro,1565469.23,1528000.0
2025-04-09,2,PT1H,MC-Centro,1502682.6,1467000.0
2025-04-09,3,PT1H,MC-Centro,1461884.72,1425000.0
2025-04-09,4,PT1H,MC-Centro,1459166.4,1429000.0
2025-04-09,5,PT1H,MC-Centro,1581676.94,1563000.0
2025-04-09,6,PT1H,MC-Centro,1840938.21,1816000.0
2025-04-09,7,PT1H,MC-Centro,1927344.81,1899000.0
2025-04-09,8,PT1H,MC-Centro,2035241.77,2014000.0
2025-04-09,9,PT1H,MC-Centro,2119687.76,2099000.0
2025-04-09,10,PT1H,MC-Centro,2178865.7,2139000.0
2025-04-09,11,PT1H,MC-Centro,2245356.11,2203000.0
2025-04-09,12,PT1H,MC-Centro,2280902.58,2254000.0
2025-04-09,13,PT1H,MC-Centro,2267174.38,2250000.0
2025-04-09,14,PT1H,MC-Centro,2232216.17,2215000.0
2025-04-09,15,PT1H,MC-Centro,2244743.9,2218000.0
2025-04-09,16,PT1H,MC-Centro,2202985.62,2195000.0
2025-04-09,17,PT1H,MC-Centro,2167550.41,2152000.0
2025-04-09,18,PT1H,MC-Centro,2126079.71,2119000.0
2025-04-09,19,PT1H,MC-Centro,2251857.8,2244000.0
2025-04-09,20,PT1H,MC-Centro,2280926.59,2265000.0
2025-04-09,21,PT1H,MC-Centro,2202901.65,2177000.0
2025-04-09,22,PT1H,MC-Centro,2026165.22,1992000.0
2025-04-09,23,PT1H,MC-Centro,1812328.09,1787000.0
2025-04-09,24,PT1H,MC-Centro,1659893.0,1640000.0
2025-03-24,1,PT1H,MC-Centro,1349593.7,1338000.0
2025-03-24,2,PT1H,MC-Centro,1269554.02,1270000.0
2025-03-24,3,PT1H,MC-Centro,1217622.41,1225000.0
2025-03-24,4,PT1H,MC-Centro,1191709.87,1211000.0
2025-03-24,5,PT1H,MC-Centro,1210033.6,1229000.0
2025-03-24,6,PT1H,MC-Centro,1226195.46,1233000.0
2025-03-24,7,PT1H,MC-Centro,1268626.63,1306000.0
2025-03-24,8,PT1H,MC-Centro,1413746.17,1466000.0
2025-03-24,9,PT1H,MC-Centro,1572440.56,1605000.0
2025-03-24,10,PT1H,MC-Centro,1705195.72,1717000.0
2025-03-24,11,PT1H,MC-Centro,1830708.57,1815000.0
2025-03-24,12,PT1H,MC-Centro,1900526.23,1878000.0
2025-03-24,13,PT1H,MC-Centro,1914985.89,1905000.0
2025-03-24,14,PT1H,MC-Centro,1883912.77,1878000.0
2025-03-24,15,PT1H,MC-Centro,1818600.28,1828000.0
2025-03-24,16,PT1H,MC-Centro,1786250.81,1787000.0
2025-03-24,17,PT1H,MC-Centro,1776423.43,1764000.0
2025-03-24,18,PT1H,MC-Centro,1794369.6,1822000.0
2025-03-24,19,PT1H,MC-Centro,1960947.31,1955000.0
2025-03-24,20,PT1H,MC-Centro,2024762.54,1967000.0
2025-03-24,21,PT1H,MC-Centro,1949148.49,1879000.0
2025-03-24,22,PT1H,MC-Centro,1786812.45,1735000.0
2025-03-24,23,PT1H,MC-Centro,1629997.75,1591000.0
2025-03-24,24,PT1H,MC-Centro,1486249.46,1471000.0
2025-03-25,1,PT1H,MC-Centro,1407844.13,1397000.0
2025-03-25,2,PT1H,MC-Centro,1336845.41,1345000.0
2025-03-25,3,PT1H,MC-Centro,1294434.8,1299000.0
2025-03-25,4,PT1H,MC-Centro,1317848.28,1326000.0
2025-03-25,5,PT1H,MC-Centro,1467942.54,1516000.0
2025-03-25,6,PT1H,MC-Centro,1740935.8,1787000.0
2025-03-25,7,PT1H,MC-Centro,1832262.61,1876000.0
2025-03-25,8,PT1H,MC-Centro,1958446.81,1974000.0
2025-03-25,9,PT1H,MC-Centro,2057808.19,2083000.0
2025-03-25,10,PT1H,MC-Centro,2112977.91,2158000.0
2025-03-25,11,PT1H,MC-Centro,2175525.34,2219000.0
2025-03-25,12,PT1H,MC-Centro,2237628.57,2266000.0
2025-03-25,13,PT1H,MC-Centro,2237177.11,2251000.0
2025-03-25,14,PT1H,MC-Centro,2197952.8,2215000.0
2025-03-25,15,PT1H,MC-Centro,2205332.06,2231000.0
2025-03-25,16,PT1H,MC-Centro,2207359.16,2219000.0
2025-03-25,17,PT1H,MC-Centro,2178066.58,2181000.0
2025-03-25,18,PT1H,MC-Centro,2137649.14,2153000.0
2025-03-25,19,PT1H,MC-Centro,2264506.18,2255000.0
2025-03-25,20,PT1H,MC-Centro,2292758.38,2281000.0
2025-03-25,21,PT1H,MC-Centro,2208751.22,2185000.0
2025-03-25,22,PT1H,MC-Centro,2023200.57,1992000.0
2025-03-25,23,PT1H,MC-Centro,1796271.39,1790000.0
2025-03-25,24,PT1H,MC-Centro,1639313.15,1652000.0
2025-01-10,1,PT1H,MC-Centro,1435197.54,1515000.0
2025-01-10,2,PT1H,MC-Centro,1368699.6,1447000.0
2025-01-10,3,PT1H,MC-Centro,1328943.15,1395000.0
2025-01-10,4,PT1H,MC-Centro,1331611.22,1386000.0
2025-01-10,5,PT1H,MC-Centro,1413009.54,1454000.0
2025-01-10,6,PT1H,MC-Centro,1494117.87,1572000.0
2025-01-10,7,PT1H,MC-Centro,1651024.85,1737000.0
2025-01-10,8,PT1H,MC-Centro,1820220.28,1910000.0
2025-01-10,9,PT1H,MC-Centro,1907079.32,2032000.0
2025-01-10,10,PT1H,MC-Centro,1968782.28,2085000.0
2025-01-10,11,PT1H,MC-Centro,2042079.58,2151000.0
2025-01-10,12,PT1H,MC-Centro,2093012.92,2206000.0
2025-01-10,13,PT1H,MC-Centro,2098600.94,2213000.0
2025-01-10,14,PT1H,MC-Centro,2059160.67,2162000.0
2025-01-10,15,PT1H,MC-Centro,2072125.76,2132000.0
2025-01-10,16,PT1H,MC-Centro,2077704.97,2122000.0
2025-01-10,17,PT1H,MC-Centro,2070684.17,2097000.0
2025-01-10,18,PT1H,MC-Centro,2060048.36,2072000.0
2025-01-10,19,PT1H,MC-Centro,2145803.0,2160000.0
2025-01-10,20,PT1H,MC-Centro,2149396.7,2155000.0
2025-01-10,21,PT1H,MC-Centro,2065140.87,2071000.0
2025-01-10,22,PT1H,MC-Centro,1912827.9,1928000.0
2025-01-10,23,PT1H,MC-Centro,1740082.24,1760000.0
2025-01-10,24,PT1H,MC-Centro,1619635.68,1626000.0
2024-12-12,1,PT1H,MC-Centro,1593333.46,1580000.0
2024-12-12,2,PT1H,MC-Centro,1510789.08,1508000.0
2024-12-12,3,PT1H,MC-Centro,1452443.02,1457000.0
2024-12-12,4,PT1H,MC-Centro,1472757.44,1458000.0
2024-12-12,5,PT1H,MC-Centro,1556988.55,1549000.0
2024-12-12,6,PT1H,MC-Centro,1679887.77,1687000.0
2024-12-12,7,PT1H,MC-Centro,1867493.87,1884000.0
2024-12-12,8,PT1H,MC-Centro,2045464.31,2048000.0
2024-12-12,9,PT1H,MC-Centro,2128781.65,2150000.0
2024-12-12,10,PT1H,MC-Centro,2187479.72,2196000.0
2024-12-12,11,PT1H,MC-Centro,2263850.69,2256000.0
2024-12-12,12,PT1H,MC-Centro,2299620.35,2314000.0
2024-12-12,13,PT1H,MC-Centro,2291817.27,2315000.0
2024-12-12,14,PT1H,MC-Centro,2266786.02,2276000.0
2024-12-12,15,PT1H,MC-Centro,2253636.39,2265000.0
2024-12-12,16,PT1H,MC-Centro,2262400.37,2267000.0
2024-12-12,17,PT1H,MC-Centro,2171240.84,2210000.0
2024-12-12,18,PT1H,MC-Centro,2213021.92,2220000.0
2024-12-12,19,PT1H,MC-Centro,2288044.32,2320000.0
2024-12-12,20,PT1H,MC-Centro,2284736.28,2305000.0
2024-12-12,21,PT1H,MC-Centro,2196468.95,2217000.0
2024-12-12,22,PT1H,MC-Centro,2024800.78,2045000.0
2024-12-12,23,PT1H,MC-Centro,1843799.6,1867000.0
2024-12-12,24,PT1H,MC-Centro,1701257.19,1715000.0
2025-09-16,1,PT1H,MC-Centro,1550051.42,1544000.0
2025-09-16,2,PT1H,MC-Centro,1484559.92,1483000.0
2025-09-16,3,PT1H,MC-Centro,1435893.25,1437000.0
2025-09-16,4,PT1H,MC-Centro,1440026.75,1441000.0
2025-09-16,5,PT1H,MC-Centro,1559110.88,1593000.0
2025-09-16,6,PT1H,MC-Centro,1775094.96,1857000.0
2025-09-16,7,PT1H,MC-Centro,1910499.35,1948000.0
2025-09-16,8,PT1H,MC-Centro,2048748.59,2068000.0
2025-09-16,9,PT1H,MC-Centro,2159220.2,2163000.0
2025-09-16,10,PT1H,MC-Centro,2213679.15,2219000.0
2025-09-16,11,PT1H,MC-Centro,2292412.91,2283000.0
2025-09-16,12,PT1H,MC-Centro,2325837.62,2329000.0
2025-09-16,13,PT1H,MC-Centro,2307524.32,2307000.0
2025-09-16,14,PT1H,MC-Centro,2266285.86,2262000.0
2025-09-16,15,PT1H,MC-Centro,2262281.11,2254000.0
2025-09-16,16,PT1H,MC-Centro,2241363.05,2244000.0
2025-09-16,17,PT1H,MC-Centro,2178400.67,2204000.0
2025-09-16,18,PT1H,MC-Centro,2177561.07,2183000.0
2025-09-16,19,PT1H,MC-Centro,2324133.95,2332000.0
2025-09-16,20,PT1H,MC-Centro,2317292.64,2334000.0
2025-09-16,21,PT1H,MC-Centro,2197194.06,2234000.0
2025-09-16,22,PT1H,MC-Centro,2009865.11,2040000.0
2025-09-16,23,PT1H,MC-Centro,1787982.1,1815000.0
2025-09-16,24,PT1H,MC-Centro,1647459.8,1663000.0
2025-03-02,1,PT1H,MC-Centro,1392251.31,1418000.0
2025-03-02,2,PT1H,MC-Centro,1322642.98,1351000.0
2025-03-02,3,PT1H,MC-Centro,1279858.91,1295000.0
2025-03-02,4,PT1H,MC-Centro,1234763.97,1262000.0
2025-03-02,5,PT1H,MC-Centro,1219994.53,1262000.0
2025-03-02,6,PT1H,MC-Centro,1221784.13,1274000.0
2025-03-02,7,PT1H,MC-Centro,1246282.37,1321000.0
2025-03-02,8,PT1H,MC-Centro,1404805.08,1456000.0
2025-03-02,9,PT1H,MC-Centro,1546171.22,1572000.0
2025-03-02,10,PT1H,MC-Centro,1641582.13,1672000.0
2025-03-02,11,PT1H,MC-Centro,1713793.38,1752000.0
2025-03-02,12,PT1H,MC-Centro,1759488.02,1790000.0
2025-03-02,13,PT1H,MC-Centro,1772284.63,1809000.0
2025-03-02,14,PT1H,MC-Centro,1726625.99,1786000.0
2025-03-02,15,PT1H,MC-Centro,1695724.27,1737000.0
2025-03-02,16,PT1H,MC-Centro,1676403.47,1708000.0
2025-03-02,17,PT1H,MC-Centro,1674464.94,1696000.0
2025-03-02,18,PT1H,MC-Centro,1717619.17,1732000.0
2025-03-02,19,PT1H,MC-Centro,1832210.52,1894000.0
2025-03-02,20,PT1H,MC-Centro,1875853.47,1944000.0
2025-03-02,21,PT1H,MC-Centro,1827950.23,1868000.0
2025-03-02,22,PT1H,MC-Centro,1706715.56,1738000.0
2025-03-02,23,PT1H,MC-Centro,1566740.75,1595000.0
2025-03-02,24,PT1H,MC-Centro,1482313.0,1474000.0
2025-04-08,1,PT1H,MC-Centro,1556646.09,1516020.0
2025-04-08,2,PT1H,MC-Centro,1494930.88,1460510.0
2025-04-08,3,PT1H,MC-Centro,1444299.23,1420100.0
2025-04-08,4,PT1H,MC-Centro,1439522.01,1426090.0
2025-04-08,5,PT1H,MC-Centro,1561778.87,1557950.0
2025-04-08,6,PT1H,MC-Centro,1800771.94,1808230.0
2025-04-08,7,PT1H,MC-Centro,1890147.4,1889530.0
2025-04-08,8,PT1H,MC-Centro,2023961.2,2009910.0
2025-04-08,9,PT1H,MC-Centro,2119425.27,2105040.0
2025-04-08,10,PT1H,MC-Centro,2159647.51,2142220.0
2025-04-08,11,PT1H,MC-Centro,2206772.79,2203480.0
2025-04-08,12,PT1H,MC-Centro,2286565.29,2252640.0
2025-04-08,13,PT1H,MC-Centro,2279977.51,2239100.0
2025-04-08,14,PT1H,MC-Centro,2232350.32,2197690.0
2025-04-08,15,PT1H,MC-Centro,2233514.78,2211900.0
2025-04-08,16,PT1H,MC-Centro,2210852.26,2200210.0
2025-04-08,17,PT1H,MC-Centro,2153564.48,2163710.0
2025-04-08,18,PT1H,MC-Centro,2118329.02,2132700.0
2025-04-08,19,PT1H,MC-Centro,2254615.4,2241750.0
2025-04-08,20,PT1H,MC-Centro,2289369.06,2264950.0
2025-04-08,21,PT1H,MC-Centro,2211395.23,2174650.0
2025-04-08,22,PT1H,MC-Centro,2034925.7,1988240.0
2025-04-08,23,PT1H,MC-Centro,1811254.73,1781040.0
2025-04-08,24,PT1H,MC-Centro,1658943.59,1641250.0
2025-08-21,1,PT1H,MC-Centro,1556608.1,1542490.0
2025-08-21,2,PT1H,MC-Centro,1501468.95,1475500.0
2025-08-21,3,PT1H,MC-Centro,1450824.57,1424860.0
2025-08-21,4,PT1H,MC-Centro,1427024.53,1423840.0
2025-08-21,5,PT1H,MC-Centro,1586358.16,1554790.0
2025-08-21,6,PT1H,MC-Centro,1851912.88,1793960.0
2025-08-21,7,PT1H,MC-Centro,1937147.69,1897730.0
2025-08-21,8,PT1H,MC-Centro,2044587.23,2014570.0
2025-08-21,9,PT1H,MC-Centro,2126967.68,2123350.0
2025-08-21,10,PT1H,MC-Centro,2180894.04,2175820.0
2025-08-21,11,PT1H,MC-Centro,2258012.15,2238360.0
2025-08-21,12,PT1H,MC-Centro,2296155.13,2287180.0
2025-08-21,13,PT1H,MC-Centro,2280652.27,2281020.0
2025-08-21,14,PT1H,MC-Centro,2237386.36,2231270.0
2025-08-21,15,PT1H,MC-Centro,2233093.84,2220510.0
2025-08-21,16,PT1H,MC-Centro,2192862.12,2215390.0
2025-08-21,17,PT1H,MC-Centro,2159893.93,2171660.0
2025-08-21,18,PT1H,MC-Centro,2166081.62,2118810.0
2025-08-21,19,PT1H,MC-Centro,2299641.81,2231900.0
2025-08-21,20,PT1H,MC-Centro,2306776.57,2279470.0
2025-08-21,21,PT1H,MC-Centro,2204370.8,2195520.0
2025-08-21,22,PT1H,MC-Centro,2018158.92,2012850.0
2025-08-21,23,PT1H,MC-Centro,1793634.73,1801270.0
2025-08-21,24,PT1H,MC-Centro,1643379.11,1657080.0
2024-10-26,1,PT1H,MC-Centro,1573381.14,1588000.0
2024-10-26,2,PT1H,MC-Centro,1498556.42,1521000.0
2024-10-26,3,PT1H,MC-Centro,1448407.39,1470000.0
2024-10-26,4,PT1H,MC-Centro,1438720.63,1456000.0
2024-10-26,5,PT1H,MC-Centro,1476336.89,1496000.0
2024-10-26,6,PT1H,MC-Centro,1538317.14,1552000.0
2024-10-26,7,PT1H,MC-Centro,1714489.85,1712000.0
2024-10-26,8,PT1H,MC-Centro,1904495.57,1889000.0
2024-10-26,9,PT1H,MC-Centro,2015912.98,1993000.0
2024-10-26,10,PT1H,MC-Centro,2080360.09,2075000.0
2024-10-26,11,PT1H,MC-Centro,2131953.07,2138000.0
2024-10-26,12,PT1H,MC-Centro,2146015.5,2150000.0
2024-10-26,13,PT1H,MC-Centro,2116087.78,2114000.0
2024-10-26,14,PT1H,MC-Centro,2057659.33,2042000.0
2024-10-26,15,PT1H,MC-Centro,2003754.68,2003000.0
2024-10-26,16,PT1H,MC-Centro,1977246.02,1971000.0
2024-10-26,17,PT1H,MC-Centro,1939471.01,1946000.0
2024-10-26,18,PT1H,MC-Centro,1997070.44,1992000.0
2024-10-26,19,PT1H,MC-Centro,2060378.01,2059000.0
2024-10-26,20,PT1H,MC-Centro,2022660.31,2033000.0
2024-10-26,21,PT1H,MC-Centro,1942182.91,1951000.0
2024-10-26,22,PT1H,MC-Centro,1807213.18,1812000.0
2024-10-26,23,PT1H,MC-Centro,1651423.49,1664000.0
2024-10-26,24,PT1H,MC-Centro,1532722.12,1536000.0
2025-08-08,1,PT1H,MC-Centro,1440764.07,1460710.0
2025-08-08,2,PT1H,MC-Centro,1360719.59,1393960.0
2025-08-08,3,PT1H,MC-Centro,1312897.72,1349220.0
2025-08-08,4,PT1H,MC-Centro,1327442.48,1356940.0
2025-08-08,5,PT1H,MC-Centro,1455699.37,1487700.0
2025-08-08,6,PT1H,MC-Centro,1675066.94,1710160.0
2025-08-08,7,PT1H,MC-Centro,1804648.5,1823650.0
2025-08-08,8,PT1H,MC-Centro,1952881.72,1951230.0
2025-08-08,9,PT1H,MC-Centro,2072580.28,2063330.0
2025-08-08,10,PT1H,MC-Centro,2137787.14,2112380.0
2025-08-08,11,PT1H,MC-Centro,2225572.52,2181620.0
2025-08-08,12,PT1H,MC-Centro,2269702.33,2248190.0
2025-08-08,13,PT1H,MC-Centro,2247838.23,2248090.0
2025-08-08,14,PT1H,MC-Centro,2207576.19,2196890.0
2025-08-08,15,PT1H,MC-Centro,2213813.48,2202380.0
2025-08-08,16,PT1H,MC-Centro,2168156.91,2186190.0
2025-08-08,17,PT1H,MC-Centro,2131337.16,2149330.0
2025-08-08,18,PT1H,MC-Centro,2082359.13,2106730.0
2025-08-08,19,PT1H,MC-Centro,2198128.23,2212980.0
2025-08-08,20,PT1H,MC-Centro,2221871.67,2230470.0
2025-08-08,21,PT1H,MC-Centro,2124743.36,2145400.0
2025-08-08,22,PT1H,MC-Centro,1963673.98,1974210.0
2025-08-08,23,PT1H,MC-Centro,1770028.62,1801490.0
2025-08-08,24,PT1H,MC-Centro,1613655.26,1662480.0
2025-10-07,1,PT1H,MC-Centro,3085473.62,3045300.0
2025-10-07,2,PT1H,MC-Centro,2962505.72,2916740.0
2025-10-07,3,PT1H,MC-Centro,2865618.58,2836800.0
2025-10-07,4,PT1H,MC-Centro,2849186.86,2812020.0
2025-10-07,5,PT1H,MC-Centro,3029702.08,3053780.0
2025-10-07,6,PT1H,MC-Centro,3300826.88,3427240.0
2025-10-07,7,PT1H,MC-Centro,3694329.5,3727660.0
2025-10-07,8,PT1H,MC-Centro,4065131.88,4009520.0
2025-10-07,9,PT1H,MC-Centro,4287547.78,4249160.0
2025-10-07,10,PT1H,MC-Centro,4450454.64,4361760.0
2025-10-07,11,PT1H,MC-Centro,4583063.62,4485540.0
2025-10-07,12,PT1H,MC-Centro,4720512.7,4582060.0
2025-10-07,13,PT1H,MC-Centro,4737658.7,4553980.0
2025-10-07,14,PT1H,MC-Centro,4604077.48,4457680.0
2025-10-07,15,PT1H,MC-Centro,4575195.16,4453140.0
2025-10-07,16,PT1H,MC-Centro,4529804.3,4419000.0
2025-10-07,17,PT1H,MC-Centro,4417388.48,4333860.0
2025-10-07,18,PT1H,MC-Centro,4434561.82,4314000.0
2025-10-07,19,PT1H,MC-Centro,4638631.3,4538100.0
2025-10-07,20,PT1H,MC-Centro,4602088.18,4557100.0
2025-10-07,21,PT1H,MC-Centro,4403300.44,4369360.0
2025-10-07,22,PT1H,MC-Centro,4022027.36,3984920.0
2025-10-07,23,PT1H,MC-Centro,3597291.96,3553280.0
2025-10-07,24,PT1H,MC-Centro,3367751.76,3259240.0
2026-02-15,1,PT1H,MC-Centro,1445135.98,1451000.0
2026-02-15,2,PT1H,MC-Centro,1366641.64,1375000.0
2026-02-15,3,PT1H,MC-Centro,1306748.68,1319000.0
2026-02-15,4,PT1H,MC-Centro,1274462.27,1281000.0
2026-02-15,5,PT1H,MC-Centro,1274077.04,1278000.0
2026-02-15,6,PT1H,MC-Centro,1283981.0,1298000.0
2026-02-15,7,PT1H,MC-Centro,1316977.26,1322000.0
2026-02-15,8,PT1H,MC-Centro,1442176.54,1447000.0
2026-02-15,9,PT1H,MC-Centro,1587731.17,1599000.0
2026-02-15,10,PT1H,MC-Centro,1702392.02,1708000.0
2026-02-15,11,PT1H,MC-Centro,1791436.27,1803000.0
2026-02-15,12,PT1H,MC-Centro,1827383.57,1852000.0
2026-02-15,13,PT1H,MC-Centro,1866174.13,1872000.0
2026-02-15,14,PT1H,MC-Centro,1802092.08,1847000.0
2026-02-15,15,PT1H,MC-Centro,1750581.13,1799000.0
2026-02-15,16,PT1H,MC-Centro,1745551.24,1762000.0
2026-02-15,17,PT1H,MC-Centro,1737145.77,1740000.0
2026-02-15,18,PT1H,MC-Centro,1785469.64,1790000.0
2026-02-15,19,PT1H,MC-Centro,1954285.64,1944000.0
2026-02-15,20,PT1H,MC-Centro,1979351.41,2000000.0
2026-02-15,21,PT1H,MC-Centro,1917192.45,1923000.0
2026-02-15,22,PT1H,MC-Centro,1771228.62,1778000.0
2026-02-15,23,PT1H,MC-Centro,1616219.86,1632000.0
2026-02-15,24,PT1H,MC-Centro,1498499.76,1485000.0
2025-01-09,1,PT1H,MC-Centro,1450614.66,1483000.0
2025-01-09,2,PT1H,MC-Centro,1391069.39,1419000.0
2025-01-09,3,PT1H,MC-Centro,1347797.38,1361000.0
2025-01-09,4,PT1H,MC-Centro,1339920.19,1359000.0
2025-01-09,5,PT1H,MC-Centro,1404026.35,1432000.0
2025-01-09,6,PT1H,MC-Centro,1511788.91,1553000.0
2025-01-09,7,PT1H,MC-Centro,1659124.84,1715000.0
2025-01-09,8,PT1H,MC-Centro,1804597.73,1876000.0
2025-01-09,9,PT1H,MC-Centro,1912970.93,1995000.0
2025-01-09,10,PT1H,MC-Centro,1988206.6,2066000.0
2025-01-09,11,PT1H,MC-Centro,2050530.43,2129000.0
2025-01-09,12,PT1H,MC-Centro,2111616.27,2188000.0
2025-01-09,13,PT1H,MC-Centro,2131356.31,2199000.0
2025-01-09,14,PT1H,MC-Centro,2098557.25,2152000.0
2025-01-09,15,PT1H,MC-Centro,2091440.67,2141000.0
2025-01-09,16,PT1H,MC-Centro,2073233.66,2132000.0
2025-01-09,17,PT1H,MC-Centro,2037841.69,2085000.0
2025-01-09,18,PT1H,MC-Centro,2025442.11,2058000.0
2025-01-09,19,PT1H,MC-Centro,2123380.62,2156000.0
2025-01-09,20,PT1H,MC-Centro,2131341.24,2145000.0
2025-01-09,21,PT1H,MC-Centro,2035443.31,2073000.0
2025-01-09,22,PT1H,MC-Centro,1895192.86,1918000.0
2025-01-09,23,PT1H,MC-Centro,1710416.66,1739000.0
2025-01-09,24,PT1H,MC-Centro,1580691.01,1605000.0
2025-07-27,1,PT1H,MC-Centro,1416125.11,1409000.0
2025-07-27,2,PT1H,MC-Centro,1340140.53,1338000.0
2025-07-27,3,PT1H,MC-Centro,1280520.2,1282000.0
2025-07-27,4,PT1H,MC-Centro,1242888.96,1242000.0
2025-07-27,5,PT1H,MC-Centro,1250334.65,1240000.0
2025-07-27,6,PT1H,MC-Centro,1257427.6,1233000.0
2025-07-27,7,PT1H,MC-Centro,1283285.55,1268000.0
2025-07-27,8,PT1H,MC-Centro,1424301.23,1387000.0
2025-07-27,9,PT1H,MC-Centro,1560457.06,1529000.0
2025-07-27,10,PT1H,MC-Centro,1667717.4,1637000.0
2025-07-27,11,PT1H,MC-Centro,1736647.77,1722000.0
2025-07-27,12,PT1H,MC-Centro,1783020.46,1768000.0
2025-07-27,13,PT1H,MC-Centro,1801479.55,1791000.0
2025-07-27,14,PT1H,MC-Centro,1772289.27,1772000.0
2025-07-27,15,PT1H,MC-Centro,1721253.41,1712000.0
2025-07-27,16,PT1H,MC-Centro,1691797.57,1679000.0
2025-07-27,17,PT1H,MC-Centro,1671517.9,1663000.0
2025-07-27,18,PT1H,MC-Centro,1710471.98,1681000.0
2025-07-27,19,PT1H,MC-Centro,1868807.1,1842000.0
2025-07-27,20,PT1H,MC-Centro,1932535.14,1912000.0
2025-07-27,21,PT1H,MC-Centro,1868978.04,1859000.0
2025-07-27,22,PT1H,MC-Centro,1727292.14,1729000.0
2025-07-27,23,PT1H,MC-Centro,1566337.96,1577000.0
2025-07-27,24,PT1H,MC-Centro,1438846.02,1452000.0
2024-09-17,1,PT1H,MC-Centro,1549486.96,1493000.0
2024-09-17,2,PT1H,MC-Centro,1478289.26,1433000.0
2024-09-17,3,PT1H,MC-Centro,1429078.99,1404000.0
2024-09-17,4,PT1H,MC-Centro,1438511.56,1398000.0
2024-09-17,5,PT1H,MC-Centro,1585901.82,1541000.0
2024-09-17,6,PT1H,MC-Centro,1835122.02,1775000.0
2024-09-17,7,PT1H,MC-Centro,1925327.8,1859000.0
2024-09-17,8,PT1H,MC-Centro,2030774.24,1979000.0
2024-09-17,9,PT1H,MC-Centro,2104227.49,2075000.0
2024-09-17,10,PT1H,MC-Centro,2145579.81,2121000.0
2024-09-17,11,PT1H,MC-Centro,2195486.5,2196000.0
2024-09-17,12,PT1H,MC-Centro,2238665.39,2235000.0
2024-09-17,13,PT1H,MC-Centro,2221417.94,2223000.0
2024-09-17,14,PT1H,MC-Centro,2184875.89,2166000.0
2024-09-17,15,PT1H,MC-Centro,2190144.59,2180000.0
2024-09-17,16,PT1H,MC-Centro,2197469.87,2173000.0
2024-09-17,17,PT1H,MC-Centro,2162310.84,2135000.0
2024-09-17,18,PT1H,MC-Centro,2136554.88,2097000.0
2024-09-17,19,PT1H,MC-Centro,2261063.99,2216000.0
2024-09-17,20,PT1H,MC-Centro,2259647.93,2248000.0
2024-09-17,21,PT1H,MC-Centro,2170963.97,2156000.0
2024-09-17,22,PT1H,MC-Centro,1991563.73,1952000.0
2024-09-17,23,PT1H,MC-Centro,1775845.31,1746000.0
2024-09-17,24,PT1H,MC-Centro,1635048.72,1608000.0
2025-12-30,1,PT1H,MC-Centro,1454794.21,1421000.0
2025-12-30,2,PT1H,MC-Centro,1386765.25,1365000.0
2025-12-30,3,PT1H,MC-Centro,1325953.22,1321000.0
2025-12-30,4,PT1H,MC-Centro,1308431.2,1321000.0
2025-12-30,5,PT1H,MC-Centro,1357990.65,1383000.0
2025-12-30,6,PT1H,MC-Centro,1440175.87,1475000.0
2025-12-30,7,PT1H,MC-Centro,1565123.07,1612000.0
2025-12-30,8,PT1H,MC-Centro,1722766.94,1763000.0
2025-12-30,9,PT1H,MC-Centro,1844238.85,1866000.0
2025-12-30,10,PT1H,MC-Centro,1902330.68,1921000.0
2025-12-30,11,PT1H,MC-Centro,1959406.96,1987000.0
2025-12-30,12,PT1H,MC-Centro,2008665.16,2037000.0
2025-12-30,13,PT1H,MC-Centro,2011425.62,2020000.0
2025-12-30,14,PT1H,MC-Centro,1969627.64,1987000.0
2025-12-30,15,PT1H,MC-Centro,1912272.95,1961000.0
2025-12-30,16,PT1H,MC-Centro,1884667.67,1941000.0
2025-12-30,17,PT1H,MC-Centro,1867082.87,1898000.0
2025-12-30,18,PT1H,MC-Centro,1859933.27,1905000.0
2025-12-30,19,PT1H,MC-Centro,1967683.31,1987000.0
2025-12-30,20,PT1H,MC-Centro,1970947.59,1961000.0
2025-12-30,21,PT1H,MC-Centro,1885059.69,1878000.0
2025-12-30,22,PT1H,MC-Centro,1769930.27,1770000.0
2025-12-30,23,PT1H,MC-Centro,1629523.61,1624000.0
2025-12-30,24,PT1H,MC-Centro,1466070.49,1521000.0
2025-04-14,14,PT1H,MC-Centro,2244605.12,2225000.0
2025-04-14,15,PT1H,MC-Centro,2180371.7,2223000.0
2025-04-14,16,PT1H,MC-Centro,2176545.94,2205000.0
2025-04-14,17,PT1H,MC-Centro,2169233.69,2154000.0
2025-04-14,18,PT1H,MC-Centro,2119398.83,2114000.0
2025-04-14,19,PT1H,MC-Centro,2229520.48,2241000.0
2025-04-14,20,PT1H,MC-Centro,2271251.16,2273000.0
2025-04-14,21,PT1H,MC-Centro,2197169.62,2191000.0
2025-04-14,22,PT1H,MC-Centro,2032854.39,2007000.0
2025-04-14,23,PT1H,MC-Centro,1823543.35,1794000.0
2025-04-14,24,PT1H,MC-Centro,1675606.32,1638000.0
2025-04-14,1,PT1H,MC-Centro,1429978.75,1385000.0
2025-04-14,2,PT1H,MC-Centro,1365957.57,1326000.0
2025-04-14,3,PT1H,MC-Centro,1318367.23,1286000.0
2025-04-14,4,PT1H,MC-Centro,1329303.13,1287000.0
2025-04-14,5,PT1H,MC-Centro,1415921.64,1382000.0
2025-04-14,6,PT1H,MC-Centro,1529592.97,1521000.0
2025-04-14,7,PT1H,MC-Centro,1718649.37,1727000.0
2025-04-14,8,PT1H,MC-Centro,1908318.48,1934000.0
2025-04-14,9,PT1H,MC-Centro,2058192.5,2061000.0
2025-04-14,10,PT1H,MC-Centro,2129171.8,2129000.0
2025-04-14,11,PT1H,MC-Centro,2216308.03,2217000.0
2025-04-14,12,PT1H,MC-Centro,2277564.14,2267000.0
2025-04-14,13,PT1H,MC-Centro,2292783.97,2265000.0
2026-01-17,1,PT1H,MC-Centro,1581463.76,1565000.0
2026-01-17,2,PT1H,MC-Centro,1493896.88,1495000.0
2026-01-17,3,PT1H,MC-Centro,1440155.28,1432000.0
2026-01-17,4,PT1H,MC-Centro,1418629.23,1417000.0
2026-01-17,5,PT1H,MC-Centro,1459334.08,1451000.0
2026-01-17,6,PT1H,MC-Centro,1528409.36,1492000.0
2026-01-17,7,PT1H,MC-Centro,1650750.13,1623000.0
2026-01-17,8,PT1H,MC-Centro,1813586.65,1758000.0
2026-01-17,9,PT1H,MC-Centro,1962102.78,1893000.0
2026-01-17,10,PT1H,MC-Centro,2044008.01,1990000.0
2026-01-17,11,PT1H,MC-Centro,2107888.88,2059000.0
2026-01-17,12,PT1H,MC-Centro,2155429.54,2089000.0
2026-01-17,13,PT1H,MC-Centro,2116952.16,2072000.0
2026-01-17,14,PT1H,MC-Centro,2068660.16,2018000.0
2026-01-17,15,PT1H,MC-Centro,2003006.02,1959000.0
2026-01-17,16,PT1H,MC-Centro,1968210.09,1930000.0
2026-01-17,17,PT1H,MC-Centro,1926259.45,1905000.0
2026-01-17,18,PT1H,MC-Centro,1919215.45,1910000.0
2026-01-17,19,PT1H,MC-Centro,2037563.25,2023000.0
2026-01-17,20,PT1H,MC-Centro,2062201.28,2023000.0
2026-01-17,21,PT1H,MC-Centro,1984348.31,1942000.0
2026-01-17,22,PT1H,MC-Centro,1840091.64,1810000.0
2026-01-17,23,PT1H,MC-Centro,1689489.49,1663000.0
2026-01-17,24,PT1H,MC-Centro,1555631.34,1537000.0
2024-09-25,1,PT1H,MC-Centro,1534450.77,1549000.0
2024-09-25,2,PT1H,MC-Centro,1475324.48,1488000.0
2024-09-25,3,PT1H,MC-Centro,1432854.16,1443000.0
2024-09-25,4,PT1H,MC-Centro,1450075.29,1447000.0
2024-09-25,5,PT1H,MC-Centro,1594645.84,1586000.0
2024-09-25,6,PT1H,MC-Centro,1828642.82,1825000.0
2024-09-25,7,PT1H,MC-Centro,1919037.71,1910000.0
2024-09-25,8,PT1H,MC-Centro,2024282.17,2018000.0
2024-09-25,9,PT1H,MC-Centro,2093160.71,2108000.0
2024-09-25,10,PT1H,MC-Centro,2148661.35,2153000.0
2024-09-25,11,PT1H,MC-Centro,2214619.73,2219000.0
2024-09-25,12,PT1H,MC-Centro,2223207.02,2261000.0
2024-09-25,13,PT1H,MC-Centro,2244807.5,2252000.0
2024-09-25,14,PT1H,MC-Centro,2201097.17,2219000.0
2024-09-25,15,PT1H,MC-Centro,2220304.01,2230000.0
2024-09-25,16,PT1H,MC-Centro,2222285.96,2224000.0
2024-09-25,17,PT1H,MC-Centro,2174576.5,2182000.0
2024-09-25,18,PT1H,MC-Centro,2162439.26,2164000.0
2024-09-25,19,PT1H,MC-Centro,2259083.25,2282000.0
2024-09-25,20,PT1H,MC-Centro,2249403.52,2293000.0
2024-09-25,21,PT1H,MC-Centro,2161958.47,2196000.0
2024-09-25,22,PT1H,MC-Centro,1983360.89,2012000.0
2024-09-25,23,PT1H,MC-Centro,1769791.04,1802000.0
2024-09-25,24,PT1H,MC-Centro,1658772.76,1657000.0
2024-10-10,1,PT1H,MC-Centro,1547160.17,1534000.0
2024-10-10,2,PT1H,MC-Centro,1504401.88,1477000.0
2024-10-10,3,PT1H,MC-Centro,1434615.56,1430000.0
2024-10-10,4,PT1H,MC-Centro,1437198.67,1439000.0
2024-10-10,5,PT1H,MC-Centro,1520496.67,1547000.0
2024-10-10,6,PT1H,MC-Centro,1644788.26,1665000.0
2024-10-10,7,PT1H,MC-Centro,1823664.62,1834000.0
2024-10-10,8,PT1H,MC-Centro,2014072.13,2005000.0
2024-10-10,9,PT1H,MC-Centro,2109963.73,2088000.0
2024-10-10,10,PT1H,MC-Centro,2156029.63,2139000.0
2024-10-10,11,PT1H,MC-Centro,2224849.24,2192000.0
2024-10-10,12,PT1H,MC-Centro,2264907.26,2239000.0
2024-10-10,13,PT1H,MC-Centro,2265920.78,2236000.0
2024-10-10,14,PT1H,MC-Centro,2237008.72,2192000.0
2024-10-10,15,PT1H,MC-Centro,2221443.3,2190000.0
2024-10-10,16,PT1H,MC-Centro,2208473.1,2189000.0
2024-10-10,17,PT1H,MC-Centro,2172073.39,2162000.0
2024-10-10,18,PT1H,MC-Centro,2163067.31,2153000.0
2024-10-10,19,PT1H,MC-Centro,2258249.62,2260000.0
2024-10-10,20,PT1H,MC-Centro,2239213.29,2254000.0
2024-10-10,21,PT1H,MC-Centro,2128855.78,2159000.0
2024-10-10,22,PT1H,MC-Centro,1957066.82,1976000.0
2024-10-10,23,PT1H,MC-Centro,1773846.22,1774000.0
2024-10-10,24,PT1H,MC-Centro,1642578.95,1630000.0
2024-08-29,1,PT1H,MC-Centro,1512972.26,1525000.0
2024-08-29,2,PT1H,MC-Centro,1447816.79,1463000.0
2024-08-29,3,PT1H,MC-Centro,1402738.95,1411000.0
2024-08-29,4,PT1H,MC-Centro,1408448.62,1416000.0
2024-08-29,5,PT1H,MC-Centro,1557515.06,1557000.0
2024-08-29,6,PT1H,MC-Centro,1797840.78,1799000.0
2024-08-29,7,PT1H,MC-Centro,1852481.35,1887000.0
2024-08-29,8,PT1H,MC-Centro,1978855.33,2004000.0
2024-08-29,9,PT1H,MC-Centro,2065054.56,2082000.0
2024-08-29,10,PT1H,MC-Centro,2105385.49,2127000.0
2024-08-29,11,PT1H,MC-Centro,2167374.03,2179000.0
2024-08-29,12,PT1H,MC-Centro,2221447.16,2229000.0
2024-08-29,13,PT1H,MC-Centro,2203995.86,2217000.0
2024-08-29,14,PT1H,MC-Centro,2158202.8,2182000.0
2024-08-29,15,PT1H,MC-Centro,2149495.71,2191000.0
2024-08-29,16,PT1H,MC-Centro,2136333.12,2194000.0
2024-08-29,17,PT1H,MC-Centro,2113591.07,2150000.0
2024-08-29,18,PT1H,MC-Centro,2088207.46,2120000.0
2024-08-29,19,PT1H,MC-Centro,2208206.83,2246000.0
2024-08-29,20,PT1H,MC-Centro,2222119.48,2262000.0
2024-08-29,21,PT1H,MC-Centro,2128356.85,2172000.0
2024-08-29,22,PT1H,MC-Centro,1937504.97,1992000.0
2024-08-29,23,PT1H,MC-Centro,1726731.76,1785000.0
2024-08-29,24,PT1H,MC-Centro,1586656.74,1636000.0
2025-01-27,1,PT1H,MC-Centro,1371835.94,1395000.0
2025-01-27,2,PT1H,MC-Centro,1320878.05,1329000.0
2025-01-27,3,PT1H,MC-Centro,1292177.84,1291000.0
2025-01-27,4,PT1H,MC-Centro,1316374.91,1309000.0
2025-01-27,5,PT1H,MC-Centro,1452603.32,1425000.0
2025-01-27,6,PT1H,MC-Centro,1642355.91,1635000.0
2025-01-27,7,PT1H,MC-Centro,1803468.97,1775000.0
2025-01-27,8,PT1H,MC-Centro,1955763.6,1925000.0
2025-01-27,9,PT1H,MC-Centro,2069962.16,2043000.0
2025-01-27,10,PT1H,MC-Centro,2148013.0,2114000.0
2025-01-27,11,PT1H,MC-Centro,2205086.77,2189000.0
2025-01-27,12,PT1H,MC-Centro,2252522.1,2242000.0
2025-01-27,13,PT1H,MC-Centro,2248111.97,2248000.0
2025-01-27,14,PT1H,MC-Centro,2217422.69,2212000.0
2025-01-27,15,PT1H,MC-Centro,2190257.85,2206000.0
2025-01-27,16,PT1H,MC-Centro,2163165.71,2188000.0
2025-01-27,17,PT1H,MC-Centro,2116121.3,2153000.0
2025-01-27,18,PT1H,MC-Centro,2081233.58,2135000.0
2025-01-27,19,PT1H,MC-Centro,2202652.44,2245000.0
2025-01-27,20,PT1H,MC-Centro,2229570.68,2249000.0
2025-01-27,21,PT1H,MC-Centro,2152131.75,2163000.0
2025-01-27,22,PT1H,MC-Centro,1956742.41,1983000.0
2025-01-27,23,PT1H,MC-Centro,1746267.12,1778000.0
2025-01-27,24,PT1H,MC-Centro,1567850.84,1633000.0
2025-04-17,1,PT1H,MC-Centro,1445157.35,1386000.0
2025-04-17,2,PT1H,MC-Centro,1373343.84,1309000.0
2025-04-17,3,PT1H,MC-Centro,1316134.63,1259000.0
2025-04-17,4,PT1H,MC-Centro,1286788.59,1229000.0
2025-04-17,5,PT1H,MC-Centro,1287172.6,1235000.0
2025-04-17,6,PT1H,MC-Centro,1265376.18,1226000.0
2025-04-17,7,PT1H,MC-Centro,1280432.2,1234000.0
2025-04-17,8,PT1H,MC-Centro,1385802.96,1341000.0
2025-04-17,9,PT1H,MC-Centro,1499072.54,1452000.0
2025-04-17,10,PT1H,MC-Centro,1584679.41,1547000.0
2025-04-17,11,PT1H,MC-Centro,1674549.26,1629000.0
2025-04-17,12,PT1H,MC-Centro,1720237.24,1680000.0
2025-04-17,13,PT1H,MC-Centro,1756582.61,1706000.0
2025-04-17,14,PT1H,MC-Centro,1723171.27,1672000.0
2025-04-17,15,PT1H,MC-Centro,1668513.99,1613000.0
2025-04-17,16,PT1H,MC-Centro,1632086.42,1563000.0
2025-04-17,17,PT1H,MC-Centro,1599021.18,1532000.0
2025-04-17,18,PT1H,MC-Centro,1588479.48,1546000.0
2025-04-17,19,PT1H,MC-Centro,1741336.9,1687000.0
2025-04-17,20,PT1H,MC-Centro,1778206.71,1708000.0
2025-04-17,21,PT1H,MC-Centro,1715777.45,1661000.0
2025-04-17,22,PT1H,MC-Centro,1615698.92,1565000.0
2025-04-17,23,PT1H,MC-Centro,1499483.67,1444000.0
2025-04-17,24,PT1H,MC-Centro,1375922.48,1336000.0
2025-02-15,1,PT1H,MC-Centro,1570656.41,1595000.0
2025-02-15,2,PT1H,MC-Centro,1500979.77,1517000.0
2025-02-15,3,PT1H,MC-Centro,1457549.15,1463000.0
2025-02-15,4,PT1H,MC-Centro,1437742.35,1449000.0
2025-02-15,5,PT1H,MC-Centro,1478786.18,1482000.0
2025-02-15,6,PT1H,MC-Centro,1566603.5,1565000.0
2025-02-15,7,PT1H,MC-Centro,1708988.87,1704000.0
2025-02-15,8,PT1H,MC-Centro,1877556.59,1886000.0
2025-02-15,9,PT1H,MC-Centro,1982036.38,2005000.0
2025-02-15,10,PT1H,MC-Centro,2078177.4,2072000.0
2025-02-15,11,PT1H,MC-Centro,2133958.35,2131000.0
2025-02-15,12,PT1H,MC-Centro,2143859.96,2153000.0
2025-02-15,13,PT1H,MC-Centro,2115840.55,2131000.0
2025-02-15,14,PT1H,MC-Centro,2038330.5,2069000.0
2025-02-15,15,PT1H,MC-Centro,1981627.17,2003000.0
2025-02-15,16,PT1H,MC-Centro,1958358.67,1976000.0
2025-02-15,17,PT1H,MC-Centro,1923141.66,1933000.0
2025-02-15,18,PT1H,MC-Centro,1918073.12,1939000.0
2025-02-15,19,PT1H,MC-Centro,2022421.43,2036000.0
2025-02-15,20,PT1H,MC-Centro,2019054.3,2036000.0
2025-02-15,21,PT1H,MC-Centro,1943250.16,1948000.0
2025-02-15,22,PT1H,MC-Centro,1820896.01,1824000.0
2025-02-15,23,PT1H,MC-Centro,1657636.46,1666000.0
2025-02-15,24,PT1H,MC-Centro,1535639.03,1529000.0
2025-04-11,1,PT1H,MC-Centro,1567784.88,1563000.0
2025-04-11,2,PT1H,MC-Centro,1498745.52,1495000.0
2025-04-11,3,PT1H,MC-Centro,1457366.44,1445000.0
2025-04-11,4,PT1H,MC-Centro,1461908.01,1451000.0
2025-04-11,5,PT1H,MC-Centro,1575977.43,1581000.0
2025-04-11,6,PT1H,MC-Centro,1796712.28,1827000.0
2025-04-11,7,PT1H,MC-Centro,1903722.08,1917000.0
2025-04-11,8,PT1H,MC-Centro,2026484.38,2042000.0
2025-04-11,9,PT1H,MC-Centro,2149318.29,2133000.0
2025-04-11,10,PT1H,MC-Centro,2204522.64,2173000.0
2025-04-11,11,PT1H,MC-Centro,2250448.32,2232000.0
2025-04-11,12,PT1H,MC-Centro,2274750.38,2279000.0
2025-04-11,13,PT1H,MC-Centro,2270835.02,2263000.0
2025-04-11,14,PT1H,MC-Centro,2229871.7,2219000.0
2025-04-11,15,PT1H,MC-Centro,2228924.77,2209000.0
2025-04-11,16,PT1H,MC-Centro,2204177.76,2204000.0
2025-04-11,17,PT1H,MC-Centro,2174272.8,2162000.0
2025-04-11,18,PT1H,MC-Centro,2129779.76,2125000.0
2025-04-11,19,PT1H,MC-Centro,2220054.09,2231000.0
2025-04-11,20,PT1H,MC-Centro,2232264.66,2246000.0
2025-04-11,21,PT1H,MC-Centro,2163901.94,2172000.0
2025-04-11,22,PT1H,MC-Centro,2010339.89,2007000.0
2025-04-11,23,PT1H,MC-Centro,1824679.21,1826000.0
2025-04-11,24,PT1H,MC-Centro,1678798.87,1684000.0
2026-02-26,1,PT1H,MC-Centro,1575322.89,1566000.0
2026-02-26,2,PT1H,MC-Centro,1509662.88,1510000.0
2026-02-26,3,PT1H,MC-Centro,1470567.69,1466000.0
2026-02-26,4,PT1H,MC-Centro,1475634.71,1488000.0
2026-02-26,5,PT1H,MC-Centro,1649547.23,1659000.0
2026-02-26,6,PT1H,MC-Centro,1919152.82,1914000.0
2026-02-26,7,PT1H,MC-Centro,1970503.78,1999000.0
2026-02-26,8,PT1H,MC-Centro,2079336.96,2119000.0
2026-02-26,9,PT1H,MC-Centro,2157804.36,2212000.0
2026-02-26,10,PT1H,MC-Centro,2202182.18,2255000.0
2026-02-26,11,PT1H,MC-Centro,2264987.74,2321000.0
2026-02-26,12,PT1H,MC-Centro,2305552.28,2350000.0
2026-02-26,13,PT1H,MC-Centro,2291792.51,2341000.0
2026-02-26,14,PT1H,MC-Centro,2256731.97,2301000.0
2026-02-26,15,PT1H,MC-Centro,2286046.39,2306000.0
2026-02-26,16,PT1H,MC-Centro,2279149.71,2282000.0
2026-02-26,17,PT1H,MC-Centro,2275906.33,2218000.0
2026-02-26,18,PT1H,MC-Centro,2230205.6,2195000.0
2026-02-26,19,PT1H,MC-Centro,2342450.3,2329000.0
2026-02-26,20,PT1H,MC-Centro,2355289.33,2361000.0
2026-02-26,21,PT1H,MC-Centro,2242452.99,2249000.0
2026-02-26,22,PT1H,MC-Centro,2051094.12,2053000.0
2026-02-26,23,PT1H,MC-Centro,1848619.59,1847000.0
2026-02-26,24,PT1H,MC-Centro,1677976.3,1710000.0
2025-04-26,1,PT1H,MC-Centro,1571683.88,1572000.0
2025-04-26,2,PT1H,MC-Centro,1501527.38,1500000.0
2025-04-26,3,PT1H,MC-Centro,1447772.73,1452000.0
2025-04-26,4,PT1H,MC-Centro,1433474.67,1435000.0
2025-04-26,5,PT1H,MC-Centro,1468479.83,1470000.0
2025-04-26,6,PT1H,MC-Centro,1527364.71,1529000.0
2025-04-26,7,PT1H,MC-Centro,1667478.21,1676000.0
2025-04-26,8,PT1H,MC-Centro,1841394.93,1859000.0
2025-04-26,9,PT1H,MC-Centro,1992994.55,1996000.0
2025-04-26,10,PT1H,MC-Centro,2060077.55,2079000.0
2025-04-26,11,PT1H,MC-Centro,2142693.98,2151000.0
2025-04-26,12,PT1H,MC-Centro,2176756.71,2180000.0
2025-04-26,13,PT1H,MC-Centro,2160563.27,2150000.0
2025-04-26,14,PT1H,MC-Centro,2103366.04,2091000.0
2025-04-26,15,PT1H,MC-Centro,2039101.12,2028000.0
2025-04-26,16,PT1H,MC-Centro,1993350.63,1986000.0
2025-04-26,17,PT1H,MC-Centro,1958617.15,1952000.0
2025-04-26,18,PT1H,MC-Centro,1943181.34,1946000.0
2025-04-26,19,PT1H,MC-Centro,2051474.67,2056000.0
2025-04-26,20,PT1H,MC-Centro,2045116.79,2061000.0
2025-04-26,21,PT1H,MC-Centro,1971907.11,1983000.0
2025-04-26,22,PT1H,MC-Centro,1841857.39,1849000.0
2025-04-26,23,PT1H,MC-Centro,1685398.14,1695000.0
2025-04-26,24,PT1H,MC-Centro,1540520.37,1553000.0
2025-03-09,1,PT1H,MC-Centro,1410064.72,1410000.0
2025-03-09,2,PT1H,MC-Centro,1343755.89,1345000.0
2025-03-09,3,PT1H,MC-Centro,1295451.48,1288000.0
2025-03-09,4,PT1H,MC-Centro,1258936.72,1256000.0
2025-03-09,5,PT1H,MC-Centro,1246738.82,1256000.0
2025-03-09,6,PT1H,MC-Centro,1258001.0,1268000.0
2025-03-09,7,PT1H,MC-Centro,1281991.69,1308000.0
2025-03-09,8,PT1H,MC-Centro,1439577.01,1449000.0
2025-03-09,9,PT1H,MC-Centro,1535435.99,1564000.0
2025-03-09,10,PT1H,MC-Centro,1636772.63,1664000.0
2025-03-09,11,PT1H,MC-Centro,1711077.53,1744000.0
2025-03-09,12,PT1H,MC-Centro,1758931.66,1781000.0
2025-03-09,13,PT1H,MC-Centro,1752282.95,1800000.0
2025-03-09,14,PT1H,MC-Centro,1757036.14,1777000.0
2025-03-09,15,PT1H,MC-Centro,1716120.67,1728000.0
2025-03-09,16,PT1H,MC-Centro,1679463.07,1699000.0
2025-03-09,17,PT1H,MC-Centro,1650712.98,1687000.0
2025-03-09,18,PT1H,MC-Centro,1692637.56,1724000.0
2025-03-09,19,PT1H,MC-Centro,1854391.5,1885000.0
2025-03-09,20,PT1H,MC-Centro,1923895.68,1934000.0
2025-03-09,21,PT1H,MC-Centro,1859334.42,1859000.0
2025-03-09,22,PT1H,MC-Centro,1732474.35,1730000.0
2025-03-09,23,PT1H,MC-Centro,1568672.58,1587000.0
2025-03-09,24,PT1H,MC-Centro,1453405.58,1466000.0
2025-10-06,1,PT1H,MC-Centro,2732960.68,2732000.0
2025-10-06,2,PT1H,MC-Centro,2641189.48,2614000.0
2025-10-06,3,PT1H,MC-Centro,2554504.36,2544000.0
2025-10-06,4,PT1H,MC-Centro,2579299.62,2582000.0
2025-10-06,5,PT1H,MC-Centro,2776573.58,2830000.0
2025-10-06,6,PT1H,MC-Centro,3062988.94,3204000.0
2025-10-06,7,PT1H,MC-Centro,3474620.44,3570000.0
2025-10-06,8,PT1H,MC-Centro,3848900.2,3886000.0
2025-10-06,9,PT1H,MC-Centro,4166421.2,4164000.0
2025-10-06,10,PT1H,MC-Centro,4347143.28,4320000.0
2025-10-06,11,PT1H,MC-Centro,4525420.98,4486000.0
2025-10-06,12,PT1H,MC-Centro,4672538.56,4580000.0
2025-10-06,13,PT1H,MC-Centro,4648072.4,4556000.0
2025-10-06,14,PT1H,MC-Centro,4530628.5,4466000.0
2025-10-06,15,PT1H,MC-Centro,4531003.56,4472000.0
2025-10-06,16,PT1H,MC-Centro,4508963.46,4444000.0
2025-10-06,17,PT1H,MC-Centro,4376416.44,4352000.0
2025-10-06,18,PT1H,MC-Centro,4370675.92,4292000.0
2025-10-06,19,PT1H,MC-Centro,4581101.38,4530000.0
2025-10-06,20,PT1H,MC-Centro,4566398.32,4558000.0
2025-10-06,21,PT1H,MC-Centro,4374946.62,4356000.0
2025-10-06,22,PT1H,MC-Centro,4007153.2,3974000.0
2025-10-06,23,PT1H,MC-Centro,3594506.58,3552000.0
2025-10-06,24,PT1H,MC-Centro,3291026.78,3274000.0
2025-03-07,1,PT1H,MC-Centro,1570493.03,1564000.0
2025-03-07,2,PT1H,MC-Centro,1499807.69,1504000.0
2025-03-07,3,PT1H,MC-Centro,1446249.36,1458000.0
2025-03-07,4,PT1H,MC-Centro,1460098.63,1465000.0
2025-03-07,5,PT1H,MC-Centro,1599503.13,1610000.0
2025-03-07,6,PT1H,MC-Centro,1853945.12,1839000.0
2025-03-07,7,PT1H,MC-Centro,1930133.16,1920000.0
2025-03-07,8,PT1H,MC-Centro,2042684.05,2044000.0
2025-03-07,9,PT1H,MC-Centro,2136665.26,2142000.0
2025-03-07,10,PT1H,MC-Centro,2173823.43,2189000.0
2025-03-07,11,PT1H,MC-Centro,2246431.59,2254000.0
2025-03-07,12,PT1H,MC-Centro,2294415.3,2282000.0
2025-03-07,13,PT1H,MC-Centro,2272165.17,2272000.0
2025-03-07,14,PT1H,MC-Centro,2247037.78,2241000.0
2025-03-07,15,PT1H,MC-Centro,2238015.28,2234000.0
2025-03-07,16,PT1H,MC-Centro,2233490.3,2214000.0
2025-03-07,17,PT1H,MC-Centro,2184425.23,2168000.0
2025-03-07,18,PT1H,MC-Centro,2142927.5,2148000.0
2025-03-07,19,PT1H,MC-Centro,2252202.68,2245000.0
2025-03-07,20,PT1H,MC-Centro,2253394.49,2251000.0
2025-03-07,21,PT1H,MC-Centro,2166044.73,2159000.0
2025-03-07,22,PT1H,MC-Centro,1988038.06,2002000.0
2025-03-07,23,PT1H,MC-Centro,1804480.43,1830000.0
2025-03-07,24,PT1H,MC-Centro,1671755.9,1686000.0
2024-08-13,1,PT1H,MC-Centro,1504029.45,1497000.0
2024-08-13,2,PT1H,MC-Centro,1440853.63,1432000.0
2024-08-13,3,PT1H,MC-Centro,1394080.76,1389000.0
2024-08-13,4,PT1H,MC-Centro,1392572.72,1386000.0
2024-08-13,5,PT1H,MC-Centro,1520873.33,1508000.0
2024-08-13,6,PT1H,MC-Centro,1764744.97,1751000.0
2024-08-13,7,PT1H,MC-Centro,1849463.8,1839000.0
2024-08-13,8,PT1H,MC-Centro,1979853.89,1972000.0
2024-08-13,9,PT1H,MC-Centro,2075028.76,2074000.0
2024-08-13,10,PT1H,MC-Centro,2113365.62,2125000.0
2024-08-13,11,PT1H,MC-Centro,2190901.97,2182000.0
2024-08-13,12,PT1H,MC-Centro,2214857.11,2218000.0
2024-08-13,13,PT1H,MC-Centro,2194079.64,2202000.0
2024-08-13,14,PT1H,MC-Centro,2150990.21,2153000.0
2024-08-13,15,PT1H,MC-Centro,2146223.04,2149000.0
2024-08-13,16,PT1H,MC-Centro,2140101.8,2138000.0
2024-08-13,17,PT1H,MC-Centro,2097065.02,2091000.0
2024-08-13,18,PT1H,MC-Centro,2078111.84,2054000.0
2024-08-13,19,PT1H,MC-Centro,2207470.17,2181000.0
2024-08-13,20,PT1H,MC-Centro,2245337.35,2219000.0
2024-08-13,21,PT1H,MC-Centro,2151206.59,2130000.0
2024-08-13,22,PT1H,MC-Centro,1959799.2,1942000.0
2024-08-13,23,PT1H,MC-Centro,1752197.03,1740000.0
2024-08-13,24,PT1H,MC-Centro,1605957.9,1595000.0
2025-11-28,1,PT1H,MC-Centro,1606094.59,1596210.0
2025-11-28,2,PT1H,MC-Centro,1533418.25,1534620.0
2025-11-28,3,PT1H,MC-Centro,1481849.37,1473620.0
2025-11-28,4,PT1H,MC-Centro,1482198.26,1475630.0
2025-11-28,5,PT1H,MC-Centro,1578282.81,1566140.0
2025-11-28,6,PT1H,MC-Centro,1731075.84,1691810.0
2025-11-28,7,PT1H,MC-Centro,1912653.79,1873630.0
2025-11-28,8,PT1H,MC-Centro,2078785.25,2057240.0
2025-11-28,9,PT1H,MC-Centro,2204241.31,2182100.0
2025-11-28,10,PT1H,MC-Centro,2243933.27,2241230.0
2025-11-28,11,PT1H,MC-Centro,2325108.86,2311010.0
2025-11-28,12,PT1H,MC-Centro,2386227.58,2357660.0
2025-11-28,13,PT1H,MC-Centro,2367037.52,2348350.0
2025-11-28,14,PT1H,MC-Centro,2321584.21,2297370.0
2025-11-28,15,PT1H,MC-Centro,2288734.82,2296220.0
2025-11-28,16,PT1H,MC-Centro,2264269.89,2289000.0
2025-11-28,17,PT1H,MC-Centro,2239041.05,2258090.0
2025-11-28,18,PT1H,MC-Centro,2261611.95,2262870.0
2025-11-28,19,PT1H,MC-Centro,2321086.29,2346980.0
2025-11-28,20,PT1H,MC-Centro,2267846.57,2318350.0
2025-11-28,21,PT1H,MC-Centro,2161237.25,2215110.0
2025-11-28,22,PT1H,MC-Centro,2024791.19,2045400.0
2025-11-28,23,PT1H,MC-Centro,1852770.66,1866750.0
2025-11-28,24,PT1H,MC-Centro,1698594.82,1723430.0
2024-08-02,1,PT1H,MC-Centro,1513095.61,1529000.0
2024-08-02,2,PT1H,MC-Centro,1455109.57,1464000.0
2024-08-02,3,PT1H,MC-Centro,1407702.07,1413000.0
2024-08-02,4,PT1H,MC-Centro,1409687.48,1408000.0
2024-08-02,5,PT1H,MC-Centro,1536082.3,1529000.0
2024-08-02,6,PT1H,MC-Centro,1775753.02,1746000.0
2024-08-02,7,PT1H,MC-Centro,1861119.98,1845000.0
2024-08-02,8,PT1H,MC-Centro,1982445.05,1978000.0
2024-08-02,9,PT1H,MC-Centro,2057663.19,2082000.0
2024-08-02,10,PT1H,MC-Centro,2109009.78,2145000.0
2024-08-02,11,PT1H,MC-Centro,2174997.74,2220000.0
2024-08-02,12,PT1H,MC-Centro,2215248.69,2268000.0
2024-08-02,13,PT1H,MC-Centro,2200347.02,2246000.0
2024-08-02,14,PT1H,MC-Centro,2168198.63,2206000.0
2024-08-02,15,PT1H,MC-Centro,2157784.79,2197000.0
2024-08-02,16,PT1H,MC-Centro,2141795.89,2168000.0
2024-08-02,17,PT1H,MC-Centro,2100828.04,2124000.0
2024-08-02,18,PT1H,MC-Centro,2045567.08,2090000.0
2024-08-02,19,PT1H,MC-Centro,2160342.68,2181000.0
2024-08-02,20,PT1H,MC-Centro,2182603.53,2196000.0
2024-08-02,21,PT1H,MC-Centro,2108415.84,2115000.0
2024-08-02,22,PT1H,MC-Centro,1943389.69,1955000.0
2024-08-02,23,PT1H,MC-Centro,1760738.37,1778000.0
2024-08-02,24,PT1H,MC-Centro,1635656.09,1649000.0
2026-01-09,1,PT1H,MC-Centro,1502739.97,1457000.0
2026-01-09,2,PT1H,MC-Centro,1440518.13,1390000.0
2026-01-09,3,PT1H,MC-Centro,1393565.91,1349000.0
2026-01-09,4,PT1H,MC-Centro,1385808.15,1352000.0
2026-01-09,5,PT1H,MC-Centro,1447973.08,1435000.0
2026-01-09,6,PT1H,MC-Centro,1541101.89,1517000.0
2026-01-09,7,PT1H,MC-Centro,1682835.51,1677000.0
2026-01-09,8,PT1H,MC-Centro,1844935.41,1848000.0
2026-01-09,9,PT1H,MC-Centro,1946568.2,1937000.0
2026-01-09,10,PT1H,MC-Centro,2015135.88,2000000.0
2026-01-09,11,PT1H,MC-Centro,2094534.24,2075000.0
2026-01-09,12,PT1H,MC-Centro,2161510.84,2126000.0
2026-01-09,13,PT1H,MC-Centro,2174631.56,2133000.0
2026-01-09,14,PT1H,MC-Centro,2139967.57,2092000.0
2026-01-09,15,PT1H,MC-Centro,2123946.43,2104000.0
2026-01-09,16,PT1H,MC-Centro,2097882.01,2110000.0
2026-01-09,17,PT1H,MC-Centro,2061764.64,2102000.0
2026-01-09,18,PT1H,MC-Centro,2056892.33,2091000.0
2026-01-09,19,PT1H,MC-Centro,2171501.56,2178000.0
2026-01-09,20,PT1H,MC-Centro,2164272.28,2182000.0
2026-01-09,21,PT1H,MC-Centro,2073613.53,2097000.0
2026-01-09,22,PT1H,MC-Centro,1918600.56,1942000.0
2026-01-09,23,PT1H,MC-Centro,1777066.69,1766000.0
2026-01-09,24,PT1H,MC-Centro,1638725.89,1644000.0
2025-03-10,1,PT1H,MC-Centro,1382509.58,1381000.0
2025-03-10,2,PT1H,MC-Centro,1316973.38,1320000.0
2025-03-10,3,PT1H,MC-Centro,1283689.91,1290000.0
2025-03-10,4,PT1H,MC-Centro,1306524.15,1320000.0
2025-03-10,5,PT1H,MC-Centro,1466131.84,1487000.0
2025-03-10,6,PT1H,MC-Centro,1735031.64,1735000.0
2025-03-10,7,PT1H,MC-Centro,1825868.04,1838000.0
2025-03-10,8,PT1H,MC-Centro,1964526.21,1972000.0
2025-03-10,9,PT1H,MC-Centro,2060504.16,2073000.0
2025-03-10,10,PT1H,MC-Centro,2119651.08,2121000.0
2025-03-10,11,PT1H,MC-Centro,2183113.76,2197000.0
2025-03-10,12,PT1H,MC-Centro,2231623.95,2225000.0
2025-03-10,13,PT1H,MC-Centro,2217466.37,2222000.0
2025-03-10,14,PT1H,MC-Centro,2193244.53,2197000.0
2025-03-10,15,PT1H,MC-Centro,2193245.39,2201000.0
2025-03-10,16,PT1H,MC-Centro,2190942.26,2183000.0
2025-03-10,17,PT1H,MC-Centro,2150689.26,2134000.0
2025-03-10,18,PT1H,MC-Centro,2112810.37,2102000.0
2025-03-10,19,PT1H,MC-Centro,2230292.85,2225000.0
2025-03-10,20,PT1H,MC-Centro,2256783.6,2263000.0
2025-03-10,21,PT1H,MC-Centro,2166938.91,2164000.0
2025-03-10,22,PT1H,MC-Centro,1974735.9,1969000.0
2025-03-10,23,PT1H,MC-Centro,1748464.11,1769000.0
2025-03-10,24,PT1H,MC-Centro,1612159.03,1616000.0
2025-04-30,1,PT1H,MC-Centro,1537105.9,1542520.0
2025-04-30,2,PT1H,MC-Centro,1470492.72,1481540.0
2025-04-30,3,PT1H,MC-Centro,1432981.54,1437420.0
2025-04-30,4,PT1H,MC-Centro,1437295.7,1436390.0
2025-04-30,5,PT1H,MC-Centro,1571741.42,1563310.0
2025-04-30,6,PT1H,MC-Centro,1819152.61,1822030.0
2025-04-30,7,PT1H,MC-Centro,1915625.63,1905240.0
2025-04-30,8,PT1H,MC-Centro,2022234.31,2015660.0
2025-04-30,9,PT1H,MC-Centro,2114990.28,2102310.0
2025-04-30,10,PT1H,MC-Centro,2151957.98,2147540.0
2025-04-30,11,PT1H,MC-Centro,2223653.49,2210710.0
2025-04-30,12,PT1H,MC-Centro,2253001.83,2258790.0
2025-04-30,13,PT1H,MC-Centro,2228930.17,2254420.0
2025-04-30,14,PT1H,MC-Centro,2191748.6,2216460.0
2025-04-30,15,PT1H,MC-Centro,2194225.76,2208750.0
2025-04-30,16,PT1H,MC-Centro,2194512.83,2184460.0
2025-04-30,17,PT1H,MC-Centro,2138743.95,2149960.0
2025-04-30,18,PT1H,MC-Centro,2075168.87,2107060.0
2025-04-30,19,PT1H,MC-Centro,2187980.39,2226210.0
2025-04-30,20,PT1H,MC-Centro,2200034.58,2254500.0
2025-04-30,21,PT1H,MC-Centro,2116498.2,2175520.0
2025-04-30,22,PT1H,MC-Centro,1953882.29,1998520.0
2025-04-30,23,PT1H,MC-Centro,1778354.24,1791550.0
2025-04-30,24,PT1H,MC-Centro,1638771.32,1634500.0
2025-05-27,1,PT1H,MC-Centro,1524866.15,1533000.0
2025-05-27,2,PT1H,MC-Centro,1465373.47,1473000.0
2025-05-27,3,PT1H,MC-Centro,1421829.38,1433000.0
2025-05-27,4,PT1H,MC-Centro,1421290.61,1436000.0
2025-05-27,5,PT1H,MC-Centro,1551231.41,1564000.0
2025-05-27,6,PT1H,MC-Centro,1796184.11,1812000.0
2025-05-27,7,PT1H,MC-Centro,1900865.46,1894000.0
2025-05-27,8,PT1H,MC-Centro,2020085.83,2005000.0
2025-05-27,9,PT1H,MC-Centro,2115933.84,2106000.0
2025-05-27,10,PT1H,MC-Centro,2179160.58,2155000.0
2025-05-27,11,PT1H,MC-Centro,2251221.41,2216000.0
2025-05-27,12,PT1H,MC-Centro,2293638.68,2266000.0
2025-05-27,13,PT1H,MC-Centro,2268052.06,2260000.0
2025-05-27,14,PT1H,MC-Centro,2216499.18,2208000.0
2025-05-27,15,PT1H,MC-Centro,2213988.74,2211000.0
2025-05-27,16,PT1H,MC-Centro,2207833.98,2211000.0
2025-05-27,17,PT1H,MC-Centro,2168623.86,2176000.0
2025-05-27,18,PT1H,MC-Centro,2125752.48,2141000.0
2025-05-27,19,PT1H,MC-Centro,2238405.42,2268000.0
2025-05-27,20,PT1H,MC-Centro,2256666.62,2287000.0
2025-05-27,21,PT1H,MC-Centro,2170811.87,2203000.0
2025-05-27,22,PT1H,MC-Centro,1982434.62,2017000.0
2025-05-27,23,PT1H,MC-Centro,1764472.09,1803000.0
2025-05-27,24,PT1H,MC-Centro,1611103.72,1651000.0
2025-10-23,1,PT1H,MC-Centro,3112617.0,3122000.0
2025-10-23,2,PT1H,MC-Centro,2972641.02,2984000.0
2025-10-23,3,PT1H,MC-Centro,2890207.14,2890000.0
2025-10-23,4,PT1H,MC-Centro,2916886.74,2910000.0
2025-10-23,5,PT1H,MC-Centro,3225961.62,3208000.0
2025-10-23,6,PT1H,MC-Centro,3706596.22,3716000.0
2025-10-23,7,PT1H,MC-Centro,3901861.64,3896000.0
2025-10-23,8,PT1H,MC-Centro,4105588.38,4106000.0
2025-10-23,9,PT1H,MC-Centro,4267484.88,4306000.0
2025-10-23,10,PT1H,MC-Centro,4344639.36,4412000.0
2025-10-23,11,PT1H,MC-Centro,4503095.5,4528000.0
2025-10-23,12,PT1H,MC-Centro,4572716.36,4590000.0
2025-10-23,13,PT1H,MC-Centro,4570765.74,4552000.0
2025-10-23,14,PT1H,MC-Centro,4497774.22,4474000.0
2025-10-23,15,PT1H,MC-Centro,4553804.46,4474000.0
2025-10-23,16,PT1H,MC-Centro,4551323.08,4478000.0
2025-10-23,17,PT1H,MC-Centro,4454576.68,4412000.0
2025-10-23,18,PT1H,MC-Centro,4511921.68,4440000.0
2025-10-23,19,PT1H,MC-Centro,4682552.88,4692000.0
2025-10-23,20,PT1H,MC-Centro,4622723.52,4678000.0
2025-10-23,21,PT1H,MC-Centro,4397336.5,4474000.0
2025-10-23,22,PT1H,MC-Centro,4027590.0,4094000.0
2025-10-23,23,PT1H,MC-Centro,3630879.56,3668000.0
2025-10-23,24,PT1H,MC-Centro,3357943.96,3376000.0
2025-08-27,1,PT1H,MC-Centro,1528506.13,1523000.0
2025-08-27,2,PT1H,MC-Centro,1470792.57,1468000.0
2025-08-27,3,PT1H,MC-Centro,1423460.92,1423000.0
2025-08-27,4,PT1H,MC-Centro,1433729.07,1428000.0
2025-08-27,5,PT1H,MC-Centro,1586582.75,1568000.0
2025-08-27,6,PT1H,MC-Centro,1845727.42,1825000.0
2025-08-27,7,PT1H,MC-Centro,1941825.17,1920000.0
2025-08-27,8,PT1H,MC-Centro,2043923.53,2028000.0
2025-08-27,9,PT1H,MC-Centro,2149221.33,2128000.0
2025-08-27,10,PT1H,MC-Centro,2194761.12,2176000.0
2025-08-27,11,PT1H,MC-Centro,2258395.53,2249000.0
2025-08-27,12,PT1H,MC-Centro,2301334.59,2292000.0
2025-08-27,13,PT1H,MC-Centro,2248192.47,2275000.0
2025-08-27,14,PT1H,MC-Centro,2204309.48,2223000.0
2025-08-27,15,PT1H,MC-Centro,2205730.65,2237000.0
2025-08-27,16,PT1H,MC-Centro,2200061.74,2225000.0
2025-08-27,17,PT1H,MC-Centro,2165853.21,2188000.0
2025-08-27,18,PT1H,MC-Centro,2124543.9,2150000.0
2025-08-27,19,PT1H,MC-Centro,2266125.2,2275000.0
2025-08-27,20,PT1H,MC-Centro,2286843.58,2317000.0
2025-08-27,21,PT1H,MC-Centro,2183660.95,2220000.0
2025-08-27,22,PT1H,MC-Centro,1995169.93,2027000.0
2025-08-27,23,PT1H,MC-Centro,1783426.02,1809000.0
2025-08-27,24,PT1H,MC-Centro,1632321.41,1656000.0
2026-01-08,1,PT1H,MC-Centro,1498374.42,1462630.0
2026-01-08,2,PT1H,MC-Centro,1428713.84,1402370.0
2026-01-08,3,PT1H,MC-Centro,1376129.32,1359670.0
2026-01-08,4,PT1H,MC-Centro,1368822.97,1351620.0
2026-01-08,5,PT1H,MC-Centro,1429853.16,1416310.0
2026-01-08,6,PT1H,MC-Centro,1537908.0,1525570.0
2026-01-08,7,PT1H,MC-Centro,1681454.62,1674790.0
2026-01-08,8,PT1H,MC-Centro,1844290.51,1821760.0
2026-01-08,9,PT1H,MC-Centro,1958708.67,1929970.0
2026-01-08,10,PT1H,MC-Centro,2025762.44,2005000.0
2026-01-08,11,PT1H,MC-Centro,2096845.06,2069070.0
2026-01-08,12,PT1H,MC-Centro,2146162.85,2129930.0
2026-01-08,13,PT1H,MC-Centro,2168954.93,2149750.0
2026-01-08,14,PT1H,MC-Centro,2133006.79,2116690.0
2026-01-08,15,PT1H,MC-Centro,2115947.05,2109170.0
2026-01-08,16,PT1H,MC-Centro,2080092.31,2090880.0
2026-01-08,17,PT1H,MC-Centro,2038690.07,2055220.0
2026-01-08,18,PT1H,MC-Centro,2042819.64,2042710.0
2026-01-08,19,PT1H,MC-Centro,2167828.29,2143850.0
2026-01-08,20,PT1H,MC-Centro,2172953.66,2151280.0
2026-01-08,21,PT1H,MC-Centro,2081389.85,2053360.0
2026-01-08,22,PT1H,MC-Centro,1927353.96,1911280.0
2026-01-08,23,PT1H,MC-Centro,1755782.33,1725030.0
2026-01-08,24,PT1H,MC-Centro,1615090.67,1594000.0
2025-12-14,1,PT1H,MC-Centro,1487718.74,1459000.0
2025-12-14,2,PT1H,MC-Centro,1415242.43,1386000.0
2025-12-14,3,PT1H,MC-Centro,1355307.6,1324000.0
2025-12-14,4,PT1H,MC-Centro,1316598.73,1285000.0
2025-12-14,5,PT1H,MC-Centro,1316474.06,1285000.0
2025-12-14,6,PT1H,MC-Centro,1321118.54,1286000.0
2025-12-14,7,PT1H,MC-Centro,1365663.64,1346000.0
2025-12-14,8,PT1H,MC-Centro,1501928.69,1479000.0
2025-12-14,9,PT1H,MC-Centro,1639765.57,1616000.0
2025-12-14,10,PT1H,MC-Centro,1741703.99,1722000.0
2025-12-14,11,PT1H,MC-Centro,1826643.55,1796000.0
2025-12-14,12,PT1H,MC-Centro,1874226.48,1849000.0
2025-12-14,13,PT1H,MC-Centro,1886837.04,1865000.0
2025-12-14,14,PT1H,MC-Centro,1847661.52,1839000.0
2025-12-14,15,PT1H,MC-Centro,1791771.36,1786000.0
2025-12-14,16,PT1H,MC-Centro,1755401.62,1762000.0
2025-12-14,17,PT1H,MC-Centro,1747359.04,1757000.0
2025-12-14,18,PT1H,MC-Centro,1805379.98,1828000.0
2025-12-14,19,PT1H,MC-Centro,1949164.99,1965000.0
2025-12-14,20,PT1H,MC-Centro,1963016.67,1963000.0
2025-12-14,21,PT1H,MC-Centro,1906960.06,1905000.0
2025-12-14,22,PT1H,MC-Centro,1783247.66,1769000.0
2025-12-14,23,PT1H,MC-Centro,1645399.16,1618000.0
2025-12-14,24,PT1H,MC-Centro,1530351.51,1485000.0
2025-11-04,1,PT1H,MC-Centro,1393881.4,1401000.0
2025-11-04,2,PT1H,MC-Centro,1334703.58,1339000.0
2025-11-04,3,PT1H,MC-Centro,1301379.01,1300000.0
2025-11-04,4,PT1H,MC-Centro,1327898.77,1329000.0
2025-11-04,5,PT1H,MC-Centro,1500868.59,1493000.0
2025-11-04,6,PT1H,MC-Centro,1767924.5,1753000.0
2025-11-04,7,PT1H,MC-Centro,1862986.8,1853000.0
2025-11-04,8,PT1H,MC-Centro,1981030.78,1990000.0
2025-11-04,9,PT1H,MC-Centro,2089643.11,2105000.0
2025-11-04,10,PT1H,MC-Centro,2158254.62,2196000.0
2025-11-04,11,PT1H,MC-Centro,2231368.09,2265000.0
2025-11-04,12,PT1H,MC-Centro,2287364.93,2315000.0
2025-11-04,13,PT1H,MC-Centro,2292935.03,2293000.0
2025-11-04,14,PT1H,MC-Centro,2253960.06,2251000.0
2025-11-04,15,PT1H,MC-Centro,2260355.0,2250000.0
2025-11-04,16,PT1H,MC-Centro,2263881.75,2248000.0
2025-11-04,17,PT1H,MC-Centro,2232152.22,2216000.0
2025-11-04,18,PT1H,MC-Centro,2238698.94,2226000.0
2025-11-04,19,PT1H,MC-Centro,2323081.74,2324000.0
2025-11-04,20,PT1H,MC-Centro,2315755.35,2320000.0
2025-11-04,21,PT1H,MC-Centro,2218383.48,2222000.0
2025-11-04,22,PT1H,MC-Centro,2021861.73,2023000.0
2025-11-04,23,PT1H,MC-Centro,1807870.55,1809000.0
2025-11-04,24,PT1H,MC-Centro,1656993.45,1658000.0
2025-08-13,1,PT1H,MC-Centro,1523468.4,1521500.0
2025-08-13,2,PT1H,MC-Centro,1464106.03,1466400.0
2025-08-13,3,PT1H,MC-Centro,1417987.56,1419950.0
2025-08-13,4,PT1H,MC-Centro,1418626.13,1423690.0
2025-08-13,5,PT1H,MC-Centro,1558979.13,1560300.0
2025-08-13,6,PT1H,MC-Centro,1827594.84,1805470.0
2025-08-13,7,PT1H,MC-Centro,1912269.13,1904880.0
2025-08-13,8,PT1H,MC-Centro,2031334.99,2017990.0
2025-08-13,9,PT1H,MC-Centro,2134885.8,2122800.0
2025-08-13,10,PT1H,MC-Centro,2195910.4,2169830.0
2025-08-13,11,PT1H,MC-Centro,2270905.74,2239720.0
2025-08-13,12,PT1H,MC-Centro,2298290.14,2279910.0
2025-08-13,13,PT1H,MC-Centro,2272947.08,2265260.0
2025-08-13,14,PT1H,MC-Centro,2218678.0,2210120.0
2025-08-13,15,PT1H,MC-Centro,2232756.6,2220770.0
2025-08-13,16,PT1H,MC-Centro,2216633.42,2213850.0
2025-08-13,17,PT1H,MC-Centro,2161573.02,2174430.0
2025-08-13,18,PT1H,MC-Centro,2117713.91,2129110.0
2025-08-13,19,PT1H,MC-Centro,2239358.23,2241970.0
2025-08-13,20,PT1H,MC-Centro,2275287.98,2285110.0
2025-08-13,21,PT1H,MC-Centro,2182568.03,2194090.0
2025-08-13,22,PT1H,MC-Centro,1988463.59,2005240.0
2025-08-13,23,PT1H,MC-Centro,1774994.59,1785940.0
2025-08-13,24,PT1H,MC-Centro,1622439.4,1636660.0
2025-03-11,1,PT1H,MC-Centro,1532409.5,1549240.0
2025-03-11,2,PT1H,MC-Centro,1473824.74,1490380.0
2025-03-11,3,PT1H,MC-Centro,1425103.2,1453620.0
2025-03-11,4,PT1H,MC-Centro,1430882.58,1459460.0
2025-03-11,5,PT1H,MC-Centro,1570711.76,1607770.0
2025-03-11,6,PT1H,MC-Centro,1832991.04,1845610.0
2025-03-11,7,PT1H,MC-Centro,1917020.3,1928890.0
2025-03-11,8,PT1H,MC-Centro,2027612.46,2054040.0
2025-03-11,9,PT1H,MC-Centro,2104025.52,2141820.0
2025-03-11,10,PT1H,MC-Centro,2153049.12,2177420.0
2025-03-11,11,PT1H,MC-Centro,2217120.97,2222200.0
2025-03-11,12,PT1H,MC-Centro,2263514.55,2270950.0
2025-03-11,13,PT1H,MC-Centro,2247238.67,2260940.0
2025-03-11,14,PT1H,MC-Centro,2209558.79,2225190.0
2025-03-11,15,PT1H,MC-Centro,2221812.82,2245320.0
2025-03-11,16,PT1H,MC-Centro,2218319.87,2237920.0
2025-03-11,17,PT1H,MC-Centro,2178902.27,2194170.0
2025-03-11,18,PT1H,MC-Centro,2170072.77,2149660.0
2025-03-11,19,PT1H,MC-Centro,2257191.34,2265950.0
2025-03-11,20,PT1H,MC-Centro,2267891.8,2285470.0
2025-03-11,21,PT1H,MC-Centro,2170062.4,2193590.0
2025-03-11,22,PT1H,MC-Centro,1974580.92,2003700.0
2025-03-11,23,PT1H,MC-Centro,1765243.88,1802930.0
2025-03-11,24,PT1H,MC-Centro,1631525.92,1661880.0
2025-02-04,1,PT1H,MC-Centro,1526513.24,1507050.0
2025-02-04,2,PT1H,MC-Centro,1464275.6,1448970.0
2025-02-04,3,PT1H,MC-Centro,1417053.34,1417240.0
2025-02-04,4,PT1H,MC-Centro,1426800.78,1429390.0
2025-02-04,5,PT1H,MC-Centro,1589445.84,1555930.0
2025-02-04,6,PT1H,MC-Centro,1806251.03,1750480.0
2025-02-04,7,PT1H,MC-Centro,1898215.21,1882450.0
2025-02-04,8,PT1H,MC-Centro,2026102.4,2037350.0
2025-02-04,9,PT1H,MC-Centro,2088551.13,2120370.0
2025-02-04,10,PT1H,MC-Centro,2128805.16,2158630.0
2025-02-04,11,PT1H,MC-Centro,2200730.54,2248190.0
2025-02-04,12,PT1H,MC-Centro,2241820.26,2284730.0
2025-02-04,13,PT1H,MC-Centro,2227179.51,2264730.0
2025-02-04,14,PT1H,MC-Centro,2187891.98,2200350.0
2025-02-04,15,PT1H,MC-Centro,2187944.89,2212040.0
2025-02-04,16,PT1H,MC-Centro,2184525.95,2192290.0
2025-02-04,17,PT1H,MC-Centro,2143810.63,2139220.0
2025-02-04,18,PT1H,MC-Centro,2107958.57,2132970.0
2025-02-04,19,PT1H,MC-Centro,2232006.05,2240820.0
2025-02-04,20,PT1H,MC-Centro,2261838.6,2253630.0
2025-02-04,21,PT1H,MC-Centro,2190109.44,2162180.0
2025-02-04,22,PT1H,MC-Centro,1995780.42,1968730.0
2025-02-04,23,PT1H,MC-Centro,1780660.79,1770030.0
2025-02-04,24,PT1H,MC-Centro,1654205.38,1664140.0
2025-03-15,1,PT1H,MC-Centro,1577763.61,1576000.0
2025-03-15,2,PT1H,MC-Centro,1492908.48,1505000.0
2025-03-15,3,PT1H,MC-Centro,1450846.01,1456000.0
2025-03-15,4,PT1H,MC-Centro,1431478.78,1442000.0
2025-03-15,5,PT1H,MC-Centro,1472359.38,1472000.0
2025-03-15,6,PT1H,MC-Centro,1536178.82,1551000.0
2025-03-15,7,PT1H,MC-Centro,1682834.34,1691000.0
2025-03-15,8,PT1H,MC-Centro,1868466.54,1876000.0
2025-03-15,9,PT1H,MC-Centro,1992700.25,1991000.0
2025-03-15,10,PT1H,MC-Centro,2060094.34,2067000.0
2025-03-15,11,PT1H,MC-Centro,2117429.91,2127000.0
2025-03-15,12,PT1H,MC-Centro,2162985.48,2140000.0
2025-03-15,13,PT1H,MC-Centro,2109678.66,2108000.0
2025-03-15,14,PT1H,MC-Centro,2037776.38,2051000.0
2025-03-15,15,PT1H,MC-Centro,1982188.4,1984000.0
2025-03-15,16,PT1H,MC-Centro,1964647.97,1952000.0
2025-03-15,17,PT1H,MC-Centro,1927406.79,1918000.0
2025-03-15,18,PT1H,MC-Centro,1926072.93,1929000.0
2025-03-15,19,PT1H,MC-Centro,2021032.99,2010000.0
2025-03-15,20,PT1H,MC-Centro,2023029.02,2015000.0
2025-03-15,21,PT1H,MC-Centro,1934209.05,1926000.0
2025-03-15,22,PT1H,MC-Centro,1807378.32,1795000.0
2025-03-15,23,PT1H,MC-Centro,1647674.93,1658000.0
2025-03-15,24,PT1H,MC-Centro,1490322.24,1510000.0
2025-04-23,1,PT1H,MC-Centro,1553040.32,1545190.0
2025-04-23,2,PT1H,MC-Centro,1495363.09,1482960.0
2025-04-23,3,PT1H,MC-Centro,1455282.69,1439900.0
2025-04-23,4,PT1H,MC-Centro,1457785.58,1438380.0
2025-04-23,5,PT1H,MC-Centro,1585190.35,1567000.0
2025-04-23,6,PT1H,MC-Centro,1851077.26,1822390.0
2025-04-23,7,PT1H,MC-Centro,1924025.54,1913210.0
2025-04-23,8,PT1H,MC-Centro,2036816.25,2026990.0
2025-04-23,9,PT1H,MC-Centro,2127604.9,2106160.0
2025-04-23,10,PT1H,MC-Centro,2168147.59,2155890.0
2025-04-23,11,PT1H,MC-Centro,2233259.04,2222380.0
2025-04-23,12,PT1H,MC-Centro,2277705.18,2272590.0
2025-04-23,13,PT1H,MC-Centro,2272007.13,2263920.0
2025-04-23,14,PT1H,MC-Centro,2227291.75,2226770.0
2025-04-23,15,PT1H,MC-Centro,2238410.61,2230460.0
2025-04-23,16,PT1H,MC-Centro,2232474.83,2217230.0
2025-04-23,17,PT1H,MC-Centro,2188186.59,2177830.0
2025-04-23,18,PT1H,MC-Centro,2139782.4,2134400.0
2025-04-23,19,PT1H,MC-Centro,2267824.45,2252000.0
2025-04-23,20,PT1H,MC-Centro,2296404.76,2278070.0
2025-04-23,21,PT1H,MC-Centro,2221009.86,2193490.0
2025-04-23,22,PT1H,MC-Centro,2042115.93,2012680.0
2025-04-23,23,PT1H,MC-Centro,1828508.41,1803430.0
2025-04-23,24,PT1H,MC-Centro,1672488.28,1651690.0
2026-02-21,1,PT1H,MC-Centro,1578487.16,1604000.0
2026-02-21,2,PT1H,MC-Centro,1535346.56,1527000.0
2026-02-21,3,PT1H,MC-Centro,1462425.5,1481000.0
2026-02-21,4,PT1H,MC-Centro,1445393.85,1458000.0
2026-02-21,5,PT1H,MC-Centro,1489791.24,1493000.0
2026-02-21,6,PT1H,MC-Centro,1562991.05,1570000.0
2026-02-21,7,PT1H,MC-Centro,1721381.74,1711000.0
2026-02-21,8,PT1H,MC-Centro,1901561.04,1904000.0
2026-02-21,9,PT1H,MC-Centro,2043645.24,2040000.0
2026-02-21,10,PT1H,MC-Centro,2117112.39,2116000.0
2026-02-21,11,PT1H,MC-Centro,2185188.2,2173000.0
2026-02-21,12,PT1H,MC-Centro,2205493.36,2208000.0
2026-02-21,13,PT1H,MC-Centro,2180537.96,2178000.0
2026-02-21,14,PT1H,MC-Centro,2088769.46,2126000.0
2026-02-21,15,PT1H,MC-Centro,2014350.49,2024000.0
2026-02-21,16,PT1H,MC-Centro,1999077.07,2003000.0
2026-02-21,17,PT1H,MC-Centro,1935842.67,1964000.0
2026-02-21,18,PT1H,MC-Centro,1959300.8,1959000.0
2026-02-21,19,PT1H,MC-Centro,2055364.38,2073000.0
2026-02-21,20,PT1H,MC-Centro,2077205.6,2085000.0
2026-02-21,21,PT1H,MC-Centro,1993664.87,1987000.0
2026-02-21,22,PT1H,MC-Centro,1847937.33,1868000.0
2026-02-21,23,PT1H,MC-Centro,1694464.91,1686000.0
2026-02-21,24,PT1H,MC-Centro,1552091.27,1543000.0
2026-01-25,1,PT1H,MC-Centro,1442280.18,1482000.0
2026-01-25,2,PT1H,MC-Centro,1369535.79,1402000.0
2026-01-25,3,PT1H,MC-Centro,1312235.16,1335000.0
2026-01-25,4,PT1H,MC-Centro,1271326.77,1297000.0
2026-01-25,5,PT1H,MC-Centro,1271273.87,1295000.0
2026-01-25,6,PT1H,MC-Centro,1291212.18,1290000.0
2026-01-25,7,PT1H,MC-Centro,1342006.1,1319000.0
2026-01-25,8,PT1H,MC-Centro,1467072.14,1446000.0
2026-01-25,9,PT1H,MC-Centro,1586879.56,1587000.0
2026-01-25,10,PT1H,MC-Centro,1706885.78,1693000.0
2026-01-25,11,PT1H,MC-Centro,1792243.88,1779000.0
2026-01-25,12,PT1H,MC-Centro,1854875.47,1830000.0
2026-01-25,13,PT1H,MC-Centro,1857055.97,1844000.0
2026-01-25,14,PT1H,MC-Centro,1820891.53,1816000.0
2026-01-25,15,PT1H,MC-Centro,1781821.14,1776000.0
2026-01-25,16,PT1H,MC-Centro,1755503.73,1746000.0
2026-01-25,17,PT1H,MC-Centro,1729003.21,1718000.0
2026-01-25,18,PT1H,MC-Centro,1767145.36,1761000.0
2026-01-25,19,PT1H,MC-Centro,1926537.5,1923000.0
2026-01-25,20,PT1H,MC-Centro,1970677.73,1947000.0
2026-01-25,21,PT1H,MC-Centro,1908238.38,1891000.0
2026-01-25,22,PT1H,MC-Centro,1761277.26,1767000.0
2026-01-25,23,PT1H,MC-Centro,1621987.12,1644000.0
2026-01-25,24,PT1H,MC-Centro,1505706.88,1500000.0
2025-11-17,1,PT1H,MC-Centro,1362300.4,1343000.0
2025-11-17,2,PT1H,MC-Centro,1306606.46,1272000.0
2025-11-17,3,PT1H,MC-Centro,1254133.93,1224000.0
2025-11-17,4,PT1H,MC-Centro,1228805.28,1207000.0
2025-11-17,5,PT1H,MC-Centro,1242131.55,1216000.0
2025-11-17,6,PT1H,MC-Centro,1253940.2,1220000.0
2025-11-17,7,PT1H,MC-Centro,1316538.3,1286000.0
2025-11-17,8,PT1H,MC-Centro,1480245.23,1432000.0
2025-11-17,9,PT1H,MC-Centro,1619787.9,1590000.0
2025-11-17,10,PT1H,MC-Centro,1769347.72,1726000.0
2025-11-17,11,PT1H,MC-Centro,1881202.52,1840000.0
2025-11-17,12,PT1H,MC-Centro,1933808.8,1908000.0
2025-11-17,13,PT1H,MC-Centro,1967163.08,1938000.0
2025-11-17,14,PT1H,MC-Centro,1936379.44,1919000.0
2025-11-17,15,PT1H,MC-Centro,1883403.82,1868000.0
2025-11-17,16,PT1H,MC-Centro,1837838.57,1843000.0
2025-11-17,17,PT1H,MC-Centro,1816539.55,1867000.0
2025-11-17,18,PT1H,MC-Centro,1911035.18,1941000.0
2025-11-17,19,PT1H,MC-Centro,2051708.47,2055000.0
2025-11-17,20,PT1H,MC-Centro,2053601.33,2049000.0
2025-11-17,21,PT1H,MC-Centro,1969393.85,1937000.0
2025-11-17,22,PT1H,MC-Centro,1818074.59,1789000.0
2025-11-17,23,PT1H,MC-Centro,1654655.86,1636000.0
2025-11-17,24,PT1H,MC-Centro,1502908.65,1500000.0
2026-01-07,1,PT1H,MC-Centro,1486665.82,1464000.0
2026-01-07,2,PT1H,MC-Centro,1405069.37,1409000.0
2026-01-07,3,PT1H,MC-Centro,1357011.23,1367000.0
2026-01-07,4,PT1H,MC-Centro,1352914.82,1361000.0
2026-01-07,5,PT1H,MC-Centro,1421255.5,1432000.0
2026-01-07,6,PT1H,MC-Centro,1516835.55,1529000.0
2026-01-07,7,PT1H,MC-Centro,1655260.86,1686000.0
2026-01-07,8,PT1H,MC-Centro,1803725.12,1854000.0
2026-01-07,9,PT1H,MC-Centro,1914647.1,1931000.0
2026-01-07,10,PT1H,MC-Centro,1987121.93,2010000.0
2026-01-07,11,PT1H,MC-Centro,2071238.7,2074000.0
2026-01-07,12,PT1H,MC-Centro,2122796.79,2113000.0
2026-01-07,13,PT1H,MC-Centro,2154040.31,2133000.0
2026-01-07,14,PT1H,MC-Centro,2114277.47,2099000.0
2026-01-07,15,PT1H,MC-Centro,2090800.31,2107000.0
2026-01-07,16,PT1H,MC-Centro,2054023.55,2094000.0
2026-01-07,17,PT1H,MC-Centro,2013717.17,2055000.0
2026-01-07,18,PT1H,MC-Centro,2021269.81,2032000.0
2026-01-07,19,PT1H,MC-Centro,2134479.55,2129000.0
2026-01-07,20,PT1H,MC-Centro,2128101.11,2133000.0
2026-01-07,21,PT1H,MC-Centro,2040218.79,2048000.0
2026-01-07,22,PT1H,MC-Centro,1891902.29,1882000.0
2026-01-07,23,PT1H,MC-Centro,1724393.81,1710000.0
2026-01-07,24,PT1H,MC-Centro,1614422.81,1602000.0
2024-09-18,1,PT1H,MC-Centro,1548517.83,1533000.0
2024-09-18,2,PT1H,MC-Centro,1487691.93,1472000.0
2024-09-18,3,PT1H,MC-Centro,1443437.09,1429000.0
2024-09-18,4,PT1H,MC-Centro,1441947.58,1440000.0
2024-09-18,5,PT1H,MC-Centro,1571124.32,1593000.0
2024-09-18,6,PT1H,MC-Centro,1803915.0,1839000.0
2024-09-18,7,PT1H,MC-Centro,1891068.82,1919000.0
2024-09-18,8,PT1H,MC-Centro,1997420.72,2028000.0
2024-09-18,9,PT1H,MC-Centro,2094414.37,2105000.0
2024-09-18,10,PT1H,MC-Centro,2146182.94,2137000.0
2024-09-18,11,PT1H,MC-Centro,2208910.72,2209000.0
2024-09-18,12,PT1H,MC-Centro,2246473.48,2256000.0
2024-09-18,13,PT1H,MC-Centro,2239927.92,2242000.0
2024-09-18,14,PT1H,MC-Centro,2213075.27,2200000.0
2024-09-18,15,PT1H,MC-Centro,2227803.09,2203000.0
2024-09-18,16,PT1H,MC-Centro,2222715.56,2200000.0
2024-09-18,17,PT1H,MC-Centro,2172004.17,2167000.0
2024-09-18,18,PT1H,MC-Centro,2156036.19,2144000.0
2024-09-18,19,PT1H,MC-Centro,2278190.74,2259000.0
2024-09-18,20,PT1H,MC-Centro,2294470.84,2266000.0
2024-09-18,21,PT1H,MC-Centro,2196608.95,2171000.0
2024-09-18,22,PT1H,MC-Centro,2006670.78,2000000.0
2024-09-18,23,PT1H,MC-Centro,1809123.84,1774000.0
2024-09-18,24,PT1H,MC-Centro,1662262.32,1631000.0
2024-09-26,1,PT1H,MC-Centro,1535348.7,1558000.0
2024-09-26,2,PT1H,MC-Centro,1477053.01,1501000.0
2024-09-26,3,PT1H,MC-Centro,1433395.85,1450000.0
2024-09-26,4,PT1H,MC-Centro,1442962.29,1460000.0
2024-09-26,5,PT1H,MC-Centro,1570912.37,1610000.0
2024-09-26,6,PT1H,MC-Centro,1799153.17,1849000.0
2024-09-26,7,PT1H,MC-Centro,1883310.72,1927000.0
2024-09-26,8,PT1H,MC-Centro,2004896.86,2040000.0
2024-09-26,9,PT1H,MC-Centro,2109238.68,2115000.0
2024-09-26,10,PT1H,MC-Centro,2156624.55,2161000.0
2024-09-26,11,PT1H,MC-Centro,2217251.81,2213000.0
2024-09-26,12,PT1H,MC-Centro,2283280.89,2258000.0
2024-09-26,13,PT1H,MC-Centro,2285333.68,2258000.0
2024-09-26,14,PT1H,MC-Centro,2235524.49,2213000.0
2024-09-26,15,PT1H,MC-Centro,2215487.69,2216000.0
2024-09-26,16,PT1H,MC-Centro,2223343.18,2207000.0
2024-09-26,17,PT1H,MC-Centro,2213336.19,2179000.0
2024-09-26,18,PT1H,MC-Centro,2210779.27,2162000.0
2024-09-26,19,PT1H,MC-Centro,2269404.24,2282000.0
2024-09-26,20,PT1H,MC-Centro,2241508.12,2290000.0
2024-09-26,21,PT1H,MC-Centro,2144251.85,2190000.0
2024-09-26,22,PT1H,MC-Centro,1962618.59,2001000.0
2024-09-26,23,PT1H,MC-Centro,1768293.2,1797000.0
2024-09-26,24,PT1H,MC-Centro,1599960.84,1653000.0
2024-08-07,1,PT1H,MC-Centro,1482811.56,1469000.0
2024-08-07,2,PT1H,MC-Centro,1411042.01,1393000.0
2024-08-07,3,PT1H,MC-Centro,1347623.55,1345000.0
2024-08-07,4,PT1H,MC-Centro,1320818.56,1318000.0
2024-08-07,5,PT1H,MC-Centro,1334506.45,1322000.0
2024-08-07,6,PT1H,MC-Centro,1331461.98,1325000.0
2024-08-07,7,PT1H,MC-Centro,1392348.28,1374000.0
2024-08-07,8,PT1H,MC-Centro,1539139.65,1528000.0
2024-08-07,9,PT1H,MC-Centro,1680905.73,1664000.0
2024-08-07,10,PT1H,MC-Centro,1809869.85,1773000.0
2024-08-07,11,PT1H,MC-Centro,1898811.09,1855000.0
2024-08-07,12,PT1H,MC-Centro,1959384.68,1915000.0
2024-08-07,13,PT1H,MC-Centro,1965334.17,1930000.0
2024-08-07,14,PT1H,MC-Centro,1916575.18,1889000.0
2024-08-07,15,PT1H,MC-Centro,1853762.97,1838000.0
2024-08-07,16,PT1H,MC-Centro,1819541.84,1797000.0
2024-08-07,17,PT1H,MC-Centro,1798892.04,1763000.0
2024-08-07,18,PT1H,MC-Centro,1803097.4,1771000.0
2024-08-07,19,PT1H,MC-Centro,1976766.94,1922000.0
2024-08-07,20,PT1H,MC-Centro,2034077.28,1969000.0
2024-08-07,21,PT1H,MC-Centro,1961243.65,1913000.0
2024-08-07,22,PT1H,MC-Centro,1811051.74,1781000.0
2024-08-07,23,PT1H,MC-Centro,1641146.41,1623000.0
2024-08-07,24,PT1H,MC-Centro,1510200.83,1499000.0
2025-07-06,1,PT1H,MC-Centro,1408978.46,1404000.0
2025-07-06,2,PT1H,MC-Centro,1333755.69,1329000.0
2025-07-06,3,PT1H,MC-Centro,1277837.98,1273000.0
2025-07-06,4,PT1H,MC-Centro,1238480.52,1236000.0
2025-07-06,5,PT1H,MC-Centro,1235266.92,1227000.0
2025-07-06,6,PT1H,MC-Centro,1222866.02,1224000.0
2025-07-06,7,PT1H,MC-Centro,1258871.88,1264000.0
2025-07-06,8,PT1H,MC-Centro,1376629.39,1390000.0
2025-07-06,9,PT1H,MC-Centro,1505625.82,1528000.0
2025-07-06,10,PT1H,MC-Centro,1613623.13,1653000.0
2025-07-06,11,PT1H,MC-Centro,1708034.9,1734000.0
2025-07-06,12,PT1H,MC-Centro,1751649.74,1781000.0
2025-07-06,13,PT1H,MC-Centro,1791666.69,1797000.0
2025-07-06,14,PT1H,MC-Centro,1765494.38,1769000.0
2025-07-06,15,PT1H,MC-Centro,1711547.25,1721000.0
2025-07-06,16,PT1H,MC-Centro,1681504.33,1690000.0
2025-07-06,17,PT1H,MC-Centro,1662084.08,1667000.0
2025-07-06,18,PT1H,MC-Centro,1688477.83,1694000.0
2025-07-06,19,PT1H,MC-Centro,1828425.78,1854000.0
2025-07-06,20,PT1H,MC-Centro,1885015.57,1904000.0
2025-07-06,21,PT1H,MC-Centro,1832633.31,1847000.0
2025-07-06,22,PT1H,MC-Centro,1708302.17,1717000.0
2025-07-06,23,PT1H,MC-Centro,1565089.04,1568000.0
2025-07-06,24,PT1H,MC-Centro,1455201.21,1436000.0
2025-02-16,1,PT1H,MC-Centro,1408240.66,1431000.0
2025-02-16,2,PT1H,MC-Centro,1345695.87,1366000.0
2025-02-16,3,PT1H,MC-Centro,1292913.53,1305000.0
2025-02-16,4,PT1H,MC-Centro,1258931.66,1266000.0
2025-02-16,5,PT1H,MC-Centro,1255026.82,1268000.0
2025-02-16,6,PT1H,MC-Centro,1263265.77,1280000.0
2025-02-16,7,PT1H,MC-Centro,1305653.54,1335000.0
2025-02-16,8,PT1H,MC-Centro,1434658.2,1478000.0
2025-02-16,9,PT1H,MC-Centro,1543471.77,1590000.0
2025-02-16,10,PT1H,MC-Centro,1655036.81,1669000.0
2025-02-16,11,PT1H,MC-Centro,1724635.9,1753000.0
2025-02-16,12,PT1H,MC-Centro,1772897.98,1788000.0
2025-02-16,13,PT1H,MC-Centro,1798919.21,1802000.0
2025-02-16,14,PT1H,MC-Centro,1762449.05,1765000.0
2025-02-16,15,PT1H,MC-Centro,1724022.11,1720000.0
2025-02-16,16,PT1H,MC-Centro,1701545.14,1692000.0
2025-02-16,17,PT1H,MC-Centro,1681447.04,1685000.0
2025-02-16,18,PT1H,MC-Centro,1707278.15,1734000.0
2025-02-16,19,PT1H,MC-Centro,1872128.6,1890000.0
2025-02-16,20,PT1H,MC-Centro,1924825.56,1935000.0
2025-02-16,21,PT1H,MC-Centro,1857866.31,1858000.0
2025-02-16,22,PT1H,MC-Centro,1727257.02,1728000.0
2025-02-16,23,PT1H,MC-Centro,1585928.03,1599000.0
2025-02-16,24,PT1H,MC-Centro,1465300.46,1499000.0
2025-12-19,1,PT1H,MC-Centro,1622479.68,1608240.0
2025-12-19,2,PT1H,MC-Centro,1540252.8,1541120.0
2025-12-19,3,PT1H,MC-Centro,1479374.31,1494360.0
2025-12-19,4,PT1H,MC-Centro,1475684.03,1490970.0
2025-12-19,5,PT1H,MC-Centro,1565911.78,1584580.0
2025-12-19,6,PT1H,MC-Centro,1691009.57,1737210.0
2025-12-19,7,PT1H,MC-Centro,1864541.97,1923940.0
2025-12-19,8,PT1H,MC-Centro,2045545.04,2095310.0
2025-12-19,9,PT1H,MC-Centro,2177705.87,2202410.0
2025-12-19,10,PT1H,MC-Centro,2235190.82,2254270.0
2025-12-19,11,PT1H,MC-Centro,2281384.08,2321150.0
2025-12-19,12,PT1H,MC-Centro,2323593.18,2391060.0
2025-12-19,13,PT1H,MC-Centro,2322011.85,2378780.0
2025-12-19,14,PT1H,MC-Centro,2277438.21,2339590.0
2025-12-19,15,PT1H,MC-Centro,2265211.08,2338390.0
2025-12-19,16,PT1H,MC-Centro,2252205.01,2320660.0
2025-12-19,17,PT1H,MC-Centro,2208142.37,2274480.0
2025-12-19,18,PT1H,MC-Centro,2207439.81,2270160.0
2025-12-19,19,PT1H,MC-Centro,2297692.84,2326040.0
2025-12-19,20,PT1H,MC-Centro,2263418.37,2293850.0
2025-12-19,21,PT1H,MC-Centro,2181614.86,2196480.0
2025-12-19,22,PT1H,MC-Centro,2048379.19,2047220.0
2025-12-19,23,PT1H,MC-Centro,1889938.01,1867500.0
2025-12-19,24,PT1H,MC-Centro,1741192.06,1726810.0
2025-01-25,1,PT1H,MC-Centro,1576239.3,1564000.0
2025-01-25,2,PT1H,MC-Centro,1507582.24,1498000.0
2025-01-25,3,PT1H,MC-Centro,1447087.21,1433000.0
2025-01-25,4,PT1H,MC-Centro,1440887.83,1417000.0
2025-01-25,5,PT1H,MC-Centro,1472180.55,1451000.0
2025-01-25,6,PT1H,MC-Centro,1541818.8,1503000.0
2025-01-25,7,PT1H,MC-Centro,1660546.27,1641000.0
2025-01-25,8,PT1H,MC-Centro,1834372.95,1790000.0
2025-01-25,9,PT1H,MC-Centro,1980668.41,1919000.0
2025-01-25,10,PT1H,MC-Centro,2054339.0,2016000.0
2025-01-25,11,PT1H,MC-Centro,2122532.88,2082000.0
2025-01-25,12,PT1H,MC-Centro,2136783.52,2106000.0
2025-01-25,13,PT1H,MC-Centro,2097615.04,2077000.0
2025-01-25,14,PT1H,MC-Centro,2043797.37,2013000.0
2025-01-25,15,PT1H,MC-Centro,1971618.2,1960000.0
2025-01-25,16,PT1H,MC-Centro,1985562.13,1927000.0
2025-01-25,17,PT1H,MC-Centro,1905422.26,1909000.0
2025-01-25,18,PT1H,MC-Centro,1887637.37,1917000.0
2025-01-25,19,PT1H,MC-Centro,1989542.44,2027000.0
2025-01-25,20,PT1H,MC-Centro,2003724.85,2023000.0
2025-01-25,21,PT1H,MC-Centro,1927921.05,1933000.0
2025-01-25,22,PT1H,MC-Centro,1798558.67,1806000.0
2025-01-25,23,PT1H,MC-Centro,1644753.42,1656000.0
2025-01-25,24,PT1H,MC-Centro,1527770.35,1523000.0
2025-02-10,1,PT1H,MC-Centro,1384811.26,1392000.0
2025-02-10,2,PT1H,MC-Centro,1328305.75,1329000.0
2025-02-10,3,PT1H,MC-Centro,1297231.7,1293000.0
2025-02-10,4,PT1H,MC-Centro,1327035.08,1321000.0
2025-02-10,5,PT1H,MC-Centro,1505428.74,1474000.0
2025-02-10,6,PT1H,MC-Centro,1752624.74,1685000.0
2025-02-10,7,PT1H,MC-Centro,1847363.35,1819000.0
2025-02-10,8,PT1H,MC-Centro,1991142.93,1971000.0
2025-02-10,9,PT1H,MC-Centro,2065364.13,2091000.0
2025-02-10,10,PT1H,MC-Centro,2119525.24,2135000.0
2025-02-10,11,PT1H,MC-Centro,2202068.08,2215000.0
2025-02-10,12,PT1H,MC-Centro,2240422.37,2257000.0
2025-02-10,13,PT1H,MC-Centro,2235000.01,2242000.0
2025-02-10,14,PT1H,MC-Centro,2202215.84,2212000.0
2025-02-10,15,PT1H,MC-Centro,2211386.31,2220000.0
2025-02-10,16,PT1H,MC-Centro,2186355.63,2195000.0
2025-02-10,17,PT1H,MC-Centro,2131075.33,2153000.0
2025-02-10,18,PT1H,MC-Centro,2111216.78,2148000.0
2025-02-10,19,PT1H,MC-Centro,2247868.17,2247000.0
2025-02-10,20,PT1H,MC-Centro,2270012.57,2264000.0
2025-02-10,21,PT1H,MC-Centro,2178385.35,2173000.0
2025-02-10,22,PT1H,MC-Centro,1980597.18,1975000.0
2025-02-10,23,PT1H,MC-Centro,1766855.06,1773000.0
2025-02-10,24,PT1H,MC-Centro,1620598.88,1630000.0
2025-08-06,1,PT1H,MC-Centro,1534228.63,1524890.0
2025-08-06,2,PT1H,MC-Centro,1466222.26,1468840.0
2025-08-06,3,PT1H,MC-Centro,1418574.42,1426360.0
2025-08-06,4,PT1H,MC-Centro,1418304.81,1427790.0
2025-08-06,5,PT1H,MC-Centro,1536308.02,1566880.0
2025-08-06,6,PT1H,MC-Centro,1747003.07,1806990.0
2025-08-06,7,PT1H,MC-Centro,1879237.31,1910870.0
2025-08-06,8,PT1H,MC-Centro,1997755.65,2012560.0
2025-08-06,9,PT1H,MC-Centro,2089708.36,2109960.0
2025-08-06,10,PT1H,MC-Centro,2150478.51,2153010.0
2025-08-06,11,PT1H,MC-Centro,2215107.17,2221410.0
2025-08-06,12,PT1H,MC-Centro,2263346.62,2261820.0
2025-08-06,13,PT1H,MC-Centro,2269496.25,2242930.0
2025-08-06,14,PT1H,MC-Centro,2212048.06,2195080.0
2025-08-06,15,PT1H,MC-Centro,2214631.67,2190040.0
2025-08-06,16,PT1H,MC-Centro,2197781.11,2175930.0
2025-08-06,17,PT1H,MC-Centro,2156903.31,2132660.0
2025-08-06,18,PT1H,MC-Centro,2110619.36,2082220.0
2025-08-06,19,PT1H,MC-Centro,2193551.57,2197180.0
2025-08-06,20,PT1H,MC-Centro,2214268.6,2226710.0
2025-08-06,21,PT1H,MC-Centro,2127320.72,2138930.0
2025-08-06,22,PT1H,MC-Centro,1943603.19,1961380.0
2025-08-06,23,PT1H,MC-Centro,1754806.45,1763880.0
2025-08-06,24,PT1H,MC-Centro,1614968.47,1635820.0
2025-11-30,1,PT1H,MC-Centro,1444741.31,1481000.0
2025-11-30,2,PT1H,MC-Centro,1367052.96,1414000.0
2025-11-30,3,PT1H,MC-Centro,1303267.81,1358000.0
2025-11-30,4,PT1H,MC-Centro,1266835.1,1316000.0
2025-11-30,5,PT1H,MC-Centro,1270316.78,1312000.0
2025-11-30,6,PT1H,MC-Centro,1275067.29,1309000.0
2025-11-30,7,PT1H,MC-Centro,1335928.33,1373000.0
2025-11-30,8,PT1H,MC-Centro,1471616.38,1503000.0
2025-11-30,9,PT1H,MC-Centro,1604335.72,1641000.0
2025-11-30,10,PT1H,MC-Centro,1708933.62,1742000.0
2025-11-30,11,PT1H,MC-Centro,1776343.35,1828000.0
2025-11-30,12,PT1H,MC-Centro,1830256.73,1878000.0
2025-11-30,13,PT1H,MC-Centro,1839423.46,1899000.0
2025-11-30,14,PT1H,MC-Centro,1816749.84,1866000.0
2025-11-30,15,PT1H,MC-Centro,1765230.87,1810000.0
2025-11-30,16,PT1H,MC-Centro,1740362.13,1784000.0
2025-11-30,17,PT1H,MC-Centro,1732381.98,1783000.0
2025-11-30,18,PT1H,MC-Centro,1795001.24,1869000.0
2025-11-30,19,PT1H,MC-Centro,1937684.5,2006000.0
2025-11-30,20,PT1H,MC-Centro,1935767.41,2011000.0
2025-11-30,21,PT1H,MC-Centro,1893472.82,1931000.0
2025-11-30,22,PT1H,MC-Centro,1758050.88,1791000.0
2025-11-30,23,PT1H,MC-Centro,1608810.97,1634000.0
2025-11-30,24,PT1H,MC-Centro,1471251.01,1509000.0
2025-08-29,1,PT1H,MC-Centro,1534124.88,1544000.0
2025-08-29,2,PT1H,MC-Centro,1462885.07,1482000.0
2025-08-29,3,PT1H,MC-Centro,1421336.91,1435000.0
2025-08-29,4,PT1H,MC-Centro,1422095.79,1438000.0
2025-08-29,5,PT1H,MC-Centro,1563118.9,1569000.0
2025-08-29,6,PT1H,MC-Centro,1800571.16,1808000.0
2025-08-29,7,PT1H,MC-Centro,1906959.85,1901000.0
2025-08-29,8,PT1H,MC-Centro,2033153.36,2029000.0
2025-08-29,9,PT1H,MC-Centro,2136640.4,2132000.0
2025-08-29,10,PT1H,MC-Centro,2188390.85,2178000.0
2025-08-29,11,PT1H,MC-Centro,2252551.48,2251000.0
2025-08-29,12,PT1H,MC-Centro,2276991.03,2292000.0
2025-08-29,13,PT1H,MC-Centro,2255464.53,2280000.0
2025-08-29,14,PT1H,MC-Centro,2204806.74,2231000.0
2025-08-29,15,PT1H,MC-Centro,2196110.45,2231000.0
2025-08-29,16,PT1H,MC-Centro,2188000.61,2209000.0
2025-08-29,17,PT1H,MC-Centro,2150330.73,2177000.0
2025-08-29,18,PT1H,MC-Centro,2105570.28,2142000.0
2025-08-29,19,PT1H,MC-Centro,2232282.66,2241000.0
2025-08-29,20,PT1H,MC-Centro,2240038.85,2250000.0
2025-08-29,21,PT1H,MC-Centro,2160470.43,2160000.0
2025-08-29,22,PT1H,MC-Centro,1985588.0,1989000.0
2025-08-29,23,PT1H,MC-Centro,1803232.62,1809000.0
2025-08-29,24,PT1H,MC-Centro,1649640.14,1675000.0
2025-09-27,1,PT1H,MC-Centro,1585668.04,1571000.0
2025-09-27,2,PT1H,MC-Centro,1510794.44,1494000.0
2025-09-27,3,PT1H,MC-Centro,1455417.36,1446000.0
2025-09-27,4,PT1H,MC-Centro,1434740.67,1429000.0
2025-09-27,5,PT1H,MC-Centro,1468905.62,1464000.0
2025-09-27,6,PT1H,MC-Centro,1531245.99,1520000.0
2025-09-27,7,PT1H,MC-Centro,1694995.58,1678000.0
2025-09-27,8,PT1H,MC-Centro,1877955.37,1849000.0
2025-09-27,9,PT1H,MC-Centro,2011632.53,1999000.0
2025-09-27,10,PT1H,MC-Centro,2092580.32,2079000.0
2025-09-27,11,PT1H,MC-Centro,2170553.65,2137000.0
2025-09-27,12,PT1H,MC-Centro,2186384.34,2159000.0
2025-09-27,13,PT1H,MC-Centro,2156942.04,2133000.0
2025-09-27,14,PT1H,MC-Centro,2083705.15,2061000.0
2025-09-27,15,PT1H,MC-Centro,2010718.43,1987000.0
2025-09-27,16,PT1H,MC-Centro,1980954.97,1955000.0
2025-09-27,17,PT1H,MC-Centro,1942897.61,1920000.0
2025-09-27,18,PT1H,MC-Centro,1964900.89,1920000.0
2025-09-27,19,PT1H,MC-Centro,2066966.64,2043000.0
2025-09-27,20,PT1H,MC-Centro,2029228.0,2021000.0
2025-09-27,21,PT1H,MC-Centro,1940922.21,1933000.0
2025-09-27,22,PT1H,MC-Centro,1806386.86,1796000.0
2025-09-27,23,PT1H,MC-Centro,1648917.09,1643000.0
2025-09-27,24,PT1H,MC-Centro,1516968.91,1514000.0
2024-08-14,1,PT1H,MC-Centro,1519130.61,1510000.0
2024-08-14,2,PT1H,MC-Centro,1453199.1,1448000.0
2024-08-14,3,PT1H,MC-Centro,1400230.16,1394000.0
2024-08-14,4,PT1H,MC-Centro,1410479.57,1395000.0
2024-08-14,5,PT1H,MC-Centro,1557329.8,1538000.0
2024-08-14,6,PT1H,MC-Centro,1812776.23,1790000.0
2024-08-14,7,PT1H,MC-Centro,1903077.86,1868000.0
2024-08-14,8,PT1H,MC-Centro,2015338.41,1991000.0
2024-08-14,9,PT1H,MC-Centro,2091250.31,2078000.0
2024-08-14,10,PT1H,MC-Centro,2125229.12,2112000.0
2024-08-14,11,PT1H,MC-Centro,2188340.94,2170000.0
2024-08-14,12,PT1H,MC-Centro,2232100.04,2194000.0
2024-08-14,13,PT1H,MC-Centro,2221183.48,2177000.0
2024-08-14,14,PT1H,MC-Centro,2170996.59,2133000.0
2024-08-14,15,PT1H,MC-Centro,2165202.22,2134000.0
2024-08-14,16,PT1H,MC-Centro,2156227.52,2127000.0
2024-08-14,17,PT1H,MC-Centro,2110245.11,2083000.0
2024-08-14,18,PT1H,MC-Centro,2085757.95,2040000.0
2024-08-14,19,PT1H,MC-Centro,2203888.46,2164000.0
2024-08-14,20,PT1H,MC-Centro,2216064.98,2206000.0
2024-08-14,21,PT1H,MC-Centro,2134017.62,2124000.0
2024-08-14,22,PT1H,MC-Centro,1952343.12,1947000.0
2024-08-14,23,PT1H,MC-Centro,1748776.34,1761000.0
2024-08-14,24,PT1H,MC-Centro,1612748.61,1599000.0
2025-05-07,1,PT1H,MC-Centro,1538877.71,1547000.0
2025-05-07,2,PT1H,MC-Centro,1475452.77,1487000.0
2025-05-07,3,PT1H,MC-Centro,1431862.85,1445000.0
2025-05-07,4,PT1H,MC-Centro,1435015.09,1445000.0
2025-05-07,5,PT1H,MC-Centro,1572512.15,1572000.0
2025-05-07,6,PT1H,MC-Centro,1834596.09,1832000.0
2025-05-07,7,PT1H,MC-Centro,1905054.62,1917000.0
2025-05-07,8,PT1H,MC-Centro,2025403.09,2029000.0
2025-05-07,9,PT1H,MC-Centro,2112591.45,2112000.0
2025-05-07,10,PT1H,MC-Centro,2158256.24,2160000.0
2025-05-07,11,PT1H,MC-Centro,2221707.06,2226000.0
2025-05-07,12,PT1H,MC-Centro,2277353.03,2272000.0
2025-05-07,13,PT1H,MC-Centro,2278311.21,2266000.0
2025-05-07,14,PT1H,MC-Centro,2228970.98,2228000.0
2025-05-07,15,PT1H,MC-Centro,2208305.07,2233000.0
2025-05-07,16,PT1H,MC-Centro,2198630.57,2224000.0
2025-05-07,17,PT1H,MC-Centro,2157016.32,2183000.0
2025-05-07,18,PT1H,MC-Centro,2114172.69,2134000.0
2025-05-07,19,PT1H,MC-Centro,2250583.51,2253000.0
2025-05-07,20,PT1H,MC-Centro,2284134.37,2281000.0
2025-05-07,21,PT1H,MC-Centro,2203872.53,2201000.0
2025-05-07,22,PT1H,MC-Centro,2019120.36,2022000.0
2025-05-07,23,PT1H,MC-Centro,1812100.84,1812000.0
2025-05-07,24,PT1H,MC-Centro,1652534.04,1658000.0
2025-02-02,1,PT1H,MC-Centro,1403894.72,1423000.0
2025-02-02,2,PT1H,MC-Centro,1334688.51,1351000.0
2025-02-02,3,PT1H,MC-Centro,1286816.53,1288000.0
2025-02-02,4,PT1H,MC-Centro,1245951.06,1261000.0
2025-02-02,5,PT1H,MC-Centro,1244394.08,1265000.0
2025-02-02,6,PT1H,MC-Centro,1253507.71,1274000.0
2025-02-02,7,PT1H,MC-Centro,1306480.86,1331000.0
2025-02-02,8,PT1H,MC-Centro,1458003.14,1462000.0
2025-02-02,9,PT1H,MC-Centro,1544480.97,1571000.0
2025-02-02,10,PT1H,MC-Centro,1637486.7,1655000.0
2025-02-02,11,PT1H,MC-Centro,1720098.77,1722000.0
2025-02-02,12,PT1H,MC-Centro,1755418.53,1770000.0
2025-02-02,13,PT1H,MC-Centro,1744009.48,1784000.0
2025-02-02,14,PT1H,MC-Centro,1718191.22,1746000.0
2025-02-02,15,PT1H,MC-Centro,1690520.38,1704000.0
2025-02-02,16,PT1H,MC-Centro,1666182.37,1672000.0
2025-02-02,17,PT1H,MC-Centro,1668297.66,1669000.0
2025-02-02,18,PT1H,MC-Centro,1716906.8,1723000.0
2025-02-02,19,PT1H,MC-Centro,1863467.47,1866000.0
2025-02-02,20,PT1H,MC-Centro,1916941.1,1914000.0
2025-02-02,21,PT1H,MC-Centro,1842310.33,1849000.0
2025-02-02,22,PT1H,MC-Centro,1716330.7,1720000.0
2025-02-02,23,PT1H,MC-Centro,1585851.58,1586000.0
2025-02-02,24,PT1H,MC-Centro,1471849.71,1500000.0
2025-07-14,1,PT1H,MC-Centro,1360024.49,1376000.0
2025-07-14,2,PT1H,MC-Centro,1302068.83,1311000.0
2025-07-14,3,PT1H,MC-Centro,1259874.36,1273000.0
2025-07-14,4,PT1H,MC-Centro,1280196.54,1290000.0
2025-07-14,5,PT1H,MC-Centro,1437960.33,1407000.0
2025-07-14,6,PT1H,MC-Centro,1681229.38,1625000.0
2025-07-14,7,PT1H,MC-Centro,1800942.26,1768000.0
2025-07-14,8,PT1H,MC-Centro,1948299.98,1934000.0
2025-07-14,9,PT1H,MC-Centro,2066623.79,2064000.0
2025-07-14,10,PT1H,MC-Centro,2140353.69,2136000.0
2025-07-14,11,PT1H,MC-Centro,2222767.24,2217000.0
2025-07-14,12,PT1H,MC-Centro,2266792.37,2268000.0
2025-07-14,13,PT1H,MC-Centro,2261455.97,2288000.0
2025-07-14,14,PT1H,MC-Centro,2204445.61,2244000.0
2025-07-14,15,PT1H,MC-Centro,2197090.68,2243000.0
2025-07-14,16,PT1H,MC-Centro,2182200.26,2203000.0
2025-07-14,17,PT1H,MC-Centro,2139103.1,2156000.0
2025-07-14,18,PT1H,MC-Centro,2090566.86,2110000.0
2025-07-14,19,PT1H,MC-Centro,2206055.17,2231000.0
2025-07-14,20,PT1H,MC-Centro,2265095.15,2275000.0
2025-07-14,21,PT1H,MC-Centro,2180163.67,2186000.0
2025-07-14,22,PT1H,MC-Centro,1981661.45,2002000.0
2025-07-14,23,PT1H,MC-Centro,1763513.63,1785000.0
2025-07-14,24,PT1H,MC-Centro,1621869.37,1638000.0
2025-11-06,1,PT1H,MC-Centro,1558193.89,1567000.0
2025-11-06,2,PT1H,MC-Centro,1489574.32,1498000.0
2025-11-06,3,PT1H,MC-Centro,1436158.32,1452000.0
2025-11-06,4,PT1H,MC-Centro,1457728.27,1464000.0
2025-11-06,5,PT1H,MC-Centro,1595713.92,1616000.0
2025-11-06,6,PT1H,MC-Centro,1852421.46,1863000.0
2025-11-06,7,PT1H,MC-Centro,1958222.21,1960000.0
2025-11-06,8,PT1H,MC-Centro,2071982.8,2065000.0
2025-11-06,9,PT1H,MC-Centro,2165372.62,2166000.0
2025-11-06,10,PT1H,MC-Centro,2220286.24,2221000.0
2025-11-06,11,PT1H,MC-Centro,2285839.61,2287000.0
2025-11-06,12,PT1H,MC-Centro,2317019.06,2326000.0
2025-11-06,13,PT1H,MC-Centro,2295818.07,2310000.0
2025-11-06,14,PT1H,MC-Centro,2260519.13,2266000.0
2025-11-06,15,PT1H,MC-Centro,2273229.54,2271000.0
2025-11-06,16,PT1H,MC-Centro,2261747.06,2267000.0
2025-11-06,17,PT1H,MC-Centro,2230906.49,2223000.0
2025-11-06,18,PT1H,MC-Centro,2243594.08,2245000.0
2025-11-06,19,PT1H,MC-Centro,2340990.2,2349000.0
2025-11-06,20,PT1H,MC-Centro,2322493.6,2330000.0
2025-11-06,21,PT1H,MC-Centro,2223385.75,2232000.0
2025-11-06,22,PT1H,MC-Centro,2039090.59,2043000.0
2025-11-06,23,PT1H,MC-Centro,1824483.05,1835000.0
2025-11-06,24,PT1H,MC-Centro,1685805.55,1688000.0
2024-08-23,1,PT1H,MC-Centro,1535133.88,1527000.0
2024-08-23,2,PT1H,MC-Centro,1462789.22,1463000.0
2024-08-23,3,PT1H,MC-Centro,1405305.29,1409000.0
2024-08-23,4,PT1H,MC-Centro,1414160.27,1409000.0
2024-08-23,5,PT1H,MC-Centro,1552247.85,1531000.0
2024-08-23,6,PT1H,MC-Centro,1788681.76,1744000.0
2024-08-23,7,PT1H,MC-Centro,1874340.25,1862000.0
2024-08-23,8,PT1H,MC-Centro,1995699.85,2002000.0
2024-08-23,9,PT1H,MC-Centro,2092402.96,2087000.0
2024-08-23,10,PT1H,MC-Centro,2145649.47,2134000.0
2024-08-23,11,PT1H,MC-Centro,2221934.39,2196000.0
2024-08-23,12,PT1H,MC-Centro,2255205.67,2246000.0
2024-08-23,13,PT1H,MC-Centro,2257749.49,2244000.0
2024-08-23,14,PT1H,MC-Centro,2222155.57,2194000.0
2024-08-23,15,PT1H,MC-Centro,2221370.62,2189000.0
2024-08-23,16,PT1H,MC-Centro,2211263.86,2170000.0
2024-08-23,17,PT1H,MC-Centro,2165105.63,2121000.0
2024-08-23,18,PT1H,MC-Centro,2110432.15,2070000.0
2024-08-23,19,PT1H,MC-Centro,2191982.29,2170000.0
2024-08-23,20,PT1H,MC-Centro,2185648.45,2186000.0
2024-08-23,21,PT1H,MC-Centro,2105823.99,2104000.0
2024-08-23,22,PT1H,MC-Centro,1943189.24,1947000.0
2024-08-23,23,PT1H,MC-Centro,1759799.39,1777000.0
2024-08-23,24,PT1H,MC-Centro,1639871.64,1643000.0
2025-12-04,1,PT1H,MC-Centro,1617241.53,1601000.0
2025-12-04,2,PT1H,MC-Centro,1539337.58,1534000.0
2025-12-04,3,PT1H,MC-Centro,1487450.74,1486000.0
2025-12-04,4,PT1H,MC-Centro,1495288.87,1494000.0
2025-12-04,5,PT1H,MC-Centro,1589167.69,1599000.0
2025-12-04,6,PT1H,MC-Centro,1728760.2,1736000.0
2025-12-04,7,PT1H,MC-Centro,1946500.21,1937000.0
2025-12-04,8,PT1H,MC-Centro,2106452.48,2098000.0
2025-12-04,9,PT1H,MC-Centro,2212334.87,2193000.0
2025-12-04,10,PT1H,MC-Centro,2256354.99,2242000.0
2025-12-04,11,PT1H,MC-Centro,2327944.15,2323000.0
2025-12-04,12,PT1H,MC-Centro,2367145.91,2365000.0
2025-12-04,13,PT1H,MC-Centro,2369283.79,2372000.0
2025-12-04,14,PT1H,MC-Centro,2303033.85,2312000.0
2025-12-04,15,PT1H,MC-Centro,2329508.35,2317000.0
2025-12-04,16,PT1H,MC-Centro,2323635.54,2309000.0
2025-12-04,17,PT1H,MC-Centro,2272391.06,2277000.0
2025-12-04,18,PT1H,MC-Centro,2291898.47,2288000.0
2025-12-04,19,PT1H,MC-Centro,2376089.03,2361000.0
2025-12-04,20,PT1H,MC-Centro,2355542.76,2333000.0
2025-12-04,21,PT1H,MC-Centro,2262513.88,2244000.0
2025-12-04,22,PT1H,MC-Centro,2088191.83,2067000.0
2025-12-04,23,PT1H,MC-Centro,1894298.7,1864000.0
2025-12-04,24,PT1H,MC-Centro,1733378.12,1714000.0
2025-09-18,1,PT1H,MC-Centro,1567174.65,1553000.0
2025-09-18,2,PT1H,MC-Centro,1493373.28,1490000.0
2025-09-18,3,PT1H,MC-Centro,1447405.53,1444000.0
2025-09-18,4,PT1H,MC-Centro,1454898.27,1443000.0
2025-09-18,5,PT1H,MC-Centro,1606160.79,1585000.0
2025-09-18,6,PT1H,MC-Centro,1876107.84,1830000.0
2025-09-18,7,PT1H,MC-Centro,1950330.33,1938000.0
2025-09-18,8,PT1H,MC-Centro,2071936.63,2048000.0
2025-09-18,9,PT1H,MC-Centro,2166317.23,2158000.0
2025-09-18,10,PT1H,MC-Centro,2217695.53,2211000.0
2025-09-18,11,PT1H,MC-Centro,2285773.17,2263000.0
2025-09-18,12,PT1H,MC-Centro,2320865.17,2305000.0
2025-09-18,13,PT1H,MC-Centro,2278523.68,2286000.0
2025-09-18,14,PT1H,MC-Centro,2237326.85,2233000.0
2025-09-18,15,PT1H,MC-Centro,2243808.81,2242000.0
2025-09-18,16,PT1H,MC-Centro,2235555.46,2221000.0
2025-09-18,17,PT1H,MC-Centro,2205823.35,2183000.0
2025-09-18,18,PT1H,MC-Centro,2199725.74,2162000.0
2025-09-18,19,PT1H,MC-Centro,2301919.66,2288000.0
2025-09-18,20,PT1H,MC-Centro,2285155.74,2300000.0
2025-09-18,21,PT1H,MC-Centro,2185979.54,2204000.0
2025-09-18,22,PT1H,MC-Centro,1998344.14,2016000.0
2025-09-18,23,PT1H,MC-Centro,1794173.18,1804000.0
2025-09-18,24,PT1H,MC-Centro,1648524.35,1652000.0
2026-02-22,1,PT1H,MC-Centro,1439420.02,1448000.0
2026-02-22,2,PT1H,MC-Centro,1365719.25,1371000.0
2026-02-22,3,PT1H,MC-Centro,1305351.85,1313000.0
2026-02-22,4,PT1H,MC-Centro,1264125.03,1278000.0
2026-02-22,5,PT1H,MC-Centro,1266900.08,1278000.0
2026-02-22,6,PT1H,MC-Centro,1285912.99,1291000.0
2026-02-22,7,PT1H,MC-Centro,1317888.25,1323000.0
2026-02-22,8,PT1H,MC-Centro,1437973.61,1449000.0
2026-02-22,9,PT1H,MC-Centro,1565587.21,1594000.0
2026-02-22,10,PT1H,MC-Centro,1676954.99,1708000.0
2026-02-22,11,PT1H,MC-Centro,1779557.65,1798000.0
2026-02-22,12,PT1H,MC-Centro,1828017.94,1842000.0
2026-02-22,13,PT1H,MC-Centro,1850023.78,1870000.0
2026-02-22,14,PT1H,MC-Centro,1824462.46,1819000.0
2026-02-22,15,PT1H,MC-Centro,1788647.22,1771000.0
2026-02-22,16,PT1H,MC-Centro,1753018.2,1754000.0
2026-02-22,17,PT1H,MC-Centro,1740212.21,1741000.0
2026-02-22,18,PT1H,MC-Centro,1757611.2,1790000.0
2026-02-22,19,PT1H,MC-Centro,1930246.28,1953000.0
2026-02-22,20,PT1H,MC-Centro,1978267.08,1989000.0
2026-02-22,21,PT1H,MC-Centro,1906244.24,1922000.0
2026-02-22,22,PT1H,MC-Centro,1751239.07,1776000.0
2026-02-22,23,PT1H,MC-Centro,1611896.15,1625000.0
2026-02-22,24,PT1H,MC-Centro,1492082.16,1500000.0
2025-05-29,1,PT1H,MC-Centro,1522173.11,1532000.0
2025-05-29,2,PT1H,MC-Centro,1450232.48,1463000.0
2025-05-29,3,PT1H,MC-Centro,1395163.89,1419000.0
2025-05-29,4,PT1H,MC-Centro,1398548.94,1421000.0
2025-05-29,5,PT1H,MC-Centro,1522612.15,1549000.0
2025-05-29,6,PT1H,MC-Centro,1746701.47,1795000.0
2025-05-29,7,PT1H,MC-Centro,1876576.5,1888000.0
2025-05-29,8,PT1H,MC-Centro,2027176.18,2008000.0
2025-05-29,9,PT1H,MC-Centro,2130971.9,2111000.0
2025-05-29,10,PT1H,MC-Centro,2178150.59,2169000.0
2025-05-29,11,PT1H,MC-Centro,2253159.38,2234000.0
2025-05-29,12,PT1H,MC-Centro,2290948.04,2281000.0
2025-05-29,13,PT1H,MC-Centro,2270722.9,2265000.0
2025-05-29,14,PT1H,MC-Centro,2234578.76,2206000.0
2025-05-29,15,PT1H,MC-Centro,2215139.92,2202000.0
2025-05-29,16,PT1H,MC-Centro,2204922.82,2199000.0
2025-05-29,17,PT1H,MC-Centro,2163150.04,2159000.0
2025-05-29,18,PT1H,MC-Centro,2132319.91,2129000.0
2025-05-29,19,PT1H,MC-Centro,2260087.82,2241000.0
2025-05-29,20,PT1H,MC-Centro,2289244.52,2256000.0
2025-05-29,21,PT1H,MC-Centro,2196359.51,2172000.0
2025-05-29,22,PT1H,MC-Centro,2000849.29,1992000.0
2025-05-29,23,PT1H,MC-Centro,1788167.68,1786000.0
2025-05-29,24,PT1H,MC-Centro,1641642.42,1640000.0
2025-07-31,1,PT1H,MC-Centro,1529415.66,1548910.0
2025-07-31,2,PT1H,MC-Centro,1464036.02,1480210.0
2025-07-31,3,PT1H,MC-Centro,1409883.4,1434000.0
2025-07-31,4,PT1H,MC-Centro,1410911.15,1433690.0
2025-07-31,5,PT1H,MC-Centro,1550826.99,1567360.0
2025-07-31,6,PT1H,MC-Centro,1801361.41,1814960.0
2025-07-31,7,PT1H,MC-Centro,1881442.24,1919670.0
2025-07-31,8,PT1H,MC-Centro,1990805.82,2033650.0
2025-07-31,9,PT1H,MC-Centro,2096986.86,2143830.0
2025-07-31,10,PT1H,MC-Centro,2149746.53,2195480.0
2025-07-31,11,PT1H,MC-Centro,2218475.51,2255330.0
2025-07-31,12,PT1H,MC-Centro,2257542.17,2306380.0
2025-07-31,13,PT1H,MC-Centro,2253662.32,2294860.0
2025-07-31,14,PT1H,MC-Centro,2199944.86,2245850.0
2025-07-31,15,PT1H,MC-Centro,2197090.89,2229950.0
2025-07-31,16,PT1H,MC-Centro,2203390.01,2220070.0
2025-07-31,17,PT1H,MC-Centro,2158599.8,2175200.0
2025-07-31,18,PT1H,MC-Centro,2089723.14,2135760.0
2025-07-31,19,PT1H,MC-Centro,2211885.97,2244700.0
2025-07-31,20,PT1H,MC-Centro,2267364.45,2287450.0
2025-07-31,21,PT1H,MC-Centro,2188322.86,2200540.0
2025-07-31,22,PT1H,MC-Centro,2004445.2,2017030.0
2025-07-31,23,PT1H,MC-Centro,1785471.96,1811600.0
2025-07-31,24,PT1H,MC-Centro,1645386.08,1658740.0
2024-12-03,1,PT1H,MC-Centro,1572972.07,1534000.0
2024-12-03,2,PT1H,MC-Centro,1488289.31,1466000.0
2024-12-03,3,PT1H,MC-Centro,1440299.29,1418000.0
2024-12-03,4,PT1H,MC-Centro,1443691.82,1416000.0
2024-12-03,5,PT1H,MC-Centro,1535031.04,1497000.0
2024-12-03,6,PT1H,MC-Centro,1678401.25,1648000.0
2024-12-03,7,PT1H,MC-Centro,1870207.76,1830000.0
2024-12-03,8,PT1H,MC-Centro,2047233.65,1992000.0
2024-12-03,9,PT1H,MC-Centro,2132042.32,2108000.0
2024-12-03,10,PT1H,MC-Centro,2181379.3,2156000.0
2024-12-03,11,PT1H,MC-Centro,2229826.31,2218000.0
2024-12-03,12,PT1H,MC-Centro,2313381.33,2269000.0
2024-12-03,13,PT1H,MC-Centro,2306432.19,2276000.0
2024-12-03,14,PT1H,MC-Centro,2249045.91,2226000.0
2024-12-03,15,PT1H,MC-Centro,2266970.35,2219000.0
2024-12-03,16,PT1H,MC-Centro,2266646.7,2210000.0
2024-12-03,17,PT1H,MC-Centro,2203910.8,2172000.0
2024-12-03,18,PT1H,MC-Centro,2216882.4,2183000.0
2024-12-03,19,PT1H,MC-Centro,2304288.63,2257000.0
2024-12-03,20,PT1H,MC-Centro,2293788.33,2245000.0
2024-12-03,21,PT1H,MC-Centro,2206993.71,2157000.0
2024-12-03,22,PT1H,MC-Centro,2031695.66,1979000.0
2024-12-03,23,PT1H,MC-Centro,1838851.24,1779000.0
2024-12-03,24,PT1H,MC-Centro,1693560.96,1635000.0
2024-09-06,1,PT1H,MC-Centro,1403668.38,1464000.0
2024-09-06,2,PT1H,MC-Centro,1341273.77,1383000.0
2024-09-06,3,PT1H,MC-Centro,1294997.36,1337000.0
2024-09-06,4,PT1H,MC-Centro,1307622.2,1345000.0
2024-09-06,5,PT1H,MC-Centro,1412197.22,1483000.0
2024-09-06,6,PT1H,MC-Centro,1602616.66,1633000.0
2024-09-06,7,PT1H,MC-Centro,1782697.65,1788000.0
2024-09-06,8,PT1H,MC-Centro,1952761.47,1909000.0
2024-09-06,9,PT1H,MC-Centro,2058823.63,2020000.0
2024-09-06,10,PT1H,MC-Centro,2119703.97,2078000.0
2024-09-06,11,PT1H,MC-Centro,2187748.67,2193000.0
2024-09-06,12,PT1H,MC-Centro,2230839.87,2216000.0
2024-09-06,13,PT1H,MC-Centro,2213884.11,2199000.0
2024-09-06,14,PT1H,MC-Centro,2158435.55,2131000.0
2024-09-06,15,PT1H,MC-Centro,2158599.03,2090000.0
2024-09-06,16,PT1H,MC-Centro,2147673.41,2056000.0
2024-09-06,17,PT1H,MC-Centro,2107591.93,1994000.0
2024-09-06,18,PT1H,MC-Centro,2078282.57,1920000.0
2024-09-06,19,PT1H,MC-Centro,2196563.79,2060000.0
2024-09-06,20,PT1H,MC-Centro,2184057.56,2090000.0
2024-09-06,21,PT1H,MC-Centro,2090718.83,2017000.0
2024-09-06,22,PT1H,MC-Centro,1948648.42,1854000.0
2024-09-06,23,PT1H,MC-Centro,1787941.19,1642000.0
2024-09-06,24,PT1H,MC-Centro,1633982.09,1524000.0
2024-12-13,1,PT1H,MC-Centro,1596171.35,1585000.0
2024-12-13,2,PT1H,MC-Centro,1515467.37,1513000.0
2024-12-13,3,PT1H,MC-Centro,1473654.33,1459000.0
2024-12-13,4,PT1H,MC-Centro,1468538.33,1460000.0
2024-12-13,5,PT1H,MC-Centro,1561723.92,1547000.0
2024-12-13,6,PT1H,MC-Centro,1696460.02,1681000.0
2024-12-13,7,PT1H,MC-Centro,1877932.5,1877000.0
2024-12-13,8,PT1H,MC-Centro,2049379.9,2059000.0
2024-12-13,9,PT1H,MC-Centro,2129324.84,2148000.0
2024-12-13,10,PT1H,MC-Centro,2177189.44,2194000.0
2024-12-13,11,PT1H,MC-Centro,2247329.2,2253000.0
2024-12-13,12,PT1H,MC-Centro,2284410.93,2300000.0
2024-12-13,13,PT1H,MC-Centro,2274363.76,2288000.0
2024-12-13,14,PT1H,MC-Centro,2240481.97,2245000.0
2024-12-13,15,PT1H,MC-Centro,2237497.97,2240000.0
2024-12-13,16,PT1H,MC-Centro,2208891.05,2231000.0
2024-12-13,17,PT1H,MC-Centro,2163538.17,2177000.0
2024-12-13,18,PT1H,MC-Centro,2169528.33,2166000.0
2024-12-13,19,PT1H,MC-Centro,2261521.31,2252000.0
2024-12-13,20,PT1H,MC-Centro,2239936.58,2234000.0
2024-12-13,21,PT1H,MC-Centro,2160387.91,2155000.0
2024-12-13,22,PT1H,MC-Centro,1991079.87,2004000.0
2024-12-13,23,PT1H,MC-Centro,1820849.31,1836000.0
2024-12-13,24,PT1H,MC-Centro,1687692.75,1696000.0
2025-03-04,1,PT1H,MC-Centro,1517355.11,1545000.0
2025-03-04,2,PT1H,MC-Centro,1461438.84,1485000.0
2025-03-04,3,PT1H,MC-Centro,1421943.87,1451000.0
2025-03-04,4,PT1H,MC-Centro,1426715.91,1462000.0
2025-03-04,5,PT1H,MC-Centro,1569898.1,1620000.0
2025-03-04,6,PT1H,MC-Centro,1817638.85,1873000.0
2025-03-04,7,PT1H,MC-Centro,1922195.15,1928000.0
2025-03-04,8,PT1H,MC-Centro,2056434.31,2045000.0
2025-03-04,9,PT1H,MC-Centro,2151559.82,2154000.0
2025-03-04,10,PT1H,MC-Centro,2184269.48,2192000.0
2025-03-04,11,PT1H,MC-Centro,2193085.58,2266000.0
2025-03-04,12,PT1H,MC-Centro,2282660.3,2302000.0
2025-03-04,13,PT1H,MC-Centro,2287466.37,2272000.0
2025-03-04,14,PT1H,MC-Centro,2245184.54,2229000.0
2025-03-04,15,PT1H,MC-Centro,2264366.2,2260000.0
2025-03-04,16,PT1H,MC-Centro,2249095.93,2240000.0
2025-03-04,17,PT1H,MC-Centro,2190497.84,2205000.0
2025-03-04,18,PT1H,MC-Centro,2139969.01,2172000.0
2025-03-04,19,PT1H,MC-Centro,2260732.64,2267000.0
2025-03-04,20,PT1H,MC-Centro,2270048.22,2305000.0
2025-03-04,21,PT1H,MC-Centro,2166386.05,2217000.0
2025-03-04,22,PT1H,MC-Centro,1978169.7,2021000.0
2025-03-04,23,PT1H,MC-Centro,1790285.72,1805000.0
2025-03-04,24,PT1H,MC-Centro,1644510.57,1659000.0
2024-08-30,1,PT1H,MC-Centro,1503104.48,1536000.0
2024-08-30,2,PT1H,MC-Centro,1435711.91,1466000.0
2024-08-30,3,PT1H,MC-Centro,1389690.6,1411000.0
2024-08-30,4,PT1H,MC-Centro,1398379.28,1419000.0
2024-08-30,5,PT1H,MC-Centro,1542772.58,1557000.0
2024-08-30,6,PT1H,MC-Centro,1775741.56,1792000.0
2024-08-30,7,PT1H,MC-Centro,1861470.9,1880000.0
2024-08-30,8,PT1H,MC-Centro,1988336.58,2001000.0
2024-08-30,9,PT1H,MC-Centro,2053185.25,2102000.0
2024-08-30,10,PT1H,MC-Centro,2087051.14,2158000.0
2024-08-30,11,PT1H,MC-Centro,2155820.87,2232000.0
2024-08-30,12,PT1H,MC-Centro,2200791.47,2266000.0
2024-08-30,13,PT1H,MC-Centro,2182647.86,2264000.0
2024-08-30,14,PT1H,MC-Centro,2131230.0,2224000.0
2024-08-30,15,PT1H,MC-Centro,2137780.84,2224000.0
2024-08-30,16,PT1H,MC-Centro,2121750.62,2215000.0
2024-08-30,17,PT1H,MC-Centro,2081564.7,2167000.0
2024-08-30,18,PT1H,MC-Centro,2054399.61,2117000.0
2024-08-30,19,PT1H,MC-Centro,2163449.05,2202000.0
2024-08-30,20,PT1H,MC-Centro,2175920.58,2199000.0
2024-08-30,21,PT1H,MC-Centro,2099826.85,2117000.0
2024-08-30,22,PT1H,MC-Centro,1929563.16,1953000.0
2024-08-30,23,PT1H,MC-Centro,1745804.01,1770000.0
2024-08-30,24,PT1H,MC-Centro,1618818.34,1648000.0
2024-11-13,16,PT1H,MC-Centro,2233722.34,2259000.0
2024-11-13,17,PT1H,MC-Centro,2201929.44,2220000.0
2024-11-13,18,PT1H,MC-Centro,2228820.64,2222000.0
2024-11-13,19,PT1H,MC-Centro,2288082.7,2276000.0
2024-11-13,20,PT1H,MC-Centro,2266040.97,2258000.0
2024-11-13,21,PT1H,MC-Centro,2169829.28,2164000.0
2024-11-13,22,PT1H,MC-Centro,1992502.31,1977000.0
2024-11-13,23,PT1H,MC-Centro,1789474.78,1778000.0
2024-11-13,24,PT1H,MC-Centro,1647541.03,1640000.0
2024-11-13,1,PT1H,MC-Centro,1525127.99,1536000.0
2024-11-13,2,PT1H,MC-Centro,1473421.36,1479000.0
2024-11-13,3,PT1H,MC-Centro,1433628.56,1442000.0
2024-11-13,4,PT1H,MC-Centro,1445322.16,1447000.0
2024-11-13,5,PT1H,MC-Centro,1582029.19,1589000.0
2024-11-13,6,PT1H,MC-Centro,1812245.76,1816000.0
2024-11-13,7,PT1H,MC-Centro,1919071.43,1907000.0
2024-11-13,8,PT1H,MC-Centro,2049418.5,2027000.0
2024-11-13,9,PT1H,MC-Centro,2120145.29,2094000.0
2024-11-13,10,PT1H,MC-Centro,2149781.21,2138000.0
2024-11-13,11,PT1H,MC-Centro,2210334.71,2214000.0
2024-11-13,12,PT1H,MC-Centro,2249286.32,2256000.0
2024-11-13,13,PT1H,MC-Centro,2231569.38,2245000.0
2024-11-13,14,PT1H,MC-Centro,2197971.29,2213000.0
2024-11-13,15,PT1H,MC-Centro,2225414.41,2244000.0
2025-04-02,1,PT1H,MC-Centro,1530161.09,1545000.0
2025-04-02,2,PT1H,MC-Centro,1470011.7,1480000.0
2025-04-02,3,PT1H,MC-Centro,1418423.95,1440000.0
2025-04-02,4,PT1H,MC-Centro,1414220.57,1446000.0
2025-04-02,5,PT1H,MC-Centro,1544018.32,1586000.0
2025-04-02,6,PT1H,MC-Centro,1796937.99,1843000.0
2025-04-02,7,PT1H,MC-Centro,1880122.96,1935000.0
2025-04-02,8,PT1H,MC-Centro,1993260.46,2047000.0
2025-04-02,9,PT1H,MC-Centro,2089817.5,2120000.0
2025-04-02,10,PT1H,MC-Centro,2126639.74,2160000.0
2025-04-02,11,PT1H,MC-Centro,2195841.89,2225000.0
2025-04-02,12,PT1H,MC-Centro,2258530.05,2278000.0
2025-04-02,13,PT1H,MC-Centro,2256654.07,2267000.0
2025-04-02,14,PT1H,MC-Centro,2218577.85,2234000.0
2025-04-02,15,PT1H,MC-Centro,2208038.77,2241000.0
2025-04-02,16,PT1H,MC-Centro,2177471.29,2232000.0
2025-04-02,17,PT1H,MC-Centro,2142740.02,2190000.0
2025-04-02,18,PT1H,MC-Centro,2103361.18,2157000.0
2025-04-02,19,PT1H,MC-Centro,2238822.41,2271000.0
2025-04-02,20,PT1H,MC-Centro,2270329.92,2293000.0
2025-04-02,21,PT1H,MC-Centro,2188468.02,2201000.0
2025-04-02,22,PT1H,MC-Centro,2014012.0,2008000.0
2025-04-02,23,PT1H,MC-Centro,1794069.14,1803000.0
2025-04-02,24,PT1H,MC-Centro,1638272.64,1659000.0
2025-10-31,1,PT1H,MC-Centro,3141660.62,3156000.0
2025-10-31,2,PT1H,MC-Centro,2982843.48,3028000.0
2025-10-31,3,PT1H,MC-Centro,2898127.6,2938000.0
2025-10-31,4,PT1H,MC-Centro,2904618.02,2948000.0
2025-10-31,5,PT1H,MC-Centro,3211081.5,3224000.0
2025-10-31,6,PT1H,MC-Centro,3612384.36,3674000.0
2025-10-31,7,PT1H,MC-Centro,3862840.12,3902000.0
2025-10-31,8,PT1H,MC-Centro,4114963.0,4148000.0
2025-10-31,9,PT1H,MC-Centro,4343076.46,4338000.0
2025-10-31,10,PT1H,MC-Centro,4463026.38,4430000.0
2025-10-31,11,PT1H,MC-Centro,4553800.36,4580000.0
2025-10-31,12,PT1H,MC-Centro,4622413.84,4676000.0
2025-10-31,13,PT1H,MC-Centro,4588094.38,4638000.0
2025-10-31,14,PT1H,MC-Centro,4477746.06,4496000.0
2025-10-31,15,PT1H,MC-Centro,4432922.2,4502000.0
2025-10-31,16,PT1H,MC-Centro,4356629.14,4464000.0
2025-10-31,17,PT1H,MC-Centro,4220316.86,4350000.0
2025-10-31,18,PT1H,MC-Centro,4194358.1,4358000.0
2025-10-31,19,PT1H,MC-Centro,4275277.96,4374000.0
2025-10-31,20,PT1H,MC-Centro,4113387.52,4260000.0
2025-10-31,21,PT1H,MC-Centro,3963705.32,4102000.0
2025-10-31,22,PT1H,MC-Centro,3755327.64,3856000.0
2025-10-31,23,PT1H,MC-Centro,3497357.28,3542000.0
2025-10-31,24,PT1H,MC-Centro,3258366.56,3262000.0
2025-09-02,13,PT1H,MC-Centro,2253777.31,2249660.0
2025-09-02,14,PT1H,MC-Centro,2211424.03,2204610.0
2025-09-02,15,PT1H,MC-Centro,2213211.28,2202970.0
2025-09-02,16,PT1H,MC-Centro,2210384.85,2193510.0
2025-09-02,17,PT1H,MC-Centro,2157032.14,2161880.0
2025-09-02,18,PT1H,MC-Centro,2130991.33,2142080.0
2025-09-02,19,PT1H,MC-Centro,2276388.15,2258640.0
2025-09-02,20,PT1H,MC-Centro,2303614.96,2284010.0
2025-09-02,21,PT1H,MC-Centro,2209980.17,2189270.0
2025-09-02,22,PT1H,MC-Centro,2021363.96,1996580.0
2025-09-02,23,PT1H,MC-Centro,1803936.64,1783910.0
2025-09-02,24,PT1H,MC-Centro,1637643.61,1633110.0
2025-09-02,1,PT1H,MC-Centro,1511117.78,1520880.0
2025-09-02,2,PT1H,MC-Centro,1450082.66,1461320.0
2025-09-02,3,PT1H,MC-Centro,1409156.23,1415790.0
2025-09-02,4,PT1H,MC-Centro,1415771.56,1414940.0
2025-09-02,5,PT1H,MC-Centro,1554874.36,1560230.0
2025-09-02,6,PT1H,MC-Centro,1821965.93,1825880.0
2025-09-02,7,PT1H,MC-Centro,1914586.78,1916660.0
2025-09-02,8,PT1H,MC-Centro,2045884.2,2031000.0
2025-09-02,9,PT1H,MC-Centro,2145767.94,2117360.0
2025-09-02,10,PT1H,MC-Centro,2181444.16,2170130.0
2025-09-02,11,PT1H,MC-Centro,2246775.15,2232960.0
2025-09-02,12,PT1H,MC-Centro,2287183.73,2271310.0
2025-12-01,1,PT1H,MC-Centro,1401231.09,1396000.0
2025-12-01,2,PT1H,MC-Centro,1336658.66,1343000.0
2025-12-01,3,PT1H,MC-Centro,1286396.09,1299000.0
2025-12-01,4,PT1H,MC-Centro,1288037.13,1313000.0
2025-12-01,5,PT1H,MC-Centro,1410291.28,1426000.0
2025-12-01,6,PT1H,MC-Centro,1582654.56,1598000.0
2025-12-01,7,PT1H,MC-Centro,1787054.24,1786000.0
2025-12-01,8,PT1H,MC-Centro,1971261.63,1974000.0
2025-12-01,9,PT1H,MC-Centro,2092406.29,2128000.0
2025-12-01,10,PT1H,MC-Centro,2183315.14,2224000.0
2025-12-01,11,PT1H,MC-Centro,2249042.35,2290000.0
2025-12-01,12,PT1H,MC-Centro,2308446.91,2354000.0
2025-12-01,13,PT1H,MC-Centro,2307321.6,2346000.0
2025-12-01,14,PT1H,MC-Centro,2250064.78,2308000.0
2025-12-01,15,PT1H,MC-Centro,2271421.58,2310000.0
2025-12-01,16,PT1H,MC-Centro,2251585.55,2297000.0
2025-12-01,17,PT1H,MC-Centro,2205201.76,2255000.0
2025-12-01,18,PT1H,MC-Centro,2233220.21,2265000.0
2025-12-01,19,PT1H,MC-Centro,2317686.14,2358000.0
2025-12-01,20,PT1H,MC-Centro,2300022.87,2342000.0
2025-12-01,21,PT1H,MC-Centro,2217653.64,2238000.0
2025-12-01,22,PT1H,MC-Centro,2038160.38,2071000.0
2025-12-01,23,PT1H,MC-Centro,1835626.75,1835000.0
2025-12-01,24,PT1H,MC-Centro,1689408.57,1671000.0
2024-10-19,1,PT1H,MC-Centro,1576385.93,1564000.0
2024-10-19,2,PT1H,MC-Centro,1511246.18,1496000.0
2024-10-19,3,PT1H,MC-Centro,1464057.13,1445000.0
2024-10-19,4,PT1H,MC-Centro,1448354.82,1432000.0
2024-10-19,5,PT1H,MC-Centro,1487272.06,1472000.0
2024-10-19,6,PT1H,MC-Centro,1532997.79,1532000.0
2024-10-19,7,PT1H,MC-Centro,1704603.22,1688000.0
2024-10-19,8,PT1H,MC-Centro,1889149.87,1855000.0
2024-10-19,9,PT1H,MC-Centro,2004457.96,1958000.0
2024-10-19,10,PT1H,MC-Centro,2067658.52,2048000.0
2024-10-19,11,PT1H,MC-Centro,2141378.63,2104000.0
2024-10-19,12,PT1H,MC-Centro,2157221.82,2114000.0
2024-10-19,13,PT1H,MC-Centro,2119874.43,2083000.0
2024-10-19,14,PT1H,MC-Centro,2046285.35,2015000.0
2024-10-19,15,PT1H,MC-Centro,2005602.64,1973000.0
2024-10-19,16,PT1H,MC-Centro,1970769.32,1943000.0
2024-10-19,17,PT1H,MC-Centro,1951867.99,1911000.0
2024-10-19,18,PT1H,MC-Centro,2003866.52,1938000.0
2024-10-19,19,PT1H,MC-Centro,2070378.05,2020000.0
2024-10-19,20,PT1H,MC-Centro,2036247.42,2000000.0
2024-10-19,21,PT1H,MC-Centro,1945656.7,1922000.0
2024-10-19,22,PT1H,MC-Centro,1809558.13,1785000.0
2024-10-19,23,PT1H,MC-Centro,1664189.43,1637000.0
2024-10-19,24,PT1H,MC-Centro,1532903.8,1515000.0
2026-01-26,1,PT1H,MC-Centro,1403396.83,1391000.0
2026-01-26,2,PT1H,MC-Centro,1344222.22,1335000.0
2026-01-26,3,PT1H,MC-Centro,1303364.42,1300000.0
2026-01-26,4,PT1H,MC-Centro,1326075.51,1322000.0
2026-01-26,5,PT1H,MC-Centro,1461790.04,1456000.0
2026-01-26,6,PT1H,MC-Centro,1665533.59,1655000.0
2026-01-26,7,PT1H,MC-Centro,1840120.6,1815000.0
2026-01-26,8,PT1H,MC-Centro,2015293.84,1981000.0
2026-01-26,9,PT1H,MC-Centro,2134278.01,2105000.0
2026-01-26,10,PT1H,MC-Centro,2211327.62,2188000.0
2026-01-26,11,PT1H,MC-Centro,2284546.4,2259000.0
2026-01-26,12,PT1H,MC-Centro,2343224.74,2324000.0
2026-01-26,13,PT1H,MC-Centro,2352708.76,2326000.0
2026-01-26,14,PT1H,MC-Centro,2303101.45,2297000.0
2026-01-26,15,PT1H,MC-Centro,2283243.79,2293000.0
2026-01-26,16,PT1H,MC-Centro,2250361.43,2265000.0
2026-01-26,17,PT1H,MC-Centro,2225881.45,2204000.0
2026-01-26,18,PT1H,MC-Centro,2178767.7,2191000.0
2026-01-26,19,PT1H,MC-Centro,2277659.28,2304000.0
2026-01-26,20,PT1H,MC-Centro,2297122.89,2306000.0
2026-01-26,21,PT1H,MC-Centro,2202623.91,2203000.0
2026-01-26,22,PT1H,MC-Centro,1999238.48,2028000.0
2026-01-26,23,PT1H,MC-Centro,1799033.0,1811000.0
2026-01-26,24,PT1H,MC-Centro,1673254.42,1645000.0
2024-10-16,1,PT1H,MC-Centro,1536444.49,1520000.0
2024-10-16,2,PT1H,MC-Centro,1463920.35,1461000.0
2024-10-16,3,PT1H,MC-Centro,1420582.13,1418000.0
2024-10-16,4,PT1H,MC-Centro,1430934.12,1426000.0
2024-10-16,5,PT1H,MC-Centro,1571231.83,1573000.0
2024-10-16,6,PT1H,MC-Centro,1794408.79,1808000.0
2024-10-16,7,PT1H,MC-Centro,1874165.78,1894000.0
2024-10-16,8,PT1H,MC-Centro,1989474.39,1987000.0
2024-10-16,9,PT1H,MC-Centro,2067981.81,2063000.0
2024-10-16,10,PT1H,MC-Centro,2125576.31,2106000.0
2024-10-16,11,PT1H,MC-Centro,2197981.45,2185000.0
2024-10-16,12,PT1H,MC-Centro,2230414.02,2219000.0
2024-10-16,13,PT1H,MC-Centro,2215581.52,2217000.0
2024-10-16,14,PT1H,MC-Centro,2195264.28,2183000.0
2024-10-16,15,PT1H,MC-Centro,2209952.72,2202000.0
2024-10-16,16,PT1H,MC-Centro,2203956.27,2200000.0
2024-10-16,17,PT1H,MC-Centro,2183146.27,2157000.0
2024-10-16,18,PT1H,MC-Centro,2192504.95,2147000.0
2024-10-16,19,PT1H,MC-Centro,2257969.71,2247000.0
2024-10-16,20,PT1H,MC-Centro,2249715.35,2245000.0
2024-10-16,21,PT1H,MC-Centro,2160887.35,2149000.0
2024-10-16,22,PT1H,MC-Centro,1988489.29,1969000.0
2024-10-16,23,PT1H,MC-Centro,1793271.04,1763000.0
2024-10-16,24,PT1H,MC-Centro,1637796.93,1629000.0
2024-09-21,1,PT1H,MC-Centro,1568390.05,1554000.0
2024-09-21,2,PT1H,MC-Centro,1507045.7,1485000.0
2024-09-21,3,PT1H,MC-Centro,1449326.54,1434000.0
2024-09-21,4,PT1H,MC-Centro,1433642.5,1422000.0
2024-09-21,5,PT1H,MC-Centro,1474072.6,1463000.0
2024-09-21,6,PT1H,MC-Centro,1537264.75,1524000.0
2024-09-21,7,PT1H,MC-Centro,1713633.84,1680000.0
2024-09-21,8,PT1H,MC-Centro,1894050.03,1845000.0
2024-09-21,9,PT1H,MC-Centro,1994910.66,1968000.0
2024-09-21,10,PT1H,MC-Centro,2075667.92,2073000.0
2024-09-21,11,PT1H,MC-Centro,2119354.65,2136000.0
2024-09-21,12,PT1H,MC-Centro,2116083.03,2151000.0
2024-09-21,13,PT1H,MC-Centro,2084139.54,2123000.0
2024-09-21,14,PT1H,MC-Centro,2013644.67,2052000.0
2024-09-21,15,PT1H,MC-Centro,1965269.23,1986000.0
2024-09-21,16,PT1H,MC-Centro,1937166.31,1956000.0
2024-09-21,17,PT1H,MC-Centro,1911128.77,1923000.0
2024-09-21,18,PT1H,MC-Centro,1917077.05,1914000.0
2024-09-21,19,PT1H,MC-Centro,2031086.97,2026000.0
2024-09-21,20,PT1H,MC-Centro,2010907.4,2021000.0
2024-09-21,21,PT1H,MC-Centro,1935953.08,1941000.0
2024-09-21,22,PT1H,MC-Centro,1803722.81,1810000.0
2024-09-21,23,PT1H,MC-Centro,1655430.35,1656000.0
2024-09-21,24,PT1H,MC-Centro,1534901.02,1530000.0
2025-01-31,1,PT1H,MC-Centro,1530504.87,1565000.0
2025-01-31,2,PT1H,MC-Centro,1473056.92,1494000.0
2025-01-31,3,PT1H,MC-Centro,1419014.56,1455000.0
2025-01-31,4,PT1H,MC-Centro,1431764.26,1449000.0
2025-01-31,5,PT1H,MC-Centro,1557101.62,1567000.0
2025-01-31,6,PT1H,MC-Centro,1754272.99,1747000.0
2025-01-31,7,PT1H,MC-Centro,1870864.82,1893000.0
2025-01-31,8,PT1H,MC-Centro,2009064.66,2041000.0
2025-01-31,9,PT1H,MC-Centro,2098937.68,2132000.0
2025-01-31,10,PT1H,MC-Centro,2148362.6,2180000.0
2025-01-31,11,PT1H,MC-Centro,2222483.15,2244000.0
2025-01-31,12,PT1H,MC-Centro,2256326.48,2290000.0
2025-01-31,13,PT1H,MC-Centro,2233985.1,2274000.0
2025-01-31,14,PT1H,MC-Centro,2181272.67,2228000.0
2025-01-31,15,PT1H,MC-Centro,2195826.21,2222000.0
2025-01-31,16,PT1H,MC-Centro,2178398.24,2206000.0
2025-01-31,17,PT1H,MC-Centro,2122803.25,2163000.0
2025-01-31,18,PT1H,MC-Centro,2089348.5,2146000.0
2025-01-31,19,PT1H,MC-Centro,2193845.3,2229000.0
2025-01-31,20,PT1H,MC-Centro,2209048.07,2218000.0
2025-01-31,21,PT1H,MC-Centro,2126141.91,2133000.0
2025-01-31,22,PT1H,MC-Centro,1964249.95,1970000.0
2025-01-31,23,PT1H,MC-Centro,1800535.39,1787000.0
2025-01-31,24,PT1H,MC-Centro,1663970.0,1658000.0
2025-02-22,1,PT1H,MC-Centro,1573005.01,1584000.0
2025-02-22,2,PT1H,MC-Centro,1505204.2,1512000.0
2025-02-22,3,PT1H,MC-Centro,1453611.89,1465000.0
2025-02-22,4,PT1H,MC-Centro,1435729.29,1449000.0
2025-02-22,5,PT1H,MC-Centro,1457419.59,1487000.0
2025-02-22,6,PT1H,MC-Centro,1556626.6,1572000.0
2025-02-22,7,PT1H,MC-Centro,1701238.96,1713000.0
2025-02-22,8,PT1H,MC-Centro,1899558.4,1884000.0
2025-02-22,9,PT1H,MC-Centro,2011428.24,1998000.0
2025-02-22,10,PT1H,MC-Centro,2076247.39,2082000.0
2025-02-22,11,PT1H,MC-Centro,2128388.3,2140000.0
2025-02-22,12,PT1H,MC-Centro,2147707.97,2154000.0
2025-02-22,13,PT1H,MC-Centro,2109664.23,2127000.0
2025-02-22,14,PT1H,MC-Centro,2052843.72,2056000.0
2025-02-22,15,PT1H,MC-Centro,1988969.52,1996000.0
2025-02-22,16,PT1H,MC-Centro,1944050.95,1972000.0
2025-02-22,17,PT1H,MC-Centro,1913940.37,1933000.0
2025-02-22,18,PT1H,MC-Centro,1931212.56,1932000.0
2025-02-22,19,PT1H,MC-Centro,1994344.49,2034000.0
2025-02-22,20,PT1H,MC-Centro,2010463.77,2032000.0
2025-02-22,21,PT1H,MC-Centro,1919071.76,1951000.0
2025-02-22,22,PT1H,MC-Centro,1772389.33,1827000.0
2025-02-22,23,PT1H,MC-Centro,1642563.4,1666000.0
2025-02-22,24,PT1H,MC-Centro,1527507.55,1538000.0
2025-10-21,1,PT1H,MC-Centro,3088970.08,3086000.0
2025-10-21,2,PT1H,MC-Centro,2980938.52,2954000.0
2025-10-21,3,PT1H,MC-Centro,2879057.66,2880000.0
2025-10-21,4,PT1H,MC-Centro,2886011.26,2878000.0
2025-10-21,5,PT1H,MC-Centro,3181896.48,3166000.0
2025-10-21,6,PT1H,MC-Centro,3675018.36,3672000.0
2025-10-21,7,PT1H,MC-Centro,3873274.58,3850000.0
2025-10-21,8,PT1H,MC-Centro,4078506.86,4108000.0
2025-10-21,9,PT1H,MC-Centro,4290528.72,4304000.0
2025-10-21,10,PT1H,MC-Centro,4418004.0,4420000.0
2025-10-21,11,PT1H,MC-Centro,4539275.82,4540000.0
2025-10-21,12,PT1H,MC-Centro,4612213.96,4634000.0
2025-10-21,13,PT1H,MC-Centro,4546416.66,4600000.0
2025-10-21,14,PT1H,MC-Centro,4464411.96,4496000.0
2025-10-21,15,PT1H,MC-Centro,4487066.54,4496000.0
2025-10-21,16,PT1H,MC-Centro,4491329.38,4462000.0
2025-10-21,17,PT1H,MC-Centro,4433286.64,4374000.0
2025-10-21,18,PT1H,MC-Centro,4442424.38,4390000.0
2025-10-21,19,PT1H,MC-Centro,4646795.92,4620000.0
2025-10-21,20,PT1H,MC-Centro,4600066.02,4606000.0
2025-10-21,21,PT1H,MC-Centro,4380004.28,4398000.0
2025-10-21,22,PT1H,MC-Centro,3972198.36,4022000.0
2025-10-21,23,PT1H,MC-Centro,3564932.2,3588000.0
2025-10-21,24,PT1H,MC-Centro,3281309.82,3290000.0
2025-03-30,1,PT1H,MC-Centro,1446744.26,1414790.0
2025-03-30,2,PT1H,MC-Centro,1370898.21,1350390.0
2025-03-30,3,PT1H,MC-Centro,1308817.33,1296930.0
2025-03-30,4,PT1H,MC-Centro,1268161.97,1262130.0
2025-03-30,5,PT1H,MC-Centro,1259368.32,1254160.0
2025-03-30,6,PT1H,MC-Centro,1266713.61,1263030.0
2025-03-30,7,PT1H,MC-Centro,1303803.92,1297480.0
2025-03-30,8,PT1H,MC-Centro,1453092.29,1433280.0
2025-03-30,9,PT1H,MC-Centro,1558186.79,1548190.0
2025-03-30,10,PT1H,MC-Centro,1636881.92,1655210.0
2025-03-30,11,PT1H,MC-Centro,1701340.09,1729180.0
2025-03-30,12,PT1H,MC-Centro,1765505.88,1781730.0
2025-03-30,13,PT1H,MC-Centro,1800041.46,1791480.0
2025-03-30,14,PT1H,MC-Centro,1797106.47,1760650.0
2025-03-30,15,PT1H,MC-Centro,1748161.3,1717170.0
2025-03-30,16,PT1H,MC-Centro,1708421.45,1691180.0
2025-03-30,17,PT1H,MC-Centro,1700172.07,1677060.0
2025-03-30,18,PT1H,MC-Centro,1728858.57,1721830.0
2025-03-30,19,PT1H,MC-Centro,1881877.9,1882210.0
2025-03-30,20,PT1H,MC-Centro,1923183.92,1931870.0
2025-03-30,21,PT1H,MC-Centro,1863961.19,1864550.0
2025-03-30,22,PT1H,MC-Centro,1727536.69,1731310.0
2025-03-30,23,PT1H,MC-Centro,1580219.85,1585720.0
2025-03-30,24,PT1H,MC-Centro,1449725.43,1469340.0
2025-10-08,1,PT1H,MC-Centro,3154006.06,3052000.0
2025-10-08,2,PT1H,MC-Centro,3022054.92,2934000.0
2025-10-08,3,PT1H,MC-Centro,2911712.74,2842000.0
2025-10-08,4,PT1H,MC-Centro,2877848.48,2854000.0
2025-10-08,5,PT1H,MC-Centro,3076878.52,3066000.0
2025-10-08,6,PT1H,MC-Centro,3347928.04,3472000.0
2025-10-08,7,PT1H,MC-Centro,3736695.94,3764000.0
2025-10-08,8,PT1H,MC-Centro,4086984.38,4024000.0
2025-10-08,9,PT1H,MC-Centro,4480582.3,4214000.0
2025-10-08,10,PT1H,MC-Centro,4472887.58,4346000.0
2025-10-08,11,PT1H,MC-Centro,4595665.8,4486000.0
2025-10-08,12,PT1H,MC-Centro,4697249.04,4574000.0
2025-10-08,13,PT1H,MC-Centro,4727835.88,4532000.0
2025-10-08,14,PT1H,MC-Centro,4616902.64,4448000.0
2025-10-08,15,PT1H,MC-Centro,4720315.54,4450000.0
2025-10-08,16,PT1H,MC-Centro,4556362.82,4430000.0
2025-10-08,17,PT1H,MC-Centro,4587525.48,4388000.0
2025-10-08,18,PT1H,MC-Centro,4483229.12,4362000.0
2025-10-08,19,PT1H,MC-Centro,4700071.98,4574000.0
2025-10-08,20,PT1H,MC-Centro,4720510.2,4584000.0
2025-10-08,21,PT1H,MC-Centro,4487870.42,4408000.0
2025-10-08,22,PT1H,MC-Centro,4111987.36,4018000.0
2025-10-08,23,PT1H,MC-Centro,3698977.06,3596000.0
2025-10-08,24,PT1H,MC-Centro,3346531.96,3312000.0
2025-12-17,1,PT1H,MC-Centro,1605637.22,1616000.0
2025-12-17,2,PT1H,MC-Centro,1550357.21,1545000.0
2025-12-17,3,PT1H,MC-Centro,1502802.88,1489000.0
2025-12-17,4,PT1H,MC-Centro,1480184.6,1497000.0
2025-12-17,5,PT1H,MC-Centro,1568308.52,1564000.0
2025-12-17,6,PT1H,MC-Centro,1692621.7,1679000.0
2025-12-17,7,PT1H,MC-Centro,1856089.65,1872000.0
2025-12-17,8,PT1H,MC-Centro,2048097.42,2043000.0
2025-12-17,9,PT1H,MC-Centro,2167302.08,2181000.0
2025-12-17,10,PT1H,MC-Centro,2233985.7,2242000.0
2025-12-17,11,PT1H,MC-Centro,2304371.1,2301000.0
2025-12-17,12,PT1H,MC-Centro,2363150.14,2364000.0
2025-12-17,13,PT1H,MC-Centro,2350774.74,2354000.0
2025-12-17,14,PT1H,MC-Centro,2295912.43,2298000.0
2025-12-17,15,PT1H,MC-Centro,2315499.04,2292000.0
2025-12-17,16,PT1H,MC-Centro,2301913.59,2277000.0
2025-12-17,17,PT1H,MC-Centro,2266921.18,2236000.0
2025-12-17,18,PT1H,MC-Centro,2272297.01,2251000.0
2025-12-17,19,PT1H,MC-Centro,2354588.83,2352000.0
2025-12-17,20,PT1H,MC-Centro,2327144.45,2341000.0
2025-12-17,21,PT1H,MC-Centro,2240038.7,2241000.0
2025-12-17,22,PT1H,MC-Centro,2093867.57,2073000.0
2025-12-17,23,PT1H,MC-Centro,1911800.23,1877000.0
2025-12-17,24,PT1H,MC-Centro,1753142.84,1726000.0
2024-11-20,6,PT1H,MC-Centro,1755975.36,1818380.0
2024-11-20,7,PT1H,MC-Centro,1913998.92,1919500.0
2024-11-20,8,PT1H,MC-Centro,2052084.44,2043280.0
2024-11-20,9,PT1H,MC-Centro,2127044.9,2113800.0
2024-11-20,10,PT1H,MC-Centro,2174680.26,2149290.0
2024-11-20,11,PT1H,MC-Centro,2255150.57,2214980.0
2024-11-20,12,PT1H,MC-Centro,2299631.31,2255930.0
2024-11-20,13,PT1H,MC-Centro,2283572.39,2239920.0
2024-11-20,14,PT1H,MC-Centro,2207044.96,2208200.0
2024-11-20,15,PT1H,MC-Centro,2242824.82,2235030.0
2024-11-20,16,PT1H,MC-Centro,2232715.89,2247220.0
2024-11-20,17,PT1H,MC-Centro,2180147.46,2211410.0
2024-11-20,18,PT1H,MC-Centro,2196051.94,2231720.0
2024-11-20,19,PT1H,MC-Centro,2281263.22,2286010.0
2024-11-20,20,PT1H,MC-Centro,2259405.35,2266200.0
2024-11-20,21,PT1H,MC-Centro,2143526.24,2173210.0
2024-11-20,22,PT1H,MC-Centro,1977737.71,1992590.0
2024-11-20,23,PT1H,MC-Centro,1772179.41,1789690.0
2024-11-20,24,PT1H,MC-Centro,1642774.41,1650740.0
2024-11-20,1,PT1H,MC-Centro,1547651.69,1535380.0
2024-11-20,2,PT1H,MC-Centro,1499912.64,1481110.0
2024-11-20,3,PT1H,MC-Centro,1457275.03,1442300.0
2024-11-20,4,PT1H,MC-Centro,1452685.07,1448440.0
2024-11-20,5,PT1H,MC-Centro,1565667.35,1588980.0
2025-08-20,1,PT1H,MC-Centro,1525880.1,1518830.0
2025-08-20,2,PT1H,MC-Centro,1460301.24,1463960.0
2025-08-20,3,PT1H,MC-Centro,1417809.41,1417700.0
2025-08-20,4,PT1H,MC-Centro,1425392.87,1422590.0
2025-08-20,5,PT1H,MC-Centro,1561340.99,1558420.0
2025-08-20,6,PT1H,MC-Centro,1818754.44,1808520.0
2025-08-20,7,PT1H,MC-Centro,1914695.93,1905240.0
2025-08-20,8,PT1H,MC-Centro,2019934.66,2020720.0
2025-08-20,9,PT1H,MC-Centro,2109976.28,2124680.0
2025-08-20,10,PT1H,MC-Centro,2156037.85,2175320.0
2025-08-20,11,PT1H,MC-Centro,2229224.19,2247660.0
2025-08-20,12,PT1H,MC-Centro,2276071.03,2285480.0
2025-08-20,13,PT1H,MC-Centro,2264534.62,2266300.0
2025-08-20,14,PT1H,MC-Centro,2222211.67,2214090.0
2025-08-20,15,PT1H,MC-Centro,2234722.43,2225400.0
2025-08-20,16,PT1H,MC-Centro,2223242.35,2215860.0
2025-08-20,17,PT1H,MC-Centro,2197533.28,2169350.0
2025-08-20,18,PT1H,MC-Centro,2145338.67,2123830.0
2025-08-20,19,PT1H,MC-Centro,2277172.95,2241570.0
2025-08-20,20,PT1H,MC-Centro,2317151.2,2283620.0
2025-08-20,21,PT1H,MC-Centro,2218180.71,2192610.0
2025-08-20,22,PT1H,MC-Centro,2031148.42,2002000.0
2025-08-20,23,PT1H,MC-Centro,1810649.43,1783420.0
2025-08-20,24,PT1H,MC-Centro,1655821.88,1634850.0
2025-02-14,1,PT1H,MC-Centro,1544763.05,1562000.0
2025-02-14,2,PT1H,MC-Centro,1493791.6,1515000.0
2025-02-14,3,PT1H,MC-Centro,1440278.6,1473000.0
2025-02-14,4,PT1H,MC-Centro,1453626.55,1482000.0
2025-02-14,5,PT1H,MC-Centro,1611334.67,1622000.0
2025-02-14,6,PT1H,MC-Centro,1836353.55,1852000.0
2025-02-14,7,PT1H,MC-Centro,1914516.63,1931000.0
2025-02-14,8,PT1H,MC-Centro,2042736.07,2067000.0
2025-02-14,9,PT1H,MC-Centro,2117461.92,2142000.0
2025-02-14,10,PT1H,MC-Centro,2163856.82,2193000.0
2025-02-14,11,PT1H,MC-Centro,2241187.65,2248000.0
2025-02-14,12,PT1H,MC-Centro,2265996.12,2277000.0
2025-02-14,13,PT1H,MC-Centro,2285131.26,2264000.0
2025-02-14,14,PT1H,MC-Centro,2231503.0,2242000.0
2025-02-14,15,PT1H,MC-Centro,2234985.79,2229000.0
2025-02-14,16,PT1H,MC-Centro,2215841.53,2218000.0
2025-02-14,17,PT1H,MC-Centro,2171036.98,2165000.0
2025-02-14,18,PT1H,MC-Centro,2167071.53,2147000.0
2025-02-14,19,PT1H,MC-Centro,2243942.85,2258000.0
2025-02-14,20,PT1H,MC-Centro,2243935.28,2270000.0
2025-02-14,21,PT1H,MC-Centro,2157930.87,2173000.0
2025-02-14,22,PT1H,MC-Centro,1984115.74,2010000.0
2025-02-14,23,PT1H,MC-Centro,1805413.48,1840000.0
2025-02-14,24,PT1H,MC-Centro,1664478.86,1695000.0
2024-10-28,1,PT1H,MC-Centro,1369953.49,1390000.0
2024-10-28,2,PT1H,MC-Centro,1321090.22,1331000.0
2024-10-28,3,PT1H,MC-Centro,1293226.02,1295000.0
2024-10-28,4,PT1H,MC-Centro,1322657.7,1314000.0
2024-10-28,5,PT1H,MC-Centro,1480985.51,1471000.0
2024-10-28,6,PT1H,MC-Centro,1720772.85,1707000.0
2024-10-28,7,PT1H,MC-Centro,1836277.97,1809000.0
2024-10-28,8,PT1H,MC-Centro,1972424.52,1951000.0
2024-10-28,9,PT1H,MC-Centro,2064810.38,2045000.0
2024-10-28,10,PT1H,MC-Centro,2121015.27,2107000.0
2024-10-28,11,PT1H,MC-Centro,2190754.1,2193000.0
2024-10-28,12,PT1H,MC-Centro,2230147.91,2236000.0
2024-10-28,13,PT1H,MC-Centro,2210359.88,2236000.0
2024-10-28,14,PT1H,MC-Centro,2168924.02,2201000.0
2024-10-28,15,PT1H,MC-Centro,2166673.86,2210000.0
2024-10-28,16,PT1H,MC-Centro,2168619.18,2207000.0
2024-10-28,17,PT1H,MC-Centro,2147123.13,2177000.0
2024-10-28,18,PT1H,MC-Centro,2165863.22,2194000.0
2024-10-28,19,PT1H,MC-Centro,2253526.29,2260000.0
2024-10-28,20,PT1H,MC-Centro,2239922.26,2251000.0
2024-10-28,21,PT1H,MC-Centro,2140971.24,2155000.0
2024-10-28,22,PT1H,MC-Centro,1953484.88,1970000.0
2024-10-28,23,PT1H,MC-Centro,1757244.98,1770000.0
2024-10-28,24,PT1H,MC-Centro,1608528.67,1634000.0
2024-10-29,1,PT1H,MC-Centro,1523816.86,1538000.0
2024-10-29,2,PT1H,MC-Centro,1471226.43,1474000.0
2024-10-29,3,PT1H,MC-Centro,1421331.65,1436000.0
2024-10-29,4,PT1H,MC-Centro,1426664.96,1447000.0
2024-10-29,5,PT1H,MC-Centro,1581625.64,1591000.0
2024-10-29,6,PT1H,MC-Centro,1816999.51,1826000.0
2024-10-29,7,PT1H,MC-Centro,1914246.93,1915000.0
2024-10-29,8,PT1H,MC-Centro,2023550.2,2025000.0
2024-10-29,9,PT1H,MC-Centro,2111944.56,2105000.0
2024-10-29,10,PT1H,MC-Centro,2161029.19,2161000.0
2024-10-29,11,PT1H,MC-Centro,2204270.98,2230000.0
2024-10-29,12,PT1H,MC-Centro,2251538.83,2265000.0
2024-10-29,13,PT1H,MC-Centro,2237617.01,2259000.0
2024-10-29,14,PT1H,MC-Centro,2209746.53,2215000.0
2024-10-29,15,PT1H,MC-Centro,2223534.1,2205000.0
2024-10-29,16,PT1H,MC-Centro,2221548.3,2219000.0
2024-10-29,17,PT1H,MC-Centro,2189403.08,2186000.0
2024-10-29,18,PT1H,MC-Centro,2204623.17,2193000.0
2024-10-29,19,PT1H,MC-Centro,2273541.52,2288000.0
2024-10-29,20,PT1H,MC-Centro,2254751.57,2284000.0
2024-10-29,21,PT1H,MC-Centro,2166085.18,2183000.0
2024-10-29,22,PT1H,MC-Centro,1965691.07,1992000.0
2024-10-29,23,PT1H,MC-Centro,1766161.62,1779000.0
2024-10-29,24,PT1H,MC-Centro,1640339.6,1638000.0
2025-07-19,1,PT1H,MC-Centro,1531895.9,1560000.0
2025-07-19,2,PT1H,MC-Centro,1450632.99,1485000.0
2025-07-19,3,PT1H,MC-Centro,1414033.24,1432000.0
2025-07-19,4,PT1H,MC-Centro,1401759.43,1413000.0
2025-07-19,5,PT1H,MC-Centro,1435167.24,1449000.0
2025-07-19,6,PT1H,MC-Centro,1486142.93,1502000.0
2025-07-19,7,PT1H,MC-Centro,1629934.62,1651000.0
2025-07-19,8,PT1H,MC-Centro,1822534.16,1832000.0
2025-07-19,9,PT1H,MC-Centro,1965953.97,1985000.0
2025-07-19,10,PT1H,MC-Centro,2039568.65,2068000.0
2025-07-19,11,PT1H,MC-Centro,2103781.78,2129000.0
2025-07-19,12,PT1H,MC-Centro,2120829.06,2147000.0
2025-07-19,13,PT1H,MC-Centro,2086833.99,2122000.0
2025-07-19,14,PT1H,MC-Centro,2028071.45,2055000.0
2025-07-19,15,PT1H,MC-Centro,1961284.35,1986000.0
2025-07-19,16,PT1H,MC-Centro,1920103.38,1947000.0
2025-07-19,17,PT1H,MC-Centro,1886375.33,1919000.0
2025-07-19,18,PT1H,MC-Centro,1872769.86,1897000.0
2025-07-19,19,PT1H,MC-Centro,1980033.66,1999000.0
2025-07-19,20,PT1H,MC-Centro,1993822.5,2014000.0
2025-07-19,21,PT1H,MC-Centro,1920871.28,1936000.0
2025-07-19,22,PT1H,MC-Centro,1785037.17,1801000.0
2025-07-19,23,PT1H,MC-Centro,1619462.26,1648000.0
2025-07-19,24,PT1H,MC-Centro,1485002.06,1512000.0
2025-06-21,1,PT1H,MC-Centro,1571635.01,1531000.0
2025-06-21,2,PT1H,MC-Centro,1492773.33,1462000.0
2025-06-21,3,PT1H,MC-Centro,1438915.33,1412000.0
2025-06-21,4,PT1H,MC-Centro,1422864.67,1399000.0
2025-06-21,5,PT1H,MC-Centro,1456600.41,1431000.0
2025-06-21,6,PT1H,MC-Centro,1508686.83,1488000.0
2025-06-21,7,PT1H,MC-Centro,1654402.48,1631000.0
2025-06-21,8,PT1H,MC-Centro,1827873.13,1813000.0
2025-06-21,9,PT1H,MC-Centro,1981228.51,1954000.0
2025-06-21,10,PT1H,MC-Centro,2071504.47,2033000.0
2025-06-21,11,PT1H,MC-Centro,2134017.28,2097000.0
2025-06-21,12,PT1H,MC-Centro,2136943.44,2107000.0
2025-06-21,13,PT1H,MC-Centro,2108029.62,2069000.0
2025-06-21,14,PT1H,MC-Centro,2058690.24,2015000.0
2025-06-21,15,PT1H,MC-Centro,1999319.07,1956000.0
2025-06-21,16,PT1H,MC-Centro,1952926.15,1915000.0
2025-06-21,17,PT1H,MC-Centro,1928820.87,1887000.0
2025-06-21,18,PT1H,MC-Centro,1909526.75,1857000.0
2025-06-21,19,PT1H,MC-Centro,2009475.79,1962000.0
2025-06-21,20,PT1H,MC-Centro,2023455.11,1967000.0
2025-06-21,21,PT1H,MC-Centro,1944116.79,1900000.0
2025-06-21,22,PT1H,MC-Centro,1809799.12,1766000.0
2025-06-21,23,PT1H,MC-Centro,1653228.13,1613000.0
2025-06-21,24,PT1H,MC-Centro,1535319.2,1485000.0
2025-04-29,1,PT1H,MC-Centro,1522122.24,1550000.0
2025-04-29,2,PT1H,MC-Centro,1452587.14,1489000.0
2025-04-29,3,PT1H,MC-Centro,1403180.12,1444000.0
2025-04-29,4,PT1H,MC-Centro,1417782.34,1447000.0
2025-04-29,5,PT1H,MC-Centro,1559933.41,1576000.0
2025-04-29,6,PT1H,MC-Centro,1819216.93,1841000.0
2025-04-29,7,PT1H,MC-Centro,1901503.36,1915000.0
2025-04-29,8,PT1H,MC-Centro,2014414.04,2029000.0
2025-04-29,9,PT1H,MC-Centro,2113207.92,2122000.0
2025-04-29,10,PT1H,MC-Centro,2166107.94,2168000.0
2025-04-29,11,PT1H,MC-Centro,2238758.14,2230000.0
2025-04-29,12,PT1H,MC-Centro,2302525.36,2303000.0
2025-04-29,13,PT1H,MC-Centro,2288098.99,2287000.0
2025-04-29,14,PT1H,MC-Centro,2237055.4,2239000.0
2025-04-29,15,PT1H,MC-Centro,2263010.33,2243000.0
2025-04-29,16,PT1H,MC-Centro,2260141.71,2252000.0
2025-04-29,17,PT1H,MC-Centro,2215044.89,2216000.0
2025-04-29,18,PT1H,MC-Centro,2153365.96,2181000.0
2025-04-29,19,PT1H,MC-Centro,2267952.03,2279000.0
2025-04-29,20,PT1H,MC-Centro,2283034.2,2301000.0
2025-04-29,21,PT1H,MC-Centro,2196410.74,2216000.0
2025-04-29,22,PT1H,MC-Centro,2013201.54,2030000.0
2025-04-29,23,PT1H,MC-Centro,1798155.04,1814000.0
2025-04-29,24,PT1H,MC-Centro,1639642.72,1662000.0
2025-07-18,1,PT1H,MC-Centro,1536277.16,1548000.0
2025-07-18,2,PT1H,MC-Centro,1471229.69,1483000.0
2025-07-18,3,PT1H,MC-Centro,1428335.32,1436000.0
2025-07-18,4,PT1H,MC-Centro,1434318.36,1435000.0
2025-07-18,5,PT1H,MC-Centro,1554064.51,1545000.0
2025-07-18,6,PT1H,MC-Centro,1778478.2,1759000.0
2025-07-18,7,PT1H,MC-Centro,1879242.72,1877000.0
2025-07-18,8,PT1H,MC-Centro,2014853.66,1989000.0
2025-07-18,9,PT1H,MC-Centro,2123190.63,2102000.0
2025-07-18,10,PT1H,MC-Centro,2164220.13,2145000.0
2025-07-18,11,PT1H,MC-Centro,2213470.67,2219000.0
2025-07-18,12,PT1H,MC-Centro,2233159.2,2284000.0
2025-07-18,13,PT1H,MC-Centro,2209039.5,2276000.0
2025-07-18,14,PT1H,MC-Centro,2170095.09,2219000.0
2025-07-18,15,PT1H,MC-Centro,2173764.5,2205000.0
2025-07-18,16,PT1H,MC-Centro,2166218.89,2188000.0
2025-07-18,17,PT1H,MC-Centro,2126689.63,2137000.0
2025-07-18,18,PT1H,MC-Centro,2095626.25,2097000.0
2025-07-18,19,PT1H,MC-Centro,2195945.74,2194000.0
2025-07-18,20,PT1H,MC-Centro,2214115.98,2210000.0
2025-07-18,21,PT1H,MC-Centro,2122858.46,2128000.0
2025-07-18,22,PT1H,MC-Centro,1952724.45,1984000.0
2025-07-18,23,PT1H,MC-Centro,1783701.73,1799000.0
2025-07-18,24,PT1H,MC-Centro,1650396.38,1658000.0
2024-11-19,1,PT1H,MC-Centro,1533081.38,1546740.0
2024-11-19,2,PT1H,MC-Centro,1462968.6,1487650.0
2024-11-19,3,PT1H,MC-Centro,1420910.12,1443050.0
2024-11-19,4,PT1H,MC-Centro,1422932.83,1451980.0
2024-11-19,5,PT1H,MC-Centro,1527560.11,1601130.0
2024-11-19,6,PT1H,MC-Centro,1714780.29,1838840.0
2024-11-19,7,PT1H,MC-Centro,1875973.01,1932440.0
2024-11-19,8,PT1H,MC-Centro,2013890.89,2040620.0
2024-11-19,9,PT1H,MC-Centro,2111231.86,2125490.0
2024-11-19,10,PT1H,MC-Centro,2149601.19,2179080.0
2024-11-19,11,PT1H,MC-Centro,2205059.9,2237170.0
2024-11-19,12,PT1H,MC-Centro,2256918.32,2277880.0
2024-11-19,13,PT1H,MC-Centro,2271172.87,2268780.0
2024-11-19,14,PT1H,MC-Centro,2234408.74,2231410.0
2024-11-19,15,PT1H,MC-Centro,2240320.1,2230150.0
2024-11-19,16,PT1H,MC-Centro,2242799.59,2238330.0
2024-11-19,17,PT1H,MC-Centro,2208778.44,2205350.0
2024-11-19,18,PT1H,MC-Centro,2217436.83,2230930.0
2024-11-19,19,PT1H,MC-Centro,2312121.05,2300340.0
2024-11-19,20,PT1H,MC-Centro,2278257.27,2291320.0
2024-11-19,21,PT1H,MC-Centro,2178122.56,2193250.0
2024-11-19,22,PT1H,MC-Centro,1981360.32,1997850.0
2024-11-19,23,PT1H,MC-Centro,1790169.28,1787940.0
2024-11-19,24,PT1H,MC-Centro,1642034.25,1653100.0
2025-02-12,20,PT1H,MC-Centro,2286841.91,2294000.0
2025-02-12,21,PT1H,MC-Centro,2179233.72,2206000.0
2025-02-12,22,PT1H,MC-Centro,1982859.29,2005000.0
2025-02-12,23,PT1H,MC-Centro,1796383.46,1802000.0
2025-02-12,24,PT1H,MC-Centro,1648910.85,1641000.0
2025-02-12,1,PT1H,MC-Centro,1530137.85,1547000.0
2025-02-12,2,PT1H,MC-Centro,1460691.97,1484000.0
2025-02-12,3,PT1H,MC-Centro,1424836.57,1434000.0
2025-02-12,4,PT1H,MC-Centro,1435200.86,1446000.0
2025-02-12,5,PT1H,MC-Centro,1577852.95,1602000.0
2025-02-12,6,PT1H,MC-Centro,1842465.41,1841000.0
2025-02-12,7,PT1H,MC-Centro,1907226.07,1928000.0
2025-02-12,8,PT1H,MC-Centro,2050583.13,2041000.0
2025-02-12,9,PT1H,MC-Centro,2137943.81,2114000.0
2025-02-12,10,PT1H,MC-Centro,2175850.58,2167000.0
2025-02-12,11,PT1H,MC-Centro,2248099.42,2232000.0
2025-02-12,12,PT1H,MC-Centro,2280074.89,2290000.0
2025-02-12,13,PT1H,MC-Centro,2230620.14,2280000.0
2025-02-12,14,PT1H,MC-Centro,2200058.8,2228000.0
2025-02-12,15,PT1H,MC-Centro,2221932.83,2237000.0
2025-02-12,16,PT1H,MC-Centro,2236903.33,2241000.0
2025-02-12,17,PT1H,MC-Centro,2186818.9,2200000.0
2025-02-12,18,PT1H,MC-Centro,2167163.62,2164000.0
2025-02-12,19,PT1H,MC-Centro,2267541.18,2257000.0
2026-01-29,1,PT1H,MC-Centro,1567013.55,1595000.0
2026-01-29,2,PT1H,MC-Centro,1506741.51,1524000.0
2026-01-29,3,PT1H,MC-Centro,1466732.42,1486000.0
2026-01-29,4,PT1H,MC-Centro,1472790.96,1489000.0
2026-01-29,5,PT1H,MC-Centro,1593655.0,1596000.0
2026-01-29,6,PT1H,MC-Centro,1801627.31,1773000.0
2026-01-29,7,PT1H,MC-Centro,1934444.38,1935000.0
2026-01-29,8,PT1H,MC-Centro,2077240.93,2090000.0
2026-01-29,9,PT1H,MC-Centro,2183739.85,2198000.0
2026-01-29,10,PT1H,MC-Centro,2237319.37,2250000.0
2026-01-29,11,PT1H,MC-Centro,2318653.21,2321000.0
2026-01-29,12,PT1H,MC-Centro,2356669.86,2380000.0
2026-01-29,13,PT1H,MC-Centro,2342704.9,2368000.0
2026-01-29,14,PT1H,MC-Centro,2308883.19,2320000.0
2026-01-29,15,PT1H,MC-Centro,2306428.89,2326000.0
2026-01-29,16,PT1H,MC-Centro,2277661.8,2320000.0
2026-01-29,17,PT1H,MC-Centro,2232889.08,2281000.0
2026-01-29,18,PT1H,MC-Centro,2228917.19,2257000.0
2026-01-29,19,PT1H,MC-Centro,2325528.68,2354000.0
2026-01-29,20,PT1H,MC-Centro,2324400.9,2344000.0
2026-01-29,21,PT1H,MC-Centro,2220200.3,2245000.0
2026-01-29,22,PT1H,MC-Centro,2045389.24,2059000.0
2026-01-29,23,PT1H,MC-Centro,1856866.29,1861000.0
2026-01-29,24,PT1H,MC-Centro,1746307.92,1707000.0
2025-09-05,1,PT1H,MC-Centro,1549673.06,1530000.0
2025-09-05,2,PT1H,MC-Centro,1486516.55,1464000.0
2025-09-05,3,PT1H,MC-Centro,1439436.02,1420000.0
2025-09-05,4,PT1H,MC-Centro,1445935.27,1422000.0
2025-09-05,5,PT1H,MC-Centro,1575169.62,1558000.0
2025-09-05,6,PT1H,MC-Centro,1810794.77,1794000.0
2025-09-05,7,PT1H,MC-Centro,1885317.69,1892000.0
2025-09-05,8,PT1H,MC-Centro,2005529.6,2018000.0
2025-09-05,9,PT1H,MC-Centro,2148445.78,2121000.0
2025-09-05,10,PT1H,MC-Centro,2209454.34,2171000.0
2025-09-05,11,PT1H,MC-Centro,2274434.59,2241000.0
2025-09-05,12,PT1H,MC-Centro,2301872.31,2276000.0
2025-09-05,13,PT1H,MC-Centro,2256471.44,2262000.0
2025-09-05,14,PT1H,MC-Centro,2210471.78,2211000.0
2025-09-05,15,PT1H,MC-Centro,2200855.23,2203000.0
2025-09-05,16,PT1H,MC-Centro,2194654.22,2186000.0
2025-09-05,17,PT1H,MC-Centro,2149727.34,2150000.0
2025-09-05,18,PT1H,MC-Centro,2149794.99,2110000.0
2025-09-05,19,PT1H,MC-Centro,2259814.01,2223000.0
2025-09-05,20,PT1H,MC-Centro,2268426.12,2232000.0
2025-09-05,21,PT1H,MC-Centro,2157667.31,2147000.0
2025-09-05,22,PT1H,MC-Centro,1980140.64,1976000.0
2025-09-05,23,PT1H,MC-Centro,1795192.37,1796000.0
2025-09-05,24,PT1H,MC-Centro,1644961.14,1654000.0
2024-09-22,1,PT1H,MC-Centro,1427323.48,1421000.0
2024-09-22,2,PT1H,MC-Centro,1368610.72,1355000.0
2024-09-22,3,PT1H,MC-Centro,1313329.99,1301000.0
2024-09-22,4,PT1H,MC-Centro,1280261.61,1263000.0
2024-09-22,5,PT1H,MC-Centro,1267265.47,1260000.0
2024-09-22,6,PT1H,MC-Centro,1247977.82,1250000.0
2024-09-22,7,PT1H,MC-Centro,1300159.04,1306000.0
2024-09-22,8,PT1H,MC-Centro,1428897.8,1441000.0
2024-09-22,9,PT1H,MC-Centro,1559826.68,1568000.0
2024-09-22,10,PT1H,MC-Centro,1675626.47,1658000.0
2024-09-22,11,PT1H,MC-Centro,1748782.11,1729000.0
2024-09-22,12,PT1H,MC-Centro,1803139.82,1774000.0
2024-09-22,13,PT1H,MC-Centro,1813056.96,1782000.0
2024-09-22,14,PT1H,MC-Centro,1769438.8,1750000.0
2024-09-22,15,PT1H,MC-Centro,1715808.38,1709000.0
2024-09-22,16,PT1H,MC-Centro,1687503.88,1680000.0
2024-09-22,17,PT1H,MC-Centro,1683142.42,1680000.0
2024-09-22,18,PT1H,MC-Centro,1737311.59,1734000.0
2024-09-22,19,PT1H,MC-Centro,1899617.72,1888000.0
2024-09-22,20,PT1H,MC-Centro,1915302.94,1920000.0
2024-09-22,21,PT1H,MC-Centro,1848964.52,1861000.0
2024-09-22,22,PT1H,MC-Centro,1711997.39,1730000.0
2024-09-22,23,PT1H,MC-Centro,1578184.44,1579000.0
2024-09-22,24,PT1H,MC-Centro,1452646.5,1465000.0
2025-09-01,1,PT1H,MC-Centro,1345945.19,1357000.0
2025-09-01,2,PT1H,MC-Centro,1286007.81,1304000.0
2025-09-01,3,PT1H,MC-Centro,1261354.38,1271000.0
2025-09-01,4,PT1H,MC-Centro,1260531.2,1289000.0
2025-09-01,5,PT1H,MC-Centro,1428430.64,1446000.0
2025-09-01,6,PT1H,MC-Centro,1691932.11,1715000.0
2025-09-01,7,PT1H,MC-Centro,1802120.07,1829000.0
2025-09-01,8,PT1H,MC-Centro,1925664.31,1961000.0
2025-09-01,9,PT1H,MC-Centro,2051871.13,2083000.0
2025-09-01,10,PT1H,MC-Centro,2124645.33,2146000.0
2025-09-01,11,PT1H,MC-Centro,2197522.06,2222000.0
2025-09-01,12,PT1H,MC-Centro,2243734.02,2271000.0
2025-09-01,13,PT1H,MC-Centro,2237721.17,2263000.0
2025-09-01,14,PT1H,MC-Centro,2189841.3,2218000.0
2025-09-01,15,PT1H,MC-Centro,2182268.16,2219000.0
2025-09-01,16,PT1H,MC-Centro,2179151.94,2203000.0
2025-09-01,17,PT1H,MC-Centro,2153701.57,2158000.0
2025-09-01,18,PT1H,MC-Centro,2116978.84,2127000.0
2025-09-01,19,PT1H,MC-Centro,2234766.44,2252000.0
2025-09-01,20,PT1H,MC-Centro,2251120.97,2290000.0
2025-09-01,21,PT1H,MC-Centro,2155094.02,2196000.0
2025-09-01,22,PT1H,MC-Centro,1956913.64,1998000.0
2025-09-01,23,PT1H,MC-Centro,1735052.87,1775000.0
2025-09-01,24,PT1H,MC-Centro,1602213.36,1628000.0
2025-08-07,1,PT1H,MC-Centro,1520101.96,1515860.0
2025-08-07,2,PT1H,MC-Centro,1450986.09,1438290.0
2025-08-07,3,PT1H,MC-Centro,1389830.2,1384360.0
2025-08-07,4,PT1H,MC-Centro,1361524.63,1355090.0
2025-08-07,5,PT1H,MC-Centro,1367873.3,1363850.0
2025-08-07,6,PT1H,MC-Centro,1374380.11,1360950.0
2025-08-07,7,PT1H,MC-Centro,1416314.43,1414680.0
2025-08-07,8,PT1H,MC-Centro,1546413.08,1566010.0
2025-08-07,9,PT1H,MC-Centro,1691905.57,1715590.0
2025-08-07,10,PT1H,MC-Centro,1813299.56,1834930.0
2025-08-07,11,PT1H,MC-Centro,1929183.31,1939430.0
2025-08-07,12,PT1H,MC-Centro,1992913.19,1998790.0
2025-08-07,13,PT1H,MC-Centro,2013515.79,2019740.0
2025-08-07,14,PT1H,MC-Centro,1953475.97,1975310.0
2025-08-07,15,PT1H,MC-Centro,1911881.4,1914620.0
2025-08-07,16,PT1H,MC-Centro,1867713.26,1870850.0
2025-08-07,17,PT1H,MC-Centro,1851911.02,1844770.0
2025-08-07,18,PT1H,MC-Centro,1855794.78,1861040.0
2025-08-07,19,PT1H,MC-Centro,2001769.76,2013910.0
2025-08-07,20,PT1H,MC-Centro,2058079.84,2053990.0
2025-08-07,21,PT1H,MC-Centro,1983587.79,1986240.0
2025-08-07,22,PT1H,MC-Centro,1826482.84,1845060.0
2025-08-07,23,PT1H,MC-Centro,1672041.51,1678640.0
2025-08-07,24,PT1H,MC-Centro,1536593.71,1537830.0
2025-02-23,1,PT1H,MC-Centro,1406508.82,1421000.0
2025-02-23,2,PT1H,MC-Centro,1340550.59,1357000.0
2025-02-23,3,PT1H,MC-Centro,1285277.86,1299000.0
2025-02-23,4,PT1H,MC-Centro,1253952.43,1263000.0
2025-02-23,5,PT1H,MC-Centro,1253593.09,1263000.0
2025-02-23,6,PT1H,MC-Centro,1266439.73,1275000.0
2025-02-23,7,PT1H,MC-Centro,1311617.45,1322000.0
2025-02-23,8,PT1H,MC-Centro,1444234.1,1457000.0
2025-02-23,9,PT1H,MC-Centro,1568455.05,1565000.0
2025-02-23,10,PT1H,MC-Centro,1670799.67,1664000.0
2025-02-23,11,PT1H,MC-Centro,1751202.97,1742000.0
2025-02-23,12,PT1H,MC-Centro,1783950.18,1785000.0
2025-02-23,13,PT1H,MC-Centro,1809098.17,1802000.0
2025-02-23,14,PT1H,MC-Centro,1797108.81,1769000.0
2025-02-23,15,PT1H,MC-Centro,1738296.96,1727000.0
2025-02-23,16,PT1H,MC-Centro,1709053.77,1701000.0
2025-02-23,17,PT1H,MC-Centro,1697281.65,1686000.0
2025-02-23,18,PT1H,MC-Centro,1730556.85,1723000.0
2025-02-23,19,PT1H,MC-Centro,1895148.22,1885000.0
2025-02-23,20,PT1H,MC-Centro,1944151.83,1935000.0
2025-02-23,21,PT1H,MC-Centro,1865249.96,1861000.0
2025-02-23,22,PT1H,MC-Centro,1739192.26,1729000.0
2025-02-23,23,PT1H,MC-Centro,1591346.34,1591000.0
2025-02-23,24,PT1H,MC-Centro,1452214.8,1485000.0
2025-07-08,1,PT1H,MC-Centro,1523883.98,1526000.0
2025-07-08,2,PT1H,MC-Centro,1460563.81,1466000.0
2025-07-08,3,PT1H,MC-Centro,1411778.3,1420000.0
2025-07-08,4,PT1H,MC-Centro,1402486.64,1419000.0
2025-07-08,5,PT1H,MC-Centro,1511742.33,1496000.0
2025-07-08,6,PT1H,MC-Centro,1696918.3,1612000.0
2025-07-08,7,PT1H,MC-Centro,1859134.13,1782000.0
2025-07-08,8,PT1H,MC-Centro,2001181.14,1978000.0
2025-07-08,9,PT1H,MC-Centro,2123282.7,2114000.0
2025-07-08,10,PT1H,MC-Centro,2173356.85,2205000.0
2025-07-08,11,PT1H,MC-Centro,2232999.58,2275000.0
2025-07-08,12,PT1H,MC-Centro,2288939.04,2316000.0
2025-07-08,13,PT1H,MC-Centro,2302432.09,2312000.0
2025-07-08,14,PT1H,MC-Centro,2263052.21,2258000.0
2025-07-08,15,PT1H,MC-Centro,2269116.53,2255000.0
2025-07-08,16,PT1H,MC-Centro,2252767.43,2244000.0
2025-07-08,17,PT1H,MC-Centro,2209394.81,2177000.0
2025-07-08,18,PT1H,MC-Centro,2145813.18,2141000.0
2025-07-08,19,PT1H,MC-Centro,2248953.71,2253000.0
2025-07-08,20,PT1H,MC-Centro,2282819.4,2272000.0
2025-07-08,21,PT1H,MC-Centro,2199960.05,2182000.0
2025-07-08,22,PT1H,MC-Centro,2022144.54,2000000.0
2025-07-08,23,PT1H,MC-Centro,1806890.61,1784000.0
2025-07-08,24,PT1H,MC-Centro,1659904.76,1635000.0
2025-12-12,1,PT1H,MC-Centro,1590152.97,1628000.0
2025-12-12,2,PT1H,MC-Centro,1520930.47,1561000.0
2025-12-12,3,PT1H,MC-Centro,1474633.41,1510000.0
2025-12-12,4,PT1H,MC-Centro,1473813.94,1508000.0
2025-12-12,5,PT1H,MC-Centro,1555236.49,1603000.0
2025-12-12,6,PT1H,MC-Centro,1675209.56,1734000.0
2025-12-12,7,PT1H,MC-Centro,1866389.28,1922000.0
2025-12-12,8,PT1H,MC-Centro,2056536.0,2096000.0
2025-12-12,9,PT1H,MC-Centro,2165972.09,2209000.0
2025-12-12,10,PT1H,MC-Centro,2221163.84,2263000.0
2025-12-12,11,PT1H,MC-Centro,2292138.95,2331000.0
2025-12-12,12,PT1H,MC-Centro,2328127.09,2397000.0
2025-12-12,13,PT1H,MC-Centro,2335246.69,2385000.0
2025-12-12,14,PT1H,MC-Centro,2281317.0,2344000.0
2025-12-12,15,PT1H,MC-Centro,2274581.03,2337000.0
2025-12-12,16,PT1H,MC-Centro,2230894.31,2325000.0
2025-12-12,17,PT1H,MC-Centro,2170121.37,2278000.0
2025-12-12,18,PT1H,MC-Centro,2208926.07,2300000.0
2025-12-12,19,PT1H,MC-Centro,2325723.58,2368000.0
2025-12-12,20,PT1H,MC-Centro,2270418.11,2335000.0
2025-12-12,21,PT1H,MC-Centro,2175933.05,2236000.0
2025-12-12,22,PT1H,MC-Centro,2029563.9,2084000.0
2025-12-12,23,PT1H,MC-Centro,1858429.01,1901000.0
2025-12-12,24,PT1H,MC-Centro,1715055.01,1758000.0
2025-02-25,3,PT1H,MC-Centro,1436334.01,1458460.0
2025-02-25,4,PT1H,MC-Centro,1448981.69,1463940.0
2025-02-25,5,PT1H,MC-Centro,1606386.62,1621610.0
2025-02-25,6,PT1H,MC-Centro,1868156.64,1857230.0
2025-02-25,7,PT1H,MC-Centro,1914898.07,1928060.0
2025-02-25,8,PT1H,MC-Centro,2027952.46,2046960.0
2025-02-25,9,PT1H,MC-Centro,2145140.26,2119440.0
2025-02-25,10,PT1H,MC-Centro,2178913.01,2162210.0
2025-02-25,11,PT1H,MC-Centro,2268182.45,2215970.0
2025-02-25,12,PT1H,MC-Centro,2306788.64,2260860.0
2025-02-25,13,PT1H,MC-Centro,2270193.32,2247480.0
2025-02-25,14,PT1H,MC-Centro,2220509.31,2217240.0
2025-02-25,15,PT1H,MC-Centro,2257463.87,2231460.0
2025-02-25,16,PT1H,MC-Centro,2228891.82,2229980.0
2025-02-25,17,PT1H,MC-Centro,2189614.28,2202830.0
2025-02-25,18,PT1H,MC-Centro,2176791.48,2147860.0
2025-02-25,19,PT1H,MC-Centro,2256897.07,2265200.0
2025-02-25,20,PT1H,MC-Centro,2296617.58,2297220.0
2025-02-25,21,PT1H,MC-Centro,2206235.93,2215510.0
2025-02-25,22,PT1H,MC-Centro,2015580.71,2016580.0
2025-02-25,23,PT1H,MC-Centro,1801187.9,1805540.0
2025-02-25,24,PT1H,MC-Centro,1661825.31,1657930.0
2025-02-25,1,PT1H,MC-Centro,1529291.62,1555950.0
2025-02-25,2,PT1H,MC-Centro,1471903.19,1492150.0
2026-01-27,1,PT1H,MC-Centro,1561445.43,1530280.0
2026-01-27,2,PT1H,MC-Centro,1488795.66,1467530.0
2026-01-27,3,PT1H,MC-Centro,1448277.56,1431330.0
2026-01-27,4,PT1H,MC-Centro,1452309.24,1444020.0
2026-01-27,5,PT1H,MC-Centro,1586105.75,1564590.0
2026-01-27,6,PT1H,MC-Centro,1789891.89,1757080.0
2026-01-27,7,PT1H,MC-Centro,1922789.09,1904300.0
2026-01-27,8,PT1H,MC-Centro,2064144.13,2063530.0
2026-01-27,9,PT1H,MC-Centro,2186209.59,2153720.0
2026-01-27,10,PT1H,MC-Centro,2226672.67,2221740.0
2026-01-27,11,PT1H,MC-Centro,2303220.66,2291550.0
2026-01-27,12,PT1H,MC-Centro,2356503.71,2347260.0
2026-01-27,13,PT1H,MC-Centro,2337776.93,2340080.0
2026-01-27,14,PT1H,MC-Centro,2314039.42,2305430.0
2026-01-27,15,PT1H,MC-Centro,2329617.17,2309350.0
2026-01-27,16,PT1H,MC-Centro,2309497.83,2286390.0
2026-01-27,17,PT1H,MC-Centro,2226658.11,2237190.0
2026-01-27,18,PT1H,MC-Centro,2187796.9,2218750.0
2026-01-27,19,PT1H,MC-Centro,2300489.61,2326080.0
2026-01-27,20,PT1H,MC-Centro,2316442.02,2324340.0
2026-01-27,21,PT1H,MC-Centro,2216730.34,2232940.0
2026-01-27,22,PT1H,MC-Centro,2022829.18,2043210.0
2026-01-27,23,PT1H,MC-Centro,1829420.01,1850660.0
2026-01-27,24,PT1H,MC-Centro,1682609.74,1709100.0
2025-02-17,1,PT1H,MC-Centro,1386992.03,1392000.0
2025-02-17,2,PT1H,MC-Centro,1318079.16,1333000.0
2025-02-17,3,PT1H,MC-Centro,1290836.44,1300000.0
2025-02-17,4,PT1H,MC-Centro,1322763.15,1330000.0
2025-02-17,5,PT1H,MC-Centro,1496231.87,1502000.0
2025-02-17,6,PT1H,MC-Centro,1738489.03,1756000.0
2025-02-17,7,PT1H,MC-Centro,1827774.37,1846000.0
2025-02-17,8,PT1H,MC-Centro,1979068.94,1992000.0
2025-02-17,9,PT1H,MC-Centro,2081777.5,2080000.0
2025-02-17,10,PT1H,MC-Centro,2130146.81,2133000.0
2025-02-17,11,PT1H,MC-Centro,2201227.92,2214000.0
2025-02-17,12,PT1H,MC-Centro,2213927.7,2254000.0
2025-02-17,13,PT1H,MC-Centro,2214058.15,2246000.0
2025-02-17,14,PT1H,MC-Centro,2202760.52,2215000.0
2025-02-17,15,PT1H,MC-Centro,2219542.16,2223000.0
2025-02-17,16,PT1H,MC-Centro,2202320.63,2198000.0
2025-02-17,17,PT1H,MC-Centro,2177443.34,2146000.0
2025-02-17,18,PT1H,MC-Centro,2128476.57,2132000.0
2025-02-17,19,PT1H,MC-Centro,2229767.39,2257000.0
2025-02-17,20,PT1H,MC-Centro,2267382.94,2278000.0
2025-02-17,21,PT1H,MC-Centro,2169707.21,2186000.0
2025-02-17,22,PT1H,MC-Centro,1995923.27,1986000.0
2025-02-17,23,PT1H,MC-Centro,1778170.45,1775000.0
2025-02-17,24,PT1H,MC-Centro,1634899.44,1630000.0
2024-12-08,1,PT1H,MC-Centro,1403710.91,1421000.0
2024-12-08,2,PT1H,MC-Centro,1328480.23,1346000.0
2024-12-08,3,PT1H,MC-Centro,1269277.18,1284000.0
2024-12-08,4,PT1H,MC-Centro,1236714.67,1252000.0
2024-12-08,5,PT1H,MC-Centro,1225503.57,1250000.0
2024-12-08,6,PT1H,MC-Centro,1218043.54,1238000.0
2024-12-08,7,PT1H,MC-Centro,1254019.28,1269000.0
2024-12-08,8,PT1H,MC-Centro,1372946.55,1389000.0
2024-12-08,9,PT1H,MC-Centro,1478931.22,1524000.0
2024-12-08,10,PT1H,MC-Centro,1566547.28,1635000.0
2024-12-08,11,PT1H,MC-Centro,1640869.85,1721000.0
2024-12-08,12,PT1H,MC-Centro,1688578.92,1774000.0
2024-12-08,13,PT1H,MC-Centro,1711204.0,1780000.0
2024-12-08,14,PT1H,MC-Centro,1694346.32,1753000.0
2024-12-08,15,PT1H,MC-Centro,1676674.48,1721000.0
2024-12-08,16,PT1H,MC-Centro,1654916.8,1687000.0
2024-12-08,17,PT1H,MC-Centro,1658334.9,1689000.0
2024-12-08,18,PT1H,MC-Centro,1734456.39,1777000.0
2024-12-08,19,PT1H,MC-Centro,1886826.56,1891000.0
2024-12-08,20,PT1H,MC-Centro,1897999.26,1899000.0
2024-12-08,21,PT1H,MC-Centro,1837287.48,1836000.0
2024-12-08,22,PT1H,MC-Centro,1720299.63,1719000.0
2024-12-08,23,PT1H,MC-Centro,1595997.45,1586000.0
2024-12-08,24,PT1H,MC-Centro,1500431.58,1469000.0
2025-01-07,1,PT1H,MC-Centro,1292305.65,1332920.0
2025-01-07,2,PT1H,MC-Centro,1232885.23,1265820.0
2025-01-07,3,PT1H,MC-Centro,1204174.49,1228550.0
2025-01-07,4,PT1H,MC-Centro,1199822.18,1234390.0
2025-01-07,5,PT1H,MC-Centro,1284299.67,1309690.0
2025-01-07,6,PT1H,MC-Centro,1396260.25,1425830.0
2025-01-07,7,PT1H,MC-Centro,1534591.87,1581070.0
2025-01-07,8,PT1H,MC-Centro,1676061.67,1747240.0
2025-01-07,9,PT1H,MC-Centro,1794859.53,1879110.0
2025-01-07,10,PT1H,MC-Centro,1860032.05,1967060.0
2025-01-07,11,PT1H,MC-Centro,1924725.56,2043200.0
2025-01-07,12,PT1H,MC-Centro,1987160.04,2102130.0
2025-01-07,13,PT1H,MC-Centro,2015987.89,2127800.0
2025-01-07,14,PT1H,MC-Centro,1985114.64,2092180.0
2025-01-07,15,PT1H,MC-Centro,1966717.38,2078710.0
2025-01-07,16,PT1H,MC-Centro,1966946.47,2054860.0
2025-01-07,17,PT1H,MC-Centro,1929989.5,2022890.0
2025-01-07,18,PT1H,MC-Centro,1942550.06,1989090.0
2025-01-07,19,PT1H,MC-Centro,2040041.91,2105770.0
2025-01-07,20,PT1H,MC-Centro,2051652.7,2116570.0
2025-01-07,21,PT1H,MC-Centro,1978989.78,2044460.0
2025-01-07,22,PT1H,MC-Centro,1834307.58,1884730.0
2025-01-07,23,PT1H,MC-Centro,1681841.75,1700790.0
2025-01-07,24,PT1H,MC-Centro,1539922.6,1574640.0
2024-10-01,1,PT1H,MC-Centro,1464088.21,1518000.0
2024-10-01,2,PT1H,MC-Centro,1399591.31,1461000.0
2024-10-01,3,PT1H,MC-Centro,1372199.53,1416000.0
2024-10-01,4,PT1H,MC-Centro,1380601.81,1428000.0
2024-10-01,5,PT1H,MC-Centro,1511470.54,1568000.0
2024-10-01,6,PT1H,MC-Centro,1743233.09,1808000.0
2024-10-01,7,PT1H,MC-Centro,1817286.91,1904000.0
2024-10-01,8,PT1H,MC-Centro,1925958.96,1993000.0
2024-10-01,9,PT1H,MC-Centro,2000239.58,2090000.0
2024-10-01,10,PT1H,MC-Centro,2052236.56,2141000.0
2024-10-01,11,PT1H,MC-Centro,2120953.99,2205000.0
2024-10-01,12,PT1H,MC-Centro,2173520.46,2248000.0
2024-10-01,13,PT1H,MC-Centro,2158725.96,2240000.0
2024-10-01,14,PT1H,MC-Centro,2112172.46,2199000.0
2024-10-01,15,PT1H,MC-Centro,2116372.64,2198000.0
2024-10-01,16,PT1H,MC-Centro,2118824.13,2199000.0
2024-10-01,17,PT1H,MC-Centro,2073766.13,2182000.0
2024-10-01,18,PT1H,MC-Centro,2084607.55,2151000.0
2024-10-01,19,PT1H,MC-Centro,2213619.6,2264000.0
2024-10-01,20,PT1H,MC-Centro,2213032.11,2290000.0
2024-10-01,21,PT1H,MC-Centro,2126587.84,2175000.0
2024-10-01,22,PT1H,MC-Centro,1932350.81,1982000.0
2024-10-01,23,PT1H,MC-Centro,1733509.61,1773000.0
2024-10-01,24,PT1H,MC-Centro,1579345.8,1632000.0
2025-01-11,1,PT1H,MC-Centro,1511930.3,1523000.0
2025-01-11,2,PT1H,MC-Centro,1433341.77,1450000.0
2025-01-11,3,PT1H,MC-Centro,1381269.32,1389000.0
2025-01-11,4,PT1H,MC-Centro,1365730.58,1374000.0
2025-01-11,5,PT1H,MC-Centro,1415051.06,1409000.0
2025-01-11,6,PT1H,MC-Centro,1453107.79,1464000.0
2025-01-11,7,PT1H,MC-Centro,1570876.08,1582000.0
2025-01-11,8,PT1H,MC-Centro,1738501.47,1738000.0
2025-01-11,9,PT1H,MC-Centro,1859468.05,1889000.0
2025-01-11,10,PT1H,MC-Centro,1919170.36,1967000.0
2025-01-11,11,PT1H,MC-Centro,2001468.98,2030000.0
2025-01-11,12,PT1H,MC-Centro,2014318.1,2053000.0
2025-01-11,13,PT1H,MC-Centro,2013448.52,2034000.0
2025-01-11,14,PT1H,MC-Centro,1958733.95,1971000.0
2025-01-11,15,PT1H,MC-Centro,1903551.35,1911000.0
2025-01-11,16,PT1H,MC-Centro,1879891.21,1867000.0
2025-01-11,17,PT1H,MC-Centro,1866213.97,1839000.0
2025-01-11,18,PT1H,MC-Centro,1904766.99,1841000.0
2025-01-11,19,PT1H,MC-Centro,1992086.23,1964000.0
2025-01-11,20,PT1H,MC-Centro,1980127.25,1959000.0
2025-01-11,21,PT1H,MC-Centro,1890757.6,1881000.0
2025-01-11,22,PT1H,MC-Centro,1756743.55,1762000.0
2025-01-11,23,PT1H,MC-Centro,1612728.72,1616000.0
2025-01-11,24,PT1H,MC-Centro,1446803.22,1496000.0
2024-09-05,1,PT1H,MC-Centro,1400607.4,1477000.0
2024-09-05,2,PT1H,MC-Centro,1324925.28,1414000.0
2024-09-05,3,PT1H,MC-Centro,1293055.03,1375000.0
2024-09-05,4,PT1H,MC-Centro,1301930.37,1374000.0
2024-09-05,5,PT1H,MC-Centro,1382812.42,1496000.0
2024-09-05,6,PT1H,MC-Centro,1528916.31,1724000.0
2024-09-05,7,PT1H,MC-Centro,1743869.78,1768000.0
2024-09-05,8,PT1H,MC-Centro,1923916.82,1886000.0
2024-09-05,9,PT1H,MC-Centro,2018279.56,1987000.0
2024-09-05,10,PT1H,MC-Centro,2072920.92,2026000.0
2024-09-05,11,PT1H,MC-Centro,2144087.39,2085000.0
2024-09-05,12,PT1H,MC-Centro,2186772.02,2137000.0
2024-09-05,13,PT1H,MC-Centro,2188338.97,2121000.0
2024-09-05,14,PT1H,MC-Centro,2132423.52,2079000.0
2024-09-05,15,PT1H,MC-Centro,2094006.56,2079000.0
2024-09-05,16,PT1H,MC-Centro,2060059.18,2071000.0
2024-09-05,17,PT1H,MC-Centro,1988275.34,2040000.0
2024-09-05,18,PT1H,MC-Centro,1965771.31,2034000.0
2024-09-05,19,PT1H,MC-Centro,2115965.68,2185000.0
2024-09-05,20,PT1H,MC-Centro,2128834.11,2199000.0
2024-09-05,21,PT1H,MC-Centro,2032491.33,2108000.0
2024-09-05,22,PT1H,MC-Centro,1839590.49,1919000.0
2024-09-05,23,PT1H,MC-Centro,1650765.52,1713000.0
2024-09-05,24,PT1H,MC-Centro,1510227.74,1572000.0
2025-12-16,13,PT1H,MC-Centro,2366706.66,2336000.0
2025-12-16,14,PT1H,MC-Centro,2312499.13,2291000.0
2025-12-16,15,PT1H,MC-Centro,2320731.64,2291000.0
2025-12-16,16,PT1H,MC-Centro,2309017.02,2280000.0
2025-12-16,17,PT1H,MC-Centro,2271225.81,2241000.0
2025-12-16,18,PT1H,MC-Centro,2252550.25,2259000.0
2025-12-16,19,PT1H,MC-Centro,2349042.21,2356000.0
2025-12-16,20,PT1H,MC-Centro,2320371.57,2343000.0
2025-12-16,21,PT1H,MC-Centro,2235287.43,2249000.0
2025-12-16,22,PT1H,MC-Centro,2075969.42,2060000.0
2025-12-16,23,PT1H,MC-Centro,1906488.63,1863000.0
2025-12-16,24,PT1H,MC-Centro,1739138.87,1722000.0
2025-12-16,1,PT1H,MC-Centro,1612390.36,1547000.0
2025-12-16,2,PT1H,MC-Centro,1540703.25,1480000.0
2025-12-16,3,PT1H,MC-Centro,1495872.71,1438000.0
2025-12-16,4,PT1H,MC-Centro,1486015.58,1440000.0
2025-12-16,5,PT1H,MC-Centro,1567006.61,1544000.0
2025-12-16,6,PT1H,MC-Centro,1698381.19,1696000.0
2025-12-16,7,PT1H,MC-Centro,1878310.13,1884000.0
2025-12-16,8,PT1H,MC-Centro,2069544.09,2060000.0
2025-12-16,9,PT1H,MC-Centro,2177481.79,2177000.0
2025-12-16,10,PT1H,MC-Centro,2240866.01,2247000.0
2025-12-16,11,PT1H,MC-Centro,2289386.39,2305000.0
2025-12-16,12,PT1H,MC-Centro,2349544.68,2347000.0
2025-09-10,1,PT1H,MC-Centro,1559875.37,1528000.0
2025-09-10,2,PT1H,MC-Centro,1490320.45,1467000.0
2025-09-10,3,PT1H,MC-Centro,1446825.97,1424000.0
2025-09-10,4,PT1H,MC-Centro,1449452.6,1429000.0
2025-09-10,5,PT1H,MC-Centro,1604019.13,1571000.0
2025-09-10,6,PT1H,MC-Centro,1860710.75,1822000.0
2025-09-10,7,PT1H,MC-Centro,1956474.76,1922000.0
2025-09-10,8,PT1H,MC-Centro,2080117.97,2029000.0
2025-09-10,9,PT1H,MC-Centro,2180283.01,2128000.0
2025-09-10,10,PT1H,MC-Centro,2222207.92,2179000.0
2025-09-10,11,PT1H,MC-Centro,2285871.96,2251000.0
2025-09-10,12,PT1H,MC-Centro,2322232.61,2293000.0
2025-09-10,13,PT1H,MC-Centro,2294632.7,2270000.0
2025-09-10,14,PT1H,MC-Centro,2239389.22,2225000.0
2025-09-10,15,PT1H,MC-Centro,2243743.21,2223000.0
2025-09-10,16,PT1H,MC-Centro,2236659.37,2221000.0
2025-09-10,17,PT1H,MC-Centro,2199932.71,2192000.0
2025-09-10,18,PT1H,MC-Centro,2161072.22,2153000.0
2025-09-10,19,PT1H,MC-Centro,2304541.55,2279000.0
2025-09-10,20,PT1H,MC-Centro,2320917.05,2302000.0
2025-09-10,21,PT1H,MC-Centro,2214537.98,2204000.0
2025-09-10,22,PT1H,MC-Centro,2011423.04,2011000.0
2025-09-10,23,PT1H,MC-Centro,1797993.08,1795000.0
2025-09-10,24,PT1H,MC-Centro,1662685.48,1652000.0
2026-01-05,1,PT1H,MC-Centro,1314319.23,1334000.0
2026-01-05,2,PT1H,MC-Centro,1243378.83,1275000.0
2026-01-05,3,PT1H,MC-Centro,1198604.81,1227000.0
2026-01-05,4,PT1H,MC-Centro,1198045.51,1231000.0
2026-01-05,5,PT1H,MC-Centro,1265242.13,1313000.0
2026-01-05,6,PT1H,MC-Centro,1364134.05,1424000.0
2026-01-05,7,PT1H,MC-Centro,1482545.76,1572000.0
2026-01-05,8,PT1H,MC-Centro,1648928.43,1733000.0
2026-01-05,9,PT1H,MC-Centro,1769344.2,1851000.0
2026-01-05,10,PT1H,MC-Centro,1860721.66,1937000.0
2026-01-05,11,PT1H,MC-Centro,1954540.49,2012000.0
2026-01-05,12,PT1H,MC-Centro,2029321.9,2075000.0
2026-01-05,13,PT1H,MC-Centro,2054797.02,2096000.0
2026-01-05,14,PT1H,MC-Centro,2042095.74,2067000.0
2026-01-05,15,PT1H,MC-Centro,2033189.54,2052000.0
2026-01-05,16,PT1H,MC-Centro,2016375.88,2025000.0
2026-01-05,17,PT1H,MC-Centro,1960478.76,1986000.0
2026-01-05,18,PT1H,MC-Centro,1980241.43,1979000.0
2026-01-05,19,PT1H,MC-Centro,2084464.97,2100000.0
2026-01-05,20,PT1H,MC-Centro,2081513.79,2109000.0
2026-01-05,21,PT1H,MC-Centro,1985627.39,2024000.0
2026-01-05,22,PT1H,MC-Centro,1833220.63,1877000.0
2026-01-05,23,PT1H,MC-Centro,1688181.3,1707000.0
2026-01-05,24,PT1H,MC-Centro,1551515.49,1579000.0
2024-10-07,1,PT1H,MC-Centro,1376600.03,1354000.0
2024-10-07,2,PT1H,MC-Centro,1316235.22,1303000.0
2024-10-07,3,PT1H,MC-Centro,1279722.38,1270000.0
2024-10-07,4,PT1H,MC-Centro,1298969.81,1294000.0
2024-10-07,5,PT1H,MC-Centro,1397013.47,1410000.0
2024-10-07,6,PT1H,MC-Centro,1526160.7,1542000.0
2024-10-07,7,PT1H,MC-Centro,1728389.66,1725000.0
2024-10-07,8,PT1H,MC-Centro,1909476.46,1924000.0
2024-10-07,9,PT1H,MC-Centro,2030611.88,2042000.0
2024-10-07,10,PT1H,MC-Centro,2111377.78,2108000.0
2024-10-07,11,PT1H,MC-Centro,2195862.62,2179000.0
2024-10-07,12,PT1H,MC-Centro,2244941.01,2218000.0
2024-10-07,13,PT1H,MC-Centro,2247158.17,2212000.0
2024-10-07,14,PT1H,MC-Centro,2198836.6,2177000.0
2024-10-07,15,PT1H,MC-Centro,2193238.16,2175000.0
2024-10-07,16,PT1H,MC-Centro,2162340.33,2160000.0
2024-10-07,17,PT1H,MC-Centro,2116118.59,2126000.0
2024-10-07,18,PT1H,MC-Centro,2114626.82,2099000.0
2024-10-07,19,PT1H,MC-Centro,2181162.73,2198000.0
2024-10-07,20,PT1H,MC-Centro,2172516.1,2198000.0
2024-10-07,21,PT1H,MC-Centro,2090423.57,2113000.0
2024-10-07,22,PT1H,MC-Centro,1910245.36,1924000.0
2024-10-07,23,PT1H,MC-Centro,1712755.55,1724000.0
2024-10-07,24,PT1H,MC-Centro,1586112.28,1580000.0
2025-09-23,1,PT1H,MC-Centro,1529340.52,1543880.0
2025-09-23,2,PT1H,MC-Centro,1458346.18,1483190.0
2025-09-23,3,PT1H,MC-Centro,1416285.95,1437250.0
2025-09-23,4,PT1H,MC-Centro,1427182.07,1440750.0
2025-09-23,5,PT1H,MC-Centro,1576537.58,1592960.0
2025-09-23,6,PT1H,MC-Centro,1826751.95,1857160.0
2025-09-23,7,PT1H,MC-Centro,1915884.88,1947890.0
2025-09-23,8,PT1H,MC-Centro,2032730.76,2068300.0
2025-09-23,9,PT1H,MC-Centro,2128062.67,2163170.0
2025-09-23,10,PT1H,MC-Centro,2179997.34,2219010.0
2025-09-23,11,PT1H,MC-Centro,2249613.03,2282670.0
2025-09-23,12,PT1H,MC-Centro,2295466.49,2329360.0
2025-09-23,13,PT1H,MC-Centro,2285436.47,2306510.0
2025-09-23,14,PT1H,MC-Centro,2254940.61,2261520.0
2025-09-23,15,PT1H,MC-Centro,2246848.72,2253630.0
2025-09-23,16,PT1H,MC-Centro,2218114.67,2243890.0
2025-09-23,17,PT1H,MC-Centro,2181588.41,2203580.0
2025-09-23,18,PT1H,MC-Centro,2206299.64,2183320.0
2025-09-23,19,PT1H,MC-Centro,2309376.79,2320670.0
2025-09-23,20,PT1H,MC-Centro,2287974.16,2334440.0
2025-09-23,21,PT1H,MC-Centro,2189016.65,2234300.0
2025-09-23,22,PT1H,MC-Centro,1994753.76,2039950.0
2025-09-23,23,PT1H,MC-Centro,1776604.28,1815260.0
2025-09-23,24,PT1H,MC-Centro,1628219.52,1663240.0
2025-10-01,1,PT1H,MC-Centro,3037560.8,3096440.0
2025-10-01,2,PT1H,MC-Centro,2924290.6,2979160.0
2025-10-01,3,PT1H,MC-Centro,2822470.28,2894840.0
2025-10-01,4,PT1H,MC-Centro,2840138.54,2908520.0
2025-10-01,5,PT1H,MC-Centro,3132560.9,3191500.0
2025-10-01,6,PT1H,MC-Centro,3632174.04,3687980.0
2025-10-01,7,PT1H,MC-Centro,3814953.52,3883520.0
2025-10-01,8,PT1H,MC-Centro,4032085.7,4100040.0
2025-10-01,9,PT1H,MC-Centro,4222780.36,4303680.0
2025-10-01,10,PT1H,MC-Centro,4313901.6,4384660.0
2025-10-01,11,PT1H,MC-Centro,4456963.14,4532860.0
2025-10-01,12,PT1H,MC-Centro,4540588.14,4613600.0
2025-10-01,13,PT1H,MC-Centro,4496299.22,4554980.0
2025-10-01,14,PT1H,MC-Centro,4420621.84,4469500.0
2025-10-01,15,PT1H,MC-Centro,4413289.06,4483520.0
2025-10-01,16,PT1H,MC-Centro,4373169.12,4494340.0
2025-10-01,17,PT1H,MC-Centro,4341894.52,4434180.0
2025-10-01,18,PT1H,MC-Centro,4356333.96,4410120.0
2025-10-01,19,PT1H,MC-Centro,4539207.86,4653740.0
2025-10-01,20,PT1H,MC-Centro,4498639.74,4659820.0
2025-10-01,21,PT1H,MC-Centro,4318738.62,4445520.0
2025-10-01,22,PT1H,MC-Centro,3939508.5,4050420.0
2025-10-01,23,PT1H,MC-Centro,3515295.28,3631080.0
2025-10-01,24,PT1H,MC-Centro,3244615.06,3351760.0
2026-02-03,1,PT1H,MC-Centro,1560924.09,1562680.0
2026-02-03,2,PT1H,MC-Centro,1515151.95,1488470.0
2026-02-03,3,PT1H,MC-Centro,1455854.36,1445470.0
2026-02-03,4,PT1H,MC-Centro,1469413.45,1448060.0
2026-02-03,5,PT1H,MC-Centro,1642060.8,1585700.0
2026-02-03,6,PT1H,MC-Centro,1880496.56,1798140.0
2026-02-03,7,PT1H,MC-Centro,1961760.45,1932040.0
2026-02-03,8,PT1H,MC-Centro,2078117.44,2067060.0
2026-02-03,9,PT1H,MC-Centro,2166989.88,2182630.0
2026-02-03,10,PT1H,MC-Centro,2214631.95,2228800.0
2026-02-03,11,PT1H,MC-Centro,2290703.07,2304270.0
2026-02-03,12,PT1H,MC-Centro,2332069.39,2360030.0
2026-02-03,13,PT1H,MC-Centro,2317044.12,2340080.0
2026-02-03,14,PT1H,MC-Centro,2280021.6,2314720.0
2026-02-03,15,PT1H,MC-Centro,2269108.16,2332960.0
2026-02-03,16,PT1H,MC-Centro,2261184.33,2315240.0
2026-02-03,17,PT1H,MC-Centro,2213748.53,2239210.0
2026-02-03,18,PT1H,MC-Centro,2192634.91,2206750.0
2026-02-03,19,PT1H,MC-Centro,2321239.49,2315960.0
2026-02-03,20,PT1H,MC-Centro,2363406.5,2325240.0
2026-02-03,21,PT1H,MC-Centro,2261947.26,2227810.0
2026-02-03,22,PT1H,MC-Centro,2056239.95,2032650.0
2026-02-03,23,PT1H,MC-Centro,1831827.11,1833530.0
2026-02-03,24,PT1H,MC-Centro,1634108.33,1686790.0
2025-11-23,1,PT1H,MC-Centro,1476453.74,1460000.0
2025-11-23,2,PT1H,MC-Centro,1411182.48,1392000.0
2025-11-23,3,PT1H,MC-Centro,1357391.1,1331000.0
2025-11-23,4,PT1H,MC-Centro,1313784.04,1292000.0
2025-11-23,5,PT1H,MC-Centro,1308438.9,1290000.0
2025-11-23,6,PT1H,MC-Centro,1305704.03,1284000.0
2025-11-23,7,PT1H,MC-Centro,1371222.14,1340000.0
2025-11-23,8,PT1H,MC-Centro,1499449.73,1470000.0
2025-11-23,9,PT1H,MC-Centro,1633320.16,1616000.0
2025-11-23,10,PT1H,MC-Centro,1727158.33,1731000.0
2025-11-23,11,PT1H,MC-Centro,1814420.56,1808000.0
2025-11-23,12,PT1H,MC-Centro,1866767.96,1857000.0
2025-11-23,13,PT1H,MC-Centro,1889519.75,1881000.0
2025-11-23,14,PT1H,MC-Centro,1856967.38,1849000.0
2025-11-23,15,PT1H,MC-Centro,1802529.0,1790000.0
2025-11-23,16,PT1H,MC-Centro,1784160.72,1767000.0
2025-11-23,17,PT1H,MC-Centro,1783544.51,1765000.0
2025-11-23,18,PT1H,MC-Centro,1876187.67,1842000.0
2025-11-23,19,PT1H,MC-Centro,1998979.92,1977000.0
2025-11-23,20,PT1H,MC-Centro,2003660.18,1976000.0
2025-11-23,21,PT1H,MC-Centro,1921891.96,1899000.0
2025-11-23,22,PT1H,MC-Centro,1785094.76,1760000.0
2025-11-23,23,PT1H,MC-Centro,1629314.33,1607000.0
2025-11-23,24,PT1H,MC-Centro,1505729.43,1480000.0
2025-04-15,1,PT1H,MC-Centro,1572352.83,1539000.0
2025-04-15,2,PT1H,MC-Centro,1509091.53,1480000.0
2025-04-15,3,PT1H,MC-Centro,1453577.41,1433000.0
2025-04-15,4,PT1H,MC-Centro,1438504.62,1419000.0
2025-04-15,5,PT1H,MC-Centro,1507700.75,1486000.0
2025-04-15,6,PT1H,MC-Centro,1607099.98,1601000.0
2025-04-15,7,PT1H,MC-Centro,1771936.88,1776000.0
2025-04-15,8,PT1H,MC-Centro,1940791.63,1978000.0
2025-04-15,9,PT1H,MC-Centro,2070343.13,2089000.0
2025-04-15,10,PT1H,MC-Centro,2141139.54,2149000.0
2025-04-15,11,PT1H,MC-Centro,2208053.78,2200000.0
2025-04-15,12,PT1H,MC-Centro,2272022.31,2270000.0
2025-04-15,13,PT1H,MC-Centro,2269971.29,2263000.0
2025-04-15,14,PT1H,MC-Centro,2224591.35,2220000.0
2025-04-15,15,PT1H,MC-Centro,2214834.85,2200000.0
2025-04-15,16,PT1H,MC-Centro,2195500.55,2183000.0
2025-04-15,17,PT1H,MC-Centro,2152314.69,2135000.0
2025-04-15,18,PT1H,MC-Centro,2085318.99,2099000.0
2025-04-15,19,PT1H,MC-Centro,2204235.52,2226000.0
2025-04-15,20,PT1H,MC-Centro,2222376.92,2254000.0
2025-04-15,21,PT1H,MC-Centro,2151384.71,2172000.0
2025-04-15,22,PT1H,MC-Centro,1995920.36,1994000.0
2025-04-15,23,PT1H,MC-Centro,1805120.2,1780000.0
2025-04-15,24,PT1H,MC-Centro,1651890.94,1634000.0
2025-03-26,1,PT1H,MC-Centro,1542283.58,1548710.0
2025-03-26,2,PT1H,MC-Centro,1474656.31,1489090.0
2025-03-26,3,PT1H,MC-Centro,1424190.55,1451780.0
2025-03-26,4,PT1H,MC-Centro,1423155.25,1457040.0
2025-03-26,5,PT1H,MC-Centro,1550785.03,1596460.0
2025-03-26,6,PT1H,MC-Centro,1810972.24,1847940.0
2025-03-26,7,PT1H,MC-Centro,1890950.7,1943270.0
2025-03-26,8,PT1H,MC-Centro,1999752.55,2059840.0
2025-03-26,9,PT1H,MC-Centro,2081221.65,2122460.0
2025-03-26,10,PT1H,MC-Centro,2122167.67,2168970.0
2025-03-26,11,PT1H,MC-Centro,2186641.86,2234720.0
2025-03-26,12,PT1H,MC-Centro,2251559.68,2278060.0
2025-03-26,13,PT1H,MC-Centro,2248212.51,2265230.0
2025-03-26,14,PT1H,MC-Centro,2203813.47,2228810.0
2025-03-26,15,PT1H,MC-Centro,2206781.66,2233870.0
2025-03-26,16,PT1H,MC-Centro,2206324.91,2247640.0
2025-03-26,17,PT1H,MC-Centro,2186957.41,2194700.0
2025-03-26,18,PT1H,MC-Centro,2143778.63,2155610.0
2025-03-26,19,PT1H,MC-Centro,2248381.34,2266610.0
2025-03-26,20,PT1H,MC-Centro,2278878.82,2290200.0
2025-03-26,21,PT1H,MC-Centro,2202341.42,2194660.0
2025-03-26,22,PT1H,MC-Centro,2012614.79,2008310.0
2025-03-26,23,PT1H,MC-Centro,1810441.95,1802770.0
2025-03-26,24,PT1H,MC-Centro,1658426.32,1660310.0
2024-10-15,1,PT1H,MC-Centro,1366419.06,1357000.0
2024-10-15,2,PT1H,MC-Centro,1310994.14,1299000.0
2024-10-15,3,PT1H,MC-Centro,1283849.47,1261000.0
2024-10-15,4,PT1H,MC-Centro,1308355.85,1284000.0
2024-10-15,5,PT1H,MC-Centro,1469801.89,1442000.0
2024-10-15,6,PT1H,MC-Centro,1711015.27,1701000.0
2024-10-15,7,PT1H,MC-Centro,1810965.51,1803000.0
2024-10-15,8,PT1H,MC-Centro,1958676.43,1935000.0
2024-10-15,9,PT1H,MC-Centro,2042839.6,2031000.0
2024-10-15,10,PT1H,MC-Centro,2094134.87,2083000.0
2024-10-15,11,PT1H,MC-Centro,2166864.83,2150000.0
2024-10-15,12,PT1H,MC-Centro,2206169.92,2197000.0
2024-10-15,13,PT1H,MC-Centro,2197122.79,2189000.0
2024-10-15,14,PT1H,MC-Centro,2169919.85,2151000.0
2024-10-15,15,PT1H,MC-Centro,2186166.2,2155000.0
2024-10-15,16,PT1H,MC-Centro,2196512.7,2150000.0
2024-10-15,17,PT1H,MC-Centro,2171642.69,2106000.0
2024-10-15,18,PT1H,MC-Centro,2170462.93,2066000.0
2024-10-15,19,PT1H,MC-Centro,2257662.13,2186000.0
2024-10-15,20,PT1H,MC-Centro,2232547.07,2201000.0
2024-10-15,21,PT1H,MC-Centro,2131535.66,2122000.0
2024-10-15,22,PT1H,MC-Centro,1956831.04,1936000.0
2024-10-15,23,PT1H,MC-Centro,1758575.36,1729000.0
2024-10-15,24,PT1H,MC-Centro,1617674.7,1587000.0
2025-05-19,1,PT1H,MC-Centro,1360211.55,1372000.0
2025-05-19,2,PT1H,MC-Centro,1299173.53,1311000.0
2025-05-19,3,PT1H,MC-Centro,1261755.27,1272000.0
2025-05-19,4,PT1H,MC-Centro,1282905.74,1290000.0
2025-05-19,5,PT1H,MC-Centro,1431660.65,1441000.0
2025-05-19,6,PT1H,MC-Centro,1693688.35,1697000.0
2025-05-19,7,PT1H,MC-Centro,1802200.75,1798000.0
2025-05-19,8,PT1H,MC-Centro,1931321.68,1930000.0
2025-05-19,9,PT1H,MC-Centro,2057011.75,2057000.0
2025-05-19,10,PT1H,MC-Centro,2125279.03,2123000.0
2025-05-19,11,PT1H,MC-Centro,2204859.67,2202000.0
2025-05-19,12,PT1H,MC-Centro,2243756.3,2259000.0
2025-05-19,13,PT1H,MC-Centro,2241886.68,2251000.0
2025-05-19,14,PT1H,MC-Centro,2203580.35,2205000.0
2025-05-19,15,PT1H,MC-Centro,2199815.57,2207000.0
2025-05-19,16,PT1H,MC-Centro,2183844.0,2195000.0
2025-05-19,17,PT1H,MC-Centro,2136182.12,2160000.0
2025-05-19,18,PT1H,MC-Centro,2087719.59,2117000.0
2025-05-19,19,PT1H,MC-Centro,2222477.07,2246000.0
2025-05-19,20,PT1H,MC-Centro,2257457.16,2276000.0
2025-05-19,21,PT1H,MC-Centro,2171188.44,2196000.0
2025-05-19,22,PT1H,MC-Centro,1988867.25,2013000.0
2025-05-19,23,PT1H,MC-Centro,1778366.27,1801000.0
2025-05-19,24,PT1H,MC-Centro,1631484.34,1645000.0
2024-09-13,1,PT1H,MC-Centro,1544443.07,1522000.0
2024-09-13,2,PT1H,MC-Centro,1495122.37,1453000.0
2024-09-13,3,PT1H,MC-Centro,1451937.67,1398000.0
2024-09-13,4,PT1H,MC-Centro,1452670.91,1407000.0
2024-09-13,5,PT1H,MC-Centro,1592011.57,1543000.0
2024-09-13,6,PT1H,MC-Centro,1825100.36,1776000.0
2024-09-13,7,PT1H,MC-Centro,1929209.96,1864000.0
2024-09-13,8,PT1H,MC-Centro,2043790.05,1983000.0
2024-09-13,9,PT1H,MC-Centro,2106351.89,2083000.0
2024-09-13,10,PT1H,MC-Centro,2145165.57,2138000.0
2024-09-13,11,PT1H,MC-Centro,2207044.05,2212000.0
2024-09-13,12,PT1H,MC-Centro,2250140.49,2246000.0
2024-09-13,13,PT1H,MC-Centro,2225549.56,2244000.0
2024-09-13,14,PT1H,MC-Centro,2186580.95,2204000.0
2024-09-13,15,PT1H,MC-Centro,2187106.88,2204000.0
2024-09-13,16,PT1H,MC-Centro,2180780.88,2195000.0
2024-09-13,17,PT1H,MC-Centro,2142098.9,2148000.0
2024-09-13,18,PT1H,MC-Centro,2137245.19,2098000.0
2024-09-13,19,PT1H,MC-Centro,2239469.27,2183000.0
2024-09-13,20,PT1H,MC-Centro,2223274.19,2179000.0
2024-09-13,21,PT1H,MC-Centro,2140847.74,2098000.0
2024-09-13,22,PT1H,MC-Centro,1982689.73,1935000.0
2024-09-13,23,PT1H,MC-Centro,1806623.74,1754000.0
2024-09-13,24,PT1H,MC-Centro,1677049.42,1634000.0
2025-03-03,1,PT1H,MC-Centro,1362025.32,1388000.0
2025-03-03,2,PT1H,MC-Centro,1301511.58,1328000.0
2025-03-03,3,PT1H,MC-Centro,1275110.78,1298000.0
2025-03-03,4,PT1H,MC-Centro,1302705.07,1327000.0
2025-03-03,5,PT1H,MC-Centro,1466820.61,1496000.0
2025-03-03,6,PT1H,MC-Centro,1711077.24,1761000.0
2025-03-03,7,PT1H,MC-Centro,1822895.03,1853000.0
2025-03-03,8,PT1H,MC-Centro,1937132.19,1998000.0
2025-03-03,9,PT1H,MC-Centro,2040062.01,2091000.0
2025-03-03,10,PT1H,MC-Centro,2085207.72,2145000.0
2025-03-03,11,PT1H,MC-Centro,2162450.81,2208000.0
2025-03-03,12,PT1H,MC-Centro,2189967.62,2229000.0
2025-03-03,13,PT1H,MC-Centro,2201315.13,2216000.0
2025-03-03,14,PT1H,MC-Centro,2168726.5,2201000.0
2025-03-03,15,PT1H,MC-Centro,2158595.91,2208000.0
2025-03-03,16,PT1H,MC-Centro,2129883.68,2207000.0
2025-03-03,17,PT1H,MC-Centro,2074412.51,2166000.0
2025-03-03,18,PT1H,MC-Centro,2055563.78,2108000.0
2025-03-03,19,PT1H,MC-Centro,2187835.52,2234000.0
2025-03-03,20,PT1H,MC-Centro,2230530.75,2277000.0
2025-03-03,21,PT1H,MC-Centro,2125810.48,2184000.0
2025-03-03,22,PT1H,MC-Centro,1920246.27,1997000.0
2025-03-03,23,PT1H,MC-Centro,1743801.09,1783000.0
2025-03-03,24,PT1H,MC-Centro,1582296.95,1633000.0
2025-06-12,1,PT1H,MC-Centro,1556627.48,1550000.0
2025-06-12,2,PT1H,MC-Centro,1485953.41,1480000.0
2025-06-12,3,PT1H,MC-Centro,1444187.25,1433000.0
2025-06-12,4,PT1H,MC-Centro,1443044.75,1435000.0
2025-06-12,5,PT1H,MC-Centro,1576736.28,1570000.0
2025-06-12,6,PT1H,MC-Centro,1828515.42,1831000.0
2025-06-12,7,PT1H,MC-Centro,1919637.63,1933000.0
2025-06-12,8,PT1H,MC-Centro,2031978.71,2046000.0
2025-06-12,9,PT1H,MC-Centro,2130753.0,2152000.0
2025-06-12,10,PT1H,MC-Centro,2186021.54,2209000.0
2025-06-12,11,PT1H,MC-Centro,2240289.17,2279000.0
2025-06-12,12,PT1H,MC-Centro,2293605.17,2319000.0
2025-06-12,13,PT1H,MC-Centro,2283779.5,2300000.0
2025-06-12,14,PT1H,MC-Centro,2240386.23,2252000.0
2025-06-12,15,PT1H,MC-Centro,2249301.37,2235000.0
2025-06-12,16,PT1H,MC-Centro,2238677.22,2226000.0
2025-06-12,17,PT1H,MC-Centro,2201794.58,2188000.0
2025-06-12,18,PT1H,MC-Centro,2158890.19,2154000.0
2025-06-12,19,PT1H,MC-Centro,2280419.11,2277000.0
2025-06-12,20,PT1H,MC-Centro,2296625.24,2293000.0
2025-06-12,21,PT1H,MC-Centro,2203320.05,2207000.0
2025-06-12,22,PT1H,MC-Centro,2025796.75,2021000.0
2025-06-12,23,PT1H,MC-Centro,1811285.18,1807000.0
2025-06-12,24,PT1H,MC-Centro,1662321.36,1660000.0
2024-11-01,1,PT1H,MC-Centro,1512302.48,1552000.0
2024-11-01,2,PT1H,MC-Centro,1455657.68,1488000.0
2024-11-01,3,PT1H,MC-Centro,1411852.22,1444000.0
2024-11-01,4,PT1H,MC-Centro,1410379.7,1450000.0
2024-11-01,5,PT1H,MC-Centro,1519466.85,1584000.0
2024-11-01,6,PT1H,MC-Centro,1702647.65,1799000.0
2024-11-01,7,PT1H,MC-Centro,1819588.05,1900000.0
2024-11-01,8,PT1H,MC-Centro,1953959.27,2023000.0
2024-11-01,9,PT1H,MC-Centro,2052418.07,2113000.0
2024-11-01,10,PT1H,MC-Centro,2117569.1,2164000.0
2024-11-01,11,PT1H,MC-Centro,2181676.89,2235000.0
2024-11-01,12,PT1H,MC-Centro,2225427.05,2277000.0
2024-11-01,13,PT1H,MC-Centro,2217239.44,2262000.0
2024-11-01,14,PT1H,MC-Centro,2205388.37,2228000.0
2024-11-01,15,PT1H,MC-Centro,2171371.84,2221000.0
2024-11-01,16,PT1H,MC-Centro,2158130.42,2215000.0
2024-11-01,17,PT1H,MC-Centro,2121772.19,2167000.0
2024-11-01,18,PT1H,MC-Centro,2139517.49,2165000.0
2024-11-01,19,PT1H,MC-Centro,2205782.81,2256000.0
2024-11-01,20,PT1H,MC-Centro,2193234.75,2234000.0
2024-11-01,21,PT1H,MC-Centro,2101392.61,2145000.0
2024-11-01,22,PT1H,MC-Centro,1952027.13,1985000.0
2024-11-01,23,PT1H,MC-Centro,1784983.54,1816000.0
2024-11-01,24,PT1H,MC-Centro,1671423.18,1689000.0
2025-06-20,1,PT1H,MC-Centro,1547785.93,1552000.0
2025-06-20,2,PT1H,MC-Centro,1480382.8,1485000.0
2025-06-20,3,PT1H,MC-Centro,1431586.31,1433000.0
2025-06-20,4,PT1H,MC-Centro,1426772.49,1433000.0
2025-06-20,5,PT1H,MC-Centro,1527806.17,1558000.0
2025-06-20,6,PT1H,MC-Centro,1707005.22,1739000.0
2025-06-20,7,PT1H,MC-Centro,1861141.8,1875000.0
2025-06-20,8,PT1H,MC-Centro,2015992.24,2000000.0
2025-06-20,9,PT1H,MC-Centro,2133238.61,2139000.0
2025-06-20,10,PT1H,MC-Centro,2185071.49,2191000.0
2025-06-20,11,PT1H,MC-Centro,2250787.98,2258000.0
2025-06-20,12,PT1H,MC-Centro,2285942.55,2307000.0
2025-06-20,13,PT1H,MC-Centro,2268519.5,2292000.0
2025-06-20,14,PT1H,MC-Centro,2221924.38,2241000.0
2025-06-20,15,PT1H,MC-Centro,2215579.21,2228000.0
2025-06-20,16,PT1H,MC-Centro,2199613.38,2205000.0
2025-06-20,17,PT1H,MC-Centro,2144325.49,2173000.0
2025-06-20,18,PT1H,MC-Centro,2087741.87,2141000.0
2025-06-20,19,PT1H,MC-Centro,2207645.02,2228000.0
2025-06-20,20,PT1H,MC-Centro,2236273.8,2227000.0
2025-06-20,21,PT1H,MC-Centro,2160829.05,2146000.0
2025-06-20,22,PT1H,MC-Centro,2006917.72,1984000.0
2025-06-20,23,PT1H,MC-Centro,1823352.8,1802000.0
2025-06-20,24,PT1H,MC-Centro,1684875.38,1661000.0
2025-12-24,1,PT1H,MC-Centro,1560414.12,1499000.0
2025-12-24,2,PT1H,MC-Centro,1460599.3,1409000.0
2025-12-24,3,PT1H,MC-Centro,1399304.59,1353000.0
2025-12-24,4,PT1H,MC-Centro,1380174.82,1342000.0
2025-12-24,5,PT1H,MC-Centro,1422832.93,1398000.0
2025-12-24,6,PT1H,MC-Centro,1486926.99,1457000.0
2025-12-24,7,PT1H,MC-Centro,1603564.78,1579000.0
2025-12-24,8,PT1H,MC-Centro,1770915.87,1742000.0
2025-12-24,9,PT1H,MC-Centro,1895777.95,1883000.0
2025-12-24,10,PT1H,MC-Centro,1954992.0,1947000.0
2025-12-24,11,PT1H,MC-Centro,1998685.94,1984000.0
2025-12-24,12,PT1H,MC-Centro,2012081.62,1998000.0
2025-12-24,13,PT1H,MC-Centro,1968148.12,1957000.0
2025-12-24,14,PT1H,MC-Centro,1883183.0,1867000.0
2025-12-24,15,PT1H,MC-Centro,1809280.88,1801000.0
2025-12-24,16,PT1H,MC-Centro,1765525.15,1773000.0
2025-12-24,17,PT1H,MC-Centro,1750623.57,1764000.0
2025-12-24,18,PT1H,MC-Centro,1811351.53,1809000.0
2025-12-24,19,PT1H,MC-Centro,1966136.83,1938000.0
2025-12-24,20,PT1H,MC-Centro,1907464.39,1878000.0
2025-12-24,21,PT1H,MC-Centro,1795812.86,1772000.0
2025-12-24,22,PT1H,MC-Centro,1663771.9,1662000.0
2025-12-24,23,PT1H,MC-Centro,1550373.79,1554000.0
2025-12-24,24,PT1H,MC-Centro,1462824.02,1466000.0
2025-11-10,1,PT1H,MC-Centro,1391221.47,1370000.0
2025-11-10,2,PT1H,MC-Centro,1338319.51,1312000.0
2025-11-10,3,PT1H,MC-Centro,1308197.98,1280000.0
2025-11-10,4,PT1H,MC-Centro,1335945.67,1306000.0
2025-11-10,5,PT1H,MC-Centro,1500760.17,1467000.0
2025-11-10,6,PT1H,MC-Centro,1746363.57,1722000.0
2025-11-10,7,PT1H,MC-Centro,1875912.71,1847000.0
2025-11-10,8,PT1H,MC-Centro,2002719.39,1984000.0
2025-11-10,9,PT1H,MC-Centro,2130802.81,2097000.0
2025-11-10,10,PT1H,MC-Centro,2198586.52,2175000.0
2025-11-10,11,PT1H,MC-Centro,2268692.16,2255000.0
2025-11-10,12,PT1H,MC-Centro,2322526.76,2307000.0
2025-11-10,13,PT1H,MC-Centro,2296749.98,2290000.0
2025-11-10,14,PT1H,MC-Centro,2268244.24,2250000.0
2025-11-10,15,PT1H,MC-Centro,2254654.39,2253000.0
2025-11-10,16,PT1H,MC-Centro,2250646.38,2240000.0
2025-11-10,17,PT1H,MC-Centro,2228043.24,2207000.0
2025-11-10,18,PT1H,MC-Centro,2255349.5,2239000.0
2025-11-10,19,PT1H,MC-Centro,2353688.8,2317000.0
2025-11-10,20,PT1H,MC-Centro,2333262.02,2303000.0
2025-11-10,21,PT1H,MC-Centro,2218799.97,2197000.0
2025-11-10,22,PT1H,MC-Centro,2036276.23,1998000.0
2025-11-10,23,PT1H,MC-Centro,1813217.29,1786000.0
2025-11-10,24,PT1H,MC-Centro,1665840.49,1645000.0
2025-07-09,1,PT1H,MC-Centro,1547391.64,1546050.0
2025-07-09,2,PT1H,MC-Centro,1482058.2,1489500.0
2025-07-09,3,PT1H,MC-Centro,1438260.39,1440930.0
2025-07-09,4,PT1H,MC-Centro,1429317.28,1433420.0
2025-07-09,5,PT1H,MC-Centro,1522505.31,1514250.0
2025-07-09,6,PT1H,MC-Centro,1723756.29,1638660.0
2025-07-09,7,PT1H,MC-Centro,1872449.49,1814660.0
2025-07-09,8,PT1H,MC-Centro,2016925.02,1984910.0
2025-07-09,9,PT1H,MC-Centro,2120479.82,2091340.0
2025-07-09,10,PT1H,MC-Centro,2186440.8,2143110.0
2025-07-09,11,PT1H,MC-Centro,2231129.23,2211810.0
2025-07-09,12,PT1H,MC-Centro,2292080.32,2277120.0
2025-07-09,13,PT1H,MC-Centro,2297423.0,2276820.0
2025-07-09,14,PT1H,MC-Centro,2257687.7,2225510.0
2025-07-09,15,PT1H,MC-Centro,2233662.85,2222730.0
2025-07-09,16,PT1H,MC-Centro,2222379.76,2223020.0
2025-07-09,17,PT1H,MC-Centro,2183041.15,2171190.0
2025-07-09,18,PT1H,MC-Centro,2139243.75,2139160.0
2025-07-09,19,PT1H,MC-Centro,2257909.01,2239900.0
2025-07-09,20,PT1H,MC-Centro,2289889.7,2274880.0
2025-07-09,21,PT1H,MC-Centro,2202268.3,2194960.0
2025-07-09,22,PT1H,MC-Centro,2019253.31,2020180.0
2025-07-09,23,PT1H,MC-Centro,1809916.26,1812050.0
2025-07-09,24,PT1H,MC-Centro,1637912.07,1665740.0
2025-09-06,1,PT1H,MC-Centro,1553218.36,1556000.0
2025-09-06,2,PT1H,MC-Centro,1482137.94,1488000.0
2025-09-06,3,PT1H,MC-Centro,1445364.48,1438000.0
2025-09-06,4,PT1H,MC-Centro,1428285.56,1424000.0
2025-09-06,5,PT1H,MC-Centro,1462137.45,1455000.0
2025-09-06,6,PT1H,MC-Centro,1523419.65,1509000.0
2025-09-06,7,PT1H,MC-Centro,1674874.35,1658000.0
2025-09-06,8,PT1H,MC-Centro,1846151.72,1831000.0
2025-09-06,9,PT1H,MC-Centro,2000231.09,1980000.0
2025-09-06,10,PT1H,MC-Centro,2085676.86,2067000.0
2025-09-06,11,PT1H,MC-Centro,2125068.27,2135000.0
2025-09-06,12,PT1H,MC-Centro,2147049.62,2148000.0
2025-09-06,13,PT1H,MC-Centro,2117224.97,2116000.0
2025-09-06,14,PT1H,MC-Centro,2066020.71,2046000.0
2025-09-06,15,PT1H,MC-Centro,1979344.74,1980000.0
2025-09-06,16,PT1H,MC-Centro,1958219.51,1945000.0
2025-09-06,17,PT1H,MC-Centro,1917526.24,1917000.0
2025-09-06,18,PT1H,MC-Centro,1923061.99,1907000.0
2025-09-06,19,PT1H,MC-Centro,2042277.73,2023000.0
2025-09-06,20,PT1H,MC-Centro,2018564.63,2019000.0
2025-09-06,21,PT1H,MC-Centro,1938197.78,1935000.0
2025-09-06,22,PT1H,MC-Centro,1803083.63,1798000.0
2025-09-06,23,PT1H,MC-Centro,1642002.6,1640000.0
2025-09-06,24,PT1H,MC-Centro,1528965.87,1505000.0
2025-01-29,1,PT1H,MC-Centro,1535695.53,1550000.0
2025-01-29,2,PT1H,MC-Centro,1465469.1,1476000.0
2025-01-29,3,PT1H,MC-Centro,1417787.93,1434000.0
2025-01-29,4,PT1H,MC-Centro,1432316.82,1438000.0
2025-01-29,5,PT1H,MC-Centro,1555552.79,1545000.0
2025-01-29,6,PT1H,MC-Centro,1746275.25,1732000.0
2025-01-29,7,PT1H,MC-Centro,1881399.85,1862000.0
2025-01-29,8,PT1H,MC-Centro,2037205.95,1998000.0
2025-01-29,9,PT1H,MC-Centro,2134805.71,2091000.0
2025-01-29,10,PT1H,MC-Centro,2180037.56,2144000.0
2025-01-29,11,PT1H,MC-Centro,2241331.27,2218000.0
2025-01-29,12,PT1H,MC-Centro,2275064.74,2272000.0
2025-01-29,13,PT1H,MC-Centro,2275781.41,2264000.0
2025-01-29,14,PT1H,MC-Centro,2222664.23,2214000.0
2025-01-29,15,PT1H,MC-Centro,2223458.64,2226000.0
2025-01-29,16,PT1H,MC-Centro,2215133.73,2210000.0
2025-01-29,17,PT1H,MC-Centro,2143075.82,2169000.0
2025-01-29,18,PT1H,MC-Centro,2117014.38,2153000.0
2025-01-29,19,PT1H,MC-Centro,2233619.5,2260000.0
2025-01-29,20,PT1H,MC-Centro,2269210.79,2266000.0
2025-01-29,21,PT1H,MC-Centro,2175678.86,2162000.0
2025-01-29,22,PT1H,MC-Centro,1975601.76,1988000.0
2025-01-29,23,PT1H,MC-Centro,1771998.57,1793000.0
2025-01-29,24,PT1H,MC-Centro,1634454.95,1660000.0
2025-09-22,19,PT1H,MC-Centro,2297714.34,2300000.0
2025-09-22,20,PT1H,MC-Centro,2281990.05,2312000.0
2025-09-22,21,PT1H,MC-Centro,2175461.56,2206000.0
2025-09-22,22,PT1H,MC-Centro,1978343.31,2014000.0
2025-09-22,23,PT1H,MC-Centro,1764976.57,1795000.0
2025-09-22,24,PT1H,MC-Centro,1631158.82,1647000.0
2025-09-22,1,PT1H,MC-Centro,1372092.95,1373000.0
2025-09-22,2,PT1H,MC-Centro,1314440.5,1317000.0
2025-09-22,3,PT1H,MC-Centro,1277658.62,1282000.0
2025-09-22,4,PT1H,MC-Centro,1299068.44,1300000.0
2025-09-22,5,PT1H,MC-Centro,1446229.55,1466000.0
2025-09-22,6,PT1H,MC-Centro,1703129.61,1732000.0
2025-09-22,7,PT1H,MC-Centro,1826784.87,1851000.0
2025-09-22,8,PT1H,MC-Centro,1959373.93,1984000.0
2025-09-22,9,PT1H,MC-Centro,2075080.84,2104000.0
2025-09-22,10,PT1H,MC-Centro,2147248.61,2175000.0
2025-09-22,11,PT1H,MC-Centro,2231906.68,2250000.0
2025-09-22,12,PT1H,MC-Centro,2274893.7,2300000.0
2025-09-22,13,PT1H,MC-Centro,2277750.28,2290000.0
2025-09-22,14,PT1H,MC-Centro,2229945.3,2239000.0
2025-09-22,15,PT1H,MC-Centro,2235994.09,2246000.0
2025-09-22,16,PT1H,MC-Centro,2246022.44,2228000.0
2025-09-22,17,PT1H,MC-Centro,2210141.91,2192000.0
2025-09-22,18,PT1H,MC-Centro,2181016.19,2171000.0
2025-08-16,1,PT1H,MC-Centro,1558084.51,1543310.0
2025-08-16,2,PT1H,MC-Centro,1483363.09,1469690.0
2025-08-16,3,PT1H,MC-Centro,1440123.52,1419230.0
2025-08-16,4,PT1H,MC-Centro,1427259.47,1404950.0
2025-08-16,5,PT1H,MC-Centro,1459174.52,1437290.0
2025-08-16,6,PT1H,MC-Centro,1504609.76,1491670.0
2025-08-16,7,PT1H,MC-Centro,1646356.08,1634950.0
2025-08-16,8,PT1H,MC-Centro,1822253.28,1811860.0
2025-08-16,9,PT1H,MC-Centro,1966067.32,1954730.0
2025-08-16,10,PT1H,MC-Centro,2032002.54,2039470.0
2025-08-16,11,PT1H,MC-Centro,2113334.73,2107010.0
2025-08-16,12,PT1H,MC-Centro,2123071.84,2112890.0
2025-08-16,13,PT1H,MC-Centro,2107640.46,2073630.0
2025-08-16,14,PT1H,MC-Centro,2036484.56,2020630.0
2025-08-16,15,PT1H,MC-Centro,1968601.12,1962110.0
2025-08-16,16,PT1H,MC-Centro,1930018.17,1920060.0
2025-08-16,17,PT1H,MC-Centro,1887445.21,1890430.0
2025-08-16,18,PT1H,MC-Centro,1859927.77,1863540.0
2025-08-16,19,PT1H,MC-Centro,1974698.06,1972200.0
2025-08-16,20,PT1H,MC-Centro,1970626.55,1981250.0
2025-08-16,21,PT1H,MC-Centro,1905365.52,1908390.0
2025-08-16,22,PT1H,MC-Centro,1764849.73,1772320.0
2025-08-16,23,PT1H,MC-Centro,1612022.88,1618670.0
2025-08-16,24,PT1H,MC-Centro,1490305.95,1492090.0
2025-03-06,1,PT1H,MC-Centro,1543193.47,1555000.0
2025-03-06,2,PT1H,MC-Centro,1484296.41,1498000.0
2025-03-06,3,PT1H,MC-Centro,1447289.11,1457000.0
2025-03-06,4,PT1H,MC-Centro,1453296.6,1474000.0
2025-03-06,5,PT1H,MC-Centro,1605736.27,1627000.0
2025-03-06,6,PT1H,MC-Centro,1845585.51,1875000.0
2025-03-06,7,PT1H,MC-Centro,1932442.1,1943000.0
2025-03-06,8,PT1H,MC-Centro,2024106.37,2063000.0
2025-03-06,9,PT1H,MC-Centro,2139824.89,2144000.0
2025-03-06,10,PT1H,MC-Centro,2189687.72,2193000.0
2025-03-06,11,PT1H,MC-Centro,2270137.91,2250000.0
2025-03-06,12,PT1H,MC-Centro,2310938.5,2278000.0
2025-03-06,13,PT1H,MC-Centro,2289967.09,2257000.0
2025-03-06,14,PT1H,MC-Centro,2247201.9,2218000.0
2025-03-06,15,PT1H,MC-Centro,2251017.29,2224000.0
2025-03-06,16,PT1H,MC-Centro,2240612.55,2232000.0
2025-03-06,17,PT1H,MC-Centro,2217998.8,2184000.0
2025-03-06,18,PT1H,MC-Centro,2168947.34,2149000.0
2025-03-06,19,PT1H,MC-Centro,2259562.26,2258000.0
2025-03-06,20,PT1H,MC-Centro,2272785.06,2293000.0
2025-03-06,21,PT1H,MC-Centro,2190560.05,2188000.0
2025-03-06,22,PT1H,MC-Centro,2012261.44,1989000.0
2025-03-06,23,PT1H,MC-Centro,1797964.79,1805000.0
2025-03-06,24,PT1H,MC-Centro,1655698.86,1666000.0
2025-06-09,1,PT1H,MC-Centro,1377013.97,1366000.0
2025-06-09,2,PT1H,MC-Centro,1304862.73,1305000.0
2025-06-09,3,PT1H,MC-Centro,1269913.52,1268000.0
2025-06-09,4,PT1H,MC-Centro,1293610.12,1287000.0
2025-06-09,5,PT1H,MC-Centro,1441994.34,1435000.0
2025-06-09,6,PT1H,MC-Centro,1704572.81,1691000.0
2025-06-09,7,PT1H,MC-Centro,1805189.08,1797000.0
2025-06-09,8,PT1H,MC-Centro,1931440.51,1929000.0
2025-06-09,9,PT1H,MC-Centro,2076224.77,2051000.0
2025-06-09,10,PT1H,MC-Centro,2133609.94,2118000.0
2025-06-09,11,PT1H,MC-Centro,2224562.48,2195000.0
2025-06-09,12,PT1H,MC-Centro,2270585.61,2246000.0
2025-06-09,13,PT1H,MC-Centro,2255302.03,2235000.0
2025-06-09,14,PT1H,MC-Centro,2218649.91,2194000.0
2025-06-09,15,PT1H,MC-Centro,2222343.38,2193000.0
2025-06-09,16,PT1H,MC-Centro,2202825.29,2179000.0
2025-06-09,17,PT1H,MC-Centro,2170283.34,2145000.0
2025-06-09,18,PT1H,MC-Centro,2119947.29,2104000.0
2025-06-09,19,PT1H,MC-Centro,2241984.69,2235000.0
2025-06-09,20,PT1H,MC-Centro,2273506.97,2267000.0
2025-06-09,21,PT1H,MC-Centro,2183820.99,2182000.0
2025-06-09,22,PT1H,MC-Centro,1994704.89,1997000.0
2025-06-09,23,PT1H,MC-Centro,1782987.37,1781000.0
2025-06-09,24,PT1H,MC-Centro,1641839.88,1630000.0
2025-04-21,1,PT1H,MC-Centro,1342207.83,1330000.0
2025-04-21,2,PT1H,MC-Centro,1285968.21,1273000.0
2025-04-21,3,PT1H,MC-Centro,1246860.08,1234000.0
2025-04-21,4,PT1H,MC-Centro,1267123.97,1249000.0
2025-04-21,5,PT1H,MC-Centro,1415380.07,1387000.0
2025-04-21,6,PT1H,MC-Centro,1665348.88,1630000.0
2025-04-21,7,PT1H,MC-Centro,1782207.41,1765000.0
2025-04-21,8,PT1H,MC-Centro,1929499.73,1914000.0
2025-04-21,9,PT1H,MC-Centro,2059929.76,2034000.0
2025-04-21,10,PT1H,MC-Centro,2137091.61,2105000.0
2025-04-21,11,PT1H,MC-Centro,2209569.29,2191000.0
2025-04-21,12,PT1H,MC-Centro,2276735.08,2245000.0
2025-04-21,13,PT1H,MC-Centro,2267276.68,2241000.0
2025-04-21,14,PT1H,MC-Centro,2225756.42,2200000.0
2025-04-21,15,PT1H,MC-Centro,2222421.7,2200000.0
2025-04-21,16,PT1H,MC-Centro,2194655.27,2186000.0
2025-04-21,17,PT1H,MC-Centro,2185692.71,2137000.0
2025-04-21,18,PT1H,MC-Centro,2158886.19,2095000.0
2025-04-21,19,PT1H,MC-Centro,2252556.49,2214000.0
2025-04-21,20,PT1H,MC-Centro,2259559.76,2243000.0
2025-04-21,21,PT1H,MC-Centro,2176187.77,2162000.0
2025-04-21,22,PT1H,MC-Centro,2009985.43,1983000.0
2025-04-21,23,PT1H,MC-Centro,1805151.45,1772000.0
2025-04-21,24,PT1H,MC-Centro,1656141.07,1619000.0
2024-08-22,1,PT1H,MC-Centro,1515368.72,1521000.0
2024-08-22,2,PT1H,MC-Centro,1454461.06,1459000.0
2024-08-22,3,PT1H,MC-Centro,1402380.88,1407000.0
2024-08-22,4,PT1H,MC-Centro,1406357.45,1410000.0
2024-08-22,5,PT1H,MC-Centro,1548407.24,1544000.0
2024-08-22,6,PT1H,MC-Centro,1789254.23,1783000.0
2024-08-22,7,PT1H,MC-Centro,1874995.82,1869000.0
2024-08-22,8,PT1H,MC-Centro,1992848.04,1994000.0
2024-08-22,9,PT1H,MC-Centro,2070176.49,2074000.0
2024-08-22,10,PT1H,MC-Centro,2106903.54,2129000.0
2024-08-22,11,PT1H,MC-Centro,2167586.48,2198000.0
2024-08-22,12,PT1H,MC-Centro,2213553.05,2227000.0
2024-08-22,13,PT1H,MC-Centro,2199529.48,2219000.0
2024-08-22,14,PT1H,MC-Centro,2164197.33,2177000.0
2024-08-22,15,PT1H,MC-Centro,2178648.65,2173000.0
2024-08-22,16,PT1H,MC-Centro,2183069.21,2169000.0
2024-08-22,17,PT1H,MC-Centro,2138921.34,2127000.0
2024-08-22,18,PT1H,MC-Centro,2109418.36,2090000.0
2024-08-22,19,PT1H,MC-Centro,2234784.06,2215000.0
2024-08-22,20,PT1H,MC-Centro,2248405.91,2244000.0
2024-08-22,21,PT1H,MC-Centro,2159302.36,2156000.0
2024-08-22,22,PT1H,MC-Centro,1980156.79,1973000.0
2024-08-22,23,PT1H,MC-Centro,1770728.21,1775000.0
2024-08-22,24,PT1H,MC-Centro,1624544.24,1629000.0
2025-11-24,1,PT1H,MC-Centro,1417093.36,1378000.0
2025-11-24,2,PT1H,MC-Centro,1355166.22,1330000.0
2025-11-24,3,PT1H,MC-Centro,1310323.36,1289000.0
2025-11-24,4,PT1H,MC-Centro,1328574.62,1305000.0
2025-11-24,5,PT1H,MC-Centro,1460476.15,1417000.0
2025-11-24,6,PT1H,MC-Centro,1672857.73,1582000.0
2025-11-24,7,PT1H,MC-Centro,1830950.17,1773000.0
2025-11-24,8,PT1H,MC-Centro,2016801.24,1950000.0
2025-11-24,9,PT1H,MC-Centro,2155484.34,2106000.0
2025-11-24,10,PT1H,MC-Centro,2216850.68,2200000.0
2025-11-24,11,PT1H,MC-Centro,2278954.14,2275000.0
2025-11-24,12,PT1H,MC-Centro,2348480.94,2332000.0
2025-11-24,13,PT1H,MC-Centro,2355303.88,2309000.0
2025-11-24,14,PT1H,MC-Centro,2312075.77,2274000.0
2025-11-24,15,PT1H,MC-Centro,2315106.64,2265000.0
2025-11-24,16,PT1H,MC-Centro,2300823.51,2258000.0
2025-11-24,17,PT1H,MC-Centro,2249492.45,2228000.0
2025-11-24,18,PT1H,MC-Centro,2248984.82,2248000.0
2025-11-24,19,PT1H,MC-Centro,2342405.72,2348000.0
2025-11-24,20,PT1H,MC-Centro,2326022.36,2330000.0
2025-11-24,21,PT1H,MC-Centro,2228987.72,2219000.0
2025-11-24,22,PT1H,MC-Centro,2079083.48,2029000.0
2025-11-24,23,PT1H,MC-Centro,1834392.47,1810000.0
2025-11-24,24,PT1H,MC-Centro,1660951.15,1665000.0
2024-08-26,1,PT1H,MC-Centro,1341627.33,1355000.0
2024-08-26,2,PT1H,MC-Centro,1291789.68,1296000.0
2024-08-26,3,PT1H,MC-Centro,1254813.23,1261000.0
2024-08-26,4,PT1H,MC-Centro,1280530.94,1287000.0
2024-08-26,5,PT1H,MC-Centro,1447032.68,1447000.0
2024-08-26,6,PT1H,MC-Centro,1703871.41,1704000.0
2024-08-26,7,PT1H,MC-Centro,1802079.34,1798000.0
2024-08-26,8,PT1H,MC-Centro,1932021.01,1931000.0
2024-08-26,9,PT1H,MC-Centro,2010977.43,2024000.0
2024-08-26,10,PT1H,MC-Centro,2075110.35,2080000.0
2024-08-26,11,PT1H,MC-Centro,2145684.48,2154000.0
2024-08-26,12,PT1H,MC-Centro,2179309.55,2195000.0
2024-08-26,13,PT1H,MC-Centro,2180248.9,2187000.0
2024-08-26,14,PT1H,MC-Centro,2135266.49,2147000.0
2024-08-26,15,PT1H,MC-Centro,2132911.27,2146000.0
2024-08-26,16,PT1H,MC-Centro,2106410.78,2136000.0
2024-08-26,17,PT1H,MC-Centro,2071436.38,2090000.0
2024-08-26,18,PT1H,MC-Centro,2035884.97,2057000.0
2024-08-26,19,PT1H,MC-Centro,2173594.44,2179000.0
2024-08-26,20,PT1H,MC-Centro,2207794.23,2230000.0
2024-08-26,21,PT1H,MC-Centro,2111344.65,2135000.0
2024-08-26,22,PT1H,MC-Centro,1919219.71,1947000.0
2024-08-26,23,PT1H,MC-Centro,1689286.25,1740000.0
2024-08-26,24,PT1H,MC-Centro,1581102.64,1608000.0
2024-11-07,1,PT1H,MC-Centro,1527687.89,1548000.0
2024-11-07,2,PT1H,MC-Centro,1472919.97,1485000.0
2024-11-07,3,PT1H,MC-Centro,1434753.83,1443000.0
2024-11-07,4,PT1H,MC-Centro,1445908.49,1455000.0
2024-11-07,5,PT1H,MC-Centro,1601946.24,1597000.0
2024-11-07,6,PT1H,MC-Centro,1829403.05,1827000.0
2024-11-07,7,PT1H,MC-Centro,1923927.37,1918000.0
2024-11-07,8,PT1H,MC-Centro,2053072.68,2037000.0
2024-11-07,9,PT1H,MC-Centro,2112286.14,2117000.0
2024-11-07,10,PT1H,MC-Centro,2146696.72,2166000.0
2024-11-07,11,PT1H,MC-Centro,2213614.59,2227000.0
2024-11-07,12,PT1H,MC-Centro,2250966.36,2270000.0
2024-11-07,13,PT1H,MC-Centro,2261025.93,2262000.0
2024-11-07,14,PT1H,MC-Centro,2209742.13,2222000.0
2024-11-07,15,PT1H,MC-Centro,2212554.78,2224000.0
2024-11-07,16,PT1H,MC-Centro,2240134.21,2224000.0
2024-11-07,17,PT1H,MC-Centro,2240245.44,2199000.0
2024-11-07,18,PT1H,MC-Centro,2252132.2,2197000.0
2024-11-07,19,PT1H,MC-Centro,2289531.92,2292000.0
2024-11-07,20,PT1H,MC-Centro,2255391.9,2277000.0
2024-11-07,21,PT1H,MC-Centro,2153411.22,2180000.0
2024-11-07,22,PT1H,MC-Centro,1958099.55,1996000.0
2024-11-07,23,PT1H,MC-Centro,1768349.36,1798000.0
2024-11-07,24,PT1H,MC-Centro,1645635.58,1640000.0
2024-09-11,1,PT1H,MC-Centro,1530952.95,1479900.0
2024-09-11,2,PT1H,MC-Centro,1471646.82,1418430.0
2024-09-11,3,PT1H,MC-Centro,1429529.67,1366630.0
2024-09-11,4,PT1H,MC-Centro,1441773.2,1373980.0
2024-09-11,5,PT1H,MC-Centro,1593089.34,1507000.0
2024-09-11,6,PT1H,MC-Centro,1836886.65,1741900.0
2024-09-11,7,PT1H,MC-Centro,1916094.29,1837470.0
2024-09-11,8,PT1H,MC-Centro,2021911.63,1952980.0
2024-09-11,9,PT1H,MC-Centro,2095154.43,2045010.0
2024-09-11,10,PT1H,MC-Centro,2126669.98,2087090.0
2024-09-11,11,PT1H,MC-Centro,2210542.96,2160010.0
2024-09-11,12,PT1H,MC-Centro,2248895.58,2214440.0
2024-09-11,13,PT1H,MC-Centro,2238972.64,2214030.0
2024-09-11,14,PT1H,MC-Centro,2196083.86,2176200.0
2024-09-11,15,PT1H,MC-Centro,2202246.17,2180340.0
2024-09-11,16,PT1H,MC-Centro,2200169.35,2170980.0
2024-09-11,17,PT1H,MC-Centro,2167176.09,2130830.0
2024-09-11,18,PT1H,MC-Centro,2144415.7,2097070.0
2024-09-11,19,PT1H,MC-Centro,2256155.62,2211720.0
2024-09-11,20,PT1H,MC-Centro,2262267.32,2224150.0
2024-09-11,21,PT1H,MC-Centro,2165021.08,2131750.0
2024-09-11,22,PT1H,MC-Centro,1998448.05,1946080.0
2024-09-11,23,PT1H,MC-Centro,1774448.27,1742340.0
2024-09-11,24,PT1H,MC-Centro,1628464.92,1604170.0
2025-12-18,1,PT1H,MC-Centro,1637961.17,1636000.0
2025-12-18,2,PT1H,MC-Centro,1563931.16,1563000.0
2025-12-18,3,PT1H,MC-Centro,1508022.73,1510000.0
2025-12-18,4,PT1H,MC-Centro,1506942.59,1519000.0
2025-12-18,5,PT1H,MC-Centro,1580310.27,1584000.0
2025-12-18,6,PT1H,MC-Centro,1707008.63,1688000.0
2025-12-18,7,PT1H,MC-Centro,1881770.44,1886000.0
2025-12-18,8,PT1H,MC-Centro,2078446.83,2052000.0
2025-12-18,9,PT1H,MC-Centro,2201734.02,2162000.0
2025-12-18,10,PT1H,MC-Centro,2237716.55,2215000.0
2025-12-18,11,PT1H,MC-Centro,2303512.25,2292000.0
2025-12-18,12,PT1H,MC-Centro,2379684.98,2329000.0
2025-12-18,13,PT1H,MC-Centro,2381411.94,2330000.0
2025-12-18,14,PT1H,MC-Centro,2323887.72,2294000.0
2025-12-18,15,PT1H,MC-Centro,2321431.43,2271000.0
2025-12-18,16,PT1H,MC-Centro,2326677.68,2256000.0
2025-12-18,17,PT1H,MC-Centro,2273810.1,2217000.0
2025-12-18,18,PT1H,MC-Centro,2280371.05,2220000.0
2025-12-18,19,PT1H,MC-Centro,2347702.22,2330000.0
2025-12-18,20,PT1H,MC-Centro,2307952.63,2323000.0
2025-12-18,21,PT1H,MC-Centro,2203418.88,2230000.0
2025-12-18,22,PT1H,MC-Centro,2052555.51,2044000.0
2025-12-18,23,PT1H,MC-Centro,1885444.94,1858000.0
2025-12-18,24,PT1H,MC-Centro,1742225.09,1714000.0
2025-02-20,1,PT1H,MC-Centro,1563040.95,1549000.0
2025-02-20,2,PT1H,MC-Centro,1492638.01,1497000.0
2025-02-20,3,PT1H,MC-Centro,1447527.66,1463000.0
2025-02-20,4,PT1H,MC-Centro,1466855.11,1483000.0
2025-02-20,5,PT1H,MC-Centro,1619799.81,1627000.0
2025-02-20,6,PT1H,MC-Centro,1870012.32,1864000.0
2025-02-20,7,PT1H,MC-Centro,1934850.09,1929000.0
2025-02-20,8,PT1H,MC-Centro,2062949.4,2049000.0
2025-02-20,9,PT1H,MC-Centro,2130336.24,2124000.0
2025-02-20,10,PT1H,MC-Centro,2170304.8,2181000.0
2025-02-20,11,PT1H,MC-Centro,2227536.43,2240000.0
2025-02-20,12,PT1H,MC-Centro,2263609.59,2270000.0
2025-02-20,13,PT1H,MC-Centro,2250516.03,2259000.0
2025-02-20,14,PT1H,MC-Centro,2234221.15,2223000.0
2025-02-20,15,PT1H,MC-Centro,2221113.04,2243000.0
2025-02-20,16,PT1H,MC-Centro,2206634.55,2234000.0
2025-02-20,17,PT1H,MC-Centro,2164652.73,2197000.0
2025-02-20,18,PT1H,MC-Centro,2147672.94,2169000.0
2025-02-20,19,PT1H,MC-Centro,2237216.33,2271000.0
2025-02-20,20,PT1H,MC-Centro,2296781.08,2285000.0
2025-02-20,21,PT1H,MC-Centro,2188538.04,2182000.0
2025-02-20,22,PT1H,MC-Centro,2001653.95,1986000.0
2025-02-20,23,PT1H,MC-Centro,1808806.59,1790000.0
2025-02-20,24,PT1H,MC-Centro,1675025.33,1655000.0
2025-09-17,1,PT1H,MC-Centro,1541603.68,1537000.0
2025-09-17,2,PT1H,MC-Centro,1477458.87,1473000.0
2025-09-17,3,PT1H,MC-Centro,1434577.76,1429000.0
2025-09-17,4,PT1H,MC-Centro,1440943.88,1434000.0
2025-09-17,5,PT1H,MC-Centro,1569373.72,1582000.0
2025-09-17,6,PT1H,MC-Centro,1813240.46,1836000.0
2025-09-17,7,PT1H,MC-Centro,1943512.93,1933000.0
2025-09-17,8,PT1H,MC-Centro,2046702.17,2048000.0
2025-09-17,9,PT1H,MC-Centro,2151427.92,2148000.0
2025-09-17,10,PT1H,MC-Centro,2185044.62,2195000.0
2025-09-17,11,PT1H,MC-Centro,2275444.6,2263000.0
2025-09-17,12,PT1H,MC-Centro,2333546.95,2303000.0
2025-09-17,13,PT1H,MC-Centro,2307673.46,2275000.0
2025-09-17,14,PT1H,MC-Centro,2269703.07,2226000.0
2025-09-17,15,PT1H,MC-Centro,2277667.68,2227000.0
2025-09-17,16,PT1H,MC-Centro,2277322.13,2222000.0
2025-09-17,17,PT1H,MC-Centro,2249137.9,2188000.0
2025-09-17,18,PT1H,MC-Centro,2238851.76,2149000.0
2025-09-17,19,PT1H,MC-Centro,2340785.91,2285000.0
2025-09-17,20,PT1H,MC-Centro,2319871.06,2304000.0
2025-09-17,21,PT1H,MC-Centro,2219622.83,2202000.0
2025-09-17,22,PT1H,MC-Centro,2017434.71,2005000.0
2025-09-17,23,PT1H,MC-Centro,1813775.3,1791000.0
2025-09-17,24,PT1H,MC-Centro,1675262.87,1650000.0
2024-10-30,1,PT1H,MC-Centro,1539743.3,1553000.0
2024-10-30,2,PT1H,MC-Centro,1490089.75,1492000.0
2024-10-30,3,PT1H,MC-Centro,1448767.27,1449000.0
2024-10-30,4,PT1H,MC-Centro,1436754.72,1459000.0
2024-10-30,5,PT1H,MC-Centro,1575805.01,1595000.0
2024-10-30,6,PT1H,MC-Centro,1807076.65,1827000.0
2024-10-30,7,PT1H,MC-Centro,1913295.93,1909000.0
2024-10-30,8,PT1H,MC-Centro,2017596.63,2015000.0
2024-10-30,9,PT1H,MC-Centro,2097247.29,2092000.0
2024-10-30,10,PT1H,MC-Centro,2141157.11,2140000.0
2024-10-30,11,PT1H,MC-Centro,2203384.46,2212000.0
2024-10-30,12,PT1H,MC-Centro,2252074.54,2252000.0
2024-10-30,13,PT1H,MC-Centro,2237489.64,2248000.0
2024-10-30,14,PT1H,MC-Centro,2202220.84,2220000.0
2024-10-30,15,PT1H,MC-Centro,2214598.17,2231000.0
2024-10-30,16,PT1H,MC-Centro,2217242.1,2234000.0
2024-10-30,17,PT1H,MC-Centro,2163069.29,2193000.0
2024-10-30,18,PT1H,MC-Centro,2205277.07,2194000.0
2024-10-30,19,PT1H,MC-Centro,2246287.13,2290000.0
2024-10-30,20,PT1H,MC-Centro,2222618.32,2281000.0
2024-10-30,21,PT1H,MC-Centro,2141262.5,2183000.0
2024-10-30,22,PT1H,MC-Centro,1977642.73,1993000.0
2024-10-30,23,PT1H,MC-Centro,1774055.1,1794000.0
2024-10-30,24,PT1H,MC-Centro,1647462.44,1651000.0
2025-04-01,1,PT1H,MC-Centro,1508652.84,1539000.0
2025-04-01,2,PT1H,MC-Centro,1450800.19,1481000.0
2025-04-01,3,PT1H,MC-Centro,1409040.39,1440000.0
2025-04-01,4,PT1H,MC-Centro,1410969.79,1446000.0
2025-04-01,5,PT1H,MC-Centro,1540543.59,1587000.0
2025-04-01,6,PT1H,MC-Centro,1807162.87,1822000.0
2025-04-01,7,PT1H,MC-Centro,1888568.35,1920000.0
2025-04-01,8,PT1H,MC-Centro,2017457.44,2037000.0
2025-04-01,9,PT1H,MC-Centro,2110321.61,2127000.0
2025-04-01,10,PT1H,MC-Centro,2134144.1,2171000.0
2025-04-01,11,PT1H,MC-Centro,2203351.3,2232000.0
2025-04-01,12,PT1H,MC-Centro,2248799.48,2281000.0
2025-04-01,13,PT1H,MC-Centro,2232959.48,2267000.0
2025-04-01,14,PT1H,MC-Centro,2199467.08,2227000.0
2025-04-01,15,PT1H,MC-Centro,2207440.5,2243000.0
2025-04-01,16,PT1H,MC-Centro,2199558.82,2232000.0
2025-04-01,17,PT1H,MC-Centro,2164887.61,2194000.0
2025-04-01,18,PT1H,MC-Centro,2118278.33,2168000.0
2025-04-01,19,PT1H,MC-Centro,2229319.27,2279000.0
2025-04-01,20,PT1H,MC-Centro,2263178.04,2298000.0
2025-04-01,21,PT1H,MC-Centro,2185787.46,2203000.0
2025-04-01,22,PT1H,MC-Centro,2003297.47,2010000.0
2025-04-01,23,PT1H,MC-Centro,1796238.62,1794000.0
2025-04-01,24,PT1H,MC-Centro,1634019.84,1656000.0
2025-05-14,1,PT1H,MC-Centro,1534769.83,1545000.0
2025-05-14,2,PT1H,MC-Centro,1476629.98,1483000.0
2025-05-14,3,PT1H,MC-Centro,1435497.84,1438000.0
2025-05-14,4,PT1H,MC-Centro,1439577.09,1439000.0
2025-05-14,5,PT1H,MC-Centro,1576722.63,1570000.0
2025-05-14,6,PT1H,MC-Centro,1834955.9,1832000.0
2025-05-14,7,PT1H,MC-Centro,1926667.87,1907000.0
2025-05-14,8,PT1H,MC-Centro,2022703.22,2021000.0
2025-05-14,9,PT1H,MC-Centro,2131496.24,2110000.0
2025-05-14,10,PT1H,MC-Centro,2174006.33,2154000.0
2025-05-14,11,PT1H,MC-Centro,2254662.83,2219000.0
2025-05-14,12,PT1H,MC-Centro,2312359.63,2274000.0
2025-05-14,13,PT1H,MC-Centro,2285402.3,2271000.0
2025-05-14,14,PT1H,MC-Centro,2230958.68,2226000.0
2025-05-14,15,PT1H,MC-Centro,2231174.71,2220000.0
2025-05-14,16,PT1H,MC-Centro,2229824.58,2208000.0
2025-05-14,17,PT1H,MC-Centro,2181768.24,2171000.0
2025-05-14,18,PT1H,MC-Centro,2179388.89,2128000.0
2025-05-14,19,PT1H,MC-Centro,2287871.91,2256000.0
2025-05-14,20,PT1H,MC-Centro,2296313.93,2287000.0
2025-05-14,21,PT1H,MC-Centro,2205602.89,2207000.0
2025-05-14,22,PT1H,MC-Centro,2027725.13,2023000.0
2025-05-14,23,PT1H,MC-Centro,1813099.66,1814000.0
2025-05-14,24,PT1H,MC-Centro,1658270.6,1658000.0
2025-09-07,1,PT1H,MC-Centro,1423011.52,1398000.0
2025-09-07,2,PT1H,MC-Centro,1336254.18,1328000.0
2025-09-07,3,PT1H,MC-Centro,1283301.47,1273000.0
2025-09-07,4,PT1H,MC-Centro,1247478.74,1234000.0
2025-09-07,5,PT1H,MC-Centro,1256392.49,1233000.0
2025-09-07,6,PT1H,MC-Centro,1254061.75,1237000.0
2025-09-07,7,PT1H,MC-Centro,1292618.0,1275000.0
2025-09-07,8,PT1H,MC-Centro,1414743.89,1398000.0
2025-09-07,9,PT1H,MC-Centro,1550903.53,1544000.0
2025-09-07,10,PT1H,MC-Centro,1664937.79,1654000.0
2025-09-07,11,PT1H,MC-Centro,1751552.75,1729000.0
2025-09-07,12,PT1H,MC-Centro,1793712.81,1774000.0
2025-09-07,13,PT1H,MC-Centro,1799913.32,1794000.0
2025-09-07,14,PT1H,MC-Centro,1775045.23,1763000.0
2025-09-07,15,PT1H,MC-Centro,1730374.89,1714000.0
2025-09-07,16,PT1H,MC-Centro,1695779.07,1680000.0
2025-09-07,17,PT1H,MC-Centro,1681582.62,1665000.0
2025-09-07,18,PT1H,MC-Centro,1730358.58,1697000.0
2025-09-07,19,PT1H,MC-Centro,1895334.26,1872000.0
2025-09-07,20,PT1H,MC-Centro,1918076.65,1924000.0
2025-09-07,21,PT1H,MC-Centro,1857276.62,1864000.0
2025-09-07,22,PT1H,MC-Centro,1716744.73,1722000.0
2025-09-07,23,PT1H,MC-Centro,1555414.26,1562000.0
2025-09-07,24,PT1H,MC-Centro,1430646.54,1430000.0
2024-08-19,1,PT1H,MC-Centro,1296680.41,1303000.0
2024-08-19,2,PT1H,MC-Centro,1225858.17,1232000.0
2024-08-19,3,PT1H,MC-Centro,1180961.24,1183000.0
2024-08-19,4,PT1H,MC-Centro,1164372.22,1163000.0
2024-08-19,5,PT1H,MC-Centro,1175247.87,1177000.0
2024-08-19,6,PT1H,MC-Centro,1185716.5,1182000.0
2024-08-19,7,PT1H,MC-Centro,1242898.73,1248000.0
2024-08-19,8,PT1H,MC-Centro,1379773.25,1397000.0
2024-08-19,9,PT1H,MC-Centro,1529696.1,1541000.0
2024-08-19,10,PT1H,MC-Centro,1655405.63,1662000.0
2024-08-19,11,PT1H,MC-Centro,1766508.11,1764000.0
2024-08-19,12,PT1H,MC-Centro,1829709.67,1829000.0
2024-08-19,13,PT1H,MC-Centro,1850089.34,1852000.0
2024-08-19,14,PT1H,MC-Centro,1824487.14,1818000.0
2024-08-19,15,PT1H,MC-Centro,1769461.82,1764000.0
2024-08-19,16,PT1H,MC-Centro,1713244.99,1723000.0
2024-08-19,17,PT1H,MC-Centro,1708538.13,1706000.0
2024-08-19,18,PT1H,MC-Centro,1736832.25,1728000.0
2024-08-19,19,PT1H,MC-Centro,1902920.25,1882000.0
2024-08-19,20,PT1H,MC-Centro,1944061.91,1917000.0
2024-08-19,21,PT1H,MC-Centro,1866981.09,1851000.0
2024-08-19,22,PT1H,MC-Centro,1707370.93,1712000.0
2024-08-19,23,PT1H,MC-Centro,1560476.21,1564000.0
2024-08-19,24,PT1H,MC-Centro,1446683.57,1444000.0
2025-11-27,1,PT1H,MC-Centro,1611501.87,1591670.0
2025-11-27,2,PT1H,MC-Centro,1537323.18,1536380.0
2025-11-27,3,PT1H,MC-Centro,1482160.6,1498550.0
2025-11-27,4,PT1H,MC-Centro,1481587.0,1517140.0
2025-11-27,5,PT1H,MC-Centro,1583281.23,1619480.0
2025-11-27,6,PT1H,MC-Centro,1730575.33,1761600.0
2025-11-27,7,PT1H,MC-Centro,1941390.87,1947310.0
2025-11-27,8,PT1H,MC-Centro,2080047.38,2117250.0
2025-11-27,9,PT1H,MC-Centro,2195857.14,2203680.0
2025-11-27,10,PT1H,MC-Centro,2240188.62,2259690.0
2025-11-27,11,PT1H,MC-Centro,2325464.04,2333630.0
2025-11-27,12,PT1H,MC-Centro,2374866.24,2364490.0
2025-11-27,13,PT1H,MC-Centro,2401085.44,2345930.0
2025-11-27,14,PT1H,MC-Centro,2331905.99,2295090.0
2025-11-27,15,PT1H,MC-Centro,2331323.37,2307080.0
2025-11-27,16,PT1H,MC-Centro,2318878.54,2308960.0
2025-11-27,17,PT1H,MC-Centro,2285862.59,2276890.0
2025-11-27,18,PT1H,MC-Centro,2299774.83,2290530.0
2025-11-27,19,PT1H,MC-Centro,2363818.32,2363990.0
2025-11-27,20,PT1H,MC-Centro,2334884.13,2334270.0
2025-11-27,21,PT1H,MC-Centro,2244065.13,2248440.0
2025-11-27,22,PT1H,MC-Centro,2072563.98,2061870.0
2025-11-27,23,PT1H,MC-Centro,1877742.23,1852170.0
2025-11-27,24,PT1H,MC-Centro,1726171.33,1704270.0
2025-08-03,1,PT1H,MC-Centro,1378240.62,1419000.0
2025-08-03,2,PT1H,MC-Centro,1306914.31,1346000.0
2025-08-03,3,PT1H,MC-Centro,1250827.47,1288000.0
2025-08-03,4,PT1H,MC-Centro,1215116.04,1250000.0
2025-08-03,5,PT1H,MC-Centro,1210310.87,1251000.0
2025-08-03,6,PT1H,MC-Centro,1211446.81,1251000.0
2025-08-03,7,PT1H,MC-Centro,1244143.35,1283000.0
2025-08-03,8,PT1H,MC-Centro,1372649.63,1414000.0
2025-08-03,9,PT1H,MC-Centro,1514516.32,1557000.0
2025-08-03,10,PT1H,MC-Centro,1612403.51,1666000.0
2025-08-03,11,PT1H,MC-Centro,1685370.67,1743000.0
2025-08-03,12,PT1H,MC-Centro,1740119.6,1788000.0
2025-08-03,13,PT1H,MC-Centro,1763356.07,1806000.0
2025-08-03,14,PT1H,MC-Centro,1734077.61,1784000.0
2025-08-03,15,PT1H,MC-Centro,1684602.08,1726000.0
2025-08-03,16,PT1H,MC-Centro,1641132.57,1693000.0
2025-08-03,17,PT1H,MC-Centro,1627603.97,1676000.0
2025-08-03,18,PT1H,MC-Centro,1649736.49,1701000.0
2025-08-03,19,PT1H,MC-Centro,1834251.21,1864000.0
2025-08-03,20,PT1H,MC-Centro,1895338.57,1934000.0
2025-08-03,21,PT1H,MC-Centro,1838989.34,1876000.0
2025-08-03,22,PT1H,MC-Centro,1703706.2,1740000.0
2025-08-03,23,PT1H,MC-Centro,1553064.21,1584000.0
2025-08-03,24,PT1H,MC-Centro,1420769.62,1454000.0
2026-02-18,1,PT1H,MC-Centro,1565838.57,1605530.0
2026-02-18,2,PT1H,MC-Centro,1508382.21,1544250.0
2026-02-18,3,PT1H,MC-Centro,1450631.94,1496530.0
2026-02-18,4,PT1H,MC-Centro,1470633.72,1502870.0
2026-02-18,5,PT1H,MC-Centro,1649381.77,1676760.0
2026-02-18,6,PT1H,MC-Centro,1921380.81,1930300.0
2026-02-18,7,PT1H,MC-Centro,1997263.32,2015120.0
2026-02-18,8,PT1H,MC-Centro,2102009.01,2119930.0
2026-02-18,9,PT1H,MC-Centro,2180410.72,2196120.0
2026-02-18,10,PT1H,MC-Centro,2239808.21,2236590.0
2026-02-18,11,PT1H,MC-Centro,2288335.12,2305190.0
2026-02-18,12,PT1H,MC-Centro,2346382.28,2324670.0
2026-02-18,13,PT1H,MC-Centro,2308902.27,2300630.0
2026-02-18,14,PT1H,MC-Centro,2246739.6,2276220.0
2026-02-18,15,PT1H,MC-Centro,2248834.56,2289950.0
2026-02-18,16,PT1H,MC-Centro,2254238.32,2305580.0
2026-02-18,17,PT1H,MC-Centro,2203358.18,2269460.0
2026-02-18,18,PT1H,MC-Centro,2174246.16,2251060.0
2026-02-18,19,PT1H,MC-Centro,2290297.85,2348030.0
2026-02-18,20,PT1H,MC-Centro,2343410.19,2364200.0
2026-02-18,21,PT1H,MC-Centro,2246861.09,2253490.0
2026-02-18,22,PT1H,MC-Centro,2048094.07,2055600.0
2026-02-18,23,PT1H,MC-Centro,1829340.34,1841720.0
2026-02-18,24,PT1H,MC-Centro,1677197.07,1690650.0
2024-11-23,1,PT1H,MC-Centro,1565642.23,1580000.0
2024-11-23,2,PT1H,MC-Centro,1482667.58,1506000.0
2024-11-23,3,PT1H,MC-Centro,1448828.56,1455000.0
2024-11-23,4,PT1H,MC-Centro,1431402.16,1445000.0
2024-11-23,5,PT1H,MC-Centro,1468724.51,1482000.0
2024-11-23,6,PT1H,MC-Centro,1531787.3,1542000.0
2024-11-23,7,PT1H,MC-Centro,1696990.94,1711000.0
2024-11-23,8,PT1H,MC-Centro,1886953.19,1904000.0
2024-11-23,9,PT1H,MC-Centro,1999749.85,2013000.0
2024-11-23,10,PT1H,MC-Centro,2060264.22,2080000.0
2024-11-23,11,PT1H,MC-Centro,2120298.1,2136000.0
2024-11-23,12,PT1H,MC-Centro,2131333.49,2141000.0
2024-11-23,13,PT1H,MC-Centro,2107684.21,2114000.0
2024-11-23,14,PT1H,MC-Centro,2069539.92,2053000.0
2024-11-23,15,PT1H,MC-Centro,2017086.93,1995000.0
2024-11-23,16,PT1H,MC-Centro,1974746.53,1968000.0
2024-11-23,17,PT1H,MC-Centro,1936385.29,1941000.0
2024-11-23,18,PT1H,MC-Centro,1979651.83,2001000.0
2024-11-23,19,PT1H,MC-Centro,2057733.0,2060000.0
2024-11-23,20,PT1H,MC-Centro,2020970.25,2030000.0
2024-11-23,21,PT1H,MC-Centro,1950890.63,1945000.0
2024-11-23,22,PT1H,MC-Centro,1798517.75,1802000.0
2024-11-23,23,PT1H,MC-Centro,1651236.56,1649000.0
2024-11-23,24,PT1H,MC-Centro,1548110.71,1529000.0
2024-11-17,1,PT1H,MC-Centro,1421294.45,1436000.0
2024-11-17,2,PT1H,MC-Centro,1358833.39,1364000.0
2024-11-17,3,PT1H,MC-Centro,1287456.26,1311000.0
2024-11-17,4,PT1H,MC-Centro,1244636.72,1277000.0
2024-11-17,5,PT1H,MC-Centro,1239117.48,1272000.0
2024-11-17,6,PT1H,MC-Centro,1233086.36,1266000.0
2024-11-17,7,PT1H,MC-Centro,1306439.98,1332000.0
2024-11-17,8,PT1H,MC-Centro,1440627.67,1471000.0
2024-11-17,9,PT1H,MC-Centro,1585025.66,1577000.0
2024-11-17,10,PT1H,MC-Centro,1667768.71,1671000.0
2024-11-17,11,PT1H,MC-Centro,1747509.84,1743000.0
2024-11-17,12,PT1H,MC-Centro,1786043.67,1783000.0
2024-11-17,13,PT1H,MC-Centro,1794521.62,1793000.0
2024-11-17,14,PT1H,MC-Centro,1760335.89,1771000.0
2024-11-17,15,PT1H,MC-Centro,1708680.9,1722000.0
2024-11-17,16,PT1H,MC-Centro,1669961.65,1697000.0
2024-11-17,17,PT1H,MC-Centro,1661843.53,1699000.0
2024-11-17,18,PT1H,MC-Centro,1753846.6,1777000.0
2024-11-17,19,PT1H,MC-Centro,1887135.02,1918000.0
2024-11-17,20,PT1H,MC-Centro,1890508.3,1922000.0
2024-11-17,21,PT1H,MC-Centro,1829257.64,1850000.0
2024-11-17,22,PT1H,MC-Centro,1717564.01,1715000.0
2024-11-17,23,PT1H,MC-Centro,1583754.92,1579000.0
2024-11-17,24,PT1H,MC-Centro,1463144.81,1462000.0
2024-12-04,1,PT1H,MC-Centro,1569527.24,1528150.0
2024-12-04,2,PT1H,MC-Centro,1507725.83,1470820.0
2024-12-04,3,PT1H,MC-Centro,1459244.31,1428070.0
2024-12-04,4,PT1H,MC-Centro,1462904.19,1428490.0
2024-12-04,5,PT1H,MC-Centro,1572143.1,1519060.0
2024-12-04,6,PT1H,MC-Centro,1704367.66,1670280.0
2024-12-04,7,PT1H,MC-Centro,1896612.87,1859170.0
2024-12-04,8,PT1H,MC-Centro,2055703.9,2011310.0
2024-12-04,9,PT1H,MC-Centro,2140379.41,2100650.0
2024-12-04,10,PT1H,MC-Centro,2183001.61,2149050.0
2024-12-04,11,PT1H,MC-Centro,2254536.33,2207410.0
2024-12-04,12,PT1H,MC-Centro,2304310.2,2271450.0
2024-12-04,13,PT1H,MC-Centro,2295773.04,2264670.0
2024-12-04,14,PT1H,MC-Centro,2257063.45,2222100.0
2024-12-04,15,PT1H,MC-Centro,2265413.31,2230410.0
2024-12-04,16,PT1H,MC-Centro,2252537.02,2224350.0
2024-12-04,17,PT1H,MC-Centro,2229638.12,2204690.0
2024-12-04,18,PT1H,MC-Centro,2242270.77,2207680.0
2024-12-04,19,PT1H,MC-Centro,2318225.34,2302240.0
2024-12-04,20,PT1H,MC-Centro,2300170.77,2285080.0
2024-12-04,21,PT1H,MC-Centro,2207298.31,2198950.0
2024-12-04,22,PT1H,MC-Centro,2029626.94,2011140.0
2024-12-04,23,PT1H,MC-Centro,1836686.29,1812650.0
2024-12-04,24,PT1H,MC-Centro,1695152.54,1676730.0
2025-05-05,1,PT1H,MC-Centro,1359298.13,1384000.0
2025-05-05,2,PT1H,MC-Centro,1296770.23,1327000.0
2025-05-05,3,PT1H,MC-Centro,1263282.57,1288000.0
2025-05-05,4,PT1H,MC-Centro,1288088.26,1305000.0
2025-05-05,5,PT1H,MC-Centro,1437607.22,1455000.0
2025-05-05,6,PT1H,MC-Centro,1699360.95,1714000.0
2025-05-05,7,PT1H,MC-Centro,1799225.78,1817000.0
2025-05-05,8,PT1H,MC-Centro,1928834.96,1954000.0
2025-05-05,9,PT1H,MC-Centro,2051815.04,2071000.0
2025-05-05,10,PT1H,MC-Centro,2121665.7,2140000.0
2025-05-05,11,PT1H,MC-Centro,2198321.31,2218000.0
2025-05-05,12,PT1H,MC-Centro,2249757.2,2274000.0
2025-05-05,13,PT1H,MC-Centro,2236844.61,2272000.0
2025-05-05,14,PT1H,MC-Centro,2202946.98,2222000.0
2025-05-05,15,PT1H,MC-Centro,2210476.63,2224000.0
2025-05-05,16,PT1H,MC-Centro,2205129.18,2208000.0
2025-05-05,17,PT1H,MC-Centro,2156951.89,2175000.0
2025-05-05,18,PT1H,MC-Centro,2095538.58,2134000.0
2025-05-05,19,PT1H,MC-Centro,2217498.76,2252000.0
2025-05-05,20,PT1H,MC-Centro,2255310.09,2281000.0
2025-05-05,21,PT1H,MC-Centro,2173907.43,2201000.0
2025-05-05,22,PT1H,MC-Centro,1995439.17,2021000.0
2025-05-05,23,PT1H,MC-Centro,1786811.79,1807000.0
2025-05-05,24,PT1H,MC-Centro,1627735.04,1650000.0
2024-12-11,1,PT1H,MC-Centro,1574790.26,1571000.0
2024-12-11,2,PT1H,MC-Centro,1500462.85,1503000.0
2024-12-11,3,PT1H,MC-Centro,1446698.05,1454000.0
2024-12-11,4,PT1H,MC-Centro,1453370.38,1453000.0
2024-12-11,5,PT1H,MC-Centro,1540125.27,1554000.0
2024-12-11,6,PT1H,MC-Centro,1683639.59,1690000.0
2024-12-11,7,PT1H,MC-Centro,1854374.45,1875000.0
2024-12-11,8,PT1H,MC-Centro,2012779.19,2040000.0
2024-12-11,9,PT1H,MC-Centro,2094727.23,2135000.0
2024-12-11,10,PT1H,MC-Centro,2147771.53,2183000.0
2024-12-11,11,PT1H,MC-Centro,2223611.96,2250000.0
2024-12-11,12,PT1H,MC-Centro,2281901.48,2309000.0
2024-12-11,13,PT1H,MC-Centro,2283815.73,2303000.0
2024-12-11,14,PT1H,MC-Centro,2249737.42,2262000.0
2024-12-11,15,PT1H,MC-Centro,2264296.33,2265000.0
2024-12-11,16,PT1H,MC-Centro,2230281.67,2254000.0
2024-12-11,17,PT1H,MC-Centro,2206097.16,2235000.0
2024-12-11,18,PT1H,MC-Centro,2220506.78,2246000.0
2024-12-11,19,PT1H,MC-Centro,2307265.49,2327000.0
2024-12-11,20,PT1H,MC-Centro,2287029.35,2314000.0
2024-12-11,21,PT1H,MC-Centro,2199290.34,2225000.0
2024-12-11,22,PT1H,MC-Centro,2023946.22,2036000.0
2024-12-11,23,PT1H,MC-Centro,1832490.09,1841000.0
2024-12-11,24,PT1H,MC-Centro,1703992.12,1696000.0
2024-09-30,1,PT1H,MC-Centro,1337040.9,1377000.0
2024-09-30,2,PT1H,MC-Centro,1292062.57,1320000.0
2024-09-30,3,PT1H,MC-Centro,1261887.18,1283000.0
2024-09-30,4,PT1H,MC-Centro,1287584.03,1304000.0
2024-09-30,5,PT1H,MC-Centro,1443643.24,1461000.0
2024-09-30,6,PT1H,MC-Centro,1677662.43,1709000.0
2024-09-30,7,PT1H,MC-Centro,1755515.28,1807000.0
2024-09-30,8,PT1H,MC-Centro,1904240.25,1931000.0
2024-09-30,9,PT1H,MC-Centro,2007103.05,2026000.0
2024-09-30,10,PT1H,MC-Centro,2068332.11,2096000.0
2024-09-30,11,PT1H,MC-Centro,2129259.52,2177000.0
2024-09-30,12,PT1H,MC-Centro,2158128.07,2222000.0
2024-09-30,13,PT1H,MC-Centro,2154277.25,2215000.0
2024-09-30,14,PT1H,MC-Centro,2127668.91,2172000.0
2024-09-30,15,PT1H,MC-Centro,2111258.01,2174000.0
2024-09-30,16,PT1H,MC-Centro,2097135.46,2161000.0
2024-09-30,17,PT1H,MC-Centro,2065407.46,2126000.0
2024-09-30,18,PT1H,MC-Centro,2070052.8,2114000.0
2024-09-30,19,PT1H,MC-Centro,2155359.75,2227000.0
2024-09-30,20,PT1H,MC-Centro,2157666.28,2243000.0
2024-09-30,21,PT1H,MC-Centro,2079319.7,2151000.0
2024-09-30,22,PT1H,MC-Centro,1892393.78,1961000.0
2024-09-30,23,PT1H,MC-Centro,1702145.17,1751000.0
2024-09-30,24,PT1H,MC-Centro,1547644.37,1614000.0
2025-02-19,1,PT1H,MC-Centro,1559185.58,1538000.0
2025-02-19,2,PT1H,MC-Centro,1494461.16,1471000.0
2025-02-19,3,PT1H,MC-Centro,1450580.66,1429000.0
2025-02-19,4,PT1H,MC-Centro,1456525.86,1441000.0
2025-02-19,5,PT1H,MC-Centro,1620622.59,1586000.0
2025-02-19,6,PT1H,MC-Centro,1866645.66,1845000.0
2025-02-19,7,PT1H,MC-Centro,1923451.2,1912000.0
2025-02-19,8,PT1H,MC-Centro,2035562.2,2050000.0
2025-02-19,9,PT1H,MC-Centro,2112845.86,2131000.0
2025-02-19,10,PT1H,MC-Centro,2155628.51,2176000.0
2025-02-19,11,PT1H,MC-Centro,2232712.26,2245000.0
2025-02-19,12,PT1H,MC-Centro,2274734.24,2287000.0
2025-02-19,13,PT1H,MC-Centro,2258463.2,2254000.0
2025-02-19,14,PT1H,MC-Centro,2219463.41,2214000.0
2025-02-19,15,PT1H,MC-Centro,2222692.82,2230000.0
2025-02-19,16,PT1H,MC-Centro,2218658.4,2241000.0
2025-02-19,17,PT1H,MC-Centro,2181868.79,2190000.0
2025-02-19,18,PT1H,MC-Centro,2153064.88,2164000.0
2025-02-19,19,PT1H,MC-Centro,2245199.01,2266000.0
2025-02-19,20,PT1H,MC-Centro,2307845.71,2292000.0
2025-02-19,21,PT1H,MC-Centro,2198862.46,2194000.0
2025-02-19,22,PT1H,MC-Centro,2015875.69,1995000.0
2025-02-19,23,PT1H,MC-Centro,1807169.93,1802000.0
2025-02-19,24,PT1H,MC-Centro,1658043.65,1648000.0
2026-01-23,1,PT1H,MC-Centro,1590579.35,1562000.0
2026-01-23,2,PT1H,MC-Centro,1522246.45,1506000.0
2026-01-23,3,PT1H,MC-Centro,1474754.75,1464000.0
2026-01-23,4,PT1H,MC-Centro,1471160.23,1450000.0
2026-01-23,5,PT1H,MC-Centro,1552430.95,1549000.0
2026-01-23,6,PT1H,MC-Centro,1687638.05,1688000.0
2026-01-23,7,PT1H,MC-Centro,1860709.15,1858000.0
2026-01-23,8,PT1H,MC-Centro,2042049.73,2031000.0
2026-01-23,9,PT1H,MC-Centro,2168564.48,2138000.0
2026-01-23,10,PT1H,MC-Centro,2221749.35,2210000.0
2026-01-23,11,PT1H,MC-Centro,2293310.8,2291000.0
2026-01-23,12,PT1H,MC-Centro,2349003.81,2338000.0
2026-01-23,13,PT1H,MC-Centro,2344535.01,2334000.0
2026-01-23,14,PT1H,MC-Centro,2293157.2,2287000.0
2026-01-23,15,PT1H,MC-Centro,2282631.04,2263000.0
2026-01-23,16,PT1H,MC-Centro,2261573.45,2247000.0
2026-01-23,17,PT1H,MC-Centro,2205767.13,2205000.0
2026-01-23,18,PT1H,MC-Centro,2166396.29,2166000.0
2026-01-23,19,PT1H,MC-Centro,2275514.5,2259000.0
2026-01-23,20,PT1H,MC-Centro,2282242.76,2275000.0
2026-01-23,21,PT1H,MC-Centro,2170071.85,2182000.0
2026-01-23,22,PT1H,MC-Centro,2027780.52,2009000.0
2026-01-23,23,PT1H,MC-Centro,1852272.97,1821000.0
2026-01-23,24,PT1H,MC-Centro,1679884.19,1692000.0
2025-05-31,1,PT1H,MC-Centro,1536199.49,1568000.0
2025-05-31,2,PT1H,MC-Centro,1465742.55,1496000.0
2025-05-31,3,PT1H,MC-Centro,1417403.81,1445000.0
2025-05-31,4,PT1H,MC-Centro,1405108.99,1431000.0
2025-05-31,5,PT1H,MC-Centro,1437779.96,1463000.0
2025-05-31,6,PT1H,MC-Centro,1490837.62,1521000.0
2025-05-31,7,PT1H,MC-Centro,1636566.23,1662000.0
2025-05-31,8,PT1H,MC-Centro,1813698.43,1848000.0
2025-05-31,9,PT1H,MC-Centro,1956433.34,1980000.0
2025-05-31,10,PT1H,MC-Centro,2039427.36,2053000.0
2025-05-31,11,PT1H,MC-Centro,2104618.76,2115000.0
2025-05-31,12,PT1H,MC-Centro,2113271.78,2129000.0
2025-05-31,13,PT1H,MC-Centro,2069610.55,2091000.0
2025-05-31,14,PT1H,MC-Centro,2024534.91,2033000.0
2025-05-31,15,PT1H,MC-Centro,1957341.71,1979000.0
2025-05-31,16,PT1H,MC-Centro,1919575.48,1936000.0
2025-05-31,17,PT1H,MC-Centro,1891497.13,1902000.0
2025-05-31,18,PT1H,MC-Centro,1866990.49,1867000.0
2025-05-31,19,PT1H,MC-Centro,1974769.85,1984000.0
2025-05-31,20,PT1H,MC-Centro,1979873.11,1989000.0
2025-05-31,21,PT1H,MC-Centro,1912906.48,1919000.0
2025-05-31,22,PT1H,MC-Centro,1776302.79,1786000.0
2025-05-31,23,PT1H,MC-Centro,1614341.11,1635000.0
2025-05-31,24,PT1H,MC-Centro,1484705.45,1502000.0
2025-01-30,1,PT1H,MC-Centro,1538841.76,1552000.0
2025-01-30,2,PT1H,MC-Centro,1476088.95,1482000.0
2025-01-30,3,PT1H,MC-Centro,1431042.12,1435000.0
2025-01-30,4,PT1H,MC-Centro,1434842.01,1446000.0
2025-01-30,5,PT1H,MC-Centro,1569768.05,1542000.0
2025-01-30,6,PT1H,MC-Centro,1761247.38,1729000.0
2025-01-30,7,PT1H,MC-Centro,1876661.12,1855000.0
2025-01-30,8,PT1H,MC-Centro,2016308.08,1999000.0
2025-01-30,9,PT1H,MC-Centro,2115229.38,2092000.0
2025-01-30,10,PT1H,MC-Centro,2162077.9,2152000.0
2025-01-30,11,PT1H,MC-Centro,2241741.5,2230000.0
2025-01-30,12,PT1H,MC-Centro,2274475.77,2280000.0
2025-01-30,13,PT1H,MC-Centro,2257738.95,2280000.0
2025-01-30,14,PT1H,MC-Centro,2224695.93,2236000.0
2025-01-30,15,PT1H,MC-Centro,2247448.74,2230000.0
2025-01-30,16,PT1H,MC-Centro,2226027.45,2221000.0
2025-01-30,17,PT1H,MC-Centro,2163063.15,2165000.0
2025-01-30,18,PT1H,MC-Centro,2102257.23,2136000.0
2025-01-30,19,PT1H,MC-Centro,2223795.34,2253000.0
2025-01-30,20,PT1H,MC-Centro,2245967.99,2274000.0
2025-01-30,21,PT1H,MC-Centro,2154674.71,2191000.0
2025-01-30,22,PT1H,MC-Centro,1959828.87,2006000.0
2025-01-30,23,PT1H,MC-Centro,1767322.37,1803000.0
2025-01-30,24,PT1H,MC-Centro,1628692.32,1661000.0
2025-05-26,1,PT1H,MC-Centro,1363780.6,1363000.0
2025-05-26,2,PT1H,MC-Centro,1303394.03,1302000.0
2025-05-26,3,PT1H,MC-Centro,1267604.22,1264000.0
2025-05-26,4,PT1H,MC-Centro,1285742.91,1285000.0
2025-05-26,5,PT1H,MC-Centro,1430123.58,1435000.0
2025-05-26,6,PT1H,MC-Centro,1682428.18,1694000.0
2025-05-26,7,PT1H,MC-Centro,1796625.1,1797000.0
2025-05-26,8,PT1H,MC-Centro,1930677.96,1929000.0
2025-05-26,9,PT1H,MC-Centro,2047861.69,2056000.0
2025-05-26,10,PT1H,MC-Centro,2114405.15,2124000.0
2025-05-26,11,PT1H,MC-Centro,2189008.66,2202000.0
2025-05-26,12,PT1H,MC-Centro,2235626.01,2252000.0
2025-05-26,13,PT1H,MC-Centro,2222914.52,2245000.0
2025-05-26,14,PT1H,MC-Centro,2188065.1,2204000.0
2025-05-26,15,PT1H,MC-Centro,2184289.62,2203000.0
2025-05-26,16,PT1H,MC-Centro,2166361.12,2189000.0
2025-05-26,17,PT1H,MC-Centro,2139448.53,2151000.0
2025-05-26,18,PT1H,MC-Centro,2105114.74,2106000.0
2025-05-26,19,PT1H,MC-Centro,2233077.73,2234000.0
2025-05-26,20,PT1H,MC-Centro,2264604.83,2265000.0
2025-05-26,21,PT1H,MC-Centro,2176477.43,2181000.0
2025-05-26,22,PT1H,MC-Centro,1989499.91,2000000.0
2025-05-26,23,PT1H,MC-Centro,1765446.62,1790000.0
2025-05-26,24,PT1H,MC-Centro,1619682.78,1638000.0
2025-01-03,1,PT1H,MC-Centro,1308170.86,1382000.0
2025-01-03,2,PT1H,MC-Centro,1253787.37,1314000.0
2025-01-03,3,PT1H,MC-Centro,1219696.98,1268000.0
2025-01-03,4,PT1H,MC-Centro,1209816.68,1259000.0
2025-01-03,5,PT1H,MC-Centro,1253694.97,1311000.0
2025-01-03,6,PT1H,MC-Centro,1321965.57,1390000.0
2025-01-03,7,PT1H,MC-Centro,1418452.95,1498000.0
2025-01-03,8,PT1H,MC-Centro,1531934.65,1647000.0
2025-01-03,9,PT1H,MC-Centro,1642751.76,1764000.0
2025-01-03,10,PT1H,MC-Centro,1712552.62,1840000.0
2025-01-03,11,PT1H,MC-Centro,1754575.1,1922000.0
2025-01-03,12,PT1H,MC-Centro,1822362.38,1983000.0
2025-01-03,13,PT1H,MC-Centro,1864421.36,2003000.0
2025-01-03,14,PT1H,MC-Centro,1846568.68,1967000.0
2025-01-03,15,PT1H,MC-Centro,1820428.88,1951000.0
2025-01-03,16,PT1H,MC-Centro,1805476.1,1938000.0
2025-01-03,17,PT1H,MC-Centro,1767329.49,1907000.0
2025-01-03,18,PT1H,MC-Centro,1764340.51,1901000.0
2025-01-03,19,PT1H,MC-Centro,1881347.34,2023000.0
2025-01-03,20,PT1H,MC-Centro,1889145.05,2022000.0
2025-01-03,21,PT1H,MC-Centro,1802477.36,1950000.0
2025-01-03,22,PT1H,MC-Centro,1675724.71,1804000.0
2025-01-03,23,PT1H,MC-Centro,1542970.38,1645000.0
2025-01-03,24,PT1H,MC-Centro,1430066.24,1525000.0
2024-11-09,1,PT1H,MC-Centro,1554421.7,1568000.0
2024-11-09,2,PT1H,MC-Centro,1492014.63,1497000.0
2024-11-09,3,PT1H,MC-Centro,1443214.95,1446000.0
2024-11-09,4,PT1H,MC-Centro,1431854.66,1429000.0
2024-11-09,5,PT1H,MC-Centro,1470298.39,1468000.0
2024-11-09,6,PT1H,MC-Centro,1521566.61,1529000.0
2024-11-09,7,PT1H,MC-Centro,1688590.19,1690000.0
2024-11-09,8,PT1H,MC-Centro,1879204.04,1865000.0
2024-11-09,9,PT1H,MC-Centro,1983045.21,1988000.0
2024-11-09,10,PT1H,MC-Centro,2044074.77,2065000.0
2024-11-09,11,PT1H,MC-Centro,2091574.53,2125000.0
2024-11-09,12,PT1H,MC-Centro,2108881.48,2132000.0
2024-11-09,13,PT1H,MC-Centro,2086882.99,2110000.0
2024-11-09,14,PT1H,MC-Centro,2036889.36,2051000.0
2024-11-09,15,PT1H,MC-Centro,1988544.13,1992000.0
2024-11-09,16,PT1H,MC-Centro,1992441.55,1960000.0
2024-11-09,17,PT1H,MC-Centro,1962375.4,1933000.0
2024-11-09,18,PT1H,MC-Centro,1991529.16,1969000.0
2024-11-09,19,PT1H,MC-Centro,2033483.37,2047000.0
2024-11-09,20,PT1H,MC-Centro,2004462.58,2024000.0
2024-11-09,21,PT1H,MC-Centro,1914326.03,1934000.0
2024-11-09,22,PT1H,MC-Centro,1772186.7,1790000.0
2024-11-09,23,PT1H,MC-Centro,1628976.77,1648000.0
2024-11-09,24,PT1H,MC-Centro,1501723.94,1520000.0
2025-10-18,1,PT1H,MC-Centro,1569519.15,1575600.0
2025-10-18,2,PT1H,MC-Centro,1495462.27,1498780.0
2025-10-18,3,PT1H,MC-Centro,1451298.51,1445480.0
2025-10-18,4,PT1H,MC-Centro,1429220.88,1425400.0
2025-10-18,5,PT1H,MC-Centro,1463624.74,1460970.0
2025-10-18,6,PT1H,MC-Centro,1517839.74,1521550.0
2025-10-18,7,PT1H,MC-Centro,1685493.46,1678290.0
2025-10-18,8,PT1H,MC-Centro,1866758.19,1851810.0
2025-10-18,9,PT1H,MC-Centro,2002709.38,1991330.0
2025-10-18,10,PT1H,MC-Centro,2090379.63,2079860.0
2025-10-18,11,PT1H,MC-Centro,2161586.91,2145440.0
2025-10-18,12,PT1H,MC-Centro,2186339.38,2158170.0
2025-10-18,13,PT1H,MC-Centro,2162816.04,2132070.0
2025-10-18,14,PT1H,MC-Centro,2092686.8,2059880.0
2025-10-18,15,PT1H,MC-Centro,2022943.44,1990850.0
2025-10-18,16,PT1H,MC-Centro,2004740.77,1959780.0
2025-10-18,17,PT1H,MC-Centro,1977607.87,1922410.0
2025-10-18,18,PT1H,MC-Centro,2010829.4,1942390.0
2025-10-18,19,PT1H,MC-Centro,2097902.66,2053770.0
2025-10-18,20,PT1H,MC-Centro,2037293.15,2022260.0
2025-10-18,21,PT1H,MC-Centro,1940329.62,1929280.0
2025-10-18,22,PT1H,MC-Centro,1814217.12,1787180.0
2025-10-18,23,PT1H,MC-Centro,1659015.77,1637490.0
2025-10-18,24,PT1H,MC-Centro,1534270.87,1510150.0
2025-04-10,1,PT1H,MC-Centro,1557952.84,1544000.0
2025-04-10,2,PT1H,MC-Centro,1491045.55,1481000.0
2025-04-10,3,PT1H,MC-Centro,1448300.55,1438000.0
2025-04-10,4,PT1H,MC-Centro,1456264.89,1438000.0
2025-04-10,5,PT1H,MC-Centro,1587987.75,1570000.0
2025-04-10,6,PT1H,MC-Centro,1846597.11,1818000.0
2025-04-10,7,PT1H,MC-Centro,1935222.47,1904000.0
2025-04-10,8,PT1H,MC-Centro,2056360.04,2016000.0
2025-04-10,9,PT1H,MC-Centro,2144773.76,2119000.0
2025-04-10,10,PT1H,MC-Centro,2167238.72,2166000.0
2025-04-10,11,PT1H,MC-Centro,2228331.93,2236000.0
2025-04-10,12,PT1H,MC-Centro,2275624.83,2285000.0
2025-04-10,13,PT1H,MC-Centro,2258514.57,2275000.0
2025-04-10,14,PT1H,MC-Centro,2222824.59,2226000.0
2025-04-10,15,PT1H,MC-Centro,2218225.23,2223000.0
2025-04-10,16,PT1H,MC-Centro,2220299.09,2220000.0
2025-04-10,17,PT1H,MC-Centro,2193863.02,2177000.0
2025-04-10,18,PT1H,MC-Centro,2159303.68,2135000.0
2025-04-10,19,PT1H,MC-Centro,2278944.83,2247000.0
2025-04-10,20,PT1H,MC-Centro,2296346.14,2274000.0
2025-04-10,21,PT1H,MC-Centro,2218753.08,2196000.0
2025-04-10,22,PT1H,MC-Centro,2043403.22,2016000.0
2025-04-10,23,PT1H,MC-Centro,1824734.43,1807000.0
2025-04-10,24,PT1H,MC-Centro,1673650.7,1657000.0
2025-07-30,1,PT1H,MC-Centro,1526985.12,1521000.0
2025-07-30,2,PT1H,MC-Centro,1470513.96,1469000.0
2025-07-30,3,PT1H,MC-Centro,1418868.41,1426000.0
2025-07-30,4,PT1H,MC-Centro,1419813.2,1430000.0
2025-07-30,5,PT1H,MC-Centro,1567096.2,1554000.0
2025-07-30,6,PT1H,MC-Centro,1818505.68,1807000.0
2025-07-30,7,PT1H,MC-Centro,1915201.41,1920000.0
2025-07-30,8,PT1H,MC-Centro,2014181.04,2025000.0
2025-07-30,9,PT1H,MC-Centro,2119569.88,2128000.0
2025-07-30,10,PT1H,MC-Centro,2161731.88,2180000.0
2025-07-30,11,PT1H,MC-Centro,2236940.38,2243000.0
2025-07-30,12,PT1H,MC-Centro,2278720.98,2288000.0
2025-07-30,13,PT1H,MC-Centro,2261398.13,2277000.0
2025-07-30,14,PT1H,MC-Centro,2197326.42,2229000.0
2025-07-30,15,PT1H,MC-Centro,2212204.24,2231000.0
2025-07-30,16,PT1H,MC-Centro,2204075.94,2223000.0
2025-07-30,17,PT1H,MC-Centro,2172643.3,2180000.0
2025-07-30,18,PT1H,MC-Centro,2121393.27,2138000.0
2025-07-30,19,PT1H,MC-Centro,2232014.2,2256000.0
2025-07-30,20,PT1H,MC-Centro,2279858.11,2295000.0
2025-07-30,21,PT1H,MC-Centro,2186939.87,2204000.0
2025-07-30,22,PT1H,MC-Centro,1993517.88,2017000.0
2025-07-30,23,PT1H,MC-Centro,1781164.88,1797000.0
2025-07-30,24,PT1H,MC-Centro,1623924.39,1648000.0
2025-10-03,1,PT1H,MC-Centro,3121126.04,3110000.0
2025-10-03,2,PT1H,MC-Centro,2991534.32,2974000.0
2025-10-03,3,PT1H,MC-Centro,2902432.28,2890000.0
2025-10-03,4,PT1H,MC-Centro,2901551.16,2890000.0
2025-10-03,5,PT1H,MC-Centro,3160712.44,3162000.0
2025-10-03,6,PT1H,MC-Centro,3612661.46,3638000.0
2025-10-03,7,PT1H,MC-Centro,3863282.64,3840000.0
2025-10-03,8,PT1H,MC-Centro,4113241.4,4086000.0
2025-10-03,9,PT1H,MC-Centro,4323626.5,4300000.0
2025-10-03,10,PT1H,MC-Centro,4409132.84,4400000.0
2025-10-03,11,PT1H,MC-Centro,4521481.74,4540000.0
2025-10-03,12,PT1H,MC-Centro,4633581.34,4632000.0
2025-10-03,13,PT1H,MC-Centro,4560256.3,4576000.0
2025-10-03,14,PT1H,MC-Centro,4425073.16,4472000.0
2025-10-03,15,PT1H,MC-Centro,4413747.66,4476000.0
2025-10-03,16,PT1H,MC-Centro,4408297.48,4448000.0
2025-10-03,17,PT1H,MC-Centro,4312647.02,4352000.0
2025-10-03,18,PT1H,MC-Centro,4316790.72,4310000.0
2025-10-03,19,PT1H,MC-Centro,4517375.2,4546000.0
2025-10-03,20,PT1H,MC-Centro,4468306.76,4516000.0
2025-10-03,21,PT1H,MC-Centro,4277111.52,4320000.0
2025-10-03,22,PT1H,MC-Centro,3931077.36,3984000.0
2025-10-03,23,PT1H,MC-Centro,3627386.66,3626000.0
2025-10-03,24,PT1H,MC-Centro,3348154.38,3352000.0
2025-03-08,1,PT1H,MC-Centro,1571458.11,1583000.0
2025-03-08,2,PT1H,MC-Centro,1501105.19,1512000.0
2025-03-08,3,PT1H,MC-Centro,1454277.5,1461000.0
2025-03-08,4,PT1H,MC-Centro,1439662.24,1448000.0
2025-03-08,5,PT1H,MC-Centro,1470843.03,1479000.0
2025-03-08,6,PT1H,MC-Centro,1534458.46,1566000.0
2025-03-08,7,PT1H,MC-Centro,1672431.63,1704000.0
2025-03-08,8,PT1H,MC-Centro,1860681.25,1885000.0
2025-03-08,9,PT1H,MC-Centro,1976830.54,2001000.0
2025-03-08,10,PT1H,MC-Centro,2060574.4,2071000.0
2025-03-08,11,PT1H,MC-Centro,2132536.51,2123000.0
2025-03-08,12,PT1H,MC-Centro,2133207.34,2144000.0
2025-03-08,13,PT1H,MC-Centro,2100350.04,2112000.0
2025-03-08,14,PT1H,MC-Centro,2048486.69,2052000.0
2025-03-08,15,PT1H,MC-Centro,1976661.12,1989000.0
2025-03-08,16,PT1H,MC-Centro,1938097.54,1969000.0
2025-03-08,17,PT1H,MC-Centro,1897047.26,1941000.0
2025-03-08,18,PT1H,MC-Centro,1910415.31,1954000.0
2025-03-08,19,PT1H,MC-Centro,1997493.08,2027000.0
2025-03-08,20,PT1H,MC-Centro,2003277.01,2027000.0
2025-03-08,21,PT1H,MC-Centro,1916651.17,1934000.0
2025-03-08,22,PT1H,MC-Centro,1789005.3,1804000.0
2025-03-08,23,PT1H,MC-Centro,1667473.96,1656000.0
2025-03-08,24,PT1H,MC-Centro,1503572.66,1509000.0
2025-05-18,1,PT1H,MC-Centro,1416499.74,1433000.0
2025-05-18,2,PT1H,MC-Centro,1338142.94,1360000.0
2025-05-18,3,PT1H,MC-Centro,1281063.04,1303000.0
2025-05-18,4,PT1H,MC-Centro,1246253.51,1266000.0
2025-05-18,5,PT1H,MC-Centro,1242570.94,1259000.0
2025-05-18,6,PT1H,MC-Centro,1242403.35,1256000.0
2025-05-18,7,PT1H,MC-Centro,1281498.07,1297000.0
2025-05-18,8,PT1H,MC-Centro,1404795.86,1432000.0
2025-05-18,9,PT1H,MC-Centro,1540261.1,1566000.0
2025-05-18,10,PT1H,MC-Centro,1666280.25,1674000.0
2025-05-18,11,PT1H,MC-Centro,1750958.45,1759000.0
2025-05-18,12,PT1H,MC-Centro,1801348.01,1811000.0
2025-05-18,13,PT1H,MC-Centro,1834780.37,1817000.0
2025-05-18,14,PT1H,MC-Centro,1805886.46,1789000.0
2025-05-18,15,PT1H,MC-Centro,1766618.52,1733000.0
2025-05-18,16,PT1H,MC-Centro,1727307.7,1699000.0
2025-05-18,17,PT1H,MC-Centro,1691319.44,1686000.0
2025-05-18,18,PT1H,MC-Centro,1696599.64,1714000.0
2025-05-18,19,PT1H,MC-Centro,1865573.74,1881000.0
2025-05-18,20,PT1H,MC-Centro,1910378.74,1922000.0
2025-05-18,21,PT1H,MC-Centro,1855886.08,1873000.0
2025-05-18,22,PT1H,MC-Centro,1724779.48,1745000.0
2025-05-18,23,PT1H,MC-Centro,1573019.5,1604000.0
2025-05-18,24,PT1H,MC-Centro,1438475.31,1472000.0
2024-12-28,1,PT1H,MC-Centro,1471182.19,1420000.0
2024-12-28,2,PT1H,MC-Centro,1399884.04,1348000.0
2024-12-28,3,PT1H,MC-Centro,1359436.15,1296000.0
2024-12-28,4,PT1H,MC-Centro,1347535.39,1291000.0
2024-12-28,5,PT1H,MC-Centro,1374819.38,1334000.0
2024-12-28,6,PT1H,MC-Centro,1430308.44,1382000.0
2024-12-28,7,PT1H,MC-Centro,1531141.19,1495000.0
2024-12-28,8,PT1H,MC-Centro,1677455.59,1652000.0
2024-12-28,9,PT1H,MC-Centro,1799600.97,1782000.0
2024-12-28,10,PT1H,MC-Centro,1874955.66,1855000.0
2024-12-28,11,PT1H,MC-Centro,1944780.47,1910000.0
2024-12-28,12,PT1H,MC-Centro,1964395.67,1924000.0
2024-12-28,13,PT1H,MC-Centro,1951321.69,1905000.0
2024-12-28,14,PT1H,MC-Centro,1907283.86,1864000.0
2024-12-28,15,PT1H,MC-Centro,1866725.29,1805000.0
2024-12-28,16,PT1H,MC-Centro,1835997.38,1777000.0
2024-12-28,17,PT1H,MC-Centro,1815108.5,1755000.0
2024-12-28,18,PT1H,MC-Centro,1855510.95,1768000.0
2024-12-28,19,PT1H,MC-Centro,1948049.16,1895000.0
2024-12-28,20,PT1H,MC-Centro,1926706.37,1892000.0
2024-12-28,21,PT1H,MC-Centro,1850891.4,1821000.0
2024-12-28,22,PT1H,MC-Centro,1721597.23,1708000.0
2024-12-28,23,PT1H,MC-Centro,1591290.8,1556000.0
2024-12-28,24,PT1H,MC-Centro,1483983.19,1419000.0
2025-07-16,1,PT1H,MC-Centro,1520206.86,1547000.0
2025-07-16,2,PT1H,MC-Centro,1455072.12,1485000.0
2025-07-16,3,PT1H,MC-Centro,1411669.12,1439000.0
2025-07-16,4,PT1H,MC-Centro,1413351.82,1447000.0
2025-07-16,5,PT1H,MC-Centro,1546759.77,1560000.0
2025-07-16,6,PT1H,MC-Centro,1804230.37,1745000.0
2025-07-16,7,PT1H,MC-Centro,1897767.37,1908000.0
2025-07-16,8,PT1H,MC-Centro,2016838.07,2048000.0
2025-07-16,9,PT1H,MC-Centro,2114908.46,2132000.0
2025-07-16,10,PT1H,MC-Centro,2165071.79,2193000.0
2025-07-16,11,PT1H,MC-Centro,2232263.2,2253000.0
2025-07-16,12,PT1H,MC-Centro,2264492.53,2311000.0
2025-07-16,13,PT1H,MC-Centro,2239204.09,2315000.0
2025-07-16,14,PT1H,MC-Centro,2206635.61,2267000.0
2025-07-16,15,PT1H,MC-Centro,2201830.92,2255000.0
2025-07-16,16,PT1H,MC-Centro,2196444.66,2242000.0
2025-07-16,17,PT1H,MC-Centro,2160346.58,2194000.0
2025-07-16,18,PT1H,MC-Centro,2101960.6,2153000.0
2025-07-16,19,PT1H,MC-Centro,2229480.68,2260000.0
2025-07-16,20,PT1H,MC-Centro,2264024.18,2295000.0
2025-07-16,21,PT1H,MC-Centro,2179452.42,2211000.0
2025-07-16,22,PT1H,MC-Centro,2013181.05,2031000.0
2025-07-16,23,PT1H,MC-Centro,1809614.43,1814000.0
2025-07-16,24,PT1H,MC-Centro,1646006.0,1654000.0
2024-09-02,1,PT1H,MC-Centro,1332306.7,1345000.0
2024-09-02,2,PT1H,MC-Centro,1274798.09,1293000.0
2024-09-02,3,PT1H,MC-Centro,1244022.9,1257000.0
2024-09-02,4,PT1H,MC-Centro,1262832.33,1283000.0
2024-09-02,5,PT1H,MC-Centro,1406646.95,1448000.0
2024-09-02,6,PT1H,MC-Centro,1657581.27,1705000.0
2024-09-02,7,PT1H,MC-Centro,1743338.21,1803000.0
2024-09-02,8,PT1H,MC-Centro,1868838.16,1933000.0
2024-09-02,9,PT1H,MC-Centro,1988478.84,2015000.0
2024-09-02,10,PT1H,MC-Centro,2056518.09,2077000.0
2024-09-02,11,PT1H,MC-Centro,2122731.01,2148000.0
2024-09-02,12,PT1H,MC-Centro,2160458.82,2183000.0
2024-09-02,13,PT1H,MC-Centro,2160270.77,2182000.0
2024-09-02,14,PT1H,MC-Centro,2119565.08,2139000.0
2024-09-02,15,PT1H,MC-Centro,2110641.94,2137000.0
2024-09-02,16,PT1H,MC-Centro,2107746.87,2114000.0
2024-09-02,17,PT1H,MC-Centro,2064163.95,2077000.0
2024-09-02,18,PT1H,MC-Centro,2045725.27,2042000.0
2024-09-02,19,PT1H,MC-Centro,2187051.26,2176000.0
2024-09-02,20,PT1H,MC-Centro,2211988.59,2214000.0
2024-09-02,21,PT1H,MC-Centro,2124521.8,2117000.0
2024-09-02,22,PT1H,MC-Centro,1933081.26,1926000.0
2024-09-02,23,PT1H,MC-Centro,1721613.11,1700000.0
2024-09-02,24,PT1H,MC-Centro,1582466.42,1587000.0
2025-10-13,1,PT1H,MC-Centro,2692371.98,2664000.0
2025-10-13,2,PT1H,MC-Centro,2559693.84,2526000.0
2025-10-13,3,PT1H,MC-Centro,2462991.38,2430000.0
2025-10-13,4,PT1H,MC-Centro,2435071.56,2388000.0
2025-10-13,5,PT1H,MC-Centro,2440060.78,2418000.0
2025-10-13,6,PT1H,MC-Centro,2429580.14,2438000.0
2025-10-13,7,PT1H,MC-Centro,2558767.02,2526000.0
2025-10-13,8,PT1H,MC-Centro,2825886.14,2798000.0
2025-10-13,9,PT1H,MC-Centro,3136242.06,3106000.0
2025-10-13,10,PT1H,MC-Centro,3400757.08,3366000.0
2025-10-13,11,PT1H,MC-Centro,3628991.58,3596000.0
2025-10-13,12,PT1H,MC-Centro,3770379.66,3742000.0
2025-10-13,13,PT1H,MC-Centro,3859256.46,3794000.0
2025-10-13,14,PT1H,MC-Centro,3781442.56,3734000.0
2025-10-13,15,PT1H,MC-Centro,3629027.36,3608000.0
2025-10-13,16,PT1H,MC-Centro,3560128.36,3528000.0
2025-10-13,17,PT1H,MC-Centro,3637570.98,3498000.0
2025-10-13,18,PT1H,MC-Centro,3791225.9,3530000.0
2025-10-13,19,PT1H,MC-Centro,3976070.64,3868000.0
2025-10-13,20,PT1H,MC-Centro,3959165.4,3966000.0
2025-10-13,21,PT1H,MC-Centro,3762642.12,3810000.0
2025-10-13,22,PT1H,MC-Centro,3486029.24,3532000.0
2025-10-13,23,PT1H,MC-Centro,3203900.62,3224000.0
2025-10-13,24,PT1H,MC-Centro,2949883.82,2964000.0
2025-02-03,1,PT1H,MC-Centro,1388139.55,1376000.0
2025-02-03,2,PT1H,MC-Centro,1321930.76,1324000.0
2025-02-03,3,PT1H,MC-Centro,1283674.09,1295000.0
2025-02-03,4,PT1H,MC-Centro,1314229.43,1319000.0
2025-02-03,5,PT1H,MC-Centro,1472781.27,1456000.0
2025-02-03,6,PT1H,MC-Centro,1688076.76,1646000.0
2025-02-03,7,PT1H,MC-Centro,1807710.27,1807000.0
2025-02-03,8,PT1H,MC-Centro,1959759.67,1960000.0
2025-02-03,9,PT1H,MC-Centro,2084818.16,2075000.0
2025-02-03,10,PT1H,MC-Centro,2116434.69,2153000.0
2025-02-03,11,PT1H,MC-Centro,2200164.62,2212000.0
2025-02-03,12,PT1H,MC-Centro,2239369.81,2260000.0
2025-02-03,13,PT1H,MC-Centro,2220254.8,2254000.0
2025-02-03,14,PT1H,MC-Centro,2192299.22,2223000.0
2025-02-03,15,PT1H,MC-Centro,2211945.38,2196000.0
2025-02-03,16,PT1H,MC-Centro,2186255.28,2169000.0
2025-02-03,17,PT1H,MC-Centro,2144643.61,2122000.0
2025-02-03,18,PT1H,MC-Centro,2144658.73,2087000.0
2025-02-03,19,PT1H,MC-Centro,2240171.31,2207000.0
2025-02-03,20,PT1H,MC-Centro,2258160.8,2234000.0
2025-02-03,21,PT1H,MC-Centro,2162483.58,2157000.0
2025-02-03,22,PT1H,MC-Centro,1964142.46,1961000.0
2025-02-03,23,PT1H,MC-Centro,1764604.03,1750000.0
2025-02-03,24,PT1H,MC-Centro,1630736.35,1571000.0
2025-07-13,1,PT1H,MC-Centro,1400886.46,1417410.0
2025-07-13,2,PT1H,MC-Centro,1330518.26,1342130.0
2025-07-13,3,PT1H,MC-Centro,1272923.0,1286430.0
2025-07-13,4,PT1H,MC-Centro,1232075.08,1247960.0
2025-07-13,5,PT1H,MC-Centro,1234277.99,1237940.0
2025-07-13,6,PT1H,MC-Centro,1221331.99,1232290.0
2025-07-13,7,PT1H,MC-Centro,1230634.52,1270380.0
2025-07-13,8,PT1H,MC-Centro,1345703.01,1393920.0
2025-07-13,9,PT1H,MC-Centro,1484309.67,1529530.0
2025-07-13,10,PT1H,MC-Centro,1590588.65,1649600.0
2025-07-13,11,PT1H,MC-Centro,1672348.65,1731780.0
2025-07-13,12,PT1H,MC-Centro,1724129.58,1777950.0
2025-07-13,13,PT1H,MC-Centro,1750696.83,1793740.0
2025-07-13,14,PT1H,MC-Centro,1742043.59,1765610.0
2025-07-13,15,PT1H,MC-Centro,1683224.6,1713300.0
2025-07-13,16,PT1H,MC-Centro,1655162.1,1683150.0
2025-07-13,17,PT1H,MC-Centro,1640100.71,1665990.0
2025-07-13,18,PT1H,MC-Centro,1660459.7,1697220.0
2025-07-13,19,PT1H,MC-Centro,1836173.65,1854990.0
2025-07-13,20,PT1H,MC-Centro,1911939.51,1910620.0
2025-07-13,21,PT1H,MC-Centro,1857126.33,1856100.0
2025-07-13,22,PT1H,MC-Centro,1723732.21,1728760.0
2025-07-13,23,PT1H,MC-Centro,1563674.3,1580290.0
2025-07-13,24,PT1H,MC-Centro,1438227.0,1452370.0
2024-12-17,1,PT1H,MC-Centro,1550821.36,1542800.0
2024-12-17,2,PT1H,MC-Centro,1477939.44,1453460.0
2024-12-17,3,PT1H,MC-Centro,1435733.33,1419080.0
2024-12-17,4,PT1H,MC-Centro,1443244.43,1424440.0
2024-12-17,5,PT1H,MC-Centro,1529164.3,1507270.0
2024-12-17,6,PT1H,MC-Centro,1652713.58,1642970.0
2024-12-17,7,PT1H,MC-Centro,1845076.6,1835840.0
2024-12-17,8,PT1H,MC-Centro,2020698.86,2004250.0
2024-12-17,9,PT1H,MC-Centro,2136290.68,2098210.0
2024-12-17,10,PT1H,MC-Centro,2177542.02,2179490.0
2024-12-17,11,PT1H,MC-Centro,2251807.41,2227150.0
2024-12-17,12,PT1H,MC-Centro,2306658.22,2278070.0
2024-12-17,13,PT1H,MC-Centro,2288582.98,2279150.0
2024-12-17,14,PT1H,MC-Centro,2247030.34,2227870.0
2024-12-17,15,PT1H,MC-Centro,2236742.68,2213070.0
2024-12-17,16,PT1H,MC-Centro,2232133.8,2201370.0
2024-12-17,17,PT1H,MC-Centro,2182896.33,2160720.0
2024-12-17,18,PT1H,MC-Centro,2188876.83,2165930.0
2024-12-17,19,PT1H,MC-Centro,2263914.15,2258360.0
2024-12-17,20,PT1H,MC-Centro,2228598.73,2245000.0
2024-12-17,21,PT1H,MC-Centro,2167086.0,2164870.0
2024-12-17,22,PT1H,MC-Centro,2001850.0,1996360.0
2024-12-17,23,PT1H,MC-Centro,1815831.57,1813350.0
2024-12-17,24,PT1H,MC-Centro,1651530.02,1663930.0
2024-08-05,1,PT1H,MC-Centro,1334681.53,1340000.0
2024-08-05,2,PT1H,MC-Centro,1275304.12,1289000.0
2024-08-05,3,PT1H,MC-Centro,1250091.62,1255000.0
2024-08-05,4,PT1H,MC-Centro,1273189.56,1277000.0
2024-08-05,5,PT1H,MC-Centro,1421367.8,1432000.0
2024-08-05,6,PT1H,MC-Centro,1670537.89,1695000.0
2024-08-05,7,PT1H,MC-Centro,1763014.87,1782000.0
2024-08-05,8,PT1H,MC-Centro,1888562.04,1913000.0
2024-08-05,9,PT1H,MC-Centro,2010163.77,2010000.0
2024-08-05,10,PT1H,MC-Centro,2083196.68,2073000.0
2024-08-05,11,PT1H,MC-Centro,2143998.45,2151000.0
2024-08-05,12,PT1H,MC-Centro,2186481.66,2195000.0
2024-08-05,13,PT1H,MC-Centro,2180965.33,2188000.0
2024-08-05,14,PT1H,MC-Centro,2148332.74,2143000.0
2024-08-05,15,PT1H,MC-Centro,2142126.42,2140000.0
2024-08-05,16,PT1H,MC-Centro,2138911.96,2128000.0
2024-08-05,17,PT1H,MC-Centro,2098174.02,2078000.0
2024-08-05,18,PT1H,MC-Centro,2051174.59,2040000.0
2024-08-05,19,PT1H,MC-Centro,2170221.07,2166000.0
2024-08-05,20,PT1H,MC-Centro,2201545.38,2213000.0
2024-08-05,21,PT1H,MC-Centro,2123024.04,2126000.0
2024-08-05,22,PT1H,MC-Centro,1932206.31,1942000.0
2024-08-05,23,PT1H,MC-Centro,1715433.2,1738000.0
2024-08-05,24,PT1H,MC-Centro,1570995.47,1606000.0
2025-08-15,1,PT1H,MC-Centro,1539517.07,1543000.0
2025-08-15,2,PT1H,MC-Centro,1475360.68,1481000.0
2025-08-15,3,PT1H,MC-Centro,1430804.77,1431000.0
2025-08-15,4,PT1H,MC-Centro,1435287.95,1430000.0
2025-08-15,5,PT1H,MC-Centro,1573759.14,1558000.0
2025-08-15,6,PT1H,MC-Centro,1809953.03,1783000.0
2025-08-15,7,PT1H,MC-Centro,1899416.89,1884000.0
2025-08-15,8,PT1H,MC-Centro,2025284.52,2020000.0
2025-08-15,9,PT1H,MC-Centro,2136479.13,2130000.0
2025-08-15,10,PT1H,MC-Centro,2191399.15,2178000.0
2025-08-15,11,PT1H,MC-Centro,2261930.79,2247000.0
2025-08-15,12,PT1H,MC-Centro,2282265.24,2284000.0
2025-08-15,13,PT1H,MC-Centro,2264395.84,2263000.0
2025-08-15,14,PT1H,MC-Centro,2213810.36,2208000.0
2025-08-15,15,PT1H,MC-Centro,2200681.81,2208000.0
2025-08-15,16,PT1H,MC-Centro,2192345.23,2191000.0
2025-08-15,17,PT1H,MC-Centro,2146397.02,2150000.0
2025-08-15,18,PT1H,MC-Centro,2102652.63,2108000.0
2025-08-15,19,PT1H,MC-Centro,2229656.3,2214000.0
2025-08-15,20,PT1H,MC-Centro,2242318.41,2235000.0
2025-08-15,21,PT1H,MC-Centro,2154096.3,2152000.0
2025-08-15,22,PT1H,MC-Centro,1988939.63,1979000.0
2025-08-15,23,PT1H,MC-Centro,1808745.34,1802000.0
2025-08-15,24,PT1H,MC-Centro,1675243.23,1665000.0
2024-11-08,1,PT1H,MC-Centro,1544008.35,1534000.0
2024-11-08,2,PT1H,MC-Centro,1487664.98,1472000.0
2024-11-08,3,PT1H,MC-Centro,1440314.12,1428000.0
2024-11-08,4,PT1H,MC-Centro,1446499.96,1432000.0
2024-11-08,5,PT1H,MC-Centro,1584113.59,1559000.0
2024-11-08,6,PT1H,MC-Centro,1796627.57,1762000.0
2024-11-08,7,PT1H,MC-Centro,1912267.82,1870000.0
2024-11-08,8,PT1H,MC-Centro,2049660.81,1994000.0
2024-11-08,9,PT1H,MC-Centro,2137914.55,2082000.0
2024-11-08,10,PT1H,MC-Centro,2191754.12,2138000.0
2024-11-08,11,PT1H,MC-Centro,2239061.32,2209000.0
2024-11-08,12,PT1H,MC-Centro,2272583.28,2254000.0
2024-11-08,13,PT1H,MC-Centro,2238060.94,2241000.0
2024-11-08,14,PT1H,MC-Centro,2197418.12,2218000.0
2024-11-08,15,PT1H,MC-Centro,2207581.03,2202000.0
2024-11-08,16,PT1H,MC-Centro,2196767.59,2195000.0
2024-11-08,17,PT1H,MC-Centro,2182271.4,2152000.0
2024-11-08,18,PT1H,MC-Centro,2218123.36,2157000.0
2024-11-08,19,PT1H,MC-Centro,2241549.9,2238000.0
2024-11-08,20,PT1H,MC-Centro,2212287.61,2216000.0
2024-11-08,21,PT1H,MC-Centro,2120173.25,2127000.0
2024-11-08,22,PT1H,MC-Centro,1952270.48,1972000.0
2024-11-08,23,PT1H,MC-Centro,1788426.64,1803000.0
2024-11-08,24,PT1H,MC-Centro,1652108.37,1680000.0
2025-01-17,1,PT1H,MC-Centro,1538408.24,1549000.0
2025-01-17,2,PT1H,MC-Centro,1464494.62,1483000.0
2025-01-17,3,PT1H,MC-Centro,1420799.9,1424000.0
2025-01-17,4,PT1H,MC-Centro,1426420.31,1417000.0
2025-01-17,5,PT1H,MC-Centro,1496864.69,1498000.0
2025-01-17,6,PT1H,MC-Centro,1624898.97,1620000.0
2025-01-17,7,PT1H,MC-Centro,1790721.69,1791000.0
2025-01-17,8,PT1H,MC-Centro,1960365.32,1959000.0
2025-01-17,9,PT1H,MC-Centro,2055963.29,2071000.0
2025-01-17,10,PT1H,MC-Centro,2092340.84,2120000.0
2025-01-17,11,PT1H,MC-Centro,2193117.37,2193000.0
2025-01-17,12,PT1H,MC-Centro,2240534.51,2239000.0
2025-01-17,13,PT1H,MC-Centro,2243400.28,2238000.0
2025-01-17,14,PT1H,MC-Centro,2191533.94,2190000.0
2025-01-17,15,PT1H,MC-Centro,2196870.0,2174000.0
2025-01-17,16,PT1H,MC-Centro,2172364.25,2153000.0
2025-01-17,17,PT1H,MC-Centro,2133470.81,2121000.0
2025-01-17,18,PT1H,MC-Centro,2101760.94,2129000.0
2025-01-17,19,PT1H,MC-Centro,2189253.78,2213000.0
2025-01-17,20,PT1H,MC-Centro,2196347.29,2196000.0
2025-01-17,21,PT1H,MC-Centro,2112945.26,2129000.0
2025-01-17,22,PT1H,MC-Centro,1944741.09,1984000.0
2025-01-17,23,PT1H,MC-Centro,1780628.4,1803000.0
2025-01-17,24,PT1H,MC-Centro,1621230.91,1659000.0
2024-10-04,1,PT1H,MC-Centro,1520105.94,1524000.0
2024-10-04,2,PT1H,MC-Centro,1459912.53,1466000.0
2024-10-04,3,PT1H,MC-Centro,1421129.88,1424000.0
2024-10-04,4,PT1H,MC-Centro,1428127.31,1427000.0
2024-10-04,5,PT1H,MC-Centro,1555495.23,1561000.0
2024-10-04,6,PT1H,MC-Centro,1759948.17,1780000.0
2024-10-04,7,PT1H,MC-Centro,1876833.11,1878000.0
2024-10-04,8,PT1H,MC-Centro,1982350.19,2004000.0
2024-10-04,9,PT1H,MC-Centro,2058758.09,2089000.0
2024-10-04,10,PT1H,MC-Centro,2108415.25,2134000.0
2024-10-04,11,PT1H,MC-Centro,2181259.76,2198000.0
2024-10-04,12,PT1H,MC-Centro,2232073.8,2230000.0
2024-10-04,13,PT1H,MC-Centro,2216624.97,2218000.0
2024-10-04,14,PT1H,MC-Centro,2211331.79,2174000.0
2024-10-04,15,PT1H,MC-Centro,2170948.78,2173000.0
2024-10-04,16,PT1H,MC-Centro,2161689.09,2162000.0
2024-10-04,17,PT1H,MC-Centro,2104414.32,2119000.0
2024-10-04,18,PT1H,MC-Centro,2120382.85,2112000.0
2024-10-04,19,PT1H,MC-Centro,2199098.48,2216000.0
2024-10-04,20,PT1H,MC-Centro,2175938.48,2199000.0
2024-10-04,21,PT1H,MC-Centro,2083903.31,2112000.0
2024-10-04,22,PT1H,MC-Centro,1939583.43,1957000.0
2024-10-04,23,PT1H,MC-Centro,1778109.12,1785000.0
2024-10-04,24,PT1H,MC-Centro,1653405.45,1657000.0
2026-02-19,1,PT1H,MC-Centro,1551631.6,1578000.0
2026-02-19,2,PT1H,MC-Centro,1496600.95,1521000.0
2026-02-19,3,PT1H,MC-Centro,1452346.46,1481000.0
2026-02-19,4,PT1H,MC-Centro,1473768.74,1500000.0
2026-02-19,5,PT1H,MC-Centro,1644520.02,1662000.0
2026-02-19,6,PT1H,MC-Centro,1901437.59,1901000.0
2026-02-19,7,PT1H,MC-Centro,1981407.62,1998000.0
2026-02-19,8,PT1H,MC-Centro,2106217.27,2105000.0
2026-02-19,9,PT1H,MC-Centro,2198825.9,2193000.0
2026-02-19,10,PT1H,MC-Centro,2243426.33,2227000.0
2026-02-19,11,PT1H,MC-Centro,2307152.59,2301000.0
2026-02-19,12,PT1H,MC-Centro,2328343.88,2348000.0
2026-02-19,13,PT1H,MC-Centro,2322005.16,2338000.0
2026-02-19,14,PT1H,MC-Centro,2281577.83,2303000.0
2026-02-19,15,PT1H,MC-Centro,2284489.91,2311000.0
2026-02-19,16,PT1H,MC-Centro,2257134.3,2299000.0
2026-02-19,17,PT1H,MC-Centro,2188336.96,2264000.0
2026-02-19,18,PT1H,MC-Centro,2171428.29,2224000.0
2026-02-19,19,PT1H,MC-Centro,2308863.29,2347000.0
2026-02-19,20,PT1H,MC-Centro,2349481.16,2350000.0
2026-02-19,21,PT1H,MC-Centro,2235939.83,2245000.0
2026-02-19,22,PT1H,MC-Centro,2041579.33,2050000.0
2026-02-19,23,PT1H,MC-Centro,1832067.72,1855000.0
2026-02-19,24,PT1H,MC-Centro,1706281.19,1684000.0
2024-11-15,1,PT1H,MC-Centro,1558356.8,1552000.0
2024-11-15,2,PT1H,MC-Centro,1498126.09,1490000.0
2024-11-15,3,PT1H,MC-Centro,1449088.43,1443000.0
2024-11-15,4,PT1H,MC-Centro,1462687.3,1447000.0
2024-11-15,5,PT1H,MC-Centro,1587326.17,1580000.0
2024-11-15,6,PT1H,MC-Centro,1793285.96,1805000.0
2024-11-15,7,PT1H,MC-Centro,1920573.43,1916000.0
2024-11-15,8,PT1H,MC-Centro,2056515.57,2046000.0
2024-11-15,9,PT1H,MC-Centro,2130350.56,2136000.0
2024-11-15,10,PT1H,MC-Centro,2158588.17,2192000.0
2024-11-15,11,PT1H,MC-Centro,2250502.69,2255000.0
2024-11-15,12,PT1H,MC-Centro,2295522.72,2278000.0
2024-11-15,13,PT1H,MC-Centro,2278056.78,2253000.0
2024-11-15,14,PT1H,MC-Centro,2242034.69,2222000.0
2024-11-15,15,PT1H,MC-Centro,2254557.08,2221000.0
2024-11-15,16,PT1H,MC-Centro,2243415.6,2215000.0
2024-11-15,17,PT1H,MC-Centro,2195043.56,2183000.0
2024-11-15,18,PT1H,MC-Centro,2179807.31,2209000.0
2024-11-15,19,PT1H,MC-Centro,2260480.97,2255000.0
2024-11-15,20,PT1H,MC-Centro,2228903.51,2230000.0
2024-11-15,21,PT1H,MC-Centro,2148642.66,2140000.0
2024-11-15,22,PT1H,MC-Centro,1978163.21,1977000.0
2024-11-15,23,PT1H,MC-Centro,1805037.22,1808000.0
2024-11-15,24,PT1H,MC-Centro,1691596.2,1679000.0
2025-04-24,1,PT1H,MC-Centro,1567431.98,1555000.0
2025-04-24,2,PT1H,MC-Centro,1503667.66,1490000.0
2025-04-24,3,PT1H,MC-Centro,1438664.03,1446000.0
2025-04-24,4,PT1H,MC-Centro,1437612.45,1450000.0
2025-04-24,5,PT1H,MC-Centro,1562369.06,1580000.0
2025-04-24,6,PT1H,MC-Centro,1812740.41,1838000.0
2025-04-24,7,PT1H,MC-Centro,1905627.11,1928000.0
2025-04-24,8,PT1H,MC-Centro,2036760.38,2048000.0
2025-04-24,9,PT1H,MC-Centro,2123373.02,2142000.0
2025-04-24,10,PT1H,MC-Centro,2170047.71,2180000.0
2025-04-24,11,PT1H,MC-Centro,2213253.01,2247000.0
2025-04-24,12,PT1H,MC-Centro,2274749.15,2296000.0
2025-04-24,13,PT1H,MC-Centro,2266184.31,2280000.0
2025-04-24,14,PT1H,MC-Centro,2225631.04,2234000.0
2025-04-24,15,PT1H,MC-Centro,2218043.96,2227000.0
2025-04-24,16,PT1H,MC-Centro,2215338.37,2241000.0
2025-04-24,17,PT1H,MC-Centro,2174276.11,2205000.0
2025-04-24,18,PT1H,MC-Centro,2140246.56,2170000.0
2025-04-24,19,PT1H,MC-Centro,2270549.51,2289000.0
2025-04-24,20,PT1H,MC-Centro,2288478.04,2313000.0
2025-04-24,21,PT1H,MC-Centro,2206272.5,2232000.0
2025-04-24,22,PT1H,MC-Centro,2024815.35,2051000.0
2025-04-24,23,PT1H,MC-Centro,1815642.88,1836000.0
2025-04-24,24,PT1H,MC-Centro,1668390.3,1684000.0
2025-06-19,1,PT1H,MC-Centro,1538693.88,1557000.0
2025-06-19,2,PT1H,MC-Centro,1470362.41,1486000.0
2025-06-19,3,PT1H,MC-Centro,1419854.79,1442000.0
2025-06-19,4,PT1H,MC-Centro,1411982.06,1442000.0
2025-06-19,5,PT1H,MC-Centro,1521306.55,1575000.0
2025-06-19,6,PT1H,MC-Centro,1737780.04,1778000.0
2025-06-19,7,PT1H,MC-Centro,1871292.08,1902000.0
2025-06-19,8,PT1H,MC-Centro,2013923.56,2020000.0
2025-06-19,9,PT1H,MC-Centro,2121738.03,2134000.0
2025-06-19,10,PT1H,MC-Centro,2172024.68,2192000.0
2025-06-19,11,PT1H,MC-Centro,2221472.29,2251000.0
2025-06-19,12,PT1H,MC-Centro,2282630.23,2299000.0
2025-06-19,13,PT1H,MC-Centro,2283512.31,2285000.0
2025-06-19,14,PT1H,MC-Centro,2239950.51,2239000.0
2025-06-19,15,PT1H,MC-Centro,2214603.77,2250000.0
2025-06-19,16,PT1H,MC-Centro,2203279.32,2240000.0
2025-06-19,17,PT1H,MC-Centro,2168393.98,2203000.0
2025-06-19,18,PT1H,MC-Centro,2129873.1,2162000.0
2025-06-19,19,PT1H,MC-Centro,2230283.21,2283000.0
2025-06-19,20,PT1H,MC-Centro,2272879.29,2299000.0
2025-06-19,21,PT1H,MC-Centro,2184539.21,2209000.0
2025-06-19,22,PT1H,MC-Centro,2009266.69,2027000.0
2025-06-19,23,PT1H,MC-Centro,1802912.63,1813000.0
2025-06-19,24,PT1H,MC-Centro,1654463.83,1664000.0
2025-03-18,1,PT1H,MC-Centro,1505460.56,1535000.0
2025-03-18,2,PT1H,MC-Centro,1453978.77,1476000.0
2025-03-18,3,PT1H,MC-Centro,1414200.03,1434000.0
2025-03-18,4,PT1H,MC-Centro,1418816.29,1441000.0
2025-03-18,5,PT1H,MC-Centro,1524223.72,1585000.0
2025-03-18,6,PT1H,MC-Centro,1767650.7,1836000.0
2025-03-18,7,PT1H,MC-Centro,1869100.11,1916000.0
2025-03-18,8,PT1H,MC-Centro,1992785.2,2033000.0
2025-03-18,9,PT1H,MC-Centro,2091435.98,2119000.0
2025-03-18,10,PT1H,MC-Centro,2136145.47,2165000.0
2025-03-18,11,PT1H,MC-Centro,2204071.44,2221000.0
2025-03-18,12,PT1H,MC-Centro,2275631.59,2267000.0
2025-03-18,13,PT1H,MC-Centro,2281083.06,2251000.0
2025-03-18,14,PT1H,MC-Centro,2229977.89,2214000.0
2025-03-18,15,PT1H,MC-Centro,2220924.29,2230000.0
2025-03-18,16,PT1H,MC-Centro,2198794.69,2223000.0
2025-03-18,17,PT1H,MC-Centro,2176525.81,2184000.0
2025-03-18,18,PT1H,MC-Centro,2119307.96,2168000.0
2025-03-18,19,PT1H,MC-Centro,2259761.88,2255000.0
2025-03-18,20,PT1H,MC-Centro,2292477.97,2272000.0
2025-03-18,21,PT1H,MC-Centro,2205450.93,2178000.0
2025-03-18,22,PT1H,MC-Centro,2017272.1,1984000.0
2025-03-18,23,PT1H,MC-Centro,1787567.53,1780000.0
2025-03-18,24,PT1H,MC-Centro,1650568.26,1641000.0
2025-11-02,13,PT1H,MC-Centro,1766823.92,1792000.0
2025-11-02,14,PT1H,MC-Centro,1736471.2,1768000.0
2025-11-02,15,PT1H,MC-Centro,1686369.12,1718000.0
2025-11-02,16,PT1H,MC-Centro,1666757.97,1683000.0
2025-11-02,17,PT1H,MC-Centro,1649966.21,1674000.0
2025-11-02,18,PT1H,MC-Centro,1704761.19,1748000.0
2025-11-02,19,PT1H,MC-Centro,1844290.23,1854000.0
2025-11-02,20,PT1H,MC-Centro,1836917.24,1868000.0
2025-11-02,21,PT1H,MC-Centro,1770879.75,1804000.0
2025-11-02,22,PT1H,MC-Centro,1655840.64,1693000.0
2025-11-02,23,PT1H,MC-Centro,1537598.18,1556000.0
2025-11-02,24,PT1H,MC-Centro,1418085.63,1440000.0
2025-11-02,1,PT1H,MC-Centro,1404297.4,1433000.0
2025-11-02,2,PT1H,MC-Centro,1341234.59,1361000.0
2025-11-02,3,PT1H,MC-Centro,1283318.22,1306000.0
2025-11-02,4,PT1H,MC-Centro,1247271.01,1272000.0
2025-11-02,5,PT1H,MC-Centro,1245159.89,1269000.0
2025-11-02,6,PT1H,MC-Centro,1232139.79,1258000.0
2025-11-02,7,PT1H,MC-Centro,1288652.1,1305000.0
2025-11-02,8,PT1H,MC-Centro,1406713.61,1425000.0
2025-11-02,9,PT1H,MC-Centro,1544343.06,1557000.0
2025-11-02,10,PT1H,MC-Centro,1643982.25,1666000.0
2025-11-02,11,PT1H,MC-Centro,1714228.09,1744000.0
2025-11-02,12,PT1H,MC-Centro,1754544.27,1786000.0
2025-07-23,1,PT1H,MC-Centro,1488305.94,1534890.0
2025-07-23,2,PT1H,MC-Centro,1458441.84,1469110.0
2025-07-23,3,PT1H,MC-Centro,1417324.5,1425300.0
2025-07-23,4,PT1H,MC-Centro,1428390.21,1423490.0
2025-07-23,5,PT1H,MC-Centro,1563366.94,1536500.0
2025-07-23,6,PT1H,MC-Centro,1809162.63,1778740.0
2025-07-23,7,PT1H,MC-Centro,1911565.62,1882500.0
2025-07-23,8,PT1H,MC-Centro,2017927.53,2018420.0
2025-07-23,9,PT1H,MC-Centro,2124616.53,2118290.0
2025-07-23,10,PT1H,MC-Centro,2167100.96,2177250.0
2025-07-23,11,PT1H,MC-Centro,2236235.43,2234360.0
2025-07-23,12,PT1H,MC-Centro,2277883.67,2281000.0
2025-07-23,13,PT1H,MC-Centro,2256380.8,2277310.0
2025-07-23,14,PT1H,MC-Centro,2205978.0,2232930.0
2025-07-23,15,PT1H,MC-Centro,2218455.75,2227030.0
2025-07-23,16,PT1H,MC-Centro,2209244.61,2219490.0
2025-07-23,17,PT1H,MC-Centro,2168276.65,2176450.0
2025-07-23,18,PT1H,MC-Centro,2123647.28,2135410.0
2025-07-23,19,PT1H,MC-Centro,2251723.49,2246560.0
2025-07-23,20,PT1H,MC-Centro,2295493.79,2282230.0
2025-07-23,21,PT1H,MC-Centro,2200774.77,2194320.0
2025-07-23,22,PT1H,MC-Centro,2004773.88,2013690.0
2025-07-23,23,PT1H,MC-Centro,1791426.05,1792940.0
2025-07-23,24,PT1H,MC-Centro,1651563.56,1637050.0
2025-09-26,1,PT1H,MC-Centro,1551519.31,1555000.0
2025-09-26,2,PT1H,MC-Centro,1479895.91,1491000.0
2025-09-26,3,PT1H,MC-Centro,1437924.64,1447000.0
2025-09-26,4,PT1H,MC-Centro,1437949.89,1449000.0
2025-09-26,5,PT1H,MC-Centro,1571544.6,1584000.0
2025-09-26,6,PT1H,MC-Centro,1809515.94,1825000.0
2025-09-26,7,PT1H,MC-Centro,1911861.1,1922000.0
2025-09-26,8,PT1H,MC-Centro,2036782.21,2043000.0
2025-09-26,9,PT1H,MC-Centro,2139555.49,2151000.0
2025-09-26,10,PT1H,MC-Centro,2193533.93,2196000.0
2025-09-26,11,PT1H,MC-Centro,2266700.16,2268000.0
2025-09-26,12,PT1H,MC-Centro,2308635.86,2317000.0
2025-09-26,13,PT1H,MC-Centro,2279600.87,2290000.0
2025-09-26,14,PT1H,MC-Centro,2243976.88,2231000.0
2025-09-26,15,PT1H,MC-Centro,2247428.28,2231000.0
2025-09-26,16,PT1H,MC-Centro,2238421.47,2213000.0
2025-09-26,17,PT1H,MC-Centro,2185626.93,2171000.0
2025-09-26,18,PT1H,MC-Centro,2161262.39,2153000.0
2025-09-26,19,PT1H,MC-Centro,2284364.81,2265000.0
2025-09-26,20,PT1H,MC-Centro,2258173.84,2258000.0
2025-09-26,21,PT1H,MC-Centro,2158199.11,2158000.0
2025-09-26,22,PT1H,MC-Centro,1996247.3,1989000.0
2025-09-26,23,PT1H,MC-Centro,1815112.62,1810000.0
2025-09-26,24,PT1H,MC-Centro,1681799.32,1672000.0
2025-01-02,1,PT1H,MC-Centro,1151291.66,1163000.0
2025-01-02,2,PT1H,MC-Centro,1103582.31,1105000.0
2025-01-02,3,PT1H,MC-Centro,1066909.91,1073000.0
2025-01-02,4,PT1H,MC-Centro,1077067.32,1069000.0
2025-01-02,5,PT1H,MC-Centro,1123433.85,1116000.0
2025-01-02,6,PT1H,MC-Centro,1188263.81,1188000.0
2025-01-02,7,PT1H,MC-Centro,1282523.68,1276000.0
2025-01-02,8,PT1H,MC-Centro,1414425.62,1408000.0
2025-01-02,9,PT1H,MC-Centro,1512724.08,1523000.0
2025-01-02,10,PT1H,MC-Centro,1607891.2,1614000.0
2025-01-02,11,PT1H,MC-Centro,1683503.46,1695000.0
2025-01-02,12,PT1H,MC-Centro,1738378.34,1755000.0
2025-01-02,13,PT1H,MC-Centro,1772958.81,1793000.0
2025-01-02,14,PT1H,MC-Centro,1771328.15,1787000.0
2025-01-02,15,PT1H,MC-Centro,1737967.59,1769000.0
2025-01-02,16,PT1H,MC-Centro,1716293.72,1747000.0
2025-01-02,17,PT1H,MC-Centro,1680684.23,1723000.0
2025-01-02,18,PT1H,MC-Centro,1700612.96,1720000.0
2025-01-02,19,PT1H,MC-Centro,1817882.33,1860000.0
2025-01-02,20,PT1H,MC-Centro,1821906.54,1864000.0
2025-01-02,21,PT1H,MC-Centro,1762134.33,1804000.0
2025-01-02,22,PT1H,MC-Centro,1650231.4,1669000.0
2025-01-02,23,PT1H,MC-Centro,1516708.16,1533000.0
2025-01-02,24,PT1H,MC-Centro,1415542.4,1428000.0
2024-12-09,1,PT1H,MC-Centro,1407777.06,1388000.0
2024-12-09,2,PT1H,MC-Centro,1335568.54,1326000.0
2024-12-09,3,PT1H,MC-Centro,1297253.25,1291000.0
2024-12-09,4,PT1H,MC-Centro,1319037.97,1314000.0
2024-12-09,5,PT1H,MC-Centro,1416296.76,1422000.0
2024-12-09,6,PT1H,MC-Centro,1557677.19,1565000.0
2024-12-09,7,PT1H,MC-Centro,1756835.62,1777000.0
2024-12-09,8,PT1H,MC-Centro,1948138.01,1954000.0
2024-12-09,9,PT1H,MC-Centro,2065906.65,2057000.0
2024-12-09,10,PT1H,MC-Centro,2131007.97,2142000.0
2024-12-09,11,PT1H,MC-Centro,2196010.86,2212000.0
2024-12-09,12,PT1H,MC-Centro,2261459.94,2273000.0
2024-12-09,13,PT1H,MC-Centro,2260633.55,2256000.0
2024-12-09,14,PT1H,MC-Centro,2222581.81,2223000.0
2024-12-09,15,PT1H,MC-Centro,2215324.09,2235000.0
2024-12-09,16,PT1H,MC-Centro,2194114.16,2224000.0
2024-12-09,17,PT1H,MC-Centro,2148352.85,2196000.0
2024-12-09,18,PT1H,MC-Centro,2132350.85,2205000.0
2024-12-09,19,PT1H,MC-Centro,2253621.37,2289000.0
2024-12-09,20,PT1H,MC-Centro,2252311.74,2275000.0
2024-12-09,21,PT1H,MC-Centro,2176597.44,2188000.0
2024-12-09,22,PT1H,MC-Centro,2021543.04,2014000.0
2024-12-09,23,PT1H,MC-Centro,1809135.37,1832000.0
2024-12-09,24,PT1H,MC-Centro,1656772.94,1682000.0
2024-11-03,1,PT1H,MC-Centro,1392795.89,1414000.0
2024-11-03,2,PT1H,MC-Centro,1316348.71,1345000.0
2024-11-03,3,PT1H,MC-Centro,1285772.58,1291000.0
2024-11-03,4,PT1H,MC-Centro,1258146.44,1258000.0
2024-11-03,5,PT1H,MC-Centro,1251912.2,1262000.0
2024-11-03,6,PT1H,MC-Centro,1250420.76,1248000.0
2024-11-03,7,PT1H,MC-Centro,1311867.38,1293000.0
2024-11-03,8,PT1H,MC-Centro,1435884.74,1418000.0
2024-11-03,9,PT1H,MC-Centro,1548012.14,1528000.0
2024-11-03,10,PT1H,MC-Centro,1635922.28,1616000.0
2024-11-03,11,PT1H,MC-Centro,1699137.74,1684000.0
2024-11-03,12,PT1H,MC-Centro,1745754.73,1726000.0
2024-11-03,13,PT1H,MC-Centro,1763858.36,1735000.0
2024-11-03,14,PT1H,MC-Centro,1741210.23,1703000.0
2024-11-03,15,PT1H,MC-Centro,1703271.59,1656000.0
2024-11-03,16,PT1H,MC-Centro,1665602.27,1631000.0
2024-11-03,17,PT1H,MC-Centro,1649778.12,1619000.0
2024-11-03,18,PT1H,MC-Centro,1729409.3,1680000.0
2024-11-03,19,PT1H,MC-Centro,1833563.85,1824000.0
2024-11-03,20,PT1H,MC-Centro,1829238.58,1809000.0
2024-11-03,21,PT1H,MC-Centro,1766216.87,1741000.0
2024-11-03,22,PT1H,MC-Centro,1670916.74,1633000.0
2024-11-03,23,PT1H,MC-Centro,1548846.47,1522000.0
2024-11-03,24,PT1H,MC-Centro,1432649.28,1417000.0
2025-08-31,1,PT1H,MC-Centro,1386268.79,1416000.0
2025-08-31,2,PT1H,MC-Centro,1326153.68,1343000.0
2025-08-31,3,PT1H,MC-Centro,1271097.49,1289000.0
2025-08-31,4,PT1H,MC-Centro,1229458.14,1249000.0
2025-08-31,5,PT1H,MC-Centro,1222239.26,1249000.0
2025-08-31,6,PT1H,MC-Centro,1222362.57,1251000.0
2025-08-31,7,PT1H,MC-Centro,1277393.92,1289000.0
2025-08-31,8,PT1H,MC-Centro,1402042.49,1410000.0
2025-08-31,9,PT1H,MC-Centro,1542302.04,1560000.0
2025-08-31,10,PT1H,MC-Centro,1653302.86,1672000.0
2025-08-31,11,PT1H,MC-Centro,1730313.88,1744000.0
2025-08-31,12,PT1H,MC-Centro,1764483.99,1796000.0
2025-08-31,13,PT1H,MC-Centro,1786938.38,1809000.0
2025-08-31,14,PT1H,MC-Centro,1757685.56,1780000.0
2025-08-31,15,PT1H,MC-Centro,1708406.33,1728000.0
2025-08-31,16,PT1H,MC-Centro,1672168.4,1696000.0
2025-08-31,17,PT1H,MC-Centro,1656037.73,1681000.0
2025-08-31,18,PT1H,MC-Centro,1695359.39,1710000.0
2025-08-31,19,PT1H,MC-Centro,1876159.67,1883000.0
2025-08-31,20,PT1H,MC-Centro,1920312.73,1939000.0
2025-08-31,21,PT1H,MC-Centro,1856382.17,1881000.0
2025-08-31,22,PT1H,MC-Centro,1714313.11,1739000.0
2025-08-31,23,PT1H,MC-Centro,1558381.63,1577000.0
2025-08-31,24,PT1H,MC-Centro,1434655.2,1436000.0
2025-04-16,1,PT1H,MC-Centro,1542649.04,1467000.0
2025-04-16,2,PT1H,MC-Centro,1472836.32,1406000.0
2025-04-16,3,PT1H,MC-Centro,1415305.13,1358000.0
2025-04-16,4,PT1H,MC-Centro,1403246.24,1357000.0
2025-04-16,5,PT1H,MC-Centro,1462974.03,1431000.0
2025-04-16,6,PT1H,MC-Centro,1543773.72,1539000.0
2025-04-16,7,PT1H,MC-Centro,1696335.29,1688000.0
2025-04-16,8,PT1H,MC-Centro,1870895.74,1868000.0
2025-04-16,9,PT1H,MC-Centro,2004897.41,1992000.0
2025-04-16,10,PT1H,MC-Centro,2067782.78,2061000.0
2025-04-16,11,PT1H,MC-Centro,2143640.11,2120000.0
2025-04-16,12,PT1H,MC-Centro,2190451.58,2157000.0
2025-04-16,13,PT1H,MC-Centro,2193710.87,2151000.0
2025-04-16,14,PT1H,MC-Centro,2151566.95,2085000.0
2025-04-16,15,PT1H,MC-Centro,2116934.85,2052000.0
2025-04-16,16,PT1H,MC-Centro,2105033.7,2011000.0
2025-04-16,17,PT1H,MC-Centro,2048886.63,1954000.0
2025-04-16,18,PT1H,MC-Centro,1994314.81,1910000.0
2025-04-16,19,PT1H,MC-Centro,2092525.57,2018000.0
2025-04-16,20,PT1H,MC-Centro,2093990.65,2021000.0
2025-04-16,21,PT1H,MC-Centro,2013807.43,1940000.0
2025-04-16,22,PT1H,MC-Centro,1866694.1,1783000.0
2025-04-16,23,PT1H,MC-Centro,1698291.59,1612000.0
2025-04-16,24,PT1H,MC-Centro,1557919.23,1474000.0
2025-03-19,1,PT1H,MC-Centro,1537970.4,1535000.0
2025-03-19,2,PT1H,MC-Centro,1481494.73,1472000.0
2025-03-19,3,PT1H,MC-Centro,1439747.7,1437000.0
2025-03-19,4,PT1H,MC-Centro,1438794.92,1448000.0
2025-03-19,5,PT1H,MC-Centro,1571676.32,1592000.0
2025-03-19,6,PT1H,MC-Centro,1822490.82,1847000.0
2025-03-19,7,PT1H,MC-Centro,1938145.86,1931000.0
2025-03-19,8,PT1H,MC-Centro,2054414.85,2056000.0
2025-03-19,9,PT1H,MC-Centro,2113802.43,2127000.0
2025-03-19,10,PT1H,MC-Centro,2174201.72,2163000.0
2025-03-19,11,PT1H,MC-Centro,2239292.29,2227000.0
2025-03-19,12,PT1H,MC-Centro,2276234.17,2269000.0
2025-03-19,13,PT1H,MC-Centro,2271127.84,2256000.0
2025-03-19,14,PT1H,MC-Centro,2245261.48,2218000.0
2025-03-19,15,PT1H,MC-Centro,2242525.54,2229000.0
2025-03-19,16,PT1H,MC-Centro,2264201.71,2229000.0
2025-03-19,17,PT1H,MC-Centro,2211836.31,2176000.0
2025-03-19,18,PT1H,MC-Centro,2146846.42,2148000.0
2025-03-19,19,PT1H,MC-Centro,2239934.78,2263000.0
2025-03-19,20,PT1H,MC-Centro,2267051.55,2281000.0
2025-03-19,21,PT1H,MC-Centro,2178418.54,2182000.0
2025-03-19,22,PT1H,MC-Centro,2004170.19,1989000.0
2025-03-19,23,PT1H,MC-Centro,1799526.64,1787000.0
2025-03-19,24,PT1H,MC-Centro,1647378.04,1647000.0
2024-10-05,1,PT1H,MC-Centro,1553904.73,1553000.0
2024-10-05,2,PT1H,MC-Centro,1479182.99,1484000.0
2024-10-05,3,PT1H,MC-Centro,1430567.6,1432000.0
2024-10-05,4,PT1H,MC-Centro,1416629.49,1420000.0
2024-10-05,5,PT1H,MC-Centro,1458008.39,1459000.0
2024-10-05,6,PT1H,MC-Centro,1513210.23,1521000.0
2024-10-05,7,PT1H,MC-Centro,1672538.22,1683000.0
2024-10-05,8,PT1H,MC-Centro,1840174.97,1852000.0
2024-10-05,9,PT1H,MC-Centro,1954378.8,1965000.0
2024-10-05,10,PT1H,MC-Centro,2020500.75,2057000.0
2024-10-05,11,PT1H,MC-Centro,2074269.25,2116000.0
2024-10-05,12,PT1H,MC-Centro,2092850.08,2125000.0
2024-10-05,13,PT1H,MC-Centro,2068861.1,2092000.0
2024-10-05,14,PT1H,MC-Centro,2010150.07,2022000.0
2024-10-05,15,PT1H,MC-Centro,1965997.85,1964000.0
2024-10-05,16,PT1H,MC-Centro,1909011.68,1932000.0
2024-10-05,17,PT1H,MC-Centro,1862412.47,1908000.0
2024-10-05,18,PT1H,MC-Centro,1895063.92,1917000.0
2024-10-05,19,PT1H,MC-Centro,1982585.73,2013000.0
2024-10-05,20,PT1H,MC-Centro,1963366.28,1989000.0
2024-10-05,21,PT1H,MC-Centro,1879680.79,1914000.0
2024-10-05,22,PT1H,MC-Centro,1727234.49,1775000.0
2024-10-05,23,PT1H,MC-Centro,1586470.08,1627000.0
2024-10-05,24,PT1H,MC-Centro,1469669.92,1500000.0
2025-09-29,13,PT1H,MC-Centro,2282323.58,2282000.0
2025-09-29,14,PT1H,MC-Centro,2250743.81,2231000.0
2025-09-29,15,PT1H,MC-Centro,2240657.02,2238000.0
2025-09-29,16,PT1H,MC-Centro,2222883.44,2231000.0
2025-09-29,17,PT1H,MC-Centro,2192263.02,2196000.0
2025-09-29,18,PT1H,MC-Centro,2189142.2,2172000.0
2025-09-29,19,PT1H,MC-Centro,2300115.6,2297000.0
2025-09-29,20,PT1H,MC-Centro,2285946.09,2298000.0
2025-09-29,21,PT1H,MC-Centro,2178594.05,2192000.0
2025-09-29,22,PT1H,MC-Centro,1975430.21,1998000.0
2025-09-29,23,PT1H,MC-Centro,1766489.98,1781000.0
2025-09-29,24,PT1H,MC-Centro,1639173.99,1638000.0
2025-09-29,1,PT1H,MC-Centro,1366069.79,1370000.0
2025-09-29,2,PT1H,MC-Centro,1304649.7,1313000.0
2025-09-29,3,PT1H,MC-Centro,1271920.08,1278000.0
2025-09-29,4,PT1H,MC-Centro,1295321.66,1299000.0
2025-09-29,5,PT1H,MC-Centro,1454189.96,1457000.0
2025-09-29,6,PT1H,MC-Centro,1706692.07,1718000.0
2025-09-29,7,PT1H,MC-Centro,1844918.17,1838000.0
2025-09-29,8,PT1H,MC-Centro,1974745.31,1970000.0
2025-09-29,9,PT1H,MC-Centro,2082428.86,2086000.0
2025-09-29,10,PT1H,MC-Centro,2166180.73,2159000.0
2025-09-29,11,PT1H,MC-Centro,2255629.44,2240000.0
2025-09-29,12,PT1H,MC-Centro,2299206.5,2288000.0
2024-12-07,6,PT1H,MC-Centro,1528212.37,1503000.0
2024-12-07,7,PT1H,MC-Centro,1687276.18,1668000.0
2024-12-07,8,PT1H,MC-Centro,1872407.4,1830000.0
2024-12-07,9,PT1H,MC-Centro,2004559.69,1965000.0
2024-12-07,10,PT1H,MC-Centro,2054687.27,2050000.0
2024-12-07,11,PT1H,MC-Centro,2093538.36,2095000.0
2024-12-07,12,PT1H,MC-Centro,2099607.27,2106000.0
2024-12-07,13,PT1H,MC-Centro,2063523.45,2070000.0
2024-12-07,14,PT1H,MC-Centro,2013647.47,2012000.0
2024-12-07,15,PT1H,MC-Centro,1950870.07,1951000.0
2024-12-07,16,PT1H,MC-Centro,1925443.49,1910000.0
2024-12-07,17,PT1H,MC-Centro,1890236.19,1881000.0
2024-12-07,18,PT1H,MC-Centro,1940559.39,1909000.0
2024-12-07,19,PT1H,MC-Centro,1986883.22,2009000.0
2024-12-07,20,PT1H,MC-Centro,1885452.26,1905000.0
2024-12-07,21,PT1H,MC-Centro,1773614.97,1784000.0
2024-12-07,22,PT1H,MC-Centro,1681782.45,1687000.0
2024-12-07,23,PT1H,MC-Centro,1594358.0,1574000.0
2024-12-07,24,PT1H,MC-Centro,1492363.45,1467000.0
2024-12-07,1,PT1H,MC-Centro,1596788.81,1561000.0
2024-12-07,2,PT1H,MC-Centro,1520710.88,1482000.0
2024-12-07,3,PT1H,MC-Centro,1458495.87,1421000.0
2024-12-07,4,PT1H,MC-Centro,1441037.45,1410000.0
2024-12-07,5,PT1H,MC-Centro,1483286.76,1456000.0
2024-11-21,1,PT1H,MC-Centro,1530666.66,1553000.0
2024-11-21,2,PT1H,MC-Centro,1458918.47,1492000.0
2024-11-21,3,PT1H,MC-Centro,1422283.66,1452000.0
2024-11-21,4,PT1H,MC-Centro,1436847.39,1464000.0
2024-11-21,5,PT1H,MC-Centro,1543837.3,1579000.0
2024-11-21,6,PT1H,MC-Centro,1714424.89,1745000.0
2024-11-21,7,PT1H,MC-Centro,1880963.99,1879000.0
2024-11-21,8,PT1H,MC-Centro,2025980.85,2037000.0
2024-11-21,9,PT1H,MC-Centro,2124897.41,2128000.0
2024-11-21,10,PT1H,MC-Centro,2145767.99,2173000.0
2024-11-21,11,PT1H,MC-Centro,2235619.7,2243000.0
2024-11-21,12,PT1H,MC-Centro,2290699.47,2280000.0
2024-11-21,13,PT1H,MC-Centro,2281254.38,2273000.0
2024-11-21,14,PT1H,MC-Centro,2254752.9,2237000.0
2024-11-21,15,PT1H,MC-Centro,2245588.97,2259000.0
2024-11-21,16,PT1H,MC-Centro,2235545.88,2267000.0
2024-11-21,17,PT1H,MC-Centro,2197103.77,2245000.0
2024-11-21,18,PT1H,MC-Centro,2211216.6,2259000.0
2024-11-21,19,PT1H,MC-Centro,2298951.8,2313000.0
2024-11-21,20,PT1H,MC-Centro,2269276.53,2284000.0
2024-11-21,21,PT1H,MC-Centro,2180353.97,2183000.0
2024-11-21,22,PT1H,MC-Centro,2011962.1,1999000.0
2024-11-21,23,PT1H,MC-Centro,1819665.85,1805000.0
2024-11-21,24,PT1H,MC-Centro,1665805.85,1662000.0
2025-03-14,1,PT1H,MC-Centro,1551275.51,1567000.0
2025-03-14,2,PT1H,MC-Centro,1484580.63,1502000.0
2025-03-14,3,PT1H,MC-Centro,1442858.14,1452000.0
2025-03-14,4,PT1H,MC-Centro,1460256.64,1462000.0
2025-03-14,5,PT1H,MC-Centro,1595759.0,1604000.0
2025-03-14,6,PT1H,MC-Centro,1843944.12,1843000.0
2025-03-14,7,PT1H,MC-Centro,1944913.64,1923000.0
2025-03-14,8,PT1H,MC-Centro,2072295.4,2042000.0
2025-03-14,9,PT1H,MC-Centro,2165927.74,2140000.0
2025-03-14,10,PT1H,MC-Centro,2188896.93,2182000.0
2025-03-14,11,PT1H,MC-Centro,2241555.96,2249000.0
2025-03-14,12,PT1H,MC-Centro,2267059.72,2286000.0
2025-03-14,13,PT1H,MC-Centro,2244332.76,2271000.0
2025-03-14,14,PT1H,MC-Centro,2200086.94,2243000.0
2025-03-14,15,PT1H,MC-Centro,2190036.75,2235000.0
2025-03-14,16,PT1H,MC-Centro,2178116.55,2220000.0
2025-03-14,17,PT1H,MC-Centro,2140666.12,2174000.0
2025-03-14,18,PT1H,MC-Centro,2103566.11,2145000.0
2025-03-14,19,PT1H,MC-Centro,2213291.28,2247000.0
2025-03-14,20,PT1H,MC-Centro,2222705.09,2250000.0
2025-03-14,21,PT1H,MC-Centro,2151461.34,2162000.0
2025-03-14,22,PT1H,MC-Centro,1994312.09,1995000.0
2025-03-14,23,PT1H,MC-Centro,1817940.38,1820000.0
2025-03-14,24,PT1H,MC-Centro,1676281.28,1681000.0
2025-08-11,1,PT1H,MC-Centro,1342638.08,1363000.0
2025-08-11,2,PT1H,MC-Centro,1285570.02,1306000.0
2025-08-11,3,PT1H,MC-Centro,1247575.39,1272000.0
2025-08-11,4,PT1H,MC-Centro,1262056.67,1289000.0
2025-08-11,5,PT1H,MC-Centro,1420555.11,1437000.0
2025-08-11,6,PT1H,MC-Centro,1694487.67,1694000.0
2025-08-11,7,PT1H,MC-Centro,1816237.57,1805000.0
2025-08-11,8,PT1H,MC-Centro,1948743.33,1941000.0
2025-08-11,9,PT1H,MC-Centro,2080684.42,2068000.0
2025-08-11,10,PT1H,MC-Centro,2138554.29,2131000.0
2025-08-11,11,PT1H,MC-Centro,2200326.47,2214000.0
2025-08-11,12,PT1H,MC-Centro,2230131.75,2261000.0
2025-08-11,13,PT1H,MC-Centro,2239338.48,2248000.0
2025-08-11,14,PT1H,MC-Centro,2197234.08,2203000.0
2025-08-11,15,PT1H,MC-Centro,2204048.46,2202000.0
2025-08-11,16,PT1H,MC-Centro,2179816.88,2190000.0
2025-08-11,17,PT1H,MC-Centro,2145342.08,2145000.0
2025-08-11,18,PT1H,MC-Centro,2125097.45,2104000.0
2025-08-11,19,PT1H,MC-Centro,2230996.85,2226000.0
2025-08-11,20,PT1H,MC-Centro,2261056.77,2269000.0
2025-08-11,21,PT1H,MC-Centro,2160117.24,2179000.0
2025-08-11,22,PT1H,MC-Centro,1966222.77,1986000.0
2025-08-11,23,PT1H,MC-Centro,1750907.71,1771000.0
2025-08-11,24,PT1H,MC-Centro,1612241.01,1626000.0
2025-11-15,1,PT1H,MC-Centro,1587627.13,1556000.0
2025-11-15,2,PT1H,MC-Centro,1524244.78,1479000.0
2025-11-15,3,PT1H,MC-Centro,1477401.25,1432000.0
2025-11-15,4,PT1H,MC-Centro,1462894.68,1418000.0
2025-11-15,5,PT1H,MC-Centro,1500821.38,1449000.0
2025-11-15,6,PT1H,MC-Centro,1558779.79,1491000.0
2025-11-15,7,PT1H,MC-Centro,1705929.75,1630000.0
2025-11-15,8,PT1H,MC-Centro,1891420.86,1800000.0
2025-11-15,9,PT1H,MC-Centro,2027973.9,1956000.0
2025-11-15,10,PT1H,MC-Centro,2121762.34,2037000.0
2025-11-15,11,PT1H,MC-Centro,2193620.72,2117000.0
2025-11-15,12,PT1H,MC-Centro,2205035.85,2154000.0
2025-11-15,13,PT1H,MC-Centro,2172799.36,2131000.0
2025-11-15,14,PT1H,MC-Centro,2089777.94,2060000.0
2025-11-15,15,PT1H,MC-Centro,2020688.97,1993000.0
2025-11-15,16,PT1H,MC-Centro,1980999.73,1966000.0
2025-11-15,17,PT1H,MC-Centro,1959828.12,1957000.0
2025-11-15,18,PT1H,MC-Centro,1995902.91,1993000.0
2025-11-15,19,PT1H,MC-Centro,2084874.78,2064000.0
2025-11-15,20,PT1H,MC-Centro,2037634.27,2027000.0
2025-11-15,21,PT1H,MC-Centro,1961385.2,1928000.0
2025-11-15,22,PT1H,MC-Centro,1810829.61,1790000.0
2025-11-15,23,PT1H,MC-Centro,1650739.89,1648000.0
2025-11-15,24,PT1H,MC-Centro,1517362.84,1519000.0
2025-02-21,1,PT1H,MC-Centro,1556238.81,1552000.0
2025-02-21,2,PT1H,MC-Centro,1491230.61,1503000.0
2025-02-21,3,PT1H,MC-Centro,1448371.56,1454000.0
2025-02-21,4,PT1H,MC-Centro,1452472.97,1466000.0
2025-02-21,5,PT1H,MC-Centro,1601221.23,1616000.0
2025-02-21,6,PT1H,MC-Centro,1830724.81,1844000.0
2025-02-21,7,PT1H,MC-Centro,1910473.07,1923000.0
2025-02-21,8,PT1H,MC-Centro,2038210.51,2054000.0
2025-02-21,9,PT1H,MC-Centro,2145763.03,2129000.0
2025-02-21,10,PT1H,MC-Centro,2193662.36,2177000.0
2025-02-21,11,PT1H,MC-Centro,2270114.17,2246000.0
2025-02-21,12,PT1H,MC-Centro,2288435.32,2273000.0
2025-02-21,13,PT1H,MC-Centro,2264873.25,2279000.0
2025-02-21,14,PT1H,MC-Centro,2219884.9,2238000.0
2025-02-21,15,PT1H,MC-Centro,2206565.64,2234000.0
2025-02-21,16,PT1H,MC-Centro,2189478.1,2219000.0
2025-02-21,17,PT1H,MC-Centro,2150624.94,2170000.0
2025-02-21,18,PT1H,MC-Centro,2118510.58,2160000.0
2025-02-21,19,PT1H,MC-Centro,2210823.42,2251000.0
2025-02-21,20,PT1H,MC-Centro,2240023.31,2256000.0
2025-02-21,21,PT1H,MC-Centro,2142006.17,2165000.0
2025-02-21,22,PT1H,MC-Centro,2003242.0,1995000.0
2025-02-21,23,PT1H,MC-Centro,1814999.4,1820000.0
2025-02-21,24,PT1H,MC-Centro,1654697.38,1677000.0
2025-11-20,1,PT1H,MC-Centro,1588414.18,1583320.0
2025-11-20,2,PT1H,MC-Centro,1517632.21,1521920.0
2025-11-20,3,PT1H,MC-Centro,1478926.16,1475520.0
2025-11-20,4,PT1H,MC-Centro,1489278.15,1488880.0
2025-11-20,5,PT1H,MC-Centro,1605888.4,1633080.0
2025-11-20,6,PT1H,MC-Centro,1797273.88,1877000.0
2025-11-20,7,PT1H,MC-Centro,1956605.2,1979090.0
2025-11-20,8,PT1H,MC-Centro,2096827.54,2089340.0
2025-11-20,9,PT1H,MC-Centro,2199794.08,2185580.0
2025-11-20,10,PT1H,MC-Centro,2252596.14,2239520.0
2025-11-20,11,PT1H,MC-Centro,2319970.25,2306530.0
2025-11-20,12,PT1H,MC-Centro,2381573.18,2338960.0
2025-11-20,13,PT1H,MC-Centro,2356926.2,2318770.0
2025-11-20,14,PT1H,MC-Centro,2316251.26,2274630.0
2025-11-20,15,PT1H,MC-Centro,2332156.35,2288640.0
2025-11-20,16,PT1H,MC-Centro,2334467.0,2290610.0
2025-11-20,17,PT1H,MC-Centro,2257348.46,2258220.0
2025-11-20,18,PT1H,MC-Centro,2274571.72,2276340.0
2025-11-20,19,PT1H,MC-Centro,2366976.81,2362810.0
2025-11-20,20,PT1H,MC-Centro,2339212.34,2332640.0
2025-11-20,21,PT1H,MC-Centro,2238384.41,2242720.0
2025-11-20,22,PT1H,MC-Centro,2055383.84,2062840.0
2025-11-20,23,PT1H,MC-Centro,1858948.85,1853610.0
2025-11-20,24,PT1H,MC-Centro,1723508.27,1704320.0
2025-10-19,1,PT1H,MC-Centro,1435572.57,1414910.0
2025-10-19,2,PT1H,MC-Centro,1360534.05,1343460.0
2025-10-19,3,PT1H,MC-Centro,1303527.59,1291410.0
2025-10-19,4,PT1H,MC-Centro,1266865.29,1248550.0
2025-10-19,5,PT1H,MC-Centro,1260615.32,1247940.0
2025-10-19,6,PT1H,MC-Centro,1259723.39,1246420.0
2025-10-19,7,PT1H,MC-Centro,1316073.2,1297950.0
2025-10-19,8,PT1H,MC-Centro,1431556.05,1430100.0
2025-10-19,9,PT1H,MC-Centro,1575829.49,1569550.0
2025-10-19,10,PT1H,MC-Centro,1671306.86,1675720.0
2025-10-19,11,PT1H,MC-Centro,1760971.06,1758010.0
2025-10-19,12,PT1H,MC-Centro,1789288.08,1807440.0
2025-10-19,13,PT1H,MC-Centro,1815057.92,1818710.0
2025-10-19,14,PT1H,MC-Centro,1781882.76,1787780.0
2025-10-19,15,PT1H,MC-Centro,1727958.98,1733370.0
2025-10-19,16,PT1H,MC-Centro,1691945.2,1699080.0
2025-10-19,17,PT1H,MC-Centro,1687967.68,1684180.0
2025-10-19,18,PT1H,MC-Centro,1764160.77,1750920.0
2025-10-19,19,PT1H,MC-Centro,1930615.7,1918820.0
2025-10-19,20,PT1H,MC-Centro,1935084.26,1935080.0
2025-10-19,21,PT1H,MC-Centro,1860753.81,1864230.0
2025-10-19,22,PT1H,MC-Centro,1713951.81,1728290.0
2025-10-19,23,PT1H,MC-Centro,1561704.96,1576690.0
2025-10-19,24,PT1H,MC-Centro,1462221.54,1454160.0
2024-11-10,1,PT1H,MC-Centro,1409944.69,1419000.0
2024-11-10,2,PT1H,MC-Centro,1347964.35,1345000.0
2024-11-10,3,PT1H,MC-Centro,1295068.22,1300000.0
2024-11-10,4,PT1H,MC-Centro,1262737.28,1268000.0
2024-11-10,5,PT1H,MC-Centro,1261841.73,1269000.0
2024-11-10,6,PT1H,MC-Centro,1249516.62,1260000.0
2024-11-10,7,PT1H,MC-Centro,1294207.99,1313000.0
2024-11-10,8,PT1H,MC-Centro,1430555.85,1440000.0
2024-11-10,9,PT1H,MC-Centro,1538866.45,1560000.0
2024-11-10,10,PT1H,MC-Centro,1638486.89,1651000.0
2024-11-10,11,PT1H,MC-Centro,1705013.33,1717000.0
2024-11-10,12,PT1H,MC-Centro,1757367.19,1762000.0
2024-11-10,13,PT1H,MC-Centro,1774090.91,1782000.0
2024-11-10,14,PT1H,MC-Centro,1743269.21,1752000.0
2024-11-10,15,PT1H,MC-Centro,1690009.25,1708000.0
2024-11-10,16,PT1H,MC-Centro,1677758.75,1679000.0
2024-11-10,17,PT1H,MC-Centro,1687228.52,1670000.0
2024-11-10,18,PT1H,MC-Centro,1761308.25,1751000.0
2024-11-10,19,PT1H,MC-Centro,1833263.8,1868000.0
2024-11-10,20,PT1H,MC-Centro,1821364.25,1868000.0
2024-11-10,21,PT1H,MC-Centro,1762057.66,1804000.0
2024-11-10,22,PT1H,MC-Centro,1661008.93,1682000.0
2024-11-10,23,PT1H,MC-Centro,1547558.74,1563000.0
2024-11-10,24,PT1H,MC-Centro,1426149.59,1450000.0
2025-12-20,1,PT1H,MC-Centro,1623723.61,1584000.0
2025-12-20,2,PT1H,MC-Centro,1549714.96,1514000.0
2025-12-20,3,PT1H,MC-Centro,1492814.94,1447000.0
2025-12-20,4,PT1H,MC-Centro,1466388.21,1432000.0
2025-12-20,5,PT1H,MC-Centro,1501730.1,1470000.0
2025-12-20,6,PT1H,MC-Centro,1553648.08,1523000.0
2025-12-20,7,PT1H,MC-Centro,1675955.98,1667000.0
2025-12-20,8,PT1H,MC-Centro,1876416.49,1847000.0
2025-12-20,9,PT1H,MC-Centro,2010499.87,1989000.0
2025-12-20,10,PT1H,MC-Centro,2085240.48,2056000.0
2025-12-20,11,PT1H,MC-Centro,2127178.59,2110000.0
2025-12-20,12,PT1H,MC-Centro,2163282.38,2122000.0
2025-12-20,13,PT1H,MC-Centro,2132866.29,2099000.0
2025-12-20,14,PT1H,MC-Centro,2072388.56,2039000.0
2025-12-20,15,PT1H,MC-Centro,2004938.64,1979000.0
2025-12-20,16,PT1H,MC-Centro,1939447.51,1940000.0
2025-12-20,17,PT1H,MC-Centro,1917956.06,1918000.0
2025-12-20,18,PT1H,MC-Centro,1994225.78,1945000.0
2025-12-20,19,PT1H,MC-Centro,2081929.39,2050000.0
2025-12-20,20,PT1H,MC-Centro,2037360.99,2026000.0
2025-12-20,21,PT1H,MC-Centro,1967002.49,1942000.0
2025-12-20,22,PT1H,MC-Centro,1864477.92,1828000.0
2025-12-20,23,PT1H,MC-Centro,1732755.41,1690000.0
2025-12-20,24,PT1H,MC-Centro,1611188.0,1562000.0
2026-02-27,1,PT1H,MC-Centro,1585496.13,1607480.0
2026-02-27,2,PT1H,MC-Centro,1517040.39,1542580.0
2026-02-27,3,PT1H,MC-Centro,1471841.62,1498530.0
2026-02-27,4,PT1H,MC-Centro,1479207.81,1507020.0
2026-02-27,5,PT1H,MC-Centro,1645174.36,1657780.0
2026-02-27,6,PT1H,MC-Centro,1882974.13,1892330.0
2026-02-27,7,PT1H,MC-Centro,1951067.77,1985770.0
2026-02-27,8,PT1H,MC-Centro,2060892.5,2100400.0
2026-02-27,9,PT1H,MC-Centro,2152006.88,2197330.0
2026-02-27,10,PT1H,MC-Centro,2190320.13,2243810.0
2026-02-27,11,PT1H,MC-Centro,2266552.55,2310800.0
2026-02-27,12,PT1H,MC-Centro,2315211.07,2344250.0
2026-02-27,13,PT1H,MC-Centro,2302264.9,2329380.0
2026-02-27,14,PT1H,MC-Centro,2260010.62,2282740.0
2026-02-27,15,PT1H,MC-Centro,2277049.47,2287740.0
2026-02-27,16,PT1H,MC-Centro,2280452.44,2284240.0
2026-02-27,17,PT1H,MC-Centro,2244020.88,2232760.0
2026-02-27,18,PT1H,MC-Centro,2178347.47,2198410.0
2026-02-27,19,PT1H,MC-Centro,2298485.16,2313290.0
2026-02-27,20,PT1H,MC-Centro,2307741.84,2326770.0
2026-02-27,21,PT1H,MC-Centro,2210410.24,2232480.0
2026-02-27,22,PT1H,MC-Centro,2039719.62,2057940.0
2026-02-27,23,PT1H,MC-Centro,1860068.16,1874310.0
2026-02-27,24,PT1H,MC-Centro,1704257.66,1707810.0
2024-10-03,1,PT1H,MC-Centro,1516084.44,1548000.0
2024-10-03,2,PT1H,MC-Centro,1453779.96,1491000.0
2024-10-03,3,PT1H,MC-Centro,1420835.68,1441000.0
2024-10-03,4,PT1H,MC-Centro,1422705.17,1452000.0
2024-10-03,5,PT1H,MC-Centro,1547136.54,1593000.0
2024-10-03,6,PT1H,MC-Centro,1775305.4,1825000.0
2024-10-03,7,PT1H,MC-Centro,1865944.57,1906000.0
2024-10-03,8,PT1H,MC-Centro,1978277.55,2023000.0
2024-10-03,9,PT1H,MC-Centro,2049232.83,2113000.0
2024-10-03,10,PT1H,MC-Centro,2100060.13,2163000.0
2024-10-03,11,PT1H,MC-Centro,2161319.96,2216000.0
2024-10-03,12,PT1H,MC-Centro,2200986.73,2269000.0
2024-10-03,13,PT1H,MC-Centro,2188048.22,2269000.0
2024-10-03,14,PT1H,MC-Centro,2154810.82,2222000.0
2024-10-03,15,PT1H,MC-Centro,2165413.07,2213000.0
2024-10-03,16,PT1H,MC-Centro,2168554.51,2214000.0
2024-10-03,17,PT1H,MC-Centro,2127484.93,2194000.0
2024-10-03,18,PT1H,MC-Centro,2121233.66,2184000.0
2024-10-03,19,PT1H,MC-Centro,2244388.91,2279000.0
2024-10-03,20,PT1H,MC-Centro,2231462.24,2270000.0
2024-10-03,21,PT1H,MC-Centro,2141066.33,2173000.0
2024-10-03,22,PT1H,MC-Centro,1962724.45,1988000.0
2024-10-03,23,PT1H,MC-Centro,1769213.11,1785000.0
2024-10-03,24,PT1H,MC-Centro,1628130.58,1634000.0
2024-12-24,1,PT1H,MC-Centro,1449574.35,1425360.0
2024-12-24,2,PT1H,MC-Centro,1360502.91,1354280.0
2024-12-24,3,PT1H,MC-Centro,1307069.34,1306500.0
2024-12-24,4,PT1H,MC-Centro,1298228.13,1304550.0
2024-12-24,5,PT1H,MC-Centro,1354396.78,1320040.0
2024-12-24,6,PT1H,MC-Centro,1411178.87,1376260.0
2024-12-24,7,PT1H,MC-Centro,1533529.52,1491640.0
2024-12-24,8,PT1H,MC-Centro,1686635.66,1657070.0
2024-12-24,9,PT1H,MC-Centro,1822415.87,1785930.0
2024-12-24,10,PT1H,MC-Centro,1881367.82,1847440.0
2024-12-24,11,PT1H,MC-Centro,1913136.32,1898280.0
2024-12-24,12,PT1H,MC-Centro,1927730.44,1913560.0
2024-12-24,13,PT1H,MC-Centro,1887567.81,1881960.0
2024-12-24,14,PT1H,MC-Centro,1798995.65,1789970.0
2024-12-24,15,PT1H,MC-Centro,1740770.92,1704390.0
2024-12-24,16,PT1H,MC-Centro,1714985.89,1677730.0
2024-12-24,17,PT1H,MC-Centro,1704939.5,1672620.0
2024-12-24,18,PT1H,MC-Centro,1752442.02,1706550.0
2024-12-24,19,PT1H,MC-Centro,1872451.66,1859840.0
2024-12-24,20,PT1H,MC-Centro,1808774.89,1823180.0
2024-12-24,21,PT1H,MC-Centro,1708021.19,1716740.0
2024-12-24,22,PT1H,MC-Centro,1605197.66,1597290.0
2024-12-24,23,PT1H,MC-Centro,1502426.26,1485090.0
2024-12-24,24,PT1H,MC-Centro,1414769.91,1404310.0
2025-08-17,1,PT1H,MC-Centro,1393849.69,1400000.0
2025-08-17,2,PT1H,MC-Centro,1324406.51,1330000.0
2025-08-17,3,PT1H,MC-Centro,1266640.93,1277000.0
2025-08-17,4,PT1H,MC-Centro,1231011.32,1243000.0
2025-08-17,5,PT1H,MC-Centro,1227989.65,1241000.0
2025-08-17,6,PT1H,MC-Centro,1225815.43,1241000.0
2025-08-17,7,PT1H,MC-Centro,1264196.67,1269000.0
2025-08-17,8,PT1H,MC-Centro,1388712.16,1392000.0
2025-08-17,9,PT1H,MC-Centro,1514789.63,1521000.0
2025-08-17,10,PT1H,MC-Centro,1621149.25,1621000.0
2025-08-17,11,PT1H,MC-Centro,1705727.79,1692000.0
2025-08-17,12,PT1H,MC-Centro,1744043.95,1728000.0
2025-08-17,13,PT1H,MC-Centro,1744385.45,1750000.0
2025-08-17,14,PT1H,MC-Centro,1719522.39,1728000.0
2025-08-17,15,PT1H,MC-Centro,1670271.66,1677000.0
2025-08-17,16,PT1H,MC-Centro,1624480.12,1647000.0
2025-08-17,17,PT1H,MC-Centro,1610688.34,1631000.0
2025-08-17,18,PT1H,MC-Centro,1630079.5,1641000.0
2025-08-17,19,PT1H,MC-Centro,1783306.68,1786000.0
2025-08-17,20,PT1H,MC-Centro,1807321.89,1819000.0
2025-08-17,21,PT1H,MC-Centro,1753559.61,1765000.0
2025-08-17,22,PT1H,MC-Centro,1651607.78,1661000.0
2025-08-17,23,PT1H,MC-Centro,1529423.61,1536000.0
2025-08-17,24,PT1H,MC-Centro,1412970.39,1418000.0
2025-01-24,1,PT1H,MC-Centro,1561840.36,1557000.0
2025-01-24,2,PT1H,MC-Centro,1480490.24,1485000.0
2025-01-24,3,PT1H,MC-Centro,1450167.47,1438000.0
2025-01-24,4,PT1H,MC-Centro,1439021.05,1445000.0
2025-01-24,5,PT1H,MC-Centro,1551539.2,1525000.0
2025-01-24,6,PT1H,MC-Centro,1697941.88,1664000.0
2025-01-24,7,PT1H,MC-Centro,1878501.26,1828000.0
2025-01-24,8,PT1H,MC-Centro,2056937.51,1987000.0
2025-01-24,9,PT1H,MC-Centro,2141958.57,2076000.0
2025-01-24,10,PT1H,MC-Centro,2191709.72,2123000.0
2025-01-24,11,PT1H,MC-Centro,2249475.5,2209000.0
2025-01-24,12,PT1H,MC-Centro,2297389.02,2253000.0
2025-01-24,13,PT1H,MC-Centro,2279853.19,2251000.0
2025-01-24,14,PT1H,MC-Centro,2236944.07,2202000.0
2025-01-24,15,PT1H,MC-Centro,2222791.68,2202000.0
2025-01-24,16,PT1H,MC-Centro,2205517.61,2179000.0
2025-01-24,17,PT1H,MC-Centro,2168213.31,2147000.0
2025-01-24,18,PT1H,MC-Centro,2152264.99,2132000.0
2025-01-24,19,PT1H,MC-Centro,2235191.41,2226000.0
2025-01-24,20,PT1H,MC-Centro,2223863.84,2215000.0
2025-01-24,21,PT1H,MC-Centro,2130461.65,2123000.0
2025-01-24,22,PT1H,MC-Centro,1965053.08,1961000.0
2025-01-24,23,PT1H,MC-Centro,1772649.5,1794000.0
2025-01-24,24,PT1H,MC-Centro,1646793.9,1648000.0
2025-04-27,19,PT1H,MC-Centro,1911414.33,1892000.0
2025-04-27,20,PT1H,MC-Centro,1951745.24,1938000.0
2025-04-27,21,PT1H,MC-Centro,1892375.11,1897000.0
2025-04-27,22,PT1H,MC-Centro,1764543.07,1766000.0
2025-04-27,23,PT1H,MC-Centro,1609667.28,1623000.0
2025-04-27,24,PT1H,MC-Centro,1479132.28,1495000.0
2025-04-27,1,PT1H,MC-Centro,1429966.35,1454000.0
2025-04-27,2,PT1H,MC-Centro,1355370.19,1377000.0
2025-04-27,3,PT1H,MC-Centro,1305555.29,1317000.0
2025-04-27,4,PT1H,MC-Centro,1273130.97,1280000.0
2025-04-27,5,PT1H,MC-Centro,1266710.96,1278000.0
2025-04-27,6,PT1H,MC-Centro,1258759.13,1282000.0
2025-04-27,7,PT1H,MC-Centro,1290825.97,1325000.0
2025-04-27,8,PT1H,MC-Centro,1424676.18,1460000.0
2025-04-27,9,PT1H,MC-Centro,1557025.24,1582000.0
2025-04-27,10,PT1H,MC-Centro,1680600.26,1681000.0
2025-04-27,11,PT1H,MC-Centro,1768241.17,1757000.0
2025-04-27,12,PT1H,MC-Centro,1831459.74,1807000.0
2025-04-27,13,PT1H,MC-Centro,1846354.43,1812000.0
2025-04-27,14,PT1H,MC-Centro,1817326.87,1792000.0
2025-04-27,15,PT1H,MC-Centro,1761001.44,1743000.0
2025-04-27,16,PT1H,MC-Centro,1724808.55,1716000.0
2025-04-27,17,PT1H,MC-Centro,1708980.39,1702000.0
2025-04-27,18,PT1H,MC-Centro,1724838.84,1733000.0
2025-05-28,1,PT1H,MC-Centro,1519146.58,1540000.0
2025-05-28,2,PT1H,MC-Centro,1457691.93,1475000.0
2025-05-28,3,PT1H,MC-Centro,1410298.11,1429000.0
2025-05-28,4,PT1H,MC-Centro,1412530.42,1428000.0
2025-05-28,5,PT1H,MC-Centro,1534327.82,1559000.0
2025-05-28,6,PT1H,MC-Centro,1762770.49,1814000.0
2025-05-28,7,PT1H,MC-Centro,1882788.35,1904000.0
2025-05-28,8,PT1H,MC-Centro,2014649.16,2018000.0
2025-05-28,9,PT1H,MC-Centro,2121759.43,2113000.0
2025-05-28,10,PT1H,MC-Centro,2177068.31,2171000.0
2025-05-28,11,PT1H,MC-Centro,2238443.45,2237000.0
2025-05-28,12,PT1H,MC-Centro,2295457.61,2276000.0
2025-05-28,13,PT1H,MC-Centro,2288380.54,2261000.0
2025-05-28,14,PT1H,MC-Centro,2246805.35,2215000.0
2025-05-28,15,PT1H,MC-Centro,2219013.43,2220000.0
2025-05-28,16,PT1H,MC-Centro,2185475.68,2211000.0
2025-05-28,17,PT1H,MC-Centro,2139236.96,2173000.0
2025-05-28,18,PT1H,MC-Centro,2087273.73,2136000.0
2025-05-28,19,PT1H,MC-Centro,2226012.56,2261000.0
2025-05-28,20,PT1H,MC-Centro,2268905.05,2290000.0
2025-05-28,21,PT1H,MC-Centro,2170168.59,2208000.0
2025-05-28,22,PT1H,MC-Centro,1982667.64,2022000.0
2025-05-28,23,PT1H,MC-Centro,1771940.29,1806000.0
2025-05-28,24,PT1H,MC-Centro,1631000.52,1653000.0
2025-08-22,1,PT1H,MC-Centro,1548510.62,1546000.0
2025-08-22,2,PT1H,MC-Centro,1487776.87,1482000.0
2025-08-22,3,PT1H,MC-Centro,1440675.3,1435000.0
2025-08-22,4,PT1H,MC-Centro,1447380.99,1436000.0
2025-08-22,5,PT1H,MC-Centro,1576577.36,1571000.0
2025-08-22,6,PT1H,MC-Centro,1822887.76,1806000.0
2025-08-22,7,PT1H,MC-Centro,1918020.33,1897000.0
2025-08-22,8,PT1H,MC-Centro,2037083.28,2029000.0
2025-08-22,9,PT1H,MC-Centro,2127249.98,2140000.0
2025-08-22,10,PT1H,MC-Centro,2169703.91,2191000.0
2025-08-22,11,PT1H,MC-Centro,2247309.54,2261000.0
2025-08-22,12,PT1H,MC-Centro,2306039.76,2291000.0
2025-08-22,13,PT1H,MC-Centro,2305355.39,2271000.0
2025-08-22,14,PT1H,MC-Centro,2264484.28,2216000.0
2025-08-22,15,PT1H,MC-Centro,2268347.39,2213000.0
2025-08-22,16,PT1H,MC-Centro,2232491.35,2200000.0
2025-08-22,17,PT1H,MC-Centro,2216133.66,2157000.0
2025-08-22,18,PT1H,MC-Centro,2194251.2,2114000.0
2025-08-22,19,PT1H,MC-Centro,2272815.82,2229000.0
2025-08-22,20,PT1H,MC-Centro,2266590.09,2247000.0
2025-08-22,21,PT1H,MC-Centro,2170450.85,2161000.0
2025-08-22,22,PT1H,MC-Centro,1998048.39,1990000.0
2025-08-22,23,PT1H,MC-Centro,1817509.72,1810000.0
2025-08-22,24,PT1H,MC-Centro,1683134.3,1675000.0
2025-07-17,1,PT1H,MC-Centro,1542349.49,1558000.0
2025-07-17,2,PT1H,MC-Centro,1473013.57,1491000.0
2025-07-17,3,PT1H,MC-Centro,1430056.29,1439000.0
2025-07-17,4,PT1H,MC-Centro,1432760.57,1450000.0
2025-07-17,5,PT1H,MC-Centro,1559904.28,1566000.0
2025-07-17,6,PT1H,MC-Centro,1805785.71,1741000.0
2025-07-17,7,PT1H,MC-Centro,1908893.19,1907000.0
2025-07-17,8,PT1H,MC-Centro,2035170.88,2045000.0
2025-07-17,9,PT1H,MC-Centro,2144731.7,2142000.0
2025-07-17,10,PT1H,MC-Centro,2194525.05,2200000.0
2025-07-17,11,PT1H,MC-Centro,2255941.66,2260000.0
2025-07-17,12,PT1H,MC-Centro,2302276.54,2316000.0
2025-07-17,13,PT1H,MC-Centro,2284213.68,2313000.0
2025-07-17,14,PT1H,MC-Centro,2231580.37,2267000.0
2025-07-17,15,PT1H,MC-Centro,2215868.7,2259000.0
2025-07-17,16,PT1H,MC-Centro,2210979.02,2238000.0
2025-07-17,17,PT1H,MC-Centro,2163059.88,2194000.0
2025-07-17,18,PT1H,MC-Centro,2127264.95,2153000.0
2025-07-17,19,PT1H,MC-Centro,2238642.88,2256000.0
2025-07-17,20,PT1H,MC-Centro,2280885.17,2287000.0
2025-07-17,21,PT1H,MC-Centro,2196086.59,2204000.0
2025-07-17,22,PT1H,MC-Centro,2008486.85,2027000.0
2025-07-17,23,PT1H,MC-Centro,1804004.43,1817000.0
2025-07-17,24,PT1H,MC-Centro,1642130.96,1678000.0
2025-12-21,1,PT1H,MC-Centro,1506268.26,1444000.0
2025-12-21,2,PT1H,MC-Centro,1411387.53,1375000.0
2025-12-21,3,PT1H,MC-Centro,1354298.86,1316000.0
2025-12-21,4,PT1H,MC-Centro,1320533.67,1284000.0
2025-12-21,5,PT1H,MC-Centro,1321708.5,1285000.0
2025-12-21,6,PT1H,MC-Centro,1322852.47,1288000.0
2025-12-21,7,PT1H,MC-Centro,1370170.14,1339000.0
2025-12-21,8,PT1H,MC-Centro,1514404.13,1480000.0
2025-12-21,9,PT1H,MC-Centro,1665118.57,1605000.0
2025-12-21,10,PT1H,MC-Centro,1745748.13,1700000.0
2025-12-21,11,PT1H,MC-Centro,1823155.52,1773000.0
2025-12-21,12,PT1H,MC-Centro,1854169.23,1821000.0
2025-12-21,13,PT1H,MC-Centro,1857563.74,1825000.0
2025-12-21,14,PT1H,MC-Centro,1826248.49,1796000.0
2025-12-21,15,PT1H,MC-Centro,1788626.82,1745000.0
2025-12-21,16,PT1H,MC-Centro,1763011.94,1718000.0
2025-12-21,17,PT1H,MC-Centro,1760742.95,1712000.0
2025-12-21,18,PT1H,MC-Centro,1811700.58,1763000.0
2025-12-21,19,PT1H,MC-Centro,1944318.84,1908000.0
2025-12-21,20,PT1H,MC-Centro,1944379.19,1917000.0
2025-12-21,21,PT1H,MC-Centro,1894441.59,1866000.0
2025-12-21,22,PT1H,MC-Centro,1798091.53,1754000.0
2025-12-21,23,PT1H,MC-Centro,1681550.03,1617000.0
2025-12-21,24,PT1H,MC-Centro,1529271.22,1501000.0
2024-12-18,1,PT1H,MC-Centro,1549826.85,1562360.0
2024-12-18,2,PT1H,MC-Centro,1488386.89,1488320.0
2024-12-18,3,PT1H,MC-Centro,1430121.93,1433450.0
2024-12-18,4,PT1H,MC-Centro,1437302.57,1431920.0
2024-12-18,5,PT1H,MC-Centro,1522761.56,1515340.0
2024-12-18,6,PT1H,MC-Centro,1635226.23,1650680.0
2024-12-18,7,PT1H,MC-Centro,1818489.08,1826270.0
2024-12-18,8,PT1H,MC-Centro,1996426.05,1987960.0
2024-12-18,9,PT1H,MC-Centro,2110766.98,2080530.0
2024-12-18,10,PT1H,MC-Centro,2178830.08,2132500.0
2024-12-18,11,PT1H,MC-Centro,2252074.36,2204710.0
2024-12-18,12,PT1H,MC-Centro,2286206.06,2258600.0
2024-12-18,13,PT1H,MC-Centro,2266380.38,2257180.0
2024-12-18,14,PT1H,MC-Centro,2223477.24,2218250.0
2024-12-18,15,PT1H,MC-Centro,2218218.14,2222250.0
2024-12-18,16,PT1H,MC-Centro,2185956.08,2204550.0
2024-12-18,17,PT1H,MC-Centro,2157271.97,2160880.0
2024-12-18,18,PT1H,MC-Centro,2171380.71,2168940.0
2024-12-18,19,PT1H,MC-Centro,2252911.14,2262330.0
2024-12-18,20,PT1H,MC-Centro,2220756.76,2243440.0
2024-12-18,21,PT1H,MC-Centro,2147134.38,2161580.0
2024-12-18,22,PT1H,MC-Centro,1995182.11,2003260.0
2024-12-18,23,PT1H,MC-Centro,1815476.11,1815550.0
2024-12-18,24,PT1H,MC-Centro,1669913.5,1676370.0
2025-12-08,1,PT1H,MC-Centro,1366719.94,1396000.0
2025-12-08,2,PT1H,MC-Centro,1298620.23,1325000.0
2025-12-08,3,PT1H,MC-Centro,1239358.74,1267000.0
2025-12-08,4,PT1H,MC-Centro,1211866.95,1219000.0
2025-12-08,5,PT1H,MC-Centro,1211022.18,1230000.0
2025-12-08,6,PT1H,MC-Centro,1197698.2,1237000.0
2025-12-08,7,PT1H,MC-Centro,1235530.57,1300000.0
2025-12-08,8,PT1H,MC-Centro,1349573.06,1456000.0
2025-12-08,9,PT1H,MC-Centro,1472637.71,1602000.0
2025-12-08,10,PT1H,MC-Centro,1604303.4,1746000.0
2025-12-08,11,PT1H,MC-Centro,1712755.29,1858000.0
2025-12-08,12,PT1H,MC-Centro,1778614.87,1916000.0
2025-12-08,13,PT1H,MC-Centro,1831601.53,1949000.0
2025-12-08,14,PT1H,MC-Centro,1826934.51,1920000.0
2025-12-08,15,PT1H,MC-Centro,1797555.88,1864000.0
2025-12-08,16,PT1H,MC-Centro,1783167.18,1826000.0
2025-12-08,17,PT1H,MC-Centro,1783502.0,1819000.0
2025-12-08,18,PT1H,MC-Centro,1827349.95,1898000.0
2025-12-08,19,PT1H,MC-Centro,1965221.25,2034000.0
2025-12-08,20,PT1H,MC-Centro,1975362.21,2038000.0
2025-12-08,21,PT1H,MC-Centro,1904856.56,1945000.0
2025-12-08,22,PT1H,MC-Centro,1760796.31,1797000.0
2025-12-08,23,PT1H,MC-Centro,1626907.1,1637000.0
2025-12-08,24,PT1H,MC-Centro,1525382.97,1493000.0
2025-02-11,1,PT1H,MC-Centro,1526129.96,1523000.0
2025-02-11,2,PT1H,MC-Centro,1461621.58,1465000.0
2025-02-11,3,PT1H,MC-Centro,1426591.57,1421000.0
2025-02-11,4,PT1H,MC-Centro,1446926.53,1431000.0
2025-02-11,5,PT1H,MC-Centro,1605365.35,1593000.0
2025-02-11,6,PT1H,MC-Centro,1833473.6,1813000.0
2025-02-11,7,PT1H,MC-Centro,1902859.41,1903000.0
2025-02-11,8,PT1H,MC-Centro,2034391.94,2032000.0
2025-02-11,9,PT1H,MC-Centro,2139003.93,2102000.0
2025-02-11,10,PT1H,MC-Centro,2184840.0,2141000.0
2025-02-11,11,PT1H,MC-Centro,2240751.12,2215000.0
2025-02-11,12,PT1H,MC-Centro,2258652.68,2258000.0
2025-02-11,13,PT1H,MC-Centro,2229720.78,2244000.0
2025-02-11,14,PT1H,MC-Centro,2191589.23,2200000.0
2025-02-11,15,PT1H,MC-Centro,2218761.97,2203000.0
2025-02-11,16,PT1H,MC-Centro,2203072.28,2194000.0
2025-02-11,17,PT1H,MC-Centro,2165091.66,2149000.0
2025-02-11,18,PT1H,MC-Centro,2101313.55,2120000.0
2025-02-11,19,PT1H,MC-Centro,2220694.05,2241000.0
2025-02-11,20,PT1H,MC-Centro,2257571.3,2266000.0
2025-02-11,21,PT1H,MC-Centro,2181594.97,2187000.0
2025-02-11,22,PT1H,MC-Centro,1974470.87,1993000.0
2025-02-11,23,PT1H,MC-Centro,1750379.0,1783000.0
2025-02-11,24,PT1H,MC-Centro,1588533.11,1659000.0
2025-08-09,14,PT1H,MC-Centro,2030437.8,2024000.0
2025-08-09,15,PT1H,MC-Centro,1954816.2,1961000.0
2025-08-09,16,PT1H,MC-Centro,1911140.6,1920000.0
2025-08-09,17,PT1H,MC-Centro,1881114.12,1896000.0
2025-08-09,18,PT1H,MC-Centro,1891872.44,1881000.0
2025-08-09,19,PT1H,MC-Centro,1994779.22,1996000.0
2025-08-09,20,PT1H,MC-Centro,1997419.3,2001000.0
2025-08-09,21,PT1H,MC-Centro,1918660.47,1927000.0
2025-08-09,22,PT1H,MC-Centro,1774874.76,1791000.0
2025-08-09,23,PT1H,MC-Centro,1617906.9,1634000.0
2025-08-09,24,PT1H,MC-Centro,1475438.75,1502000.0
2025-08-09,1,PT1H,MC-Centro,1503365.41,1536000.0
2025-08-09,2,PT1H,MC-Centro,1439983.26,1462000.0
2025-08-09,3,PT1H,MC-Centro,1394348.61,1411000.0
2025-08-09,4,PT1H,MC-Centro,1376297.97,1400000.0
2025-08-09,5,PT1H,MC-Centro,1406700.93,1429000.0
2025-08-09,6,PT1H,MC-Centro,1472509.76,1483000.0
2025-08-09,7,PT1H,MC-Centro,1588191.4,1623000.0
2025-08-09,8,PT1H,MC-Centro,1752462.93,1788000.0
2025-08-09,9,PT1H,MC-Centro,1911989.47,1933000.0
2025-08-09,10,PT1H,MC-Centro,2009486.72,2020000.0
2025-08-09,11,PT1H,MC-Centro,2078778.8,2090000.0
2025-08-09,12,PT1H,MC-Centro,2097162.01,2115000.0
2025-08-09,13,PT1H,MC-Centro,2078061.33,2085000.0
2025-12-10,1,PT1H,MC-Centro,1597624.7,1606000.0
2025-12-10,2,PT1H,MC-Centro,1532262.19,1533000.0
2025-12-10,3,PT1H,MC-Centro,1473249.0,1481000.0
2025-12-10,4,PT1H,MC-Centro,1485421.32,1472000.0
2025-12-10,5,PT1H,MC-Centro,1553447.59,1561000.0
2025-12-10,6,PT1H,MC-Centro,1679719.24,1706000.0
2025-12-10,7,PT1H,MC-Centro,1873501.28,1903000.0
2025-12-10,8,PT1H,MC-Centro,2058618.69,2075000.0
2025-12-10,9,PT1H,MC-Centro,2184390.95,2222000.0
2025-12-10,10,PT1H,MC-Centro,2251620.04,2270000.0
2025-12-10,11,PT1H,MC-Centro,2306494.88,2332000.0
2025-12-10,12,PT1H,MC-Centro,2376928.45,2381000.0
2025-12-10,13,PT1H,MC-Centro,2366859.18,2368000.0
2025-12-10,14,PT1H,MC-Centro,2305688.44,2318000.0
2025-12-10,15,PT1H,MC-Centro,2301194.16,2315000.0
2025-12-10,16,PT1H,MC-Centro,2282323.16,2311000.0
2025-12-10,17,PT1H,MC-Centro,2239640.13,2273000.0
2025-12-10,18,PT1H,MC-Centro,2264883.61,2275000.0
2025-12-10,19,PT1H,MC-Centro,2365427.14,2374000.0
2025-12-10,20,PT1H,MC-Centro,2336652.85,2366000.0
2025-12-10,21,PT1H,MC-Centro,2222112.91,2260000.0
2025-12-10,22,PT1H,MC-Centro,2057734.03,2085000.0
2025-12-10,23,PT1H,MC-Centro,1865185.57,1885000.0
2025-12-10,24,PT1H,MC-Centro,1719809.44,1721000.0
2024-11-11,1,PT1H,MC-Centro,1339878.75,1359000.0
2024-11-11,2,PT1H,MC-Centro,1272919.18,1291000.0
2024-11-11,3,PT1H,MC-Centro,1231671.45,1244000.0
2024-11-11,4,PT1H,MC-Centro,1229311.03,1226000.0
2024-11-11,5,PT1H,MC-Centro,1242117.86,1247000.0
2024-11-11,6,PT1H,MC-Centro,1249597.32,1253000.0
2024-11-11,7,PT1H,MC-Centro,1334223.08,1328000.0
2024-11-11,8,PT1H,MC-Centro,1513011.23,1482000.0
2024-11-11,9,PT1H,MC-Centro,1646236.81,1624000.0
2024-11-11,10,PT1H,MC-Centro,1753155.15,1743000.0
2024-11-11,11,PT1H,MC-Centro,1858702.88,1840000.0
2024-11-11,12,PT1H,MC-Centro,1920676.98,1907000.0
2024-11-11,13,PT1H,MC-Centro,1950210.45,1925000.0
2024-11-11,14,PT1H,MC-Centro,1919214.8,1897000.0
2024-11-11,15,PT1H,MC-Centro,1861281.69,1853000.0
2024-11-11,16,PT1H,MC-Centro,1815492.69,1812000.0
2024-11-11,17,PT1H,MC-Centro,1798860.83,1800000.0
2024-11-11,18,PT1H,MC-Centro,1884669.43,1867000.0
2024-11-11,19,PT1H,MC-Centro,1986660.15,1998000.0
2024-11-11,20,PT1H,MC-Centro,1975622.82,2005000.0
2024-11-11,21,PT1H,MC-Centro,1883109.78,1918000.0
2024-11-11,22,PT1H,MC-Centro,1737405.42,1766000.0
2024-11-11,23,PT1H,MC-Centro,1597221.11,1620000.0
2024-11-11,24,PT1H,MC-Centro,1476794.89,1497000.0
2025-01-04,1,PT1H,MC-Centro,1343263.11,1400130.0
2025-01-04,2,PT1H,MC-Centro,1281554.43,1328900.0
2025-01-04,3,PT1H,MC-Centro,1248616.98,1277490.0
2025-01-04,4,PT1H,MC-Centro,1249667.65,1272660.0
2025-01-04,5,PT1H,MC-Centro,1262606.24,1315560.0
2025-01-04,6,PT1H,MC-Centro,1285642.49,1362590.0
2025-01-04,7,PT1H,MC-Centro,1365421.69,1473960.0
2025-01-04,8,PT1H,MC-Centro,1483938.5,1629150.0
2025-01-04,9,PT1H,MC-Centro,1599477.78,1756900.0
2025-01-04,10,PT1H,MC-Centro,1691373.29,1829340.0
2025-01-04,11,PT1H,MC-Centro,1749957.07,1883320.0
2025-01-04,12,PT1H,MC-Centro,1791679.83,1896540.0
2025-01-04,13,PT1H,MC-Centro,1786348.32,1878090.0
2025-01-04,14,PT1H,MC-Centro,1748915.75,1837890.0
2025-01-04,15,PT1H,MC-Centro,1712334.97,1779290.0
2025-01-04,16,PT1H,MC-Centro,1694858.51,1752520.0
2025-01-04,17,PT1H,MC-Centro,1678168.73,1730260.0
2025-01-04,18,PT1H,MC-Centro,1695767.13,1743000.0
2025-01-04,19,PT1H,MC-Centro,1824459.16,1868900.0
2025-01-04,20,PT1H,MC-Centro,1826110.0,1865100.0
2025-01-04,21,PT1H,MC-Centro,1746058.18,1795250.0
2025-01-04,22,PT1H,MC-Centro,1624648.77,1684280.0
2025-01-04,23,PT1H,MC-Centro,1502016.38,1533880.0
2025-01-04,24,PT1H,MC-Centro,1380766.81,1398830.0
2024-08-20,22,PT1H,MC-Centro,1929861.32,1913000.0
2024-08-20,23,PT1H,MC-Centro,1719680.53,1714000.0
2024-08-20,24,PT1H,MC-Centro,1580906.89,1575000.0
2024-08-20,1,PT1H,MC-Centro,1357257.49,1367000.0
2024-08-20,2,PT1H,MC-Centro,1299248.34,1308000.0
2024-08-20,3,PT1H,MC-Centro,1263266.81,1265000.0
2024-08-20,4,PT1H,MC-Centro,1289765.51,1280000.0
2024-08-20,5,PT1H,MC-Centro,1452866.44,1410000.0
2024-08-20,6,PT1H,MC-Centro,1713105.54,1618000.0
2024-08-20,7,PT1H,MC-Centro,1810615.03,1732000.0
2024-08-20,8,PT1H,MC-Centro,1945821.67,1874000.0
2024-08-20,9,PT1H,MC-Centro,2029756.83,1984000.0
2024-08-20,10,PT1H,MC-Centro,2072173.61,2045000.0
2024-08-20,11,PT1H,MC-Centro,2139227.31,2117000.0
2024-08-20,12,PT1H,MC-Centro,2182278.56,2163000.0
2024-08-20,13,PT1H,MC-Centro,2176496.94,2158000.0
2024-08-20,14,PT1H,MC-Centro,2140068.78,2119000.0
2024-08-20,15,PT1H,MC-Centro,2147107.26,2118000.0
2024-08-20,16,PT1H,MC-Centro,2132673.05,2110000.0
2024-08-20,17,PT1H,MC-Centro,2084712.41,2072000.0
2024-08-20,18,PT1H,MC-Centro,2038348.42,2037000.0
2024-08-20,19,PT1H,MC-Centro,2169287.22,2155000.0
2024-08-20,20,PT1H,MC-Centro,2199071.47,2166000.0
2024-08-20,21,PT1H,MC-Centro,2117712.5,2089000.0
2026-02-02,1,PT1H,MC-Centro,1399521.56,1408000.0
2026-02-02,2,PT1H,MC-Centro,1340985.34,1349000.0
2026-02-02,3,PT1H,MC-Centro,1293970.11,1307000.0
2026-02-02,4,PT1H,MC-Centro,1331105.78,1336000.0
2026-02-02,5,PT1H,MC-Centro,1509137.7,1479000.0
2026-02-02,6,PT1H,MC-Centro,1750436.53,1696000.0
2026-02-02,7,PT1H,MC-Centro,1847424.14,1860000.0
2026-02-02,8,PT1H,MC-Centro,1998633.94,2030000.0
2026-02-02,9,PT1H,MC-Centro,2115366.7,2142000.0
2026-02-02,10,PT1H,MC-Centro,2187091.92,2217000.0
2026-02-02,11,PT1H,MC-Centro,2261902.36,2288000.0
2026-02-02,12,PT1H,MC-Centro,2309848.02,2350000.0
2026-02-02,13,PT1H,MC-Centro,2297031.64,2358000.0
2026-02-02,14,PT1H,MC-Centro,2269134.08,2311000.0
2026-02-02,15,PT1H,MC-Centro,2262320.96,2298000.0
2026-02-02,16,PT1H,MC-Centro,2266655.1,2267000.0
2026-02-02,17,PT1H,MC-Centro,2209862.89,2237000.0
2026-02-02,18,PT1H,MC-Centro,2189543.63,2198000.0
2026-02-02,19,PT1H,MC-Centro,2312721.14,2299000.0
2026-02-02,20,PT1H,MC-Centro,2334648.9,2309000.0
2026-02-02,21,PT1H,MC-Centro,2236053.36,2214000.0
2026-02-02,22,PT1H,MC-Centro,2041100.73,2019000.0
2026-02-02,23,PT1H,MC-Centro,1827538.05,1809000.0
2026-02-02,24,PT1H,MC-Centro,1658576.04,1674000.0
2025-08-23,1,PT1H,MC-Centro,1583356.42,1555000.0
2025-08-23,2,PT1H,MC-Centro,1512187.38,1482000.0
2025-08-23,3,PT1H,MC-Centro,1457495.66,1435000.0
2025-08-23,4,PT1H,MC-Centro,1438470.88,1420000.0
2025-08-23,5,PT1H,MC-Centro,1475328.0,1454000.0
2025-08-23,6,PT1H,MC-Centro,1538868.65,1507000.0
2025-08-23,7,PT1H,MC-Centro,1690356.82,1649000.0
2025-08-23,8,PT1H,MC-Centro,1862382.56,1825000.0
2025-08-23,9,PT1H,MC-Centro,2017088.25,1971000.0
2025-08-23,10,PT1H,MC-Centro,2102382.57,2051000.0
2025-08-23,11,PT1H,MC-Centro,2167681.48,2122000.0
2025-08-23,12,PT1H,MC-Centro,2181679.24,2135000.0
2025-08-23,13,PT1H,MC-Centro,2149787.03,2111000.0
2025-08-23,14,PT1H,MC-Centro,2059608.42,2047000.0
2025-08-23,15,PT1H,MC-Centro,1998376.7,1979000.0
2025-08-23,16,PT1H,MC-Centro,1968734.44,1938000.0
2025-08-23,17,PT1H,MC-Centro,1940904.67,1902000.0
2025-08-23,18,PT1H,MC-Centro,1921732.98,1885000.0
2025-08-23,19,PT1H,MC-Centro,2039896.15,1999000.0
2025-08-23,20,PT1H,MC-Centro,2049389.49,2001000.0
2025-08-23,21,PT1H,MC-Centro,1964692.98,1925000.0
2025-08-23,22,PT1H,MC-Centro,1820214.62,1786000.0
2025-08-23,23,PT1H,MC-Centro,1665562.6,1627000.0
2025-08-23,24,PT1H,MC-Centro,1529044.91,1498000.0
2026-01-06,1,PT1H,MC-Centro,1448172.48,1494000.0
2026-01-06,2,PT1H,MC-Centro,1373558.54,1422000.0
2026-01-06,3,PT1H,MC-Centro,1325144.81,1371000.0
2026-01-06,4,PT1H,MC-Centro,1308418.23,1366000.0
2026-01-06,5,PT1H,MC-Centro,1377656.49,1427000.0
2026-01-06,6,PT1H,MC-Centro,1471782.67,1538000.0
2026-01-06,7,PT1H,MC-Centro,1604349.5,1673000.0
2026-01-06,8,PT1H,MC-Centro,1761433.6,1841000.0
2026-01-06,9,PT1H,MC-Centro,1860626.74,1944000.0
2026-01-06,10,PT1H,MC-Centro,1930784.49,2007000.0
2026-01-06,11,PT1H,MC-Centro,2000330.01,2066000.0
2026-01-06,12,PT1H,MC-Centro,2091528.04,2129000.0
2026-01-06,13,PT1H,MC-Centro,2108752.71,2138000.0
2026-01-06,14,PT1H,MC-Centro,2083927.45,2089000.0
2026-01-06,15,PT1H,MC-Centro,2078892.74,2060000.0
2026-01-06,16,PT1H,MC-Centro,2054548.44,2042000.0
2026-01-06,17,PT1H,MC-Centro,2035453.99,2007000.0
2026-01-06,18,PT1H,MC-Centro,2020797.59,1994000.0
2026-01-06,19,PT1H,MC-Centro,2125865.57,2108000.0
2026-01-06,20,PT1H,MC-Centro,2124006.74,2111000.0
2026-01-06,21,PT1H,MC-Centro,2020551.32,2031000.0
2026-01-06,22,PT1H,MC-Centro,1856631.51,1881000.0
2026-01-06,23,PT1H,MC-Centro,1703038.81,1707000.0
2026-01-06,24,PT1H,MC-Centro,1580227.26,1558000.0
2024-10-06,1,PT1H,MC-Centro,1363758.47,1404000.0
2024-10-06,2,PT1H,MC-Centro,1286297.14,1339000.0
2024-10-06,3,PT1H,MC-Centro,1235912.03,1289000.0
2024-10-06,4,PT1H,MC-Centro,1195827.33,1255000.0
2024-10-06,5,PT1H,MC-Centro,1182134.25,1245000.0
2024-10-06,6,PT1H,MC-Centro,1171412.06,1236000.0
2024-10-06,7,PT1H,MC-Centro,1227745.49,1286000.0
2024-10-06,8,PT1H,MC-Centro,1367595.56,1430000.0
2024-10-06,9,PT1H,MC-Centro,1469283.28,1540000.0
2024-10-06,10,PT1H,MC-Centro,1564338.62,1639000.0
2024-10-06,11,PT1H,MC-Centro,1643266.59,1703000.0
2024-10-06,12,PT1H,MC-Centro,1681553.51,1746000.0
2024-10-06,13,PT1H,MC-Centro,1687261.71,1757000.0
2024-10-06,14,PT1H,MC-Centro,1669388.53,1735000.0
2024-10-06,15,PT1H,MC-Centro,1631196.9,1692000.0
2024-10-06,16,PT1H,MC-Centro,1615330.8,1670000.0
2024-10-06,17,PT1H,MC-Centro,1626935.17,1667000.0
2024-10-06,18,PT1H,MC-Centro,1717545.01,1728000.0
2024-10-06,19,PT1H,MC-Centro,1856467.79,1876000.0
2024-10-06,20,PT1H,MC-Centro,1864878.97,1882000.0
2024-10-06,21,PT1H,MC-Centro,1808160.79,1815000.0
2024-10-06,22,PT1H,MC-Centro,1679969.31,1682000.0
2024-10-06,23,PT1H,MC-Centro,1549951.24,1538000.0
2024-10-06,24,PT1H,MC-Centro,1437306.26,1426000.0
2026-01-18,1,PT1H,MC-Centro,1459070.47,1432000.0
2026-01-18,2,PT1H,MC-Centro,1386469.2,1353000.0
2026-01-18,3,PT1H,MC-Centro,1316324.03,1292000.0
2026-01-18,4,PT1H,MC-Centro,1276234.18,1258000.0
2026-01-18,5,PT1H,MC-Centro,1273079.8,1258000.0
2026-01-18,6,PT1H,MC-Centro,1266222.53,1260000.0
2026-01-18,7,PT1H,MC-Centro,1286892.5,1297000.0
2026-01-18,8,PT1H,MC-Centro,1404412.21,1425000.0
2026-01-18,9,PT1H,MC-Centro,1540240.49,1544000.0
2026-01-18,10,PT1H,MC-Centro,1655936.79,1641000.0
2026-01-18,11,PT1H,MC-Centro,1743701.14,1717000.0
2026-01-18,12,PT1H,MC-Centro,1802412.53,1761000.0
2026-01-18,13,PT1H,MC-Centro,1821952.26,1783000.0
2026-01-18,14,PT1H,MC-Centro,1795240.9,1762000.0
2026-01-18,15,PT1H,MC-Centro,1754413.19,1725000.0
2026-01-18,16,PT1H,MC-Centro,1722526.98,1700000.0
2026-01-18,17,PT1H,MC-Centro,1684820.66,1687000.0
2026-01-18,18,PT1H,MC-Centro,1724962.65,1723000.0
2026-01-18,19,PT1H,MC-Centro,1898502.95,1875000.0
2026-01-18,20,PT1H,MC-Centro,1932627.03,1908000.0
2026-01-18,21,PT1H,MC-Centro,1874804.49,1853000.0
2026-01-18,22,PT1H,MC-Centro,1739402.04,1733000.0
2026-01-18,23,PT1H,MC-Centro,1614969.71,1599000.0
2026-01-18,24,PT1H,MC-Centro,1475316.35,1484000.0
2025-07-11,1,PT1H,MC-Centro,1561710.22,1553000.0
2025-07-11,2,PT1H,MC-Centro,1504728.4,1484000.0
2025-07-11,3,PT1H,MC-Centro,1454180.69,1436000.0
2025-07-11,4,PT1H,MC-Centro,1446015.6,1428000.0
2025-07-11,5,PT1H,MC-Centro,1542016.56,1500000.0
2025-07-11,6,PT1H,MC-Centro,1715318.4,1622000.0
2025-07-11,7,PT1H,MC-Centro,1862192.43,1812000.0
2025-07-11,8,PT1H,MC-Centro,2018155.02,1994000.0
2025-07-11,9,PT1H,MC-Centro,2146873.7,2143000.0
2025-07-11,10,PT1H,MC-Centro,2183299.76,2200000.0
2025-07-11,11,PT1H,MC-Centro,2252510.28,2265000.0
2025-07-11,12,PT1H,MC-Centro,2310146.95,2323000.0
2025-07-11,13,PT1H,MC-Centro,2308931.25,2312000.0
2025-07-11,14,PT1H,MC-Centro,2258471.89,2257000.0
2025-07-11,15,PT1H,MC-Centro,2237483.3,2243000.0
2025-07-11,16,PT1H,MC-Centro,2211819.86,2220000.0
2025-07-11,17,PT1H,MC-Centro,2153025.42,2175000.0
2025-07-11,18,PT1H,MC-Centro,2112415.94,2121000.0
2025-07-11,19,PT1H,MC-Centro,2210594.69,2213000.0
2025-07-11,20,PT1H,MC-Centro,2239563.57,2233000.0
2025-07-11,21,PT1H,MC-Centro,2163217.41,2158000.0
2025-07-11,22,PT1H,MC-Centro,2005244.1,2000000.0
2025-07-11,23,PT1H,MC-Centro,1819558.15,1812000.0
2025-07-11,24,PT1H,MC-Centro,1679263.77,1674000.0
2025-12-29,1,PT1H,MC-Centro,1351615.53,1350000.0
2025-12-29,2,PT1H,MC-Centro,1274614.8,1283000.0
2025-12-29,3,PT1H,MC-Centro,1223599.72,1244000.0
2025-12-29,4,PT1H,MC-Centro,1228123.95,1251000.0
2025-12-29,5,PT1H,MC-Centro,1305456.66,1329000.0
2025-12-29,6,PT1H,MC-Centro,1404602.48,1434000.0
2025-12-29,7,PT1H,MC-Centro,1545448.66,1585000.0
2025-12-29,8,PT1H,MC-Centro,1701766.45,1751000.0
2025-12-29,9,PT1H,MC-Centro,1827656.68,1859000.0
2025-12-29,10,PT1H,MC-Centro,1918473.26,1938000.0
2025-12-29,11,PT1H,MC-Centro,1994962.12,1988000.0
2025-12-29,12,PT1H,MC-Centro,2051347.77,2041000.0
2025-12-29,13,PT1H,MC-Centro,2073340.21,2046000.0
2025-12-29,14,PT1H,MC-Centro,2038446.41,2005000.0
2025-12-29,15,PT1H,MC-Centro,2014460.18,1993000.0
2025-12-29,16,PT1H,MC-Centro,1989603.93,1970000.0
2025-12-29,17,PT1H,MC-Centro,1953402.87,1932000.0
2025-12-29,18,PT1H,MC-Centro,1957834.15,1954000.0
2025-12-29,19,PT1H,MC-Centro,2079623.21,2025000.0
2025-12-29,20,PT1H,MC-Centro,2091895.66,2007000.0
2025-12-29,21,PT1H,MC-Centro,1997900.99,1921000.0
2025-12-29,22,PT1H,MC-Centro,1871704.95,1807000.0
2025-12-29,23,PT1H,MC-Centro,1706469.45,1653000.0
2025-12-29,24,PT1H,MC-Centro,1563421.01,1502000.0
2026-01-14,1,PT1H,MC-Centro,1537518.16,1545000.0
2026-01-14,2,PT1H,MC-Centro,1462088.21,1476000.0
2026-01-14,3,PT1H,MC-Centro,1422426.9,1429000.0
2026-01-14,4,PT1H,MC-Centro,1421282.58,1423000.0
2026-01-14,5,PT1H,MC-Centro,1502255.13,1511000.0
2026-01-14,6,PT1H,MC-Centro,1649303.28,1644000.0
2026-01-14,7,PT1H,MC-Centro,1801213.66,1809000.0
2026-01-14,8,PT1H,MC-Centro,1968451.88,1975000.0
2026-01-14,9,PT1H,MC-Centro,2090792.93,2055000.0
2026-01-14,10,PT1H,MC-Centro,2148424.31,2111000.0
2026-01-14,11,PT1H,MC-Centro,2222282.64,2191000.0
2026-01-14,12,PT1H,MC-Centro,2283214.34,2240000.0
2026-01-14,13,PT1H,MC-Centro,2289539.73,2249000.0
2026-01-14,14,PT1H,MC-Centro,2247793.72,2217000.0
2026-01-14,15,PT1H,MC-Centro,2229835.96,2199000.0
2026-01-14,16,PT1H,MC-Centro,2212552.62,2194000.0
2026-01-14,17,PT1H,MC-Centro,2161642.16,2145000.0
2026-01-14,18,PT1H,MC-Centro,2113369.52,2125000.0
2026-01-14,19,PT1H,MC-Centro,2229082.39,2245000.0
2026-01-14,20,PT1H,MC-Centro,2259195.69,2237000.0
2026-01-14,21,PT1H,MC-Centro,2172146.13,2144000.0
2026-01-14,22,PT1H,MC-Centro,1985433.39,1964000.0
2026-01-14,23,PT1H,MC-Centro,1781279.87,1789000.0
2026-01-14,24,PT1H,MC-Centro,1643686.6,1656000.0
2024-10-13,1,PT1H,MC-Centro,1388934.06,1370000.0
2024-10-13,2,PT1H,MC-Centro,1322162.2,1305000.0
2024-10-13,3,PT1H,MC-Centro,1276231.59,1247000.0
2024-10-13,4,PT1H,MC-Centro,1245249.7,1210000.0
2024-10-13,5,PT1H,MC-Centro,1244962.48,1199000.0
2024-10-13,6,PT1H,MC-Centro,1223742.72,1194000.0
2024-10-13,7,PT1H,MC-Centro,1280011.16,1227000.0
2024-10-13,8,PT1H,MC-Centro,1400040.04,1351000.0
2024-10-13,9,PT1H,MC-Centro,1502723.15,1465000.0
2024-10-13,10,PT1H,MC-Centro,1582918.87,1558000.0
2024-10-13,11,PT1H,MC-Centro,1652809.91,1619000.0
2024-10-13,12,PT1H,MC-Centro,1693364.89,1660000.0
2024-10-13,13,PT1H,MC-Centro,1704899.87,1662000.0
2024-10-13,14,PT1H,MC-Centro,1671075.3,1635000.0
2024-10-13,15,PT1H,MC-Centro,1623029.6,1605000.0
2024-10-13,16,PT1H,MC-Centro,1602093.9,1574000.0
2024-10-13,17,PT1H,MC-Centro,1586500.14,1567000.0
2024-10-13,18,PT1H,MC-Centro,1647613.6,1613000.0
2024-10-13,19,PT1H,MC-Centro,1791374.91,1747000.0
2024-10-13,20,PT1H,MC-Centro,1778904.28,1753000.0
2024-10-13,21,PT1H,MC-Centro,1720651.54,1708000.0
2024-10-13,22,PT1H,MC-Centro,1613246.3,1604000.0
2024-10-13,23,PT1H,MC-Centro,1508821.44,1492000.0
2024-10-13,24,PT1H,MC-Centro,1407067.76,1386000.0
2026-02-04,1,PT1H,MC-Centro,1584755.4,1583000.0
2026-02-04,2,PT1H,MC-Centro,1526750.47,1518000.0
2026-02-04,3,PT1H,MC-Centro,1461581.01,1478000.0
2026-02-04,4,PT1H,MC-Centro,1428186.33,1486000.0
2026-02-04,5,PT1H,MC-Centro,1618470.23,1631000.0
2026-02-04,6,PT1H,MC-Centro,1871067.49,1842000.0
2026-02-04,7,PT1H,MC-Centro,1986678.3,1960000.0
2026-02-04,8,PT1H,MC-Centro,2104091.01,2091000.0
2026-02-04,9,PT1H,MC-Centro,2170438.54,2188000.0
2026-02-04,10,PT1H,MC-Centro,2213766.57,2239000.0
2026-02-04,11,PT1H,MC-Centro,2261088.69,2308000.0
2026-02-04,12,PT1H,MC-Centro,2303809.31,2345000.0
2026-02-04,13,PT1H,MC-Centro,2261892.81,2337000.0
2026-02-04,14,PT1H,MC-Centro,2220875.55,2311000.0
2026-02-04,15,PT1H,MC-Centro,2219954.7,2321000.0
2026-02-04,16,PT1H,MC-Centro,2223008.09,2301000.0
2026-02-04,17,PT1H,MC-Centro,2194310.51,2251000.0
2026-02-04,18,PT1H,MC-Centro,2169786.5,2209000.0
2026-02-04,19,PT1H,MC-Centro,2280142.89,2335000.0
2026-02-04,20,PT1H,MC-Centro,2333739.39,2348000.0
2026-02-04,21,PT1H,MC-Centro,2232586.73,2254000.0
2026-02-04,22,PT1H,MC-Centro,2033463.16,2064000.0
2026-02-04,23,PT1H,MC-Centro,1829717.8,1856000.0
2026-02-04,24,PT1H,MC-Centro,1698356.06,1654000.0
2024-12-21,1,PT1H,MC-Centro,1557247.51,1562000.0
2024-12-21,2,PT1H,MC-Centro,1483266.44,1484000.0
2024-12-21,3,PT1H,MC-Centro,1416408.04,1430000.0
2024-12-21,4,PT1H,MC-Centro,1410609.77,1414000.0
2024-12-21,5,PT1H,MC-Centro,1445761.25,1438000.0
2024-12-21,6,PT1H,MC-Centro,1493303.05,1496000.0
2024-12-21,7,PT1H,MC-Centro,1622268.12,1638000.0
2024-12-21,8,PT1H,MC-Centro,1785873.22,1792000.0
2024-12-21,9,PT1H,MC-Centro,1925177.57,1924000.0
2024-12-21,10,PT1H,MC-Centro,1986317.83,2000000.0
2024-12-21,11,PT1H,MC-Centro,2030443.09,2054000.0
2024-12-21,12,PT1H,MC-Centro,2039209.8,2053000.0
2024-12-21,13,PT1H,MC-Centro,2014064.71,2023000.0
2024-12-21,14,PT1H,MC-Centro,1956548.01,1952000.0
2024-12-21,15,PT1H,MC-Centro,1898889.25,1903000.0
2024-12-21,16,PT1H,MC-Centro,1869422.58,1871000.0
2024-12-21,17,PT1H,MC-Centro,1844389.37,1857000.0
2024-12-21,18,PT1H,MC-Centro,1867408.02,1894000.0
2024-12-21,19,PT1H,MC-Centro,1976219.03,1995000.0
2024-12-21,20,PT1H,MC-Centro,1964845.73,1966000.0
2024-12-21,21,PT1H,MC-Centro,1887724.47,1892000.0
2024-12-21,22,PT1H,MC-Centro,1786761.62,1785000.0
2024-12-21,23,PT1H,MC-Centro,1644094.41,1635000.0
2024-12-21,24,PT1H,MC-Centro,1514100.26,1509000.0
2025-05-13,1,PT1H,MC-Centro,1530869.56,1532590.0
2025-05-13,2,PT1H,MC-Centro,1469689.41,1472440.0
2025-05-13,3,PT1H,MC-Centro,1423033.44,1429350.0
2025-05-13,4,PT1H,MC-Centro,1421458.24,1430990.0
2025-05-13,5,PT1H,MC-Centro,1553747.43,1561870.0
2025-05-13,6,PT1H,MC-Centro,1806266.49,1817740.0
2025-05-13,7,PT1H,MC-Centro,1901362.6,1903970.0
2025-05-13,8,PT1H,MC-Centro,2016541.22,2016530.0
2025-05-13,9,PT1H,MC-Centro,2120811.62,2107900.0
2025-05-13,10,PT1H,MC-Centro,2174784.64,2153840.0
2025-05-13,11,PT1H,MC-Centro,2238673.18,2220100.0
2025-05-13,12,PT1H,MC-Centro,2282417.57,2281370.0
2025-05-13,13,PT1H,MC-Centro,2273702.98,2262880.0
2025-05-13,14,PT1H,MC-Centro,2210440.62,2213680.0
2025-05-13,15,PT1H,MC-Centro,2208166.46,2229820.0
2025-05-13,16,PT1H,MC-Centro,2203688.22,2226700.0
2025-05-13,17,PT1H,MC-Centro,2169059.56,2193090.0
2025-05-13,18,PT1H,MC-Centro,2125257.3,2150360.0
2025-05-13,19,PT1H,MC-Centro,2254961.47,2267010.0
2025-05-13,20,PT1H,MC-Centro,2286790.2,2286340.0
2025-05-13,21,PT1H,MC-Centro,2199783.38,2205770.0
2025-05-13,22,PT1H,MC-Centro,2009239.9,2022810.0
2025-05-13,23,PT1H,MC-Centro,1793227.05,1807700.0
2025-05-13,24,PT1H,MC-Centro,1638831.69,1651290.0
2025-06-11,1,PT1H,MC-Centro,1542708.59,1532000.0
2025-06-11,2,PT1H,MC-Centro,1477456.72,1471000.0
2025-06-11,3,PT1H,MC-Centro,1439494.71,1425000.0
2025-06-11,4,PT1H,MC-Centro,1441021.27,1425000.0
2025-06-11,5,PT1H,MC-Centro,1570951.28,1554000.0
2025-06-11,6,PT1H,MC-Centro,1827734.54,1804000.0
2025-06-11,7,PT1H,MC-Centro,1919209.69,1904000.0
2025-06-11,8,PT1H,MC-Centro,2037832.28,2023000.0
2025-06-11,9,PT1H,MC-Centro,2141099.17,2123000.0
2025-06-11,10,PT1H,MC-Centro,2198423.74,2180000.0
2025-06-11,11,PT1H,MC-Centro,2256164.49,2246000.0
2025-06-11,12,PT1H,MC-Centro,2284418.42,2293000.0
2025-06-11,13,PT1H,MC-Centro,2279314.38,2280000.0
2025-06-11,14,PT1H,MC-Centro,2230246.76,2230000.0
2025-06-11,15,PT1H,MC-Centro,2239453.62,2228000.0
2025-06-11,16,PT1H,MC-Centro,2235686.64,2214000.0
2025-06-11,17,PT1H,MC-Centro,2202906.22,2175000.0
2025-06-11,18,PT1H,MC-Centro,2175085.43,2136000.0
2025-06-11,19,PT1H,MC-Centro,2279005.88,2260000.0
2025-06-11,20,PT1H,MC-Centro,2307655.52,2291000.0
2025-06-11,21,PT1H,MC-Centro,2218783.7,2205000.0
2025-06-11,22,PT1H,MC-Centro,2035711.88,2020000.0
2025-06-11,23,PT1H,MC-Centro,1804497.93,1800000.0
2025-06-11,24,PT1H,MC-Centro,1652656.0,1652000.0
2025-03-31,1,PT1H,MC-Centro,1374249.31,1381000.0
2025-03-31,2,PT1H,MC-Centro,1315094.14,1323000.0
2025-03-31,3,PT1H,MC-Centro,1270400.45,1291000.0
2025-03-31,4,PT1H,MC-Centro,1287807.46,1312000.0
2025-03-31,5,PT1H,MC-Centro,1430892.63,1483000.0
2025-03-31,6,PT1H,MC-Centro,1693431.49,1745000.0
2025-03-31,7,PT1H,MC-Centro,1799604.5,1839000.0
2025-03-31,8,PT1H,MC-Centro,1937317.23,1964000.0
2025-03-31,9,PT1H,MC-Centro,2051822.78,2025000.0
2025-03-31,10,PT1H,MC-Centro,2125582.88,2109000.0
2025-03-31,11,PT1H,MC-Centro,2198165.55,2205000.0
2025-03-31,12,PT1H,MC-Centro,2241057.62,2250000.0
2025-03-31,13,PT1H,MC-Centro,2219274.79,2253000.0
2025-03-31,14,PT1H,MC-Centro,2191026.13,2205000.0
2025-03-31,15,PT1H,MC-Centro,2201231.58,2196000.0
2025-03-31,16,PT1H,MC-Centro,2189427.16,2180000.0
2025-03-31,17,PT1H,MC-Centro,2153878.64,2137000.0
2025-03-31,18,PT1H,MC-Centro,2101613.75,2098000.0
2025-03-31,19,PT1H,MC-Centro,2211479.51,2223000.0
2025-03-31,20,PT1H,MC-Centro,2240573.28,2255000.0
2025-03-31,21,PT1H,MC-Centro,2159799.8,2169000.0
2025-03-31,22,PT1H,MC-Centro,1988284.74,1980000.0
2025-03-31,23,PT1H,MC-Centro,1770890.26,1762000.0
2025-03-31,24,PT1H,MC-Centro,1614166.12,1605000.0
2024-09-16,1,PT1H,MC-Centro,1385292.2,1353000.0
2024-09-16,2,PT1H,MC-Centro,1327344.49,1296000.0
2024-09-16,3,PT1H,MC-Centro,1291682.99,1265000.0
2024-09-16,4,PT1H,MC-Centro,1312376.55,1292000.0
2024-09-16,5,PT1H,MC-Centro,1471669.81,1451000.0
2024-09-16,6,PT1H,MC-Centro,1696085.18,1708000.0
2024-09-16,7,PT1H,MC-Centro,1807213.01,1803000.0
2024-09-16,8,PT1H,MC-Centro,1930683.64,1923000.0
2024-09-16,9,PT1H,MC-Centro,2006988.85,2015000.0
2024-09-16,10,PT1H,MC-Centro,2102977.6,2076000.0
2024-09-16,11,PT1H,MC-Centro,2189382.69,2146000.0
2024-09-16,12,PT1H,MC-Centro,2234836.92,2189000.0
2024-09-16,13,PT1H,MC-Centro,2234369.76,2182000.0
2024-09-16,14,PT1H,MC-Centro,2190892.54,2137000.0
2024-09-16,15,PT1H,MC-Centro,2228682.03,2150000.0
2024-09-16,16,PT1H,MC-Centro,2202542.29,2140000.0
2024-09-16,17,PT1H,MC-Centro,2155399.36,2099000.0
2024-09-16,18,PT1H,MC-Centro,2181602.21,2077000.0
2024-09-16,19,PT1H,MC-Centro,2268838.24,2207000.0
2024-09-16,20,PT1H,MC-Centro,2263343.81,2221000.0
2024-09-16,21,PT1H,MC-Centro,2167991.02,2128000.0
2024-09-16,22,PT1H,MC-Centro,1981122.38,1943000.0
2024-09-16,23,PT1H,MC-Centro,1775623.13,1738000.0
2024-09-16,24,PT1H,MC-Centro,1646713.04,1611000.0
2024-11-30,1,PT1H,MC-Centro,1568140.1,1541000.0
2024-11-30,2,PT1H,MC-Centro,1489857.36,1464000.0
2024-11-30,3,PT1H,MC-Centro,1427859.27,1422000.0
2024-11-30,4,PT1H,MC-Centro,1417199.73,1409000.0
2024-11-30,5,PT1H,MC-Centro,1463668.65,1446000.0
2024-11-30,6,PT1H,MC-Centro,1510533.94,1507000.0
2024-11-30,7,PT1H,MC-Centro,1675230.61,1670000.0
2024-11-30,8,PT1H,MC-Centro,1833832.13,1857000.0
2024-11-30,9,PT1H,MC-Centro,1961826.42,1964000.0
2024-11-30,10,PT1H,MC-Centro,2044832.52,2027000.0
2024-11-30,11,PT1H,MC-Centro,2089597.82,2084000.0
2024-11-30,12,PT1H,MC-Centro,2101452.81,2092000.0
2024-11-30,13,PT1H,MC-Centro,2064931.6,2068000.0
2024-11-30,14,PT1H,MC-Centro,2006320.81,2019000.0
2024-11-30,15,PT1H,MC-Centro,1945072.25,1965000.0
2024-11-30,16,PT1H,MC-Centro,1900962.97,1931000.0
2024-11-30,17,PT1H,MC-Centro,1875355.5,1899000.0
2024-11-30,18,PT1H,MC-Centro,1922881.46,1950000.0
2024-11-30,19,PT1H,MC-Centro,2023769.52,2017000.0
2024-11-30,20,PT1H,MC-Centro,1995562.26,1984000.0
2024-11-30,21,PT1H,MC-Centro,1917887.47,1908000.0
2024-11-30,22,PT1H,MC-Centro,1796626.04,1763000.0
2024-11-30,23,PT1H,MC-Centro,1649825.72,1616000.0
2024-11-30,24,PT1H,MC-Centro,1528775.58,1507000.0
2025-11-18,1,PT1H,MC-Centro,1427007.41,1411340.0
2025-11-18,2,PT1H,MC-Centro,1364958.73,1348830.0
2025-11-18,3,PT1H,MC-Centro,1330639.57,1311550.0
2025-11-18,4,PT1H,MC-Centro,1354089.97,1339420.0
2025-11-18,5,PT1H,MC-Centro,1498610.93,1506430.0
2025-11-18,6,PT1H,MC-Centro,1718440.97,1774220.0
2025-11-18,7,PT1H,MC-Centro,1869632.17,1873970.0
2025-11-18,8,PT1H,MC-Centro,2000157.19,2001090.0
2025-11-18,9,PT1H,MC-Centro,2117333.24,2112680.0
2025-11-18,10,PT1H,MC-Centro,2174109.23,2176510.0
2025-11-18,11,PT1H,MC-Centro,2243532.73,2248850.0
2025-11-18,12,PT1H,MC-Centro,2294869.05,2301640.0
2025-11-18,13,PT1H,MC-Centro,2288848.83,2286660.0
2025-11-18,14,PT1H,MC-Centro,2253523.67,2248650.0
2025-11-18,15,PT1H,MC-Centro,2274086.76,2263020.0
2025-11-18,16,PT1H,MC-Centro,2257954.84,2265090.0
2025-11-18,17,PT1H,MC-Centro,2238447.65,2236250.0
2025-11-18,18,PT1H,MC-Centro,2249553.66,2248930.0
2025-11-18,19,PT1H,MC-Centro,2338253.37,2348230.0
2025-11-18,20,PT1H,MC-Centro,2330002.92,2340870.0
2025-11-18,21,PT1H,MC-Centro,2229254.99,2244480.0
2025-11-18,22,PT1H,MC-Centro,2067143.45,2048010.0
2025-11-18,23,PT1H,MC-Centro,1862939.95,1829400.0
2025-11-18,24,PT1H,MC-Centro,1706649.84,1673570.0
2025-06-06,1,PT1H,MC-Centro,1534153.16,1559750.0
2025-06-06,2,PT1H,MC-Centro,1473713.41,1494750.0
2025-06-06,3,PT1H,MC-Centro,1424244.29,1446770.0
2025-06-06,4,PT1H,MC-Centro,1422996.09,1446050.0
2025-06-06,5,PT1H,MC-Centro,1561316.77,1562890.0
2025-06-06,6,PT1H,MC-Centro,1800719.78,1775840.0
2025-06-06,7,PT1H,MC-Centro,1896595.89,1891190.0
2025-06-06,8,PT1H,MC-Centro,2008658.02,2014060.0
2025-06-06,9,PT1H,MC-Centro,2107554.74,2133090.0
2025-06-06,10,PT1H,MC-Centro,2166504.84,2198110.0
2025-06-06,11,PT1H,MC-Centro,2227071.91,2268410.0
2025-06-06,12,PT1H,MC-Centro,2282848.3,2308160.0
2025-06-06,13,PT1H,MC-Centro,2283329.92,2290350.0
2025-06-06,14,PT1H,MC-Centro,2231091.48,2239340.0
2025-06-06,15,PT1H,MC-Centro,2184702.65,2234210.0
2025-06-06,16,PT1H,MC-Centro,2158562.46,2218530.0
2025-06-06,17,PT1H,MC-Centro,2131856.46,2168460.0
2025-06-06,18,PT1H,MC-Centro,2107490.15,2126080.0
2025-06-06,19,PT1H,MC-Centro,2208678.89,2232730.0
2025-06-06,20,PT1H,MC-Centro,2209540.42,2242180.0
2025-06-06,21,PT1H,MC-Centro,2130519.83,2167270.0
2025-06-06,22,PT1H,MC-Centro,1966587.46,2006010.0
2025-06-06,23,PT1H,MC-Centro,1790283.11,1823840.0
2025-06-06,24,PT1H,MC-Centro,1655254.23,1681720.0
2026-02-17,1,PT1H,MC-Centro,1546940.16,1576000.0
2026-02-17,2,PT1H,MC-Centro,1489762.04,1498000.0
2026-02-17,3,PT1H,MC-Centro,1446647.56,1452000.0
2026-02-17,4,PT1H,MC-Centro,1465701.05,1464000.0
2026-02-17,5,PT1H,MC-Centro,1636823.6,1649000.0
2026-02-17,6,PT1H,MC-Centro,1899605.78,1903000.0
2026-02-17,7,PT1H,MC-Centro,1969178.22,1962000.0
2026-02-17,8,PT1H,MC-Centro,2081789.14,2078000.0
2026-02-17,9,PT1H,MC-Centro,2168754.95,2163000.0
2026-02-17,10,PT1H,MC-Centro,2214125.79,2210000.0
2026-02-17,11,PT1H,MC-Centro,2293898.23,2273000.0
2026-02-17,12,PT1H,MC-Centro,2342327.49,2336000.0
2026-02-17,13,PT1H,MC-Centro,2303009.2,2315000.0
2026-02-17,14,PT1H,MC-Centro,2251622.94,2279000.0
2026-02-17,15,PT1H,MC-Centro,2255437.74,2293000.0
2026-02-17,16,PT1H,MC-Centro,2258726.42,2301000.0
2026-02-17,17,PT1H,MC-Centro,2224445.64,2246000.0
2026-02-17,18,PT1H,MC-Centro,2181658.16,2226000.0
2026-02-17,19,PT1H,MC-Centro,2303295.37,2353000.0
2026-02-17,20,PT1H,MC-Centro,2357344.82,2370000.0
2026-02-17,21,PT1H,MC-Centro,2252871.69,2261000.0
2026-02-17,22,PT1H,MC-Centro,2053503.21,2053000.0
2026-02-17,23,PT1H,MC-Centro,1824395.3,1836000.0
2026-02-17,24,PT1H,MC-Centro,1661464.33,1691000.0
2025-07-22,1,PT1H,MC-Centro,1508666.49,1528520.0
2025-07-22,2,PT1H,MC-Centro,1457697.42,1472970.0
2025-07-22,3,PT1H,MC-Centro,1417140.14,1429680.0
2025-07-22,4,PT1H,MC-Centro,1422073.2,1429620.0
2025-07-22,5,PT1H,MC-Centro,1555568.06,1561680.0
2025-07-22,6,PT1H,MC-Centro,1812932.16,1797100.0
2025-07-22,7,PT1H,MC-Centro,1907599.43,1895620.0
2025-07-22,8,PT1H,MC-Centro,2025578.17,2010210.0
2025-07-22,9,PT1H,MC-Centro,2126895.28,2107290.0
2025-07-22,10,PT1H,MC-Centro,2158132.99,2157380.0
2025-07-22,11,PT1H,MC-Centro,2235089.63,2224830.0
2025-07-22,12,PT1H,MC-Centro,2282438.3,2263620.0
2025-07-22,13,PT1H,MC-Centro,2267248.4,2255010.0
2025-07-22,14,PT1H,MC-Centro,2210719.41,2206880.0
2025-07-22,15,PT1H,MC-Centro,2220583.14,2203000.0
2025-07-22,16,PT1H,MC-Centro,2213347.31,2192120.0
2025-07-22,17,PT1H,MC-Centro,2168798.34,2153830.0
2025-07-22,18,PT1H,MC-Centro,2129482.89,2117680.0
2025-07-22,19,PT1H,MC-Centro,2266982.78,2237390.0
2025-07-22,20,PT1H,MC-Centro,2281412.23,2267700.0
2025-07-22,21,PT1H,MC-Centro,2183909.02,2179100.0
2025-07-22,22,PT1H,MC-Centro,1984982.93,1992110.0
2025-07-22,23,PT1H,MC-Centro,1767880.03,1780590.0
2025-07-22,24,PT1H,MC-Centro,1605496.45,1632070.0
2025-07-28,1,PT1H,MC-Centro,1398631.93,1364000.0
2025-07-28,2,PT1H,MC-Centro,1345182.45,1305000.0
2025-07-28,3,PT1H,MC-Centro,1310951.52,1270000.0
2025-07-28,4,PT1H,MC-Centro,1319356.61,1287000.0
2025-07-28,5,PT1H,MC-Centro,1451768.95,1438000.0
2025-07-28,6,PT1H,MC-Centro,1708041.45,1695000.0
2025-07-28,7,PT1H,MC-Centro,1821947.28,1803000.0
2025-07-28,8,PT1H,MC-Centro,1960529.71,1938000.0
2025-07-28,9,PT1H,MC-Centro,2092275.45,2062000.0
2025-07-28,10,PT1H,MC-Centro,2152043.28,2126000.0
2025-07-28,11,PT1H,MC-Centro,2233862.66,2210000.0
2025-07-28,12,PT1H,MC-Centro,2279044.17,2256000.0
2025-07-28,13,PT1H,MC-Centro,2275117.89,2247000.0
2025-07-28,14,PT1H,MC-Centro,2237702.89,2209000.0
2025-07-28,15,PT1H,MC-Centro,2226967.43,2202000.0
2025-07-28,16,PT1H,MC-Centro,2218844.27,2186000.0
2025-07-28,17,PT1H,MC-Centro,2164656.59,2149000.0
2025-07-28,18,PT1H,MC-Centro,2122376.46,2106000.0
2025-07-28,19,PT1H,MC-Centro,2245968.34,2228000.0
2025-07-28,20,PT1H,MC-Centro,2287220.44,2269000.0
2025-07-28,21,PT1H,MC-Centro,2189557.65,2182000.0
2025-07-28,22,PT1H,MC-Centro,2009287.54,1986000.0
2025-07-28,23,PT1H,MC-Centro,1790607.37,1769000.0
2025-07-28,24,PT1H,MC-Centro,1650623.36,1621000.0
2025-09-21,1,PT1H,MC-Centro,1408701.1,1416000.0
2025-09-21,2,PT1H,MC-Centro,1339262.99,1345000.0
2025-09-21,3,PT1H,MC-Centro,1286597.77,1289000.0
2025-09-21,4,PT1H,MC-Centro,1245648.51,1250000.0
2025-09-21,5,PT1H,MC-Centro,1235331.95,1250000.0
2025-09-21,6,PT1H,MC-Centro,1233744.3,1249000.0
2025-09-21,7,PT1H,MC-Centro,1291147.15,1295000.0
2025-09-21,8,PT1H,MC-Centro,1413751.63,1418000.0
2025-09-21,9,PT1H,MC-Centro,1552166.48,1565000.0
2025-09-21,10,PT1H,MC-Centro,1648321.46,1680000.0
2025-09-21,11,PT1H,MC-Centro,1731739.05,1758000.0
2025-09-21,12,PT1H,MC-Centro,1794721.15,1807000.0
2025-09-21,13,PT1H,MC-Centro,1811017.36,1824000.0
2025-09-21,14,PT1H,MC-Centro,1799237.12,1794000.0
2025-09-21,15,PT1H,MC-Centro,1734487.9,1743000.0
2025-09-21,16,PT1H,MC-Centro,1698478.81,1708000.0
2025-09-21,17,PT1H,MC-Centro,1682000.97,1697000.0
2025-09-21,18,PT1H,MC-Centro,1746983.41,1738000.0
2025-09-21,19,PT1H,MC-Centro,1916384.8,1910000.0
2025-09-21,20,PT1H,MC-Centro,1927075.3,1945000.0
2025-09-21,21,PT1H,MC-Centro,1858753.45,1880000.0
2025-09-21,22,PT1H,MC-Centro,1709968.21,1736000.0
2025-09-21,23,PT1H,MC-Centro,1569855.61,1574000.0
2025-09-21,24,PT1H,MC-Centro,1449634.53,1442000.0
2026-01-13,1,PT1H,MC-Centro,1389850.48,1385000.0
2026-01-13,2,PT1H,MC-Centro,1322637.22,1321000.0
2026-01-13,3,PT1H,MC-Centro,1291839.05,1289000.0
2026-01-13,4,PT1H,MC-Centro,1307021.87,1294000.0
2026-01-13,5,PT1H,MC-Centro,1406622.11,1388000.0
2026-01-13,6,PT1H,MC-Centro,1551081.93,1517000.0
2026-01-13,7,PT1H,MC-Centro,1730935.32,1676000.0
2026-01-13,8,PT1H,MC-Centro,1896675.42,1840000.0
2026-01-13,9,PT1H,MC-Centro,2021273.44,1963000.0
2026-01-13,10,PT1H,MC-Centro,2085975.98,2038000.0
2026-01-13,11,PT1H,MC-Centro,2165063.94,2104000.0
2026-01-13,12,PT1H,MC-Centro,2232397.12,2166000.0
2026-01-13,13,PT1H,MC-Centro,2267148.16,2188000.0
2026-01-13,14,PT1H,MC-Centro,2222942.94,2151000.0
2026-01-13,15,PT1H,MC-Centro,2193219.32,2141000.0
2026-01-13,16,PT1H,MC-Centro,2196296.02,2138000.0
2026-01-13,17,PT1H,MC-Centro,2156649.72,2106000.0
2026-01-13,18,PT1H,MC-Centro,2110537.64,2116000.0
2026-01-13,19,PT1H,MC-Centro,2211799.98,2214000.0
2026-01-13,20,PT1H,MC-Centro,2224730.4,2216000.0
2026-01-13,21,PT1H,MC-Centro,2134568.73,2132000.0
2026-01-13,22,PT1H,MC-Centro,1972341.52,1971000.0
2026-01-13,23,PT1H,MC-Centro,1781334.31,1794000.0
2026-01-13,24,PT1H,MC-Centro,1609211.54,1634000.0
2024-11-24,1,PT1H,MC-Centro,1453231.71,1426000.0
2024-11-24,2,PT1H,MC-Centro,1368136.21,1360000.0
2024-11-24,3,PT1H,MC-Centro,1316937.93,1299000.0
2024-11-24,4,PT1H,MC-Centro,1278080.11,1265000.0
2024-11-24,5,PT1H,MC-Centro,1272070.23,1260000.0
2024-11-24,6,PT1H,MC-Centro,1250503.42,1251000.0
2024-11-24,7,PT1H,MC-Centro,1322624.42,1318000.0
2024-11-24,8,PT1H,MC-Centro,1457383.84,1455000.0
2024-11-24,9,PT1H,MC-Centro,1580170.67,1579000.0
2024-11-24,10,PT1H,MC-Centro,1668822.01,1667000.0
2024-11-24,11,PT1H,MC-Centro,1731586.63,1743000.0
2024-11-24,12,PT1H,MC-Centro,1772716.98,1781000.0
2024-11-24,13,PT1H,MC-Centro,1791714.41,1791000.0
2024-11-24,14,PT1H,MC-Centro,1744529.09,1762000.0
2024-11-24,15,PT1H,MC-Centro,1697649.06,1711000.0
2024-11-24,16,PT1H,MC-Centro,1682270.84,1679000.0
2024-11-24,17,PT1H,MC-Centro,1667515.81,1676000.0
2024-11-24,18,PT1H,MC-Centro,1734074.66,1765000.0
2024-11-24,19,PT1H,MC-Centro,1893196.01,1902000.0
2024-11-24,20,PT1H,MC-Centro,1912681.29,1905000.0
2024-11-24,21,PT1H,MC-Centro,1840942.47,1837000.0
2024-11-24,22,PT1H,MC-Centro,1716295.51,1708000.0
2024-11-24,23,PT1H,MC-Centro,1579598.9,1575000.0
2024-11-24,24,PT1H,MC-Centro,1463483.45,1456000.0
2025-03-20,1,PT1H,MC-Centro,1552285.22,1541000.0
2025-03-20,2,PT1H,MC-Centro,1488827.16,1480000.0
2025-03-20,3,PT1H,MC-Centro,1439867.11,1441000.0
2025-03-20,4,PT1H,MC-Centro,1444392.29,1450000.0
2025-03-20,5,PT1H,MC-Centro,1569940.7,1598000.0
2025-03-20,6,PT1H,MC-Centro,1816926.31,1843000.0
2025-03-20,7,PT1H,MC-Centro,1901365.21,1930000.0
2025-03-20,8,PT1H,MC-Centro,2032678.69,2044000.0
2025-03-20,9,PT1H,MC-Centro,2144214.41,2130000.0
2025-03-20,10,PT1H,MC-Centro,2189419.75,2182000.0
2025-03-20,11,PT1H,MC-Centro,2248633.11,2252000.0
2025-03-20,12,PT1H,MC-Centro,2291066.56,2282000.0
2025-03-20,13,PT1H,MC-Centro,2273893.04,2255000.0
2025-03-20,14,PT1H,MC-Centro,2230644.71,2210000.0
2025-03-20,15,PT1H,MC-Centro,2237536.87,2214000.0
2025-03-20,16,PT1H,MC-Centro,2243952.49,2208000.0
2025-03-20,17,PT1H,MC-Centro,2134211.01,2179000.0
2025-03-20,18,PT1H,MC-Centro,2148228.51,2156000.0
2025-03-20,19,PT1H,MC-Centro,2281823.65,2266000.0
2025-03-20,20,PT1H,MC-Centro,2297402.57,2285000.0
2025-03-20,21,PT1H,MC-Centro,2209597.63,2196000.0
2025-03-20,22,PT1H,MC-Centro,2038134.61,2004000.0
2025-03-20,23,PT1H,MC-Centro,1818345.23,1803000.0
2025-03-20,24,PT1H,MC-Centro,1667489.33,1658000.0
2025-11-19,1,PT1H,MC-Centro,1576882.98,1562560.0
2025-11-19,2,PT1H,MC-Centro,1520683.39,1502290.0
2025-11-19,3,PT1H,MC-Centro,1482941.28,1458720.0
2025-11-19,4,PT1H,MC-Centro,1488579.19,1468110.0
2025-11-19,5,PT1H,MC-Centro,1598856.75,1618090.0
2025-11-19,6,PT1H,MC-Centro,1806022.59,1867810.0
2025-11-19,7,PT1H,MC-Centro,1950012.08,1961740.0
2025-11-19,8,PT1H,MC-Centro,2091790.38,2069880.0
2025-11-19,9,PT1H,MC-Centro,2211935.22,2154220.0
2025-11-19,10,PT1H,MC-Centro,2245228.2,2199240.0
2025-11-19,11,PT1H,MC-Centro,2318804.26,2265680.0
2025-11-19,12,PT1H,MC-Centro,2347679.85,2308070.0
2025-11-19,13,PT1H,MC-Centro,2322703.66,2289160.0
2025-11-19,14,PT1H,MC-Centro,2293000.11,2246460.0
2025-11-19,15,PT1H,MC-Centro,2311618.55,2259370.0
2025-11-19,16,PT1H,MC-Centro,2292203.68,2265860.0
2025-11-19,17,PT1H,MC-Centro,2269854.96,2247800.0
2025-11-19,18,PT1H,MC-Centro,2264604.52,2278490.0
2025-11-19,19,PT1H,MC-Centro,2356603.05,2359360.0
2025-11-19,20,PT1H,MC-Centro,2345982.8,2335120.0
2025-11-19,21,PT1H,MC-Centro,2254121.6,2228360.0
2025-11-19,22,PT1H,MC-Centro,2064105.01,2044560.0
2025-11-19,23,PT1H,MC-Centro,1855162.94,1833590.0
2025-11-19,24,PT1H,MC-Centro,1691015.68,1679830.0
2025-11-05,1,PT1H,MC-Centro,1564727.99,1561000.0
2025-11-05,2,PT1H,MC-Centro,1502758.65,1502000.0
2025-11-05,3,PT1H,MC-Centro,1454300.08,1455000.0
2025-11-05,4,PT1H,MC-Centro,1461396.54,1468000.0
2025-11-05,5,PT1H,MC-Centro,1609005.33,1619000.0
2025-11-05,6,PT1H,MC-Centro,1856533.95,1871000.0
2025-11-05,7,PT1H,MC-Centro,1947519.69,1963000.0
2025-11-05,8,PT1H,MC-Centro,2062378.05,2074000.0
2025-11-05,9,PT1H,MC-Centro,2135971.38,2165000.0
2025-11-05,10,PT1H,MC-Centro,2194837.02,2212000.0
2025-11-05,11,PT1H,MC-Centro,2256517.0,2280000.0
2025-11-05,12,PT1H,MC-Centro,2309052.03,2317000.0
2025-11-05,13,PT1H,MC-Centro,2285658.08,2296000.0
2025-11-05,14,PT1H,MC-Centro,2248144.17,2254000.0
2025-11-05,15,PT1H,MC-Centro,2260938.98,2277000.0
2025-11-05,16,PT1H,MC-Centro,2243054.21,2264000.0
2025-11-05,17,PT1H,MC-Centro,2193118.71,2230000.0
2025-11-05,18,PT1H,MC-Centro,2241203.78,2249000.0
2025-11-05,19,PT1H,MC-Centro,2328184.19,2345000.0
2025-11-05,20,PT1H,MC-Centro,2315329.85,2329000.0
2025-11-05,21,PT1H,MC-Centro,2218377.15,2223000.0
2025-11-05,22,PT1H,MC-Centro,2027987.72,2031000.0
2025-11-05,23,PT1H,MC-Centro,1813954.49,1818000.0
2025-11-05,24,PT1H,MC-Centro,1657270.8,1662000.0
2024-10-20,22,PT1H,MC-Centro,1700525.58,1696000.0
2024-10-20,23,PT1H,MC-Centro,1577441.98,1554000.0
2024-10-20,24,PT1H,MC-Centro,1462135.11,1439000.0
2024-10-20,1,PT1H,MC-Centro,1433070.21,1403000.0
2024-10-20,2,PT1H,MC-Centro,1365551.55,1337000.0
2024-10-20,3,PT1H,MC-Centro,1312660.84,1286000.0
2024-10-20,4,PT1H,MC-Centro,1279998.7,1250000.0
2024-10-20,5,PT1H,MC-Centro,1274611.63,1241000.0
2024-10-20,6,PT1H,MC-Centro,1265074.2,1231000.0
2024-10-20,7,PT1H,MC-Centro,1347792.02,1285000.0
2024-10-20,8,PT1H,MC-Centro,1502101.8,1422000.0
2024-10-20,9,PT1H,MC-Centro,1587734.25,1538000.0
2024-10-20,10,PT1H,MC-Centro,1682545.08,1634000.0
2024-10-20,11,PT1H,MC-Centro,1752226.0,1706000.0
2024-10-20,12,PT1H,MC-Centro,1789261.84,1751000.0
2024-10-20,13,PT1H,MC-Centro,1801100.89,1759000.0
2024-10-20,14,PT1H,MC-Centro,1778964.14,1733000.0
2024-10-20,15,PT1H,MC-Centro,1715661.56,1690000.0
2024-10-20,16,PT1H,MC-Centro,1692044.52,1666000.0
2024-10-20,17,PT1H,MC-Centro,1698507.44,1664000.0
2024-10-20,18,PT1H,MC-Centro,1761694.64,1726000.0
2024-10-20,19,PT1H,MC-Centro,1904545.86,1876000.0
2024-10-20,20,PT1H,MC-Centro,1916398.74,1890000.0
2024-10-20,21,PT1H,MC-Centro,1831461.3,1827000.0
2025-12-11,1,PT1H,MC-Centro,1594563.4,1628000.0
2025-12-11,2,PT1H,MC-Centro,1520846.18,1551000.0
2025-12-11,3,PT1H,MC-Centro,1467843.65,1497000.0
2025-12-11,4,PT1H,MC-Centro,1477303.47,1502000.0
2025-12-11,5,PT1H,MC-Centro,1571105.8,1600000.0
2025-12-11,6,PT1H,MC-Centro,1708879.13,1727000.0
2025-12-11,7,PT1H,MC-Centro,1904092.01,1943000.0
2025-12-11,8,PT1H,MC-Centro,2080617.68,2094000.0
2025-12-11,9,PT1H,MC-Centro,2188919.07,2205000.0
2025-12-11,10,PT1H,MC-Centro,2246927.78,2249000.0
2025-12-11,11,PT1H,MC-Centro,2323931.93,2327000.0
2025-12-11,12,PT1H,MC-Centro,2362770.81,2370000.0
2025-12-11,13,PT1H,MC-Centro,2363751.23,2381000.0
2025-12-11,14,PT1H,MC-Centro,2342413.41,2315000.0
2025-12-11,15,PT1H,MC-Centro,2295410.41,2331000.0
2025-12-11,16,PT1H,MC-Centro,2277555.36,2321000.0
2025-12-11,17,PT1H,MC-Centro,2240527.87,2276000.0
2025-12-11,18,PT1H,MC-Centro,2233558.6,2293000.0
2025-12-11,19,PT1H,MC-Centro,2334348.04,2392000.0
2025-12-11,20,PT1H,MC-Centro,2343556.32,2367000.0
2025-12-11,21,PT1H,MC-Centro,2251086.97,2275000.0
2025-12-11,22,PT1H,MC-Centro,2055523.26,2100000.0
2025-12-11,23,PT1H,MC-Centro,1872776.15,1904000.0
2025-12-11,24,PT1H,MC-Centro,1730043.17,1745000.0
2025-10-30,12,PT1H,MC-Centro,4626108.7,4616000.0
2025-10-30,13,PT1H,MC-Centro,4576756.38,4594000.0
2025-10-30,14,PT1H,MC-Centro,4468554.88,4518000.0
2025-10-30,15,PT1H,MC-Centro,4471132.2,4540000.0
2025-10-30,16,PT1H,MC-Centro,4451290.32,4544000.0
2025-10-30,17,PT1H,MC-Centro,4367981.76,4464000.0
2025-10-30,18,PT1H,MC-Centro,4448235.52,4490000.0
2025-10-30,19,PT1H,MC-Centro,4615441.0,4712000.0
2025-10-30,20,PT1H,MC-Centro,4573702.5,4678000.0
2025-10-30,21,PT1H,MC-Centro,4405929.24,4466000.0
2025-10-30,22,PT1H,MC-Centro,4036716.54,4086000.0
2025-10-30,23,PT1H,MC-Centro,3630352.22,3670000.0
2025-10-30,24,PT1H,MC-Centro,3327567.3,3386000.0
2025-10-30,1,PT1H,MC-Centro,3131843.5,3130000.0
2025-10-30,2,PT1H,MC-Centro,3002045.64,2992000.0
2025-10-30,3,PT1H,MC-Centro,2906215.42,2902000.0
2025-10-30,4,PT1H,MC-Centro,2925680.96,2926000.0
2025-10-30,5,PT1H,MC-Centro,3216438.78,3232000.0
2025-10-30,6,PT1H,MC-Centro,3703657.06,3730000.0
2025-10-30,7,PT1H,MC-Centro,3886194.76,3922000.0
2025-10-30,8,PT1H,MC-Centro,4102377.16,4130000.0
2025-10-30,9,PT1H,MC-Centro,4302816.08,4318000.0
2025-10-30,10,PT1H,MC-Centro,4412683.04,4416000.0
2025-10-30,11,PT1H,MC-Centro,4553261.4,4548000.0
2025-08-24,1,PT1H,MC-Centro,1418445.24,1396000.0
2025-08-24,2,PT1H,MC-Centro,1347587.37,1322000.0
2025-08-24,3,PT1H,MC-Centro,1297153.84,1266000.0
2025-08-24,4,PT1H,MC-Centro,1253948.25,1230000.0
2025-08-24,5,PT1H,MC-Centro,1250783.61,1233000.0
2025-08-24,6,PT1H,MC-Centro,1242809.48,1244000.0
2025-08-24,7,PT1H,MC-Centro,1304342.02,1263000.0
2025-08-24,8,PT1H,MC-Centro,1423596.85,1383000.0
2025-08-24,9,PT1H,MC-Centro,1572205.82,1532000.0
2025-08-24,10,PT1H,MC-Centro,1688130.25,1641000.0
2025-08-24,11,PT1H,MC-Centro,1755443.18,1717000.0
2025-08-24,12,PT1H,MC-Centro,1791993.11,1772000.0
2025-08-24,13,PT1H,MC-Centro,1817825.23,1779000.0
2025-08-24,14,PT1H,MC-Centro,1792637.81,1748000.0
2025-08-24,15,PT1H,MC-Centro,1735537.21,1699000.0
2025-08-24,16,PT1H,MC-Centro,1707475.26,1665000.0
2025-08-24,17,PT1H,MC-Centro,1689364.99,1652000.0
2025-08-24,18,PT1H,MC-Centro,1728634.9,1675000.0
2025-08-24,19,PT1H,MC-Centro,1898708.18,1846000.0
2025-08-24,20,PT1H,MC-Centro,1947285.92,1907000.0
2025-08-24,21,PT1H,MC-Centro,1888799.26,1849000.0
2025-08-24,22,PT1H,MC-Centro,1746370.04,1711000.0
2025-08-24,23,PT1H,MC-Centro,1572281.94,1557000.0
2025-08-24,24,PT1H,MC-Centro,1417115.81,1427000.0
2025-12-02,15,PT1H,MC-Centro,2294877.62,2323000.0
2025-12-02,16,PT1H,MC-Centro,2284452.62,2313000.0
2025-12-02,17,PT1H,MC-Centro,2246735.0,2272000.0
2025-12-02,18,PT1H,MC-Centro,2280534.94,2280000.0
2025-12-02,19,PT1H,MC-Centro,2375686.29,2380000.0
2025-12-02,20,PT1H,MC-Centro,2364491.41,2361000.0
2025-12-02,21,PT1H,MC-Centro,2266658.72,2265000.0
2025-12-02,22,PT1H,MC-Centro,2074507.94,2071000.0
2025-12-02,23,PT1H,MC-Centro,1881026.86,1863000.0
2025-12-02,24,PT1H,MC-Centro,1727727.79,1727000.0
2025-12-02,1,PT1H,MC-Centro,1562713.72,1562000.0
2025-12-02,2,PT1H,MC-Centro,1493772.85,1497000.0
2025-12-02,3,PT1H,MC-Centro,1453096.88,1451000.0
2025-12-02,4,PT1H,MC-Centro,1454721.95,1452000.0
2025-12-02,5,PT1H,MC-Centro,1562309.77,1551000.0
2025-12-02,6,PT1H,MC-Centro,1709040.91,1709000.0
2025-12-02,7,PT1H,MC-Centro,1902426.04,1896000.0
2025-12-02,8,PT1H,MC-Centro,2081388.07,2075000.0
2025-12-02,9,PT1H,MC-Centro,2179977.37,2207000.0
2025-12-02,10,PT1H,MC-Centro,2250592.87,2267000.0
2025-12-02,11,PT1H,MC-Centro,2302131.42,2338000.0
2025-12-02,12,PT1H,MC-Centro,2346558.71,2381000.0
2025-12-02,13,PT1H,MC-Centro,2338518.37,2360000.0
2025-12-02,14,PT1H,MC-Centro,2293274.42,2316000.0
2025-03-13,1,PT1H,MC-Centro,1542503.36,1553000.0
2025-03-13,2,PT1H,MC-Centro,1478311.04,1493000.0
2025-03-13,3,PT1H,MC-Centro,1438769.63,1455000.0
2025-03-13,4,PT1H,MC-Centro,1443006.6,1465000.0
2025-03-13,5,PT1H,MC-Centro,1587108.36,1618000.0
2025-03-13,6,PT1H,MC-Centro,1838735.18,1861000.0
2025-03-13,7,PT1H,MC-Centro,1941447.73,1940000.0
2025-03-13,8,PT1H,MC-Centro,2068570.41,2044000.0
2025-03-13,9,PT1H,MC-Centro,2136975.6,2145000.0
2025-03-13,10,PT1H,MC-Centro,2190745.34,2195000.0
2025-03-13,11,PT1H,MC-Centro,2264994.98,2267000.0
2025-03-13,12,PT1H,MC-Centro,2286080.3,2303000.0
2025-03-13,13,PT1H,MC-Centro,2249865.81,2282000.0
2025-03-13,14,PT1H,MC-Centro,2190658.15,2242000.0
2025-03-13,15,PT1H,MC-Centro,2191373.29,2247000.0
2025-03-13,16,PT1H,MC-Centro,2181710.21,2245000.0
2025-03-13,17,PT1H,MC-Centro,2159882.44,2213000.0
2025-03-13,18,PT1H,MC-Centro,2138426.64,2169000.0
2025-03-13,19,PT1H,MC-Centro,2259782.14,2266000.0
2025-03-13,20,PT1H,MC-Centro,2268477.87,2288000.0
2025-03-13,21,PT1H,MC-Centro,2192528.37,2196000.0
2025-03-13,22,PT1H,MC-Centro,1993771.78,2008000.0
2025-03-13,23,PT1H,MC-Centro,1795020.01,1805000.0
2025-03-13,24,PT1H,MC-Centro,1644516.47,1664000.0
2025-06-10,1,PT1H,MC-Centro,1530038.31,1532000.0
2025-06-10,2,PT1H,MC-Centro,1467162.2,1472000.0
2025-06-10,3,PT1H,MC-Centro,1420977.28,1430000.0
2025-06-10,4,PT1H,MC-Centro,1420910.03,1431000.0
2025-06-10,5,PT1H,MC-Centro,1550782.33,1561000.0
2025-06-10,6,PT1H,MC-Centro,1795932.17,1808000.0
2025-06-10,7,PT1H,MC-Centro,1891215.42,1901000.0
2025-06-10,8,PT1H,MC-Centro,2011161.56,2016000.0
2025-06-10,9,PT1H,MC-Centro,2126323.17,2115000.0
2025-06-10,10,PT1H,MC-Centro,2167962.03,2170000.0
2025-06-10,11,PT1H,MC-Centro,2233778.53,2235000.0
2025-06-10,12,PT1H,MC-Centro,2274410.02,2280000.0
2025-06-10,13,PT1H,MC-Centro,2276139.53,2266000.0
2025-06-10,14,PT1H,MC-Centro,2224995.82,2214000.0
2025-06-10,15,PT1H,MC-Centro,2228628.04,2214000.0
2025-06-10,16,PT1H,MC-Centro,2221578.79,2210000.0
2025-06-10,17,PT1H,MC-Centro,2187955.51,2174000.0
2025-06-10,18,PT1H,MC-Centro,2142928.91,2135000.0
2025-06-10,19,PT1H,MC-Centro,2271806.03,2258000.0
2025-06-10,20,PT1H,MC-Centro,2292817.84,2278000.0
2025-06-10,21,PT1H,MC-Centro,2202420.27,2192000.0
2025-06-10,22,PT1H,MC-Centro,2026103.83,2005000.0
2025-06-10,23,PT1H,MC-Centro,1802058.27,1790000.0
2025-06-10,24,PT1H,MC-Centro,1651259.95,1638000.0
2025-11-14,1,PT1H,MC-Centro,1604130.72,1572000.0
2025-11-14,2,PT1H,MC-Centro,1537178.71,1509000.0
2025-11-14,3,PT1H,MC-Centro,1489343.53,1464000.0
2025-11-14,4,PT1H,MC-Centro,1496670.43,1468000.0
2025-11-14,5,PT1H,MC-Centro,1630064.65,1604000.0
2025-11-14,6,PT1H,MC-Centro,1852302.3,1831000.0
2025-11-14,7,PT1H,MC-Centro,1973586.09,1943000.0
2025-11-14,8,PT1H,MC-Centro,2107908.13,2067000.0
2025-11-14,9,PT1H,MC-Centro,2207539.66,2163000.0
2025-11-14,10,PT1H,MC-Centro,2266741.61,2208000.0
2025-11-14,11,PT1H,MC-Centro,2331832.67,2283000.0
2025-11-14,12,PT1H,MC-Centro,2365307.77,2331000.0
2025-11-14,13,PT1H,MC-Centro,2332845.1,2309000.0
2025-11-14,14,PT1H,MC-Centro,2284297.34,2253000.0
2025-11-14,15,PT1H,MC-Centro,2270850.62,2269000.0
2025-11-14,16,PT1H,MC-Centro,2263429.33,2262000.0
2025-11-14,17,PT1H,MC-Centro,2237146.76,2219000.0
2025-11-14,18,PT1H,MC-Centro,2252814.71,2238000.0
2025-11-14,19,PT1H,MC-Centro,2320276.63,2311000.0
2025-11-14,20,PT1H,MC-Centro,2286966.13,2282000.0
2025-11-14,21,PT1H,MC-Centro,2199997.59,2180000.0
2025-11-14,22,PT1H,MC-Centro,2033276.21,2015000.0
2025-11-14,23,PT1H,MC-Centro,1844914.15,1842000.0
2025-11-14,24,PT1H,MC-Centro,1696477.71,1701000.0
2024-08-15,1,PT1H,MC-Centro,1516020.07,1502000.0
2024-08-15,2,PT1H,MC-Centro,1452221.79,1443000.0
2024-08-15,3,PT1H,MC-Centro,1402258.94,1390000.0
2024-08-15,4,PT1H,MC-Centro,1405948.46,1392000.0
2024-08-15,5,PT1H,MC-Centro,1540310.49,1526000.0
2024-08-15,6,PT1H,MC-Centro,1779293.61,1768000.0
2024-08-15,7,PT1H,MC-Centro,1871580.39,1841000.0
2024-08-15,8,PT1H,MC-Centro,1982985.93,1979000.0
2024-08-15,9,PT1H,MC-Centro,2059820.42,2058000.0
2024-08-15,10,PT1H,MC-Centro,2077606.32,2103000.0
2024-08-15,11,PT1H,MC-Centro,2145744.74,2169000.0
2024-08-15,12,PT1H,MC-Centro,2209967.69,2210000.0
2024-08-15,13,PT1H,MC-Centro,2210600.62,2195000.0
2024-08-15,14,PT1H,MC-Centro,2171637.25,2151000.0
2024-08-15,15,PT1H,MC-Centro,2164238.8,2147000.0
2024-08-15,16,PT1H,MC-Centro,2166625.86,2145000.0
2024-08-15,17,PT1H,MC-Centro,2124111.67,2103000.0
2024-08-15,18,PT1H,MC-Centro,2096466.61,2066000.0
2024-08-15,19,PT1H,MC-Centro,2219834.35,2183000.0
2024-08-15,20,PT1H,MC-Centro,2245449.42,2214000.0
2024-08-15,21,PT1H,MC-Centro,2157735.65,2129000.0
2024-08-15,22,PT1H,MC-Centro,1977699.69,1947000.0
2024-08-15,23,PT1H,MC-Centro,1786337.26,1748000.0
2024-08-15,24,PT1H,MC-Centro,1633732.01,1606000.0
2025-09-30,1,PT1H,MC-Centro,1525629.63,1532820.0
2025-09-30,2,PT1H,MC-Centro,1461664.98,1467980.0
2025-09-30,3,PT1H,MC-Centro,1429199.01,1423940.0
2025-09-30,4,PT1H,MC-Centro,1421267.54,1430410.0
2025-09-30,5,PT1H,MC-Centro,1559183.6,1580730.0
2025-09-30,6,PT1H,MC-Centro,1805676.43,1839690.0
2025-09-30,7,PT1H,MC-Centro,1892659.55,1930510.0
2025-09-30,8,PT1H,MC-Centro,2024801.19,2050550.0
2025-09-30,9,PT1H,MC-Centro,2113809.97,2146080.0
2025-09-30,10,PT1H,MC-Centro,2172269.4,2198780.0
2025-09-30,11,PT1H,MC-Centro,2227124.25,2265500.0
2025-09-30,12,PT1H,MC-Centro,2277226.24,2310760.0
2025-09-30,13,PT1H,MC-Centro,2264824.25,2291530.0
2025-09-30,14,PT1H,MC-Centro,2204424.4,2253190.0
2025-09-30,15,PT1H,MC-Centro,2212271.29,2245130.0
2025-09-30,16,PT1H,MC-Centro,2198181.43,2228970.0
2025-09-30,17,PT1H,MC-Centro,2154171.86,2189050.0
2025-09-30,18,PT1H,MC-Centro,2163433.48,2186670.0
2025-09-30,19,PT1H,MC-Centro,2269628.12,2311370.0
2025-09-30,20,PT1H,MC-Centro,2263860.71,2312560.0
2025-09-30,21,PT1H,MC-Centro,2158191.07,2212870.0
2025-09-30,22,PT1H,MC-Centro,1977196.12,2018300.0
2025-09-30,23,PT1H,MC-Centro,1765716.19,1795880.0
2025-09-30,24,PT1H,MC-Centro,1620683.41,1645210.0
2025-07-25,1,PT1H,MC-Centro,1552035.62,1549000.0
2025-07-25,2,PT1H,MC-Centro,1491688.28,1485000.0
2025-07-25,3,PT1H,MC-Centro,1435483.33,1439000.0
2025-07-25,4,PT1H,MC-Centro,1439345.28,1440000.0
2025-07-25,5,PT1H,MC-Centro,1573227.45,1568000.0
2025-07-25,6,PT1H,MC-Centro,1802373.67,1794000.0
2025-07-25,7,PT1H,MC-Centro,1909482.31,1898000.0
2025-07-25,8,PT1H,MC-Centro,2035573.95,2022000.0
2025-07-25,9,PT1H,MC-Centro,2135954.61,2139000.0
2025-07-25,10,PT1H,MC-Centro,2190279.51,2183000.0
2025-07-25,11,PT1H,MC-Centro,2265544.15,2243000.0
2025-07-25,12,PT1H,MC-Centro,2302544.65,2279000.0
2025-07-25,13,PT1H,MC-Centro,2280377.41,2257000.0
2025-07-25,14,PT1H,MC-Centro,2223311.18,2210000.0
2025-07-25,15,PT1H,MC-Centro,2225663.39,2205000.0
2025-07-25,16,PT1H,MC-Centro,2202425.99,2193000.0
2025-07-25,17,PT1H,MC-Centro,2162430.75,2149000.0
2025-07-25,18,PT1H,MC-Centro,2118792.85,2108000.0
2025-07-25,19,PT1H,MC-Centro,2231714.63,2210000.0
2025-07-25,20,PT1H,MC-Centro,2255844.11,2231000.0
2025-07-25,21,PT1H,MC-Centro,2171768.47,2146000.0
2025-07-25,22,PT1H,MC-Centro,1991851.75,1979000.0
2025-07-25,23,PT1H,MC-Centro,1815520.57,1806000.0
2025-07-25,24,PT1H,MC-Centro,1671109.06,1671000.0
2025-04-22,1,PT1H,MC-Centro,1551192.34,1524730.0
2025-04-22,2,PT1H,MC-Centro,1486807.66,1468200.0
2025-04-22,3,PT1H,MC-Centro,1445211.05,1424740.0
2025-04-22,4,PT1H,MC-Centro,1448279.44,1427540.0
2025-04-22,5,PT1H,MC-Centro,1581510.58,1537100.0
2025-04-22,6,PT1H,MC-Centro,1840291.67,1780950.0
2025-04-22,7,PT1H,MC-Centro,1916550.28,1870260.0
2025-04-22,8,PT1H,MC-Centro,2013687.15,2013860.0
2025-04-22,9,PT1H,MC-Centro,2110394.77,2103210.0
2025-04-22,10,PT1H,MC-Centro,2159427.86,2141950.0
2025-04-22,11,PT1H,MC-Centro,2224616.49,2195440.0
2025-04-22,12,PT1H,MC-Centro,2312023.02,2253650.0
2025-04-22,13,PT1H,MC-Centro,2288001.27,2246380.0
2025-04-22,14,PT1H,MC-Centro,2228822.56,2205800.0
2025-04-22,15,PT1H,MC-Centro,2236707.24,2212080.0
2025-04-22,16,PT1H,MC-Centro,2247487.73,2201390.0
2025-04-22,17,PT1H,MC-Centro,2223117.71,2161240.0
2025-04-22,18,PT1H,MC-Centro,2179994.92,2125720.0
2025-04-22,19,PT1H,MC-Centro,2273628.3,2246060.0
2025-04-22,20,PT1H,MC-Centro,2294682.84,2268240.0
2025-04-22,21,PT1H,MC-Centro,2213131.95,2180450.0
2025-04-22,22,PT1H,MC-Centro,2029551.21,1996590.0
2025-04-22,23,PT1H,MC-Centro,1816603.09,1786990.0
2025-04-22,24,PT1H,MC-Centro,1657047.33,1644240.0
2025-05-20,1,PT1H,MC-Centro,1525132.81,1541140.0
2025-05-20,2,PT1H,MC-Centro,1465182.13,1480950.0
2025-05-20,3,PT1H,MC-Centro,1430961.2,1436740.0
2025-05-20,4,PT1H,MC-Centro,1438068.07,1436700.0
2025-05-20,5,PT1H,MC-Centro,1561340.87,1567550.0
2025-05-20,6,PT1H,MC-Centro,1797766.28,1820520.0
2025-05-20,7,PT1H,MC-Centro,1868867.04,1910880.0
2025-05-20,8,PT1H,MC-Centro,1982311.63,2023250.0
2025-05-20,9,PT1H,MC-Centro,2097458.91,2115040.0
2025-05-20,10,PT1H,MC-Centro,2147508.42,2163180.0
2025-05-20,11,PT1H,MC-Centro,2204542.72,2226380.0
2025-05-20,12,PT1H,MC-Centro,2248661.72,2279140.0
2025-05-20,13,PT1H,MC-Centro,2260334.15,2265010.0
2025-05-20,14,PT1H,MC-Centro,2215516.27,2212540.0
2025-05-20,15,PT1H,MC-Centro,2212094.12,2220290.0
2025-05-20,16,PT1H,MC-Centro,2215314.01,2214190.0
2025-05-20,17,PT1H,MC-Centro,2168533.97,2183770.0
2025-05-20,18,PT1H,MC-Centro,2134869.11,2146430.0
2025-05-20,19,PT1H,MC-Centro,2271333.13,2270430.0
2025-05-20,20,PT1H,MC-Centro,2287306.17,2292720.0
2025-05-20,21,PT1H,MC-Centro,2202166.34,2210360.0
2025-05-20,22,PT1H,MC-Centro,2015361.16,2025100.0
2025-05-20,23,PT1H,MC-Centro,1797035.29,1811350.0
2025-05-20,24,PT1H,MC-Centro,1647740.01,1658030.0
2025-12-27,1,PT1H,MC-Centro,1486757.16,1501380.0
2025-12-27,2,PT1H,MC-Centro,1410108.56,1442120.0
2025-12-27,3,PT1H,MC-Centro,1356755.6,1393110.0
2025-12-27,4,PT1H,MC-Centro,1334870.37,1379210.0
2025-12-27,5,PT1H,MC-Centro,1366023.3,1409960.0
2025-12-27,6,PT1H,MC-Centro,1391361.93,1465880.0
2025-12-27,7,PT1H,MC-Centro,1503911.92,1582130.0
2025-12-27,8,PT1H,MC-Centro,1661021.82,1742150.0
2025-12-27,9,PT1H,MC-Centro,1781725.09,1871110.0
2025-12-27,10,PT1H,MC-Centro,1889081.87,1943760.0
2025-12-27,11,PT1H,MC-Centro,1959283.92,2010480.0
2025-12-27,12,PT1H,MC-Centro,1996347.85,2033280.0
2025-12-27,13,PT1H,MC-Centro,1999243.96,2014630.0
2025-12-27,14,PT1H,MC-Centro,1974710.98,1965240.0
2025-12-27,15,PT1H,MC-Centro,1921424.52,1917540.0
2025-12-27,16,PT1H,MC-Centro,1887549.6,1880100.0
2025-12-27,17,PT1H,MC-Centro,1838585.58,1858870.0
2025-12-27,18,PT1H,MC-Centro,1878404.34,1896610.0
2025-12-27,19,PT1H,MC-Centro,2013583.14,1992850.0
2025-12-27,20,PT1H,MC-Centro,2001139.23,1971550.0
2025-12-27,21,PT1H,MC-Centro,1933292.78,1892540.0
2025-12-27,22,PT1H,MC-Centro,1809858.56,1763950.0
2025-12-27,23,PT1H,MC-Centro,1658862.71,1632050.0
2025-12-27,24,PT1H,MC-Centro,1527414.57,1518090.0
2025-04-06,1,PT1H,MC-Centro,1422325.89,1424000.0
2025-04-06,2,PT1H,MC-Centro,1352693.22,1354000.0
2025-04-06,3,PT1H,MC-Centro,1294341.1,1298000.0
2025-04-06,4,PT1H,MC-Centro,1256014.98,1262000.0
2025-04-06,5,PT1H,MC-Centro,1242824.54,1253000.0
2025-04-06,6,PT1H,MC-Centro,1249772.07,1261000.0
2025-04-06,7,PT1H,MC-Centro,1289196.78,1294000.0
2025-04-06,8,PT1H,MC-Centro,1438759.85,1441000.0
2025-04-06,9,PT1H,MC-Centro,1554886.45,1552000.0
2025-04-06,10,PT1H,MC-Centro,1635639.31,1645000.0
2025-04-06,11,PT1H,MC-Centro,1714464.32,1715000.0
2025-04-06,12,PT1H,MC-Centro,1761702.41,1771000.0
2025-04-06,13,PT1H,MC-Centro,1774423.16,1788000.0
2025-04-06,14,PT1H,MC-Centro,1751168.06,1773000.0
2025-04-06,15,PT1H,MC-Centro,1697693.84,1727000.0
2025-04-06,16,PT1H,MC-Centro,1672362.73,1695000.0
2025-04-06,17,PT1H,MC-Centro,1664307.96,1684000.0
2025-04-06,18,PT1H,MC-Centro,1727136.75,1720000.0
2025-04-06,19,PT1H,MC-Centro,1894139.12,1876000.0
2025-04-06,20,PT1H,MC-Centro,1927834.8,1923000.0
2025-04-06,21,PT1H,MC-Centro,1877812.42,1859000.0
2025-04-06,22,PT1H,MC-Centro,1740986.59,1726000.0
2025-04-06,23,PT1H,MC-Centro,1595819.78,1578000.0
2025-04-06,24,PT1H,MC-Centro,1461458.68,1457000.0
2024-09-07,1,PT1H,MC-Centro,1534803.73,1518000.0
2024-09-07,2,PT1H,MC-Centro,1455660.92,1441000.0
2024-09-07,3,PT1H,MC-Centro,1392947.6,1384000.0
2024-09-07,4,PT1H,MC-Centro,1382959.71,1365000.0
2024-09-07,5,PT1H,MC-Centro,1424053.41,1403000.0
2024-09-07,6,PT1H,MC-Centro,1487538.75,1465000.0
2024-09-07,7,PT1H,MC-Centro,1651801.83,1615000.0
2024-09-07,8,PT1H,MC-Centro,1839089.71,1780000.0
2024-09-07,9,PT1H,MC-Centro,1950721.94,1926000.0
2024-09-07,10,PT1H,MC-Centro,2012566.34,1996000.0
2024-09-07,11,PT1H,MC-Centro,2078100.1,2059000.0
2024-09-07,12,PT1H,MC-Centro,2095072.73,2069000.0
2024-09-07,13,PT1H,MC-Centro,2073439.84,2045000.0
2024-09-07,14,PT1H,MC-Centro,2015097.24,1982000.0
2024-09-07,15,PT1H,MC-Centro,1941191.49,1926000.0
2024-09-07,16,PT1H,MC-Centro,1907089.31,1887000.0
2024-09-07,17,PT1H,MC-Centro,1884899.09,1856000.0
2024-09-07,18,PT1H,MC-Centro,1885644.66,1851000.0
2024-09-07,19,PT1H,MC-Centro,1999929.2,1972000.0
2024-09-07,20,PT1H,MC-Centro,1981459.6,1973000.0
2024-09-07,21,PT1H,MC-Centro,1905261.61,1894000.0
2024-09-07,22,PT1H,MC-Centro,1759447.67,1750000.0
2024-09-07,23,PT1H,MC-Centro,1593177.63,1610000.0
2024-09-07,24,PT1H,MC-Centro,1473468.31,1479000.0
2025-05-12,1,PT1H,MC-Centro,1365043.52,1369000.0
2025-05-12,2,PT1H,MC-Centro,1300571.95,1310000.0
2025-05-12,3,PT1H,MC-Centro,1259090.07,1272000.0
2025-05-12,4,PT1H,MC-Centro,1276614.1,1292000.0
2025-05-12,5,PT1H,MC-Centro,1429410.38,1440000.0
2025-05-12,6,PT1H,MC-Centro,1680737.77,1700000.0
2025-05-12,7,PT1H,MC-Centro,1778424.66,1803000.0
2025-05-12,8,PT1H,MC-Centro,1905150.55,1939000.0
2025-05-12,9,PT1H,MC-Centro,2032436.49,2064000.0
2025-05-12,10,PT1H,MC-Centro,2099854.39,2132000.0
2025-05-12,11,PT1H,MC-Centro,2182655.42,2207000.0
2025-05-12,12,PT1H,MC-Centro,2240696.38,2262000.0
2025-05-12,13,PT1H,MC-Centro,2228402.96,2254000.0
2025-05-12,14,PT1H,MC-Centro,2182640.18,2213000.0
2025-05-12,15,PT1H,MC-Centro,2178874.92,2217000.0
2025-05-12,16,PT1H,MC-Centro,2167193.68,2205000.0
2025-05-12,17,PT1H,MC-Centro,2137126.36,2168000.0
2025-05-12,18,PT1H,MC-Centro,2100572.08,2120000.0
2025-05-12,19,PT1H,MC-Centro,2244703.98,2236000.0
2025-05-12,20,PT1H,MC-Centro,2271738.45,2266000.0
2025-05-12,21,PT1H,MC-Centro,2193484.11,2185000.0
2025-05-12,22,PT1H,MC-Centro,2007658.22,2008000.0
2025-05-12,23,PT1H,MC-Centro,1793995.63,1797000.0
2025-05-12,24,PT1H,MC-Centro,1638888.41,1641000.0
2025-09-03,1,PT1H,MC-Centro,1516927.95,1532910.0
2025-09-03,2,PT1H,MC-Centro,1454976.65,1468780.0
2025-09-03,3,PT1H,MC-Centro,1417494.93,1419430.0
2025-09-03,4,PT1H,MC-Centro,1420233.75,1424940.0
2025-09-03,5,PT1H,MC-Centro,1559559.93,1571890.0
2025-09-03,6,PT1H,MC-Centro,1796036.47,1840580.0
2025-09-03,7,PT1H,MC-Centro,1903873.59,1933000.0
2025-09-03,8,PT1H,MC-Centro,2013152.88,2033940.0
2025-09-03,9,PT1H,MC-Centro,2108137.71,2131450.0
2025-09-03,10,PT1H,MC-Centro,2162246.4,2176320.0
2025-09-03,11,PT1H,MC-Centro,2235586.85,2248840.0
2025-09-03,12,PT1H,MC-Centro,2274374.55,2289850.0
2025-09-03,13,PT1H,MC-Centro,2262312.13,2256440.0
2025-09-03,14,PT1H,MC-Centro,2220700.81,2206680.0
2025-09-03,15,PT1H,MC-Centro,2202232.6,2216580.0
2025-09-03,16,PT1H,MC-Centro,2212534.83,2215180.0
2025-09-03,17,PT1H,MC-Centro,2191309.08,2180070.0
2025-09-03,18,PT1H,MC-Centro,2162062.96,2133560.0
2025-09-03,19,PT1H,MC-Centro,2282091.19,2258130.0
2025-09-03,20,PT1H,MC-Centro,2292607.57,2290740.0
2025-09-03,21,PT1H,MC-Centro,2196125.54,2192280.0
2025-09-03,22,PT1H,MC-Centro,2002374.28,2003810.0
2025-09-03,23,PT1H,MC-Centro,1786730.0,1795270.0
2025-09-03,24,PT1H,MC-Centro,1659956.2,1639360.0
2025-06-24,1,PT1H,MC-Centro,1428701.97,1371000.0
2025-06-24,2,PT1H,MC-Centro,1359056.82,1305000.0
2025-06-24,3,PT1H,MC-Centro,1310891.17,1268000.0
2025-06-24,4,PT1H,MC-Centro,1324435.75,1285000.0
2025-06-24,5,PT1H,MC-Centro,1426163.41,1417000.0
2025-06-24,6,PT1H,MC-Centro,1558686.02,1627000.0
2025-06-24,7,PT1H,MC-Centro,1746121.77,1758000.0
2025-06-24,8,PT1H,MC-Centro,1932563.05,1910000.0
2025-06-24,9,PT1H,MC-Centro,2078171.7,2025000.0
2025-06-24,10,PT1H,MC-Centro,2169010.2,2089000.0
2025-06-24,11,PT1H,MC-Centro,2256165.29,2169000.0
2025-06-24,12,PT1H,MC-Centro,2328386.78,2225000.0
2025-06-24,13,PT1H,MC-Centro,2342146.79,2226000.0
2025-06-24,14,PT1H,MC-Centro,2291786.29,2186000.0
2025-06-24,15,PT1H,MC-Centro,2274688.33,2181000.0
2025-06-24,16,PT1H,MC-Centro,2248306.69,2176000.0
2025-06-24,17,PT1H,MC-Centro,2198579.46,2136000.0
2025-06-24,18,PT1H,MC-Centro,2144223.63,2094000.0
2025-06-24,19,PT1H,MC-Centro,2227635.24,2208000.0
2025-06-24,20,PT1H,MC-Centro,2244663.84,2244000.0
2025-06-24,21,PT1H,MC-Centro,2158485.55,2155000.0
2025-06-24,22,PT1H,MC-Centro,1978194.16,1977000.0
2025-06-24,23,PT1H,MC-Centro,1774340.75,1761000.0
2025-06-24,24,PT1H,MC-Centro,1632783.5,1610000.0
2025-06-29,1,PT1H,MC-Centro,1392391.66,1418000.0
2025-06-29,2,PT1H,MC-Centro,1320129.71,1345000.0
2025-06-29,3,PT1H,MC-Centro,1265059.89,1291000.0
2025-06-29,4,PT1H,MC-Centro,1223356.18,1258000.0
2025-06-29,5,PT1H,MC-Centro,1221397.28,1255000.0
2025-06-29,6,PT1H,MC-Centro,1204541.23,1252000.0
2025-06-29,7,PT1H,MC-Centro,1227868.83,1283000.0
2025-06-29,8,PT1H,MC-Centro,1337368.77,1407000.0
2025-06-29,9,PT1H,MC-Centro,1446959.0,1537000.0
2025-06-29,10,PT1H,MC-Centro,1545621.32,1636000.0
2025-06-29,11,PT1H,MC-Centro,1613518.04,1707000.0
2025-06-29,12,PT1H,MC-Centro,1651335.31,1757000.0
2025-06-29,13,PT1H,MC-Centro,1666588.74,1766000.0
2025-06-29,14,PT1H,MC-Centro,1647483.44,1746000.0
2025-06-29,15,PT1H,MC-Centro,1592572.54,1693000.0
2025-06-29,16,PT1H,MC-Centro,1571028.21,1664000.0
2025-06-29,17,PT1H,MC-Centro,1554759.46,1647000.0
2025-06-29,18,PT1H,MC-Centro,1566478.68,1659000.0
2025-06-29,19,PT1H,MC-Centro,1704165.86,1796000.0
2025-06-29,20,PT1H,MC-Centro,1745062.76,1826000.0
2025-06-29,21,PT1H,MC-Centro,1696371.79,1770000.0
2025-06-29,22,PT1H,MC-Centro,1600730.36,1668000.0
2025-06-29,23,PT1H,MC-Centro,1488823.28,1544000.0
2025-06-29,24,PT1H,MC-Centro,1379480.79,1430000.0
2025-12-03,1,PT1H,MC-Centro,1618143.41,1598000.0
2025-12-03,2,PT1H,MC-Centro,1541870.05,1524000.0
2025-12-03,3,PT1H,MC-Centro,1492344.41,1472000.0
2025-12-03,4,PT1H,MC-Centro,1488029.19,1470000.0
2025-12-03,5,PT1H,MC-Centro,1586182.39,1562000.0
2025-12-03,6,PT1H,MC-Centro,1742423.92,1712000.0
2025-12-03,7,PT1H,MC-Centro,1942959.45,1907000.0
2025-12-03,8,PT1H,MC-Centro,2109595.47,2071000.0
2025-12-03,9,PT1H,MC-Centro,2216681.79,2211000.0
2025-12-03,10,PT1H,MC-Centro,2267199.43,2258000.0
2025-12-03,11,PT1H,MC-Centro,2321630.38,2330000.0
2025-12-03,12,PT1H,MC-Centro,2378825.95,2371000.0
2025-12-03,13,PT1H,MC-Centro,2364500.43,2364000.0
2025-12-03,14,PT1H,MC-Centro,2305425.63,2326000.0
2025-12-03,15,PT1H,MC-Centro,2296388.14,2324000.0
2025-12-03,16,PT1H,MC-Centro,2302228.26,2309000.0
2025-12-03,17,PT1H,MC-Centro,2260192.13,2284000.0
2025-12-03,18,PT1H,MC-Centro,2264472.01,2288000.0
2025-12-03,19,PT1H,MC-Centro,2364531.31,2376000.0
2025-12-03,20,PT1H,MC-Centro,2363804.51,2353000.0
2025-12-03,21,PT1H,MC-Centro,2254298.32,2253000.0
2025-12-03,22,PT1H,MC-Centro,2082684.22,2078000.0
2025-12-03,23,PT1H,MC-Centro,1889171.86,1869000.0
2025-12-03,24,PT1H,MC-Centro,1722187.75,1715000.0
2025-05-17,1,PT1H,MC-Centro,1558700.73,1563000.0
2025-05-17,2,PT1H,MC-Centro,1482875.04,1492000.0
2025-05-17,3,PT1H,MC-Centro,1429781.53,1441000.0
2025-05-17,4,PT1H,MC-Centro,1414643.93,1424000.0
2025-05-17,5,PT1H,MC-Centro,1448240.31,1457000.0
2025-05-17,6,PT1H,MC-Centro,1513445.54,1511000.0
2025-05-17,7,PT1H,MC-Centro,1650226.52,1666000.0
2025-05-17,8,PT1H,MC-Centro,1826290.87,1848000.0
2025-05-17,9,PT1H,MC-Centro,1960845.39,1992000.0
2025-05-17,10,PT1H,MC-Centro,2052798.27,2068000.0
2025-05-17,11,PT1H,MC-Centro,2126550.93,2139000.0
2025-05-17,12,PT1H,MC-Centro,2155745.5,2148000.0
2025-05-17,13,PT1H,MC-Centro,2131956.76,2120000.0
2025-05-17,14,PT1H,MC-Centro,2081868.41,2059000.0
2025-05-17,15,PT1H,MC-Centro,2009506.09,1997000.0
2025-05-17,16,PT1H,MC-Centro,1964823.62,1958000.0
2025-05-17,17,PT1H,MC-Centro,1930558.64,1926000.0
2025-05-17,18,PT1H,MC-Centro,1899008.45,1912000.0
2025-05-17,19,PT1H,MC-Centro,2025652.13,2021000.0
2025-05-17,20,PT1H,MC-Centro,2021212.07,2026000.0
2025-05-17,21,PT1H,MC-Centro,1943081.24,1951000.0
2025-05-17,22,PT1H,MC-Centro,1805603.72,1820000.0
2025-05-17,23,PT1H,MC-Centro,1645305.87,1664000.0
2025-05-17,24,PT1H,MC-Centro,1515936.46,1529000.0
2025-09-09,1,PT1H,MC-Centro,1540757.23,1521000.0
2025-09-09,2,PT1H,MC-Centro,1480888.17,1460000.0
2025-09-09,3,PT1H,MC-Centro,1432619.83,1416000.0
2025-09-09,4,PT1H,MC-Centro,1439796.87,1418000.0
2025-09-09,5,PT1H,MC-Centro,1599400.62,1562000.0
2025-09-09,6,PT1H,MC-Centro,1855949.33,1827000.0
2025-09-09,7,PT1H,MC-Centro,1944178.9,1919000.0
2025-09-09,8,PT1H,MC-Centro,2058355.01,2042000.0
2025-09-09,9,PT1H,MC-Centro,2151288.13,2139000.0
2025-09-09,10,PT1H,MC-Centro,2210686.79,2187000.0
2025-09-09,11,PT1H,MC-Centro,2272844.52,2252000.0
2025-09-09,12,PT1H,MC-Centro,2325761.71,2293000.0
2025-09-09,13,PT1H,MC-Centro,2306083.16,2266000.0
2025-09-09,14,PT1H,MC-Centro,2262398.69,2222000.0
2025-09-09,15,PT1H,MC-Centro,2242088.1,2222000.0
2025-09-09,16,PT1H,MC-Centro,2229251.68,2215000.0
2025-09-09,17,PT1H,MC-Centro,2192179.91,2172000.0
2025-09-09,18,PT1H,MC-Centro,2183148.92,2147000.0
2025-09-09,19,PT1H,MC-Centro,2334640.11,2274000.0
2025-09-09,20,PT1H,MC-Centro,2320297.09,2304000.0
2025-09-09,21,PT1H,MC-Centro,2215629.16,2208000.0
2025-09-09,22,PT1H,MC-Centro,2025144.85,2015000.0
2025-09-09,23,PT1H,MC-Centro,1803065.41,1795000.0
2025-09-09,24,PT1H,MC-Centro,1659842.37,1640000.0
2025-04-05,1,PT1H,MC-Centro,1576963.68,1576960.0
2025-04-05,2,PT1H,MC-Centro,1498264.93,1504300.0
2025-04-05,3,PT1H,MC-Centro,1443522.5,1457680.0
2025-04-05,4,PT1H,MC-Centro,1421756.2,1442760.0
2025-04-05,5,PT1H,MC-Centro,1459512.52,1476270.0
2025-04-05,6,PT1H,MC-Centro,1522295.51,1553950.0
2025-04-05,7,PT1H,MC-Centro,1676079.42,1698230.0
2025-04-05,8,PT1H,MC-Centro,1863367.05,1877190.0
2025-04-05,9,PT1H,MC-Centro,1998748.27,1991220.0
2025-04-05,10,PT1H,MC-Centro,2076136.91,2066360.0
2025-04-05,11,PT1H,MC-Centro,2134249.47,2121320.0
2025-04-05,12,PT1H,MC-Centro,2155475.73,2138470.0
2025-04-05,13,PT1H,MC-Centro,2137091.04,2100570.0
2025-04-05,14,PT1H,MC-Centro,2079436.37,2040350.0
2025-04-05,15,PT1H,MC-Centro,2021006.01,1976280.0
2025-04-05,16,PT1H,MC-Centro,1988410.4,1949990.0
2025-04-05,17,PT1H,MC-Centro,1955505.07,1921680.0
2025-04-05,18,PT1H,MC-Centro,1944670.38,1934230.0
2025-04-05,19,PT1H,MC-Centro,2042483.57,2020450.0
2025-04-05,20,PT1H,MC-Centro,2056096.2,2023560.0
2025-04-05,21,PT1H,MC-Centro,1980309.48,1936200.0
2025-04-05,22,PT1H,MC-Centro,1840912.17,1803390.0
2025-04-05,23,PT1H,MC-Centro,1674432.49,1659210.0
2025-04-05,24,PT1H,MC-Centro,1532422.55,1516900.0
2025-12-13,1,PT1H,MC-Centro,1597102.06,1599000.0
2025-12-13,2,PT1H,MC-Centro,1531696.79,1526000.0
2025-12-13,3,PT1H,MC-Centro,1461099.47,1476000.0
2025-12-13,4,PT1H,MC-Centro,1438013.42,1458000.0
2025-12-13,5,PT1H,MC-Centro,1474977.24,1500000.0
2025-12-13,6,PT1H,MC-Centro,1528534.73,1560000.0
2025-12-13,7,PT1H,MC-Centro,1681616.33,1733000.0
2025-12-13,8,PT1H,MC-Centro,1876312.71,1912000.0
2025-12-13,9,PT1H,MC-Centro,2030831.79,2033000.0
2025-12-13,10,PT1H,MC-Centro,2099231.1,2117000.0
2025-12-13,11,PT1H,MC-Centro,2160635.29,2178000.0
2025-12-13,12,PT1H,MC-Centro,2168282.41,2202000.0
2025-12-13,13,PT1H,MC-Centro,2149548.56,2169000.0
2025-12-13,14,PT1H,MC-Centro,2092432.21,2100000.0
2025-12-13,15,PT1H,MC-Centro,2031139.94,2029000.0
2025-12-13,16,PT1H,MC-Centro,1976202.6,2013000.0
2025-12-13,17,PT1H,MC-Centro,1959440.7,1993000.0
2025-12-13,18,PT1H,MC-Centro,1994205.18,2032000.0
2025-12-13,19,PT1H,MC-Centro,2104861.44,2112000.0
2025-12-13,20,PT1H,MC-Centro,2077352.38,2069000.0
2025-12-13,21,PT1H,MC-Centro,1985470.7,1980000.0
2025-12-13,22,PT1H,MC-Centro,1868088.61,1847000.0
2025-12-13,23,PT1H,MC-Centro,1738777.3,1693000.0
2025-12-13,24,PT1H,MC-Centro,1610351.1,1574000.0
2025-05-21,1,PT1H,MC-Centro,1534663.93,1551000.0
2025-05-21,2,PT1H,MC-Centro,1463745.45,1491000.0
2025-05-21,3,PT1H,MC-Centro,1411751.72,1448000.0
2025-05-21,4,PT1H,MC-Centro,1406533.51,1450000.0
2025-05-21,5,PT1H,MC-Centro,1534493.45,1584000.0
2025-05-21,6,PT1H,MC-Centro,1781267.08,1846000.0
2025-05-21,7,PT1H,MC-Centro,1883883.58,1928000.0
2025-05-21,8,PT1H,MC-Centro,2007258.91,2036000.0
2025-05-21,9,PT1H,MC-Centro,2102167.78,2134000.0
2025-05-21,10,PT1H,MC-Centro,2178736.8,2178000.0
2025-05-21,11,PT1H,MC-Centro,2237574.17,2250000.0
2025-05-21,12,PT1H,MC-Centro,2254985.93,2304000.0
2025-05-21,13,PT1H,MC-Centro,2238402.51,2291000.0
2025-05-21,14,PT1H,MC-Centro,2192387.56,2243000.0
2025-05-21,15,PT1H,MC-Centro,2207258.11,2241000.0
2025-05-21,16,PT1H,MC-Centro,2203009.56,2230000.0
2025-05-21,17,PT1H,MC-Centro,2173561.41,2186000.0
2025-05-21,18,PT1H,MC-Centro,2127890.43,2159000.0
2025-05-21,19,PT1H,MC-Centro,2255788.66,2282000.0
2025-05-21,20,PT1H,MC-Centro,2294942.67,2304000.0
2025-05-21,21,PT1H,MC-Centro,2213179.92,2219000.0
2025-05-21,22,PT1H,MC-Centro,2020893.58,2038000.0
2025-05-21,23,PT1H,MC-Centro,1797557.77,1824000.0
2025-05-21,24,PT1H,MC-Centro,1649142.57,1667000.0
2026-02-07,1,PT1H,MC-Centro,1587254.79,1602000.0
2026-02-07,2,PT1H,MC-Centro,1522642.25,1532000.0
2026-02-07,3,PT1H,MC-Centro,1473751.54,1481000.0
2026-02-07,4,PT1H,MC-Centro,1459558.07,1457000.0
2026-02-07,5,PT1H,MC-Centro,1496234.35,1493000.0
2026-02-07,6,PT1H,MC-Centro,1576678.32,1559000.0
2026-02-07,7,PT1H,MC-Centro,1706847.56,1703000.0
2026-02-07,8,PT1H,MC-Centro,1890002.81,1874000.0
2026-02-07,9,PT1H,MC-Centro,2016408.28,2018000.0
2026-02-07,10,PT1H,MC-Centro,2094172.83,2109000.0
2026-02-07,11,PT1H,MC-Centro,2154709.86,2172000.0
2026-02-07,12,PT1H,MC-Centro,2181095.27,2196000.0
2026-02-07,13,PT1H,MC-Centro,2161913.19,2164000.0
2026-02-07,14,PT1H,MC-Centro,2106540.35,2085000.0
2026-02-07,15,PT1H,MC-Centro,2045133.93,2029000.0
2026-02-07,16,PT1H,MC-Centro,2027025.32,1992000.0
2026-02-07,17,PT1H,MC-Centro,1991058.92,1973000.0
2026-02-07,18,PT1H,MC-Centro,1974828.07,1978000.0
2026-02-07,19,PT1H,MC-Centro,2096001.42,2090000.0
2026-02-07,20,PT1H,MC-Centro,2087618.32,2088000.0
2026-02-07,21,PT1H,MC-Centro,1992300.77,1997000.0
2026-02-07,22,PT1H,MC-Centro,1848282.51,1858000.0
2026-02-07,23,PT1H,MC-Centro,1681273.24,1688000.0
2026-02-07,24,PT1H,MC-Centro,1581873.94,1547000.0
2025-05-09,1,PT1H,MC-Centro,1547665.36,1565000.0
2025-05-09,2,PT1H,MC-Centro,1483397.66,1498000.0
2025-05-09,3,PT1H,MC-Centro,1438922.98,1448000.0
2025-05-09,4,PT1H,MC-Centro,1444184.66,1447000.0
2025-05-09,5,PT1H,MC-Centro,1576536.07,1572000.0
2025-05-09,6,PT1H,MC-Centro,1815583.01,1814000.0
2025-05-09,7,PT1H,MC-Centro,1908229.73,1907000.0
2025-05-09,8,PT1H,MC-Centro,2029796.93,2029000.0
2025-05-09,9,PT1H,MC-Centro,2136059.17,2128000.0
2025-05-09,10,PT1H,MC-Centro,2192321.84,2179000.0
2025-05-09,11,PT1H,MC-Centro,2272414.24,2242000.0
2025-05-09,12,PT1H,MC-Centro,2298445.85,2285000.0
2025-05-09,13,PT1H,MC-Centro,2272893.76,2272000.0
2025-05-09,14,PT1H,MC-Centro,2230355.93,2219000.0
2025-05-09,15,PT1H,MC-Centro,2223224.68,2212000.0
2025-05-09,16,PT1H,MC-Centro,2203203.31,2209000.0
2025-05-09,17,PT1H,MC-Centro,2153518.12,2172000.0
2025-05-09,18,PT1H,MC-Centro,2101367.26,2133000.0
2025-05-09,19,PT1H,MC-Centro,2216465.81,2233000.0
2025-05-09,20,PT1H,MC-Centro,2233256.33,2246000.0
2025-05-09,21,PT1H,MC-Centro,2158864.61,2172000.0
2025-05-09,22,PT1H,MC-Centro,1999729.63,2011000.0
2025-05-09,23,PT1H,MC-Centro,1822973.12,1825000.0
2025-05-09,24,PT1H,MC-Centro,1672487.11,1682000.0
2025-06-17,1,PT1H,MC-Centro,1537407.09,1536000.0
2025-06-17,2,PT1H,MC-Centro,1482082.63,1475000.0
2025-06-17,3,PT1H,MC-Centro,1435260.65,1432000.0
2025-06-17,4,PT1H,MC-Centro,1435381.54,1433000.0
2025-06-17,5,PT1H,MC-Centro,1560946.7,1555000.0
2025-06-17,6,PT1H,MC-Centro,1779860.22,1800000.0
2025-06-17,7,PT1H,MC-Centro,1902073.52,1891000.0
2025-06-17,8,PT1H,MC-Centro,2034401.57,2007000.0
2025-06-17,9,PT1H,MC-Centro,2148683.83,2125000.0
2025-06-17,10,PT1H,MC-Centro,2206198.19,2173000.0
2025-06-17,11,PT1H,MC-Centro,2277945.16,2237000.0
2025-06-17,12,PT1H,MC-Centro,2318143.07,2280000.0
2025-06-17,13,PT1H,MC-Centro,2308821.11,2276000.0
2025-06-17,14,PT1H,MC-Centro,2251758.46,2224000.0
2025-06-17,15,PT1H,MC-Centro,2244680.53,2225000.0
2025-06-17,16,PT1H,MC-Centro,2232211.95,2220000.0
2025-06-17,17,PT1H,MC-Centro,2186948.15,2185000.0
2025-06-17,18,PT1H,MC-Centro,2159767.04,2145000.0
2025-06-17,19,PT1H,MC-Centro,2271166.26,2272000.0
2025-06-17,20,PT1H,MC-Centro,2292255.34,2292000.0
2025-06-17,21,PT1H,MC-Centro,2199381.37,2204000.0
2025-06-17,22,PT1H,MC-Centro,2007164.75,2020000.0
2025-06-17,23,PT1H,MC-Centro,1786022.66,1800000.0
2025-06-17,24,PT1H,MC-Centro,1633244.48,1649000.0
2025-06-13,1,PT1H,MC-Centro,1552571.33,1566000.0
2025-06-13,2,PT1H,MC-Centro,1483505.25,1501000.0
2025-06-13,3,PT1H,MC-Centro,1436430.57,1453000.0
2025-06-13,4,PT1H,MC-Centro,1439461.59,1452000.0
2025-06-13,5,PT1H,MC-Centro,1553824.14,1569000.0
2025-06-13,6,PT1H,MC-Centro,1777964.01,1783000.0
2025-06-13,7,PT1H,MC-Centro,1891049.89,1899000.0
2025-06-13,8,PT1H,MC-Centro,2017603.17,2022000.0
2025-06-13,9,PT1H,MC-Centro,2124740.36,2142000.0
2025-06-13,10,PT1H,MC-Centro,2170586.91,2207000.0
2025-06-13,11,PT1H,MC-Centro,2248536.41,2277000.0
2025-06-13,12,PT1H,MC-Centro,2320685.28,2317000.0
2025-06-13,13,PT1H,MC-Centro,2313152.14,2300000.0
2025-06-13,14,PT1H,MC-Centro,2249622.93,2248000.0
2025-06-13,15,PT1H,MC-Centro,2238679.9,2243000.0
2025-06-13,16,PT1H,MC-Centro,2223789.4,2227000.0
2025-06-13,17,PT1H,MC-Centro,2177078.58,2177000.0
2025-06-13,18,PT1H,MC-Centro,2126469.69,2135000.0
2025-06-13,19,PT1H,MC-Centro,2221769.31,2242000.0
2025-06-13,20,PT1H,MC-Centro,2230578.57,2251000.0
2025-06-13,21,PT1H,MC-Centro,2145111.84,2176000.0
2025-06-13,22,PT1H,MC-Centro,1983815.07,2014000.0
2025-06-13,23,PT1H,MC-Centro,1796615.93,1831000.0
2025-06-13,24,PT1H,MC-Centro,1655455.51,1688000.0
2025-06-22,1,PT1H,MC-Centro,1426522.91,1388000.0
2025-06-22,2,PT1H,MC-Centro,1353144.54,1315000.0
2025-06-22,3,PT1H,MC-Centro,1298368.51,1263000.0
2025-06-22,4,PT1H,MC-Centro,1268271.41,1226000.0
2025-06-22,5,PT1H,MC-Centro,1265488.74,1221000.0
2025-06-22,6,PT1H,MC-Centro,1259475.39,1222000.0
2025-06-22,7,PT1H,MC-Centro,1290343.67,1256000.0
2025-06-22,8,PT1H,MC-Centro,1409793.42,1380000.0
2025-06-22,9,PT1H,MC-Centro,1545317.42,1502000.0
2025-06-22,10,PT1H,MC-Centro,1639318.3,1612000.0
2025-06-22,11,PT1H,MC-Centro,1711018.37,1680000.0
2025-06-22,12,PT1H,MC-Centro,1754149.82,1719000.0
2025-06-22,13,PT1H,MC-Centro,1769100.33,1739000.0
2025-06-22,14,PT1H,MC-Centro,1752218.47,1713000.0
2025-06-22,15,PT1H,MC-Centro,1697594.31,1663000.0
2025-06-22,16,PT1H,MC-Centro,1670009.51,1630000.0
2025-06-22,17,PT1H,MC-Centro,1654519.42,1611000.0
2025-06-22,18,PT1H,MC-Centro,1669230.21,1622000.0
2025-06-22,19,PT1H,MC-Centro,1796825.96,1775000.0
2025-06-22,20,PT1H,MC-Centro,1822535.43,1811000.0
2025-06-22,21,PT1H,MC-Centro,1763160.7,1760000.0
2025-06-22,22,PT1H,MC-Centro,1661663.12,1658000.0
2025-06-22,23,PT1H,MC-Centro,1539044.78,1531000.0
2025-06-22,24,PT1H,MC-Centro,1434139.92,1405000.0
2025-09-14,1,PT1H,MC-Centro,1404409.73,1418000.0
2025-09-14,2,PT1H,MC-Centro,1340328.82,1342000.0
2025-09-14,3,PT1H,MC-Centro,1278878.51,1288000.0
2025-09-14,4,PT1H,MC-Centro,1241979.51,1249000.0
2025-09-14,5,PT1H,MC-Centro,1240156.27,1251000.0
2025-09-14,6,PT1H,MC-Centro,1235636.92,1253000.0
2025-09-14,7,PT1H,MC-Centro,1284647.43,1292000.0
2025-09-14,8,PT1H,MC-Centro,1413200.83,1412000.0
2025-09-14,9,PT1H,MC-Centro,1562925.89,1558000.0
2025-09-14,10,PT1H,MC-Centro,1676828.14,1672000.0
2025-09-14,11,PT1H,MC-Centro,1756230.29,1751000.0
2025-09-14,12,PT1H,MC-Centro,1820223.69,1796000.0
2025-09-14,13,PT1H,MC-Centro,1837895.69,1811000.0
2025-09-14,14,PT1H,MC-Centro,1805593.75,1782000.0
2025-09-14,15,PT1H,MC-Centro,1750559.28,1734000.0
2025-09-14,16,PT1H,MC-Centro,1710327.38,1700000.0
2025-09-14,17,PT1H,MC-Centro,1709630.46,1686000.0
2025-09-14,18,PT1H,MC-Centro,1752905.75,1722000.0
2025-09-14,19,PT1H,MC-Centro,1924284.44,1896000.0
2025-09-14,20,PT1H,MC-Centro,1946022.48,1938000.0
2025-09-14,21,PT1H,MC-Centro,1874748.71,1877000.0
2025-09-14,22,PT1H,MC-Centro,1727689.29,1735000.0
2025-09-14,23,PT1H,MC-Centro,1570380.96,1572000.0
2025-09-14,24,PT1H,MC-Centro,1441752.43,1440000.0
2024-12-20,1,PT1H,MC-Centro,1562110.92,1578000.0
2024-12-20,2,PT1H,MC-Centro,1498223.05,1505000.0
2024-12-20,3,PT1H,MC-Centro,1435202.44,1453000.0
2024-12-20,4,PT1H,MC-Centro,1428125.53,1448000.0
2024-12-20,5,PT1H,MC-Centro,1500163.38,1529000.0
2024-12-20,6,PT1H,MC-Centro,1614143.06,1654000.0
2024-12-20,7,PT1H,MC-Centro,1786095.84,1835000.0
2024-12-20,8,PT1H,MC-Centro,1953295.49,2009000.0
2024-12-20,9,PT1H,MC-Centro,2058883.08,2108000.0
2024-12-20,10,PT1H,MC-Centro,2112952.29,2150000.0
2024-12-20,11,PT1H,MC-Centro,2182168.56,2219000.0
2024-12-20,12,PT1H,MC-Centro,2223641.71,2257000.0
2024-12-20,13,PT1H,MC-Centro,2223299.99,2250000.0
2024-12-20,14,PT1H,MC-Centro,2178351.6,2205000.0
2024-12-20,15,PT1H,MC-Centro,2159192.6,2192000.0
2024-12-20,16,PT1H,MC-Centro,2140710.33,2166000.0
2024-12-20,17,PT1H,MC-Centro,2125662.67,2114000.0
2024-12-20,18,PT1H,MC-Centro,2118324.35,2119000.0
2024-12-20,19,PT1H,MC-Centro,2204336.58,2212000.0
2024-12-20,20,PT1H,MC-Centro,2170775.33,2192000.0
2024-12-20,21,PT1H,MC-Centro,2106561.69,2115000.0
2024-12-20,22,PT1H,MC-Centro,1965751.19,1962000.0
2024-12-20,23,PT1H,MC-Centro,1812504.07,1803000.0
2024-12-20,24,PT1H,MC-Centro,1665802.04,1670000.0
2024-12-19,1,PT1H,MC-Centro,1561804.36,1579750.0
2024-12-19,2,PT1H,MC-Centro,1502549.64,1499240.0
2024-12-19,3,PT1H,MC-Centro,1437660.27,1441620.0
2024-12-19,4,PT1H,MC-Centro,1438721.97,1452300.0
2024-12-19,5,PT1H,MC-Centro,1517617.35,1518450.0
2024-12-19,6,PT1H,MC-Centro,1646898.8,1638930.0
2024-12-19,7,PT1H,MC-Centro,1837720.23,1822960.0
2024-12-19,8,PT1H,MC-Centro,1991807.75,1998880.0
2024-12-19,9,PT1H,MC-Centro,2105540.09,2097250.0
2024-12-19,10,PT1H,MC-Centro,2172794.85,2145710.0
2024-12-19,11,PT1H,MC-Centro,2227830.69,2215580.0
2024-12-19,12,PT1H,MC-Centro,2254576.03,2269220.0
2024-12-19,13,PT1H,MC-Centro,2248225.93,2260670.0
2024-12-19,14,PT1H,MC-Centro,2201895.39,2229880.0
2024-12-19,15,PT1H,MC-Centro,2200802.84,2211140.0
2024-12-19,16,PT1H,MC-Centro,2186521.83,2211690.0
2024-12-19,17,PT1H,MC-Centro,2154163.17,2140410.0
2024-12-19,18,PT1H,MC-Centro,2148794.52,2165090.0
2024-12-19,19,PT1H,MC-Centro,2235240.35,2253160.0
2024-12-19,20,PT1H,MC-Centro,2203151.69,2241110.0
2024-12-19,21,PT1H,MC-Centro,2132861.11,2162480.0
2024-12-19,22,PT1H,MC-Centro,1988125.4,2007390.0
2024-12-19,23,PT1H,MC-Centro,1811402.31,1845270.0
2024-12-19,24,PT1H,MC-Centro,1683368.18,1704850.0
2024-10-08,1,PT1H,MC-Centro,1491552.07,1491000.0
2024-10-08,2,PT1H,MC-Centro,1433775.14,1430000.0
2024-10-08,3,PT1H,MC-Centro,1385061.7,1390000.0
2024-10-08,4,PT1H,MC-Centro,1394099.54,1402000.0
2024-10-08,5,PT1H,MC-Centro,1481663.49,1493000.0
2024-10-08,6,PT1H,MC-Centro,1611502.23,1633000.0
2024-10-08,7,PT1H,MC-Centro,1787875.51,1795000.0
2024-10-08,8,PT1H,MC-Centro,1977636.88,1945000.0
2024-10-08,9,PT1H,MC-Centro,2072086.64,2050000.0
2024-10-08,10,PT1H,MC-Centro,2104909.89,2104000.0
2024-10-08,11,PT1H,MC-Centro,2173184.41,2169000.0
2024-10-08,12,PT1H,MC-Centro,2248814.95,2213000.0
2024-10-08,13,PT1H,MC-Centro,2274734.5,2202000.0
2024-10-08,14,PT1H,MC-Centro,2233749.85,2162000.0
2024-10-08,15,PT1H,MC-Centro,2196743.71,2162000.0
2024-10-08,16,PT1H,MC-Centro,2225577.65,2164000.0
2024-10-08,17,PT1H,MC-Centro,2173844.28,2139000.0
2024-10-08,18,PT1H,MC-Centro,2162939.77,2119000.0
2024-10-08,19,PT1H,MC-Centro,2228070.98,2236000.0
2024-10-08,20,PT1H,MC-Centro,2206797.41,2251000.0
2024-10-08,21,PT1H,MC-Centro,2116442.75,2145000.0
2024-10-08,22,PT1H,MC-Centro,1944660.95,1953000.0
2024-10-08,23,PT1H,MC-Centro,1765369.2,1750000.0
2024-10-08,24,PT1H,MC-Centro,1623033.73,1604000.0
2025-06-30,1,PT1H,MC-Centro,1295554.58,1331000.0
2025-06-30,2,PT1H,MC-Centro,1232797.48,1262000.0
2025-06-30,3,PT1H,MC-Centro,1190169.56,1211000.0
2025-06-30,4,PT1H,MC-Centro,1166993.28,1188000.0
2025-06-30,5,PT1H,MC-Centro,1177796.32,1202000.0
2025-06-30,6,PT1H,MC-Centro,1176979.34,1212000.0
2025-06-30,7,PT1H,MC-Centro,1217775.81,1262000.0
2025-06-30,8,PT1H,MC-Centro,1342408.71,1403000.0
2025-06-30,9,PT1H,MC-Centro,1479226.02,1558000.0
2025-06-30,10,PT1H,MC-Centro,1608562.63,1687000.0
2025-06-30,11,PT1H,MC-Centro,1713663.25,1797000.0
2025-06-30,12,PT1H,MC-Centro,1773974.85,1865000.0
2025-06-30,13,PT1H,MC-Centro,1798165.66,1893000.0
2025-06-30,14,PT1H,MC-Centro,1784523.31,1861000.0
2025-06-30,15,PT1H,MC-Centro,1730333.87,1803000.0
2025-06-30,16,PT1H,MC-Centro,1696188.67,1763000.0
2025-06-30,17,PT1H,MC-Centro,1665274.08,1750000.0
2025-06-30,18,PT1H,MC-Centro,1682840.23,1769000.0
2025-06-30,19,PT1H,MC-Centro,1845046.18,1924000.0
2025-06-30,20,PT1H,MC-Centro,1903548.22,1971000.0
2025-06-30,21,PT1H,MC-Centro,1852076.14,1901000.0
2025-06-30,22,PT1H,MC-Centro,1724315.03,1760000.0
2025-06-30,23,PT1H,MC-Centro,1591737.08,1607000.0
2025-06-30,24,PT1H,MC-Centro,1464198.68,1476000.0
2026-01-19,1,PT1H,MC-Centro,1375164.69,1402000.0
2026-01-19,2,PT1H,MC-Centro,1316155.58,1339000.0
2026-01-19,3,PT1H,MC-Centro,1261930.65,1296000.0
2026-01-19,4,PT1H,MC-Centro,1287293.66,1307000.0
2026-01-19,5,PT1H,MC-Centro,1379450.64,1419000.0
2026-01-19,6,PT1H,MC-Centro,1539916.1,1570000.0
2026-01-19,7,PT1H,MC-Centro,1727727.85,1768000.0
2026-01-19,8,PT1H,MC-Centro,1918059.71,1927000.0
2026-01-19,9,PT1H,MC-Centro,2068049.89,2053000.0
2026-01-19,10,PT1H,MC-Centro,2136316.24,2128000.0
2026-01-19,11,PT1H,MC-Centro,2219274.39,2206000.0
2026-01-19,12,PT1H,MC-Centro,2301710.81,2267000.0
2026-01-19,13,PT1H,MC-Centro,2303139.18,2286000.0
2026-01-19,14,PT1H,MC-Centro,2285293.13,2253000.0
2026-01-19,15,PT1H,MC-Centro,2277151.45,2243000.0
2026-01-19,16,PT1H,MC-Centro,2239023.53,2221000.0
2026-01-19,17,PT1H,MC-Centro,2172413.93,2183000.0
2026-01-19,18,PT1H,MC-Centro,2151155.5,2151000.0
2026-01-19,19,PT1H,MC-Centro,2276410.19,2267000.0
2026-01-19,20,PT1H,MC-Centro,2291269.19,2274000.0
2026-01-19,21,PT1H,MC-Centro,2184317.19,2193000.0
2026-01-19,22,PT1H,MC-Centro,1991510.71,2012000.0
2026-01-19,23,PT1H,MC-Centro,1786425.08,1818000.0
2026-01-19,24,PT1H,MC-Centro,1627868.32,1660000.0
2024-12-06,1,PT1H,MC-Centro,1599367.92,1548000.0
2024-12-06,2,PT1H,MC-Centro,1523570.67,1491000.0
2024-12-06,3,PT1H,MC-Centro,1470100.99,1436000.0
2024-12-06,4,PT1H,MC-Centro,1473287.09,1429000.0
2024-12-06,5,PT1H,MC-Centro,1559325.16,1514000.0
2024-12-06,6,PT1H,MC-Centro,1686535.22,1655000.0
2024-12-06,7,PT1H,MC-Centro,1885530.61,1856000.0
2024-12-06,8,PT1H,MC-Centro,2070025.39,2029000.0
2024-12-06,9,PT1H,MC-Centro,2149194.9,2132000.0
2024-12-06,10,PT1H,MC-Centro,2204404.36,2157000.0
2024-12-06,11,PT1H,MC-Centro,2251987.64,2236000.0
2024-12-06,12,PT1H,MC-Centro,2296374.17,2279000.0
2024-12-06,13,PT1H,MC-Centro,2278472.56,2270000.0
2024-12-06,14,PT1H,MC-Centro,2245034.98,2218000.0
2024-12-06,15,PT1H,MC-Centro,2242031.38,2214000.0
2024-12-06,16,PT1H,MC-Centro,2240683.13,2197000.0
2024-12-06,17,PT1H,MC-Centro,2188363.49,2149000.0
2024-12-06,18,PT1H,MC-Centro,2182956.07,2167000.0
2024-12-06,19,PT1H,MC-Centro,2260926.06,2229000.0
2024-12-06,20,PT1H,MC-Centro,2244802.23,2218000.0
2024-12-06,21,PT1H,MC-Centro,2168178.85,2132000.0
2024-12-06,22,PT1H,MC-Centro,2017107.11,1976000.0
2024-12-06,23,PT1H,MC-Centro,1847586.78,1814000.0
2024-12-06,24,PT1H,MC-Centro,1702678.29,1684000.0
2025-12-31,1,PT1H,MC-Centro,1380166.45,1363000.0
2025-12-31,2,PT1H,MC-Centro,1297492.47,1290000.0
2025-12-31,3,PT1H,MC-Centro,1257711.54,1247000.0
2025-12-31,4,PT1H,MC-Centro,1223669.11,1232000.0
2025-12-31,5,PT1H,MC-Centro,1253126.03,1261000.0
2025-12-31,6,PT1H,MC-Centro,1290482.24,1300000.0
2025-12-31,7,PT1H,MC-Centro,1361247.73,1373000.0
2025-12-31,8,PT1H,MC-Centro,1498825.65,1491000.0
2025-12-31,9,PT1H,MC-Centro,1605196.99,1607000.0
2025-12-31,10,PT1H,MC-Centro,1678199.44,1685000.0
2025-12-31,11,PT1H,MC-Centro,1732872.63,1736000.0
2025-12-31,12,PT1H,MC-Centro,1756253.47,1762000.0
2025-12-31,13,PT1H,MC-Centro,1749262.44,1753000.0
2025-12-31,14,PT1H,MC-Centro,1714208.32,1702000.0
2025-12-31,15,PT1H,MC-Centro,1644831.93,1664000.0
2025-12-31,16,PT1H,MC-Centro,1645756.11,1642000.0
2025-12-31,17,PT1H,MC-Centro,1635385.28,1644000.0
2025-12-31,18,PT1H,MC-Centro,1682540.29,1684000.0
2025-12-31,19,PT1H,MC-Centro,1819455.37,1817000.0
2025-12-31,20,PT1H,MC-Centro,1779295.52,1789000.0
2025-12-31,21,PT1H,MC-Centro,1674445.22,1703000.0
2025-12-31,22,PT1H,MC-Centro,1559957.11,1587000.0
2025-12-31,23,PT1H,MC-Centro,1475908.13,1489000.0
2025-12-31,24,PT1H,MC-Centro,1393134.9,1406000.0
2024-09-03,1,PT1H,MC-Centro,1489553.33,1513000.0
2024-09-03,2,PT1H,MC-Centro,1419703.87,1453000.0
2024-09-03,3,PT1H,MC-Centro,1378118.18,1424000.0
2024-09-03,4,PT1H,MC-Centro,1382757.75,1417000.0
2024-09-03,5,PT1H,MC-Centro,1518457.8,1559000.0
2024-09-03,6,PT1H,MC-Centro,1762234.38,1791000.0
2024-09-03,7,PT1H,MC-Centro,1851639.31,1870000.0
2024-09-03,8,PT1H,MC-Centro,1975858.71,1982000.0
2024-09-03,9,PT1H,MC-Centro,2046476.42,2074000.0
2024-09-03,10,PT1H,MC-Centro,2090552.77,2115000.0
2024-09-03,11,PT1H,MC-Centro,2139360.83,2188000.0
2024-09-03,12,PT1H,MC-Centro,2191396.04,2225000.0
2024-09-03,13,PT1H,MC-Centro,2188347.0,2209000.0
2024-09-03,14,PT1H,MC-Centro,2140862.87,2159000.0
2024-09-03,15,PT1H,MC-Centro,2126858.56,2172000.0
2024-09-03,16,PT1H,MC-Centro,2090062.4,2164000.0
2024-09-03,17,PT1H,MC-Centro,2049855.61,2132000.0
2024-09-03,18,PT1H,MC-Centro,2041492.67,2101000.0
2024-09-03,19,PT1H,MC-Centro,2170064.86,2208000.0
2024-09-03,20,PT1H,MC-Centro,2168276.68,2231000.0
2024-09-03,21,PT1H,MC-Centro,2064136.61,2143000.0
2024-09-03,22,PT1H,MC-Centro,1895353.2,1956000.0
2024-09-03,23,PT1H,MC-Centro,1703802.26,1754000.0
2024-09-03,24,PT1H,MC-Centro,1544109.53,1618000.0
2025-11-01,1,PT1H,MC-Centro,1531111.92,1567370.0
2025-11-01,2,PT1H,MC-Centro,1458959.36,1485150.0
2025-11-01,3,PT1H,MC-Centro,1413515.34,1437240.0
2025-11-01,4,PT1H,MC-Centro,1398959.19,1428940.0
2025-11-01,5,PT1H,MC-Centro,1427592.06,1461410.0
2025-11-01,6,PT1H,MC-Centro,1468751.21,1505140.0
2025-11-01,7,PT1H,MC-Centro,1606023.1,1659250.0
2025-11-01,8,PT1H,MC-Centro,1773616.81,1829840.0
2025-11-01,9,PT1H,MC-Centro,1921191.28,1973320.0
2025-11-01,10,PT1H,MC-Centro,2006999.82,2059190.0
2025-11-01,11,PT1H,MC-Centro,2092720.92,2131090.0
2025-11-01,12,PT1H,MC-Centro,2127438.7,2155900.0
2025-11-01,13,PT1H,MC-Centro,2107672.19,2129100.0
2025-11-01,14,PT1H,MC-Centro,2046592.18,2052360.0
2025-11-01,15,PT1H,MC-Centro,1970807.09,1991510.0
2025-11-01,16,PT1H,MC-Centro,1945642.05,1970620.0
2025-11-01,17,PT1H,MC-Centro,1928591.25,1938700.0
2025-11-01,18,PT1H,MC-Centro,1961694.78,1962720.0
2025-11-01,19,PT1H,MC-Centro,2049855.21,2041940.0
2025-11-01,20,PT1H,MC-Centro,2007061.07,2012410.0
2025-11-01,21,PT1H,MC-Centro,1909615.11,1920730.0
2025-11-01,22,PT1H,MC-Centro,1765079.95,1794430.0
2025-11-01,23,PT1H,MC-Centro,1626523.71,1652900.0
2025-11-01,24,PT1H,MC-Centro,1506427.55,1517850.0
2025-04-20,1,PT1H,MC-Centro,1314867.65,1317000.0
2025-04-20,2,PT1H,MC-Centro,1242645.06,1238000.0
2025-04-20,3,PT1H,MC-Centro,1188156.65,1182000.0
2025-04-20,4,PT1H,MC-Centro,1157824.09,1157000.0
2025-04-20,5,PT1H,MC-Centro,1157590.64,1156000.0
2025-04-20,6,PT1H,MC-Centro,1152875.4,1161000.0
2025-04-20,7,PT1H,MC-Centro,1190247.78,1194000.0
2025-04-20,8,PT1H,MC-Centro,1313809.33,1325000.0
2025-04-20,9,PT1H,MC-Centro,1451037.36,1474000.0
2025-04-20,10,PT1H,MC-Centro,1549590.9,1597000.0
2025-04-20,11,PT1H,MC-Centro,1639031.99,1694000.0
2025-04-20,12,PT1H,MC-Centro,1709987.26,1743000.0
2025-04-20,13,PT1H,MC-Centro,1744102.96,1766000.0
2025-04-20,14,PT1H,MC-Centro,1740870.32,1737000.0
2025-04-20,15,PT1H,MC-Centro,1701884.36,1690000.0
2025-04-20,16,PT1H,MC-Centro,1668097.97,1653000.0
2025-04-20,17,PT1H,MC-Centro,1666567.68,1639000.0
2025-04-20,18,PT1H,MC-Centro,1686707.58,1673000.0
2025-04-20,19,PT1H,MC-Centro,1846282.12,1848000.0
2025-04-20,20,PT1H,MC-Centro,1888214.72,1893000.0
2025-04-20,21,PT1H,MC-Centro,1825912.25,1828000.0
2025-04-20,22,PT1H,MC-Centro,1694282.07,1687000.0
2025-04-20,23,PT1H,MC-Centro,1553221.79,1540000.0
2025-04-20,24,PT1H,MC-Centro,1433201.93,1415000.0
2026-01-03,1,PT1H,MC-Centro,1329954.83,1371000.0
2026-01-03,2,PT1H,MC-Centro,1257759.06,1308000.0
2026-01-03,3,PT1H,MC-Centro,1211970.57,1274000.0
2026-01-03,4,PT1H,MC-Centro,1189537.78,1275000.0
2026-01-03,5,PT1H,MC-Centro,1213437.72,1289000.0
2026-01-03,6,PT1H,MC-Centro,1243272.52,1312000.0
2026-01-03,7,PT1H,MC-Centro,1306102.26,1393000.0
2026-01-03,8,PT1H,MC-Centro,1423339.93,1514000.0
2026-01-03,9,PT1H,MC-Centro,1530080.92,1632000.0
2026-01-03,10,PT1H,MC-Centro,1633963.3,1726000.0
2026-01-03,11,PT1H,MC-Centro,1710018.99,1786000.0
2026-01-03,12,PT1H,MC-Centro,1737500.37,1828000.0
2026-01-03,13,PT1H,MC-Centro,1783991.7,1823000.0
2026-01-03,14,PT1H,MC-Centro,1759034.66,1785000.0
2026-01-03,15,PT1H,MC-Centro,1729548.56,1748000.0
2026-01-03,16,PT1H,MC-Centro,1684406.11,1730000.0
2026-01-03,17,PT1H,MC-Centro,1654197.51,1712000.0
2026-01-03,18,PT1H,MC-Centro,1711829.08,1730000.0
2026-01-03,19,PT1H,MC-Centro,1826031.61,1861000.0
2026-01-03,20,PT1H,MC-Centro,1814830.15,1863000.0
2026-01-03,21,PT1H,MC-Centro,1745158.34,1782000.0
2026-01-03,22,PT1H,MC-Centro,1632239.63,1658000.0
2026-01-03,23,PT1H,MC-Centro,1511319.69,1533000.0
2026-01-03,24,PT1H,MC-Centro,1421456.02,1409000.0
2025-03-28,1,PT1H,MC-Centro,1569345.96,1571000.0
2025-03-28,2,PT1H,MC-Centro,1505312.71,1507000.0
2025-03-28,3,PT1H,MC-Centro,1451408.15,1460000.0
2025-03-28,4,PT1H,MC-Centro,1445446.11,1464000.0
2025-03-28,5,PT1H,MC-Centro,1579514.86,1589000.0
2025-03-28,6,PT1H,MC-Centro,1827652.24,1835000.0
2025-03-28,7,PT1H,MC-Centro,1912207.37,1923000.0
2025-03-28,8,PT1H,MC-Centro,2034528.22,2049000.0
2025-03-28,9,PT1H,MC-Centro,2115643.85,2146000.0
2025-03-28,10,PT1H,MC-Centro,2170744.71,2184000.0
2025-03-28,11,PT1H,MC-Centro,2222323.45,2244000.0
2025-03-28,12,PT1H,MC-Centro,2269759.8,2278000.0
2025-03-28,13,PT1H,MC-Centro,2251507.76,2261000.0
2025-03-28,14,PT1H,MC-Centro,2200281.82,2227000.0
2025-03-28,15,PT1H,MC-Centro,2188421.46,2219000.0
2025-03-28,16,PT1H,MC-Centro,2194042.72,2201000.0
2025-03-28,17,PT1H,MC-Centro,2168982.77,2158000.0
2025-03-28,18,PT1H,MC-Centro,2140814.36,2122000.0
2025-03-28,19,PT1H,MC-Centro,2231623.8,2254000.0
2025-03-28,20,PT1H,MC-Centro,2248423.59,2269000.0
2025-03-28,21,PT1H,MC-Centro,2172028.04,2192000.0
2025-03-28,22,PT1H,MC-Centro,2003158.73,2029000.0
2025-03-28,23,PT1H,MC-Centro,1816671.83,1850000.0
2025-03-28,24,PT1H,MC-Centro,1681760.24,1702000.0
2025-10-09,1,PT1H,MC-Centro,3170087.44,3090000.0
2025-10-09,2,PT1H,MC-Centro,3059004.52,2962000.0
2025-10-09,3,PT1H,MC-Centro,2984534.28,2870000.0
2025-10-09,4,PT1H,MC-Centro,3022814.84,2872000.0
2025-10-09,5,PT1H,MC-Centro,3218564.56,3100000.0
2025-10-09,6,PT1H,MC-Centro,3479405.02,3458000.0
2025-10-09,7,PT1H,MC-Centro,3866170.44,3780000.0
2025-10-09,8,PT1H,MC-Centro,4217675.16,4056000.0
2025-10-09,9,PT1H,MC-Centro,4475810.72,4278000.0
2025-10-09,10,PT1H,MC-Centro,4592503.46,4376000.0
2025-10-09,11,PT1H,MC-Centro,4757926.0,4500000.0
2025-10-09,12,PT1H,MC-Centro,4799665.62,4580000.0
2025-10-09,13,PT1H,MC-Centro,4753696.34,4536000.0
2025-10-09,14,PT1H,MC-Centro,4664942.18,4440000.0
2025-10-09,15,PT1H,MC-Centro,4652329.44,4450000.0
2025-10-09,16,PT1H,MC-Centro,4613927.14,4434000.0
2025-10-09,17,PT1H,MC-Centro,4557779.88,4362000.0
2025-10-09,18,PT1H,MC-Centro,4593886.26,4272000.0
2025-10-09,19,PT1H,MC-Centro,4668429.36,4512000.0
2025-10-09,20,PT1H,MC-Centro,4592250.9,4556000.0
2025-10-09,21,PT1H,MC-Centro,4392521.48,4382000.0
2025-10-09,22,PT1H,MC-Centro,4032169.0,4010000.0
2025-10-09,23,PT1H,MC-Centro,3652071.42,3594000.0
2025-10-09,24,PT1H,MC-Centro,3392111.32,3308000.0
2025-11-22,1,PT1H,MC-Centro,1610306.9,1609000.0
2025-11-22,2,PT1H,MC-Centro,1537021.36,1534000.0
2025-11-22,3,PT1H,MC-Centro,1478451.94,1485000.0
2025-11-22,4,PT1H,MC-Centro,1471091.21,1465000.0
2025-11-22,5,PT1H,MC-Centro,1508198.2,1508000.0
2025-11-22,6,PT1H,MC-Centro,1568392.08,1563000.0
2025-11-22,7,PT1H,MC-Centro,1744107.21,1732000.0
2025-11-22,8,PT1H,MC-Centro,1935664.61,1912000.0
2025-11-22,9,PT1H,MC-Centro,2055833.51,2049000.0
2025-11-22,10,PT1H,MC-Centro,2139288.8,2138000.0
2025-11-22,11,PT1H,MC-Centro,2189341.27,2204000.0
2025-11-22,12,PT1H,MC-Centro,2202785.53,2222000.0
2025-11-22,13,PT1H,MC-Centro,2174945.75,2203000.0
2025-11-22,14,PT1H,MC-Centro,2102376.07,2144000.0
2025-11-22,15,PT1H,MC-Centro,2045170.03,2061000.0
2025-11-22,16,PT1H,MC-Centro,2008969.79,2032000.0
2025-11-22,17,PT1H,MC-Centro,1986425.25,2027000.0
2025-11-22,18,PT1H,MC-Centro,2045593.82,2067000.0
2025-11-22,19,PT1H,MC-Centro,2142069.64,2141000.0
2025-11-22,20,PT1H,MC-Centro,2101897.44,2093000.0
2025-11-22,21,PT1H,MC-Centro,2009189.87,2002000.0
2025-11-22,22,PT1H,MC-Centro,1870106.15,1862000.0
2025-11-22,23,PT1H,MC-Centro,1721128.28,1696000.0
2025-11-22,24,PT1H,MC-Centro,1584377.53,1563000.0
2025-06-28,1,PT1H,MC-Centro,1548852.97,1554000.0
2025-06-28,2,PT1H,MC-Centro,1476461.71,1482000.0
2025-06-28,3,PT1H,MC-Centro,1429314.41,1431000.0
2025-06-28,4,PT1H,MC-Centro,1413107.32,1418000.0
2025-06-28,5,PT1H,MC-Centro,1443561.06,1450000.0
2025-06-28,6,PT1H,MC-Centro,1474079.09,1504000.0
2025-06-28,7,PT1H,MC-Centro,1592942.19,1647000.0
2025-06-28,8,PT1H,MC-Centro,1753641.48,1828000.0
2025-06-28,9,PT1H,MC-Centro,1903129.41,1973000.0
2025-06-28,10,PT1H,MC-Centro,1981656.08,2052000.0
2025-06-28,11,PT1H,MC-Centro,2044802.73,2111000.0
2025-06-28,12,PT1H,MC-Centro,2055831.65,2116000.0
2025-06-28,13,PT1H,MC-Centro,2042691.07,2086000.0
2025-06-28,14,PT1H,MC-Centro,1989409.18,2033000.0
2025-06-28,15,PT1H,MC-Centro,1925786.28,1976000.0
2025-06-28,16,PT1H,MC-Centro,1890078.45,1933000.0
2025-06-28,17,PT1H,MC-Centro,1857811.32,1907000.0
2025-06-28,18,PT1H,MC-Centro,1827949.99,1881000.0
2025-06-28,19,PT1H,MC-Centro,1934753.39,1986000.0
2025-06-28,20,PT1H,MC-Centro,1958647.05,1996000.0
2025-06-28,21,PT1H,MC-Centro,1889644.25,1922000.0
2025-06-28,22,PT1H,MC-Centro,1757481.82,1787000.0
2025-06-28,23,PT1H,MC-Centro,1607134.04,1632000.0
2025-06-28,24,PT1H,MC-Centro,1489550.23,1505000.0
2025-01-28,1,PT1H,MC-Centro,1507291.08,1520720.0
2025-01-28,2,PT1H,MC-Centro,1449359.98,1472260.0
2025-01-28,3,PT1H,MC-Centro,1417437.51,1425420.0
2025-01-28,4,PT1H,MC-Centro,1429339.25,1426380.0
2025-01-28,5,PT1H,MC-Centro,1554016.61,1530260.0
2025-01-28,6,PT1H,MC-Centro,1750541.29,1705520.0
2025-01-28,7,PT1H,MC-Centro,1881914.99,1855260.0
2025-01-28,8,PT1H,MC-Centro,2036372.25,2009650.0
2025-01-28,9,PT1H,MC-Centro,2122942.21,2096980.0
2025-01-28,10,PT1H,MC-Centro,2164804.27,2154370.0
2025-01-28,11,PT1H,MC-Centro,2253002.67,2208130.0
2025-01-28,12,PT1H,MC-Centro,2288944.35,2258750.0
2025-01-28,13,PT1H,MC-Centro,2273063.88,2262190.0
2025-01-28,14,PT1H,MC-Centro,2207950.59,2219440.0
2025-01-28,15,PT1H,MC-Centro,2217972.37,2218080.0
2025-01-28,16,PT1H,MC-Centro,2196031.52,2205060.0
2025-01-28,17,PT1H,MC-Centro,2140837.65,2157530.0
2025-01-28,18,PT1H,MC-Centro,2131534.93,2138870.0
2025-01-28,19,PT1H,MC-Centro,2238262.99,2256320.0
2025-01-28,20,PT1H,MC-Centro,2250400.5,2263890.0
2025-01-28,21,PT1H,MC-Centro,2159937.23,2163620.0
2025-01-28,22,PT1H,MC-Centro,1966764.64,1979730.0
2025-01-28,23,PT1H,MC-Centro,1768658.9,1780110.0
2025-01-28,24,PT1H,MC-Centro,1662954.32,1632540.0
2024-08-04,1,PT1H,MC-Centro,1387925.83,1377000.0
2024-08-04,2,PT1H,MC-Centro,1310232.02,1305000.0
2024-08-04,3,PT1H,MC-Centro,1243656.35,1253000.0
2024-08-04,4,PT1H,MC-Centro,1209523.32,1220000.0
2024-08-04,5,PT1H,MC-Centro,1202739.56,1214000.0
2024-08-04,6,PT1H,MC-Centro,1208394.98,1210000.0
2024-08-04,7,PT1H,MC-Centro,1247566.86,1250000.0
2024-08-04,8,PT1H,MC-Centro,1382462.18,1376000.0
2024-08-04,9,PT1H,MC-Centro,1515745.75,1509000.0
2024-08-04,10,PT1H,MC-Centro,1613188.38,1619000.0
2024-08-04,11,PT1H,MC-Centro,1686494.96,1700000.0
2024-08-04,12,PT1H,MC-Centro,1726451.63,1745000.0
2024-08-04,13,PT1H,MC-Centro,1733573.22,1765000.0
2024-08-04,14,PT1H,MC-Centro,1700677.63,1738000.0
2024-08-04,15,PT1H,MC-Centro,1648288.69,1685000.0
2024-08-04,16,PT1H,MC-Centro,1617675.0,1648000.0
2024-08-04,17,PT1H,MC-Centro,1606803.13,1631000.0
2024-08-04,18,PT1H,MC-Centro,1637877.96,1647000.0
2024-08-04,19,PT1H,MC-Centro,1802319.4,1800000.0
2024-08-04,20,PT1H,MC-Centro,1863311.87,1848000.0
2024-08-04,21,PT1H,MC-Centro,1809145.62,1768000.0
2024-08-04,22,PT1H,MC-Centro,1678275.2,1655000.0
2024-08-04,23,PT1H,MC-Centro,1531652.14,1532000.0
2024-08-04,24,PT1H,MC-Centro,1432202.47,1434000.0
2025-11-29,13,PT1H,MC-Centro,2141258.5,2199000.0
2025-11-29,14,PT1H,MC-Centro,2068900.33,2131000.0
2025-11-29,15,PT1H,MC-Centro,2001800.83,2064000.0
2025-11-29,16,PT1H,MC-Centro,1995908.82,2031000.0
2025-11-29,17,PT1H,MC-Centro,1971169.46,2012000.0
2025-11-29,18,PT1H,MC-Centro,2003612.93,2062000.0
2025-11-29,19,PT1H,MC-Centro,2079584.81,2155000.0
2025-11-29,20,PT1H,MC-Centro,2036103.37,2110000.0
2025-11-29,21,PT1H,MC-Centro,1948860.85,2017000.0
2025-11-29,22,PT1H,MC-Centro,1822361.06,1877000.0
2025-11-29,23,PT1H,MC-Centro,1673387.63,1722000.0
2025-11-29,24,PT1H,MC-Centro,1565960.09,1586000.0
2025-11-29,1,PT1H,MC-Centro,1584384.36,1619000.0
2025-11-29,2,PT1H,MC-Centro,1512666.36,1545000.0
2025-11-29,3,PT1H,MC-Centro,1465241.9,1491000.0
2025-11-29,4,PT1H,MC-Centro,1445178.6,1479000.0
2025-11-29,5,PT1H,MC-Centro,1486222.08,1517000.0
2025-11-29,6,PT1H,MC-Centro,1550230.03,1575000.0
2025-11-29,7,PT1H,MC-Centro,1721078.73,1749000.0
2025-11-29,8,PT1H,MC-Centro,1896845.0,1937000.0
2025-11-29,9,PT1H,MC-Centro,2010771.82,2065000.0
2025-11-29,10,PT1H,MC-Centro,2089653.76,2151000.0
2025-11-29,11,PT1H,MC-Centro,2154222.62,2208000.0
2025-11-29,12,PT1H,MC-Centro,2181460.63,2225000.0
2024-09-29,1,PT1H,MC-Centro,1401235.45,1426000.0
2024-09-29,2,PT1H,MC-Centro,1327184.03,1364000.0
2024-09-29,3,PT1H,MC-Centro,1278295.15,1310000.0
2024-09-29,4,PT1H,MC-Centro,1247354.94,1274000.0
2024-09-29,5,PT1H,MC-Centro,1236636.3,1266000.0
2024-09-29,6,PT1H,MC-Centro,1231515.54,1252000.0
2024-09-29,7,PT1H,MC-Centro,1279082.54,1307000.0
2024-09-29,8,PT1H,MC-Centro,1431251.92,1438000.0
2024-09-29,9,PT1H,MC-Centro,1531424.79,1568000.0
2024-09-29,10,PT1H,MC-Centro,1629655.14,1674000.0
2024-09-29,11,PT1H,MC-Centro,1688997.49,1750000.0
2024-09-29,12,PT1H,MC-Centro,1728068.94,1804000.0
2024-09-29,13,PT1H,MC-Centro,1740982.8,1812000.0
2024-09-29,14,PT1H,MC-Centro,1730540.79,1774000.0
2024-09-29,15,PT1H,MC-Centro,1688222.33,1724000.0
2024-09-29,16,PT1H,MC-Centro,1670549.66,1696000.0
2024-09-29,17,PT1H,MC-Centro,1665823.06,1690000.0
2024-09-29,18,PT1H,MC-Centro,1724995.03,1745000.0
2024-09-29,19,PT1H,MC-Centro,1870030.98,1906000.0
2024-09-29,20,PT1H,MC-Centro,1871006.26,1925000.0
2024-09-29,21,PT1H,MC-Centro,1801938.42,1860000.0
2024-09-29,22,PT1H,MC-Centro,1666734.75,1724000.0
2024-09-29,23,PT1H,MC-Centro,1521793.89,1583000.0
2024-09-29,24,PT1H,MC-Centro,1413506.75,1462000.0
2025-01-05,1,PT1H,MC-Centro,1304843.09,1314000.0
2025-01-05,2,PT1H,MC-Centro,1246548.55,1244000.0
2025-01-05,3,PT1H,MC-Centro,1193189.48,1197000.0
2025-01-05,4,PT1H,MC-Centro,1163261.95,1171000.0
2025-01-05,5,PT1H,MC-Centro,1161663.57,1170000.0
2025-01-05,6,PT1H,MC-Centro,1162097.22,1169000.0
2025-01-05,7,PT1H,MC-Centro,1185469.19,1179000.0
2025-01-05,8,PT1H,MC-Centro,1268531.54,1275000.0
2025-01-05,9,PT1H,MC-Centro,1370171.05,1392000.0
2025-01-05,10,PT1H,MC-Centro,1463684.46,1493000.0
2025-01-05,11,PT1H,MC-Centro,1536284.24,1574000.0
2025-01-05,12,PT1H,MC-Centro,1573056.75,1623000.0
2025-01-05,13,PT1H,MC-Centro,1599721.57,1641000.0
2025-01-05,14,PT1H,MC-Centro,1597303.5,1621000.0
2025-01-05,15,PT1H,MC-Centro,1561763.79,1585000.0
2025-01-05,16,PT1H,MC-Centro,1537759.29,1554000.0
2025-01-05,17,PT1H,MC-Centro,1524484.6,1548000.0
2025-01-05,18,PT1H,MC-Centro,1569376.57,1567000.0
2025-01-05,19,PT1H,MC-Centro,1685009.17,1711000.0
2025-01-05,20,PT1H,MC-Centro,1692836.19,1733000.0
2025-01-05,21,PT1H,MC-Centro,1635003.32,1684000.0
2025-01-05,22,PT1H,MC-Centro,1534461.91,1569000.0
2025-01-05,23,PT1H,MC-Centro,1426010.15,1454000.0
2025-01-05,24,PT1H,MC-Centro,1321872.34,1344000.0
2024-10-31,1,PT1H,MC-Centro,1529544.06,1539000.0
2024-10-31,2,PT1H,MC-Centro,1467477.45,1477000.0
2024-10-31,3,PT1H,MC-Centro,1425256.5,1435000.0
2024-10-31,4,PT1H,MC-Centro,1433412.71,1447000.0
2024-10-31,5,PT1H,MC-Centro,1582875.66,1588000.0
2024-10-31,6,PT1H,MC-Centro,1799280.21,1817000.0
2024-10-31,7,PT1H,MC-Centro,1914542.51,1908000.0
2024-10-31,8,PT1H,MC-Centro,2008303.38,2026000.0
2024-10-31,9,PT1H,MC-Centro,2096688.53,2106000.0
2024-10-31,10,PT1H,MC-Centro,2136468.07,2154000.0
2024-10-31,11,PT1H,MC-Centro,2213032.15,2215000.0
2024-10-31,12,PT1H,MC-Centro,2267962.54,2258000.0
2024-10-31,13,PT1H,MC-Centro,2266919.73,2250000.0
2024-10-31,14,PT1H,MC-Centro,2221069.65,2210000.0
2024-10-31,15,PT1H,MC-Centro,2222354.26,2190000.0
2024-10-31,16,PT1H,MC-Centro,2205275.43,2190000.0
2024-10-31,17,PT1H,MC-Centro,2139635.89,2132000.0
2024-10-31,18,PT1H,MC-Centro,2137606.36,2119000.0
2024-10-31,19,PT1H,MC-Centro,2125461.93,2120000.0
2024-10-31,20,PT1H,MC-Centro,2063218.45,2060000.0
2024-10-31,21,PT1H,MC-Centro,1991827.24,1995000.0
2024-10-31,22,PT1H,MC-Centro,1883521.19,1886000.0
2024-10-31,23,PT1H,MC-Centro,1732553.4,1753000.0
2024-10-31,24,PT1H,MC-Centro,1594168.46,1615000.0
2025-05-23,1,PT1H,MC-Centro,1561077.24,1559000.0
2025-05-23,2,PT1H,MC-Centro,1496225.33,1493000.0
2025-05-23,3,PT1H,MC-Centro,1445400.83,1446000.0
2025-05-23,4,PT1H,MC-Centro,1441935.87,1447000.0
2025-05-23,5,PT1H,MC-Centro,1550708.55,1569000.0
2025-05-23,6,PT1H,MC-Centro,1748104.69,1793000.0
2025-05-23,7,PT1H,MC-Centro,1878306.39,1897000.0
2025-05-23,8,PT1H,MC-Centro,1994776.59,2024000.0
2025-05-23,9,PT1H,MC-Centro,2122659.27,2136000.0
2025-05-23,10,PT1H,MC-Centro,2196287.4,2193000.0
2025-05-23,11,PT1H,MC-Centro,2258754.96,2263000.0
2025-05-23,12,PT1H,MC-Centro,2304290.49,2301000.0
2025-05-23,13,PT1H,MC-Centro,2289411.85,2285000.0
2025-05-23,14,PT1H,MC-Centro,2233996.21,2236000.0
2025-05-23,15,PT1H,MC-Centro,2226223.73,2232000.0
2025-05-23,16,PT1H,MC-Centro,2207882.15,2220000.0
2025-05-23,17,PT1H,MC-Centro,2150631.64,2177000.0
2025-05-23,18,PT1H,MC-Centro,2120453.23,2129000.0
2025-05-23,19,PT1H,MC-Centro,2232828.23,2229000.0
2025-05-23,20,PT1H,MC-Centro,2246132.43,2238000.0
2025-05-23,21,PT1H,MC-Centro,2170282.75,2164000.0
2025-05-23,22,PT1H,MC-Centro,2006156.73,2005000.0
2025-05-23,23,PT1H,MC-Centro,1824307.56,1823000.0
2025-05-23,24,PT1H,MC-Centro,1689298.27,1677000.0
2025-09-08,1,PT1H,MC-Centro,1356135.39,1348000.0
2025-09-08,2,PT1H,MC-Centro,1295253.68,1294000.0
2025-09-08,3,PT1H,MC-Centro,1259002.04,1262000.0
2025-09-08,4,PT1H,MC-Centro,1283671.83,1276000.0
2025-09-08,5,PT1H,MC-Centro,1450570.63,1434000.0
2025-09-08,6,PT1H,MC-Centro,1709041.5,1700000.0
2025-09-08,7,PT1H,MC-Centro,1830178.83,1813000.0
2025-09-08,8,PT1H,MC-Centro,1954989.5,1943000.0
2025-09-08,9,PT1H,MC-Centro,2060260.23,2067000.0
2025-09-08,10,PT1H,MC-Centro,2144699.14,2132000.0
2025-09-08,11,PT1H,MC-Centro,2218677.92,2206000.0
2025-09-08,12,PT1H,MC-Centro,2270894.99,2253000.0
2025-09-08,13,PT1H,MC-Centro,2254900.23,2244000.0
2025-09-08,14,PT1H,MC-Centro,2197159.85,2199000.0
2025-09-08,15,PT1H,MC-Centro,2213205.18,2199000.0
2025-09-08,16,PT1H,MC-Centro,2187084.91,2186000.0
2025-09-08,17,PT1H,MC-Centro,2173461.6,2145000.0
2025-09-08,18,PT1H,MC-Centro,2163807.14,2114000.0
2025-09-08,19,PT1H,MC-Centro,2283895.82,2236000.0
2025-09-08,20,PT1H,MC-Centro,2290644.68,2269000.0
2025-09-08,21,PT1H,MC-Centro,2182725.9,2175000.0
2025-09-08,22,PT1H,MC-Centro,1995832.67,1978000.0
2025-09-08,23,PT1H,MC-Centro,1777849.37,1758000.0
2025-09-08,24,PT1H,MC-Centro,1627439.61,1614000.0
2025-08-25,1,PT1H,MC-Centro,1346928.66,1355000.0
2025-08-25,2,PT1H,MC-Centro,1298622.03,1300000.0
2025-08-25,3,PT1H,MC-Centro,1263969.94,1266000.0
2025-08-25,4,PT1H,MC-Centro,1288018.06,1280000.0
2025-08-25,5,PT1H,MC-Centro,1445585.32,1430000.0
2025-08-25,6,PT1H,MC-Centro,1714740.94,1695000.0
2025-08-25,7,PT1H,MC-Centro,1822839.98,1812000.0
2025-08-25,8,PT1H,MC-Centro,1954161.93,1945000.0
2025-08-25,9,PT1H,MC-Centro,2069062.38,2074000.0
2025-08-25,10,PT1H,MC-Centro,2130465.88,2135000.0
2025-08-25,11,PT1H,MC-Centro,2210370.68,2207000.0
2025-08-25,12,PT1H,MC-Centro,2269677.54,2248000.0
2025-08-25,13,PT1H,MC-Centro,2263391.82,2242000.0
2025-08-25,14,PT1H,MC-Centro,2217639.21,2201000.0
2025-08-25,15,PT1H,MC-Centro,2213920.85,2202000.0
2025-08-25,16,PT1H,MC-Centro,2198148.93,2186000.0
2025-08-25,17,PT1H,MC-Centro,2150247.36,2142000.0
2025-08-25,18,PT1H,MC-Centro,2116524.0,2113000.0
2025-08-25,19,PT1H,MC-Centro,2250868.31,2230000.0
2025-08-25,20,PT1H,MC-Centro,2289446.31,2266000.0
2025-08-25,21,PT1H,MC-Centro,2194805.76,2170000.0
2025-08-25,22,PT1H,MC-Centro,1996678.65,1979000.0
2025-08-25,23,PT1H,MC-Centro,1768045.28,1762000.0
2025-08-25,24,PT1H,MC-Centro,1622051.1,1618000.0
2024-08-03,1,PT1H,MC-Centro,1529685.29,1541000.0
2024-08-03,2,PT1H,MC-Centro,1455805.89,1470000.0
2024-08-03,3,PT1H,MC-Centro,1401069.07,1414000.0
2024-08-03,4,PT1H,MC-Centro,1378855.92,1394000.0
2024-08-03,5,PT1H,MC-Centro,1415181.73,1434000.0
2024-08-03,6,PT1H,MC-Centro,1478014.57,1500000.0
2024-08-03,7,PT1H,MC-Centro,1627692.99,1655000.0
2024-08-03,8,PT1H,MC-Centro,1796481.43,1839000.0
2024-08-03,9,PT1H,MC-Centro,1950915.93,1973000.0
2024-08-03,10,PT1H,MC-Centro,2039202.8,2048000.0
2024-08-03,11,PT1H,MC-Centro,2114802.02,2102000.0
2024-08-03,12,PT1H,MC-Centro,2122851.35,2112000.0
2024-08-03,13,PT1H,MC-Centro,2091909.96,2075000.0
2024-08-03,14,PT1H,MC-Centro,2021042.08,2009000.0
2024-08-03,15,PT1H,MC-Centro,1949025.1,1947000.0
2024-08-03,16,PT1H,MC-Centro,1912172.88,1903000.0
2024-08-03,17,PT1H,MC-Centro,1873468.84,1870000.0
2024-08-03,18,PT1H,MC-Centro,1856150.75,1860000.0
2024-08-03,19,PT1H,MC-Centro,1967377.3,1970000.0
2024-08-03,20,PT1H,MC-Centro,1989105.82,1974000.0
2024-08-03,21,PT1H,MC-Centro,1906654.8,1890000.0
2024-08-03,22,PT1H,MC-Centro,1769415.11,1758000.0
2024-08-03,23,PT1H,MC-Centro,1619978.51,1611000.0
2024-08-03,24,PT1H,MC-Centro,1479974.6,1476000.0
2025-10-29,1,PT1H,MC-Centro,3117444.4,3118000.0
2025-10-29,2,PT1H,MC-Centro,2991293.78,3002000.0
2025-10-29,3,PT1H,MC-Centro,2912208.74,2900000.0
2025-10-29,4,PT1H,MC-Centro,2930214.68,2926000.0
2025-10-29,5,PT1H,MC-Centro,3234665.34,3224000.0
2025-10-29,6,PT1H,MC-Centro,3744524.52,3724000.0
2025-10-29,7,PT1H,MC-Centro,3942009.98,3908000.0
2025-10-29,8,PT1H,MC-Centro,4174881.1,4122000.0
2025-10-29,9,PT1H,MC-Centro,4376448.94,4294000.0
2025-10-29,10,PT1H,MC-Centro,4439486.08,4402000.0
2025-10-29,11,PT1H,MC-Centro,4567611.6,4540000.0
2025-10-29,12,PT1H,MC-Centro,4632026.8,4628000.0
2025-10-29,13,PT1H,MC-Centro,4573576.7,4602000.0
2025-10-29,14,PT1H,MC-Centro,4502606.56,4510000.0
2025-10-29,15,PT1H,MC-Centro,4542073.14,4558000.0
2025-10-29,16,PT1H,MC-Centro,4478899.7,4560000.0
2025-10-29,17,PT1H,MC-Centro,4412537.34,4494000.0
2025-10-29,18,PT1H,MC-Centro,4495395.0,4494000.0
2025-10-29,19,PT1H,MC-Centro,4683196.6,4682000.0
2025-10-29,20,PT1H,MC-Centro,4637059.72,4656000.0
2025-10-29,21,PT1H,MC-Centro,4432003.4,4440000.0
2025-10-29,22,PT1H,MC-Centro,4069863.8,4044000.0
2025-10-29,23,PT1H,MC-Centro,3661191.42,3614000.0
2025-10-29,24,PT1H,MC-Centro,3314208.48,3322000.0
2025-07-26,1,PT1H,MC-Centro,1556092.88,1559000.0
2025-07-26,2,PT1H,MC-Centro,1494000.19,1482000.0
2025-07-26,3,PT1H,MC-Centro,1436092.95,1435000.0
2025-07-26,4,PT1H,MC-Centro,1422280.79,1419000.0
2025-07-26,5,PT1H,MC-Centro,1461451.13,1453000.0
2025-07-26,6,PT1H,MC-Centro,1521183.7,1506000.0
2025-07-26,7,PT1H,MC-Centro,1668942.36,1653000.0
2025-07-26,8,PT1H,MC-Centro,1848529.7,1838000.0
2025-07-26,9,PT1H,MC-Centro,1995708.03,1989000.0
2025-07-26,10,PT1H,MC-Centro,2066350.71,2072000.0
2025-07-26,11,PT1H,MC-Centro,2123700.93,2133000.0
2025-07-26,12,PT1H,MC-Centro,2141077.7,2154000.0
2025-07-26,13,PT1H,MC-Centro,2116867.47,2123000.0
2025-07-26,14,PT1H,MC-Centro,2051806.22,2058000.0
2025-07-26,15,PT1H,MC-Centro,1987425.1,1987000.0
2025-07-26,16,PT1H,MC-Centro,1942012.99,1947000.0
2025-07-26,17,PT1H,MC-Centro,1911954.16,1918000.0
2025-07-26,18,PT1H,MC-Centro,1897943.88,1899000.0
2025-07-26,19,PT1H,MC-Centro,2021738.1,2001000.0
2025-07-26,20,PT1H,MC-Centro,2026166.94,2017000.0
2025-07-26,21,PT1H,MC-Centro,1941149.13,1940000.0
2025-07-26,22,PT1H,MC-Centro,1812521.47,1803000.0
2025-07-26,23,PT1H,MC-Centro,1643277.89,1646000.0
2025-07-26,24,PT1H,MC-Centro,1517080.53,1510000.0
2025-02-08,1,PT1H,MC-Centro,1590141.44,1563000.0
2025-02-08,2,PT1H,MC-Centro,1508689.91,1492000.0
2025-02-08,3,PT1H,MC-Centro,1459343.84,1432000.0
2025-02-08,4,PT1H,MC-Centro,1446859.46,1410000.0
2025-02-08,5,PT1H,MC-Centro,1482694.34,1436000.0
2025-02-08,6,PT1H,MC-Centro,1569556.42,1518000.0
2025-02-08,7,PT1H,MC-Centro,1712137.71,1655000.0
2025-02-08,8,PT1H,MC-Centro,1896197.58,1828000.0
2025-02-08,9,PT1H,MC-Centro,2003375.46,1957000.0
2025-02-08,10,PT1H,MC-Centro,2066402.1,2027000.0
2025-02-08,11,PT1H,MC-Centro,2121132.96,2090000.0
2025-02-08,12,PT1H,MC-Centro,2147786.53,2107000.0
2025-02-08,13,PT1H,MC-Centro,2133034.23,2080000.0
2025-02-08,14,PT1H,MC-Centro,2070231.6,2024000.0
2025-02-08,15,PT1H,MC-Centro,1998160.26,1978000.0
2025-02-08,16,PT1H,MC-Centro,1967073.12,1934000.0
2025-02-08,17,PT1H,MC-Centro,1926776.54,1907000.0
2025-02-08,18,PT1H,MC-Centro,1933619.75,1911000.0
2025-02-08,19,PT1H,MC-Centro,2029272.53,2011000.0
2025-02-08,20,PT1H,MC-Centro,2027618.19,2014000.0
2025-02-08,21,PT1H,MC-Centro,1934715.64,1930000.0
2025-02-08,22,PT1H,MC-Centro,1815924.56,1799000.0
2025-02-08,23,PT1H,MC-Centro,1651931.13,1649000.0
2025-02-08,24,PT1H,MC-Centro,1506571.2,1518000.0
2024-09-24,1,PT1H,MC-Centro,1504410.2,1546000.0
2024-09-24,2,PT1H,MC-Centro,1453675.8,1475000.0
2024-09-24,3,PT1H,MC-Centro,1407163.77,1431000.0
2024-09-24,4,PT1H,MC-Centro,1421999.49,1439000.0
2024-09-24,5,PT1H,MC-Centro,1557003.09,1588000.0
2024-09-24,6,PT1H,MC-Centro,1793581.63,1835000.0
2024-09-24,7,PT1H,MC-Centro,1864317.65,1923000.0
2024-09-24,8,PT1H,MC-Centro,1934733.1,2032000.0
2024-09-24,9,PT1H,MC-Centro,2069310.08,2116000.0
2024-09-24,10,PT1H,MC-Centro,2122885.33,2161000.0
2024-09-24,11,PT1H,MC-Centro,2189498.54,2217000.0
2024-09-24,12,PT1H,MC-Centro,2232714.82,2259000.0
2024-09-24,13,PT1H,MC-Centro,2229703.09,2242000.0
2024-09-24,14,PT1H,MC-Centro,2193031.4,2201000.0
2024-09-24,15,PT1H,MC-Centro,2185224.26,2208000.0
2024-09-24,16,PT1H,MC-Centro,2184321.47,2212000.0
2024-09-24,17,PT1H,MC-Centro,2176038.79,2182000.0
2024-09-24,18,PT1H,MC-Centro,2146274.11,2151000.0
2024-09-24,19,PT1H,MC-Centro,2253642.71,2275000.0
2024-09-24,20,PT1H,MC-Centro,2289359.75,2278000.0
2024-09-24,21,PT1H,MC-Centro,2161931.35,2185000.0
2024-09-24,22,PT1H,MC-Centro,1971319.44,1998000.0
2024-09-24,23,PT1H,MC-Centro,1765537.59,1783000.0
2024-09-24,24,PT1H,MC-Centro,1625692.14,1640000.0
2025-03-22,1,PT1H,MC-Centro,1542359.96,1557000.0
2025-03-22,2,PT1H,MC-Centro,1472812.91,1485000.0
2025-03-22,3,PT1H,MC-Centro,1420664.41,1436000.0
2025-03-22,4,PT1H,MC-Centro,1408254.36,1421000.0
2025-03-22,5,PT1H,MC-Centro,1437501.9,1459000.0
2025-03-22,6,PT1H,MC-Centro,1492907.99,1516000.0
2025-03-22,7,PT1H,MC-Centro,1629709.9,1671000.0
2025-03-22,8,PT1H,MC-Centro,1815430.15,1850000.0
2025-03-22,9,PT1H,MC-Centro,1956540.0,1966000.0
2025-03-22,10,PT1H,MC-Centro,2024084.32,2039000.0
2025-03-22,11,PT1H,MC-Centro,2098085.28,2097000.0
2025-03-22,12,PT1H,MC-Centro,2101612.62,2112000.0
2025-03-22,13,PT1H,MC-Centro,2057638.81,2081000.0
2025-03-22,14,PT1H,MC-Centro,1998517.14,2024000.0
2025-03-22,15,PT1H,MC-Centro,1952024.58,1966000.0
2025-03-22,16,PT1H,MC-Centro,1906267.95,1943000.0
2025-03-22,17,PT1H,MC-Centro,1873458.67,1909000.0
2025-03-22,18,PT1H,MC-Centro,1831407.43,1920000.0
2025-03-22,19,PT1H,MC-Centro,1948976.0,2004000.0
2025-03-22,20,PT1H,MC-Centro,1960732.22,1993000.0
2025-03-22,21,PT1H,MC-Centro,1894802.07,1905000.0
2025-03-22,22,PT1H,MC-Centro,1760864.56,1769000.0
2025-03-22,23,PT1H,MC-Centro,1617099.41,1619000.0
2025-03-22,24,PT1H,MC-Centro,1490145.6,1474000.0
2025-12-28,1,PT1H,MC-Centro,1424632.18,1397000.0
2025-12-28,2,PT1H,MC-Centro,1350518.68,1318000.0
2025-12-28,3,PT1H,MC-Centro,1279985.64,1272000.0
2025-12-28,4,PT1H,MC-Centro,1246845.01,1243000.0
2025-12-28,5,PT1H,MC-Centro,1245436.8,1244000.0
2025-12-28,6,PT1H,MC-Centro,1234625.9,1246000.0
2025-12-28,7,PT1H,MC-Centro,1272501.83,1272000.0
2025-12-28,8,PT1H,MC-Centro,1397228.76,1390000.0
2025-12-28,9,PT1H,MC-Centro,1511559.4,1511000.0
2025-12-28,10,PT1H,MC-Centro,1624364.31,1610000.0
2025-12-28,11,PT1H,MC-Centro,1695533.44,1694000.0
2025-12-28,12,PT1H,MC-Centro,1750332.74,1741000.0
2025-12-28,13,PT1H,MC-Centro,1776379.01,1748000.0
2025-12-28,14,PT1H,MC-Centro,1763532.64,1720000.0
2025-12-28,15,PT1H,MC-Centro,1732764.98,1677000.0
2025-12-28,16,PT1H,MC-Centro,1706530.05,1659000.0
2025-12-28,17,PT1H,MC-Centro,1676309.66,1662000.0
2025-12-28,18,PT1H,MC-Centro,1714427.69,1701000.0
2025-12-28,19,PT1H,MC-Centro,1862632.93,1840000.0
2025-12-28,20,PT1H,MC-Centro,1880847.44,1846000.0
2025-12-28,21,PT1H,MC-Centro,1822425.19,1798000.0
2025-12-28,22,PT1H,MC-Centro,1698285.79,1679000.0
2025-12-28,23,PT1H,MC-Centro,1560673.01,1559000.0
2025-12-28,24,PT1H,MC-Centro,1444407.49,1429000.0
2024-08-21,1,PT1H,MC-Centro,1479134.11,1519000.0
2024-08-21,2,PT1H,MC-Centro,1418468.9,1455000.0
2024-08-21,3,PT1H,MC-Centro,1366641.8,1404000.0
2024-08-21,4,PT1H,MC-Centro,1373265.31,1411000.0
2024-08-21,5,PT1H,MC-Centro,1503688.04,1553000.0
2024-08-21,6,PT1H,MC-Centro,1734899.28,1804000.0
2024-08-21,7,PT1H,MC-Centro,1832147.89,1890000.0
2024-08-21,8,PT1H,MC-Centro,1949237.01,2008000.0
2024-08-21,9,PT1H,MC-Centro,2045735.05,2096000.0
2024-08-21,10,PT1H,MC-Centro,2089616.07,2136000.0
2024-08-21,11,PT1H,MC-Centro,2164835.45,2200000.0
2024-08-21,12,PT1H,MC-Centro,2221273.99,2241000.0
2024-08-21,13,PT1H,MC-Centro,2223342.44,2230000.0
2024-08-21,14,PT1H,MC-Centro,2188875.6,2177000.0
2024-08-21,15,PT1H,MC-Centro,2195829.53,2177000.0
2024-08-21,16,PT1H,MC-Centro,2186297.58,2166000.0
2024-08-21,17,PT1H,MC-Centro,2147364.62,2126000.0
2024-08-21,18,PT1H,MC-Centro,2111832.68,2092000.0
2024-08-21,19,PT1H,MC-Centro,2226423.48,2213000.0
2024-08-21,20,PT1H,MC-Centro,2239085.64,2235000.0
2024-08-21,21,PT1H,MC-Centro,2144052.69,2149000.0
2024-08-21,22,PT1H,MC-Centro,1956279.32,1967000.0
2024-08-21,23,PT1H,MC-Centro,1751219.28,1761000.0
2024-08-21,24,PT1H,MC-Centro,1611633.17,1626000.0
2024-11-06,1,PT1H,MC-Centro,1510475.22,1550000.0
2024-11-06,2,PT1H,MC-Centro,1456591.81,1492000.0
2024-11-06,3,PT1H,MC-Centro,1425437.31,1450000.0
2024-11-06,4,PT1H,MC-Centro,1433207.23,1450000.0
2024-11-06,5,PT1H,MC-Centro,1577213.28,1592000.0
2024-11-06,6,PT1H,MC-Centro,1797883.67,1824000.0
2024-11-06,7,PT1H,MC-Centro,1892086.78,1916000.0
2024-11-06,8,PT1H,MC-Centro,2024720.12,2024000.0
2024-11-06,9,PT1H,MC-Centro,2083256.38,2101000.0
2024-11-06,10,PT1H,MC-Centro,2125715.38,2149000.0
2024-11-06,11,PT1H,MC-Centro,2205882.69,2217000.0
2024-11-06,12,PT1H,MC-Centro,2238372.75,2263000.0
2024-11-06,13,PT1H,MC-Centro,2227453.08,2250000.0
2024-11-06,14,PT1H,MC-Centro,2192553.01,2220000.0
2024-11-06,15,PT1H,MC-Centro,2246353.56,2231000.0
2024-11-06,16,PT1H,MC-Centro,2268283.58,2235000.0
2024-11-06,17,PT1H,MC-Centro,2232558.27,2191000.0
2024-11-06,18,PT1H,MC-Centro,2215441.09,2216000.0
2024-11-06,19,PT1H,MC-Centro,2253601.41,2279000.0
2024-11-06,20,PT1H,MC-Centro,2236034.85,2265000.0
2024-11-06,21,PT1H,MC-Centro,2142862.76,2173000.0
2024-11-06,22,PT1H,MC-Centro,1955847.41,1992000.0
2024-11-06,23,PT1H,MC-Centro,1759630.79,1789000.0
2024-11-06,24,PT1H,MC-Centro,1625104.12,1652000.0
2024-09-19,1,PT1H,MC-Centro,1556576.71,1540000.0
2024-09-19,2,PT1H,MC-Centro,1498367.19,1486000.0
2024-09-19,3,PT1H,MC-Centro,1447927.18,1433000.0
2024-09-19,4,PT1H,MC-Centro,1458668.36,1443000.0
2024-09-19,5,PT1H,MC-Centro,1608648.47,1592000.0
2024-09-19,6,PT1H,MC-Centro,1848715.17,1825000.0
2024-09-19,7,PT1H,MC-Centro,1926159.28,1900000.0
2024-09-19,8,PT1H,MC-Centro,2037822.2,2016000.0
2024-09-19,9,PT1H,MC-Centro,2110610.11,2104000.0
2024-09-19,10,PT1H,MC-Centro,2149642.71,2162000.0
2024-09-19,11,PT1H,MC-Centro,2205470.64,2210000.0
2024-09-19,12,PT1H,MC-Centro,2252338.51,2251000.0
2024-09-19,13,PT1H,MC-Centro,2252395.06,2246000.0
2024-09-19,14,PT1H,MC-Centro,2206842.52,2199000.0
2024-09-19,15,PT1H,MC-Centro,2211980.2,2194000.0
2024-09-19,16,PT1H,MC-Centro,2201829.08,2191000.0
2024-09-19,17,PT1H,MC-Centro,2174375.17,2161000.0
2024-09-19,18,PT1H,MC-Centro,2153199.18,2155000.0
2024-09-19,19,PT1H,MC-Centro,2274752.91,2271000.0
2024-09-19,20,PT1H,MC-Centro,2283929.7,2274000.0
2024-09-19,21,PT1H,MC-Centro,2183244.53,2180000.0
2024-09-19,22,PT1H,MC-Centro,1994022.01,1995000.0
2024-09-19,23,PT1H,MC-Centro,1792677.73,1780000.0
2024-09-19,24,PT1H,MC-Centro,1646647.93,1646000.0
2024-09-08,1,PT1H,MC-Centro,1372174.47,1382000.0
2024-09-08,2,PT1H,MC-Centro,1303091.97,1312000.0
2024-09-08,3,PT1H,MC-Centro,1251772.84,1255000.0
2024-09-08,4,PT1H,MC-Centro,1212355.84,1218000.0
2024-09-08,5,PT1H,MC-Centro,1215207.54,1214000.0
2024-09-08,6,PT1H,MC-Centro,1218289.77,1213000.0
2024-09-08,7,PT1H,MC-Centro,1270997.24,1261000.0
2024-09-08,8,PT1H,MC-Centro,1398926.62,1390000.0
2024-09-08,9,PT1H,MC-Centro,1529399.4,1520000.0
2024-09-08,10,PT1H,MC-Centro,1622934.52,1613000.0
2024-09-08,11,PT1H,MC-Centro,1710460.07,1688000.0
2024-09-08,12,PT1H,MC-Centro,1769093.24,1726000.0
2024-09-08,13,PT1H,MC-Centro,1777435.79,1732000.0
2024-09-08,14,PT1H,MC-Centro,1751460.19,1697000.0
2024-09-08,15,PT1H,MC-Centro,1703424.55,1654000.0
2024-09-08,16,PT1H,MC-Centro,1675072.43,1621000.0
2024-09-08,17,PT1H,MC-Centro,1653945.8,1612000.0
2024-09-08,18,PT1H,MC-Centro,1703098.28,1641000.0
2024-09-08,19,PT1H,MC-Centro,1869165.33,1814000.0
2024-09-08,20,PT1H,MC-Centro,1898982.09,1855000.0
2024-09-08,21,PT1H,MC-Centro,1832796.03,1796000.0
2024-09-08,22,PT1H,MC-Centro,1697036.33,1670000.0
2024-09-08,23,PT1H,MC-Centro,1549795.5,1535000.0
2024-09-08,24,PT1H,MC-Centro,1433969.38,1422000.0
2024-12-14,1,PT1H,MC-Centro,1575302.01,1574000.0
2024-12-14,2,PT1H,MC-Centro,1504057.14,1495000.0
2024-12-14,3,PT1H,MC-Centro,1441953.04,1444000.0
2024-12-14,4,PT1H,MC-Centro,1419918.44,1432000.0
2024-12-14,5,PT1H,MC-Centro,1449270.21,1474000.0
2024-12-14,6,PT1H,MC-Centro,1512655.89,1530000.0
2024-12-14,7,PT1H,MC-Centro,1661732.13,1696000.0
2024-12-14,8,PT1H,MC-Centro,1836025.13,1878000.0
2024-12-14,9,PT1H,MC-Centro,1961418.88,1997000.0
2024-12-14,10,PT1H,MC-Centro,2034069.22,2069000.0
2024-12-14,11,PT1H,MC-Centro,2093211.38,2122000.0
2024-12-14,12,PT1H,MC-Centro,2095021.17,2129000.0
2024-12-14,13,PT1H,MC-Centro,2067940.67,2100000.0
2024-12-14,14,PT1H,MC-Centro,1994178.09,2048000.0
2024-12-14,15,PT1H,MC-Centro,1947836.48,1988000.0
2024-12-14,16,PT1H,MC-Centro,1915781.89,1951000.0
2024-12-14,17,PT1H,MC-Centro,1901670.64,1922000.0
2024-12-14,18,PT1H,MC-Centro,1950235.06,1969000.0
2024-12-14,19,PT1H,MC-Centro,2038640.81,2047000.0
2024-12-14,20,PT1H,MC-Centro,2013079.92,2016000.0
2024-12-14,21,PT1H,MC-Centro,1928669.62,1939000.0
2024-12-14,22,PT1H,MC-Centro,1811429.75,1800000.0
2024-12-14,23,PT1H,MC-Centro,1661772.15,1651000.0
2024-12-14,24,PT1H,MC-Centro,1532885.83,1536000.0
2024-08-08,1,PT1H,MC-Centro,1411691.61,1428480.0
2024-08-08,2,PT1H,MC-Centro,1339777.42,1364710.0
2024-08-08,3,PT1H,MC-Centro,1307833.87,1324320.0
2024-08-08,4,PT1H,MC-Centro,1327985.91,1329080.0
2024-08-08,5,PT1H,MC-Centro,1487961.34,1472610.0
2024-08-08,6,PT1H,MC-Centro,1748279.78,1686220.0
2024-08-08,7,PT1H,MC-Centro,1839324.45,1799000.0
2024-08-08,8,PT1H,MC-Centro,1960226.85,1930840.0
2024-08-08,9,PT1H,MC-Centro,2036662.06,2051240.0
2024-08-08,10,PT1H,MC-Centro,2099878.37,2104390.0
2024-08-08,11,PT1H,MC-Centro,2166207.13,2180320.0
2024-08-08,12,PT1H,MC-Centro,2208182.62,2222070.0
2024-08-08,13,PT1H,MC-Centro,2185835.5,2196350.0
2024-08-08,14,PT1H,MC-Centro,2147849.79,2154140.0
2024-08-08,15,PT1H,MC-Centro,2150953.92,2149570.0
2024-08-08,16,PT1H,MC-Centro,2157793.27,2148890.0
2024-08-08,17,PT1H,MC-Centro,2109707.94,2087170.0
2024-08-08,18,PT1H,MC-Centro,2081928.04,2055930.0
2024-08-08,19,PT1H,MC-Centro,2193208.19,2169820.0
2024-08-08,20,PT1H,MC-Centro,2217786.95,2187560.0
2024-08-08,21,PT1H,MC-Centro,2127974.77,2100920.0
2024-08-08,22,PT1H,MC-Centro,1948145.66,1929700.0
2024-08-08,23,PT1H,MC-Centro,1742407.51,1729090.0
2024-08-08,24,PT1H,MC-Centro,1589465.05,1595290.0
2024-08-10,1,PT1H,MC-Centro,1524884.91,1526000.0
2024-08-10,2,PT1H,MC-Centro,1439140.85,1452000.0
2024-08-10,3,PT1H,MC-Centro,1387229.11,1399000.0
2024-08-10,4,PT1H,MC-Centro,1380510.13,1380000.0
2024-08-10,5,PT1H,MC-Centro,1418096.35,1417000.0
2024-08-10,6,PT1H,MC-Centro,1484818.09,1478000.0
2024-08-10,7,PT1H,MC-Centro,1632857.97,1626000.0
2024-08-10,8,PT1H,MC-Centro,1822476.94,1797000.0
2024-08-10,9,PT1H,MC-Centro,1943525.72,1943000.0
2024-08-10,10,PT1H,MC-Centro,2006140.36,2029000.0
2024-08-10,11,PT1H,MC-Centro,2067995.92,2101000.0
2024-08-10,12,PT1H,MC-Centro,2089074.04,2118000.0
2024-08-10,13,PT1H,MC-Centro,2054336.73,2085000.0
2024-08-10,14,PT1H,MC-Centro,1983079.48,2013000.0
2024-08-10,15,PT1H,MC-Centro,1914749.97,1947000.0
2024-08-10,16,PT1H,MC-Centro,1871155.1,1909000.0
2024-08-10,17,PT1H,MC-Centro,1846641.63,1875000.0
2024-08-10,18,PT1H,MC-Centro,1841984.74,1863000.0
2024-08-10,19,PT1H,MC-Centro,1945015.2,1969000.0
2024-08-10,20,PT1H,MC-Centro,1967696.46,1983000.0
2024-08-10,21,PT1H,MC-Centro,1895397.43,1896000.0
2024-08-10,22,PT1H,MC-Centro,1761657.79,1761000.0
2024-08-10,23,PT1H,MC-Centro,1606530.47,1614000.0
2024-08-10,24,PT1H,MC-Centro,1475300.12,1482000.0
2025-03-12,1,PT1H,MC-Centro,1519928.77,1548000.0
2025-03-12,2,PT1H,MC-Centro,1452353.75,1487000.0
2025-03-12,3,PT1H,MC-Centro,1429117.26,1447000.0
2025-03-12,4,PT1H,MC-Centro,1431425.41,1462000.0
2025-03-12,5,PT1H,MC-Centro,1575411.63,1609000.0
2025-03-12,6,PT1H,MC-Centro,1821605.19,1866000.0
2025-03-12,7,PT1H,MC-Centro,1912794.49,1952000.0
2025-03-12,8,PT1H,MC-Centro,2054662.84,2063000.0
2025-03-12,9,PT1H,MC-Centro,2116897.01,2139000.0
2025-03-12,10,PT1H,MC-Centro,2155847.01,2173000.0
2025-03-12,11,PT1H,MC-Centro,2219451.52,2235000.0
2025-03-12,12,PT1H,MC-Centro,2269592.8,2268000.0
2025-03-12,13,PT1H,MC-Centro,2254820.85,2265000.0
2025-03-12,14,PT1H,MC-Centro,2202210.15,2238000.0
2025-03-12,15,PT1H,MC-Centro,2224215.76,2239000.0
2025-03-12,16,PT1H,MC-Centro,2228872.53,2236000.0
2025-03-12,17,PT1H,MC-Centro,2167963.89,2189000.0
2025-03-12,18,PT1H,MC-Centro,2141094.7,2157000.0
2025-03-12,19,PT1H,MC-Centro,2266552.33,2266000.0
2025-03-12,20,PT1H,MC-Centro,2272556.53,2291000.0
2025-03-12,21,PT1H,MC-Centro,2171393.39,2198000.0
2025-03-12,22,PT1H,MC-Centro,1976833.28,2005000.0
2025-03-12,23,PT1H,MC-Centro,1772328.89,1801000.0
2025-03-12,24,PT1H,MC-Centro,1637859.13,1657000.0
2025-01-18,1,PT1H,MC-Centro,1538622.9,1543000.0
2025-01-18,2,PT1H,MC-Centro,1478207.24,1467000.0
2025-01-18,3,PT1H,MC-Centro,1410422.26,1405000.0
2025-01-18,4,PT1H,MC-Centro,1398430.14,1395000.0
2025-01-18,5,PT1H,MC-Centro,1432664.76,1433000.0
2025-01-18,6,PT1H,MC-Centro,1475402.91,1482000.0
2025-01-18,7,PT1H,MC-Centro,1615647.19,1608000.0
2025-01-18,8,PT1H,MC-Centro,1745592.07,1776000.0
2025-01-18,9,PT1H,MC-Centro,1878120.22,1914000.0
2025-01-18,10,PT1H,MC-Centro,1981487.64,1980000.0
2025-01-18,11,PT1H,MC-Centro,2050303.11,2037000.0
2025-01-18,12,PT1H,MC-Centro,2073730.67,2053000.0
2025-01-18,13,PT1H,MC-Centro,2039398.1,2043000.0
2025-01-18,14,PT1H,MC-Centro,1981679.7,1984000.0
2025-01-18,15,PT1H,MC-Centro,1932836.44,1928000.0
2025-01-18,16,PT1H,MC-Centro,1897762.65,1898000.0
2025-01-18,17,PT1H,MC-Centro,1891135.92,1880000.0
2025-01-18,18,PT1H,MC-Centro,1878770.58,1920000.0
2025-01-18,19,PT1H,MC-Centro,1988822.65,2010000.0
2025-01-18,20,PT1H,MC-Centro,1988188.0,1995000.0
2025-01-18,21,PT1H,MC-Centro,1911242.61,1904000.0
2025-01-18,22,PT1H,MC-Centro,1782725.53,1780000.0
2025-01-18,23,PT1H,MC-Centro,1637931.79,1635000.0
2025-01-18,24,PT1H,MC-Centro,1504898.05,1498000.0
2024-12-26,1,PT1H,MC-Centro,1233788.35,1225000.0
2024-12-26,2,PT1H,MC-Centro,1184242.03,1166000.0
2024-12-26,3,PT1H,MC-Centro,1160605.74,1130000.0
2024-12-26,4,PT1H,MC-Centro,1159461.15,1134000.0
2024-12-26,5,PT1H,MC-Centro,1232249.91,1205000.0
2024-12-26,6,PT1H,MC-Centro,1346879.72,1329000.0
2024-12-26,7,PT1H,MC-Centro,1524740.58,1512000.0
2024-12-26,8,PT1H,MC-Centro,1699260.55,1686000.0
2024-12-26,9,PT1H,MC-Centro,1831360.74,1823000.0
2024-12-26,10,PT1H,MC-Centro,1920992.9,1926000.0
2024-12-26,11,PT1H,MC-Centro,1999831.61,2007000.0
2024-12-26,12,PT1H,MC-Centro,2065673.24,2078000.0
2024-12-26,13,PT1H,MC-Centro,2091748.2,2078000.0
2024-12-26,14,PT1H,MC-Centro,2061286.39,2041000.0
2024-12-26,15,PT1H,MC-Centro,2050467.38,2032000.0
2024-12-26,16,PT1H,MC-Centro,2054694.2,2013000.0
2024-12-26,17,PT1H,MC-Centro,2018157.42,1978000.0
2024-12-26,18,PT1H,MC-Centro,1995582.14,1960000.0
2024-12-26,19,PT1H,MC-Centro,2066287.15,2075000.0
2024-12-26,20,PT1H,MC-Centro,2065498.61,2065000.0
2024-12-26,21,PT1H,MC-Centro,1984670.95,1992000.0
2024-12-26,22,PT1H,MC-Centro,1857033.93,1847000.0
2024-12-26,23,PT1H,MC-Centro,1694295.26,1675000.0
2024-12-26,24,PT1H,MC-Centro,1562342.45,1530000.0
2025-01-23,1,PT1H,MC-Centro,1538549.62,1558000.0
2025-01-23,2,PT1H,MC-Centro,1473160.3,1490000.0
2025-01-23,3,PT1H,MC-Centro,1433588.51,1436000.0
2025-01-23,4,PT1H,MC-Centro,1437796.14,1435000.0
2025-01-23,5,PT1H,MC-Centro,1529744.41,1520000.0
2025-01-23,6,PT1H,MC-Centro,1667119.85,1664000.0
2025-01-23,7,PT1H,MC-Centro,1816558.56,1827000.0
2025-01-23,8,PT1H,MC-Centro,1992344.0,1979000.0
2025-01-23,9,PT1H,MC-Centro,2097466.81,2077000.0
2025-01-23,10,PT1H,MC-Centro,2151472.14,2137000.0
2025-01-23,11,PT1H,MC-Centro,2234444.29,2195000.0
2025-01-23,12,PT1H,MC-Centro,2273416.24,2246000.0
2025-01-23,13,PT1H,MC-Centro,2287737.85,2243000.0
2025-01-23,14,PT1H,MC-Centro,2229094.96,2197000.0
2025-01-23,15,PT1H,MC-Centro,2229640.26,2195000.0
2025-01-23,16,PT1H,MC-Centro,2218907.01,2182000.0
2025-01-23,17,PT1H,MC-Centro,2173152.06,2140000.0
2025-01-23,18,PT1H,MC-Centro,2120097.64,2145000.0
2025-01-23,19,PT1H,MC-Centro,2243573.84,2241000.0
2025-01-23,20,PT1H,MC-Centro,2272395.13,2238000.0
2025-01-23,21,PT1H,MC-Centro,2188075.16,2159000.0
2025-01-23,22,PT1H,MC-Centro,2005238.34,1993000.0
2025-01-23,23,PT1H,MC-Centro,1804787.31,1804000.0
2025-01-23,24,PT1H,MC-Centro,1667133.3,1677000.0
2025-10-05,1,PT1H,MC-Centro,1413684.86,1420000.0
2025-10-05,2,PT1H,MC-Centro,1336698.65,1350000.0
2025-10-05,3,PT1H,MC-Centro,1293403.4,1293000.0
2025-10-05,4,PT1H,MC-Centro,1243785.43,1255000.0
2025-10-05,5,PT1H,MC-Centro,1246769.18,1254000.0
2025-10-05,6,PT1H,MC-Centro,1247187.46,1251000.0
2025-10-05,7,PT1H,MC-Centro,1293142.73,1306000.0
2025-10-05,8,PT1H,MC-Centro,1428083.56,1437000.0
2025-10-05,9,PT1H,MC-Centro,1566123.68,1575000.0
2025-10-05,10,PT1H,MC-Centro,1673343.63,1683000.0
2025-10-05,11,PT1H,MC-Centro,1750084.31,1769000.0
2025-10-05,12,PT1H,MC-Centro,1789914.4,1819000.0
2025-10-05,13,PT1H,MC-Centro,1795760.07,1832000.0
2025-10-05,14,PT1H,MC-Centro,1757883.14,1804000.0
2025-10-05,15,PT1H,MC-Centro,1706115.39,1751000.0
2025-10-05,16,PT1H,MC-Centro,1683215.45,1709000.0
2025-10-05,17,PT1H,MC-Centro,1652128.5,1705000.0
2025-10-05,18,PT1H,MC-Centro,1739688.93,1755000.0
2025-10-05,19,PT1H,MC-Centro,1903597.21,1927000.0
2025-10-05,20,PT1H,MC-Centro,1917813.37,1948000.0
2025-10-05,21,PT1H,MC-Centro,1846228.31,1880000.0
2025-10-05,22,PT1H,MC-Centro,1726203.5,1734000.0
2025-10-05,23,PT1H,MC-Centro,1573087.35,1581000.0
2025-10-05,24,PT1H,MC-Centro,1452991.17,1457000.0
2026-01-28,1,PT1H,MC-Centro,1579428.0,1577000.0
2026-01-28,2,PT1H,MC-Centro,1513075.99,1503000.0
2026-01-28,3,PT1H,MC-Centro,1471554.52,1454000.0
2026-01-28,4,PT1H,MC-Centro,1480928.96,1466000.0
2026-01-28,5,PT1H,MC-Centro,1614636.6,1583000.0
2026-01-28,6,PT1H,MC-Centro,1812117.95,1767000.0
2026-01-28,7,PT1H,MC-Centro,1933541.09,1928000.0
2026-01-28,8,PT1H,MC-Centro,2085940.77,2082000.0
2026-01-28,9,PT1H,MC-Centro,2176825.7,2185000.0
2026-01-28,10,PT1H,MC-Centro,2230309.23,2253000.0
2026-01-28,11,PT1H,MC-Centro,2297348.17,2329000.0
2026-01-28,12,PT1H,MC-Centro,2335900.41,2371000.0
2026-01-28,13,PT1H,MC-Centro,2332061.28,2376000.0
2026-01-28,14,PT1H,MC-Centro,2307356.08,2348000.0
2026-01-28,15,PT1H,MC-Centro,2315471.7,2337000.0
2026-01-28,16,PT1H,MC-Centro,2293821.72,2309000.0
2026-01-28,17,PT1H,MC-Centro,2237552.91,2248000.0
2026-01-28,18,PT1H,MC-Centro,2187574.33,2246000.0
2026-01-28,19,PT1H,MC-Centro,2320971.07,2364000.0
2026-01-28,20,PT1H,MC-Centro,2340357.62,2363000.0
2026-01-28,21,PT1H,MC-Centro,2247982.49,2252000.0
2026-01-28,22,PT1H,MC-Centro,2058870.27,2073000.0
2026-01-28,23,PT1H,MC-Centro,1850736.83,1876000.0
2026-01-28,24,PT1H,MC-Centro,1638920.85,1732000.0
2025-05-01,1,PT1H,MC-Centro,1517074.54,1508000.0
2025-05-01,2,PT1H,MC-Centro,1439181.83,1431000.0
2025-05-01,3,PT1H,MC-Centro,1387588.27,1379000.0
2025-05-01,4,PT1H,MC-Centro,1358107.87,1353000.0
2025-05-01,5,PT1H,MC-Centro,1365091.35,1359000.0
2025-05-01,6,PT1H,MC-Centro,1361425.32,1360000.0
2025-05-01,7,PT1H,MC-Centro,1414493.33,1416000.0
2025-05-01,8,PT1H,MC-Centro,1565030.62,1579000.0
2025-05-01,9,PT1H,MC-Centro,1718107.26,1710000.0
2025-05-01,10,PT1H,MC-Centro,1835879.03,1808000.0
2025-05-01,11,PT1H,MC-Centro,1947022.87,1895000.0
2025-05-01,12,PT1H,MC-Centro,2001846.36,1954000.0
2025-05-01,13,PT1H,MC-Centro,2030285.75,1966000.0
2025-05-01,14,PT1H,MC-Centro,1986930.87,1935000.0
2025-05-01,15,PT1H,MC-Centro,1925935.36,1875000.0
2025-05-01,16,PT1H,MC-Centro,1879476.01,1834000.0
2025-05-01,17,PT1H,MC-Centro,1852915.59,1820000.0
2025-05-01,18,PT1H,MC-Centro,1873366.58,1825000.0
2025-05-01,19,PT1H,MC-Centro,2017991.67,1985000.0
2025-05-01,20,PT1H,MC-Centro,2053482.13,2037000.0
2025-05-01,21,PT1H,MC-Centro,1987128.98,1955000.0
2025-05-01,22,PT1H,MC-Centro,1847030.71,1829000.0
2025-05-01,23,PT1H,MC-Centro,1681173.7,1659000.0
2025-05-01,24,PT1H,MC-Centro,1537599.7,1534000.0
2025-07-24,1,PT1H,MC-Centro,1553745.95,1546000.0
2025-07-24,2,PT1H,MC-Centro,1491408.47,1477000.0
2025-07-24,3,PT1H,MC-Centro,1438439.74,1431000.0
2025-07-24,4,PT1H,MC-Centro,1442562.1,1431000.0
2025-07-24,5,PT1H,MC-Centro,1571458.45,1564000.0
2025-07-24,6,PT1H,MC-Centro,1825552.37,1811000.0
2025-07-24,7,PT1H,MC-Centro,1928189.39,1916000.0
2025-07-24,8,PT1H,MC-Centro,2039927.38,2030000.0
2025-07-24,9,PT1H,MC-Centro,2132020.66,2140000.0
2025-07-24,10,PT1H,MC-Centro,2188987.71,2191000.0
2025-07-24,11,PT1H,MC-Centro,2240498.54,2251000.0
2025-07-24,12,PT1H,MC-Centro,2278433.23,2302000.0
2025-07-24,13,PT1H,MC-Centro,2270623.22,2290000.0
2025-07-24,14,PT1H,MC-Centro,2225347.13,2241000.0
2025-07-24,15,PT1H,MC-Centro,2229114.62,2226000.0
2025-07-24,16,PT1H,MC-Centro,2226051.17,2216000.0
2025-07-24,17,PT1H,MC-Centro,2179649.86,2171000.0
2025-07-24,18,PT1H,MC-Centro,2138499.66,2131000.0
2025-07-24,19,PT1H,MC-Centro,2255629.66,2240000.0
2025-07-24,20,PT1H,MC-Centro,2298556.78,2283000.0
2025-07-24,21,PT1H,MC-Centro,2205980.03,2196000.0
2025-07-24,22,PT1H,MC-Centro,2011340.83,2013000.0
2025-07-24,23,PT1H,MC-Centro,1793732.36,1808000.0
2025-07-24,24,PT1H,MC-Centro,1652355.81,1655000.0
2025-09-28,1,PT1H,MC-Centro,1417684.53,1414000.0
2025-09-28,2,PT1H,MC-Centro,1348490.05,1343000.0
2025-09-28,3,PT1H,MC-Centro,1289920.49,1288000.0
2025-09-28,4,PT1H,MC-Centro,1253498.76,1248000.0
2025-09-28,5,PT1H,MC-Centro,1256419.61,1245000.0
2025-09-28,6,PT1H,MC-Centro,1254027.55,1242000.0
2025-09-28,7,PT1H,MC-Centro,1312889.84,1294000.0
2025-09-28,8,PT1H,MC-Centro,1450914.95,1419000.0
2025-09-28,9,PT1H,MC-Centro,1582135.61,1561000.0
2025-09-28,10,PT1H,MC-Centro,1687040.99,1670000.0
2025-09-28,11,PT1H,MC-Centro,1779026.47,1751000.0
2025-09-28,12,PT1H,MC-Centro,1818912.23,1802000.0
2025-09-28,13,PT1H,MC-Centro,1828695.31,1819000.0
2025-09-28,14,PT1H,MC-Centro,1792721.83,1796000.0
2025-09-28,15,PT1H,MC-Centro,1743467.03,1740000.0
2025-09-28,16,PT1H,MC-Centro,1695021.58,1704000.0
2025-09-28,17,PT1H,MC-Centro,1703002.37,1691000.0
2025-09-28,18,PT1H,MC-Centro,1752853.6,1741000.0
2025-09-28,19,PT1H,MC-Centro,1923155.46,1913000.0
2025-09-28,20,PT1H,MC-Centro,1944191.56,1938000.0
2025-09-28,21,PT1H,MC-Centro,1875481.54,1872000.0
2025-09-28,22,PT1H,MC-Centro,1731499.34,1727000.0
2025-09-28,23,PT1H,MC-Centro,1579915.79,1572000.0
2025-09-28,24,PT1H,MC-Centro,1457336.61,1444000.0
2025-02-06,1,PT1H,MC-Centro,1559633.23,1539000.0
2025-02-06,2,PT1H,MC-Centro,1498026.27,1475000.0
2025-02-06,3,PT1H,MC-Centro,1465223.47,1432000.0
2025-02-06,4,PT1H,MC-Centro,1474576.36,1437000.0
2025-02-06,5,PT1H,MC-Centro,1603776.07,1554000.0
2025-02-06,6,PT1H,MC-Centro,1814093.29,1777000.0
2025-02-06,7,PT1H,MC-Centro,1900100.6,1857000.0
2025-02-06,8,PT1H,MC-Centro,2040897.08,1988000.0
2025-02-06,9,PT1H,MC-Centro,2112137.39,2089000.0
2025-02-06,10,PT1H,MC-Centro,2151429.85,2139000.0
2025-02-06,11,PT1H,MC-Centro,2220285.76,2220000.0
2025-02-06,12,PT1H,MC-Centro,2261684.16,2256000.0
2025-02-06,13,PT1H,MC-Centro,2239873.69,2251000.0
2025-02-06,14,PT1H,MC-Centro,2195018.44,2208000.0
2025-02-06,15,PT1H,MC-Centro,2200440.61,2221000.0
2025-02-06,16,PT1H,MC-Centro,2192944.76,2205000.0
2025-02-06,17,PT1H,MC-Centro,2168542.03,2148000.0
2025-02-06,18,PT1H,MC-Centro,2163095.92,2090000.0
2025-02-06,19,PT1H,MC-Centro,2266681.26,2211000.0
2025-02-06,20,PT1H,MC-Centro,2287304.06,2235000.0
2025-02-06,21,PT1H,MC-Centro,2197328.85,2147000.0
2025-02-06,22,PT1H,MC-Centro,1995945.0,1968000.0
2025-02-06,23,PT1H,MC-Centro,1793046.48,1783000.0
2025-02-06,24,PT1H,MC-Centro,1675028.26,1644000.0
2025-05-24,1,PT1H,MC-Centro,1574880.32,1566290.0
2025-05-24,2,PT1H,MC-Centro,1502638.61,1495480.0
2025-05-24,3,PT1H,MC-Centro,1456982.0,1444340.0
2025-05-24,4,PT1H,MC-Centro,1439551.85,1427140.0
2025-05-24,5,PT1H,MC-Centro,1478760.6,1460090.0
2025-05-24,6,PT1H,MC-Centro,1531826.46,1513960.0
2025-05-24,7,PT1H,MC-Centro,1685733.83,1669640.0
2025-05-24,8,PT1H,MC-Centro,1870279.93,1851930.0
2025-05-24,9,PT1H,MC-Centro,2014845.36,1996330.0
2025-05-24,10,PT1H,MC-Centro,2081637.57,2072540.0
2025-05-24,11,PT1H,MC-Centro,2143074.95,2143360.0
2025-05-24,12,PT1H,MC-Centro,2166331.56,2152620.0
2025-05-24,13,PT1H,MC-Centro,2138847.92,2124030.0
2025-05-24,14,PT1H,MC-Centro,2073120.77,2063530.0
2025-05-24,15,PT1H,MC-Centro,2014365.73,2000570.0
2025-05-24,16,PT1H,MC-Centro,1980730.76,1961560.0
2025-05-24,17,PT1H,MC-Centro,1948642.62,1930000.0
2025-05-24,18,PT1H,MC-Centro,1933682.0,1915600.0
2025-05-24,19,PT1H,MC-Centro,2040935.65,2024840.0
2025-05-24,20,PT1H,MC-Centro,2038604.48,2029580.0
2025-05-24,21,PT1H,MC-Centro,1964379.53,1955360.0
2025-05-24,22,PT1H,MC-Centro,1836262.74,1823670.0
2025-05-24,23,PT1H,MC-Centro,1671595.41,1667460.0
2025-05-24,24,PT1H,MC-Centro,1519477.13,1531710.0
2026-02-08,8,PT1H,MC-Centro,1434701.59,1471000.0
2026-02-08,9,PT1H,MC-Centro,1590556.0,1609000.0
2026-02-08,10,PT1H,MC-Centro,1695228.43,1715000.0
2026-02-08,11,PT1H,MC-Centro,1790637.97,1802000.0
2026-02-08,12,PT1H,MC-Centro,1837664.04,1854000.0
2026-02-08,13,PT1H,MC-Centro,1860972.61,1864000.0
2026-02-08,14,PT1H,MC-Centro,1839661.24,1826000.0
2026-02-08,15,PT1H,MC-Centro,1787974.26,1794000.0
2026-02-08,16,PT1H,MC-Centro,1750582.86,1761000.0
2026-02-08,17,PT1H,MC-Centro,1726460.06,1752000.0
2026-02-08,18,PT1H,MC-Centro,1776008.04,1819000.0
2026-02-08,19,PT1H,MC-Centro,1933161.67,1965000.0
2026-02-08,20,PT1H,MC-Centro,1993833.38,1989000.0
2026-02-08,21,PT1H,MC-Centro,1914056.42,1920000.0
2026-02-08,22,PT1H,MC-Centro,1766507.78,1783000.0
2026-02-08,23,PT1H,MC-Centro,1623895.25,1633000.0
2026-02-08,24,PT1H,MC-Centro,1469324.85,1516000.0
2026-02-08,1,PT1H,MC-Centro,1444111.46,1451000.0
2026-02-08,2,PT1H,MC-Centro,1368733.92,1377000.0
2026-02-08,3,PT1H,MC-Centro,1312399.84,1326000.0
2026-02-08,4,PT1H,MC-Centro,1274668.22,1286000.0
2026-02-08,5,PT1H,MC-Centro,1270628.07,1289000.0
2026-02-08,6,PT1H,MC-Centro,1290685.97,1301000.0
2026-02-08,7,PT1H,MC-Centro,1310534.3,1342000.0
2025-08-30,1,PT1H,MC-Centro,1547404.96,1572000.0
2025-08-30,2,PT1H,MC-Centro,1484512.09,1500000.0
2025-08-30,3,PT1H,MC-Centro,1436770.32,1448000.0
2025-08-30,4,PT1H,MC-Centro,1429258.05,1431000.0
2025-08-30,5,PT1H,MC-Centro,1451467.98,1467000.0
2025-08-30,6,PT1H,MC-Centro,1494873.46,1528000.0
2025-08-30,7,PT1H,MC-Centro,1651511.42,1674000.0
2025-08-30,8,PT1H,MC-Centro,1821177.34,1850000.0
2025-08-30,9,PT1H,MC-Centro,1970081.92,2000000.0
2025-08-30,10,PT1H,MC-Centro,2052888.84,2088000.0
2025-08-30,11,PT1H,MC-Centro,2125554.05,2153000.0
2025-08-30,12,PT1H,MC-Centro,2128176.5,2168000.0
2025-08-30,13,PT1H,MC-Centro,2095492.4,2137000.0
2025-08-30,14,PT1H,MC-Centro,2022195.86,2066000.0
2025-08-30,15,PT1H,MC-Centro,1957845.8,2000000.0
2025-08-30,16,PT1H,MC-Centro,1934503.42,1963000.0
2025-08-30,17,PT1H,MC-Centro,1911399.43,1932000.0
2025-08-30,18,PT1H,MC-Centro,1902743.11,1918000.0
2025-08-30,19,PT1H,MC-Centro,2018372.97,2034000.0
2025-08-30,20,PT1H,MC-Centro,2001990.93,2041000.0
2025-08-30,21,PT1H,MC-Centro,1917771.44,1958000.0
2025-08-30,22,PT1H,MC-Centro,1786259.52,1816000.0
2025-08-30,23,PT1H,MC-Centro,1633038.8,1655000.0
2025-08-30,24,PT1H,MC-Centro,1492624.63,1521000.0
2025-01-21,1,PT1H,MC-Centro,1490667.79,1520430.0
2025-01-21,2,PT1H,MC-Centro,1461734.46,1448580.0
2025-01-21,3,PT1H,MC-Centro,1419134.85,1401840.0
2025-01-21,4,PT1H,MC-Centro,1421571.51,1404990.0
2025-01-21,5,PT1H,MC-Centro,1518708.06,1491940.0
2025-01-21,6,PT1H,MC-Centro,1668200.98,1632700.0
2025-01-21,7,PT1H,MC-Centro,1831104.37,1796100.0
2025-01-21,8,PT1H,MC-Centro,2006405.38,1966990.0
2025-01-21,9,PT1H,MC-Centro,2103075.47,2071750.0
2025-01-21,10,PT1H,MC-Centro,2143625.8,2125590.0
2025-01-21,11,PT1H,MC-Centro,2199125.2,2194820.0
2025-01-21,12,PT1H,MC-Centro,2259099.65,2255800.0
2025-01-21,13,PT1H,MC-Centro,2262533.31,2255550.0
2025-01-21,14,PT1H,MC-Centro,2227779.03,2207170.0
2025-01-21,15,PT1H,MC-Centro,2227202.84,2200120.0
2025-01-21,16,PT1H,MC-Centro,2213752.31,2192910.0
2025-01-21,17,PT1H,MC-Centro,2147636.22,2138690.0
2025-01-21,18,PT1H,MC-Centro,2116007.11,2125520.0
2025-01-21,19,PT1H,MC-Centro,2234126.4,2225800.0
2025-01-21,20,PT1H,MC-Centro,2257005.13,2228080.0
2025-01-21,21,PT1H,MC-Centro,2154066.02,2155200.0
2025-01-21,22,PT1H,MC-Centro,1966454.73,1983250.0
2025-01-21,23,PT1H,MC-Centro,1774082.85,1777340.0
2025-01-21,24,PT1H,MC-Centro,1629498.13,1628730.0
2024-10-27,1,PT1H,MC-Centro,1430780.17,1441000.0
2024-10-27,2,PT1H,MC-Centro,1360154.98,1374000.0
2024-10-27,3,PT1H,MC-Centro,1303559.85,1321000.0
2024-10-27,4,PT1H,MC-Centro,1272648.3,1287000.0
2024-10-27,5,PT1H,MC-Centro,1273203.39,1278000.0
2024-10-27,6,PT1H,MC-Centro,1269280.35,1267000.0
2024-10-27,7,PT1H,MC-Centro,1332665.27,1328000.0
2024-10-27,8,PT1H,MC-Centro,1453878.93,1467000.0
2024-10-27,9,PT1H,MC-Centro,1573815.6,1566000.0
2024-10-27,10,PT1H,MC-Centro,1661471.68,1664000.0
2024-10-27,11,PT1H,MC-Centro,1732339.24,1733000.0
2024-10-27,12,PT1H,MC-Centro,1773862.49,1775000.0
2024-10-27,13,PT1H,MC-Centro,1785559.23,1786000.0
2024-10-27,14,PT1H,MC-Centro,1757841.17,1763000.0
2024-10-27,15,PT1H,MC-Centro,1713451.1,1714000.0
2024-10-27,16,PT1H,MC-Centro,1681027.75,1693000.0
2024-10-27,17,PT1H,MC-Centro,1685770.11,1700000.0
2024-10-27,18,PT1H,MC-Centro,1776652.26,1767000.0
2024-10-27,19,PT1H,MC-Centro,1910308.84,1916000.0
2024-10-27,20,PT1H,MC-Centro,1908358.78,1927000.0
2024-10-27,21,PT1H,MC-Centro,1841654.39,1854000.0
2024-10-27,22,PT1H,MC-Centro,1704428.3,1722000.0
2024-10-27,23,PT1H,MC-Centro,1563421.96,1585000.0
2024-10-27,24,PT1H,MC-Centro,1442971.89,1467000.0
2024-08-18,1,PT1H,MC-Centro,1371149.73,1361000.0
2024-08-18,2,PT1H,MC-Centro,1297920.96,1290000.0
2024-08-18,3,PT1H,MC-Centro,1240143.49,1237000.0
2024-08-18,4,PT1H,MC-Centro,1210991.47,1200000.0
2024-08-18,5,PT1H,MC-Centro,1224289.3,1188000.0
2024-08-18,6,PT1H,MC-Centro,1229221.0,1171000.0
2024-08-18,7,PT1H,MC-Centro,1250702.68,1220000.0
2024-08-18,8,PT1H,MC-Centro,1372643.96,1345000.0
2024-08-18,9,PT1H,MC-Centro,1484518.09,1481000.0
2024-08-18,10,PT1H,MC-Centro,1573669.48,1572000.0
2024-08-18,11,PT1H,MC-Centro,1627694.35,1642000.0
2024-08-18,12,PT1H,MC-Centro,1665842.76,1671000.0
2024-08-18,13,PT1H,MC-Centro,1665316.53,1676000.0
2024-08-18,14,PT1H,MC-Centro,1624432.5,1634000.0
2024-08-18,15,PT1H,MC-Centro,1578856.2,1577000.0
2024-08-18,16,PT1H,MC-Centro,1554166.6,1536000.0
2024-08-18,17,PT1H,MC-Centro,1534179.2,1521000.0
2024-08-18,18,PT1H,MC-Centro,1561977.96,1575000.0
2024-08-18,19,PT1H,MC-Centro,1709028.67,1695000.0
2024-08-18,20,PT1H,MC-Centro,1749643.37,1714000.0
2024-08-18,21,PT1H,MC-Centro,1706923.07,1678000.0
2024-08-18,22,PT1H,MC-Centro,1595094.06,1594000.0
2024-08-18,23,PT1H,MC-Centro,1483886.55,1491000.0
2024-08-18,24,PT1H,MC-Centro,1385369.52,1388000.0
2024-08-28,1,PT1H,MC-Centro,1514712.09,1516000.0
2024-08-28,2,PT1H,MC-Centro,1450465.28,1451000.0
2024-08-28,3,PT1H,MC-Centro,1399642.59,1398000.0
2024-08-28,4,PT1H,MC-Centro,1406304.74,1407000.0
2024-08-28,5,PT1H,MC-Centro,1564719.29,1551000.0
2024-08-28,6,PT1H,MC-Centro,1816732.99,1803000.0
2024-08-28,7,PT1H,MC-Centro,1900161.81,1895000.0
2024-08-28,8,PT1H,MC-Centro,2019064.73,2009000.0
2024-08-28,9,PT1H,MC-Centro,2109638.59,2089000.0
2024-08-28,10,PT1H,MC-Centro,2145643.22,2125000.0
2024-08-28,11,PT1H,MC-Centro,2163430.61,2192000.0
2024-08-28,12,PT1H,MC-Centro,2224776.85,2240000.0
2024-08-28,13,PT1H,MC-Centro,2208182.56,2231000.0
2024-08-28,14,PT1H,MC-Centro,2172107.01,2183000.0
2024-08-28,15,PT1H,MC-Centro,2162899.91,2179000.0
2024-08-28,16,PT1H,MC-Centro,2151311.82,2170000.0
2024-08-28,17,PT1H,MC-Centro,2123304.82,2125000.0
2024-08-28,18,PT1H,MC-Centro,2097865.43,2098000.0
2024-08-28,19,PT1H,MC-Centro,2226093.63,2216000.0
2024-08-28,20,PT1H,MC-Centro,2237241.57,2229000.0
2024-08-28,21,PT1H,MC-Centro,2146843.57,2143000.0
2024-08-28,22,PT1H,MC-Centro,1967737.88,1960000.0
2024-08-28,23,PT1H,MC-Centro,1734661.88,1756000.0
2024-08-28,24,PT1H,MC-Centro,1608924.96,1618000.0
2024-11-04,1,PT1H,MC-Centro,1343030.93,1339000.0
2024-11-04,2,PT1H,MC-Centro,1279050.41,1267000.0
2024-11-04,3,PT1H,MC-Centro,1232805.86,1220000.0
2024-11-04,4,PT1H,MC-Centro,1216571.72,1198000.0
2024-11-04,5,PT1H,MC-Centro,1242794.87,1213000.0
2024-11-04,6,PT1H,MC-Centro,1253298.74,1211000.0
2024-11-04,7,PT1H,MC-Centro,1323518.98,1276000.0
2024-11-04,8,PT1H,MC-Centro,1480627.01,1415000.0
2024-11-04,9,PT1H,MC-Centro,1611786.01,1566000.0
2024-11-04,10,PT1H,MC-Centro,1730413.92,1675000.0
2024-11-04,11,PT1H,MC-Centro,1820227.62,1778000.0
2024-11-04,12,PT1H,MC-Centro,1883869.45,1845000.0
2024-11-04,13,PT1H,MC-Centro,1914204.07,1866000.0
2024-11-04,14,PT1H,MC-Centro,1884405.99,1844000.0
2024-11-04,15,PT1H,MC-Centro,1843082.99,1797000.0
2024-11-04,16,PT1H,MC-Centro,1802813.6,1765000.0
2024-11-04,17,PT1H,MC-Centro,1789226.85,1763000.0
2024-11-04,18,PT1H,MC-Centro,1867989.63,1838000.0
2024-11-04,19,PT1H,MC-Centro,1987759.28,1954000.0
2024-11-04,20,PT1H,MC-Centro,1984427.09,1957000.0
2024-11-04,21,PT1H,MC-Centro,1901773.75,1866000.0
2024-11-04,22,PT1H,MC-Centro,1748430.6,1721000.0
2024-11-04,23,PT1H,MC-Centro,1602520.46,1579000.0
2024-11-04,24,PT1H,MC-Centro,1475741.93,1468000.0
2024-09-15,1,PT1H,MC-Centro,1421320.58,1378000.0
2024-09-15,2,PT1H,MC-Centro,1358710.99,1308000.0
2024-09-15,3,PT1H,MC-Centro,1307854.18,1255000.0
2024-09-15,4,PT1H,MC-Centro,1268935.44,1218000.0
2024-09-15,5,PT1H,MC-Centro,1264551.64,1220000.0
2024-09-15,6,PT1H,MC-Centro,1251709.97,1219000.0
2024-09-15,7,PT1H,MC-Centro,1312543.68,1268000.0
2024-09-15,8,PT1H,MC-Centro,1447901.15,1397000.0
2024-09-15,9,PT1H,MC-Centro,1570319.29,1529000.0
2024-09-15,10,PT1H,MC-Centro,1654500.79,1630000.0
2024-09-15,11,PT1H,MC-Centro,1720706.56,1715000.0
2024-09-15,12,PT1H,MC-Centro,1764208.52,1769000.0
2024-09-15,13,PT1H,MC-Centro,1771075.39,1778000.0
2024-09-15,14,PT1H,MC-Centro,1739201.39,1749000.0
2024-09-15,15,PT1H,MC-Centro,1702211.12,1701000.0
2024-09-15,16,PT1H,MC-Centro,1675509.12,1671000.0
2024-09-15,17,PT1H,MC-Centro,1681064.69,1651000.0
2024-09-15,18,PT1H,MC-Centro,1741832.62,1693000.0
2024-09-15,19,PT1H,MC-Centro,1889132.55,1855000.0
2024-09-15,20,PT1H,MC-Centro,1911374.79,1890000.0
2024-09-15,21,PT1H,MC-Centro,1854215.51,1823000.0
2024-09-15,22,PT1H,MC-Centro,1728235.78,1691000.0
2024-09-15,23,PT1H,MC-Centro,1575336.72,1551000.0
2024-09-15,24,PT1H,MC-Centro,1460761.78,1440000.0
2024-12-16,1,PT1H,MC-Centro,1402466.77,1399000.0
2024-12-16,2,PT1H,MC-Centro,1339270.74,1331000.0
2024-12-16,3,PT1H,MC-Centro,1302778.13,1293000.0
2024-12-16,4,PT1H,MC-Centro,1319898.7,1316000.0
2024-12-16,5,PT1H,MC-Centro,1410448.79,1402000.0
2024-12-16,6,PT1H,MC-Centro,1550818.2,1546000.0
2024-12-16,7,PT1H,MC-Centro,1753322.81,1747000.0
2024-12-16,8,PT1H,MC-Centro,1939075.88,1930000.0
2024-12-16,9,PT1H,MC-Centro,2057570.2,2052000.0
2024-12-16,10,PT1H,MC-Centro,2139453.93,2131000.0
2024-12-16,11,PT1H,MC-Centro,2206838.47,2199000.0
2024-12-16,12,PT1H,MC-Centro,2254541.0,2263000.0
2024-12-16,13,PT1H,MC-Centro,2252341.6,2256000.0
2024-12-16,14,PT1H,MC-Centro,2217866.31,2220000.0
2024-12-16,15,PT1H,MC-Centro,2209289.07,2208000.0
2024-12-16,16,PT1H,MC-Centro,2186900.5,2191000.0
2024-12-16,17,PT1H,MC-Centro,2152519.95,2152000.0
2024-12-16,18,PT1H,MC-Centro,2146490.51,2128000.0
2024-12-16,19,PT1H,MC-Centro,2234497.16,2248000.0
2024-12-16,20,PT1H,MC-Centro,2207158.14,2242000.0
2024-12-16,21,PT1H,MC-Centro,2140748.2,2162000.0
2024-12-16,22,PT1H,MC-Centro,2004727.58,1999000.0
2024-12-16,23,PT1H,MC-Centro,1805027.5,1800000.0
2024-12-16,24,PT1H,MC-Centro,1668414.06,1650000.0
2025-06-26,1,PT1H,MC-Centro,1533613.27,1541480.0
2025-06-26,2,PT1H,MC-Centro,1476858.72,1477530.0
2025-06-26,3,PT1H,MC-Centro,1415105.99,1428260.0
2025-06-26,4,PT1H,MC-Centro,1409397.84,1419360.0
2025-06-26,5,PT1H,MC-Centro,1502527.52,1518440.0
2025-06-26,6,PT1H,MC-Centro,1627131.95,1681370.0
2025-06-26,7,PT1H,MC-Centro,1822406.26,1828490.0
2025-06-26,8,PT1H,MC-Centro,1998341.24,1979290.0
2025-06-26,9,PT1H,MC-Centro,2122137.87,2083850.0
2025-06-26,10,PT1H,MC-Centro,2188600.64,2162600.0
2025-06-26,11,PT1H,MC-Centro,2254448.22,2222240.0
2025-06-26,12,PT1H,MC-Centro,2316879.13,2273680.0
2025-06-26,13,PT1H,MC-Centro,2307551.99,2267420.0
2025-06-26,14,PT1H,MC-Centro,2261341.96,2225850.0
2025-06-26,15,PT1H,MC-Centro,2253740.48,2214850.0
2025-06-26,16,PT1H,MC-Centro,2237878.03,2204350.0
2025-06-26,17,PT1H,MC-Centro,2194871.51,2169990.0
2025-06-26,18,PT1H,MC-Centro,2187025.24,2139660.0
2025-06-26,19,PT1H,MC-Centro,2260782.24,2251500.0
2025-06-26,20,PT1H,MC-Centro,2269263.33,2286710.0
2025-06-26,21,PT1H,MC-Centro,2189197.87,2198140.0
2025-06-26,22,PT1H,MC-Centro,2016683.45,2019740.0
2025-06-26,23,PT1H,MC-Centro,1810240.87,1809740.0
2025-06-26,24,PT1H,MC-Centro,1675732.03,1665260.0
2024-11-02,1,PT1H,MC-Centro,1558378.25,1562000.0
2024-11-02,2,PT1H,MC-Centro,1494383.29,1487000.0
2024-11-02,3,PT1H,MC-Centro,1448813.7,1436000.0
2024-11-02,4,PT1H,MC-Centro,1433975.16,1419000.0
2024-11-02,5,PT1H,MC-Centro,1479383.92,1455000.0
2024-11-02,6,PT1H,MC-Centro,1529418.98,1499000.0
2024-11-02,7,PT1H,MC-Centro,1714271.49,1646000.0
2024-11-02,8,PT1H,MC-Centro,1882302.79,1823000.0
2024-11-02,9,PT1H,MC-Centro,1988923.7,1950000.0
2024-11-02,10,PT1H,MC-Centro,2057671.49,2027000.0
2024-11-02,11,PT1H,MC-Centro,2105870.15,2092000.0
2024-11-02,12,PT1H,MC-Centro,2104450.88,2102000.0
2024-11-02,13,PT1H,MC-Centro,2091607.43,2074000.0
2024-11-02,14,PT1H,MC-Centro,2042811.8,2012000.0
2024-11-02,15,PT1H,MC-Centro,1981910.22,1955000.0
2024-11-02,16,PT1H,MC-Centro,1956758.14,1920000.0
2024-11-02,17,PT1H,MC-Centro,1925408.44,1906000.0
2024-11-02,18,PT1H,MC-Centro,1952900.31,1926000.0
2024-11-02,19,PT1H,MC-Centro,2036388.9,2024000.0
2024-11-02,20,PT1H,MC-Centro,1995476.9,1995000.0
2024-11-02,21,PT1H,MC-Centro,1903065.46,1909000.0
2024-11-02,22,PT1H,MC-Centro,1756158.34,1771000.0
2024-11-02,23,PT1H,MC-Centro,1614890.9,1630000.0
2024-11-02,24,PT1H,MC-Centro,1497346.93,1501000.0
2025-07-01,1,PT1H,MC-Centro,1369267.31,1404000.0
2025-07-01,2,PT1H,MC-Centro,1308190.25,1337000.0
2025-07-01,3,PT1H,MC-Centro,1278489.93,1293000.0
2025-07-01,4,PT1H,MC-Centro,1282545.4,1309000.0
2025-07-01,5,PT1H,MC-Centro,1374218.7,1412000.0
2025-07-01,6,PT1H,MC-Centro,1499440.71,1550000.0
2025-07-01,7,PT1H,MC-Centro,1666614.54,1721000.0
2025-07-01,8,PT1H,MC-Centro,1868169.51,1908000.0
2025-07-01,9,PT1H,MC-Centro,2003967.68,2059000.0
2025-07-01,10,PT1H,MC-Centro,2077904.57,2149000.0
2025-07-01,11,PT1H,MC-Centro,2148611.78,2233000.0
2025-07-01,12,PT1H,MC-Centro,2217262.92,2300000.0
2025-07-01,13,PT1H,MC-Centro,2233148.25,2305000.0
2025-07-01,14,PT1H,MC-Centro,2189824.23,2260000.0
2025-07-01,15,PT1H,MC-Centro,2172587.26,2246000.0
2025-07-01,16,PT1H,MC-Centro,2153428.77,2218000.0
2025-07-01,17,PT1H,MC-Centro,2100198.91,2172000.0
2025-07-01,18,PT1H,MC-Centro,2053178.89,2125000.0
2025-07-01,19,PT1H,MC-Centro,2164857.83,2222000.0
2025-07-01,20,PT1H,MC-Centro,2215001.9,2244000.0
2025-07-01,21,PT1H,MC-Centro,2146623.08,2158000.0
2025-07-01,22,PT1H,MC-Centro,1973360.54,1980000.0
2025-07-01,23,PT1H,MC-Centro,1764966.57,1773000.0
2025-07-01,24,PT1H,MC-Centro,1626050.82,1628000.0
2025-06-01,1,PT1H,MC-Centro,1383720.97,1419000.0
2025-06-01,2,PT1H,MC-Centro,1311284.34,1344000.0
2025-06-01,3,PT1H,MC-Centro,1256138.07,1290000.0
2025-06-01,4,PT1H,MC-Centro,1219190.03,1255000.0
2025-06-01,5,PT1H,MC-Centro,1215505.06,1249000.0
2025-06-01,6,PT1H,MC-Centro,1216786.81,1249000.0
2025-06-01,7,PT1H,MC-Centro,1254807.53,1279000.0
2025-06-01,8,PT1H,MC-Centro,1372670.95,1412000.0
2025-06-01,9,PT1H,MC-Centro,1500041.91,1537000.0
2025-06-01,10,PT1H,MC-Centro,1611782.62,1627000.0
2025-06-01,11,PT1H,MC-Centro,1678796.12,1705000.0
2025-06-01,12,PT1H,MC-Centro,1726812.76,1749000.0
2025-06-01,13,PT1H,MC-Centro,1743411.49,1764000.0
2025-06-01,14,PT1H,MC-Centro,1710315.02,1742000.0
2025-06-01,15,PT1H,MC-Centro,1666588.59,1693000.0
2025-06-01,16,PT1H,MC-Centro,1632361.77,1662000.0
2025-06-01,17,PT1H,MC-Centro,1609995.62,1643000.0
2025-06-01,18,PT1H,MC-Centro,1629684.13,1656000.0
2025-06-01,19,PT1H,MC-Centro,1774004.12,1809000.0
2025-06-01,20,PT1H,MC-Centro,1805517.14,1847000.0
2025-06-01,21,PT1H,MC-Centro,1751172.9,1796000.0
2025-06-01,22,PT1H,MC-Centro,1647807.87,1686000.0
2025-06-01,23,PT1H,MC-Centro,1517468.11,1557000.0
2025-06-01,24,PT1H,MC-Centro,1394541.05,1442000.0
2025-05-30,12,PT1H,MC-Centro,2281803.17,2277000.0
2025-05-30,13,PT1H,MC-Centro,2257182.93,2259000.0
2025-05-30,14,PT1H,MC-Centro,2211157.64,2209000.0
2025-05-30,15,PT1H,MC-Centro,2205561.84,2204000.0
2025-05-30,16,PT1H,MC-Centro,2174924.7,2189000.0
2025-05-30,17,PT1H,MC-Centro,2161124.19,2139000.0
2025-05-30,18,PT1H,MC-Centro,2143402.89,2097000.0
2025-05-30,19,PT1H,MC-Centro,2208777.32,2203000.0
2025-05-30,20,PT1H,MC-Centro,2196303.17,2212000.0
2025-05-30,21,PT1H,MC-Centro,2116359.86,2138000.0
2025-05-30,22,PT1H,MC-Centro,1957748.32,1979000.0
2025-05-30,23,PT1H,MC-Centro,1780656.32,1799000.0
2025-05-30,24,PT1H,MC-Centro,1640121.24,1659000.0
2025-05-30,1,PT1H,MC-Centro,1543990.16,1539000.0
2025-05-30,2,PT1H,MC-Centro,1475233.57,1475000.0
2025-05-30,3,PT1H,MC-Centro,1417766.87,1427000.0
2025-05-30,4,PT1H,MC-Centro,1417884.32,1427000.0
2025-05-30,5,PT1H,MC-Centro,1546795.72,1542000.0
2025-05-30,6,PT1H,MC-Centro,1779606.41,1752000.0
2025-05-30,7,PT1H,MC-Centro,1886828.83,1866000.0
2025-05-30,8,PT1H,MC-Centro,2016415.62,1987000.0
2025-05-30,9,PT1H,MC-Centro,2146958.46,2104000.0
2025-05-30,10,PT1H,MC-Centro,2188933.38,2168000.0
2025-05-30,11,PT1H,MC-Centro,2250099.15,2238000.0
2025-05-04,1,PT1H,MC-Centro,1421795.16,1439000.0
2025-05-04,2,PT1H,MC-Centro,1349508.95,1363000.0
2025-05-04,3,PT1H,MC-Centro,1295524.03,1304000.0
2025-05-04,4,PT1H,MC-Centro,1257925.3,1268000.0
2025-05-04,5,PT1H,MC-Centro,1244644.32,1265000.0
2025-05-04,6,PT1H,MC-Centro,1235123.09,1269000.0
2025-05-04,7,PT1H,MC-Centro,1277749.42,1312000.0
2025-05-04,8,PT1H,MC-Centro,1405826.59,1452000.0
2025-05-04,9,PT1H,MC-Centro,1542602.63,1574000.0
2025-05-04,10,PT1H,MC-Centro,1656142.32,1673000.0
2025-05-04,11,PT1H,MC-Centro,1740152.35,1748000.0
2025-05-04,12,PT1H,MC-Centro,1795559.07,1798000.0
2025-05-04,13,PT1H,MC-Centro,1807620.5,1803000.0
2025-05-04,14,PT1H,MC-Centro,1782662.02,1783000.0
2025-05-04,15,PT1H,MC-Centro,1731592.09,1734000.0
2025-05-04,16,PT1H,MC-Centro,1709740.65,1707000.0
2025-05-04,17,PT1H,MC-Centro,1699617.04,1693000.0
2025-05-04,18,PT1H,MC-Centro,1733142.96,1724000.0
2025-05-04,19,PT1H,MC-Centro,1884328.54,1882000.0
2025-05-04,20,PT1H,MC-Centro,1909555.51,1929000.0
2025-05-04,21,PT1H,MC-Centro,1856176.84,1878000.0
2025-05-04,22,PT1H,MC-Centro,1722566.46,1748000.0
2025-05-04,23,PT1H,MC-Centro,1580500.62,1607000.0
2025-05-04,24,PT1H,MC-Centro,1443063.61,1481000.0
