Fecha,Periodo,CodigoDuracion,MercadoComercializacionOperativo,DemandaAtendida,PronDem
2024-02-10,1,PT1H,MC-Ternium,6397.91,6438.0
2024-02-10,2,PT1H,MC-Ternium,6976.45,6486.0
2024-02-10,3,PT1H,MC-Ternium,7458.34,6322.0
2024-02-10,4,PT1H,MC-Ternium,6707.47,6231.0
2024-02-10,5,PT1H,MC-Ternium,5676.31,3731.0
2024-02-10,6,PT1H,MC-Ternium,4960.55,5164.0
2024-02-10,7,PT1H,MC-Ternium,7837.09,3557.0
2024-02-10,8,PT1H,MC-Ternium,7319.67,1757.0
2024-02-10,9,PT1H,MC-Ternium,7196.54,1164.0
2024-02-10,10,PT1H,MC-Ternium,6146.5,1051.0
2024-02-10,11,PT1H,MC-Ternium,5967.44,1037.0
2024-02-10,12,PT1H,MC-Ternium,7015.16,1051.0
2024-02-10,13,PT1H,MC-Ternium,5972.32,1097.0
2024-02-10,14,PT1H,MC-Ternium,2841.48,1103.0
2024-02-10,15,PT1H,MC-Ternium,6366.74,1126.0
2024-02-10,16,PT1H,MC-Ternium,6626.31,1139.0
2024-02-10,17,PT1H,MC-Ternium,6972.65,1135.0
2024-02-10,18,PT1H,MC-Ternium,6721.43,1114.0
2024-02-10,19,PT1H,MC-Ternium,6778.89,1139.0
2024-02-10,20,PT1H,MC-Ternium,6736.94,1160.0
2024-02-10,21,PT1H,MC-Ternium,5743.94,1181.0
2024-02-10,22,PT1H,MC-Ternium,5728.62,1157.0
2024-02-10,23,PT1H,MC-Ternium,7003.86,1112.0
2024-02-10,24,PT1H,MC-Ternium,6017.36,1078.0
2024-02-11,1,PT1H,MC-Ternium,6394.24,833.0
2024-02-11,2,PT1H,MC-Ternium,6751.49,827.0
2024-02-11,3,PT1H,MC-Ternium,6789.98,814.0
2024-02-11,4,PT1H,MC-Ternium,4954.01,823.0
2024-02-11,5,PT1H,MC-Ternium,6319.61,834.0
2024-02-11,6,PT1H,MC-Ternium,6937.77,832.0
2024-02-11,7,PT1H,MC-Ternium,5825.06,840.0
2024-02-11,8,PT1H,MC-Ternium,6626.47,822.0
2024-02-11,9,PT1H,MC-Ternium,7168.36,944.0
2024-02-11,10,PT1H,MC-Ternium,6378.56,869.0
2024-02-11,11,PT1H,MC-Ternium,7108.02,874.0
2024-02-11,12,PT1H,MC-Ternium,6993.99,887.0
2024-02-11,13,PT1H,MC-Ternium,7108.01,890.0
2024-02-11,14,PT1H,MC-Ternium,6773.64,898.0
2024-02-11,15,PT1H,MC-Ternium,6960.36,894.0
2024-02-11,16,PT1H,MC-Ternium,6860.63,866.0
2024-02-11,17,PT1H,MC-Ternium,7034.12,887.0
2024-02-11,18,PT1H,MC-Ternium,6321.69,888.0
2024-02-11,19,PT1H,MC-Ternium,7177.7,900.0
2024-02-11,20,PT1H,MC-Ternium,7157.2,925.0
2024-02-11,21,PT1H,MC-Ternium,7148.33,891.0
2024-02-11,22,PT1H,MC-Ternium,7128.89,839.0
2024-02-11,23,PT1H,MC-Ternium,7009.64,837.0
2024-02-11,24,PT1H,MC-Ternium,7150.22,846.0
2024-02-12,1,PT1H,MC-Ternium,5701.8,828.0
2024-02-12,2,PT1H,MC-Ternium,5888.69,840.0
2024-02-12,3,PT1H,MC-Ternium,6950.82,838.0
2024-02-12,4,PT1H,MC-Ternium,7098.5,827.0
2024-02-12,5,PT1H,MC-Ternium,6877.68,833.0
2024-02-12,6,PT1H,MC-Ternium,7164.45,841.0
2024-02-12,7,PT1H,MC-Ternium,7105.39,823.0
2024-02-12,8,PT1H,MC-Ternium,6708.5,838.0
2024-02-12,9,PT1H,MC-Ternium,5205.25,899.0
2024-02-12,10,PT1H,MC-Ternium,6866.42,963.0
2024-02-12,11,PT1H,MC-Ternium,7078.21,974.0
2024-02-12,12,PT1H,MC-Ternium,7353.92,1013.0
2024-02-12,13,PT1H,MC-Ternium,6545.32,988.0
2024-02-12,14,PT1H,MC-Ternium,5260.29,988.0
2024-02-12,15,PT1H,MC-Ternium,5850.2,1061.0
2024-02-12,16,PT1H,MC-Ternium,6837.72,1062.0
2024-02-12,17,PT1H,MC-Ternium,2060.56,1148.0
2024-02-12,18,PT1H,MC-Ternium,1724.91,1069.0
2024-02-12,19,PT1H,MC-Ternium,1740.88,1096.0
2024-02-12,20,PT1H,MC-Ternium,2132.53,1075.0
2024-02-12,21,PT1H,MC-Ternium,3158.13,1043.0
2024-02-12,22,PT1H,MC-Ternium,2659.62,1013.0
2024-02-12,23,PT1H,MC-Ternium,4771.76,973.0
2024-02-12,24,PT1H,MC-Ternium,4291.4,966.0
2024-02-13,1,PT1H,MC-Ternium,5108.8,943.0
2024-02-13,2,PT1H,MC-Ternium,5760.33,920.0
2024-02-13,3,PT1H,MC-Ternium,5124.28,922.0
2024-02-13,4,PT1H,MC-Ternium,5499.26,945.0
2024-02-13,5,PT1H,MC-Ternium,4985.59,937.0
2024-02-13,6,PT1H,MC-Ternium,3320.76,938.0
2024-02-13,7,PT1H,MC-Ternium,4434.33,990.0
2024-02-13,8,PT1H,MC-Ternium,3500.04,1113.0
2024-02-13,9,PT1H,MC-Ternium,5317.43,1224.0
2024-02-13,10,PT1H,MC-Ternium,4193.27,2033.0
2024-02-13,11,PT1H,MC-Ternium,5553.16,2534.0
2024-02-13,12,PT1H,MC-Ternium,6449.18,2596.0
2024-02-13,13,PT1H,MC-Ternium,5919.72,2787.0
2024-02-13,14,PT1H,MC-Ternium,5554.7,4009.0
2024-02-13,15,PT1H,MC-Ternium,5913.84,3311.0
2024-02-13,16,PT1H,MC-Ternium,4703.47,5874.0
2024-02-13,17,PT1H,MC-Ternium,4455.26,5036.0
2024-02-13,18,PT1H,MC-Ternium,4605.22,6832.0
2024-02-13,19,PT1H,MC-Ternium,6578.79,6185.0
2024-02-13,20,PT1H,MC-Ternium,6922.43,6591.0
2024-02-13,21,PT1H,MC-Ternium,6076.91,4050.0
2024-02-13,22,PT1H,MC-Ternium,4228.17,4386.0
2024-02-13,23,PT1H,MC-Ternium,6066.37,6503.0
2024-02-13,24,PT1H,MC-Ternium,6711.44,6463.0
2024-02-14,1,PT1H,MC-Ternium,6252.18,5277.0
2024-02-14,2,PT1H,MC-Ternium,6223.4,6684.0
2024-02-14,3,PT1H,MC-Ternium,6588.39,8171.0
2024-02-14,4,PT1H,MC-Ternium,6100.38,6906.0
2024-02-14,5,PT1H,MC-Ternium,6044.82,5342.0
2024-02-14,6,PT1H,MC-Ternium,3549.72,7144.0
2024-02-14,7,PT1H,MC-Ternium,3875.44,7733.0
2024-02-14,8,PT1H,MC-Ternium,3119.29,4998.0
2024-02-14,9,PT1H,MC-Ternium,5830.75,6253.0
2024-02-14,10,PT1H,MC-Ternium,4475.43,6845.0
2024-02-14,11,PT1H,MC-Ternium,6267.15,7393.0
2024-02-14,12,PT1H,MC-Ternium,6052.29,6611.0
2024-02-14,13,PT1H,MC-Ternium,4835.7,6195.0
2024-02-14,14,PT1H,MC-Ternium,2731.91,7287.0
2024-02-14,15,PT1H,MC-Ternium,4186.77,6020.0
2024-02-14,16,PT1H,MC-Ternium,6453.06,6653.0
2024-02-14,17,PT1H,MC-Ternium,5247.96,7840.0
2024-02-14,18,PT1H,MC-Ternium,5060.22,6793.0
2024-02-14,19,PT1H,MC-Ternium,6122.19,6421.0
2024-02-14,20,PT1H,MC-Ternium,3049.28,6953.0
2024-02-14,21,PT1H,MC-Ternium,6139.51,7540.0
2024-02-14,22,PT1H,MC-Ternium,3405.59,7955.0
2024-02-14,23,PT1H,MC-Ternium,2976.62,8153.0
2024-02-14,24,PT1H,MC-Ternium,4525.53,7709.0
2024-02-15,1,PT1H,MC-Ternium,4458.81,6600.0
2024-02-15,2,PT1H,MC-Ternium,4155.09,6600.0
2024-02-15,3,PT1H,MC-Ternium,4778.98,6600.0
2024-02-15,4,PT1H,MC-Ternium,3275.92,6600.0
2024-02-15,5,PT1H,MC-Ternium,5019.55,6600.0
2024-02-15,6,PT1H,MC-Ternium,5801.59,6600.0
2024-02-15,7,PT1H,MC-Ternium,5005.17,6600.0
2024-02-15,8,PT1H,MC-Ternium,4583.49,6600.0
2024-02-15,9,PT1H,MC-Ternium,3589.26,6600.0
2024-02-15,10,PT1H,MC-Ternium,3272.14,6600.0
2024-02-15,11,PT1H,MC-Ternium,3775.97,6600.0
2024-02-15,12,PT1H,MC-Ternium,3826.43,6600.0
2024-02-15,13,PT1H,MC-Ternium,3147.83,6600.0
2024-02-15,14,PT1H,MC-Ternium,2182.43,6600.0
2024-02-15,15,PT1H,MC-Ternium,2158.8,6600.0
2024-02-15,16,PT1H,MC-Ternium,3053.1,6600.0
2024-02-15,17,PT1H,MC-Ternium,3824.25,6600.0
2024-02-15,18,PT1H,MC-Ternium,5385.69,6600.0
2024-02-15,19,PT1H,MC-Ternium,4999.44,6600.0
2024-02-15,20,PT1H,MC-Ternium,5092.39,6600.0
2024-02-15,21,PT1H,MC-Ternium,7404.99,6600.0
2024-02-15,22,PT1H,MC-Ternium,6412.93,6600.0
2024-02-15,23,PT1H,MC-Ternium,6865.39,6600.0
2024-02-15,24,PT1H,MC-Ternium,7278.83,6600.0
2024-02-16,1,PT1H,MC-Ternium,6711.74,6400.0
2024-02-16,2,PT1H,MC-Ternium,7490.65,6400.0
2024-02-16,3,PT1H,MC-Ternium,7562.48,6400.0
2024-02-16,4,PT1H,MC-Ternium,6900.12,6400.0
2024-02-16,5,PT1H,MC-Ternium,7705.38,6400.0
2024-02-16,6,PT1H,MC-Ternium,6361.33,6400.0
2024-02-16,7,PT1H,MC-Ternium,7627.06,6400.0
2024-02-16,8,PT1H,MC-Ternium,3376.37,6400.0
2024-02-16,9,PT1H,MC-Ternium,2371.52,6400.0
2024-02-16,10,PT1H,MC-Ternium,5697.59,6400.0
2024-02-16,11,PT1H,MC-Ternium,7724.63,6400.0
2024-02-16,12,PT1H,MC-Ternium,8015.81,6400.0
2024-02-16,13,PT1H,MC-Ternium,8255.41,6400.0
2024-02-16,14,PT1H,MC-Ternium,7773.35,6400.0
2024-02-16,15,PT1H,MC-Ternium,7846.07,6400.0
2024-02-16,16,PT1H,MC-Ternium,8356.11,6400.0
2024-02-16,17,PT1H,MC-Ternium,6191.82,6400.0
2024-02-16,18,PT1H,MC-Ternium,7600.19,6400.0
2024-02-16,19,PT1H,MC-Ternium,5980.46,6400.0
2024-02-16,20,PT1H,MC-Ternium,2623.27,6400.0
2024-02-16,21,PT1H,MC-Ternium,3851.45,6400.0
2024-02-16,22,PT1H,MC-Ternium,4589.33,6400.0
2024-02-16,23,PT1H,MC-Ternium,6544.93,6400.0
2024-02-16,24,PT1H,MC-Ternium,4891.66,6400.0
2024-02-17,1,PT1H,MC-Ternium,6323.97,6500.0
2024-02-17,2,PT1H,MC-Ternium,6778.12,6500.0
2024-02-17,3,PT1H,MC-Ternium,7008.23,6500.0
2024-02-17,4,PT1H,MC-Ternium,6946.05,6500.0
2024-02-17,5,PT1H,MC-Ternium,6774.51,6500.0
2024-02-17,6,PT1H,MC-Ternium,5515.7,6500.0
2024-02-17,7,PT1H,MC-Ternium,5788.14,6500.0
2024-02-17,8,PT1H,MC-Ternium,5244.36,6500.0
2024-02-17,9,PT1H,MC-Ternium,7224.91,6500.0
2024-02-17,10,PT1H,MC-Ternium,4388.02,6500.0
2024-02-17,11,PT1H,MC-Ternium,6830.12,6500.0
2024-02-17,12,PT1H,MC-Ternium,7418.59,6500.0
2024-02-17,13,PT1H,MC-Ternium,4818.07,6500.0
2024-02-17,14,PT1H,MC-Ternium,7924.8,6500.0
2024-02-17,15,PT1H,MC-Ternium,8271.09,6500.0
2024-02-17,16,PT1H,MC-Ternium,7931.56,6500.0
2024-02-17,17,PT1H,MC-Ternium,7044.11,6500.0
2024-02-17,18,PT1H,MC-Ternium,5923.16,6500.0
2024-02-17,19,PT1H,MC-Ternium,8266.23,6500.0
2024-02-17,20,PT1H,MC-Ternium,6155.49,6500.0
2024-02-17,21,PT1H,MC-Ternium,2925.32,6500.0
2024-02-17,22,PT1H,MC-Ternium,4855.17,6500.0
2024-02-17,23,PT1H,MC-Ternium,5491.33,6500.0
2024-02-17,24,PT1H,MC-Ternium,4229.53,6500.0
2024-02-18,1,PT1H,MC-Ternium,6047.49,6600.0
2024-02-18,2,PT1H,MC-Ternium,8130.77,6600.0
2024-02-18,3,PT1H,MC-Ternium,8116.25,6600.0
2024-02-18,4,PT1H,MC-Ternium,7884.37,6600.0
2024-02-18,5,PT1H,MC-Ternium,5072.04,6600.0
2024-02-18,6,PT1H,MC-Ternium,7425.96,6600.0
2024-02-18,7,PT1H,MC-Ternium,8002.73,6600.0
2024-02-18,8,PT1H,MC-Ternium,7316.37,6600.0
2024-02-18,9,PT1H,MC-Ternium,3676.22,6600.0
2024-02-18,10,PT1H,MC-Ternium,7984.6,6600.0
2024-02-18,11,PT1H,MC-Ternium,8067.03,6600.0
2024-02-18,12,PT1H,MC-Ternium,7023.44,6600.0
2024-02-18,13,PT1H,MC-Ternium,8412.52,6600.0
2024-02-18,14,PT1H,MC-Ternium,7754.98,6600.0
2024-02-18,15,PT1H,MC-Ternium,8701.94,6600.0
2024-02-18,16,PT1H,MC-Ternium,8722.82,6600.0
2024-02-18,17,PT1H,MC-Ternium,8421.95,6600.0
2024-02-18,18,PT1H,MC-Ternium,8262.92,6600.0
2024-02-18,19,PT1H,MC-Ternium,8206.17,6600.0
2024-02-18,20,PT1H,MC-Ternium,8011.88,6600.0
2024-02-18,21,PT1H,MC-Ternium,8172.84,6600.0
2024-02-18,22,PT1H,MC-Ternium,8119.46,6600.0
2024-02-18,23,PT1H,MC-Ternium,7004.62,6600.0
2024-02-18,24,PT1H,MC-Ternium,8140.36,6600.0
2024-02-19,1,PT1H,MC-Ternium,8284.81,6375.0
2024-02-19,2,PT1H,MC-Ternium,8220.75,6375.0
2024-02-19,3,PT1H,MC-Ternium,6218.24,6375.0
2024-02-19,4,PT1H,MC-Ternium,7985.23,6375.0
2024-02-19,5,PT1H,MC-Ternium,7482.99,6375.0
2024-02-19,6,PT1H,MC-Ternium,8039.42,6375.0
2024-02-19,7,PT1H,MC-Ternium,8530.91,6375.0
2024-02-19,8,PT1H,MC-Ternium,7341.95,6375.0
2024-02-19,9,PT1H,MC-Ternium,7754.49,6375.0
2024-02-19,10,PT1H,MC-Ternium,7475.33,6375.0
2024-02-19,11,PT1H,MC-Ternium,5522.47,6375.0
2024-02-19,12,PT1H,MC-Ternium,5694.05,6375.0
2024-02-19,13,PT1H,MC-Ternium,4159.74,6375.0
2024-02-19,14,PT1H,MC-Ternium,7886.24,6375.0
2024-02-19,15,PT1H,MC-Ternium,8287.59,6375.0
2024-02-19,16,PT1H,MC-Ternium,7741.61,6375.0
2024-02-19,17,PT1H,MC-Ternium,6656.25,6375.0
2024-02-19,18,PT1H,MC-Ternium,8029.69,6375.0
2024-02-19,19,PT1H,MC-Ternium,8082.86,6375.0
2024-02-19,20,PT1H,MC-Ternium,8175.65,6375.0
2024-02-19,21,PT1H,MC-Ternium,7796.06,6375.0
2024-02-19,22,PT1H,MC-Ternium,7672.12,6375.0
2024-02-19,23,PT1H,MC-Ternium,7287.1,6375.0
2024-02-19,24,PT1H,MC-Ternium,7898.7,6375.0
2024-02-20,1,PT1H,MC-Ternium,7857.02,6375.0
2024-02-20,2,PT1H,MC-Ternium,5214.04,6375.0
2024-02-20,3,PT1H,MC-Ternium,6934.93,6375.0
2024-02-20,4,PT1H,MC-Ternium,7567.42,6375.0
2024-02-20,5,PT1H,MC-Ternium,7576.08,6375.0
2024-02-20,6,PT1H,MC-Ternium,6762.69,6375.0
2024-02-20,7,PT1H,MC-Ternium,7923.71,6375.0
2024-02-20,8,PT1H,MC-Ternium,7864.42,6375.0
2024-02-20,9,PT1H,MC-Ternium,7566.48,6375.0
2024-02-20,10,PT1H,MC-Ternium,7410.31,6375.0
2024-02-20,11,PT1H,MC-Ternium,7797.31,6375.0
2024-02-20,12,PT1H,MC-Ternium,7829.72,6375.0
2024-02-20,13,PT1H,MC-Ternium,7342.04,6375.0
2024-02-20,14,PT1H,MC-Ternium,7033.98,6375.0
2024-02-20,15,PT1H,MC-Ternium,7346.34,6375.0
2024-02-20,16,PT1H,MC-Ternium,6017.67,6375.0
2024-02-20,17,PT1H,MC-Ternium,6436.72,6375.0
2024-02-20,18,PT1H,MC-Ternium,7449.74,6375.0
2024-02-20,19,PT1H,MC-Ternium,6583.76,6375.0
2024-02-20,20,PT1H,MC-Ternium,2251.08,6375.0
2024-02-20,21,PT1H,MC-Ternium,1751.96,6375.0
2024-02-20,22,PT1H,MC-Ternium,1749.33,6375.0
2024-02-20,23,PT1H,MC-Ternium,2592.18,6375.0
2024-02-20,24,PT1H,MC-Ternium,3354.58,6375.0
2024-02-21,1,PT1H,MC-Ternium,3330.16,6375.0
2024-02-21,2,PT1H,MC-Ternium,3312.36,6375.0
2024-02-21,3,PT1H,MC-Ternium,3767.64,6375.0
2024-02-21,4,PT1H,MC-Ternium,3332.69,6375.0
2024-02-21,5,PT1H,MC-Ternium,1614.37,6375.0
2024-02-21,6,PT1H,MC-Ternium,1760.91,6375.0
2024-02-21,7,PT1H,MC-Ternium,4352.39,6375.0
2024-02-21,8,PT1H,MC-Ternium,3937.65,6375.0
2024-02-21,9,PT1H,MC-Ternium,4310.34,6375.0
2024-02-21,10,PT1H,MC-Ternium,3976.53,6375.0
2024-02-21,11,PT1H,MC-Ternium,4167.61,6375.0
2024-02-21,12,PT1H,MC-Ternium,4343.28,6375.0
2024-02-21,13,PT1H,MC-Ternium,1721.72,6375.0
2024-02-21,14,PT1H,MC-Ternium,1692.24,6375.0
2024-02-21,15,PT1H,MC-Ternium,1755.76,6375.0
2024-02-21,16,PT1H,MC-Ternium,1896.11,6375.0
2024-02-21,17,PT1H,MC-Ternium,2687.61,6375.0
2024-02-21,18,PT1H,MC-Ternium,2926.94,6375.0
2024-02-21,19,PT1H,MC-Ternium,3048.51,6375.0
2024-02-21,20,PT1H,MC-Ternium,3276.96,6375.0
2024-02-21,21,PT1H,MC-Ternium,3837.11,6375.0
2024-02-21,22,PT1H,MC-Ternium,3785.14,6375.0
2024-02-21,23,PT1H,MC-Ternium,4422.82,6375.0
2024-02-21,24,PT1H,MC-Ternium,3215.02,6375.0
2024-02-22,1,PT1H,MC-Ternium,3958.15,6375.0
2024-02-22,2,PT1H,MC-Ternium,3613.47,6375.0
2024-02-22,3,PT1H,MC-Ternium,4709.94,6375.0
2024-02-22,4,PT1H,MC-Ternium,4614.17,6375.0
2024-02-22,5,PT1H,MC-Ternium,5161.02,6375.0
2024-02-22,6,PT1H,MC-Ternium,5149.84,6375.0
2024-02-22,7,PT1H,MC-Ternium,4974.18,6375.0
2024-02-22,8,PT1H,MC-Ternium,4937.79,6375.0
2024-02-22,9,PT1H,MC-Ternium,4502.76,6375.0
2024-02-22,10,PT1H,MC-Ternium,4964.22,6375.0
2024-02-22,11,PT1H,MC-Ternium,4469.73,6375.0
2024-02-22,12,PT1H,MC-Ternium,4889.07,6375.0
2024-02-22,13,PT1H,MC-Ternium,5521.29,6375.0
2024-02-22,14,PT1H,MC-Ternium,5917.92,6375.0
2024-02-22,15,PT1H,MC-Ternium,5261.7,6375.0
2024-02-22,16,PT1H,MC-Ternium,4813.36,6375.0
2024-02-22,17,PT1H,MC-Ternium,6011.48,6375.0
2024-02-22,18,PT1H,MC-Ternium,6184.65,6375.0
2024-02-22,19,PT1H,MC-Ternium,5930.73,6375.0
2024-02-22,20,PT1H,MC-Ternium,5377.48,6375.0
2024-02-22,21,PT1H,MC-Ternium,4940.02,6375.0
2024-02-22,22,PT1H,MC-Ternium,5805.92,6375.0
2024-02-22,23,PT1H,MC-Ternium,6022.71,6375.0
2024-02-22,24,PT1H,MC-Ternium,6128.11,6375.0
2024-02-23,1,PT1H,MC-Ternium,5772.06,6375.0
2024-02-23,2,PT1H,MC-Ternium,6145.61,6375.0
2024-02-23,3,PT1H,MC-Ternium,4795.84,6375.0
2024-02-23,4,PT1H,MC-Ternium,5905.65,6375.0
2024-02-23,5,PT1H,MC-Ternium,6079.81,6375.0
2024-02-23,6,PT1H,MC-Ternium,5891.13,6375.0
2024-02-23,7,PT1H,MC-Ternium,5517.94,6375.0
2024-02-23,8,PT1H,MC-Ternium,4071.18,6375.0
2024-02-23,9,PT1H,MC-Ternium,4438.17,6375.0
2024-02-23,10,PT1H,MC-Ternium,4928.73,6375.0
2024-02-23,11,PT1H,MC-Ternium,5298.44,6375.0
2024-02-23,12,PT1H,MC-Ternium,5678.56,6375.0
2024-02-23,13,PT1H,MC-Ternium,3999.86,6375.0
2024-02-23,14,PT1H,MC-Ternium,5762.51,6375.0
2024-02-23,15,PT1H,MC-Ternium,4601.98,6375.0
2024-02-23,16,PT1H,MC-Ternium,6105.26,6375.0
2024-02-23,17,PT1H,MC-Ternium,5467.73,6375.0
2024-02-23,18,PT1H,MC-Ternium,5936.41,6375.0
2024-02-23,19,PT1H,MC-Ternium,6336.66,6375.0
2024-02-23,20,PT1H,MC-Ternium,5414.04,6375.0
2024-02-23,21,PT1H,MC-Ternium,6259.67,6375.0
2024-02-23,22,PT1H,MC-Ternium,3876.22,6375.0
2024-02-23,23,PT1H,MC-Ternium,5590.83,6375.0
2024-02-23,24,PT1H,MC-Ternium,5877.46,6375.0
2024-02-24,1,PT1H,MC-Ternium,6218.21,9156.0
2024-02-24,2,PT1H,MC-Ternium,6188.47,9156.0
2024-02-24,3,PT1H,MC-Ternium,3994.52,9156.0
2024-02-24,4,PT1H,MC-Ternium,6360.33,9156.0
2024-02-24,5,PT1H,MC-Ternium,5261.69,9156.0
2024-02-24,6,PT1H,MC-Ternium,5546.42,9156.0
2024-02-24,7,PT1H,MC-Ternium,6525.13,1374.0
2024-02-24,8,PT1H,MC-Ternium,5637.35,1374.0
2024-02-24,9,PT1H,MC-Ternium,4586.12,5337.0
2024-02-24,10,PT1H,MC-Ternium,6011.5,7894.0
2024-02-24,11,PT1H,MC-Ternium,6029.91,7894.0
2024-02-24,12,PT1H,MC-Ternium,4180.49,7894.0
2024-02-24,13,PT1H,MC-Ternium,4955.87,7894.0
2024-02-24,14,PT1H,MC-Ternium,4869.04,7894.0
2024-02-24,15,PT1H,MC-Ternium,1815.4,7894.0
2024-02-24,16,PT1H,MC-Ternium,1770.88,7894.0
2024-02-24,17,PT1H,MC-Ternium,1976.84,7894.0
2024-02-24,18,PT1H,MC-Ternium,3492.16,7894.0
2024-02-24,19,PT1H,MC-Ternium,6435.3,7894.0
2024-02-24,20,PT1H,MC-Ternium,4425.34,7894.0
2024-02-24,21,PT1H,MC-Ternium,7888.8,7894.0
2024-02-24,22,PT1H,MC-Ternium,8439.97,7894.0
2024-02-24,23,PT1H,MC-Ternium,8778.51,7894.0
2024-02-24,24,PT1H,MC-Ternium,4805.23,7894.0
2024-02-25,1,PT1H,MC-Ternium,7113.47,7894.0
2024-02-25,2,PT1H,MC-Ternium,4611.21,7894.0
2024-02-25,3,PT1H,MC-Ternium,4951.24,7894.0
2024-02-25,4,PT1H,MC-Ternium,3023.97,7894.0
2024-02-25,5,PT1H,MC-Ternium,5358.07,7894.0
2024-02-25,6,PT1H,MC-Ternium,7127.73,7894.0
2024-02-25,7,PT1H,MC-Ternium,7201.07,1374.0
2024-02-25,8,PT1H,MC-Ternium,7924.22,1374.0
2024-02-25,9,PT1H,MC-Ternium,5580.86,1374.0
2024-02-25,10,PT1H,MC-Ternium,7596.49,1374.0
2024-02-25,11,PT1H,MC-Ternium,7902.66,1374.0
2024-02-25,12,PT1H,MC-Ternium,6787.48,5312.0
2024-02-25,13,PT1H,MC-Ternium,6784.66,5312.0
2024-02-25,14,PT1H,MC-Ternium,7131.67,5312.0
2024-02-25,15,PT1H,MC-Ternium,7935.49,5312.0
2024-02-25,16,PT1H,MC-Ternium,7755.93,5312.0
2024-02-25,17,PT1H,MC-Ternium,7536.67,5312.0
2024-02-25,18,PT1H,MC-Ternium,7417.45,5312.0
2024-02-25,19,PT1H,MC-Ternium,6768.92,5312.0
2024-02-25,20,PT1H,MC-Ternium,7843.9,5312.0
2024-02-25,21,PT1H,MC-Ternium,6191.0,5312.0
2024-02-25,22,PT1H,MC-Ternium,6993.81,5312.0
2024-02-25,23,PT1H,MC-Ternium,7830.29,4509.0
2024-02-25,24,PT1H,MC-Ternium,7894.23,4400.0
2024-02-26,1,PT1H,MC-Ternium,8050.83,8600.0
2024-02-26,2,PT1H,MC-Ternium,8057.04,8465.54
2024-02-26,3,PT1H,MC-Ternium,7837.63,8465.54
2024-02-26,4,PT1H,MC-Ternium,7543.85,8465.54
2024-02-26,5,PT1H,MC-Ternium,7047.85,8465.54
2024-02-26,6,PT1H,MC-Ternium,7955.74,8465.54
2024-02-26,7,PT1H,MC-Ternium,6728.13,8465.54
2024-02-26,8,PT1H,MC-Ternium,5505.34,8465.54
2024-02-26,9,PT1H,MC-Ternium,7701.0,8465.54
2024-02-26,10,PT1H,MC-Ternium,5779.27,8465.54
2024-02-26,11,PT1H,MC-Ternium,6723.76,8465.54
2024-02-26,12,PT1H,MC-Ternium,8051.85,8465.54
2024-02-26,13,PT1H,MC-Ternium,6510.15,8465.54
2024-02-26,14,PT1H,MC-Ternium,7250.84,8465.54
2024-02-26,15,PT1H,MC-Ternium,4300.89,8465.54
2024-02-26,16,PT1H,MC-Ternium,7599.7,8465.54
2024-02-26,17,PT1H,MC-Ternium,7849.72,8465.54
2024-02-26,18,PT1H,MC-Ternium,6985.36,8465.54
2024-02-26,19,PT1H,MC-Ternium,6516.55,8465.54
2024-02-26,20,PT1H,MC-Ternium,7892.6,8465.54
2024-02-26,21,PT1H,MC-Ternium,7995.87,8465.54
2024-02-26,22,PT1H,MC-Ternium,7981.06,8465.54
2024-02-26,23,PT1H,MC-Ternium,7898.6,8465.54
2024-02-26,24,PT1H,MC-Ternium,7779.8,8465.54
2024-02-27,1,PT1H,MC-Ternium,7759.74,8300.0
2024-02-27,2,PT1H,MC-Ternium,6142.64,8211.21
2024-02-27,3,PT1H,MC-Ternium,5242.33,8211.21
2024-02-27,4,PT1H,MC-Ternium,7439.1,8211.21
2024-02-27,5,PT1H,MC-Ternium,7787.3,8211.21
2024-02-27,6,PT1H,MC-Ternium,8095.01,8211.21
2024-02-27,7,PT1H,MC-Ternium,6602.08,8211.21
2024-02-27,8,PT1H,MC-Ternium,7544.71,8211.21
2024-02-27,9,PT1H,MC-Ternium,7868.6,8211.21
2024-02-27,10,PT1H,MC-Ternium,7982.78,8211.21
2024-02-27,11,PT1H,MC-Ternium,6526.91,8211.21
2024-02-27,12,PT1H,MC-Ternium,5444.45,8211.21
2024-02-27,13,PT1H,MC-Ternium,4073.33,8211.21
2024-02-27,14,PT1H,MC-Ternium,7377.86,8211.21
2024-02-27,15,PT1H,MC-Ternium,6646.19,8211.21
2024-02-27,16,PT1H,MC-Ternium,7627.18,8211.21
2024-02-27,17,PT1H,MC-Ternium,7677.76,8211.21
2024-02-27,18,PT1H,MC-Ternium,6852.82,8211.21
2024-02-27,19,PT1H,MC-Ternium,6524.06,8211.21
2024-02-27,20,PT1H,MC-Ternium,7583.07,8211.21
2024-02-27,21,PT1H,MC-Ternium,7936.39,8211.21
2024-02-27,22,PT1H,MC-Ternium,4584.59,8211.21
2024-02-27,23,PT1H,MC-Ternium,6311.69,8211.21
2024-02-27,24,PT1H,MC-Ternium,8538.16,8211.21
2024-02-28,1,PT1H,MC-Ternium,6508.57,7853.38
2024-02-28,2,PT1H,MC-Ternium,7657.72,7853.38
2024-02-28,3,PT1H,MC-Ternium,7810.14,7853.38
2024-02-28,4,PT1H,MC-Ternium,5038.22,7853.38
2024-02-28,5,PT1H,MC-Ternium,7413.91,7853.38
2024-02-28,6,PT1H,MC-Ternium,7111.9,7853.38
2024-02-28,7,PT1H,MC-Ternium,6157.61,7853.38
2024-02-28,8,PT1H,MC-Ternium,5321.74,7853.38
2024-02-28,9,PT1H,MC-Ternium,6300.69,7853.38
2024-02-28,10,PT1H,MC-Ternium,7337.88,7853.38
2024-02-28,11,PT1H,MC-Ternium,7609.89,7853.38
2024-02-28,12,PT1H,MC-Ternium,7357.34,7853.38
2024-02-28,13,PT1H,MC-Ternium,7226.53,7853.38
2024-02-28,14,PT1H,MC-Ternium,6199.63,7853.38
2024-02-28,15,PT1H,MC-Ternium,6476.89,7853.38
2024-02-28,16,PT1H,MC-Ternium,4999.88,7853.38
2024-02-28,17,PT1H,MC-Ternium,6441.98,7853.38
2024-02-28,18,PT1H,MC-Ternium,7272.99,7853.38
2024-02-28,19,PT1H,MC-Ternium,4529.87,7853.38
2024-02-28,20,PT1H,MC-Ternium,4049.55,7853.38
2024-02-28,21,PT1H,MC-Ternium,7361.68,7853.38
2024-02-28,22,PT1H,MC-Ternium,7659.92,7853.38
2024-02-28,23,PT1H,MC-Ternium,7014.08,7853.38
2024-02-28,24,PT1H,MC-Ternium,7708.29,7700.0
2024-02-29,1,PT1H,MC-Ternium,8251.9,6513.58
2024-02-29,2,PT1H,MC-Ternium,7552.1,6513.58
2024-02-29,3,PT1H,MC-Ternium,7767.7,6513.58
2024-02-29,4,PT1H,MC-Ternium,7736.0,6513.58
2024-02-29,5,PT1H,MC-Ternium,7075.98,6513.58
2024-02-29,6,PT1H,MC-Ternium,7164.2,6513.58
2024-02-29,7,PT1H,MC-Ternium,6855.34,6513.58
2024-02-29,8,PT1H,MC-Ternium,6516.17,6513.58
2024-02-29,9,PT1H,MC-Ternium,7116.1,6513.58
2024-02-29,10,PT1H,MC-Ternium,7344.32,6513.58
2024-02-29,11,PT1H,MC-Ternium,7144.59,6513.58
2024-02-29,12,PT1H,MC-Ternium,5816.3,6513.58
2024-02-29,13,PT1H,MC-Ternium,7184.79,6513.58
2024-02-29,14,PT1H,MC-Ternium,7650.87,6513.58
2024-02-29,15,PT1H,MC-Ternium,4338.83,6513.58
2024-02-29,16,PT1H,MC-Ternium,4636.68,6513.58
2024-02-29,17,PT1H,MC-Ternium,6586.83,6513.58
2024-02-29,18,PT1H,MC-Ternium,7716.25,6513.58
2024-02-29,19,PT1H,MC-Ternium,7221.35,6513.58
2024-02-29,20,PT1H,MC-Ternium,7326.33,6513.58
2024-02-29,21,PT1H,MC-Ternium,7420.86,6513.58
2024-02-29,22,PT1H,MC-Ternium,5804.33,6513.58
2024-02-29,23,PT1H,MC-Ternium,6504.6,6513.58
2024-02-29,24,PT1H,MC-Ternium,6916.0,6400.0
2024-03-01,1,PT1H,MC-Ternium,3976.93,7298.96
2024-03-01,2,PT1H,MC-Ternium,5995.42,7298.96
2024-03-01,3,PT1H,MC-Ternium,5697.49,7298.96
2024-03-01,4,PT1H,MC-Ternium,6739.17,7298.96
2024-03-01,5,PT1H,MC-Ternium,7309.95,7298.96
2024-03-01,6,PT1H,MC-Ternium,6411.82,7298.96
2024-03-01,7,PT1H,MC-Ternium,5522.63,7298.96
2024-03-01,8,PT1H,MC-Ternium,4666.46,7298.96
2024-03-01,9,PT1H,MC-Ternium,3557.64,7298.96
2024-03-01,10,PT1H,MC-Ternium,2194.77,7298.96
2024-03-01,11,PT1H,MC-Ternium,1786.84,7298.96
2024-03-01,12,PT1H,MC-Ternium,1840.23,7298.96
2024-03-01,13,PT1H,MC-Ternium,1809.65,7298.96
2024-03-01,14,PT1H,MC-Ternium,1826.9,7298.96
2024-03-01,15,PT1H,MC-Ternium,1977.83,7298.96
2024-03-01,16,PT1H,MC-Ternium,1954.54,7298.96
2024-03-01,17,PT1H,MC-Ternium,3968.0,7298.96
2024-03-01,18,PT1H,MC-Ternium,7109.86,7298.96
2024-03-01,19,PT1H,MC-Ternium,7439.11,7298.96
2024-03-01,20,PT1H,MC-Ternium,7762.67,7298.96
2024-03-01,21,PT1H,MC-Ternium,5198.91,7298.96
2024-03-01,22,PT1H,MC-Ternium,5316.35,7298.96
2024-03-01,23,PT1H,MC-Ternium,4719.61,7298.96
2024-03-01,24,PT1H,MC-Ternium,7786.71,7000.0
2024-03-02,1,PT1H,MC-Ternium,7715.3,7298.96
2024-03-02,2,PT1H,MC-Ternium,7365.68,7298.96
2024-03-02,3,PT1H,MC-Ternium,5905.55,7298.96
2024-03-02,4,PT1H,MC-Ternium,3609.86,7298.96
2024-03-02,5,PT1H,MC-Ternium,5437.57,7298.96
2024-03-02,6,PT1H,MC-Ternium,6904.39,7298.96
2024-03-02,7,PT1H,MC-Ternium,5282.76,7298.96
2024-03-02,8,PT1H,MC-Ternium,7214.21,7298.96
2024-03-02,9,PT1H,MC-Ternium,5765.06,7298.96
2024-03-02,10,PT1H,MC-Ternium,7666.16,7298.96
2024-03-02,11,PT1H,MC-Ternium,6207.96,7298.96
2024-03-02,12,PT1H,MC-Ternium,4995.55,7298.96
2024-03-02,13,PT1H,MC-Ternium,7876.62,7298.96
2024-03-02,14,PT1H,MC-Ternium,6530.98,7298.96
2024-03-02,15,PT1H,MC-Ternium,7720.98,7298.96
2024-03-02,16,PT1H,MC-Ternium,7371.18,7298.96
2024-03-02,17,PT1H,MC-Ternium,7798.4,7298.96
2024-03-02,18,PT1H,MC-Ternium,7804.76,7298.96
2024-03-02,19,PT1H,MC-Ternium,7193.19,7298.96
2024-03-02,20,PT1H,MC-Ternium,3979.19,7298.96
2024-03-02,21,PT1H,MC-Ternium,7858.27,7298.96
2024-03-02,22,PT1H,MC-Ternium,7839.17,7298.96
2024-03-02,23,PT1H,MC-Ternium,8023.92,7298.96
2024-03-02,24,PT1H,MC-Ternium,8005.83,6900.0
2024-03-03,1,PT1H,MC-Ternium,7843.3,7204.21
2024-03-03,2,PT1H,MC-Ternium,7991.07,7204.21
2024-03-03,3,PT1H,MC-Ternium,7931.13,7204.21
2024-03-03,4,PT1H,MC-Ternium,6455.6,7204.21
2024-03-03,5,PT1H,MC-Ternium,4834.83,7204.21
2024-03-03,6,PT1H,MC-Ternium,6129.2,7204.21
2024-03-03,7,PT1H,MC-Ternium,5494.06,7204.21
2024-03-03,8,PT1H,MC-Ternium,6187.82,7204.21
2024-03-03,9,PT1H,MC-Ternium,5981.52,7204.21
2024-03-03,10,PT1H,MC-Ternium,6395.07,7204.21
2024-03-03,11,PT1H,MC-Ternium,7930.37,7204.21
2024-03-03,12,PT1H,MC-Ternium,7441.88,7204.21
2024-03-03,13,PT1H,MC-Ternium,6317.7,7204.21
2024-03-03,14,PT1H,MC-Ternium,3135.1,7204.21
2024-03-03,15,PT1H,MC-Ternium,7636.57,7204.21
2024-03-03,16,PT1H,MC-Ternium,8132.96,7204.21
2024-03-03,17,PT1H,MC-Ternium,3779.52,7204.21
2024-03-03,18,PT1H,MC-Ternium,6887.07,7204.21
2024-03-03,19,PT1H,MC-Ternium,4531.18,7204.21
2024-03-03,20,PT1H,MC-Ternium,4691.47,7204.21
2024-03-03,21,PT1H,MC-Ternium,7545.92,7204.21
2024-03-03,22,PT1H,MC-Ternium,3952.96,7204.21
2024-03-03,23,PT1H,MC-Ternium,4352.66,7204.21
2024-03-03,24,PT1H,MC-Ternium,5214.02,6900.0
2024-03-04,1,PT1H,MC-Ternium,3558.57,6694.0
2024-03-04,2,PT1H,MC-Ternium,3735.33,6694.0
2024-03-04,3,PT1H,MC-Ternium,4345.13,6694.0
2024-03-04,4,PT1H,MC-Ternium,7385.93,6694.0
2024-03-04,5,PT1H,MC-Ternium,6886.13,6694.0
2024-03-04,6,PT1H,MC-Ternium,5791.25,6694.0
2024-03-04,7,PT1H,MC-Ternium,7021.34,1374.0
2024-03-04,8,PT1H,MC-Ternium,7558.42,1374.0
2024-03-04,9,PT1H,MC-Ternium,5632.4,1374.0
2024-03-04,10,PT1H,MC-Ternium,6815.76,1374.0
2024-03-04,11,PT1H,MC-Ternium,7717.18,3290.0
2024-03-04,12,PT1H,MC-Ternium,6214.94,5205.0
2024-03-04,13,PT1H,MC-Ternium,7861.63,5205.0
2024-03-04,14,PT1H,MC-Ternium,7556.46,5205.0
2024-03-04,15,PT1H,MC-Ternium,7758.8,5205.0
2024-03-04,16,PT1H,MC-Ternium,7411.74,5205.0
2024-03-04,17,PT1H,MC-Ternium,6119.8,5205.0
2024-03-04,18,PT1H,MC-Ternium,7128.22,5205.0
2024-03-04,19,PT1H,MC-Ternium,6765.46,5205.0
2024-03-04,20,PT1H,MC-Ternium,7666.08,5205.0
2024-03-04,21,PT1H,MC-Ternium,6966.6,5205.0
2024-03-04,22,PT1H,MC-Ternium,7894.76,5205.0
2024-03-04,23,PT1H,MC-Ternium,7598.36,5205.0
2024-03-04,24,PT1H,MC-Ternium,7881.1,5205.0
2024-03-05,1,PT1H,MC-Ternium,8034.29,5305.0
2024-03-05,2,PT1H,MC-Ternium,8071.43,5205.0
2024-03-05,3,PT1H,MC-Ternium,8066.7,5205.0
2024-03-05,4,PT1H,MC-Ternium,8108.59,5205.0
2024-03-05,5,PT1H,MC-Ternium,8119.19,5205.0
2024-03-05,6,PT1H,MC-Ternium,7185.62,5205.0
2024-03-05,7,PT1H,MC-Ternium,7154.21,4750.0
2024-03-05,8,PT1H,MC-Ternium,7692.5,4750.0
2024-03-05,9,PT1H,MC-Ternium,8333.44,4750.0
2024-03-05,10,PT1H,MC-Ternium,8312.04,4750.0
2024-03-05,11,PT1H,MC-Ternium,6668.15,4750.0
2024-03-05,12,PT1H,MC-Ternium,1860.69,4750.0
2024-03-05,13,PT1H,MC-Ternium,1838.48,4750.0
2024-03-05,14,PT1H,MC-Ternium,2794.34,4750.0
2024-03-05,15,PT1H,MC-Ternium,3091.91,1374.0
2024-03-05,16,PT1H,MC-Ternium,2828.32,1374.0
2024-03-05,17,PT1H,MC-Ternium,3123.19,1374.0
2024-03-05,18,PT1H,MC-Ternium,3296.53,1374.0
2024-03-05,19,PT1H,MC-Ternium,2429.91,1374.0
2024-03-05,20,PT1H,MC-Ternium,4098.41,6458.0
2024-03-05,21,PT1H,MC-Ternium,3211.18,6458.0
2024-03-05,22,PT1H,MC-Ternium,4231.42,6458.0
2024-03-05,23,PT1H,MC-Ternium,4103.95,6458.0
2024-03-05,24,PT1H,MC-Ternium,3421.44,6458.0
2024-03-06,1,PT1H,MC-Ternium,3243.11,6460.0
2024-03-06,2,PT1H,MC-Ternium,4396.3,6458.0
2024-03-06,3,PT1H,MC-Ternium,4067.76,6458.0
2024-03-06,4,PT1H,MC-Ternium,4228.51,6458.0
2024-03-06,5,PT1H,MC-Ternium,4865.37,6458.0
2024-03-06,6,PT1H,MC-Ternium,3780.89,6458.0
2024-03-06,7,PT1H,MC-Ternium,4322.78,6458.0
2024-03-06,8,PT1H,MC-Ternium,3932.64,6458.0
2024-03-06,9,PT1H,MC-Ternium,4194.66,6458.0
2024-03-06,10,PT1H,MC-Ternium,3768.17,6458.0
2024-03-06,11,PT1H,MC-Ternium,3160.3,6458.0
2024-03-06,12,PT1H,MC-Ternium,4257.89,6458.0
2024-03-06,13,PT1H,MC-Ternium,3179.44,6458.0
2024-03-06,14,PT1H,MC-Ternium,3169.63,6458.0
2024-03-06,15,PT1H,MC-Ternium,4258.82,5893.0
2024-03-06,16,PT1H,MC-Ternium,3720.73,5893.0
2024-03-06,17,PT1H,MC-Ternium,4311.48,5893.0
2024-03-06,18,PT1H,MC-Ternium,3978.44,5893.0
2024-03-06,19,PT1H,MC-Ternium,3933.71,5893.0
2024-03-06,20,PT1H,MC-Ternium,4396.08,5893.0
2024-03-06,21,PT1H,MC-Ternium,4106.12,5893.0
2024-03-06,22,PT1H,MC-Ternium,3431.42,5893.0
2024-03-06,23,PT1H,MC-Ternium,4769.24,6458.0
2024-03-06,24,PT1H,MC-Ternium,2784.7,6458.0
2024-03-07,1,PT1H,MC-Ternium,3566.45,6600.0
2024-03-07,2,PT1H,MC-Ternium,4006.25,6458.0
2024-03-07,3,PT1H,MC-Ternium,4109.28,6458.0
2024-03-07,4,PT1H,MC-Ternium,3781.8,6458.0
2024-03-07,5,PT1H,MC-Ternium,4380.43,6458.0
2024-03-07,6,PT1H,MC-Ternium,4213.21,6458.0
2024-03-07,7,PT1H,MC-Ternium,4759.4,5893.0
2024-03-07,8,PT1H,MC-Ternium,4360.45,5893.0
2024-03-07,9,PT1H,MC-Ternium,4506.49,5893.0
2024-03-07,10,PT1H,MC-Ternium,3950.78,5893.0
2024-03-07,11,PT1H,MC-Ternium,2618.59,5893.0
2024-03-07,12,PT1H,MC-Ternium,1962.54,5893.0
2024-03-07,13,PT1H,MC-Ternium,2040.15,5893.0
2024-03-07,14,PT1H,MC-Ternium,2850.78,5893.0
2024-03-07,15,PT1H,MC-Ternium,3152.96,6458.0
2024-03-07,16,PT1H,MC-Ternium,3852.21,6458.0
2024-03-07,17,PT1H,MC-Ternium,5139.45,6458.0
2024-03-07,18,PT1H,MC-Ternium,6839.91,6458.0
2024-03-07,19,PT1H,MC-Ternium,3333.33,6458.0
2024-03-07,20,PT1H,MC-Ternium,2937.42,6458.0
2024-03-07,21,PT1H,MC-Ternium,4767.46,6458.0
2024-03-07,22,PT1H,MC-Ternium,4998.6,6458.0
2024-03-07,23,PT1H,MC-Ternium,4941.56,6458.0
2024-03-07,24,PT1H,MC-Ternium,3058.05,6458.0
2024-03-08,1,PT1H,MC-Ternium,3649.18,6700.0
2024-03-08,2,PT1H,MC-Ternium,4806.75,6458.0
2024-03-08,3,PT1H,MC-Ternium,5167.16,6458.0
2024-03-08,4,PT1H,MC-Ternium,6671.97,6458.0
2024-03-08,5,PT1H,MC-Ternium,6960.16,6458.0
2024-03-08,6,PT1H,MC-Ternium,6729.62,6458.0
2024-03-08,7,PT1H,MC-Ternium,6511.7,1374.0
2024-03-08,8,PT1H,MC-Ternium,6793.85,1374.0
2024-03-08,9,PT1H,MC-Ternium,4679.56,1374.0
2024-03-08,10,PT1H,MC-Ternium,5515.98,1374.0
2024-03-08,11,PT1H,MC-Ternium,6818.7,8158.0
2024-03-08,12,PT1H,MC-Ternium,7261.63,8158.0
2024-03-08,13,PT1H,MC-Ternium,6835.34,8158.0
2024-03-08,14,PT1H,MC-Ternium,7213.18,8158.0
2024-03-08,15,PT1H,MC-Ternium,6501.49,8158.0
2024-03-08,16,PT1H,MC-Ternium,5301.97,8158.0
2024-03-08,17,PT1H,MC-Ternium,6600.02,8158.0
2024-03-08,18,PT1H,MC-Ternium,7339.07,8158.0
2024-03-08,19,PT1H,MC-Ternium,7545.79,8158.0
2024-03-08,20,PT1H,MC-Ternium,4729.74,8158.0
2024-03-08,21,PT1H,MC-Ternium,5248.23,8158.0
2024-03-08,22,PT1H,MC-Ternium,6552.03,8158.0
2024-03-08,23,PT1H,MC-Ternium,6807.09,8158.0
2024-03-08,24,PT1H,MC-Ternium,7449.89,8158.0
2024-03-09,1,PT1H,MC-Ternium,7141.92,8200.0
2024-03-09,2,PT1H,MC-Ternium,7080.5,8158.0
2024-03-09,3,PT1H,MC-Ternium,7246.15,8158.0
2024-03-09,4,PT1H,MC-Ternium,7372.31,8158.0
2024-03-09,5,PT1H,MC-Ternium,7368.85,8158.0
2024-03-09,6,PT1H,MC-Ternium,7129.21,8158.0
2024-03-09,7,PT1H,MC-Ternium,7333.89,7444.0
2024-03-09,8,PT1H,MC-Ternium,7259.66,7444.0
2024-03-09,9,PT1H,MC-Ternium,7399.74,7444.0
2024-03-09,10,PT1H,MC-Ternium,7443.24,7444.0
2024-03-09,11,PT1H,MC-Ternium,5379.49,7444.0
2024-03-09,12,PT1H,MC-Ternium,7452.96,7444.0
2024-03-09,13,PT1H,MC-Ternium,7571.01,7444.0
2024-03-09,14,PT1H,MC-Ternium,7148.35,7444.0
2024-03-09,15,PT1H,MC-Ternium,5012.54,8158.0
2024-03-09,16,PT1H,MC-Ternium,6443.91,8158.0
2024-03-09,17,PT1H,MC-Ternium,7394.35,8158.0
2024-03-09,18,PT1H,MC-Ternium,7404.53,8158.0
2024-03-09,19,PT1H,MC-Ternium,7097.79,8158.0
2024-03-09,20,PT1H,MC-Ternium,7410.46,8158.0
2024-03-09,21,PT1H,MC-Ternium,7246.87,8158.0
2024-03-09,22,PT1H,MC-Ternium,7172.71,8158.0
2024-03-09,23,PT1H,MC-Ternium,7444.41,8158.0
2024-03-09,24,PT1H,MC-Ternium,5942.21,8158.0
2024-03-10,1,PT1H,MC-Ternium,7297.2,8300.0
2024-03-10,2,PT1H,MC-Ternium,5515.45,8158.0
2024-03-10,3,PT1H,MC-Ternium,6518.65,8158.0
2024-03-10,4,PT1H,MC-Ternium,3660.78,8158.0
2024-03-10,5,PT1H,MC-Ternium,7087.49,8158.0
2024-03-10,6,PT1H,MC-Ternium,7205.53,8158.0
2024-03-10,7,PT1H,MC-Ternium,4983.33,7444.0
2024-03-10,8,PT1H,MC-Ternium,7270.91,7444.0
2024-03-10,9,PT1H,MC-Ternium,7337.42,7444.0
2024-03-10,10,PT1H,MC-Ternium,7192.51,7444.0
2024-03-10,11,PT1H,MC-Ternium,7181.75,7444.0
2024-03-10,12,PT1H,MC-Ternium,3093.86,7444.0
2024-03-10,13,PT1H,MC-Ternium,5933.24,7444.0
2024-03-10,14,PT1H,MC-Ternium,6432.39,7444.0
2024-03-10,15,PT1H,MC-Ternium,7177.03,8158.0
2024-03-10,16,PT1H,MC-Ternium,6419.99,8158.0
2024-03-10,17,PT1H,MC-Ternium,5295.39,8158.0
2024-03-10,18,PT1H,MC-Ternium,7366.68,8158.0
2024-03-10,19,PT1H,MC-Ternium,5111.96,8158.0
2024-03-10,20,PT1H,MC-Ternium,4644.01,8158.0
2024-03-10,21,PT1H,MC-Ternium,7136.28,8158.0
2024-03-10,22,PT1H,MC-Ternium,6291.89,8158.0
2024-03-10,23,PT1H,MC-Ternium,6031.77,8158.0
2024-03-10,24,PT1H,MC-Ternium,6444.22,8158.0
2024-03-11,1,PT1H,MC-Ternium,7401.48,7530.0
2024-03-11,2,PT1H,MC-Ternium,5632.07,7530.0
2024-03-11,3,PT1H,MC-Ternium,6829.54,7530.0
2024-03-11,4,PT1H,MC-Ternium,5449.94,7530.0
2024-03-11,5,PT1H,MC-Ternium,6889.81,7530.0
2024-03-11,6,PT1H,MC-Ternium,6993.68,7530.0
2024-03-11,7,PT1H,MC-Ternium,7313.31,7530.0
2024-03-11,8,PT1H,MC-Ternium,7272.59,7530.0
2024-03-11,9,PT1H,MC-Ternium,5135.56,7530.0
2024-03-11,10,PT1H,MC-Ternium,6940.76,7530.0
2024-03-11,11,PT1H,MC-Ternium,6820.66,7530.0
2024-03-11,12,PT1H,MC-Ternium,7397.0,7530.0
2024-03-11,13,PT1H,MC-Ternium,7149.07,7530.0
2024-03-11,14,PT1H,MC-Ternium,7357.95,7530.0
2024-03-11,15,PT1H,MC-Ternium,7355.07,7530.0
2024-03-11,16,PT1H,MC-Ternium,6619.5,7530.0
2024-03-11,17,PT1H,MC-Ternium,3608.97,7530.0
2024-03-11,18,PT1H,MC-Ternium,2758.73,7530.0
2024-03-11,19,PT1H,MC-Ternium,6293.61,7530.0
2024-03-11,20,PT1H,MC-Ternium,7262.81,7530.0
2024-03-11,21,PT1H,MC-Ternium,7357.8,7530.0
2024-03-11,22,PT1H,MC-Ternium,3325.47,7530.0
2024-03-11,23,PT1H,MC-Ternium,6774.68,7530.0
2024-03-11,24,PT1H,MC-Ternium,7127.64,7531.0
2024-03-12,1,PT1H,MC-Ternium,7165.36,7430.0
2024-03-12,2,PT1H,MC-Ternium,7224.8,7430.0
2024-03-12,3,PT1H,MC-Ternium,7377.08,7430.0
2024-03-12,4,PT1H,MC-Ternium,7201.61,7430.0
2024-03-12,5,PT1H,MC-Ternium,7067.14,7430.0
2024-03-12,6,PT1H,MC-Ternium,4498.51,7430.0
2024-03-12,7,PT1H,MC-Ternium,7104.0,7430.0
2024-03-12,8,PT1H,MC-Ternium,6911.9,7430.0
2024-03-12,9,PT1H,MC-Ternium,5324.47,7430.0
2024-03-12,10,PT1H,MC-Ternium,6260.8,7430.0
2024-03-12,11,PT1H,MC-Ternium,7387.82,7430.0
2024-03-12,12,PT1H,MC-Ternium,7487.8,7430.0
2024-03-12,13,PT1H,MC-Ternium,7487.93,7430.0
2024-03-12,14,PT1H,MC-Ternium,7211.44,7430.0
2024-03-12,15,PT1H,MC-Ternium,7162.41,7430.0
2024-03-12,16,PT1H,MC-Ternium,7430.13,7430.0
2024-03-12,17,PT1H,MC-Ternium,5549.75,7430.0
2024-03-12,18,PT1H,MC-Ternium,6722.51,7430.0
2024-03-12,19,PT1H,MC-Ternium,7062.77,7430.0
2024-03-12,20,PT1H,MC-Ternium,7229.79,7430.0
2024-03-12,21,PT1H,MC-Ternium,7150.97,7430.0
2024-03-12,22,PT1H,MC-Ternium,4291.62,7430.0
2024-03-12,23,PT1H,MC-Ternium,6021.48,7430.0
2024-03-12,24,PT1H,MC-Ternium,7029.84,7431.0
2024-03-13,1,PT1H,MC-Ternium,6908.98,4160.0
2024-03-13,2,PT1H,MC-Ternium,7126.62,4170.0
2024-03-13,3,PT1H,MC-Ternium,5921.24,4170.0
2024-03-13,4,PT1H,MC-Ternium,4589.46,4170.0
2024-03-13,5,PT1H,MC-Ternium,5069.91,4170.0
2024-03-13,6,PT1H,MC-Ternium,6478.19,4170.0
2024-03-13,7,PT1H,MC-Ternium,7104.89,4170.0
2024-03-13,8,PT1H,MC-Ternium,7187.01,4170.0
2024-03-13,9,PT1H,MC-Ternium,6039.22,4170.0
2024-03-13,10,PT1H,MC-Ternium,7316.96,4170.0
2024-03-13,11,PT1H,MC-Ternium,3541.61,4170.0
2024-03-13,12,PT1H,MC-Ternium,4283.99,4170.0
2024-03-13,13,PT1H,MC-Ternium,7185.68,4170.0
2024-03-13,14,PT1H,MC-Ternium,7154.08,4170.0
2024-03-13,15,PT1H,MC-Ternium,4340.9,4170.0
2024-03-13,16,PT1H,MC-Ternium,7303.37,4170.0
2024-03-13,17,PT1H,MC-Ternium,7064.05,4170.0
2024-03-13,18,PT1H,MC-Ternium,6339.71,4170.0
2024-03-13,19,PT1H,MC-Ternium,4155.37,4170.0
2024-03-13,20,PT1H,MC-Ternium,7131.97,4170.0
2024-03-13,21,PT1H,MC-Ternium,7441.85,4170.0
2024-03-13,22,PT1H,MC-Ternium,6533.9,4170.0
2024-03-13,23,PT1H,MC-Ternium,3887.73,4170.0
2024-03-13,24,PT1H,MC-Ternium,3035.85,4170.0
2024-03-14,1,PT1H,MC-Ternium,4938.3,4570.0
2024-03-14,2,PT1H,MC-Ternium,5334.44,4590.0
2024-03-14,3,PT1H,MC-Ternium,6019.82,4590.0
2024-03-14,4,PT1H,MC-Ternium,6933.34,4590.0
2024-03-14,5,PT1H,MC-Ternium,7096.72,4590.0
2024-03-14,6,PT1H,MC-Ternium,7379.75,4590.0
2024-03-14,7,PT1H,MC-Ternium,7083.32,4590.0
2024-03-14,8,PT1H,MC-Ternium,4574.85,4590.0
2024-03-14,9,PT1H,MC-Ternium,1713.86,4590.0
2024-03-14,10,PT1H,MC-Ternium,2475.11,4590.0
2024-03-14,11,PT1H,MC-Ternium,2965.66,4590.0
2024-03-14,12,PT1H,MC-Ternium,2149.59,4590.0
2024-03-14,13,PT1H,MC-Ternium,2013.52,4590.0
2024-03-14,14,PT1H,MC-Ternium,2452.44,4590.0
2024-03-14,15,PT1H,MC-Ternium,2991.59,4590.0
2024-03-14,16,PT1H,MC-Ternium,4101.35,4590.0
2024-03-14,17,PT1H,MC-Ternium,4439.47,4590.0
2024-03-14,18,PT1H,MC-Ternium,4968.77,4590.0
2024-03-14,19,PT1H,MC-Ternium,3557.66,4590.0
2024-03-14,20,PT1H,MC-Ternium,4395.85,4590.0
2024-03-14,21,PT1H,MC-Ternium,4921.64,4590.0
2024-03-14,22,PT1H,MC-Ternium,5088.78,4590.0
2024-03-14,23,PT1H,MC-Ternium,4836.18,4590.0
2024-03-14,24,PT1H,MC-Ternium,4507.87,4590.0
2024-03-15,1,PT1H,MC-Ternium,5236.2,6030.0
2024-03-15,2,PT1H,MC-Ternium,5197.56,6050.0
2024-03-15,3,PT1H,MC-Ternium,4113.87,6050.0
2024-03-15,4,PT1H,MC-Ternium,4720.57,6050.0
2024-03-15,5,PT1H,MC-Ternium,5213.51,6050.0
2024-03-15,6,PT1H,MC-Ternium,5311.9,6050.0
2024-03-15,7,PT1H,MC-Ternium,5484.01,6050.0
2024-03-15,8,PT1H,MC-Ternium,3875.62,6050.0
2024-03-15,9,PT1H,MC-Ternium,3428.22,6050.0
2024-03-15,10,PT1H,MC-Ternium,4521.17,6050.0
2024-03-15,11,PT1H,MC-Ternium,5456.02,6050.0
2024-03-15,12,PT1H,MC-Ternium,3499.46,6050.0
2024-03-15,13,PT1H,MC-Ternium,3239.08,6050.0
2024-03-15,14,PT1H,MC-Ternium,4970.5,6050.0
2024-03-15,15,PT1H,MC-Ternium,2314.61,6050.0
2024-03-15,16,PT1H,MC-Ternium,3786.76,6050.0
2024-03-15,17,PT1H,MC-Ternium,3214.13,6050.0
2024-03-15,18,PT1H,MC-Ternium,2529.43,6050.0
2024-03-15,19,PT1H,MC-Ternium,3387.16,6050.0
2024-03-15,20,PT1H,MC-Ternium,3693.29,6050.0
2024-03-15,21,PT1H,MC-Ternium,3922.17,6050.0
2024-03-15,22,PT1H,MC-Ternium,4075.47,6050.0
2024-03-15,23,PT1H,MC-Ternium,5130.68,6050.0
2024-03-15,24,PT1H,MC-Ternium,5531.5,6050.0
2024-03-16,1,PT1H,MC-Ternium,5685.71,5700.0
2024-03-16,2,PT1H,MC-Ternium,5559.51,5600.0
2024-03-16,3,PT1H,MC-Ternium,4545.74,5600.0
2024-03-16,4,PT1H,MC-Ternium,3773.87,5600.0
2024-03-16,5,PT1H,MC-Ternium,3475.93,5600.0
2024-03-16,6,PT1H,MC-Ternium,5154.72,5600.0
2024-03-16,7,PT1H,MC-Ternium,4760.45,5600.0
2024-03-16,8,PT1H,MC-Ternium,5087.86,5600.0
2024-03-16,9,PT1H,MC-Ternium,5001.43,5600.0
2024-03-16,10,PT1H,MC-Ternium,3922.24,5600.0
2024-03-16,11,PT1H,MC-Ternium,3955.38,5600.0
2024-03-16,12,PT1H,MC-Ternium,3828.29,5600.0
2024-03-16,13,PT1H,MC-Ternium,3109.06,5600.0
2024-03-16,14,PT1H,MC-Ternium,2413.66,5600.0
2024-03-16,15,PT1H,MC-Ternium,4062.06,5600.0
2024-03-16,16,PT1H,MC-Ternium,4063.62,5600.0
2024-03-16,17,PT1H,MC-Ternium,4415.35,5600.0
2024-03-16,18,PT1H,MC-Ternium,3463.86,5600.0
2024-03-16,19,PT1H,MC-Ternium,1888.49,5600.0
2024-03-16,20,PT1H,MC-Ternium,2466.51,5600.0
2024-03-16,21,PT1H,MC-Ternium,4084.93,5600.0
2024-03-16,22,PT1H,MC-Ternium,5341.18,5600.0
2024-03-16,23,PT1H,MC-Ternium,4983.09,5600.0
2024-03-16,24,PT1H,MC-Ternium,5321.08,5600.0
2024-03-17,1,PT1H,MC-Ternium,5278.98,6700.0
2024-03-17,2,PT1H,MC-Ternium,6084.96,6600.0
2024-03-17,3,PT1H,MC-Ternium,6282.8,6600.0
2024-03-17,4,PT1H,MC-Ternium,7479.04,6600.0
2024-03-17,5,PT1H,MC-Ternium,6652.16,6600.0
2024-03-17,6,PT1H,MC-Ternium,4184.39,6600.0
2024-03-17,7,PT1H,MC-Ternium,5593.96,6600.0
2024-03-17,8,PT1H,MC-Ternium,5021.12,6600.0
2024-03-17,9,PT1H,MC-Ternium,6061.8,6600.0
2024-03-17,10,PT1H,MC-Ternium,6053.74,6600.0
2024-03-17,11,PT1H,MC-Ternium,6894.66,6600.0
2024-03-17,12,PT1H,MC-Ternium,4839.04,6600.0
2024-03-17,13,PT1H,MC-Ternium,5671.37,6600.0
2024-03-17,14,PT1H,MC-Ternium,6660.46,6600.0
2024-03-17,15,PT1H,MC-Ternium,6812.41,6600.0
2024-03-17,16,PT1H,MC-Ternium,6292.19,6600.0
2024-03-17,17,PT1H,MC-Ternium,6029.7,6600.0
2024-03-17,18,PT1H,MC-Ternium,4624.85,6600.0
2024-03-17,19,PT1H,MC-Ternium,5748.77,6600.0
2024-03-17,20,PT1H,MC-Ternium,5911.36,6600.0
2024-03-17,21,PT1H,MC-Ternium,6145.4,6600.0
2024-03-17,22,PT1H,MC-Ternium,7120.19,6600.0
2024-03-17,23,PT1H,MC-Ternium,7754.34,6600.0
2024-03-17,24,PT1H,MC-Ternium,7360.19,6600.0
2024-03-18,1,PT1H,MC-Ternium,5325.69,6237.0
2024-03-18,2,PT1H,MC-Ternium,5637.74,6237.0
2024-03-18,3,PT1H,MC-Ternium,5976.19,6237.0
2024-03-18,4,PT1H,MC-Ternium,6497.72,6237.0
2024-03-18,5,PT1H,MC-Ternium,6332.19,6237.0
2024-03-18,6,PT1H,MC-Ternium,5548.79,6237.0
2024-03-18,7,PT1H,MC-Ternium,5886.66,6237.0
2024-03-18,8,PT1H,MC-Ternium,5991.82,6237.0
2024-03-18,9,PT1H,MC-Ternium,6640.13,6237.0
2024-03-18,10,PT1H,MC-Ternium,5547.9,6237.0
2024-03-18,11,PT1H,MC-Ternium,5444.5,5691.0
2024-03-18,12,PT1H,MC-Ternium,3985.55,5691.0
2024-03-18,13,PT1H,MC-Ternium,5280.77,5691.0
2024-03-18,14,PT1H,MC-Ternium,5119.66,5691.0
2024-03-18,15,PT1H,MC-Ternium,4784.9,5691.0
2024-03-18,16,PT1H,MC-Ternium,3240.38,5691.0
2024-03-18,17,PT1H,MC-Ternium,6312.94,5691.0
2024-03-18,18,PT1H,MC-Ternium,6346.71,5691.0
2024-03-18,19,PT1H,MC-Ternium,2967.79,6237.0
2024-03-18,20,PT1H,MC-Ternium,1986.16,6237.0
2024-03-18,21,PT1H,MC-Ternium,4211.96,6237.0
2024-03-18,22,PT1H,MC-Ternium,6501.87,6237.0
2024-03-18,23,PT1H,MC-Ternium,7228.02,6237.0
2024-03-18,24,PT1H,MC-Ternium,5705.66,6238.0
2024-03-19,1,PT1H,MC-Ternium,6989.69,6850.0
2024-03-19,2,PT1H,MC-Ternium,6680.19,6850.0
2024-03-19,3,PT1H,MC-Ternium,6706.04,6850.0
2024-03-19,4,PT1H,MC-Ternium,4251.91,6850.0
2024-03-19,5,PT1H,MC-Ternium,6177.34,6850.0
2024-03-19,6,PT1H,MC-Ternium,5885.84,6850.0
2024-03-19,7,PT1H,MC-Ternium,6099.18,6850.0
2024-03-19,8,PT1H,MC-Ternium,6757.43,6850.0
2024-03-19,9,PT1H,MC-Ternium,7415.76,6850.0
2024-03-19,10,PT1H,MC-Ternium,5844.44,6850.0
2024-03-19,11,PT1H,MC-Ternium,5123.03,6850.0
2024-03-19,12,PT1H,MC-Ternium,2102.83,6850.0
2024-03-19,13,PT1H,MC-Ternium,1833.0,6850.0
2024-03-19,14,PT1H,MC-Ternium,2175.64,1374.0
2024-03-19,15,PT1H,MC-Ternium,4553.2,1374.0
2024-03-19,16,PT1H,MC-Ternium,7102.08,1374.0
2024-03-19,17,PT1H,MC-Ternium,7925.48,1374.0
2024-03-19,18,PT1H,MC-Ternium,7687.64,1374.0
2024-03-19,19,PT1H,MC-Ternium,7768.4,6237.0
2024-03-19,20,PT1H,MC-Ternium,4699.43,6237.0
2024-03-19,21,PT1H,MC-Ternium,6943.76,6237.0
2024-03-19,22,PT1H,MC-Ternium,8064.38,6237.0
2024-03-19,23,PT1H,MC-Ternium,8160.17,6237.0
2024-03-19,24,PT1H,MC-Ternium,7753.73,6238.0
2024-03-20,1,PT1H,MC-Ternium,3057.15,6850.0
2024-03-20,2,PT1H,MC-Ternium,5604.51,6850.0
2024-03-20,3,PT1H,MC-Ternium,7762.53,6251.0
2024-03-20,4,PT1H,MC-Ternium,7768.09,6251.0
2024-03-20,5,PT1H,MC-Ternium,7897.71,6251.0
2024-03-20,6,PT1H,MC-Ternium,8374.01,6251.0
2024-03-20,7,PT1H,MC-Ternium,8011.34,6251.0
2024-03-20,8,PT1H,MC-Ternium,7414.44,6251.0
2024-03-20,9,PT1H,MC-Ternium,7089.59,6251.0
2024-03-20,10,PT1H,MC-Ternium,8226.97,6251.0
2024-03-20,11,PT1H,MC-Ternium,8372.62,6850.0
2024-03-20,12,PT1H,MC-Ternium,7729.81,6850.0
2024-03-20,13,PT1H,MC-Ternium,8414.06,6850.0
2024-03-20,14,PT1H,MC-Ternium,8076.02,6850.0
2024-03-20,15,PT1H,MC-Ternium,6723.85,6850.0
2024-03-20,16,PT1H,MC-Ternium,3822.87,6850.0
2024-03-20,17,PT1H,MC-Ternium,7598.8,6850.0
2024-03-20,18,PT1H,MC-Ternium,7975.02,6850.0
2024-03-20,19,PT1H,MC-Ternium,6894.79,6850.0
2024-03-20,20,PT1H,MC-Ternium,7058.39,6850.0
2024-03-20,21,PT1H,MC-Ternium,8477.58,6850.0
2024-03-20,22,PT1H,MC-Ternium,8488.57,6850.0
2024-03-20,23,PT1H,MC-Ternium,7934.48,6850.0
2024-03-20,24,PT1H,MC-Ternium,4022.98,6840.0
2024-03-21,1,PT1H,MC-Ternium,8117.36,8620.0
2024-03-21,2,PT1H,MC-Ternium,8350.57,8620.0
2024-03-21,3,PT1H,MC-Ternium,8253.68,8620.0
2024-03-21,4,PT1H,MC-Ternium,8082.14,8620.0
2024-03-21,5,PT1H,MC-Ternium,7990.0,8620.0
2024-03-21,6,PT1H,MC-Ternium,7282.1,8620.0
2024-03-21,7,PT1H,MC-Ternium,5752.62,8620.0
2024-03-21,8,PT1H,MC-Ternium,7419.08,8620.0
2024-03-21,9,PT1H,MC-Ternium,8342.01,8620.0
2024-03-21,10,PT1H,MC-Ternium,3536.77,8620.0
2024-03-21,11,PT1H,MC-Ternium,1710.2,8620.0
2024-03-21,12,PT1H,MC-Ternium,2791.74,8620.0
2024-03-21,13,PT1H,MC-Ternium,3969.96,8620.0
2024-03-21,14,PT1H,MC-Ternium,4009.3,1374.0
2024-03-21,15,PT1H,MC-Ternium,4414.78,1374.0
2024-03-21,16,PT1H,MC-Ternium,4492.89,1374.0
2024-03-21,17,PT1H,MC-Ternium,5587.15,1374.0
2024-03-21,18,PT1H,MC-Ternium,6255.09,1374.0
2024-03-21,19,PT1H,MC-Ternium,5875.26,6850.0
2024-03-21,20,PT1H,MC-Ternium,6123.15,6850.0
2024-03-21,21,PT1H,MC-Ternium,5868.19,6850.0
2024-03-21,22,PT1H,MC-Ternium,5155.32,6850.0
2024-03-21,23,PT1H,MC-Ternium,6556.72,6850.0
2024-03-21,24,PT1H,MC-Ternium,5355.93,6850.0
2024-03-22,1,PT1H,MC-Ternium,5641.47,8620.0
2024-03-22,2,PT1H,MC-Ternium,6352.7,8620.0
2024-03-22,3,PT1H,MC-Ternium,6076.93,8620.0
2024-03-22,4,PT1H,MC-Ternium,4661.96,8620.0
2024-03-22,5,PT1H,MC-Ternium,6567.14,8620.0
2024-03-22,6,PT1H,MC-Ternium,6363.85,8620.0
2024-03-22,7,PT1H,MC-Ternium,4977.25,8620.0
2024-03-22,8,PT1H,MC-Ternium,5342.27,8620.0
2024-03-22,9,PT1H,MC-Ternium,6059.75,8620.0
2024-03-22,10,PT1H,MC-Ternium,6491.25,8620.0
2024-03-22,11,PT1H,MC-Ternium,5665.05,7866.0
2024-03-22,12,PT1H,MC-Ternium,4911.54,7866.0
2024-03-22,13,PT1H,MC-Ternium,5468.41,7866.0
2024-03-22,14,PT1H,MC-Ternium,6166.52,7866.0
2024-03-22,15,PT1H,MC-Ternium,6364.79,7866.0
2024-03-22,16,PT1H,MC-Ternium,6428.43,7866.0
2024-03-22,17,PT1H,MC-Ternium,6118.37,7866.0
2024-03-22,18,PT1H,MC-Ternium,5293.71,7866.0
2024-03-22,19,PT1H,MC-Ternium,6243.68,8620.0
2024-03-22,20,PT1H,MC-Ternium,6565.27,8620.0
2024-03-22,21,PT1H,MC-Ternium,6468.78,8620.0
2024-03-22,22,PT1H,MC-Ternium,4389.43,8620.0
2024-03-22,23,PT1H,MC-Ternium,4752.92,8620.0
2024-03-22,24,PT1H,MC-Ternium,5860.12,8600.0
2024-03-23,1,PT1H,MC-Ternium,5205.12,6237.0
2024-03-23,2,PT1H,MC-Ternium,6054.13,6237.0
2024-03-23,3,PT1H,MC-Ternium,6148.05,6237.0
2024-03-23,4,PT1H,MC-Ternium,6525.31,6237.0
2024-03-23,5,PT1H,MC-Ternium,6634.38,6237.0
2024-03-23,6,PT1H,MC-Ternium,4439.32,6237.0
2024-03-23,7,PT1H,MC-Ternium,3563.13,6237.0
2024-03-23,8,PT1H,MC-Ternium,4085.63,6237.0
2024-03-23,9,PT1H,MC-Ternium,4416.6,6237.0
2024-03-23,10,PT1H,MC-Ternium,3538.16,6237.0
2024-03-23,11,PT1H,MC-Ternium,2789.87,6237.0
2024-03-23,12,PT1H,MC-Ternium,5411.38,6237.0
2024-03-23,13,PT1H,MC-Ternium,5820.03,6237.0
2024-03-23,14,PT1H,MC-Ternium,4033.14,6237.0
2024-03-23,15,PT1H,MC-Ternium,3653.99,6237.0
2024-03-23,16,PT1H,MC-Ternium,5110.3,6237.0
2024-03-23,17,PT1H,MC-Ternium,6470.13,1374.0
2024-03-23,18,PT1H,MC-Ternium,6710.34,1374.0
2024-03-23,19,PT1H,MC-Ternium,6110.93,8620.0
2024-03-23,20,PT1H,MC-Ternium,6227.84,8620.0
2024-03-23,21,PT1H,MC-Ternium,5825.66,8620.0
2024-03-23,22,PT1H,MC-Ternium,4362.06,8620.0
2024-03-23,23,PT1H,MC-Ternium,4952.23,8620.0
2024-03-23,24,PT1H,MC-Ternium,5610.26,8500.0
2024-03-24,1,PT1H,MC-Ternium,6408.95,6237.0
2024-03-24,2,PT1H,MC-Ternium,6291.75,6237.0
2024-03-24,3,PT1H,MC-Ternium,6348.68,6237.0
2024-03-24,4,PT1H,MC-Ternium,5286.92,6237.0
2024-03-24,5,PT1H,MC-Ternium,4104.26,6237.0
2024-03-24,6,PT1H,MC-Ternium,3919.14,6237.0
2024-03-24,7,PT1H,MC-Ternium,4799.24,6237.0
2024-03-24,8,PT1H,MC-Ternium,4574.48,6237.0
2024-03-24,9,PT1H,MC-Ternium,5444.12,6237.0
2024-03-24,10,PT1H,MC-Ternium,3914.41,6237.0
2024-03-24,11,PT1H,MC-Ternium,4972.63,5691.0
2024-03-24,12,PT1H,MC-Ternium,4090.3,5691.0
2024-03-24,13,PT1H,MC-Ternium,5823.98,5691.0
2024-03-24,14,PT1H,MC-Ternium,5736.58,5691.0
2024-03-24,15,PT1H,MC-Ternium,5842.05,5691.0
2024-03-24,16,PT1H,MC-Ternium,6252.47,5691.0
2024-03-24,17,PT1H,MC-Ternium,6355.41,5691.0
2024-03-24,18,PT1H,MC-Ternium,4905.69,5691.0
2024-03-24,19,PT1H,MC-Ternium,5491.57,6237.0
2024-03-24,20,PT1H,MC-Ternium,6107.65,6237.0
2024-03-24,21,PT1H,MC-Ternium,4946.31,6237.0
2024-03-24,22,PT1H,MC-Ternium,5056.05,6237.0
2024-03-24,23,PT1H,MC-Ternium,6340.02,6237.0
2024-03-24,24,PT1H,MC-Ternium,5785.47,6400.0
2024-03-25,1,PT1H,MC-Ternium,5356.86,6230.0
2024-03-25,2,PT1H,MC-Ternium,4106.46,6230.0
2024-03-25,3,PT1H,MC-Ternium,3699.66,6230.0
2024-03-25,4,PT1H,MC-Ternium,1858.18,6230.0
2024-03-25,5,PT1H,MC-Ternium,1870.73,6230.0
2024-03-25,6,PT1H,MC-Ternium,1818.35,6230.0
2024-03-25,7,PT1H,MC-Ternium,2048.85,2239.0
2024-03-25,8,PT1H,MC-Ternium,2322.01,2239.0
2024-03-25,9,PT1H,MC-Ternium,2782.16,2239.0
2024-03-25,10,PT1H,MC-Ternium,3930.59,2239.0
2024-03-25,11,PT1H,MC-Ternium,5563.7,2239.0
2024-03-25,12,PT1H,MC-Ternium,6407.04,2239.0
2024-03-25,13,PT1H,MC-Ternium,7065.93,2239.0
2024-03-25,14,PT1H,MC-Ternium,6044.98,2239.0
2024-03-25,15,PT1H,MC-Ternium,5898.9,7879.0
2024-03-25,16,PT1H,MC-Ternium,6911.94,7879.0
2024-03-25,17,PT1H,MC-Ternium,6073.57,7879.0
2024-03-25,18,PT1H,MC-Ternium,6125.05,7879.0
2024-03-25,19,PT1H,MC-Ternium,6940.1,7879.0
2024-03-25,20,PT1H,MC-Ternium,5818.22,7879.0
2024-03-25,21,PT1H,MC-Ternium,6822.19,7879.0
2024-03-25,22,PT1H,MC-Ternium,5985.76,7879.0
2024-03-25,23,PT1H,MC-Ternium,5857.64,7879.0
2024-03-25,24,PT1H,MC-Ternium,5655.65,7879.0
2024-03-26,1,PT1H,MC-Ternium,5177.08,5870.0
2024-03-26,2,PT1H,MC-Ternium,4280.83,5870.0
2024-03-26,3,PT1H,MC-Ternium,7021.38,5870.0
2024-03-26,4,PT1H,MC-Ternium,6600.41,5870.0
2024-03-26,5,PT1H,MC-Ternium,6010.24,5870.0
2024-03-26,6,PT1H,MC-Ternium,6962.61,5870.0
2024-03-26,7,PT1H,MC-Ternium,6916.34,5870.0
2024-03-26,8,PT1H,MC-Ternium,6761.3,5870.0
2024-03-26,9,PT1H,MC-Ternium,5796.06,5870.0
2024-03-26,10,PT1H,MC-Ternium,1619.03,5870.0
2024-03-26,11,PT1H,MC-Ternium,2095.53,5870.0
2024-03-26,12,PT1H,MC-Ternium,3367.0,5870.0
2024-03-26,13,PT1H,MC-Ternium,4552.5,5870.0
2024-03-26,14,PT1H,MC-Ternium,6006.83,1374.0
2024-03-26,15,PT1H,MC-Ternium,5933.67,1374.0
2024-03-26,16,PT1H,MC-Ternium,5164.95,1374.0
2024-03-26,17,PT1H,MC-Ternium,5936.5,1374.0
2024-03-26,18,PT1H,MC-Ternium,4924.85,1374.0
2024-03-26,19,PT1H,MC-Ternium,4366.09,7879.0
2024-03-26,20,PT1H,MC-Ternium,2015.79,7879.0
2024-03-26,21,PT1H,MC-Ternium,3378.63,7879.0
2024-03-26,22,PT1H,MC-Ternium,4052.64,7879.0
2024-03-26,23,PT1H,MC-Ternium,5164.73,7879.0
2024-03-26,24,PT1H,MC-Ternium,5128.32,7880.0
2024-03-27,1,PT1H,MC-Ternium,6588.05,7059.0
2024-03-27,2,PT1H,MC-Ternium,4799.25,7059.0
2024-03-27,3,PT1H,MC-Ternium,6284.36,7059.0
2024-03-27,4,PT1H,MC-Ternium,5010.52,7059.0
2024-03-27,5,PT1H,MC-Ternium,5702.81,7059.0
2024-03-27,6,PT1H,MC-Ternium,5114.2,7059.0
2024-03-27,7,PT1H,MC-Ternium,3575.75,7059.0
2024-03-27,8,PT1H,MC-Ternium,6437.11,7059.0
2024-03-27,9,PT1H,MC-Ternium,6479.5,7059.0
2024-03-27,10,PT1H,MC-Ternium,4182.49,7059.0
2024-03-27,11,PT1H,MC-Ternium,6787.23,4590.0
2024-03-27,12,PT1H,MC-Ternium,6169.93,4590.0
2024-03-27,13,PT1H,MC-Ternium,7538.37,4590.0
2024-03-27,14,PT1H,MC-Ternium,8691.27,4590.0
2024-03-27,15,PT1H,MC-Ternium,6394.3,4590.0
2024-03-27,16,PT1H,MC-Ternium,7471.59,4590.0
2024-03-27,17,PT1H,MC-Ternium,6882.4,4590.0
2024-03-27,18,PT1H,MC-Ternium,6742.25,4590.0
2024-03-27,19,PT1H,MC-Ternium,7545.09,5870.0
2024-03-27,20,PT1H,MC-Ternium,7697.89,5870.0
2024-03-27,21,PT1H,MC-Ternium,6931.62,5870.0
2024-03-27,22,PT1H,MC-Ternium,4071.42,5870.0
2024-03-27,23,PT1H,MC-Ternium,3311.74,5870.0
2024-03-27,24,PT1H,MC-Ternium,2992.63,5871.0
2024-03-28,1,PT1H,MC-Ternium,6486.1,10073.0
2024-03-28,2,PT1H,MC-Ternium,5918.35,10073.0
2024-03-28,3,PT1H,MC-Ternium,6476.16,10073.0
2024-03-28,4,PT1H,MC-Ternium,5057.22,10073.0
2024-03-28,5,PT1H,MC-Ternium,6408.15,10073.0
2024-03-28,6,PT1H,MC-Ternium,5834.68,10073.0
2024-03-28,7,PT1H,MC-Ternium,2655.63,10073.0
2024-03-28,8,PT1H,MC-Ternium,1793.2,10073.0
2024-03-28,9,PT1H,MC-Ternium,3235.51,10073.0
2024-03-28,10,PT1H,MC-Ternium,6933.24,10073.0
2024-03-28,11,PT1H,MC-Ternium,6295.86,10073.0
2024-03-28,12,PT1H,MC-Ternium,6811.6,10073.0
2024-03-28,13,PT1H,MC-Ternium,5212.4,10073.0
2024-03-28,14,PT1H,MC-Ternium,7389.99,1374.0
2024-03-28,15,PT1H,MC-Ternium,7662.5,1374.0
2024-03-28,16,PT1H,MC-Ternium,6040.74,1374.0
2024-03-28,17,PT1H,MC-Ternium,7150.65,1374.0
2024-03-28,18,PT1H,MC-Ternium,7972.22,1374.0
2024-03-28,19,PT1H,MC-Ternium,7313.24,7059.0
2024-03-28,20,PT1H,MC-Ternium,5683.5,7059.0
2024-03-28,21,PT1H,MC-Ternium,6268.31,7059.0
2024-03-28,22,PT1H,MC-Ternium,7040.69,7059.0
2024-03-28,23,PT1H,MC-Ternium,6976.0,7059.0
2024-03-28,24,PT1H,MC-Ternium,7750.14,7000.0
2024-03-29,1,PT1H,MC-Ternium,6399.22,10363.0
2024-03-29,2,PT1H,MC-Ternium,6493.69,10363.0
2024-03-29,3,PT1H,MC-Ternium,7046.71,10363.0
2024-03-29,4,PT1H,MC-Ternium,6723.13,10363.0
2024-03-29,5,PT1H,MC-Ternium,3901.64,10363.0
2024-03-29,6,PT1H,MC-Ternium,6063.31,10363.0
2024-03-29,7,PT1H,MC-Ternium,6542.45,10363.0
2024-03-29,8,PT1H,MC-Ternium,6715.95,10363.0
2024-03-29,9,PT1H,MC-Ternium,3859.84,10363.0
2024-03-29,10,PT1H,MC-Ternium,6423.97,10363.0
2024-03-29,11,PT1H,MC-Ternium,7488.63,9452.0
2024-03-29,12,PT1H,MC-Ternium,7303.8,9452.0
2024-03-29,13,PT1H,MC-Ternium,4477.95,9452.0
2024-03-29,14,PT1H,MC-Ternium,6852.58,9452.0
2024-03-29,15,PT1H,MC-Ternium,8293.26,9452.0
2024-03-29,16,PT1H,MC-Ternium,8255.58,9452.0
2024-03-29,17,PT1H,MC-Ternium,4597.02,9452.0
2024-03-29,18,PT1H,MC-Ternium,5118.19,9452.0
2024-03-29,19,PT1H,MC-Ternium,6216.95,10363.0
2024-03-29,20,PT1H,MC-Ternium,5809.41,10363.0
2024-03-29,21,PT1H,MC-Ternium,6782.95,10363.0
2024-03-29,22,PT1H,MC-Ternium,7948.74,10363.0
2024-03-29,23,PT1H,MC-Ternium,7960.87,10363.0
2024-03-29,24,PT1H,MC-Ternium,8086.45,10200.0
2024-03-30,1,PT1H,MC-Ternium,6872.27,9024.0
2024-03-30,2,PT1H,MC-Ternium,5146.34,9024.0
2024-03-30,3,PT1H,MC-Ternium,4439.76,9024.0
2024-03-30,4,PT1H,MC-Ternium,5692.07,9024.0
2024-03-30,5,PT1H,MC-Ternium,3481.04,9024.0
2024-03-30,6,PT1H,MC-Ternium,7024.22,9024.0
2024-03-30,7,PT1H,MC-Ternium,6290.97,9024.0
2024-03-30,8,PT1H,MC-Ternium,6309.6,9024.0
2024-03-30,9,PT1H,MC-Ternium,5330.81,9024.0
2024-03-30,10,PT1H,MC-Ternium,6479.87,9024.0
2024-03-30,11,PT1H,MC-Ternium,3196.77,9024.0
2024-03-30,12,PT1H,MC-Ternium,3765.1,9024.0
2024-03-30,13,PT1H,MC-Ternium,7500.18,9024.0
2024-03-30,14,PT1H,MC-Ternium,6545.7,9024.0
2024-03-30,15,PT1H,MC-Ternium,7507.82,9024.0
2024-03-30,16,PT1H,MC-Ternium,4930.68,9024.0
2024-03-30,17,PT1H,MC-Ternium,4905.74,1374.0
2024-03-30,18,PT1H,MC-Ternium,4185.14,1374.0
2024-03-30,19,PT1H,MC-Ternium,7070.07,9024.0
2024-03-30,20,PT1H,MC-Ternium,5187.46,9024.0
2024-03-30,21,PT1H,MC-Ternium,7589.0,9024.0
2024-03-30,22,PT1H,MC-Ternium,7827.44,9024.0
2024-03-30,23,PT1H,MC-Ternium,6544.64,9024.0
2024-03-30,24,PT1H,MC-Ternium,8531.82,9025.0
2024-03-31,1,PT1H,MC-Ternium,7631.35,9024.0
2024-03-31,2,PT1H,MC-Ternium,5030.75,9024.0
2024-03-31,3,PT1H,MC-Ternium,5163.93,9024.0
2024-03-31,4,PT1H,MC-Ternium,7941.98,9024.0
2024-03-31,5,PT1H,MC-Ternium,7342.15,9024.0
2024-03-31,6,PT1H,MC-Ternium,5008.08,9024.0
2024-03-31,7,PT1H,MC-Ternium,7169.6,9024.0
2024-03-31,8,PT1H,MC-Ternium,7864.99,9024.0
2024-03-31,9,PT1H,MC-Ternium,7132.26,9024.0
2024-03-31,10,PT1H,MC-Ternium,7037.02,9024.0
2024-03-31,11,PT1H,MC-Ternium,6156.52,10350.0
2024-03-31,12,PT1H,MC-Ternium,7370.97,10350.0
2024-03-31,13,PT1H,MC-Ternium,5346.28,10350.0
2024-03-31,14,PT1H,MC-Ternium,4835.09,10350.0
2024-03-31,15,PT1H,MC-Ternium,3730.62,10350.0
2024-03-31,16,PT1H,MC-Ternium,5448.06,10350.0
2024-03-31,17,PT1H,MC-Ternium,5511.33,10350.0
2024-03-31,18,PT1H,MC-Ternium,5363.54,10350.0
2024-03-31,19,PT1H,MC-Ternium,7707.96,9024.0
2024-03-31,20,PT1H,MC-Ternium,6452.23,9024.0
2024-03-31,21,PT1H,MC-Ternium,7265.57,9024.0
2024-03-31,22,PT1H,MC-Ternium,8063.9,9024.0
2024-03-31,23,PT1H,MC-Ternium,6325.96,9024.0
2024-03-31,24,PT1H,MC-Ternium,5737.26,9025.0
2024-04-01,1,PT1H,MC-Ternium,6271.82,10426.0
2024-04-01,2,PT1H,MC-Ternium,7378.66,10426.0
2024-04-01,3,PT1H,MC-Ternium,6192.69,10426.0
2024-04-01,4,PT1H,MC-Ternium,5422.14,10426.0
2024-04-01,5,PT1H,MC-Ternium,3530.6,10426.0
2024-04-01,6,PT1H,MC-Ternium,3385.83,10426.0
2024-04-01,7,PT1H,MC-Ternium,5870.4,1374.0
2024-04-01,8,PT1H,MC-Ternium,5774.76,1374.0
2024-04-01,9,PT1H,MC-Ternium,4934.38,1374.0
2024-04-01,10,PT1H,MC-Ternium,6375.68,1374.0
2024-04-01,11,PT1H,MC-Ternium,7051.96,1374.0
2024-04-01,12,PT1H,MC-Ternium,8198.24,7352.0
2024-04-01,13,PT1H,MC-Ternium,6741.8,7352.0
2024-04-01,14,PT1H,MC-Ternium,6787.14,7352.0
2024-04-01,15,PT1H,MC-Ternium,3022.12,7352.0
2024-04-01,16,PT1H,MC-Ternium,2529.6,7352.0
2024-04-01,17,PT1H,MC-Ternium,2798.34,7352.0
2024-04-01,18,PT1H,MC-Ternium,3265.91,7352.0
2024-04-01,19,PT1H,MC-Ternium,3793.87,7352.0
2024-04-01,20,PT1H,MC-Ternium,3501.12,7352.0
2024-04-01,21,PT1H,MC-Ternium,5959.24,7352.0
2024-04-01,22,PT1H,MC-Ternium,7643.97,7352.0
2024-04-01,23,PT1H,MC-Ternium,4681.38,7352.0
2024-04-01,24,PT1H,MC-Ternium,7800.84,7353.0
2024-04-02,1,PT1H,MC-Ternium,7179.08,7352.0
2024-04-02,2,PT1H,MC-Ternium,5734.18,7352.0
2024-04-02,3,PT1H,MC-Ternium,5607.0,7352.0
2024-04-02,4,PT1H,MC-Ternium,4203.46,7352.0
2024-04-02,5,PT1H,MC-Ternium,3031.81,7352.0
2024-04-02,6,PT1H,MC-Ternium,4183.34,7352.0
2024-04-02,7,PT1H,MC-Ternium,7377.94,1374.0
2024-04-02,8,PT1H,MC-Ternium,7144.31,1374.0
2024-04-02,9,PT1H,MC-Ternium,7064.23,1374.0
2024-04-02,10,PT1H,MC-Ternium,7750.79,1374.0
2024-04-02,11,PT1H,MC-Ternium,7878.08,1374.0
2024-04-02,12,PT1H,MC-Ternium,6416.93,1374.0
2024-04-02,13,PT1H,MC-Ternium,6545.74,1374.0
2024-04-02,14,PT1H,MC-Ternium,5834.95,1374.0
2024-04-02,15,PT1H,MC-Ternium,6870.9,1374.0
2024-04-02,16,PT1H,MC-Ternium,7425.22,1374.0
2024-04-02,17,PT1H,MC-Ternium,7547.56,1374.0
2024-04-02,18,PT1H,MC-Ternium,7485.65,1374.0
2024-04-02,19,PT1H,MC-Ternium,8446.64,1374.0
2024-04-02,20,PT1H,MC-Ternium,8714.24,8828.0
2024-04-02,21,PT1H,MC-Ternium,7578.84,8828.0
2024-04-02,22,PT1H,MC-Ternium,7469.9,8828.0
2024-04-02,23,PT1H,MC-Ternium,7221.94,8828.0
2024-04-02,24,PT1H,MC-Ternium,4029.17,8829.0
2024-04-03,1,PT1H,MC-Ternium,6787.52,8828.0
2024-04-03,2,PT1H,MC-Ternium,7143.37,8828.0
2024-04-03,3,PT1H,MC-Ternium,6877.0,8828.0
2024-04-03,4,PT1H,MC-Ternium,5717.21,8828.0
2024-04-03,5,PT1H,MC-Ternium,7460.7,8828.0
2024-04-03,6,PT1H,MC-Ternium,8642.24,8828.0
2024-04-03,7,PT1H,MC-Ternium,7270.51,8056.0
2024-04-03,8,PT1H,MC-Ternium,6415.45,8056.0
2024-04-03,9,PT1H,MC-Ternium,3068.47,8056.0
2024-04-03,10,PT1H,MC-Ternium,5280.25,8056.0
2024-04-03,11,PT1H,MC-Ternium,4517.39,8056.0
2024-04-03,12,PT1H,MC-Ternium,7966.91,8056.0
2024-04-03,13,PT1H,MC-Ternium,8145.24,8056.0
2024-04-03,14,PT1H,MC-Ternium,6623.99,8056.0
2024-04-03,15,PT1H,MC-Ternium,1843.11,8828.0
2024-04-03,16,PT1H,MC-Ternium,1739.77,8828.0
2024-04-03,17,PT1H,MC-Ternium,1673.24,8828.0
2024-04-03,18,PT1H,MC-Ternium,1793.17,8828.0
2024-04-03,19,PT1H,MC-Ternium,1966.36,8828.0
2024-04-03,20,PT1H,MC-Ternium,2148.77,8828.0
2024-04-03,21,PT1H,MC-Ternium,2197.11,8828.0
2024-04-03,22,PT1H,MC-Ternium,2939.84,8828.0
2024-04-03,23,PT1H,MC-Ternium,3897.51,8828.0
2024-04-03,24,PT1H,MC-Ternium,5470.43,8700.0
2024-04-04,1,PT1H,MC-Ternium,5369.79,8828.0
2024-04-04,2,PT1H,MC-Ternium,5814.32,8828.0
2024-04-04,3,PT1H,MC-Ternium,6593.85,8828.0
2024-04-04,4,PT1H,MC-Ternium,6641.1,8828.0
2024-04-04,5,PT1H,MC-Ternium,6456.13,8828.0
2024-04-04,6,PT1H,MC-Ternium,7128.09,8828.0
2024-04-04,7,PT1H,MC-Ternium,2796.68,8056.0
2024-04-04,8,PT1H,MC-Ternium,3178.13,8056.0
2024-04-04,9,PT1H,MC-Ternium,6510.94,8056.0
2024-04-04,10,PT1H,MC-Ternium,6163.0,8056.0
2024-04-04,11,PT1H,MC-Ternium,5774.95,8056.0
2024-04-04,12,PT1H,MC-Ternium,6290.23,8828.0
2024-04-04,13,PT1H,MC-Ternium,5800.89,8828.0
2024-04-04,14,PT1H,MC-Ternium,4744.18,8828.0
2024-04-04,15,PT1H,MC-Ternium,6230.82,8828.0
2024-04-04,16,PT1H,MC-Ternium,6334.67,8828.0
2024-04-04,17,PT1H,MC-Ternium,6768.09,8828.0
2024-04-04,18,PT1H,MC-Ternium,7129.87,8828.0
2024-04-04,19,PT1H,MC-Ternium,5890.9,8828.0
2024-04-04,20,PT1H,MC-Ternium,6706.23,8828.0
2024-04-04,21,PT1H,MC-Ternium,3758.36,8828.0
2024-04-04,22,PT1H,MC-Ternium,6238.88,8828.0
2024-04-04,23,PT1H,MC-Ternium,6274.24,1374.0
2024-04-04,24,PT1H,MC-Ternium,6466.28,1200.0
2024-04-05,1,PT1H,MC-Ternium,5757.27,1374.0
2024-04-05,2,PT1H,MC-Ternium,6449.72,1374.0
2024-04-05,3,PT1H,MC-Ternium,4067.29,1374.0
2024-04-05,4,PT1H,MC-Ternium,6843.64,6688.0
2024-04-05,5,PT1H,MC-Ternium,5763.96,6688.0
2024-04-05,6,PT1H,MC-Ternium,3769.34,6688.0
2024-04-05,7,PT1H,MC-Ternium,6213.14,6688.0
2024-04-05,8,PT1H,MC-Ternium,5567.62,6688.0
2024-04-05,9,PT1H,MC-Ternium,6264.6,6688.0
2024-04-05,10,PT1H,MC-Ternium,6529.87,6688.0
2024-04-05,11,PT1H,MC-Ternium,6674.23,6688.0
2024-04-05,12,PT1H,MC-Ternium,6980.47,6688.0
2024-04-05,13,PT1H,MC-Ternium,6205.02,6688.0
2024-04-05,14,PT1H,MC-Ternium,6932.5,6688.0
2024-04-05,15,PT1H,MC-Ternium,6583.06,8175.0
2024-04-05,16,PT1H,MC-Ternium,7216.42,8175.0
2024-04-05,17,PT1H,MC-Ternium,5295.68,8175.0
2024-04-05,18,PT1H,MC-Ternium,6814.04,8175.0
2024-04-05,19,PT1H,MC-Ternium,5908.97,8175.0
2024-04-05,20,PT1H,MC-Ternium,6244.89,8175.0
2024-04-05,21,PT1H,MC-Ternium,5031.07,8175.0
2024-04-05,22,PT1H,MC-Ternium,1988.15,8175.0
2024-04-05,23,PT1H,MC-Ternium,1924.19,7330.0
2024-04-05,24,PT1H,MC-Ternium,3137.75,7200.0
2024-04-06,1,PT1H,MC-Ternium,4629.92,7330.0
2024-04-06,2,PT1H,MC-Ternium,3964.58,7330.0
2024-04-06,3,PT1H,MC-Ternium,5342.16,7330.0
2024-04-06,4,PT1H,MC-Ternium,4957.85,7330.0
2024-04-06,5,PT1H,MC-Ternium,5703.42,7330.0
2024-04-06,6,PT1H,MC-Ternium,4712.15,7330.0
2024-04-06,7,PT1H,MC-Ternium,5184.08,7330.0
2024-04-06,8,PT1H,MC-Ternium,4017.73,7330.0
2024-04-06,9,PT1H,MC-Ternium,4856.89,7330.0
2024-04-06,10,PT1H,MC-Ternium,5413.28,7330.0
2024-04-06,11,PT1H,MC-Ternium,6934.38,7330.0
2024-04-06,12,PT1H,MC-Ternium,3808.44,7330.0
2024-04-06,13,PT1H,MC-Ternium,5130.95,7330.0
2024-04-06,14,PT1H,MC-Ternium,4898.07,7330.0
2024-04-06,15,PT1H,MC-Ternium,5747.44,7330.0
2024-04-06,16,PT1H,MC-Ternium,7132.86,7330.0
2024-04-06,17,PT1H,MC-Ternium,7028.1,7330.0
2024-04-06,18,PT1H,MC-Ternium,6799.48,7330.0
2024-04-06,19,PT1H,MC-Ternium,7141.45,7330.0
2024-04-06,20,PT1H,MC-Ternium,6581.79,7330.0
2024-04-06,21,PT1H,MC-Ternium,6947.59,7330.0
2024-04-06,22,PT1H,MC-Ternium,6336.49,7330.0
2024-04-06,23,PT1H,MC-Ternium,6938.63,8175.0
2024-04-06,24,PT1H,MC-Ternium,5771.88,8000.0
2024-04-07,1,PT1H,MC-Ternium,4637.73,8175.0
2024-04-07,2,PT1H,MC-Ternium,2501.24,8175.0
2024-04-07,3,PT1H,MC-Ternium,5629.35,8175.0
2024-04-07,4,PT1H,MC-Ternium,6908.03,8175.0
2024-04-07,5,PT1H,MC-Ternium,7289.76,8175.0
2024-04-07,6,PT1H,MC-Ternium,5949.7,8175.0
2024-04-07,7,PT1H,MC-Ternium,7109.81,6688.0
2024-04-07,8,PT1H,MC-Ternium,6438.89,6688.0
2024-04-07,9,PT1H,MC-Ternium,5598.91,6688.0
2024-04-07,10,PT1H,MC-Ternium,5949.29,6688.0
2024-04-07,11,PT1H,MC-Ternium,5971.45,6688.0
2024-04-07,12,PT1H,MC-Ternium,6715.62,6688.0
2024-04-07,13,PT1H,MC-Ternium,5060.75,6688.0
2024-04-07,14,PT1H,MC-Ternium,6080.5,6688.0
2024-04-07,15,PT1H,MC-Ternium,5478.25,7330.0
2024-04-07,16,PT1H,MC-Ternium,6659.95,7330.0
2024-04-07,17,PT1H,MC-Ternium,6606.96,7330.0
2024-04-07,18,PT1H,MC-Ternium,6262.5,7330.0
2024-04-07,19,PT1H,MC-Ternium,6694.19,7330.0
2024-04-07,20,PT1H,MC-Ternium,7002.38,7330.0
2024-04-07,21,PT1H,MC-Ternium,6933.86,7330.0
2024-04-07,22,PT1H,MC-Ternium,6519.52,7330.0
2024-04-07,23,PT1H,MC-Ternium,4152.04,7330.0
2024-04-07,24,PT1H,MC-Ternium,5835.48,7200.0
2024-04-08,1,PT1H,MC-Ternium,5529.05,6541.0
2024-04-08,2,PT1H,MC-Ternium,6222.95,6541.0
2024-04-08,3,PT1H,MC-Ternium,6528.69,6541.0
2024-04-08,4,PT1H,MC-Ternium,6619.55,6541.0
2024-04-08,5,PT1H,MC-Ternium,6857.0,6541.0
2024-04-08,6,PT1H,MC-Ternium,5780.94,6541.0
2024-04-08,7,PT1H,MC-Ternium,6712.11,3907.0
2024-04-08,8,PT1H,MC-Ternium,5947.27,3907.0
2024-04-08,9,PT1H,MC-Ternium,6134.91,3907.0
2024-04-08,10,PT1H,MC-Ternium,7017.56,3907.0
2024-04-08,11,PT1H,MC-Ternium,6156.08,3907.0
2024-04-08,12,PT1H,MC-Ternium,6852.09,3907.0
2024-04-08,13,PT1H,MC-Ternium,6618.64,3907.0
2024-04-08,14,PT1H,MC-Ternium,6579.42,3907.0
2024-04-08,15,PT1H,MC-Ternium,6722.46,6250.0
2024-04-08,16,PT1H,MC-Ternium,6014.3,6250.0
2024-04-08,17,PT1H,MC-Ternium,6556.39,6250.0
2024-04-08,18,PT1H,MC-Ternium,5403.35,6250.0
2024-04-08,19,PT1H,MC-Ternium,6743.37,3907.0
2024-04-08,20,PT1H,MC-Ternium,4912.07,3907.0
2024-04-08,21,PT1H,MC-Ternium,6966.73,3907.0
2024-04-08,22,PT1H,MC-Ternium,6866.92,6250.0
2024-04-08,23,PT1H,MC-Ternium,4221.89,6251.0
2024-04-08,24,PT1H,MC-Ternium,4996.16,6300.0
2024-04-09,1,PT1H,MC-Ternium,5839.31,6251.0
2024-04-09,2,PT1H,MC-Ternium,4027.32,6251.0
2024-04-09,3,PT1H,MC-Ternium,5857.69,6251.0
2024-04-09,4,PT1H,MC-Ternium,6652.2,6251.0
2024-04-09,5,PT1H,MC-Ternium,5932.08,6251.0
2024-04-09,6,PT1H,MC-Ternium,4555.72,6251.0
2024-04-09,7,PT1H,MC-Ternium,6463.21,6250.0
2024-04-09,8,PT1H,MC-Ternium,6519.07,6250.0
2024-04-09,9,PT1H,MC-Ternium,6799.12,6250.0
2024-04-09,10,PT1H,MC-Ternium,6680.77,6250.0
2024-04-09,11,PT1H,MC-Ternium,5666.69,6250.0
2024-04-09,12,PT1H,MC-Ternium,6571.0,6250.0
2024-04-09,13,PT1H,MC-Ternium,2935.52,6250.0
2024-04-09,14,PT1H,MC-Ternium,1674.91,6250.0
2024-04-09,15,PT1H,MC-Ternium,1662.93,6316.0
2024-04-09,16,PT1H,MC-Ternium,1664.83,6316.0
2024-04-09,17,PT1H,MC-Ternium,2146.1,6316.0
2024-04-09,18,PT1H,MC-Ternium,2758.2,6316.0
2024-04-09,19,PT1H,MC-Ternium,2532.42,6316.0
2024-04-09,20,PT1H,MC-Ternium,2405.11,6316.0
2024-04-09,21,PT1H,MC-Ternium,2629.81,6316.0
2024-04-09,22,PT1H,MC-Ternium,2729.85,6316.0
2024-04-09,23,PT1H,MC-Ternium,2885.88,6316.0
2024-04-09,24,PT1H,MC-Ternium,2773.81,6400.0
2024-04-10,1,PT1H,MC-Ternium,3261.2,6250.0
2024-04-10,2,PT1H,MC-Ternium,4090.36,6250.0
2024-04-10,3,PT1H,MC-Ternium,4444.2,6250.0
2024-04-10,4,PT1H,MC-Ternium,2682.71,6250.0
2024-04-10,5,PT1H,MC-Ternium,4518.89,6250.0
2024-04-10,6,PT1H,MC-Ternium,3934.63,6250.0
2024-04-10,7,PT1H,MC-Ternium,2940.69,6921.0
2024-04-10,8,PT1H,MC-Ternium,4192.0,6921.0
2024-04-10,9,PT1H,MC-Ternium,4415.14,6921.0
2024-04-10,10,PT1H,MC-Ternium,4545.34,6921.0
2024-04-10,11,PT1H,MC-Ternium,4363.37,6921.0
2024-04-10,12,PT1H,MC-Ternium,2844.92,6921.0
2024-04-10,13,PT1H,MC-Ternium,1795.01,6921.0
2024-04-10,14,PT1H,MC-Ternium,2903.29,6921.0
2024-04-10,15,PT1H,MC-Ternium,3047.61,7156.0
2024-04-10,16,PT1H,MC-Ternium,3033.92,7156.0
2024-04-10,17,PT1H,MC-Ternium,5731.3,7156.0
2024-04-10,18,PT1H,MC-Ternium,6676.29,7156.0
2024-04-10,19,PT1H,MC-Ternium,7650.32,7156.0
2024-04-10,20,PT1H,MC-Ternium,6426.69,7156.0
2024-04-10,21,PT1H,MC-Ternium,6297.28,7156.0
2024-04-10,22,PT1H,MC-Ternium,6330.12,7156.0
2024-04-10,23,PT1H,MC-Ternium,6778.01,5945.0
2024-04-10,24,PT1H,MC-Ternium,7671.56,5800.0
2024-04-11,1,PT1H,MC-Ternium,7959.02,5945.0
2024-04-11,2,PT1H,MC-Ternium,4584.92,5945.0
2024-04-11,3,PT1H,MC-Ternium,7302.76,5945.0
2024-04-11,4,PT1H,MC-Ternium,6959.19,5945.0
2024-04-11,5,PT1H,MC-Ternium,5163.94,5945.0
2024-04-11,6,PT1H,MC-Ternium,5793.44,5945.0
2024-04-11,7,PT1H,MC-Ternium,6955.57,5945.0
2024-04-11,8,PT1H,MC-Ternium,7547.29,5945.0
2024-04-11,9,PT1H,MC-Ternium,7425.36,5945.0
2024-04-11,10,PT1H,MC-Ternium,6851.65,5945.0
2024-04-11,11,PT1H,MC-Ternium,6839.81,5945.0
2024-04-11,12,PT1H,MC-Ternium,7815.19,5945.0
2024-04-11,13,PT1H,MC-Ternium,7450.12,5945.0
2024-04-11,14,PT1H,MC-Ternium,7932.99,5945.0
2024-04-11,15,PT1H,MC-Ternium,7031.55,7460.0
2024-04-11,16,PT1H,MC-Ternium,7983.68,7460.0
2024-04-11,17,PT1H,MC-Ternium,7190.88,7460.0
2024-04-11,18,PT1H,MC-Ternium,2064.05,7460.0
2024-04-11,19,PT1H,MC-Ternium,5636.08,7460.0
2024-04-11,20,PT1H,MC-Ternium,7399.53,7460.0
2024-04-11,21,PT1H,MC-Ternium,7138.87,7460.0
2024-04-11,22,PT1H,MC-Ternium,6841.29,7460.0
2024-04-11,23,PT1H,MC-Ternium,6511.0,7330.0
2024-04-11,24,PT1H,MC-Ternium,7253.2,7200.0
2024-04-12,1,PT1H,MC-Ternium,7895.75,7330.0
2024-04-12,2,PT1H,MC-Ternium,7950.3,7330.0
2024-04-12,3,PT1H,MC-Ternium,7149.42,7330.0
2024-04-12,4,PT1H,MC-Ternium,6086.5,7330.0
2024-04-12,5,PT1H,MC-Ternium,7152.36,7330.0
2024-04-12,6,PT1H,MC-Ternium,7901.58,7330.0
2024-04-12,7,PT1H,MC-Ternium,5265.57,8175.0
2024-04-12,8,PT1H,MC-Ternium,3668.45,8175.0
2024-04-12,9,PT1H,MC-Ternium,6350.31,8175.0
2024-04-12,10,PT1H,MC-Ternium,7644.63,8175.0
2024-04-12,11,PT1H,MC-Ternium,7248.59,8175.0
2024-04-12,12,PT1H,MC-Ternium,7674.02,8175.0
2024-04-12,13,PT1H,MC-Ternium,7384.01,8175.0
2024-04-12,14,PT1H,MC-Ternium,8023.0,8175.0
2024-04-12,15,PT1H,MC-Ternium,8044.88,6688.0
2024-04-12,16,PT1H,MC-Ternium,6514.99,6688.0
2024-04-12,17,PT1H,MC-Ternium,6992.14,6688.0
2024-04-12,18,PT1H,MC-Ternium,7105.32,6688.0
2024-04-12,19,PT1H,MC-Ternium,4512.55,6688.0
2024-04-12,20,PT1H,MC-Ternium,6772.31,6688.0
2024-04-12,21,PT1H,MC-Ternium,6892.61,6688.0
2024-04-12,22,PT1H,MC-Ternium,6299.31,6688.0
2024-04-12,23,PT1H,MC-Ternium,3966.19,3345.0
2024-04-12,24,PT1H,MC-Ternium,4036.33,3200.0
2024-04-13,1,PT1H,MC-Ternium,7376.71,3345.0
2024-04-13,2,PT1H,MC-Ternium,7289.47,3345.0
2024-04-13,3,PT1H,MC-Ternium,7720.32,3345.0
2024-04-13,4,PT1H,MC-Ternium,6195.47,3345.0
2024-04-13,5,PT1H,MC-Ternium,7149.06,3345.0
2024-04-13,6,PT1H,MC-Ternium,5980.12,3345.0
2024-04-13,7,PT1H,MC-Ternium,5956.17,3345.0
2024-04-13,8,PT1H,MC-Ternium,4199.34,3345.0
2024-04-13,9,PT1H,MC-Ternium,1951.44,7775.0
2024-04-13,10,PT1H,MC-Ternium,1468.12,7775.0
2024-04-13,11,PT1H,MC-Ternium,1741.73,7775.0
2024-04-13,12,PT1H,MC-Ternium,2232.45,7775.0
2024-04-13,13,PT1H,MC-Ternium,2320.21,7775.0
2024-04-13,14,PT1H,MC-Ternium,2956.82,7775.0
2024-04-13,15,PT1H,MC-Ternium,3378.78,7775.0
2024-04-13,16,PT1H,MC-Ternium,2873.57,7775.0
2024-04-13,17,PT1H,MC-Ternium,4338.49,7775.0
2024-04-13,18,PT1H,MC-Ternium,4016.8,7775.0
2024-04-13,19,PT1H,MC-Ternium,4855.88,7775.0
2024-04-13,20,PT1H,MC-Ternium,3293.74,7775.0
2024-04-13,21,PT1H,MC-Ternium,5344.31,7775.0
2024-04-13,22,PT1H,MC-Ternium,6137.38,7775.0
2024-04-13,23,PT1H,MC-Ternium,5085.98,8521.0
2024-04-13,24,PT1H,MC-Ternium,4075.28,8400.0
2024-04-14,1,PT1H,MC-Ternium,4448.35,8521.0
2024-04-14,2,PT1H,MC-Ternium,5711.39,8521.0
2024-04-14,3,PT1H,MC-Ternium,6014.37,8521.0
2024-04-14,4,PT1H,MC-Ternium,6083.55,8521.0
2024-04-14,5,PT1H,MC-Ternium,5149.41,8521.0
2024-04-14,6,PT1H,MC-Ternium,6462.97,8521.0
2024-04-14,7,PT1H,MC-Ternium,5898.19,8521.0
2024-04-14,8,PT1H,MC-Ternium,5174.48,8521.0
2024-04-14,9,PT1H,MC-Ternium,5828.95,8521.0
2024-04-14,10,PT1H,MC-Ternium,3776.22,8521.0
2024-04-14,11,PT1H,MC-Ternium,7179.51,8521.0
2024-04-14,12,PT1H,MC-Ternium,4399.9,8521.0
2024-04-14,13,PT1H,MC-Ternium,5896.98,8521.0
2024-04-14,14,PT1H,MC-Ternium,6515.61,8521.0
2024-04-14,15,PT1H,MC-Ternium,3738.14,7775.0
2024-04-14,16,PT1H,MC-Ternium,2115.92,7775.0
2024-04-14,17,PT1H,MC-Ternium,2458.34,7775.0
2024-04-14,18,PT1H,MC-Ternium,2987.43,7775.0
2024-04-14,19,PT1H,MC-Ternium,3831.62,7775.0
2024-04-14,20,PT1H,MC-Ternium,6941.24,7775.0
2024-04-14,21,PT1H,MC-Ternium,7844.2,7775.0
2024-04-14,22,PT1H,MC-Ternium,7505.85,7775.0
2024-04-14,23,PT1H,MC-Ternium,7344.91,7775.0
2024-04-14,24,PT1H,MC-Ternium,8404.24,7775.0
2024-04-15,1,PT1H,MC-Ternium,7671.17,8535.0
2024-04-15,2,PT1H,MC-Ternium,4311.09,8535.0
2024-04-15,3,PT1H,MC-Ternium,3943.63,8535.0
2024-04-15,4,PT1H,MC-Ternium,4974.53,8535.0
2024-04-15,5,PT1H,MC-Ternium,5663.47,8535.0
2024-04-15,6,PT1H,MC-Ternium,8345.78,8535.0
2024-04-15,7,PT1H,MC-Ternium,7134.74,7786.0
2024-04-15,8,PT1H,MC-Ternium,6932.77,7786.0
2024-04-15,9,PT1H,MC-Ternium,6659.88,7786.0
2024-04-15,10,PT1H,MC-Ternium,6690.6,7786.0
2024-04-15,11,PT1H,MC-Ternium,6110.53,7786.0
2024-04-15,12,PT1H,MC-Ternium,5828.16,7786.0
2024-04-15,13,PT1H,MC-Ternium,4738.05,7786.0
2024-04-15,14,PT1H,MC-Ternium,3351.1,7786.0
2024-04-15,15,PT1H,MC-Ternium,6585.75,8535.0
2024-04-15,16,PT1H,MC-Ternium,6720.96,8535.0
2024-04-15,17,PT1H,MC-Ternium,4829.6,8535.0
2024-04-15,18,PT1H,MC-Ternium,4141.5,8535.0
2024-04-15,19,PT1H,MC-Ternium,5805.0,8535.0
2024-04-15,20,PT1H,MC-Ternium,5178.4,8535.0
2024-04-15,21,PT1H,MC-Ternium,4349.41,8535.0
2024-04-15,22,PT1H,MC-Ternium,4380.44,8535.0
2024-04-15,23,PT1H,MC-Ternium,4741.81,8535.0
2024-04-15,24,PT1H,MC-Ternium,5611.0,8536.0
2024-04-16,1,PT1H,MC-Ternium,5257.22,8535.0
2024-04-16,2,PT1H,MC-Ternium,8231.61,8535.0
2024-04-16,3,PT1H,MC-Ternium,4783.26,8535.0
2024-04-16,4,PT1H,MC-Ternium,4070.48,8535.0
2024-04-16,5,PT1H,MC-Ternium,5489.99,8535.0
2024-04-16,6,PT1H,MC-Ternium,7912.11,8535.0
2024-04-16,7,PT1H,MC-Ternium,6652.77,1600.0
2024-04-16,8,PT1H,MC-Ternium,7430.83,1600.0
2024-04-16,9,PT1H,MC-Ternium,7127.57,1600.0
2024-04-16,10,PT1H,MC-Ternium,5666.56,1600.0
2024-04-16,11,PT1H,MC-Ternium,5491.11,1600.0
2024-04-16,12,PT1H,MC-Ternium,7489.8,1600.0
2024-04-16,13,PT1H,MC-Ternium,5256.99,1600.0
2024-04-16,14,PT1H,MC-Ternium,6576.25,1600.0
2024-04-16,15,PT1H,MC-Ternium,7332.96,7788.0
2024-04-16,16,PT1H,MC-Ternium,2938.17,7788.0
2024-04-16,17,PT1H,MC-Ternium,5465.41,7788.0
2024-04-16,18,PT1H,MC-Ternium,8156.51,7788.0
2024-04-16,19,PT1H,MC-Ternium,3477.25,7788.0
2024-04-16,20,PT1H,MC-Ternium,4687.59,7788.0
2024-04-16,21,PT1H,MC-Ternium,8400.62,7788.0
2024-04-16,22,PT1H,MC-Ternium,4040.33,7788.0
2024-04-16,23,PT1H,MC-Ternium,6120.14,7788.0
2024-04-16,24,PT1H,MC-Ternium,7666.21,7789.0
2024-04-17,1,PT1H,MC-Ternium,7053.02,8535.0
2024-04-17,2,PT1H,MC-Ternium,6398.67,8535.0
2024-04-17,3,PT1H,MC-Ternium,2810.13,8535.0
2024-04-17,4,PT1H,MC-Ternium,6990.3,8535.0
2024-04-17,5,PT1H,MC-Ternium,7556.87,8535.0
2024-04-17,6,PT1H,MC-Ternium,7380.84,8535.0
2024-04-17,7,PT1H,MC-Ternium,7051.18,4389.0
2024-04-17,8,PT1H,MC-Ternium,7654.44,4389.0
2024-04-17,9,PT1H,MC-Ternium,5592.93,4389.0
2024-04-17,10,PT1H,MC-Ternium,7414.13,4389.0
2024-04-17,11,PT1H,MC-Ternium,7796.14,4389.0
2024-04-17,12,PT1H,MC-Ternium,7296.28,4389.0
2024-04-17,13,PT1H,MC-Ternium,7451.53,4389.0
2024-04-17,14,PT1H,MC-Ternium,7640.12,4389.0
2024-04-17,15,PT1H,MC-Ternium,7778.48,7333.0
2024-04-17,16,PT1H,MC-Ternium,5198.89,7333.0
2024-04-17,17,PT1H,MC-Ternium,7576.48,7333.0
2024-04-17,18,PT1H,MC-Ternium,7867.78,7333.0
2024-04-17,19,PT1H,MC-Ternium,8042.03,7333.0
2024-04-17,20,PT1H,MC-Ternium,6729.6,7333.0
2024-04-17,21,PT1H,MC-Ternium,6510.7,7333.0
2024-04-17,22,PT1H,MC-Ternium,7028.58,7333.0
2024-04-17,23,PT1H,MC-Ternium,5633.96,7333.0
2024-04-17,24,PT1H,MC-Ternium,8048.34,7200.0
2024-04-18,1,PT1H,MC-Ternium,6345.85,7333.0
2024-04-18,2,PT1H,MC-Ternium,6663.16,7333.0
2024-04-18,3,PT1H,MC-Ternium,7289.76,7333.0
2024-04-18,4,PT1H,MC-Ternium,3308.74,7333.0
2024-04-18,5,PT1H,MC-Ternium,1995.56,7333.0
2024-04-18,6,PT1H,MC-Ternium,1982.31,7333.0
2024-04-18,7,PT1H,MC-Ternium,1986.83,7333.0
2024-04-18,8,PT1H,MC-Ternium,2067.97,7333.0
2024-04-18,9,PT1H,MC-Ternium,3227.3,7333.0
2024-04-18,10,PT1H,MC-Ternium,4164.66,7333.0
2024-04-18,11,PT1H,MC-Ternium,6084.83,7333.0
2024-04-18,12,PT1H,MC-Ternium,6515.0,7333.0
2024-04-18,13,PT1H,MC-Ternium,6430.89,7333.0
2024-04-18,14,PT1H,MC-Ternium,5711.73,7333.0
2024-04-18,15,PT1H,MC-Ternium,5484.23,7333.0
2024-04-18,16,PT1H,MC-Ternium,6311.62,7333.0
2024-04-18,17,PT1H,MC-Ternium,4627.09,7333.0
2024-04-18,18,PT1H,MC-Ternium,6752.42,7333.0
2024-04-18,19,PT1H,MC-Ternium,6668.62,7333.0
2024-04-18,20,PT1H,MC-Ternium,5853.23,7333.0
2024-04-18,21,PT1H,MC-Ternium,6876.26,7333.0
2024-04-18,22,PT1H,MC-Ternium,5466.22,7333.0
2024-04-18,23,PT1H,MC-Ternium,7758.81,7333.0
2024-04-18,24,PT1H,MC-Ternium,5343.08,7200.0
2024-04-19,1,PT1H,MC-Ternium,4836.7,7333.0
2024-04-19,2,PT1H,MC-Ternium,6839.01,7333.0
2024-04-19,3,PT1H,MC-Ternium,5005.21,7333.0
2024-04-19,4,PT1H,MC-Ternium,7274.03,7333.0
2024-04-19,5,PT1H,MC-Ternium,6712.94,7333.0
2024-04-19,6,PT1H,MC-Ternium,6904.33,7333.0
2024-04-19,7,PT1H,MC-Ternium,6086.06,7333.0
2024-04-19,8,PT1H,MC-Ternium,6392.22,7333.0
2024-04-19,9,PT1H,MC-Ternium,3798.8,7333.0
2024-04-19,10,PT1H,MC-Ternium,5504.63,7333.0
2024-04-19,11,PT1H,MC-Ternium,5660.58,7333.0
2024-04-19,12,PT1H,MC-Ternium,6591.35,7333.0
2024-04-19,13,PT1H,MC-Ternium,7003.04,7333.0
2024-04-19,14,PT1H,MC-Ternium,5691.01,7333.0
2024-04-19,15,PT1H,MC-Ternium,5685.62,7333.0
2024-04-19,16,PT1H,MC-Ternium,6792.08,7333.0
2024-04-19,17,PT1H,MC-Ternium,5644.8,7333.0
2024-04-19,18,PT1H,MC-Ternium,6094.08,7333.0
2024-04-19,19,PT1H,MC-Ternium,6418.11,7333.0
2024-04-19,20,PT1H,MC-Ternium,5340.46,7333.0
2024-04-19,21,PT1H,MC-Ternium,5225.3,7333.0
2024-04-19,22,PT1H,MC-Ternium,5676.92,7333.0
2024-04-19,23,PT1H,MC-Ternium,5234.76,7200.0
2024-04-19,24,PT1H,MC-Ternium,3013.17,7333.0
2024-04-20,1,PT1H,MC-Ternium,6025.51,10423.0
2024-04-20,2,PT1H,MC-Ternium,5197.89,10423.0
2024-04-20,3,PT1H,MC-Ternium,5441.09,10423.0
2024-04-20,4,PT1H,MC-Ternium,5674.49,10423.0
2024-04-20,5,PT1H,MC-Ternium,6140.16,10423.0
2024-04-20,6,PT1H,MC-Ternium,5837.11,10423.0
2024-04-20,7,PT1H,MC-Ternium,5459.58,10423.0
2024-04-20,8,PT1H,MC-Ternium,5764.41,10423.0
2024-04-20,9,PT1H,MC-Ternium,5088.38,10423.0
2024-04-20,10,PT1H,MC-Ternium,6934.08,10423.0
2024-04-20,11,PT1H,MC-Ternium,6255.75,10423.0
2024-04-20,12,PT1H,MC-Ternium,6303.36,10423.0
2024-04-20,13,PT1H,MC-Ternium,4477.65,10423.0
2024-04-20,14,PT1H,MC-Ternium,4555.11,10423.0
2024-04-20,15,PT1H,MC-Ternium,6399.69,10423.0
2024-04-20,16,PT1H,MC-Ternium,6322.77,10423.0
2024-04-20,17,PT1H,MC-Ternium,6925.45,10423.0
2024-04-20,18,PT1H,MC-Ternium,6251.16,10423.0
2024-04-20,19,PT1H,MC-Ternium,5946.37,10423.0
2024-04-20,20,PT1H,MC-Ternium,6616.99,10423.0
2024-04-20,21,PT1H,MC-Ternium,5740.16,10423.0
2024-04-20,22,PT1H,MC-Ternium,2939.6,10423.0
2024-04-20,23,PT1H,MC-Ternium,6242.39,10423.0
2024-04-20,24,PT1H,MC-Ternium,4678.44,10423.0
2024-04-21,1,PT1H,MC-Ternium,6358.35,10423.0
2024-04-21,2,PT1H,MC-Ternium,7201.05,10423.0
2024-04-21,3,PT1H,MC-Ternium,7149.32,10423.0
2024-04-21,4,PT1H,MC-Ternium,4397.95,10423.0
2024-04-21,5,PT1H,MC-Ternium,4209.46,10423.0
2024-04-21,6,PT1H,MC-Ternium,3205.28,10423.0
2024-04-21,7,PT1H,MC-Ternium,3089.15,9511.0
2024-04-21,8,PT1H,MC-Ternium,4834.36,9511.0
2024-04-21,9,PT1H,MC-Ternium,6473.41,9511.0
2024-04-21,10,PT1H,MC-Ternium,5760.45,9511.0
2024-04-21,11,PT1H,MC-Ternium,5786.58,9511.0
2024-04-21,12,PT1H,MC-Ternium,5825.26,9511.0
2024-04-21,13,PT1H,MC-Ternium,5881.39,9511.0
2024-04-21,14,PT1H,MC-Ternium,6418.63,9511.0
2024-04-21,15,PT1H,MC-Ternium,5609.93,10423.0
2024-04-21,16,PT1H,MC-Ternium,6807.43,10423.0
2024-04-21,17,PT1H,MC-Ternium,5951.04,10423.0
2024-04-21,18,PT1H,MC-Ternium,6669.6,10423.0
2024-04-21,19,PT1H,MC-Ternium,6256.61,10423.0
2024-04-21,20,PT1H,MC-Ternium,4530.17,10423.0
2024-04-21,21,PT1H,MC-Ternium,4418.15,10423.0
2024-04-21,22,PT1H,MC-Ternium,5280.87,10423.0
2024-04-21,23,PT1H,MC-Ternium,5177.67,10423.0
2024-04-21,24,PT1H,MC-Ternium,5891.84,10423.0
2024-04-22,1,PT1H,MC-Ternium,6349.97,10423.0
2024-04-22,2,PT1H,MC-Ternium,5076.34,10423.0
2024-04-22,3,PT1H,MC-Ternium,5279.14,10423.0
2024-04-22,4,PT1H,MC-Ternium,6540.5,10423.0
2024-04-22,5,PT1H,MC-Ternium,6860.2,10423.0
2024-04-22,6,PT1H,MC-Ternium,6885.58,10423.0
2024-04-22,7,PT1H,MC-Ternium,5960.21,9511.0
2024-04-22,8,PT1H,MC-Ternium,6252.9,9511.0
2024-04-22,9,PT1H,MC-Ternium,3083.42,9511.0
2024-04-22,10,PT1H,MC-Ternium,1632.11,9511.0
2024-04-22,11,PT1H,MC-Ternium,1628.22,9511.0
2024-04-22,12,PT1H,MC-Ternium,1661.07,9511.0
2024-04-22,13,PT1H,MC-Ternium,2257.68,9511.0
2024-04-22,14,PT1H,MC-Ternium,3020.46,9511.0
2024-04-22,15,PT1H,MC-Ternium,4224.94,10423.0
2024-04-22,16,PT1H,MC-Ternium,4477.66,10423.0
2024-04-22,17,PT1H,MC-Ternium,4166.54,10423.0
2024-04-22,18,PT1H,MC-Ternium,5773.05,10423.0
2024-04-22,19,PT1H,MC-Ternium,6323.19,10423.0
2024-04-22,20,PT1H,MC-Ternium,3513.22,10423.0
2024-04-22,21,PT1H,MC-Ternium,3442.09,10423.0
2024-04-22,22,PT1H,MC-Ternium,4958.68,10423.0
2024-04-22,23,PT1H,MC-Ternium,4608.35,10423.0
2024-04-22,24,PT1H,MC-Ternium,3412.26,10423.0
2024-04-23,1,PT1H,MC-Ternium,5296.96,10423.0
2024-04-23,2,PT1H,MC-Ternium,4760.95,10423.0
2024-04-23,3,PT1H,MC-Ternium,5014.67,10423.0
2024-04-23,4,PT1H,MC-Ternium,5511.98,10423.0
2024-04-23,5,PT1H,MC-Ternium,3522.79,10423.0
2024-04-23,6,PT1H,MC-Ternium,4694.12,10423.0
2024-04-23,7,PT1H,MC-Ternium,5775.95,2476.0
2024-04-23,8,PT1H,MC-Ternium,5424.36,2476.0
2024-04-23,9,PT1H,MC-Ternium,4162.73,2476.0
2024-04-23,10,PT1H,MC-Ternium,6348.75,2476.0
2024-04-23,11,PT1H,MC-Ternium,5073.65,2476.0
2024-04-23,12,PT1H,MC-Ternium,6349.81,2476.0
2024-04-23,13,PT1H,MC-Ternium,4653.88,2476.0
2024-04-23,14,PT1H,MC-Ternium,6653.28,2476.0
2024-04-23,15,PT1H,MC-Ternium,5447.39,7349.0
2024-04-23,16,PT1H,MC-Ternium,4985.72,7349.0
2024-04-23,17,PT1H,MC-Ternium,6422.08,7349.0
2024-04-23,18,PT1H,MC-Ternium,6045.6,7349.0
2024-04-23,19,PT1H,MC-Ternium,7777.02,7349.0
2024-04-23,20,PT1H,MC-Ternium,7286.01,7349.0
2024-04-23,21,PT1H,MC-Ternium,6576.59,7349.0
2024-04-23,22,PT1H,MC-Ternium,6524.58,7349.0
2024-04-23,23,PT1H,MC-Ternium,5073.14,7349.0
2024-04-23,24,PT1H,MC-Ternium,5344.95,7350.0
2024-04-24,1,PT1H,MC-Ternium,6214.16,7349.0
2024-04-24,2,PT1H,MC-Ternium,5559.15,7349.0
2024-04-24,3,PT1H,MC-Ternium,5380.96,7349.0
2024-04-24,4,PT1H,MC-Ternium,6856.7,7349.0
2024-04-24,5,PT1H,MC-Ternium,6592.66,7349.0
2024-04-24,6,PT1H,MC-Ternium,6521.61,7349.0
2024-04-24,7,PT1H,MC-Ternium,4268.59,6706.0
2024-04-24,8,PT1H,MC-Ternium,5741.72,6706.0
2024-04-24,9,PT1H,MC-Ternium,7306.39,6706.0
2024-04-24,10,PT1H,MC-Ternium,4463.56,6706.0
2024-04-24,11,PT1H,MC-Ternium,6740.08,6706.0
2024-04-24,12,PT1H,MC-Ternium,4323.08,6706.0
2024-04-24,13,PT1H,MC-Ternium,3292.78,6706.0
2024-04-24,14,PT1H,MC-Ternium,6302.13,6706.0
2024-04-24,15,PT1H,MC-Ternium,6263.81,7349.0
2024-04-24,16,PT1H,MC-Ternium,5490.43,7349.0
2024-04-24,17,PT1H,MC-Ternium,5805.01,7349.0
2024-04-24,18,PT1H,MC-Ternium,6223.27,7349.0
2024-04-24,19,PT1H,MC-Ternium,7462.42,7349.0
2024-04-24,20,PT1H,MC-Ternium,7338.73,7349.0
2024-04-24,21,PT1H,MC-Ternium,4714.8,7349.0
2024-04-24,22,PT1H,MC-Ternium,5609.43,7349.0
2024-04-24,23,PT1H,MC-Ternium,3506.07,7349.0
2024-04-24,24,PT1H,MC-Ternium,6047.31,7200.0
2024-04-25,1,PT1H,MC-Ternium,3801.04,7349.0
2024-04-25,2,PT1H,MC-Ternium,4381.88,7349.0
2024-04-25,3,PT1H,MC-Ternium,4765.69,7349.0
2024-04-25,4,PT1H,MC-Ternium,4111.59,7349.0
2024-04-25,5,PT1H,MC-Ternium,4919.64,7349.0
2024-04-25,6,PT1H,MC-Ternium,5113.59,7349.0
2024-04-25,7,PT1H,MC-Ternium,5372.64,7349.0
2024-04-25,8,PT1H,MC-Ternium,8023.69,7349.0
2024-04-25,9,PT1H,MC-Ternium,3189.48,7349.0
2024-04-25,10,PT1H,MC-Ternium,1730.28,7349.0
2024-04-25,11,PT1H,MC-Ternium,2600.14,7349.0
2024-04-25,12,PT1H,MC-Ternium,4060.55,7349.0
2024-04-25,13,PT1H,MC-Ternium,6521.97,7349.0
2024-04-25,14,PT1H,MC-Ternium,6036.24,7349.0
2024-04-25,15,PT1H,MC-Ternium,7946.17,7349.0
2024-04-25,16,PT1H,MC-Ternium,7667.23,7349.0
2024-04-25,17,PT1H,MC-Ternium,8130.82,7349.0
2024-04-25,18,PT1H,MC-Ternium,8617.1,7349.0
2024-04-25,19,PT1H,MC-Ternium,7625.6,7349.0
2024-04-25,20,PT1H,MC-Ternium,6301.27,7349.0
2024-04-25,21,PT1H,MC-Ternium,5908.12,7349.0
2024-04-25,22,PT1H,MC-Ternium,7830.81,7349.0
2024-04-25,23,PT1H,MC-Ternium,8602.17,7349.0
2024-04-25,24,PT1H,MC-Ternium,7422.36,7200.0
2024-04-26,1,PT1H,MC-Ternium,7690.57,7349.0
2024-04-26,2,PT1H,MC-Ternium,8068.31,7349.0
2024-04-26,3,PT1H,MC-Ternium,6291.28,7349.0
2024-04-26,4,PT1H,MC-Ternium,7368.77,7349.0
2024-04-26,5,PT1H,MC-Ternium,7792.96,7349.0
2024-04-26,6,PT1H,MC-Ternium,6715.94,7349.0
2024-04-26,7,PT1H,MC-Ternium,6113.76,6706.0
2024-04-26,8,PT1H,MC-Ternium,6901.04,6706.0
2024-04-26,9,PT1H,MC-Ternium,5942.68,6706.0
2024-04-26,10,PT1H,MC-Ternium,7336.09,6706.0
2024-04-26,11,PT1H,MC-Ternium,7662.94,6706.0
2024-04-26,12,PT1H,MC-Ternium,7393.49,6706.0
2024-04-26,13,PT1H,MC-Ternium,8341.73,6706.0
2024-04-26,14,PT1H,MC-Ternium,7777.6,6706.0
2024-04-26,15,PT1H,MC-Ternium,5177.17,7349.0
2024-04-26,16,PT1H,MC-Ternium,5976.28,7349.0
2024-04-26,17,PT1H,MC-Ternium,4245.38,7349.0
2024-04-26,18,PT1H,MC-Ternium,6474.64,7349.0
2024-04-26,19,PT1H,MC-Ternium,8107.9,7349.0
2024-04-26,20,PT1H,MC-Ternium,7027.39,7349.0
2024-04-26,21,PT1H,MC-Ternium,5135.23,7349.0
2024-04-26,22,PT1H,MC-Ternium,5146.15,7349.0
2024-04-26,23,PT1H,MC-Ternium,5128.82,7349.0
2024-04-26,24,PT1H,MC-Ternium,5575.7,7200.0
2024-04-27,1,PT1H,MC-Ternium,5219.08,7349.0
2024-04-27,2,PT1H,MC-Ternium,6754.09,7349.0
2024-04-27,3,PT1H,MC-Ternium,5365.92,7349.0
2024-04-27,4,PT1H,MC-Ternium,5598.51,7349.0
2024-04-27,5,PT1H,MC-Ternium,3878.04,7349.0
2024-04-27,6,PT1H,MC-Ternium,5770.21,7349.0
2024-04-27,7,PT1H,MC-Ternium,5634.5,7349.0
2024-04-27,8,PT1H,MC-Ternium,5289.96,7349.0
2024-04-27,9,PT1H,MC-Ternium,5509.22,7349.0
2024-04-27,10,PT1H,MC-Ternium,6290.06,7349.0
2024-04-27,11,PT1H,MC-Ternium,7566.19,7349.0
2024-04-27,12,PT1H,MC-Ternium,5192.75,7349.0
2024-04-27,13,PT1H,MC-Ternium,1841.78,7349.0
2024-04-27,14,PT1H,MC-Ternium,1738.77,7349.0
2024-04-27,15,PT1H,MC-Ternium,2947.22,7349.0
2024-04-27,16,PT1H,MC-Ternium,2573.07,7349.0
2024-04-27,17,PT1H,MC-Ternium,2912.85,7349.0
2024-04-27,18,PT1H,MC-Ternium,3082.73,7349.0
2024-04-27,19,PT1H,MC-Ternium,3063.9,7349.0
2024-04-27,20,PT1H,MC-Ternium,4020.3,7349.0
2024-04-27,21,PT1H,MC-Ternium,6341.18,7349.0
2024-04-27,22,PT1H,MC-Ternium,6112.46,7349.0
2024-04-27,23,PT1H,MC-Ternium,6794.63,7349.0
2024-04-27,24,PT1H,MC-Ternium,4749.52,7200.0
2024-04-28,1,PT1H,MC-Ternium,6907.19,7349.0
2024-04-28,2,PT1H,MC-Ternium,7063.58,7349.0
2024-04-28,3,PT1H,MC-Ternium,6991.96,7349.0
2024-04-28,4,PT1H,MC-Ternium,7049.38,7349.0
2024-04-28,5,PT1H,MC-Ternium,6712.1,7349.0
2024-04-28,6,PT1H,MC-Ternium,5804.2,7349.0
2024-04-28,7,PT1H,MC-Ternium,5190.36,3106.0
2024-04-28,8,PT1H,MC-Ternium,6764.26,3106.0
2024-04-28,9,PT1H,MC-Ternium,7200.56,3106.0
2024-04-28,10,PT1H,MC-Ternium,7385.39,3106.0
2024-04-28,11,PT1H,MC-Ternium,5077.48,3106.0
2024-04-28,12,PT1H,MC-Ternium,7254.51,3106.0
2024-04-28,13,PT1H,MC-Ternium,7130.54,3106.0
2024-04-28,14,PT1H,MC-Ternium,7329.36,3106.0
2024-04-28,15,PT1H,MC-Ternium,6749.25,7349.0
2024-04-28,16,PT1H,MC-Ternium,7303.49,6288.0
2024-04-28,17,PT1H,MC-Ternium,7015.97,6288.0
2024-04-28,18,PT1H,MC-Ternium,6106.54,6288.0
2024-04-28,19,PT1H,MC-Ternium,6504.48,6288.0
2024-04-28,20,PT1H,MC-Ternium,7108.52,6288.0
2024-04-28,21,PT1H,MC-Ternium,7110.88,6288.0
2024-04-28,22,PT1H,MC-Ternium,7238.48,6288.0
2024-04-28,23,PT1H,MC-Ternium,7161.18,6288.0
2024-04-28,24,PT1H,MC-Ternium,4868.92,6100.0
2024-04-29,1,PT1H,MC-Ternium,6929.71,7671.17
2024-04-29,2,PT1H,MC-Ternium,7197.76,4311.09
2024-04-29,3,PT1H,MC-Ternium,5564.57,3943.63
2024-04-29,4,PT1H,MC-Ternium,4651.33,4974.53
2024-04-29,5,PT1H,MC-Ternium,6564.57,5663.47
2024-04-29,6,PT1H,MC-Ternium,7104.83,8345.78
2024-04-29,7,PT1H,MC-Ternium,7174.69,7134.74
2024-04-29,8,PT1H,MC-Ternium,7044.3,6932.77
2024-04-29,9,PT1H,MC-Ternium,4810.74,6659.88
2024-04-29,10,PT1H,MC-Ternium,5653.92,6690.6
2024-04-29,11,PT1H,MC-Ternium,6844.34,6110.53
2024-04-29,12,PT1H,MC-Ternium,6707.97,5828.16
2024-04-29,13,PT1H,MC-Ternium,6323.04,4738.05
2024-04-29,14,PT1H,MC-Ternium,6979.9,3351.1
2024-04-29,15,PT1H,MC-Ternium,5196.88,6585.75
2024-04-29,16,PT1H,MC-Ternium,7142.69,6720.96
2024-04-29,17,PT1H,MC-Ternium,7097.9,4829.6
2024-04-29,18,PT1H,MC-Ternium,6926.79,5040.0
2024-04-29,19,PT1H,MC-Ternium,6144.09,5040.0
2024-04-29,20,PT1H,MC-Ternium,6966.63,5040.0
2024-04-29,21,PT1H,MC-Ternium,7190.24,5040.0
2024-04-29,22,PT1H,MC-Ternium,6737.31,4380.44
2024-04-29,23,PT1H,MC-Ternium,5441.9,4741.81
2024-04-29,24,PT1H,MC-Ternium,5276.53,5611.0
2024-04-30,1,PT1H,MC-Ternium,6809.94,6706.0
2024-04-30,2,PT1H,MC-Ternium,5153.28,6706.0
2024-04-30,3,PT1H,MC-Ternium,5599.36,6706.0
2024-04-30,4,PT1H,MC-Ternium,6862.32,6706.0
2024-04-30,5,PT1H,MC-Ternium,5328.12,6706.0
2024-04-30,6,PT1H,MC-Ternium,6440.26,6706.0
2024-04-30,7,PT1H,MC-Ternium,6673.08,6706.0
2024-04-30,8,PT1H,MC-Ternium,6054.4,6706.0
2024-04-30,9,PT1H,MC-Ternium,5308.85,6706.0
2024-04-30,10,PT1H,MC-Ternium,6989.43,6706.0
2024-04-30,11,PT1H,MC-Ternium,5069.49,7349.0
2024-04-30,12,PT1H,MC-Ternium,5629.02,7349.0
2024-04-30,13,PT1H,MC-Ternium,5154.58,7349.0
2024-04-30,14,PT1H,MC-Ternium,3247.37,7349.0
2024-04-30,15,PT1H,MC-Ternium,4276.82,7349.0
2024-04-30,16,PT1H,MC-Ternium,6241.14,7349.0
2024-04-30,17,PT1H,MC-Ternium,6874.09,7349.0
2024-04-30,18,PT1H,MC-Ternium,6941.66,7349.0
2024-04-30,19,PT1H,MC-Ternium,7122.79,7349.0
2024-04-30,20,PT1H,MC-Ternium,5147.0,7349.0
2024-04-30,21,PT1H,MC-Ternium,5230.31,7349.0
2024-04-30,22,PT1H,MC-Ternium,6175.86,7349.0
2024-04-30,23,PT1H,MC-Ternium,4928.48,7349.0
2024-04-30,24,PT1H,MC-Ternium,5522.41,7349.0
2024-05-01,1,PT1H,MC-Ternium,6824.35,4378.5
2024-05-01,2,PT1H,MC-Ternium,6594.71,4378.5
2024-05-01,3,PT1H,MC-Ternium,6788.3,4378.5
2024-05-01,4,PT1H,MC-Ternium,6904.98,4378.5
2024-05-01,5,PT1H,MC-Ternium,5182.85,4378.5
2024-05-01,6,PT1H,MC-Ternium,4295.04,4378.5
2024-05-01,7,PT1H,MC-Ternium,6709.38,4378.5
2024-05-01,8,PT1H,MC-Ternium,6658.6,4378.5
2024-05-01,9,PT1H,MC-Ternium,3074.42,4378.5
2024-05-01,10,PT1H,MC-Ternium,1629.74,4378.5
2024-05-01,11,PT1H,MC-Ternium,1668.99,4378.5
2024-05-01,12,PT1H,MC-Ternium,2875.18,4378.5
2024-05-01,13,PT1H,MC-Ternium,3013.08,4378.5
2024-05-01,14,PT1H,MC-Ternium,2117.31,4378.5
2024-05-01,15,PT1H,MC-Ternium,2422.13,4378.5
2024-05-01,16,PT1H,MC-Ternium,3058.5,4378.5
2024-05-01,17,PT1H,MC-Ternium,3095.23,4378.5
2024-05-01,18,PT1H,MC-Ternium,4626.83,4378.5
2024-05-01,19,PT1H,MC-Ternium,2868.28,4378.5
2024-05-01,20,PT1H,MC-Ternium,2410.75,4378.5
2024-05-01,21,PT1H,MC-Ternium,4494.52,4378.5
2024-05-01,22,PT1H,MC-Ternium,2481.55,4378.5
2024-05-01,23,PT1H,MC-Ternium,4661.13,4378.5
2024-05-01,24,PT1H,MC-Ternium,4282.54,4378.5
2024-05-02,1,PT1H,MC-Ternium,3679.05,6442.75
2024-05-02,2,PT1H,MC-Ternium,3711.89,6442.75
2024-05-02,3,PT1H,MC-Ternium,4528.28,6442.75
2024-05-02,4,PT1H,MC-Ternium,3100.19,6442.75
2024-05-02,5,PT1H,MC-Ternium,2067.72,6442.75
2024-05-02,6,PT1H,MC-Ternium,4027.21,6442.75
2024-05-02,7,PT1H,MC-Ternium,5463.99,6442.75
2024-05-02,8,PT1H,MC-Ternium,4903.16,6442.75
2024-05-02,9,PT1H,MC-Ternium,5778.02,6442.75
2024-05-02,10,PT1H,MC-Ternium,5876.36,6442.75
2024-05-02,11,PT1H,MC-Ternium,5624.61,6442.75
2024-05-02,12,PT1H,MC-Ternium,4470.53,6442.75
2024-05-02,13,PT1H,MC-Ternium,3264.86,6442.75
2024-05-02,14,PT1H,MC-Ternium,4882.95,6442.75
2024-05-02,15,PT1H,MC-Ternium,4670.97,6442.75
2024-05-02,16,PT1H,MC-Ternium,4115.01,6442.75
2024-05-02,17,PT1H,MC-Ternium,4433.6,6442.75
2024-05-02,18,PT1H,MC-Ternium,5391.97,6442.75
2024-05-02,19,PT1H,MC-Ternium,5529.02,6442.75
2024-05-02,20,PT1H,MC-Ternium,3156.79,6442.75
2024-05-02,21,PT1H,MC-Ternium,5634.73,6442.75
2024-05-02,22,PT1H,MC-Ternium,5300.19,6442.75
2024-05-02,23,PT1H,MC-Ternium,5508.94,6442.75
2024-05-02,24,PT1H,MC-Ternium,6722.71,6300.0
2024-05-03,1,PT1H,MC-Ternium,5952.63,6936.42
2024-05-03,2,PT1H,MC-Ternium,4502.4,6936.42
2024-05-03,3,PT1H,MC-Ternium,5940.13,6936.42
2024-05-03,4,PT1H,MC-Ternium,6323.06,6936.42
2024-05-03,5,PT1H,MC-Ternium,5865.76,6936.42
2024-05-03,6,PT1H,MC-Ternium,5779.44,6936.42
2024-05-03,7,PT1H,MC-Ternium,4742.06,6936.42
2024-05-03,8,PT1H,MC-Ternium,5494.22,6936.42
2024-05-03,9,PT1H,MC-Ternium,4653.41,6936.42
2024-05-03,10,PT1H,MC-Ternium,1665.58,6936.42
2024-05-03,11,PT1H,MC-Ternium,1727.3,6936.42
2024-05-03,12,PT1H,MC-Ternium,2587.41,6936.42
2024-05-03,13,PT1H,MC-Ternium,3493.92,6936.42
2024-05-03,14,PT1H,MC-Ternium,4151.19,6936.42
2024-05-03,15,PT1H,MC-Ternium,4727.33,6936.42
2024-05-03,16,PT1H,MC-Ternium,4901.18,6936.42
2024-05-03,17,PT1H,MC-Ternium,4452.88,6936.42
2024-05-03,18,PT1H,MC-Ternium,5660.46,6936.42
2024-05-03,19,PT1H,MC-Ternium,5665.2,6936.42
2024-05-03,20,PT1H,MC-Ternium,6049.13,6936.42
2024-05-03,21,PT1H,MC-Ternium,6720.79,6936.42
2024-05-03,22,PT1H,MC-Ternium,5665.79,6936.42
2024-05-03,23,PT1H,MC-Ternium,5097.37,6936.42
2024-05-03,24,PT1H,MC-Ternium,6697.76,6936.41
2024-05-04,1,PT1H,MC-Ternium,6097.29,7144.83
2024-05-04,2,PT1H,MC-Ternium,6619.76,7144.83
2024-05-04,3,PT1H,MC-Ternium,5494.5,7144.83
2024-05-04,4,PT1H,MC-Ternium,6462.8,7144.83
2024-05-04,5,PT1H,MC-Ternium,6754.6,7144.83
2024-05-04,6,PT1H,MC-Ternium,5982.16,7144.83
2024-05-04,7,PT1H,MC-Ternium,7106.75,7144.83
2024-05-04,8,PT1H,MC-Ternium,6934.03,7144.83
2024-05-04,9,PT1H,MC-Ternium,7077.19,7144.83
2024-05-04,10,PT1H,MC-Ternium,5552.08,7144.83
2024-05-04,11,PT1H,MC-Ternium,6496.6,7144.83
2024-05-04,12,PT1H,MC-Ternium,6408.95,7144.83
2024-05-04,13,PT1H,MC-Ternium,6970.87,7144.83
2024-05-04,14,PT1H,MC-Ternium,7009.76,7144.83
2024-05-04,15,PT1H,MC-Ternium,6567.81,7144.83
2024-05-04,16,PT1H,MC-Ternium,4594.05,7144.83
2024-05-04,17,PT1H,MC-Ternium,6899.07,7144.83
2024-05-04,18,PT1H,MC-Ternium,4343.45,7144.83
2024-05-04,19,PT1H,MC-Ternium,6708.24,7144.83
2024-05-04,20,PT1H,MC-Ternium,6616.05,7144.83
2024-05-04,21,PT1H,MC-Ternium,6941.9,7144.83
2024-05-04,22,PT1H,MC-Ternium,6596.04,7144.83
2024-05-04,23,PT1H,MC-Ternium,6795.62,7144.83
2024-05-04,24,PT1H,MC-Ternium,6800.37,7000.0
2024-05-05,1,PT1H,MC-Ternium,6615.02,6936.42
2024-05-05,2,PT1H,MC-Ternium,6619.25,6936.42
2024-05-05,3,PT1H,MC-Ternium,6966.45,6936.42
2024-05-05,4,PT1H,MC-Ternium,6668.02,6936.42
2024-05-05,5,PT1H,MC-Ternium,6141.39,6936.42
2024-05-05,6,PT1H,MC-Ternium,6401.0,6936.42
2024-05-05,7,PT1H,MC-Ternium,6430.58,6936.42
2024-05-05,8,PT1H,MC-Ternium,6637.62,6936.42
2024-05-05,9,PT1H,MC-Ternium,6919.12,6936.42
2024-05-05,10,PT1H,MC-Ternium,6891.22,6936.42
2024-05-05,11,PT1H,MC-Ternium,7055.65,6936.42
2024-05-05,12,PT1H,MC-Ternium,6855.43,6936.42
2024-05-05,13,PT1H,MC-Ternium,6324.97,6936.42
2024-05-05,14,PT1H,MC-Ternium,6211.19,6936.42
2024-05-05,15,PT1H,MC-Ternium,5268.47,6936.42
2024-05-05,16,PT1H,MC-Ternium,6496.83,6936.42
2024-05-05,17,PT1H,MC-Ternium,6759.12,6936.42
2024-05-05,18,PT1H,MC-Ternium,6733.34,6936.42
2024-05-05,19,PT1H,MC-Ternium,7033.46,6936.42
2024-05-05,20,PT1H,MC-Ternium,7065.01,6936.42
2024-05-05,21,PT1H,MC-Ternium,7254.81,6936.42
2024-05-05,22,PT1H,MC-Ternium,6495.99,6936.42
2024-05-05,23,PT1H,MC-Ternium,7099.96,6936.42
2024-05-05,24,PT1H,MC-Ternium,6649.31,6800.0
2024-05-06,1,PT1H,MC-Ternium,4460.06,7145.0
2024-05-06,2,PT1H,MC-Ternium,7062.0,7145.0
2024-05-06,3,PT1H,MC-Ternium,5552.89,7145.0
2024-05-06,4,PT1H,MC-Ternium,6344.54,7145.0
2024-05-06,5,PT1H,MC-Ternium,6256.35,7145.0
2024-05-06,6,PT1H,MC-Ternium,5029.96,7145.0
2024-05-06,7,PT1H,MC-Ternium,4714.06,6252.0
2024-05-06,8,PT1H,MC-Ternium,5128.62,6252.0
2024-05-06,9,PT1H,MC-Ternium,6325.48,6252.0
2024-05-06,10,PT1H,MC-Ternium,6549.8,6252.0
2024-05-06,11,PT1H,MC-Ternium,6062.46,6252.0
2024-05-06,12,PT1H,MC-Ternium,5467.67,6252.0
2024-05-06,13,PT1H,MC-Ternium,6587.38,6252.0
2024-05-06,14,PT1H,MC-Ternium,5579.8,6252.0
2024-05-06,15,PT1H,MC-Ternium,6581.88,7145.0
2024-05-06,16,PT1H,MC-Ternium,6277.74,7145.0
2024-05-06,17,PT1H,MC-Ternium,4790.0,7145.0
2024-05-06,18,PT1H,MC-Ternium,5703.84,7145.0
2024-05-06,19,PT1H,MC-Ternium,3991.47,7145.0
2024-05-06,20,PT1H,MC-Ternium,3942.54,7145.0
2024-05-06,21,PT1H,MC-Ternium,4205.28,7145.0
2024-05-06,22,PT1H,MC-Ternium,6016.34,7145.0
2024-05-06,23,PT1H,MC-Ternium,6410.37,7145.0
2024-05-06,24,PT1H,MC-Ternium,6252.78,7145.01
2024-05-07,1,PT1H,MC-Ternium,6417.06,7145.0
2024-05-07,2,PT1H,MC-Ternium,6505.98,7145.0
2024-05-07,3,PT1H,MC-Ternium,5063.89,7145.0
2024-05-07,4,PT1H,MC-Ternium,4706.95,7145.0
2024-05-07,5,PT1H,MC-Ternium,5617.14,7145.0
2024-05-07,6,PT1H,MC-Ternium,6915.78,7145.0
2024-05-07,7,PT1H,MC-Ternium,5761.82,6250.0
2024-05-07,8,PT1H,MC-Ternium,6919.29,6250.0
2024-05-07,9,PT1H,MC-Ternium,6323.64,6250.0
2024-05-07,10,PT1H,MC-Ternium,6979.68,6250.0
2024-05-07,11,PT1H,MC-Ternium,6501.53,6250.0
2024-05-07,12,PT1H,MC-Ternium,6593.51,6250.0
2024-05-07,13,PT1H,MC-Ternium,6819.15,6250.0
2024-05-07,14,PT1H,MC-Ternium,6662.3,6250.0
2024-05-07,15,PT1H,MC-Ternium,6873.99,7145.0
2024-05-07,16,PT1H,MC-Ternium,5204.7,7145.0
2024-05-07,17,PT1H,MC-Ternium,6420.29,7145.0
2024-05-07,18,PT1H,MC-Ternium,6875.98,7145.0
2024-05-07,19,PT1H,MC-Ternium,5881.75,7145.0
2024-05-07,20,PT1H,MC-Ternium,4133.15,7145.0
2024-05-07,21,PT1H,MC-Ternium,4183.02,7145.0
2024-05-07,22,PT1H,MC-Ternium,6385.3,7145.0
2024-05-07,23,PT1H,MC-Ternium,6573.49,7145.0
2024-05-07,24,PT1H,MC-Ternium,7041.85,7145.01
2024-05-08,1,PT1H,MC-Ternium,6773.52,7145.0
2024-05-08,2,PT1H,MC-Ternium,6435.11,7145.0
2024-05-08,3,PT1H,MC-Ternium,6876.94,7145.0
2024-05-08,4,PT1H,MC-Ternium,4639.89,7145.0
2024-05-08,5,PT1H,MC-Ternium,6362.72,7145.0
2024-05-08,6,PT1H,MC-Ternium,6844.04,7145.0
2024-05-08,7,PT1H,MC-Ternium,4878.69,4154.0
2024-05-08,8,PT1H,MC-Ternium,5179.73,4154.0
2024-05-08,9,PT1H,MC-Ternium,5587.0,4154.0
2024-05-08,10,PT1H,MC-Ternium,5697.86,4154.0
2024-05-08,11,PT1H,MC-Ternium,6428.65,4154.0
2024-05-08,12,PT1H,MC-Ternium,3915.59,4154.0
2024-05-08,13,PT1H,MC-Ternium,1885.58,4154.0
2024-05-08,14,PT1H,MC-Ternium,2679.95,4154.0
2024-05-08,15,PT1H,MC-Ternium,3846.46,7225.0
2024-05-08,16,PT1H,MC-Ternium,4990.64,7225.0
2024-05-08,17,PT1H,MC-Ternium,6852.46,7225.0
2024-05-08,18,PT1H,MC-Ternium,7569.1,7225.0
2024-05-08,19,PT1H,MC-Ternium,5448.75,7225.0
2024-05-08,20,PT1H,MC-Ternium,3298.41,7225.0
2024-05-08,21,PT1H,MC-Ternium,4244.57,7225.0
2024-05-08,22,PT1H,MC-Ternium,3280.76,7225.0
2024-05-08,23,PT1H,MC-Ternium,6456.83,7225.0
2024-05-08,24,PT1H,MC-Ternium,5485.15,7200.0
2024-05-09,1,PT1H,MC-Ternium,7164.72,7225.0
2024-05-09,2,PT1H,MC-Ternium,8197.11,7225.0
2024-05-09,3,PT1H,MC-Ternium,5159.57,7225.0
2024-05-09,4,PT1H,MC-Ternium,6909.16,7225.0
2024-05-09,5,PT1H,MC-Ternium,6226.39,7225.0
2024-05-09,6,PT1H,MC-Ternium,6333.94,7225.0
2024-05-09,7,PT1H,MC-Ternium,7174.06,7225.0
2024-05-09,8,PT1H,MC-Ternium,7055.65,7225.0
2024-05-09,9,PT1H,MC-Ternium,5309.58,7225.0
2024-05-09,10,PT1H,MC-Ternium,7578.97,7225.0
2024-05-09,11,PT1H,MC-Ternium,6476.87,7225.0
2024-05-09,12,PT1H,MC-Ternium,4816.96,7225.0
2024-05-09,13,PT1H,MC-Ternium,6267.35,7225.0
2024-05-09,14,PT1H,MC-Ternium,6254.16,7225.0
2024-05-09,15,PT1H,MC-Ternium,7989.57,7225.0
2024-05-09,16,PT1H,MC-Ternium,8090.03,7225.0
2024-05-09,17,PT1H,MC-Ternium,7975.46,7225.0
2024-05-09,18,PT1H,MC-Ternium,7966.11,7225.0
2024-05-09,19,PT1H,MC-Ternium,7733.63,7225.0
2024-05-09,20,PT1H,MC-Ternium,7682.42,7225.0
2024-05-09,21,PT1H,MC-Ternium,7102.79,7225.0
2024-05-09,22,PT1H,MC-Ternium,5534.36,7225.0
2024-05-09,23,PT1H,MC-Ternium,2940.91,7225.0
2024-05-09,24,PT1H,MC-Ternium,6802.03,7200.0
2024-05-10,1,PT1H,MC-Ternium,7484.59,7225.0
2024-05-10,2,PT1H,MC-Ternium,7717.86,7225.0
2024-05-10,3,PT1H,MC-Ternium,4746.27,7225.0
2024-05-10,4,PT1H,MC-Ternium,4069.53,7225.0
2024-05-10,5,PT1H,MC-Ternium,5005.27,7225.0
2024-05-10,6,PT1H,MC-Ternium,6869.0,7225.0
2024-05-10,7,PT1H,MC-Ternium,7230.29,4786.0
2024-05-10,8,PT1H,MC-Ternium,4731.73,4786.0
2024-05-10,9,PT1H,MC-Ternium,5653.66,4786.0
2024-05-10,10,PT1H,MC-Ternium,6517.5,4786.0
2024-05-10,11,PT1H,MC-Ternium,7152.27,4786.0
2024-05-10,12,PT1H,MC-Ternium,7671.81,4786.0
2024-05-10,13,PT1H,MC-Ternium,7298.77,4786.0
2024-05-10,14,PT1H,MC-Ternium,6335.42,4786.0
2024-05-10,15,PT1H,MC-Ternium,5153.58,7225.0
2024-05-10,16,PT1H,MC-Ternium,7517.37,7225.0
2024-05-10,17,PT1H,MC-Ternium,7722.38,7225.0
2024-05-10,18,PT1H,MC-Ternium,7369.24,7225.0
2024-05-10,19,PT1H,MC-Ternium,7524.31,7225.0
2024-05-10,20,PT1H,MC-Ternium,4385.93,7225.0
2024-05-10,21,PT1H,MC-Ternium,7604.83,7225.0
2024-05-10,22,PT1H,MC-Ternium,5962.58,7225.0
2024-05-10,23,PT1H,MC-Ternium,7633.26,7225.0
2024-05-10,24,PT1H,MC-Ternium,7294.23,7225.01
2024-05-11,1,PT1H,MC-Ternium,7755.69,7225.0
2024-05-11,2,PT1H,MC-Ternium,7552.93,7225.0
2024-05-11,3,PT1H,MC-Ternium,6863.63,7225.0
2024-05-11,4,PT1H,MC-Ternium,7398.26,7225.0
2024-05-11,5,PT1H,MC-Ternium,6017.74,7225.0
2024-05-11,6,PT1H,MC-Ternium,6425.76,7225.0
2024-05-11,7,PT1H,MC-Ternium,7373.0,7225.0
2024-05-11,8,PT1H,MC-Ternium,7700.16,7225.0
2024-05-11,9,PT1H,MC-Ternium,6868.59,7225.0
2024-05-11,10,PT1H,MC-Ternium,5721.47,7225.0
2024-05-11,11,PT1H,MC-Ternium,6663.34,7225.0
2024-05-11,12,PT1H,MC-Ternium,4079.28,7225.0
2024-05-11,13,PT1H,MC-Ternium,5791.63,7225.0
2024-05-11,14,PT1H,MC-Ternium,6559.85,7225.0
2024-05-11,15,PT1H,MC-Ternium,6685.69,7225.0
2024-05-11,16,PT1H,MC-Ternium,7401.62,7225.0
2024-05-11,17,PT1H,MC-Ternium,6648.76,7225.0
2024-05-11,18,PT1H,MC-Ternium,7242.7,7225.0
2024-05-11,19,PT1H,MC-Ternium,7882.78,7225.0
2024-05-11,20,PT1H,MC-Ternium,7641.15,7225.0
2024-05-11,21,PT1H,MC-Ternium,6604.81,7225.0
2024-05-11,22,PT1H,MC-Ternium,7039.27,7225.0
2024-05-11,23,PT1H,MC-Ternium,3686.14,7225.0
2024-05-11,24,PT1H,MC-Ternium,7455.56,7225.01
2024-05-12,1,PT1H,MC-Ternium,7897.2,7225.0
2024-05-12,2,PT1H,MC-Ternium,7600.46,7225.0
2024-05-12,3,PT1H,MC-Ternium,6928.48,7225.0
2024-05-12,4,PT1H,MC-Ternium,7585.56,7225.0
2024-05-12,5,PT1H,MC-Ternium,6684.72,7225.0
2024-05-12,6,PT1H,MC-Ternium,7404.04,5057.0
2024-05-12,7,PT1H,MC-Ternium,7786.62,5057.0
2024-05-12,8,PT1H,MC-Ternium,5538.13,5057.0
2024-05-12,9,PT1H,MC-Ternium,4834.89,5057.0
2024-05-12,10,PT1H,MC-Ternium,6599.12,5057.0
2024-05-12,11,PT1H,MC-Ternium,7952.05,5057.0
2024-05-12,12,PT1H,MC-Ternium,7174.72,5057.0
2024-05-12,13,PT1H,MC-Ternium,7424.59,5057.0
2024-05-12,14,PT1H,MC-Ternium,6682.16,5057.0
2024-05-12,15,PT1H,MC-Ternium,5584.02,7225.0
2024-05-12,16,PT1H,MC-Ternium,5174.51,7225.0
2024-05-12,17,PT1H,MC-Ternium,7681.09,7225.0
2024-05-12,18,PT1H,MC-Ternium,7523.61,7225.0
2024-05-12,19,PT1H,MC-Ternium,7384.2,7225.0
2024-05-12,20,PT1H,MC-Ternium,7871.86,7225.0
2024-05-12,21,PT1H,MC-Ternium,7937.89,7225.0
2024-05-12,22,PT1H,MC-Ternium,7834.84,7225.0
2024-05-12,23,PT1H,MC-Ternium,6814.04,7225.0
2024-05-12,24,PT1H,MC-Ternium,7455.71,7225.01
2024-05-13,1,PT1H,MC-Ternium,6532.8,6775.0
2024-05-13,2,PT1H,MC-Ternium,6822.17,6775.0
2024-05-13,3,PT1H,MC-Ternium,5062.97,6775.0
2024-05-13,4,PT1H,MC-Ternium,6981.94,6775.0
2024-05-13,5,PT1H,MC-Ternium,7961.74,6775.0
2024-05-13,6,PT1H,MC-Ternium,6967.15,6775.0
2024-05-13,7,PT1H,MC-Ternium,7347.36,6775.0
2024-05-13,8,PT1H,MC-Ternium,5690.82,6775.0
2024-05-13,9,PT1H,MC-Ternium,6449.35,6775.0
2024-05-13,10,PT1H,MC-Ternium,2755.52,6775.0
2024-05-13,11,PT1H,MC-Ternium,5749.97,6775.0
2024-05-13,12,PT1H,MC-Ternium,7354.35,6775.0
2024-05-13,13,PT1H,MC-Ternium,6698.33,6775.0
2024-05-13,14,PT1H,MC-Ternium,6773.32,6775.0
2024-05-13,15,PT1H,MC-Ternium,6568.35,6775.0
2024-05-13,16,PT1H,MC-Ternium,6464.9,6775.0
2024-05-13,17,PT1H,MC-Ternium,7205.34,6775.0
2024-05-13,18,PT1H,MC-Ternium,7052.92,6775.0
2024-05-13,19,PT1H,MC-Ternium,6436.57,6775.0
2024-05-13,20,PT1H,MC-Ternium,6788.27,6775.0
2024-05-13,21,PT1H,MC-Ternium,7418.09,6775.0
2024-05-13,22,PT1H,MC-Ternium,7591.54,6775.0
2024-05-13,23,PT1H,MC-Ternium,4504.7,6775.0
2024-05-13,24,PT1H,MC-Ternium,7142.83,6775.01
2024-05-14,1,PT1H,MC-Ternium,6524.1,5384.58
2024-05-14,2,PT1H,MC-Ternium,7698.94,5384.58
2024-05-14,3,PT1H,MC-Ternium,7708.91,5384.58
2024-05-14,4,PT1H,MC-Ternium,7928.03,5384.58
2024-05-14,5,PT1H,MC-Ternium,7058.27,5384.58
2024-05-14,6,PT1H,MC-Ternium,6320.56,5384.58
2024-05-14,7,PT1H,MC-Ternium,6689.12,5384.58
2024-05-14,8,PT1H,MC-Ternium,6680.17,5384.58
2024-05-14,9,PT1H,MC-Ternium,6002.04,5384.58
2024-05-14,10,PT1H,MC-Ternium,7238.23,5384.58
2024-05-14,11,PT1H,MC-Ternium,7211.12,5384.58
2024-05-14,12,PT1H,MC-Ternium,7336.81,5384.58
2024-05-14,13,PT1H,MC-Ternium,7089.98,5384.58
2024-05-14,14,PT1H,MC-Ternium,7788.85,5384.58
2024-05-14,15,PT1H,MC-Ternium,7014.82,5384.58
2024-05-14,16,PT1H,MC-Ternium,5888.32,5384.58
2024-05-14,17,PT1H,MC-Ternium,6395.04,5384.58
2024-05-14,18,PT1H,MC-Ternium,6452.88,5384.58
2024-05-14,19,PT1H,MC-Ternium,7287.95,5384.58
2024-05-14,20,PT1H,MC-Ternium,5998.6,5384.58
2024-05-14,21,PT1H,MC-Ternium,7259.95,5384.58
2024-05-14,22,PT1H,MC-Ternium,7665.79,5384.58
2024-05-14,23,PT1H,MC-Ternium,7512.63,5384.58
2024-05-14,24,PT1H,MC-Ternium,7339.12,5384.58
2024-05-15,1,PT1H,MC-Ternium,7406.95,6071.33
2024-05-15,2,PT1H,MC-Ternium,7471.58,6071.33
2024-05-15,3,PT1H,MC-Ternium,7466.07,6071.33
2024-05-15,4,PT1H,MC-Ternium,5645.18,6071.33
2024-05-15,5,PT1H,MC-Ternium,7367.17,6071.33
2024-05-15,6,PT1H,MC-Ternium,6412.72,6071.33
2024-05-15,7,PT1H,MC-Ternium,5043.36,6071.33
2024-05-15,8,PT1H,MC-Ternium,5356.83,6071.33
2024-05-15,9,PT1H,MC-Ternium,1474.68,6071.33
2024-05-15,10,PT1H,MC-Ternium,1496.24,6071.33
2024-05-15,11,PT1H,MC-Ternium,2465.84,6071.33
2024-05-15,12,PT1H,MC-Ternium,4350.43,6071.33
2024-05-15,13,PT1H,MC-Ternium,4991.4,6071.33
2024-05-15,14,PT1H,MC-Ternium,3921.72,6071.33
2024-05-15,15,PT1H,MC-Ternium,5088.7,6071.33
2024-05-15,16,PT1H,MC-Ternium,5742.47,6071.33
2024-05-15,17,PT1H,MC-Ternium,6741.07,6071.33
2024-05-15,18,PT1H,MC-Ternium,5523.65,6071.33
2024-05-15,19,PT1H,MC-Ternium,6766.89,6071.33
2024-05-15,20,PT1H,MC-Ternium,6439.93,6071.33
2024-05-15,21,PT1H,MC-Ternium,6347.42,6071.33
2024-05-15,22,PT1H,MC-Ternium,6589.19,6071.33
2024-05-15,23,PT1H,MC-Ternium,6392.59,6071.33
2024-05-15,24,PT1H,MC-Ternium,7188.46,6071.3
2024-05-16,1,PT1H,MC-Ternium,6749.34,5670.92
2024-05-16,2,PT1H,MC-Ternium,6863.16,5670.92
2024-05-16,3,PT1H,MC-Ternium,7051.84,5670.92
2024-05-16,4,PT1H,MC-Ternium,5772.69,5670.92
2024-05-16,5,PT1H,MC-Ternium,7037.73,5670.92
2024-05-16,6,PT1H,MC-Ternium,6147.23,5670.92
2024-05-16,7,PT1H,MC-Ternium,7024.3,5670.92
2024-05-16,8,PT1H,MC-Ternium,6199.19,5670.92
2024-05-16,9,PT1H,MC-Ternium,4473.58,5670.92
2024-05-16,10,PT1H,MC-Ternium,6401.35,5670.92
2024-05-16,11,PT1H,MC-Ternium,4590.1,5670.92
2024-05-16,12,PT1H,MC-Ternium,6562.2,5670.92
2024-05-16,13,PT1H,MC-Ternium,6930.14,5670.92
2024-05-16,14,PT1H,MC-Ternium,7031.59,5670.92
2024-05-16,15,PT1H,MC-Ternium,7002.59,5670.92
2024-05-16,16,PT1H,MC-Ternium,4683.53,5670.92
2024-05-16,17,PT1H,MC-Ternium,6308.19,5670.92
2024-05-16,18,PT1H,MC-Ternium,6351.84,5670.92
2024-05-16,19,PT1H,MC-Ternium,7216.79,5670.92
2024-05-16,20,PT1H,MC-Ternium,5217.98,5670.92
2024-05-16,21,PT1H,MC-Ternium,1851.27,5670.92
2024-05-16,22,PT1H,MC-Ternium,1844.76,5670.92
2024-05-16,23,PT1H,MC-Ternium,5222.4,5670.92
2024-05-16,24,PT1H,MC-Ternium,6681.85,5670.9
2024-05-17,1,PT1H,MC-Ternium,6929.95,5411.67
2024-05-17,2,PT1H,MC-Ternium,6889.96,5411.67
2024-05-17,3,PT1H,MC-Ternium,5649.59,5411.67
2024-05-17,4,PT1H,MC-Ternium,6611.75,5411.67
2024-05-17,5,PT1H,MC-Ternium,7073.15,5411.67
2024-05-17,6,PT1H,MC-Ternium,6623.83,5411.67
2024-05-17,7,PT1H,MC-Ternium,4885.6,5411.67
2024-05-17,8,PT1H,MC-Ternium,3394.45,5411.67
2024-05-17,9,PT1H,MC-Ternium,5594.16,5411.67
2024-05-17,10,PT1H,MC-Ternium,6587.63,5411.67
2024-05-17,11,PT1H,MC-Ternium,6864.4,5411.67
2024-05-17,12,PT1H,MC-Ternium,5970.54,5411.67
2024-05-17,13,PT1H,MC-Ternium,5730.46,5411.67
2024-05-17,14,PT1H,MC-Ternium,6281.98,5411.67
2024-05-17,15,PT1H,MC-Ternium,4114.77,5411.67
2024-05-17,16,PT1H,MC-Ternium,4327.11,5411.67
2024-05-17,17,PT1H,MC-Ternium,5725.39,5411.67
2024-05-17,18,PT1H,MC-Ternium,6311.63,5411.67
2024-05-17,19,PT1H,MC-Ternium,6246.1,5411.67
2024-05-17,20,PT1H,MC-Ternium,6626.47,5411.67
2024-05-17,21,PT1H,MC-Ternium,6469.52,5411.67
2024-05-17,22,PT1H,MC-Ternium,5141.4,5411.67
2024-05-17,23,PT1H,MC-Ternium,6270.12,5411.67
2024-05-17,24,PT1H,MC-Ternium,5327.65,5411.6
2024-05-18,1,PT1H,MC-Ternium,5830.85,6147.92
2024-05-18,2,PT1H,MC-Ternium,6242.65,6147.92
2024-05-18,3,PT1H,MC-Ternium,4557.75,6147.92
2024-05-18,4,PT1H,MC-Ternium,6012.71,6147.92
2024-05-18,5,PT1H,MC-Ternium,4766.21,6147.92
2024-05-18,6,PT1H,MC-Ternium,6043.28,6147.92
2024-05-18,7,PT1H,MC-Ternium,5089.08,6147.92
2024-05-18,8,PT1H,MC-Ternium,5758.44,6147.92
2024-05-18,9,PT1H,MC-Ternium,5902.06,6147.92
2024-05-18,10,PT1H,MC-Ternium,6071.22,6147.92
2024-05-18,11,PT1H,MC-Ternium,6414.1,6147.92
2024-05-18,12,PT1H,MC-Ternium,6611.45,6147.92
2024-05-18,13,PT1H,MC-Ternium,6609.19,6147.92
2024-05-18,14,PT1H,MC-Ternium,6660.91,6147.92
2024-05-18,15,PT1H,MC-Ternium,5527.96,6147.92
2024-05-18,16,PT1H,MC-Ternium,5497.95,6147.92
2024-05-18,17,PT1H,MC-Ternium,6258.96,6147.92
2024-05-18,18,PT1H,MC-Ternium,5991.69,6147.92
2024-05-18,19,PT1H,MC-Ternium,6242.13,6147.92
2024-05-18,20,PT1H,MC-Ternium,5261.73,6147.92
2024-05-18,21,PT1H,MC-Ternium,4399.22,6147.92
2024-05-18,22,PT1H,MC-Ternium,5185.68,6147.92
2024-05-18,23,PT1H,MC-Ternium,6037.82,6147.92
2024-05-18,24,PT1H,MC-Ternium,6322.55,6147.9
2024-05-19,1,PT1H,MC-Ternium,6391.28,5816.54
2024-05-19,2,PT1H,MC-Ternium,5126.21,5816.54
2024-05-19,3,PT1H,MC-Ternium,5505.4,5816.54
2024-05-19,4,PT1H,MC-Ternium,6149.95,5816.54
2024-05-19,5,PT1H,MC-Ternium,6675.27,5816.54
2024-05-19,6,PT1H,MC-Ternium,5101.83,5816.54
2024-05-19,7,PT1H,MC-Ternium,5505.06,5816.54
2024-05-19,8,PT1H,MC-Ternium,6687.04,5816.54
2024-05-19,9,PT1H,MC-Ternium,5847.03,5816.54
2024-05-19,10,PT1H,MC-Ternium,6752.56,5816.54
2024-05-19,11,PT1H,MC-Ternium,5882.28,5816.54
2024-05-19,12,PT1H,MC-Ternium,6857.75,5816.54
2024-05-19,13,PT1H,MC-Ternium,3488.11,5816.54
2024-05-19,14,PT1H,MC-Ternium,4824.24,5816.54
2024-05-19,15,PT1H,MC-Ternium,3215.98,5816.54
2024-05-19,16,PT1H,MC-Ternium,4009.71,5816.54
2024-05-19,17,PT1H,MC-Ternium,5797.79,5816.54
2024-05-19,18,PT1H,MC-Ternium,6937.72,5816.54
2024-05-19,19,PT1H,MC-Ternium,7318.78,5816.54
2024-05-19,20,PT1H,MC-Ternium,3446.52,5816.54
2024-05-19,21,PT1H,MC-Ternium,6770.44,5816.54
2024-05-19,22,PT1H,MC-Ternium,6092.79,5816.54
2024-05-19,23,PT1H,MC-Ternium,6920.86,5816.54
2024-05-19,24,PT1H,MC-Ternium,6721.12,5816.5
2024-05-20,1,PT1H,MC-Ternium,5892.95,5313.17
2024-05-20,2,PT1H,MC-Ternium,5672.91,5313.17
2024-05-20,3,PT1H,MC-Ternium,6669.49,5313.17
2024-05-20,4,PT1H,MC-Ternium,2615.77,5313.17
2024-05-20,5,PT1H,MC-Ternium,1666.47,5313.17
2024-05-20,6,PT1H,MC-Ternium,2030.51,5313.17
2024-05-20,7,PT1H,MC-Ternium,3128.71,5313.17
2024-05-20,8,PT1H,MC-Ternium,2666.45,5313.17
2024-05-20,9,PT1H,MC-Ternium,2760.12,5313.17
2024-05-20,10,PT1H,MC-Ternium,2748.16,5313.17
2024-05-20,11,PT1H,MC-Ternium,6160.51,5313.17
2024-05-20,12,PT1H,MC-Ternium,6518.67,5313.17
2024-05-20,13,PT1H,MC-Ternium,5715.41,5313.17
2024-05-20,14,PT1H,MC-Ternium,5267.91,5313.17
2024-05-20,15,PT1H,MC-Ternium,3772.08,5313.17
2024-05-20,16,PT1H,MC-Ternium,6036.89,5313.17
2024-05-20,17,PT1H,MC-Ternium,6781.1,5313.17
2024-05-20,18,PT1H,MC-Ternium,6156.8,5313.17
2024-05-20,19,PT1H,MC-Ternium,7218.18,5313.17
2024-05-20,20,PT1H,MC-Ternium,6513.31,5313.17
2024-05-20,21,PT1H,MC-Ternium,7081.6,5313.17
2024-05-20,22,PT1H,MC-Ternium,7029.67,5313.17
2024-05-20,23,PT1H,MC-Ternium,6674.47,5313.17
2024-05-20,24,PT1H,MC-Ternium,6581.2,5313.16
2024-05-21,1,PT1H,MC-Ternium,4534.5,1553.75
2024-05-21,2,PT1H,MC-Ternium,6440.74,1553.75
2024-05-21,3,PT1H,MC-Ternium,6678.26,1553.75
2024-05-21,4,PT1H,MC-Ternium,6921.34,1553.75
2024-05-21,5,PT1H,MC-Ternium,4045.35,1553.75
2024-05-21,6,PT1H,MC-Ternium,694.27,1553.75
2024-05-21,7,PT1H,MC-Ternium,51.22,1553.75
2024-05-21,8,PT1H,MC-Ternium,0.0,1553.75
2024-05-21,9,PT1H,MC-Ternium,0.0,1553.75
2024-05-21,10,PT1H,MC-Ternium,0.0,1553.75
2024-05-21,11,PT1H,MC-Ternium,0.0,1553.75
2024-05-21,12,PT1H,MC-Ternium,0.0,1553.75
2024-05-21,13,PT1H,MC-Ternium,0.0,1553.75
2024-05-21,14,PT1H,MC-Ternium,0.0,1553.75
2024-05-21,15,PT1H,MC-Ternium,0.0,1553.75
2024-05-21,16,PT1H,MC-Ternium,106.54,1553.75
2024-05-21,17,PT1H,MC-Ternium,830.67,1553.75
2024-05-21,18,PT1H,MC-Ternium,1257.77,1553.75
2024-05-21,19,PT1H,MC-Ternium,1396.91,1553.75
2024-05-21,20,PT1H,MC-Ternium,1858.63,1553.75
2024-05-21,21,PT1H,MC-Ternium,2158.29,1553.75
2024-05-21,22,PT1H,MC-Ternium,2318.49,1553.75
2024-05-21,23,PT1H,MC-Ternium,2530.69,1553.75
2024-05-21,24,PT1H,MC-Ternium,2310.76,1553.75
2024-05-22,1,PT1H,MC-Ternium,3184.89,6033.67
2024-05-22,2,PT1H,MC-Ternium,5700.72,6033.67
2024-05-22,3,PT1H,MC-Ternium,6711.1,6033.67
2024-05-22,4,PT1H,MC-Ternium,6095.88,6033.67
2024-05-22,5,PT1H,MC-Ternium,5216.79,6033.67
2024-05-22,6,PT1H,MC-Ternium,5583.11,6033.67
2024-05-22,7,PT1H,MC-Ternium,5150.33,6033.67
2024-05-22,8,PT1H,MC-Ternium,5379.49,6033.67
2024-05-22,9,PT1H,MC-Ternium,6275.84,6033.67
2024-05-22,10,PT1H,MC-Ternium,5976.38,6033.67
2024-05-22,11,PT1H,MC-Ternium,5364.29,6033.67
2024-05-22,12,PT1H,MC-Ternium,5878.85,6033.67
2024-05-22,13,PT1H,MC-Ternium,6974.78,6033.67
2024-05-22,14,PT1H,MC-Ternium,7209.69,6033.67
2024-05-22,15,PT1H,MC-Ternium,5765.33,6033.67
2024-05-22,16,PT1H,MC-Ternium,7062.37,6033.67
2024-05-22,17,PT1H,MC-Ternium,5357.82,6033.67
2024-05-22,18,PT1H,MC-Ternium,6559.87,6033.67
2024-05-22,19,PT1H,MC-Ternium,7641.79,6033.67
2024-05-22,20,PT1H,MC-Ternium,6451.28,6033.67
2024-05-22,21,PT1H,MC-Ternium,6117.11,6033.67
2024-05-22,22,PT1H,MC-Ternium,6295.35,6033.67
2024-05-22,23,PT1H,MC-Ternium,6771.39,6033.67
2024-05-22,24,PT1H,MC-Ternium,5256.82,6033.66
2024-05-23,1,PT1H,MC-Ternium,4665.46,6602.38
2024-05-23,2,PT1H,MC-Ternium,6512.15,6602.38
2024-05-23,3,PT1H,MC-Ternium,5388.18,6602.38
2024-05-23,4,PT1H,MC-Ternium,6886.83,6602.38
2024-05-23,5,PT1H,MC-Ternium,5764.98,6602.38
2024-05-23,6,PT1H,MC-Ternium,7079.69,6602.38
2024-05-23,7,PT1H,MC-Ternium,4640.55,6602.38
2024-05-23,8,PT1H,MC-Ternium,6113.2,6602.38
2024-05-23,9,PT1H,MC-Ternium,2182.19,6602.38
2024-05-23,10,PT1H,MC-Ternium,2470.33,6602.38
2024-05-23,11,PT1H,MC-Ternium,3824.44,6602.38
2024-05-23,12,PT1H,MC-Ternium,4934.67,6602.38
2024-05-23,13,PT1H,MC-Ternium,5819.79,6602.38
2024-05-23,14,PT1H,MC-Ternium,5791.56,6602.38
2024-05-23,15,PT1H,MC-Ternium,5722.65,6602.38
2024-05-23,16,PT1H,MC-Ternium,4633.49,6602.38
2024-05-23,17,PT1H,MC-Ternium,3046.91,6602.38
2024-05-23,18,PT1H,MC-Ternium,4935.96,6602.38
2024-05-23,19,PT1H,MC-Ternium,6070.63,6602.38
2024-05-23,20,PT1H,MC-Ternium,3990.06,6602.38
2024-05-23,21,PT1H,MC-Ternium,3178.65,6602.38
2024-05-23,22,PT1H,MC-Ternium,2938.67,6602.38
2024-05-23,23,PT1H,MC-Ternium,5559.39,6602.38
2024-05-23,24,PT1H,MC-Ternium,4209.58,6610.0
2024-05-24,1,PT1H,MC-Ternium,5952.0,7252.83
2024-05-24,2,PT1H,MC-Ternium,5929.37,7252.83
2024-05-24,3,PT1H,MC-Ternium,6096.31,7252.83
2024-05-24,4,PT1H,MC-Ternium,5351.38,7252.83
2024-05-24,5,PT1H,MC-Ternium,5305.65,7252.83
2024-05-24,6,PT1H,MC-Ternium,5921.3,7252.83
2024-05-24,7,PT1H,MC-Ternium,4787.49,7252.83
2024-05-24,8,PT1H,MC-Ternium,5791.34,7252.83
2024-05-24,9,PT1H,MC-Ternium,3437.69,7252.83
2024-05-24,10,PT1H,MC-Ternium,2364.26,7252.83
2024-05-24,11,PT1H,MC-Ternium,3051.78,7252.83
2024-05-24,12,PT1H,MC-Ternium,4336.12,7252.83
2024-05-24,13,PT1H,MC-Ternium,5140.58,7252.83
2024-05-24,14,PT1H,MC-Ternium,2912.89,7252.83
2024-05-24,15,PT1H,MC-Ternium,4696.51,7252.83
2024-05-24,16,PT1H,MC-Ternium,7140.13,7252.83
2024-05-24,17,PT1H,MC-Ternium,6643.0,7252.83
2024-05-24,18,PT1H,MC-Ternium,5065.28,7252.83
2024-05-24,19,PT1H,MC-Ternium,7394.83,7252.83
2024-05-24,20,PT1H,MC-Ternium,6702.41,7252.83
2024-05-24,21,PT1H,MC-Ternium,2445.75,7252.83
2024-05-24,22,PT1H,MC-Ternium,6640.36,7252.83
2024-05-24,23,PT1H,MC-Ternium,6549.1,7252.83
2024-05-24,24,PT1H,MC-Ternium,6275.75,7262.8
2024-05-25,1,PT1H,MC-Ternium,5867.43,7485.04
2024-05-25,2,PT1H,MC-Ternium,7238.75,7485.04
2024-05-25,3,PT1H,MC-Ternium,7663.53,7485.04
2024-05-25,4,PT1H,MC-Ternium,6779.16,7485.04
2024-05-25,5,PT1H,MC-Ternium,6735.31,7485.04
2024-05-25,6,PT1H,MC-Ternium,5943.25,7485.04
2024-05-25,7,PT1H,MC-Ternium,6590.09,7485.04
2024-05-25,8,PT1H,MC-Ternium,6695.03,7485.04
2024-05-25,9,PT1H,MC-Ternium,7575.25,7485.04
2024-05-25,10,PT1H,MC-Ternium,6569.35,7485.04
2024-05-25,11,PT1H,MC-Ternium,2540.74,7485.04
2024-05-25,12,PT1H,MC-Ternium,5613.39,7485.04
2024-05-25,13,PT1H,MC-Ternium,4858.1,7485.04
2024-05-25,14,PT1H,MC-Ternium,5040.22,7485.04
2024-05-25,15,PT1H,MC-Ternium,2159.79,7485.04
2024-05-25,16,PT1H,MC-Ternium,3462.77,7485.04
2024-05-25,17,PT1H,MC-Ternium,4258.41,7485.04
2024-05-25,18,PT1H,MC-Ternium,6089.71,7485.04
2024-05-25,19,PT1H,MC-Ternium,7500.7,7485.04
2024-05-25,20,PT1H,MC-Ternium,4213.68,7485.04
2024-05-25,21,PT1H,MC-Ternium,3138.39,7485.04
2024-05-25,22,PT1H,MC-Ternium,4768.0,7485.04
2024-05-25,23,PT1H,MC-Ternium,5288.36,7485.04
2024-05-25,24,PT1H,MC-Ternium,2842.86,7495.0
2024-05-26,1,PT1H,MC-Ternium,4097.71,7388.54
2024-05-26,2,PT1H,MC-Ternium,3216.38,7388.54
2024-05-26,3,PT1H,MC-Ternium,4401.01,7388.54
2024-05-26,4,PT1H,MC-Ternium,5800.54,7388.54
2024-05-26,5,PT1H,MC-Ternium,6588.71,7388.54
2024-05-26,6,PT1H,MC-Ternium,4283.17,7388.54
2024-05-26,7,PT1H,MC-Ternium,3669.87,7388.54
2024-05-26,8,PT1H,MC-Ternium,5117.42,7388.54
2024-05-26,9,PT1H,MC-Ternium,5703.92,7388.54
2024-05-26,10,PT1H,MC-Ternium,5510.46,7388.54
2024-05-26,11,PT1H,MC-Ternium,6274.12,7388.54
2024-05-26,12,PT1H,MC-Ternium,6672.54,7388.54
2024-05-26,13,PT1H,MC-Ternium,6633.66,7388.54
2024-05-26,14,PT1H,MC-Ternium,6674.6,7388.54
2024-05-26,15,PT1H,MC-Ternium,6086.22,7388.54
2024-05-26,16,PT1H,MC-Ternium,5696.8,7388.54
2024-05-26,17,PT1H,MC-Ternium,6672.87,7388.54
2024-05-26,18,PT1H,MC-Ternium,5241.88,7388.54
2024-05-26,19,PT1H,MC-Ternium,6273.69,7388.54
2024-05-26,20,PT1H,MC-Ternium,5738.19,7388.54
2024-05-26,21,PT1H,MC-Ternium,5861.8,7388.54
2024-05-26,22,PT1H,MC-Ternium,6200.15,7388.54
2024-05-26,23,PT1H,MC-Ternium,6882.59,7388.54
2024-05-26,24,PT1H,MC-Ternium,5809.21,7398.0
2024-05-27,1,PT1H,MC-Ternium,6721.99,7174.0
2024-05-27,2,PT1H,MC-Ternium,4196.41,7174.0
2024-05-27,3,PT1H,MC-Ternium,6459.63,7174.0
2024-05-27,4,PT1H,MC-Ternium,6114.77,7174.0
2024-05-27,5,PT1H,MC-Ternium,6779.4,7174.0
2024-05-27,6,PT1H,MC-Ternium,7141.82,7174.0
2024-05-27,7,PT1H,MC-Ternium,7105.92,7174.0
2024-05-27,8,PT1H,MC-Ternium,6951.82,7174.0
2024-05-27,9,PT1H,MC-Ternium,5729.1,7174.0
2024-05-27,10,PT1H,MC-Ternium,3504.69,7174.0
2024-05-27,11,PT1H,MC-Ternium,2374.06,7174.0
2024-05-27,12,PT1H,MC-Ternium,2790.9,7174.0
2024-05-27,13,PT1H,MC-Ternium,4461.93,7174.0
2024-05-27,14,PT1H,MC-Ternium,5692.91,7174.0
2024-05-27,15,PT1H,MC-Ternium,6563.39,7174.0
2024-05-27,16,PT1H,MC-Ternium,5372.6,7174.0
2024-05-27,17,PT1H,MC-Ternium,4377.58,7174.0
2024-05-27,18,PT1H,MC-Ternium,6366.85,7174.0
2024-05-27,19,PT1H,MC-Ternium,4819.38,7174.0
2024-05-27,20,PT1H,MC-Ternium,3123.93,7174.0
2024-05-27,21,PT1H,MC-Ternium,3585.73,7174.0
2024-05-27,22,PT1H,MC-Ternium,3309.78,7174.0
2024-05-27,23,PT1H,MC-Ternium,6368.91,7174.0
2024-05-27,24,PT1H,MC-Ternium,6728.35,7184.0
2024-05-28,1,PT1H,MC-Ternium,6515.48,6203.0
2024-05-28,2,PT1H,MC-Ternium,6604.99,6203.0
2024-05-28,3,PT1H,MC-Ternium,4135.05,6203.0
2024-05-28,4,PT1H,MC-Ternium,6203.7,6203.0
2024-05-28,5,PT1H,MC-Ternium,6897.27,6203.0
2024-05-28,6,PT1H,MC-Ternium,6869.28,6203.0
2024-05-28,7,PT1H,MC-Ternium,6703.42,6203.0
2024-05-28,8,PT1H,MC-Ternium,6332.94,6203.0
2024-05-28,9,PT1H,MC-Ternium,5897.48,6203.0
2024-05-28,10,PT1H,MC-Ternium,5074.93,6203.0
2024-05-28,11,PT1H,MC-Ternium,6980.51,6203.0
2024-05-28,12,PT1H,MC-Ternium,6952.03,6203.0
2024-05-28,13,PT1H,MC-Ternium,5777.93,6203.0
2024-05-28,14,PT1H,MC-Ternium,6762.44,6203.0
2024-05-28,15,PT1H,MC-Ternium,5736.5,6203.0
2024-05-28,16,PT1H,MC-Ternium,6608.6,6203.0
2024-05-28,17,PT1H,MC-Ternium,6171.68,6203.0
2024-05-28,18,PT1H,MC-Ternium,6326.79,6203.0
2024-05-28,19,PT1H,MC-Ternium,6371.39,6203.0
2024-05-28,20,PT1H,MC-Ternium,4986.08,6203.0
2024-05-28,21,PT1H,MC-Ternium,3780.93,6203.0
2024-05-28,22,PT1H,MC-Ternium,6562.97,6203.0
2024-05-28,23,PT1H,MC-Ternium,5327.22,6203.0
2024-05-28,24,PT1H,MC-Ternium,6684.22,6213.0
2024-05-29,1,PT1H,MC-Ternium,5659.95,8106.0
2024-05-29,2,PT1H,MC-Ternium,6153.35,8106.0
2024-05-29,3,PT1H,MC-Ternium,5917.18,8106.0
2024-05-29,4,PT1H,MC-Ternium,6617.87,8106.0
2024-05-29,5,PT1H,MC-Ternium,5244.6,8106.0
2024-05-29,6,PT1H,MC-Ternium,6579.9,8106.0
2024-05-29,7,PT1H,MC-Ternium,4565.3,8106.0
2024-05-29,8,PT1H,MC-Ternium,5056.52,8106.0
2024-05-29,9,PT1H,MC-Ternium,6531.36,8106.0
2024-05-29,10,PT1H,MC-Ternium,6622.22,8106.0
2024-05-29,11,PT1H,MC-Ternium,6594.72,8106.0
2024-05-29,12,PT1H,MC-Ternium,6558.18,8106.0
2024-05-29,13,PT1H,MC-Ternium,6473.83,8106.0
2024-05-29,14,PT1H,MC-Ternium,4671.59,8106.0
2024-05-29,15,PT1H,MC-Ternium,5653.69,8106.0
2024-05-29,16,PT1H,MC-Ternium,6668.28,8106.0
2024-05-29,17,PT1H,MC-Ternium,6668.44,8106.0
2024-05-29,18,PT1H,MC-Ternium,5478.7,8106.0
2024-05-29,19,PT1H,MC-Ternium,6031.72,8106.0
2024-05-29,20,PT1H,MC-Ternium,6434.6,8106.0
2024-05-29,21,PT1H,MC-Ternium,6450.2,8106.0
2024-05-29,22,PT1H,MC-Ternium,6496.69,8106.0
2024-05-29,23,PT1H,MC-Ternium,6455.66,8106.0
2024-05-29,24,PT1H,MC-Ternium,6519.73,8110.0
2024-05-30,1,PT1H,MC-Ternium,6028.16,6714.0
2024-05-30,2,PT1H,MC-Ternium,2884.44,6714.0
2024-05-30,3,PT1H,MC-Ternium,6009.62,6714.0
2024-05-30,4,PT1H,MC-Ternium,6405.13,6714.0
2024-05-30,5,PT1H,MC-Ternium,6504.32,6714.0
2024-05-30,6,PT1H,MC-Ternium,6535.63,6714.0
2024-05-30,7,PT1H,MC-Ternium,6421.79,6714.0
2024-05-30,8,PT1H,MC-Ternium,6430.41,6714.0
2024-05-30,9,PT1H,MC-Ternium,6030.77,6714.0
2024-05-30,10,PT1H,MC-Ternium,5423.14,6714.0
2024-05-30,11,PT1H,MC-Ternium,6043.58,6714.0
2024-05-30,12,PT1H,MC-Ternium,4941.56,6714.0
2024-05-30,13,PT1H,MC-Ternium,6463.54,6714.0
2024-05-30,14,PT1H,MC-Ternium,6616.74,6714.0
2024-05-30,15,PT1H,MC-Ternium,4494.71,6714.0
2024-05-30,16,PT1H,MC-Ternium,5868.36,6714.0
2024-05-30,17,PT1H,MC-Ternium,5071.17,6714.0
2024-05-30,18,PT1H,MC-Ternium,6362.34,6714.0
2024-05-30,19,PT1H,MC-Ternium,6804.52,6714.0
2024-05-30,20,PT1H,MC-Ternium,4946.64,6714.0
2024-05-30,21,PT1H,MC-Ternium,4949.41,6714.0
2024-05-30,22,PT1H,MC-Ternium,6451.8,6714.0
2024-05-30,23,PT1H,MC-Ternium,5743.13,6714.0
2024-05-30,24,PT1H,MC-Ternium,3379.69,6714.0
2024-05-31,1,PT1H,MC-Ternium,4008.16,6714.0
2024-05-31,2,PT1H,MC-Ternium,5952.97,6714.0
2024-05-31,3,PT1H,MC-Ternium,6246.47,6714.0
2024-05-31,4,PT1H,MC-Ternium,6023.49,6714.0
2024-05-31,5,PT1H,MC-Ternium,6301.54,6714.0
2024-05-31,6,PT1H,MC-Ternium,6316.56,6714.0
2024-05-31,7,PT1H,MC-Ternium,5635.9,6714.0
2024-05-31,8,PT1H,MC-Ternium,6217.87,6714.0
2024-05-31,9,PT1H,MC-Ternium,5401.1,6714.0
2024-05-31,10,PT1H,MC-Ternium,2240.49,6714.0
2024-05-31,11,PT1H,MC-Ternium,4474.17,6714.0
2024-05-31,12,PT1H,MC-Ternium,5922.39,6714.0
2024-05-31,13,PT1H,MC-Ternium,6580.37,6714.0
2024-05-31,14,PT1H,MC-Ternium,6796.25,6714.0
2024-05-31,15,PT1H,MC-Ternium,6948.58,6714.0
2024-05-31,16,PT1H,MC-Ternium,5418.19,6714.0
2024-05-31,17,PT1H,MC-Ternium,5120.16,6714.0
2024-05-31,18,PT1H,MC-Ternium,6606.56,6714.0
2024-05-31,19,PT1H,MC-Ternium,4948.38,6714.0
2024-05-31,20,PT1H,MC-Ternium,5313.71,6714.0
2024-05-31,21,PT1H,MC-Ternium,5977.82,6714.0
2024-05-31,22,PT1H,MC-Ternium,6539.67,6714.0
2024-05-31,23,PT1H,MC-Ternium,5621.59,6714.0
2024-05-31,24,PT1H,MC-Ternium,6467.42,6724.0
2024-06-01,1,PT1H,MC-Ternium,3411.72,6215.0
2024-06-01,2,PT1H,MC-Ternium,6271.29,6215.0
2024-06-01,3,PT1H,MC-Ternium,4529.36,6215.0
2024-06-01,4,PT1H,MC-Ternium,6202.31,6215.0
2024-06-01,5,PT1H,MC-Ternium,6459.08,6215.0
2024-06-01,6,PT1H,MC-Ternium,6199.74,6215.0
2024-06-01,7,PT1H,MC-Ternium,6401.83,6215.0
2024-06-01,8,PT1H,MC-Ternium,6547.74,6215.0
2024-06-01,9,PT1H,MC-Ternium,5413.76,6215.0
2024-06-01,10,PT1H,MC-Ternium,6469.87,6215.0
2024-06-01,11,PT1H,MC-Ternium,4401.07,6215.0
2024-06-01,12,PT1H,MC-Ternium,6425.14,6215.0
2024-06-01,13,PT1H,MC-Ternium,6621.65,6215.0
2024-06-01,14,PT1H,MC-Ternium,6701.22,6215.0
2024-06-01,15,PT1H,MC-Ternium,6701.35,6215.0
2024-06-01,16,PT1H,MC-Ternium,6649.93,6215.0
2024-06-01,17,PT1H,MC-Ternium,5221.45,6215.0
2024-06-01,18,PT1H,MC-Ternium,6617.06,6215.0
2024-06-01,19,PT1H,MC-Ternium,6115.29,6215.0
2024-06-01,20,PT1H,MC-Ternium,6734.21,6215.0
2024-06-01,21,PT1H,MC-Ternium,5134.08,6215.0
2024-06-01,22,PT1H,MC-Ternium,5448.03,6215.0
2024-06-01,23,PT1H,MC-Ternium,6624.88,6215.0
2024-06-01,24,PT1H,MC-Ternium,6131.43,6225.0
2024-06-02,1,PT1H,MC-Ternium,6562.08,6215.0
2024-06-02,2,PT1H,MC-Ternium,4655.18,6215.0
2024-06-02,3,PT1H,MC-Ternium,5221.15,6215.0
2024-06-02,4,PT1H,MC-Ternium,6318.19,6215.0
2024-06-02,5,PT1H,MC-Ternium,5791.01,6215.0
2024-06-02,6,PT1H,MC-Ternium,6110.46,6215.0
2024-06-02,7,PT1H,MC-Ternium,5097.8,6215.0
2024-06-02,8,PT1H,MC-Ternium,5834.26,6215.0
2024-06-02,9,PT1H,MC-Ternium,6688.72,6215.0
2024-06-02,10,PT1H,MC-Ternium,6742.91,6215.0
2024-06-02,11,PT1H,MC-Ternium,6681.14,6215.0
2024-06-02,12,PT1H,MC-Ternium,5355.96,6215.0
2024-06-02,13,PT1H,MC-Ternium,6507.74,6215.0
2024-06-02,14,PT1H,MC-Ternium,6573.68,6215.0
2024-06-02,15,PT1H,MC-Ternium,2717.78,6215.0
2024-06-02,16,PT1H,MC-Ternium,3527.14,6215.0
2024-06-02,17,PT1H,MC-Ternium,3788.0,6215.0
2024-06-02,18,PT1H,MC-Ternium,2838.91,6215.0
2024-06-02,19,PT1H,MC-Ternium,4376.04,6215.0
2024-06-02,20,PT1H,MC-Ternium,2825.06,6215.0
2024-06-02,21,PT1H,MC-Ternium,5793.38,6215.0
2024-06-02,22,PT1H,MC-Ternium,6391.67,6215.0
2024-06-02,23,PT1H,MC-Ternium,6510.4,6215.0
2024-06-02,24,PT1H,MC-Ternium,6647.66,6225.0
2024-06-03,1,PT1H,MC-Ternium,6610.18,6237.0
2024-06-03,2,PT1H,MC-Ternium,6614.32,6237.0
2024-06-03,3,PT1H,MC-Ternium,6548.52,6237.0
2024-06-03,4,PT1H,MC-Ternium,6622.81,6237.0
2024-06-03,5,PT1H,MC-Ternium,4582.05,6237.0
2024-06-03,6,PT1H,MC-Ternium,6465.0,6237.0
2024-06-03,7,PT1H,MC-Ternium,6622.61,5691.0
2024-06-03,8,PT1H,MC-Ternium,5964.44,5691.0
2024-06-03,9,PT1H,MC-Ternium,4857.54,5691.0
2024-06-03,10,PT1H,MC-Ternium,5425.24,5691.0
2024-06-03,11,PT1H,MC-Ternium,5565.72,5691.0
2024-06-03,12,PT1H,MC-Ternium,6340.81,5691.0
2024-06-03,13,PT1H,MC-Ternium,6488.56,5691.0
2024-06-03,14,PT1H,MC-Ternium,6310.63,5691.0
2024-06-03,15,PT1H,MC-Ternium,4780.33,6237.0
2024-06-03,16,PT1H,MC-Ternium,6417.16,6237.0
2024-06-03,17,PT1H,MC-Ternium,4867.75,6237.0
2024-06-03,18,PT1H,MC-Ternium,6565.72,6237.0
2024-06-03,19,PT1H,MC-Ternium,6541.07,6237.0
2024-06-03,20,PT1H,MC-Ternium,6669.35,6237.0
2024-06-03,21,PT1H,MC-Ternium,4746.72,6237.0
2024-06-03,22,PT1H,MC-Ternium,6508.19,6237.0
2024-06-03,23,PT1H,MC-Ternium,6494.71,6237.0
2024-06-03,24,PT1H,MC-Ternium,6471.36,6247.0
2024-06-04,1,PT1H,MC-Ternium,6500.83,6237.0
2024-06-04,2,PT1H,MC-Ternium,6574.04,6237.0
2024-06-04,3,PT1H,MC-Ternium,6528.91,6237.0
2024-06-04,4,PT1H,MC-Ternium,6379.2,6237.0
2024-06-04,5,PT1H,MC-Ternium,6513.5,6237.0
2024-06-04,6,PT1H,MC-Ternium,5830.64,6237.0
2024-06-04,7,PT1H,MC-Ternium,2826.92,1374.0
2024-06-04,8,PT1H,MC-Ternium,2848.61,1374.0
2024-06-04,9,PT1H,MC-Ternium,4667.13,1374.0
2024-06-04,10,PT1H,MC-Ternium,6028.17,1374.0
2024-06-04,11,PT1H,MC-Ternium,6210.09,1374.0
2024-06-04,12,PT1H,MC-Ternium,6268.24,6850.0
2024-06-04,13,PT1H,MC-Ternium,6290.98,6850.0
2024-06-04,14,PT1H,MC-Ternium,5070.47,6850.0
2024-06-04,15,PT1H,MC-Ternium,4399.12,6850.0
2024-06-04,16,PT1H,MC-Ternium,1846.68,6850.0
2024-06-04,17,PT1H,MC-Ternium,1756.82,6850.0
2024-06-04,18,PT1H,MC-Ternium,2453.54,6850.0
2024-06-04,19,PT1H,MC-Ternium,2527.01,6850.0
2024-06-04,20,PT1H,MC-Ternium,2808.49,6850.0
2024-06-04,21,PT1H,MC-Ternium,3515.42,6850.0
2024-06-04,22,PT1H,MC-Ternium,2957.27,6850.0
2024-06-04,23,PT1H,MC-Ternium,4290.66,6850.0
2024-06-04,24,PT1H,MC-Ternium,2752.59,6860.0
2024-06-05,1,PT1H,MC-Ternium,3946.83,6850.0
2024-06-05,2,PT1H,MC-Ternium,4504.8,6850.0
2024-06-05,3,PT1H,MC-Ternium,4556.56,6850.0
2024-06-05,4,PT1H,MC-Ternium,5140.82,6850.0
2024-06-05,5,PT1H,MC-Ternium,5446.39,6850.0
2024-06-05,6,PT1H,MC-Ternium,5657.42,6850.0
2024-06-05,7,PT1H,MC-Ternium,3880.81,6850.0
2024-06-05,8,PT1H,MC-Ternium,4303.37,6850.0
2024-06-05,9,PT1H,MC-Ternium,5545.42,6850.0
2024-06-05,10,PT1H,MC-Ternium,5682.95,6850.0
2024-06-05,11,PT1H,MC-Ternium,5699.83,6850.0
2024-06-05,12,PT1H,MC-Ternium,5752.17,6850.0
2024-06-05,13,PT1H,MC-Ternium,3940.24,6850.0
2024-06-05,14,PT1H,MC-Ternium,5426.1,6850.0
2024-06-05,15,PT1H,MC-Ternium,5793.28,6251.0
2024-06-05,16,PT1H,MC-Ternium,3602.22,6251.0
2024-06-05,17,PT1H,MC-Ternium,5385.98,6251.0
2024-06-05,18,PT1H,MC-Ternium,2219.45,6251.0
2024-06-05,19,PT1H,MC-Ternium,4757.86,6251.0
2024-06-05,20,PT1H,MC-Ternium,5506.69,6251.0
2024-06-05,21,PT1H,MC-Ternium,4576.14,6251.0
2024-06-05,22,PT1H,MC-Ternium,5142.01,6251.0
2024-06-05,23,PT1H,MC-Ternium,5610.34,6251.0
2024-06-05,24,PT1H,MC-Ternium,4787.05,6261.0
2024-06-06,1,PT1H,MC-Ternium,4318.38,6850.0
2024-06-06,2,PT1H,MC-Ternium,3837.9,6850.0
2024-06-06,3,PT1H,MC-Ternium,4524.42,6850.0
2024-06-06,4,PT1H,MC-Ternium,4639.82,6850.0
2024-06-06,5,PT1H,MC-Ternium,5551.99,6850.0
2024-06-06,6,PT1H,MC-Ternium,4739.8,6850.0
2024-06-06,7,PT1H,MC-Ternium,4133.44,1374.0
2024-06-06,8,PT1H,MC-Ternium,3986.06,1374.0
2024-06-06,9,PT1H,MC-Ternium,3956.11,1374.0
2024-06-06,10,PT1H,MC-Ternium,4116.37,1374.0
2024-06-06,11,PT1H,MC-Ternium,5511.17,1374.0
2024-06-06,12,PT1H,MC-Ternium,5681.36,8620.0
2024-06-06,13,PT1H,MC-Ternium,5617.57,8620.0
2024-06-06,14,PT1H,MC-Ternium,4825.12,8620.0
2024-06-06,15,PT1H,MC-Ternium,4534.42,8620.0
2024-06-06,16,PT1H,MC-Ternium,3615.0,8620.0
2024-06-06,17,PT1H,MC-Ternium,2272.2,8620.0
2024-06-06,18,PT1H,MC-Ternium,1604.74,8620.0
2024-06-06,19,PT1H,MC-Ternium,1627.38,8620.0
2024-06-06,20,PT1H,MC-Ternium,1472.52,8620.0
2024-06-06,21,PT1H,MC-Ternium,2186.5,8620.0
2024-06-06,22,PT1H,MC-Ternium,2719.27,8620.0
2024-06-06,23,PT1H,MC-Ternium,3337.75,8620.0
2024-06-06,24,PT1H,MC-Ternium,3000.6,8630.0
2024-06-07,1,PT1H,MC-Ternium,3962.63,8620.0
2024-06-07,2,PT1H,MC-Ternium,4989.69,8620.0
2024-06-07,3,PT1H,MC-Ternium,6061.14,8620.0
2024-06-07,4,PT1H,MC-Ternium,7174.38,8620.0
2024-06-07,5,PT1H,MC-Ternium,5138.33,8620.0
2024-06-07,6,PT1H,MC-Ternium,6419.78,8620.0
2024-06-07,7,PT1H,MC-Ternium,4402.38,7866.0
2024-06-07,8,PT1H,MC-Ternium,5166.12,7866.0
2024-06-07,9,PT1H,MC-Ternium,2927.37,7866.0
2024-06-07,10,PT1H,MC-Ternium,5907.72,7866.0
2024-06-07,11,PT1H,MC-Ternium,6902.81,7866.0
2024-06-07,12,PT1H,MC-Ternium,6069.28,7866.0
2024-06-07,13,PT1H,MC-Ternium,7394.91,7866.0
2024-06-07,14,PT1H,MC-Ternium,7095.93,7866.0
2024-06-07,15,PT1H,MC-Ternium,7327.35,8620.0
2024-06-07,16,PT1H,MC-Ternium,5199.87,8620.0
2024-06-07,17,PT1H,MC-Ternium,7111.96,8620.0
2024-06-07,18,PT1H,MC-Ternium,7083.82,8620.0
2024-06-07,19,PT1H,MC-Ternium,7070.77,8620.0
2024-06-07,20,PT1H,MC-Ternium,6143.48,8620.0
2024-06-07,21,PT1H,MC-Ternium,5483.73,8620.0
2024-06-07,22,PT1H,MC-Ternium,3911.38,8620.0
2024-06-07,23,PT1H,MC-Ternium,5972.63,8620.0
2024-06-07,24,PT1H,MC-Ternium,7484.18,8630.0
2024-06-08,1,PT1H,MC-Ternium,6971.0,8620.0
2024-06-08,2,PT1H,MC-Ternium,6682.93,8620.0
2024-06-08,3,PT1H,MC-Ternium,6545.02,8620.0
2024-06-08,4,PT1H,MC-Ternium,6611.19,8620.0
2024-06-08,5,PT1H,MC-Ternium,7161.24,8620.0
2024-06-08,6,PT1H,MC-Ternium,7037.74,8620.0
2024-06-08,7,PT1H,MC-Ternium,4236.33,1374.0
2024-06-08,8,PT1H,MC-Ternium,6406.38,1374.0
2024-06-08,9,PT1H,MC-Ternium,4753.39,6237.0
2024-06-08,10,PT1H,MC-Ternium,2374.25,6237.0
2024-06-08,11,PT1H,MC-Ternium,5802.09,6237.0
2024-06-08,12,PT1H,MC-Ternium,5087.53,6237.0
2024-06-08,13,PT1H,MC-Ternium,7212.0,6237.0
2024-06-08,14,PT1H,MC-Ternium,5746.47,6237.0
2024-06-08,15,PT1H,MC-Ternium,4906.72,6237.0
2024-06-08,16,PT1H,MC-Ternium,6923.31,6237.0
2024-06-08,17,PT1H,MC-Ternium,7769.48,6237.0
2024-06-08,18,PT1H,MC-Ternium,7511.05,6237.0
2024-06-08,19,PT1H,MC-Ternium,7477.51,6237.0
2024-06-08,20,PT1H,MC-Ternium,7220.47,6237.0
2024-06-08,21,PT1H,MC-Ternium,7243.63,6237.0
2024-06-08,22,PT1H,MC-Ternium,7181.23,6237.0
2024-06-08,23,PT1H,MC-Ternium,6889.6,6237.0
2024-06-08,24,PT1H,MC-Ternium,7387.05,6237.0
2024-06-09,1,PT1H,MC-Ternium,6722.2,6237.0
2024-06-09,2,PT1H,MC-Ternium,7334.16,6237.0
2024-06-09,3,PT1H,MC-Ternium,7376.4,6237.0
2024-06-09,4,PT1H,MC-Ternium,5546.56,6237.0
2024-06-09,5,PT1H,MC-Ternium,7199.95,6237.0
2024-06-09,6,PT1H,MC-Ternium,7163.52,6237.0
2024-06-09,7,PT1H,MC-Ternium,7072.95,5691.0
2024-06-09,8,PT1H,MC-Ternium,6801.42,5691.0
2024-06-09,9,PT1H,MC-Ternium,6917.07,5691.0
2024-06-09,10,PT1H,MC-Ternium,6900.96,5691.0
2024-06-09,11,PT1H,MC-Ternium,7076.77,5691.0
2024-06-09,12,PT1H,MC-Ternium,6671.48,5691.0
2024-06-09,13,PT1H,MC-Ternium,7231.92,5691.0
2024-06-09,14,PT1H,MC-Ternium,7378.0,5691.0
2024-06-09,15,PT1H,MC-Ternium,6810.55,6237.0
2024-06-09,16,PT1H,MC-Ternium,7225.59,6237.0
2024-06-09,17,PT1H,MC-Ternium,3555.51,6237.0
2024-06-09,18,PT1H,MC-Ternium,3871.42,6237.0
2024-06-09,19,PT1H,MC-Ternium,4043.99,6237.0
2024-06-09,20,PT1H,MC-Ternium,5854.11,6237.0
2024-06-09,21,PT1H,MC-Ternium,2995.22,6237.0
2024-06-09,22,PT1H,MC-Ternium,2573.89,6237.0
2024-06-09,23,PT1H,MC-Ternium,2617.1,6237.0
2024-06-09,24,PT1H,MC-Ternium,3060.95,6237.0
2024-06-10,1,PT1H,MC-Ternium,2522.11,7145.0
2024-06-10,2,PT1H,MC-Ternium,2604.81,7145.0
2024-06-10,3,PT1H,MC-Ternium,2825.32,7145.0
2024-06-10,4,PT1H,MC-Ternium,5002.52,7145.0
2024-06-10,5,PT1H,MC-Ternium,6082.33,7145.0
2024-06-10,6,PT1H,MC-Ternium,6876.82,7145.0
2024-06-10,7,PT1H,MC-Ternium,7624.21,7265.0
2024-06-10,8,PT1H,MC-Ternium,6632.25,7265.0
2024-06-10,9,PT1H,MC-Ternium,6012.32,7265.0
2024-06-10,10,PT1H,MC-Ternium,7546.35,7265.0
2024-06-10,11,PT1H,MC-Ternium,7524.32,7265.0
2024-06-10,12,PT1H,MC-Ternium,6588.69,7265.0
2024-06-10,13,PT1H,MC-Ternium,3123.53,7265.0
2024-06-10,14,PT1H,MC-Ternium,3954.93,7265.0
2024-06-10,15,PT1H,MC-Ternium,5198.62,7145.0
2024-06-10,16,PT1H,MC-Ternium,4774.93,7145.0
2024-06-10,17,PT1H,MC-Ternium,7093.64,7145.0
2024-06-10,18,PT1H,MC-Ternium,6771.75,7145.0
2024-06-10,19,PT1H,MC-Ternium,5621.21,7145.0
2024-06-10,20,PT1H,MC-Ternium,6670.18,7145.0
2024-06-10,21,PT1H,MC-Ternium,5645.69,7145.0
2024-06-10,22,PT1H,MC-Ternium,5896.7,7145.0
2024-06-10,23,PT1H,MC-Ternium,7342.85,4287.0
2024-06-10,24,PT1H,MC-Ternium,7013.27,4297.0
2024-06-11,1,PT1H,MC-Ternium,7045.73,4287.0
2024-06-11,2,PT1H,MC-Ternium,6871.07,4287.0
2024-06-11,3,PT1H,MC-Ternium,7409.37,4287.0
2024-06-11,4,PT1H,MC-Ternium,3143.04,4287.0
2024-06-11,5,PT1H,MC-Ternium,5035.99,4287.0
2024-06-11,6,PT1H,MC-Ternium,5632.64,4287.0
2024-06-11,7,PT1H,MC-Ternium,4927.78,2401.0
2024-06-11,8,PT1H,MC-Ternium,7257.59,2401.0
2024-06-11,9,PT1H,MC-Ternium,5946.09,2401.0
2024-06-11,10,PT1H,MC-Ternium,6572.3,2401.0
2024-06-11,11,PT1H,MC-Ternium,6910.86,2401.0
2024-06-11,12,PT1H,MC-Ternium,7419.51,2401.0
2024-06-11,13,PT1H,MC-Ternium,5815.54,2401.0
2024-06-11,14,PT1H,MC-Ternium,5897.71,2401.0
2024-06-11,15,PT1H,MC-Ternium,3980.08,7128.0
2024-06-11,16,PT1H,MC-Ternium,2850.34,7128.0
2024-06-11,17,PT1H,MC-Ternium,3000.55,7128.0
2024-06-11,18,PT1H,MC-Ternium,2971.55,7128.0
2024-06-11,19,PT1H,MC-Ternium,7282.34,7128.0
2024-06-11,20,PT1H,MC-Ternium,6966.95,7128.0
2024-06-11,21,PT1H,MC-Ternium,7259.7,7128.0
2024-06-11,22,PT1H,MC-Ternium,6819.78,7128.0
2024-06-11,23,PT1H,MC-Ternium,4396.67,7128.0
2024-06-11,24,PT1H,MC-Ternium,4140.15,7138.0
2024-06-12,1,PT1H,MC-Ternium,6422.2,7128.0
2024-06-12,2,PT1H,MC-Ternium,6894.49,7128.0
2024-06-12,3,PT1H,MC-Ternium,7944.74,7128.0
2024-06-12,4,PT1H,MC-Ternium,6836.49,7128.0
2024-06-12,5,PT1H,MC-Ternium,6804.77,7128.0
2024-06-12,6,PT1H,MC-Ternium,5676.42,7128.0
2024-06-12,7,PT1H,MC-Ternium,7462.85,6504.0
2024-06-12,8,PT1H,MC-Ternium,7185.27,6504.0
2024-06-12,9,PT1H,MC-Ternium,5704.11,6504.0
2024-06-12,10,PT1H,MC-Ternium,7600.85,6504.0
2024-06-12,11,PT1H,MC-Ternium,7195.14,6504.0
2024-06-12,12,PT1H,MC-Ternium,5872.33,6504.0
2024-06-12,13,PT1H,MC-Ternium,6946.55,6504.0
2024-06-12,14,PT1H,MC-Ternium,5639.5,6504.0
2024-06-12,15,PT1H,MC-Ternium,7428.8,8350.0
2024-06-12,16,PT1H,MC-Ternium,7736.9,8350.0
2024-06-12,17,PT1H,MC-Ternium,6411.92,8350.0
2024-06-12,18,PT1H,MC-Ternium,7695.49,8350.0
2024-06-12,19,PT1H,MC-Ternium,5479.79,8350.0
2024-06-12,20,PT1H,MC-Ternium,6469.02,8350.0
2024-06-12,21,PT1H,MC-Ternium,3442.35,8350.0
2024-06-12,22,PT1H,MC-Ternium,2794.33,8350.0
2024-06-12,23,PT1H,MC-Ternium,3467.08,7128.0
2024-06-12,24,PT1H,MC-Ternium,5762.52,7138.0
2024-06-13,1,PT1H,MC-Ternium,7625.12,7128.0
2024-06-13,2,PT1H,MC-Ternium,7270.39,7128.0
2024-06-13,3,PT1H,MC-Ternium,6851.1,7128.0
2024-06-13,4,PT1H,MC-Ternium,7628.59,7128.0
2024-06-13,5,PT1H,MC-Ternium,7477.73,7128.0
2024-06-13,6,PT1H,MC-Ternium,7869.82,7128.0
2024-06-13,7,PT1H,MC-Ternium,3569.11,2940.0
2024-06-13,8,PT1H,MC-Ternium,2135.26,2940.0
2024-06-13,9,PT1H,MC-Ternium,4086.7,2940.0
2024-06-13,10,PT1H,MC-Ternium,6671.36,2940.0
2024-06-13,11,PT1H,MC-Ternium,7472.46,2940.0
2024-06-13,12,PT1H,MC-Ternium,6347.56,2940.0
2024-06-13,13,PT1H,MC-Ternium,6633.97,2940.0
2024-06-13,14,PT1H,MC-Ternium,7742.99,2940.0
2024-06-13,15,PT1H,MC-Ternium,7484.59,8350.0
2024-06-13,16,PT1H,MC-Ternium,6893.14,8350.0
2024-06-13,17,PT1H,MC-Ternium,7873.59,8350.0
2024-06-13,18,PT1H,MC-Ternium,6493.77,8350.0
2024-06-13,19,PT1H,MC-Ternium,6452.35,8350.0
2024-06-13,20,PT1H,MC-Ternium,7431.2,8350.0
2024-06-13,21,PT1H,MC-Ternium,2891.26,8350.0
2024-06-13,22,PT1H,MC-Ternium,3278.61,8350.0
2024-06-13,23,PT1H,MC-Ternium,6116.35,8350.0
2024-06-13,24,PT1H,MC-Ternium,4511.38,8360.0
2024-06-14,1,PT1H,MC-Ternium,5567.37,8350.0
2024-06-14,2,PT1H,MC-Ternium,5723.94,8350.0
2024-06-14,3,PT1H,MC-Ternium,5861.87,8350.0
2024-06-14,4,PT1H,MC-Ternium,6467.49,8350.0
2024-06-14,5,PT1H,MC-Ternium,6113.18,8350.0
2024-06-14,6,PT1H,MC-Ternium,5442.76,8350.0
2024-06-14,7,PT1H,MC-Ternium,6607.63,3444.0
2024-06-14,8,PT1H,MC-Ternium,5144.94,3444.0
2024-06-14,9,PT1H,MC-Ternium,6876.26,3444.0
2024-06-14,10,PT1H,MC-Ternium,5335.28,3444.0
2024-06-14,11,PT1H,MC-Ternium,5090.61,3444.0
2024-06-14,12,PT1H,MC-Ternium,7114.4,3444.0
2024-06-14,13,PT1H,MC-Ternium,7414.2,3444.0
2024-06-14,14,PT1H,MC-Ternium,7216.91,3444.0
2024-06-14,15,PT1H,MC-Ternium,6983.07,8350.0
2024-06-14,16,PT1H,MC-Ternium,5086.81,8350.0
2024-06-14,17,PT1H,MC-Ternium,6273.52,8350.0
2024-06-14,18,PT1H,MC-Ternium,7042.38,8350.0
2024-06-14,19,PT1H,MC-Ternium,6264.95,8350.0
2024-06-14,20,PT1H,MC-Ternium,7100.74,8350.0
2024-06-14,21,PT1H,MC-Ternium,6948.87,8350.0
2024-06-14,22,PT1H,MC-Ternium,7022.94,8350.0
2024-06-14,23,PT1H,MC-Ternium,7089.56,8350.0
2024-06-14,24,PT1H,MC-Ternium,7441.68,8360.0
2024-06-15,1,PT1H,MC-Ternium,5611.75,6125.0
2024-06-15,2,PT1H,MC-Ternium,4929.27,6125.0
2024-06-15,3,PT1H,MC-Ternium,5878.43,6125.0
2024-06-15,4,PT1H,MC-Ternium,5125.08,6125.0
2024-06-15,5,PT1H,MC-Ternium,6541.39,6125.0
2024-06-15,6,PT1H,MC-Ternium,6805.64,6125.0
2024-06-15,7,PT1H,MC-Ternium,6626.31,6125.0
2024-06-15,8,PT1H,MC-Ternium,6103.04,6125.0
2024-06-15,9,PT1H,MC-Ternium,5219.22,6125.0
2024-06-15,10,PT1H,MC-Ternium,6538.42,6125.0
2024-06-15,11,PT1H,MC-Ternium,6596.17,6125.0
2024-06-15,12,PT1H,MC-Ternium,6511.57,6125.0
2024-06-15,13,PT1H,MC-Ternium,6489.89,6125.0
2024-06-15,14,PT1H,MC-Ternium,6616.26,6125.0
2024-06-15,15,PT1H,MC-Ternium,6795.06,6125.0
2024-06-15,16,PT1H,MC-Ternium,5647.69,6125.0
2024-06-15,17,PT1H,MC-Ternium,6128.84,6125.0
2024-06-15,18,PT1H,MC-Ternium,6364.78,6125.0
2024-06-15,19,PT1H,MC-Ternium,6726.74,6125.0
2024-06-15,20,PT1H,MC-Ternium,6383.87,6125.0
2024-06-15,21,PT1H,MC-Ternium,6371.05,6125.0
2024-06-15,22,PT1H,MC-Ternium,4400.36,6125.0
2024-06-15,23,PT1H,MC-Ternium,1806.06,6125.0
2024-06-15,24,PT1H,MC-Ternium,2073.13,6135.0
2024-06-16,1,PT1H,MC-Ternium,2718.95,6125.0
2024-06-16,2,PT1H,MC-Ternium,4978.08,6125.0
2024-06-16,3,PT1H,MC-Ternium,5101.26,6125.0
2024-06-16,4,PT1H,MC-Ternium,5887.33,6125.0
2024-06-16,5,PT1H,MC-Ternium,5467.26,6125.0
2024-06-16,6,PT1H,MC-Ternium,6316.82,6125.0
2024-06-16,7,PT1H,MC-Ternium,5095.35,6125.0
2024-06-16,8,PT1H,MC-Ternium,6633.18,6125.0
2024-06-16,9,PT1H,MC-Ternium,6866.11,6125.0
2024-06-16,10,PT1H,MC-Ternium,4549.16,6125.0
2024-06-16,11,PT1H,MC-Ternium,5015.58,6125.0
2024-06-16,12,PT1H,MC-Ternium,6839.57,6125.0
2024-06-16,13,PT1H,MC-Ternium,3283.23,6125.0
2024-06-16,14,PT1H,MC-Ternium,4347.48,6125.0
2024-06-16,15,PT1H,MC-Ternium,4767.37,6125.0
2024-06-16,16,PT1H,MC-Ternium,4179.99,6125.0
2024-06-16,17,PT1H,MC-Ternium,3849.97,6125.0
2024-06-16,18,PT1H,MC-Ternium,3782.79,6125.0
2024-06-16,19,PT1H,MC-Ternium,5184.6,6125.0
2024-06-16,20,PT1H,MC-Ternium,5501.0,6125.0
2024-06-16,21,PT1H,MC-Ternium,5033.36,6125.0
2024-06-16,22,PT1H,MC-Ternium,6212.01,6125.0
2024-06-16,23,PT1H,MC-Ternium,6826.89,6125.0
2024-06-16,24,PT1H,MC-Ternium,6944.48,6135.0
2024-06-17,1,PT1H,MC-Ternium,6642.36,6979.9
2024-06-17,2,PT1H,MC-Ternium,3303.63,6979.9
2024-06-17,3,PT1H,MC-Ternium,5192.44,6979.9
2024-06-17,4,PT1H,MC-Ternium,5282.16,6979.9
2024-06-17,5,PT1H,MC-Ternium,6658.28,6979.9
2024-06-17,6,PT1H,MC-Ternium,6897.8,6979.9
2024-06-17,7,PT1H,MC-Ternium,6861.57,6979.9
2024-06-17,8,PT1H,MC-Ternium,6766.34,6979.9
2024-06-17,9,PT1H,MC-Ternium,6712.68,6979.9
2024-06-17,10,PT1H,MC-Ternium,7013.06,6979.9
2024-06-17,11,PT1H,MC-Ternium,7047.72,6979.9
2024-06-17,12,PT1H,MC-Ternium,5927.9,6979.9
2024-06-17,13,PT1H,MC-Ternium,6931.98,6979.9
2024-06-17,14,PT1H,MC-Ternium,7035.67,6979.9
2024-06-17,15,PT1H,MC-Ternium,6048.09,6979.9
2024-06-17,16,PT1H,MC-Ternium,6826.05,6979.9
2024-06-17,17,PT1H,MC-Ternium,6872.38,6979.9
2024-06-17,18,PT1H,MC-Ternium,6954.62,6979.9
2024-06-17,19,PT1H,MC-Ternium,6940.93,6979.9
2024-06-17,20,PT1H,MC-Ternium,6603.15,6979.9
2024-06-17,21,PT1H,MC-Ternium,6937.28,6979.9
2024-06-17,22,PT1H,MC-Ternium,3998.12,6979.9
2024-06-17,23,PT1H,MC-Ternium,6755.89,6979.9
2024-06-17,24,PT1H,MC-Ternium,6812.13,6980.0
2024-06-18,1,PT1H,MC-Ternium,4597.33,7605.8
2024-06-18,2,PT1H,MC-Ternium,4283.63,7605.8
2024-06-18,3,PT1H,MC-Ternium,6721.08,7605.8
2024-06-18,4,PT1H,MC-Ternium,6899.01,7605.8
2024-06-18,5,PT1H,MC-Ternium,4953.45,7605.8
2024-06-18,6,PT1H,MC-Ternium,6891.29,7605.8
2024-06-18,7,PT1H,MC-Ternium,5462.84,7605.8
2024-06-18,8,PT1H,MC-Ternium,5218.99,7605.8
2024-06-18,9,PT1H,MC-Ternium,6933.02,7605.8
2024-06-18,10,PT1H,MC-Ternium,6941.99,7605.8
2024-06-18,11,PT1H,MC-Ternium,3885.06,7605.8
2024-06-18,12,PT1H,MC-Ternium,6776.74,7605.8
2024-06-18,13,PT1H,MC-Ternium,6832.15,7605.8
2024-06-18,14,PT1H,MC-Ternium,5519.49,7605.8
2024-06-18,15,PT1H,MC-Ternium,6666.45,7605.8
2024-06-18,16,PT1H,MC-Ternium,6727.99,7605.8
2024-06-18,17,PT1H,MC-Ternium,5702.62,7605.8
2024-06-18,18,PT1H,MC-Ternium,6099.65,7605.8
2024-06-18,19,PT1H,MC-Ternium,6546.1,7605.8
2024-06-18,20,PT1H,MC-Ternium,6428.38,7605.8
2024-06-18,21,PT1H,MC-Ternium,4494.7,7605.8
2024-06-18,22,PT1H,MC-Ternium,5934.92,7605.8
2024-06-18,23,PT1H,MC-Ternium,5499.63,7605.8
2024-06-18,24,PT1H,MC-Ternium,5465.03,7606.0
2024-06-19,1,PT1H,MC-Ternium,6755.5,7035.5
2024-06-19,2,PT1H,MC-Ternium,6589.62,7035.5
2024-06-19,3,PT1H,MC-Ternium,5446.47,7035.5
2024-06-19,4,PT1H,MC-Ternium,3880.87,7035.5
2024-06-19,5,PT1H,MC-Ternium,5285.02,7035.5
2024-06-19,6,PT1H,MC-Ternium,2943.17,7035.5
2024-06-19,7,PT1H,MC-Ternium,5453.94,7035.5
2024-06-19,8,PT1H,MC-Ternium,6195.52,7035.5
2024-06-19,9,PT1H,MC-Ternium,6608.52,7035.5
2024-06-19,10,PT1H,MC-Ternium,6809.41,7035.5
2024-06-19,11,PT1H,MC-Ternium,6908.33,7035.5
2024-06-19,12,PT1H,MC-Ternium,6849.78,7035.5
2024-06-19,13,PT1H,MC-Ternium,2257.05,7035.5
2024-06-19,14,PT1H,MC-Ternium,3755.91,7035.5
2024-06-19,15,PT1H,MC-Ternium,6871.87,7035.5
2024-06-19,16,PT1H,MC-Ternium,5889.83,7035.5
2024-06-19,17,PT1H,MC-Ternium,7067.92,7035.5
2024-06-19,18,PT1H,MC-Ternium,7147.5,7035.5
2024-06-19,19,PT1H,MC-Ternium,7268.17,7035.5
2024-06-19,20,PT1H,MC-Ternium,7108.66,7035.5
2024-06-19,21,PT1H,MC-Ternium,6081.46,7035.5
2024-06-19,22,PT1H,MC-Ternium,6456.75,7035.5
2024-06-19,23,PT1H,MC-Ternium,5259.42,7035.5
2024-06-19,24,PT1H,MC-Ternium,7039.03,7036.0
2024-06-20,1,PT1H,MC-Ternium,6986.04,6334.3
2024-06-20,2,PT1H,MC-Ternium,6964.88,6334.3
2024-06-20,3,PT1H,MC-Ternium,7096.39,6334.3
2024-06-20,4,PT1H,MC-Ternium,6995.67,6334.3
2024-06-20,5,PT1H,MC-Ternium,6670.77,6334.3
2024-06-20,6,PT1H,MC-Ternium,6980.37,6334.3
2024-06-20,7,PT1H,MC-Ternium,6384.38,6334.3
2024-06-20,8,PT1H,MC-Ternium,6773.73,6334.3
2024-06-20,9,PT1H,MC-Ternium,6619.59,6334.3
2024-06-20,10,PT1H,MC-Ternium,6507.23,6334.3
2024-06-20,11,PT1H,MC-Ternium,6891.72,6334.3
2024-06-20,12,PT1H,MC-Ternium,6037.22,6334.3
2024-06-20,13,PT1H,MC-Ternium,6052.09,6334.3
2024-06-20,14,PT1H,MC-Ternium,5364.79,6334.3
2024-06-20,15,PT1H,MC-Ternium,6529.28,6334.3
2024-06-20,16,PT1H,MC-Ternium,6815.59,6334.3
2024-06-20,17,PT1H,MC-Ternium,3789.01,6334.3
2024-06-20,18,PT1H,MC-Ternium,4772.03,6334.3
2024-06-20,19,PT1H,MC-Ternium,6382.25,6334.3
2024-06-20,20,PT1H,MC-Ternium,6990.45,6334.3
2024-06-20,21,PT1H,MC-Ternium,7128.37,6334.3
2024-06-20,22,PT1H,MC-Ternium,7248.87,6334.3
2024-06-20,23,PT1H,MC-Ternium,7359.86,6334.3
2024-06-20,24,PT1H,MC-Ternium,7149.86,6334.0
2024-06-21,1,PT1H,MC-Ternium,7222.72,6911.7
2024-06-21,2,PT1H,MC-Ternium,7099.96,6911.7
2024-06-21,3,PT1H,MC-Ternium,7050.92,6911.7
2024-06-21,4,PT1H,MC-Ternium,6823.12,6911.7
2024-06-21,5,PT1H,MC-Ternium,6901.23,6911.7
2024-06-21,6,PT1H,MC-Ternium,5886.9,6911.7
2024-06-21,7,PT1H,MC-Ternium,6804.26,6911.7
2024-06-21,8,PT1H,MC-Ternium,7085.58,6911.7
2024-06-21,9,PT1H,MC-Ternium,7109.59,6911.7
2024-06-21,10,PT1H,MC-Ternium,5845.09,6911.7
2024-06-21,11,PT1H,MC-Ternium,2695.45,6911.7
2024-06-21,12,PT1H,MC-Ternium,4480.66,6911.7
2024-06-21,13,PT1H,MC-Ternium,5563.84,6911.7
2024-06-21,14,PT1H,MC-Ternium,6137.77,6911.7
2024-06-21,15,PT1H,MC-Ternium,6768.73,6911.7
2024-06-21,16,PT1H,MC-Ternium,6976.19,6911.7
2024-06-21,17,PT1H,MC-Ternium,4755.44,6911.7
2024-06-21,18,PT1H,MC-Ternium,7040.44,6911.7
2024-06-21,19,PT1H,MC-Ternium,6273.73,6911.7
2024-06-21,20,PT1H,MC-Ternium,5385.32,6911.7
2024-06-21,21,PT1H,MC-Ternium,7133.06,6911.7
2024-06-21,22,PT1H,MC-Ternium,5655.55,6911.7
2024-06-21,23,PT1H,MC-Ternium,6334.41,6911.7
2024-06-21,24,PT1H,MC-Ternium,7024.48,6920.0
2024-06-22,1,PT1H,MC-Ternium,6935.72,6215.0
2024-06-22,2,PT1H,MC-Ternium,7315.81,6215.0
2024-06-22,3,PT1H,MC-Ternium,7155.68,6215.0
2024-06-22,4,PT1H,MC-Ternium,7181.56,6215.0
2024-06-22,5,PT1H,MC-Ternium,6021.61,6215.0
2024-06-22,6,PT1H,MC-Ternium,7264.18,6215.0
2024-06-22,7,PT1H,MC-Ternium,6624.04,6215.0
2024-06-22,8,PT1H,MC-Ternium,6274.69,6215.0
2024-06-22,9,PT1H,MC-Ternium,2965.31,6215.0
2024-06-22,10,PT1H,MC-Ternium,1537.07,6215.0
2024-06-22,11,PT1H,MC-Ternium,1612.52,6215.0
2024-06-22,12,PT1H,MC-Ternium,2142.7,6215.0
2024-06-22,13,PT1H,MC-Ternium,2966.11,6215.0
2024-06-22,14,PT1H,MC-Ternium,2961.64,6215.0
2024-06-22,15,PT1H,MC-Ternium,3151.9,6215.0
2024-06-22,16,PT1H,MC-Ternium,4300.89,6215.0
2024-06-22,17,PT1H,MC-Ternium,4125.94,6215.0
2024-06-22,18,PT1H,MC-Ternium,4674.32,6215.0
2024-06-22,19,PT1H,MC-Ternium,4900.35,6215.0
2024-06-22,20,PT1H,MC-Ternium,4281.19,6215.0
2024-06-22,21,PT1H,MC-Ternium,4256.08,6215.0
2024-06-22,22,PT1H,MC-Ternium,4906.17,6215.0
2024-06-22,23,PT1H,MC-Ternium,4153.19,6215.0
2024-06-22,24,PT1H,MC-Ternium,3990.16,6226.0
2024-06-23,1,PT1H,MC-Ternium,4594.82,6215.0
2024-06-23,2,PT1H,MC-Ternium,4815.38,6215.0
2024-06-23,3,PT1H,MC-Ternium,3787.34,6215.0
2024-06-23,4,PT1H,MC-Ternium,1821.73,6215.0
2024-06-23,5,PT1H,MC-Ternium,1556.11,6215.0
2024-06-23,6,PT1H,MC-Ternium,1517.29,6215.0
2024-06-23,7,PT1H,MC-Ternium,1557.95,6215.0
2024-06-23,8,PT1H,MC-Ternium,2611.16,6215.0
2024-06-23,9,PT1H,MC-Ternium,3397.84,6215.0
2024-06-23,10,PT1H,MC-Ternium,4785.51,6215.0
2024-06-23,11,PT1H,MC-Ternium,4509.79,6215.0
2024-06-23,12,PT1H,MC-Ternium,3056.54,6215.0
2024-06-23,13,PT1H,MC-Ternium,3931.18,6215.0
2024-06-23,14,PT1H,MC-Ternium,5294.96,6215.0
2024-06-23,15,PT1H,MC-Ternium,5090.57,6215.0
2024-06-23,16,PT1H,MC-Ternium,5286.1,6215.0
2024-06-23,17,PT1H,MC-Ternium,4506.96,6215.0
2024-06-23,18,PT1H,MC-Ternium,5218.59,6215.0
2024-06-23,19,PT1H,MC-Ternium,4453.32,6215.0
2024-06-23,20,PT1H,MC-Ternium,3647.62,6215.0
2024-06-23,21,PT1H,MC-Ternium,3307.95,6215.0
2024-06-23,22,PT1H,MC-Ternium,4725.38,6215.0
2024-06-23,23,PT1H,MC-Ternium,3672.29,6215.0
2024-06-23,24,PT1H,MC-Ternium,3892.97,6216.0
2024-06-24,1,PT1H,MC-Ternium,3843.18,6931.0
2024-06-24,2,PT1H,MC-Ternium,4065.38,6931.0
2024-06-24,3,PT1H,MC-Ternium,3509.4,6931.0
2024-06-24,4,PT1H,MC-Ternium,4191.7,6931.0
2024-06-24,5,PT1H,MC-Ternium,4014.58,6931.0
2024-06-24,6,PT1H,MC-Ternium,4438.57,6931.0
2024-06-24,7,PT1H,MC-Ternium,4461.36,6931.0
2024-06-24,8,PT1H,MC-Ternium,3773.94,6931.0
2024-06-24,9,PT1H,MC-Ternium,5059.62,6931.0
2024-06-24,10,PT1H,MC-Ternium,6860.33,6931.0
2024-06-24,11,PT1H,MC-Ternium,6560.52,6931.0
2024-06-24,12,PT1H,MC-Ternium,6423.5,6931.0
2024-06-24,13,PT1H,MC-Ternium,6217.6,6931.0
2024-06-24,14,PT1H,MC-Ternium,5645.9,6931.0
2024-06-24,15,PT1H,MC-Ternium,5016.0,6931.0
2024-06-24,16,PT1H,MC-Ternium,5536.47,6931.0
2024-06-24,17,PT1H,MC-Ternium,6416.08,6931.0
2024-06-24,18,PT1H,MC-Ternium,5945.71,6931.0
2024-06-24,19,PT1H,MC-Ternium,5588.2,6931.0
2024-06-24,20,PT1H,MC-Ternium,6560.99,6931.0
2024-06-24,21,PT1H,MC-Ternium,2385.76,6931.0
2024-06-24,22,PT1H,MC-Ternium,3983.85,6931.0
2024-06-24,23,PT1H,MC-Ternium,4792.14,6931.0
2024-06-24,24,PT1H,MC-Ternium,2855.07,6932.0
2024-06-25,1,PT1H,MC-Ternium,3042.72,5937.7
2024-06-25,2,PT1H,MC-Ternium,3597.31,5937.7
2024-06-25,3,PT1H,MC-Ternium,2955.95,5937.7
2024-06-25,4,PT1H,MC-Ternium,3057.3,5937.7
2024-06-25,5,PT1H,MC-Ternium,5018.64,5937.7
2024-06-25,6,PT1H,MC-Ternium,5285.93,5937.7
2024-06-25,7,PT1H,MC-Ternium,4967.18,5937.7
2024-06-25,8,PT1H,MC-Ternium,3077.95,5937.7
2024-06-25,9,PT1H,MC-Ternium,3086.62,5937.7
2024-06-25,10,PT1H,MC-Ternium,3320.64,5937.7
2024-06-25,11,PT1H,MC-Ternium,3560.78,5937.7
2024-06-25,12,PT1H,MC-Ternium,5306.65,5937.7
2024-06-25,13,PT1H,MC-Ternium,4276.73,5937.7
2024-06-25,14,PT1H,MC-Ternium,5460.44,5937.7
2024-06-25,15,PT1H,MC-Ternium,3384.61,5937.7
2024-06-25,16,PT1H,MC-Ternium,3027.43,5937.7
2024-06-25,17,PT1H,MC-Ternium,3316.17,5937.7
2024-06-25,18,PT1H,MC-Ternium,3904.32,5937.7
2024-06-25,19,PT1H,MC-Ternium,3071.89,5937.7
2024-06-25,20,PT1H,MC-Ternium,2551.65,5937.7
2024-06-25,21,PT1H,MC-Ternium,2558.52,5937.7
2024-06-25,22,PT1H,MC-Ternium,2399.08,5937.7
2024-06-25,23,PT1H,MC-Ternium,1655.63,5937.7
2024-06-25,24,PT1H,MC-Ternium,2445.9,5938.0
2024-06-26,1,PT1H,MC-Ternium,2795.87,8106.2
2024-06-26,2,PT1H,MC-Ternium,5253.83,8106.2
2024-06-26,3,PT1H,MC-Ternium,4967.68,8106.2
2024-06-26,4,PT1H,MC-Ternium,4605.04,8106.2
2024-06-26,5,PT1H,MC-Ternium,3976.93,8106.2
2024-06-26,6,PT1H,MC-Ternium,4555.17,8106.2
2024-06-26,7,PT1H,MC-Ternium,4674.35,8106.2
2024-06-26,8,PT1H,MC-Ternium,3081.14,8106.2
2024-06-26,9,PT1H,MC-Ternium,3666.15,8106.2
2024-06-26,10,PT1H,MC-Ternium,3059.41,8106.2
2024-06-26,11,PT1H,MC-Ternium,4965.1,8106.2
2024-06-26,12,PT1H,MC-Ternium,5103.0,8106.2
2024-06-26,13,PT1H,MC-Ternium,5824.45,8106.2
2024-06-26,14,PT1H,MC-Ternium,4268.3,8106.2
2024-06-26,15,PT1H,MC-Ternium,5258.23,8106.2
2024-06-26,16,PT1H,MC-Ternium,5385.17,8106.2
2024-06-26,17,PT1H,MC-Ternium,5284.6,8106.2
2024-06-26,18,PT1H,MC-Ternium,5284.85,8106.2
2024-06-26,19,PT1H,MC-Ternium,3510.77,8106.2
2024-06-26,20,PT1H,MC-Ternium,3774.05,8106.2
2024-06-26,21,PT1H,MC-Ternium,3125.88,8106.2
2024-06-26,22,PT1H,MC-Ternium,2426.1,8106.2
2024-06-26,23,PT1H,MC-Ternium,2180.63,8106.2
2024-06-26,24,PT1H,MC-Ternium,4190.28,8107.0
2024-06-27,1,PT1H,MC-Ternium,3716.46,8106.2
2024-06-27,2,PT1H,MC-Ternium,5600.27,8106.2
2024-06-27,3,PT1H,MC-Ternium,6152.86,8106.2
2024-06-27,4,PT1H,MC-Ternium,6043.03,8106.2
2024-06-27,5,PT1H,MC-Ternium,5588.34,8106.2
2024-06-27,6,PT1H,MC-Ternium,2853.14,8106.2
2024-06-27,7,PT1H,MC-Ternium,5437.04,8106.2
2024-06-27,8,PT1H,MC-Ternium,3942.86,8106.2
2024-06-27,9,PT1H,MC-Ternium,3804.05,8106.2
2024-06-27,10,PT1H,MC-Ternium,1686.31,8106.2
2024-06-27,11,PT1H,MC-Ternium,2230.61,8106.2
2024-06-27,12,PT1H,MC-Ternium,3758.33,8106.2
2024-06-27,13,PT1H,MC-Ternium,5460.69,8106.2
2024-06-27,14,PT1H,MC-Ternium,5604.05,8106.2
2024-06-27,15,PT1H,MC-Ternium,5499.36,8106.2
2024-06-27,16,PT1H,MC-Ternium,7351.84,8106.2
2024-06-27,17,PT1H,MC-Ternium,5224.88,8106.2
2024-06-27,18,PT1H,MC-Ternium,5149.86,8106.2
2024-06-27,19,PT1H,MC-Ternium,4596.22,8106.2
2024-06-27,20,PT1H,MC-Ternium,3003.05,8106.2
2024-06-27,21,PT1H,MC-Ternium,5574.1,8106.2
2024-06-27,22,PT1H,MC-Ternium,3956.08,8106.2
2024-06-27,23,PT1H,MC-Ternium,5037.32,8106.2
2024-06-27,24,PT1H,MC-Ternium,3877.38,8107.0
2024-06-28,1,PT1H,MC-Ternium,4009.01,7888.8
2024-06-28,2,PT1H,MC-Ternium,4013.91,7888.8
2024-06-28,3,PT1H,MC-Ternium,6431.76,7888.8
2024-06-28,4,PT1H,MC-Ternium,7100.13,7888.8
2024-06-28,5,PT1H,MC-Ternium,5179.17,7888.8
2024-06-28,6,PT1H,MC-Ternium,5843.19,7888.8
2024-06-28,7,PT1H,MC-Ternium,6456.67,7888.8
2024-06-28,8,PT1H,MC-Ternium,5939.11,7888.8
2024-06-28,9,PT1H,MC-Ternium,7079.63,7888.8
2024-06-28,10,PT1H,MC-Ternium,7702.45,7888.8
2024-06-28,11,PT1H,MC-Ternium,6233.09,7888.8
2024-06-28,12,PT1H,MC-Ternium,5587.32,7888.8
2024-06-28,13,PT1H,MC-Ternium,6717.02,7888.8
2024-06-28,14,PT1H,MC-Ternium,4304.24,7888.8
2024-06-28,15,PT1H,MC-Ternium,6248.87,7888.8
2024-06-28,16,PT1H,MC-Ternium,6013.52,7888.8
2024-06-28,17,PT1H,MC-Ternium,6235.38,7888.8
2024-06-28,18,PT1H,MC-Ternium,6545.68,7888.8
2024-06-28,19,PT1H,MC-Ternium,6480.12,7888.8
2024-06-28,20,PT1H,MC-Ternium,4921.17,7888.8
2024-06-28,21,PT1H,MC-Ternium,5889.11,7888.8
2024-06-28,22,PT1H,MC-Ternium,6285.32,7888.8
2024-06-28,23,PT1H,MC-Ternium,6508.38,7888.8
2024-06-28,24,PT1H,MC-Ternium,6974.88,7888.8
2024-06-29,1,PT1H,MC-Ternium,7340.4,6215.0
2024-06-29,2,PT1H,MC-Ternium,6176.01,6215.0
2024-06-29,3,PT1H,MC-Ternium,7246.71,6215.0
2024-06-29,4,PT1H,MC-Ternium,3672.12,6215.0
2024-06-29,5,PT1H,MC-Ternium,7062.19,6215.0
2024-06-29,6,PT1H,MC-Ternium,6654.6,6215.0
2024-06-29,7,PT1H,MC-Ternium,7097.87,6215.0
2024-06-29,8,PT1H,MC-Ternium,5069.92,6215.0
2024-06-29,9,PT1H,MC-Ternium,7018.8,6215.0
2024-06-29,10,PT1H,MC-Ternium,6261.34,6215.0
2024-06-29,11,PT1H,MC-Ternium,7019.9,6215.0
2024-06-29,12,PT1H,MC-Ternium,5722.04,6215.0
2024-06-29,13,PT1H,MC-Ternium,7160.91,6215.0
2024-06-29,14,PT1H,MC-Ternium,6326.79,6215.0
2024-06-29,15,PT1H,MC-Ternium,5537.06,6215.0
2024-06-29,16,PT1H,MC-Ternium,6925.34,6215.0
2024-06-29,17,PT1H,MC-Ternium,5858.66,6215.0
2024-06-29,18,PT1H,MC-Ternium,6434.61,6215.0
2024-06-29,19,PT1H,MC-Ternium,6089.86,6215.0
2024-06-29,20,PT1H,MC-Ternium,4485.13,6215.0
2024-06-29,21,PT1H,MC-Ternium,4149.12,6215.0
2024-06-29,22,PT1H,MC-Ternium,5990.74,6215.0
2024-06-29,23,PT1H,MC-Ternium,5925.74,6215.0
2024-06-29,24,PT1H,MC-Ternium,5688.5,6220.0
2024-06-30,1,PT1H,MC-Ternium,6904.85,6215.0
2024-06-30,2,PT1H,MC-Ternium,7520.87,6215.0
2024-06-30,3,PT1H,MC-Ternium,6592.68,6215.0
2024-06-30,4,PT1H,MC-Ternium,5844.92,6215.0
2024-06-30,5,PT1H,MC-Ternium,5807.1,6215.0
2024-06-30,6,PT1H,MC-Ternium,5729.73,6215.0
2024-06-30,7,PT1H,MC-Ternium,5301.36,6215.0
2024-06-30,8,PT1H,MC-Ternium,5442.07,6215.0
2024-06-30,9,PT1H,MC-Ternium,3953.53,6215.0
2024-06-30,10,PT1H,MC-Ternium,4603.43,6215.0
2024-06-30,11,PT1H,MC-Ternium,5893.64,6215.0
2024-06-30,12,PT1H,MC-Ternium,6272.95,6215.0
2024-06-30,13,PT1H,MC-Ternium,4834.91,6215.0
2024-06-30,14,PT1H,MC-Ternium,5346.5,6215.0
2024-06-30,15,PT1H,MC-Ternium,5422.55,6215.0
2024-06-30,16,PT1H,MC-Ternium,5983.19,6215.0
2024-06-30,17,PT1H,MC-Ternium,5944.09,6215.0
2024-06-30,18,PT1H,MC-Ternium,5186.19,6215.0
2024-06-30,19,PT1H,MC-Ternium,6125.05,6215.0
2024-06-30,20,PT1H,MC-Ternium,5917.31,6215.0
2024-06-30,21,PT1H,MC-Ternium,6564.43,6215.0
2024-06-30,22,PT1H,MC-Ternium,6418.98,6215.0
2024-06-30,23,PT1H,MC-Ternium,5698.94,6215.0
2024-06-30,24,PT1H,MC-Ternium,2882.47,6216.0
2024-07-01,1,PT1H,MC-Ternium,3442.91,7621.0
2024-07-01,2,PT1H,MC-Ternium,4563.43,7621.0
2024-07-01,3,PT1H,MC-Ternium,3845.13,7621.0
2024-07-01,4,PT1H,MC-Ternium,4409.53,7621.0
2024-07-01,5,PT1H,MC-Ternium,4615.85,7621.0
2024-07-01,6,PT1H,MC-Ternium,4856.44,7621.0
2024-07-01,7,PT1H,MC-Ternium,6901.66,8352.0
2024-07-01,8,PT1H,MC-Ternium,4108.71,8352.0
2024-07-01,9,PT1H,MC-Ternium,5962.84,8352.0
2024-07-01,10,PT1H,MC-Ternium,4124.8,8352.0
2024-07-01,11,PT1H,MC-Ternium,1745.54,8352.0
2024-07-01,12,PT1H,MC-Ternium,1714.35,8352.0
2024-07-01,13,PT1H,MC-Ternium,1828.04,8352.0
2024-07-01,14,PT1H,MC-Ternium,3533.45,8352.0
2024-07-01,15,PT1H,MC-Ternium,6404.97,7621.0
2024-07-01,16,PT1H,MC-Ternium,4924.43,7621.0
2024-07-01,17,PT1H,MC-Ternium,6097.33,7621.0
2024-07-01,18,PT1H,MC-Ternium,5609.76,7621.0
2024-07-01,19,PT1H,MC-Ternium,5499.97,7621.0
2024-07-01,20,PT1H,MC-Ternium,4044.56,7621.0
2024-07-01,21,PT1H,MC-Ternium,4270.37,7621.0
2024-07-01,22,PT1H,MC-Ternium,6873.05,7621.0
2024-07-01,23,PT1H,MC-Ternium,7029.6,7129.0
2024-07-01,24,PT1H,MC-Ternium,7612.16,7129.0
2024-07-02,1,PT1H,MC-Ternium,6377.65,7129.0
2024-07-02,2,PT1H,MC-Ternium,6330.9,7129.0
2024-07-02,3,PT1H,MC-Ternium,6626.8,7129.0
2024-07-02,4,PT1H,MC-Ternium,5446.36,7129.0
2024-07-02,5,PT1H,MC-Ternium,3870.52,7129.0
2024-07-02,6,PT1H,MC-Ternium,4503.74,7129.0
2024-07-02,7,PT1H,MC-Ternium,7020.63,6506.0
2024-07-02,8,PT1H,MC-Ternium,5661.71,6506.0
2024-07-02,9,PT1H,MC-Ternium,2579.07,6506.0
2024-07-02,10,PT1H,MC-Ternium,6014.29,6506.0
2024-07-02,11,PT1H,MC-Ternium,3949.22,6506.0
2024-07-02,12,PT1H,MC-Ternium,4465.08,6506.0
2024-07-02,13,PT1H,MC-Ternium,5667.93,6506.0
2024-07-02,14,PT1H,MC-Ternium,4798.91,6506.0
2024-07-02,15,PT1H,MC-Ternium,6883.5,8352.0
2024-07-02,16,PT1H,MC-Ternium,6727.53,8352.0
2024-07-02,17,PT1H,MC-Ternium,6500.75,8352.0
2024-07-02,18,PT1H,MC-Ternium,4310.69,8352.0
2024-07-02,19,PT1H,MC-Ternium,3633.14,8352.0
2024-07-02,20,PT1H,MC-Ternium,6887.01,8352.0
2024-07-02,21,PT1H,MC-Ternium,6534.18,8352.0
2024-07-02,22,PT1H,MC-Ternium,6259.92,8352.0
2024-07-02,23,PT1H,MC-Ternium,7527.2,8352.0
2024-07-02,24,PT1H,MC-Ternium,7105.61,8352.0
2024-07-03,1,PT1H,MC-Ternium,7072.1,8350.0
2024-07-03,2,PT1H,MC-Ternium,5542.51,8350.0
2024-07-03,3,PT1H,MC-Ternium,7093.54,8350.0
2024-07-03,4,PT1H,MC-Ternium,6945.71,8350.0
2024-07-03,5,PT1H,MC-Ternium,6590.36,8350.0
2024-07-03,6,PT1H,MC-Ternium,6573.36,8350.0
2024-07-03,7,PT1H,MC-Ternium,6911.56,7619.0
2024-07-03,8,PT1H,MC-Ternium,6420.96,7619.0
2024-07-03,9,PT1H,MC-Ternium,7459.6,7619.0
2024-07-03,10,PT1H,MC-Ternium,4416.85,7619.0
2024-07-03,11,PT1H,MC-Ternium,5095.48,7619.0
2024-07-03,12,PT1H,MC-Ternium,6999.9,7619.0
2024-07-03,13,PT1H,MC-Ternium,6375.98,7619.0
2024-07-03,14,PT1H,MC-Ternium,6138.27,7619.0
2024-07-03,15,PT1H,MC-Ternium,5815.86,3544.0
2024-07-03,16,PT1H,MC-Ternium,4838.76,3544.0
2024-07-03,17,PT1H,MC-Ternium,4776.61,3544.0
2024-07-03,18,PT1H,MC-Ternium,3662.83,3544.0
2024-07-03,19,PT1H,MC-Ternium,4853.36,3544.0
2024-07-03,20,PT1H,MC-Ternium,5942.78,3544.0
2024-07-03,21,PT1H,MC-Ternium,5115.27,3544.0
2024-07-03,22,PT1H,MC-Ternium,4938.48,3544.0
2024-07-03,23,PT1H,MC-Ternium,3271.34,9246.0
2024-07-03,24,PT1H,MC-Ternium,6956.27,9246.0
2024-07-04,1,PT1H,MC-Ternium,7369.82,3513.8
2024-07-04,2,PT1H,MC-Ternium,2954.59,3513.8
2024-07-04,3,PT1H,MC-Ternium,6285.63,3513.8
2024-07-04,4,PT1H,MC-Ternium,6033.64,3513.8
2024-07-04,5,PT1H,MC-Ternium,8247.49,3513.8
2024-07-04,6,PT1H,MC-Ternium,6001.71,3513.8
2024-07-04,7,PT1H,MC-Ternium,4101.06,3513.8
2024-07-04,8,PT1H,MC-Ternium,5769.25,3513.8
2024-07-04,9,PT1H,MC-Ternium,6930.84,3513.8
2024-07-04,10,PT1H,MC-Ternium,7598.58,3513.8
2024-07-04,11,PT1H,MC-Ternium,6065.09,3513.8
2024-07-04,12,PT1H,MC-Ternium,6734.17,3513.8
2024-07-04,13,PT1H,MC-Ternium,7486.35,3513.8
2024-07-04,14,PT1H,MC-Ternium,5747.25,3513.8
2024-07-04,15,PT1H,MC-Ternium,5233.5,3513.8
2024-07-04,16,PT1H,MC-Ternium,5344.61,3513.8
2024-07-04,17,PT1H,MC-Ternium,6458.18,3513.8
2024-07-04,18,PT1H,MC-Ternium,5543.96,3513.8
2024-07-04,19,PT1H,MC-Ternium,4240.29,3513.8
2024-07-04,20,PT1H,MC-Ternium,6943.99,3513.8
2024-07-04,21,PT1H,MC-Ternium,5679.74,3513.8
2024-07-04,22,PT1H,MC-Ternium,7735.13,3513.8
2024-07-04,23,PT1H,MC-Ternium,6426.62,3513.8
2024-07-04,24,PT1H,MC-Ternium,6678.82,3514.0
2024-07-05,1,PT1H,MC-Ternium,7729.57,4218.3
2024-07-05,2,PT1H,MC-Ternium,7518.89,4218.3
2024-07-05,3,PT1H,MC-Ternium,6418.2,4218.3
2024-07-05,4,PT1H,MC-Ternium,4136.4,4218.3
2024-07-05,5,PT1H,MC-Ternium,4409.17,4218.3
2024-07-05,6,PT1H,MC-Ternium,6710.34,4218.3
2024-07-05,7,PT1H,MC-Ternium,6797.56,4218.3
2024-07-05,8,PT1H,MC-Ternium,5772.67,4218.3
2024-07-05,9,PT1H,MC-Ternium,3041.74,4218.3
2024-07-05,10,PT1H,MC-Ternium,1509.47,4218.3
2024-07-05,11,PT1H,MC-Ternium,1954.18,4218.3
2024-07-05,12,PT1H,MC-Ternium,3019.93,4218.3
2024-07-05,13,PT1H,MC-Ternium,3108.18,4218.3
2024-07-05,14,PT1H,MC-Ternium,4115.99,4218.3
2024-07-05,15,PT1H,MC-Ternium,5078.47,4218.3
2024-07-05,16,PT1H,MC-Ternium,4885.33,4218.3
2024-07-05,17,PT1H,MC-Ternium,5186.23,4218.3
2024-07-05,18,PT1H,MC-Ternium,6271.92,4218.3
2024-07-05,19,PT1H,MC-Ternium,4781.29,4218.3
2024-07-05,20,PT1H,MC-Ternium,5097.38,4218.3
2024-07-05,21,PT1H,MC-Ternium,4313.42,4218.3
2024-07-05,22,PT1H,MC-Ternium,6356.57,4218.3
2024-07-05,23,PT1H,MC-Ternium,6579.81,4218.3
2024-07-05,24,PT1H,MC-Ternium,7329.0,4218.3
2024-07-06,1,PT1H,MC-Ternium,7124.2,6215.0
2024-07-06,2,PT1H,MC-Ternium,4913.88,6215.0
2024-07-06,3,PT1H,MC-Ternium,4042.61,6215.0
2024-07-06,4,PT1H,MC-Ternium,2821.52,6215.0
2024-07-06,5,PT1H,MC-Ternium,2758.92,6215.0
2024-07-06,6,PT1H,MC-Ternium,3995.31,6215.0
2024-07-06,7,PT1H,MC-Ternium,6799.99,6215.0
2024-07-06,8,PT1H,MC-Ternium,5841.25,6215.0
2024-07-06,9,PT1H,MC-Ternium,4459.66,6215.0
2024-07-06,10,PT1H,MC-Ternium,4767.69,6215.0
2024-07-06,11,PT1H,MC-Ternium,7260.25,6215.0
2024-07-06,12,PT1H,MC-Ternium,8445.15,6215.0
2024-07-06,13,PT1H,MC-Ternium,8120.04,6215.0
2024-07-06,14,PT1H,MC-Ternium,8202.87,6215.0
2024-07-06,15,PT1H,MC-Ternium,7490.64,6215.0
2024-07-06,16,PT1H,MC-Ternium,7992.85,6215.0
2024-07-06,17,PT1H,MC-Ternium,8550.76,6215.0
2024-07-06,18,PT1H,MC-Ternium,8862.32,6215.0
2024-07-06,19,PT1H,MC-Ternium,8585.42,6215.0
2024-07-06,20,PT1H,MC-Ternium,8171.07,6215.0
2024-07-06,21,PT1H,MC-Ternium,6068.67,6215.0
2024-07-06,22,PT1H,MC-Ternium,6476.3,6215.0
2024-07-06,23,PT1H,MC-Ternium,6614.02,6215.0
2024-07-06,24,PT1H,MC-Ternium,6373.13,6215.0
2024-07-07,1,PT1H,MC-Ternium,8505.71,6252.3
2024-07-07,2,PT1H,MC-Ternium,7529.66,6252.3
2024-07-07,3,PT1H,MC-Ternium,7150.96,6252.3
2024-07-07,4,PT1H,MC-Ternium,5419.39,6252.3
2024-07-07,5,PT1H,MC-Ternium,6570.08,6252.3
2024-07-07,6,PT1H,MC-Ternium,2675.89,6252.3
2024-07-07,7,PT1H,MC-Ternium,2955.25,6252.3
2024-07-07,8,PT1H,MC-Ternium,5142.57,6252.3
2024-07-07,9,PT1H,MC-Ternium,5697.23,6252.3
2024-07-07,10,PT1H,MC-Ternium,6897.27,6252.3
2024-07-07,11,PT1H,MC-Ternium,7147.0,6252.3
2024-07-07,12,PT1H,MC-Ternium,6985.29,6252.3
2024-07-07,13,PT1H,MC-Ternium,4624.35,6252.3
2024-07-07,14,PT1H,MC-Ternium,3280.1,6252.3
2024-07-07,15,PT1H,MC-Ternium,3811.4,6252.3
2024-07-07,16,PT1H,MC-Ternium,5304.53,6252.3
2024-07-07,17,PT1H,MC-Ternium,5541.45,6252.3
2024-07-07,18,PT1H,MC-Ternium,7542.24,6252.3
2024-07-07,19,PT1H,MC-Ternium,6173.22,6252.3
2024-07-07,20,PT1H,MC-Ternium,4260.97,6252.3
2024-07-07,21,PT1H,MC-Ternium,3064.47,6252.3
2024-07-07,22,PT1H,MC-Ternium,5453.34,6252.3
2024-07-07,23,PT1H,MC-Ternium,8169.31,6252.3
2024-07-07,24,PT1H,MC-Ternium,8371.78,6252.3
2024-07-08,1,PT1H,MC-Ternium,7156.51,3793.0
2024-07-08,2,PT1H,MC-Ternium,6467.97,3793.0
2024-07-08,3,PT1H,MC-Ternium,6350.42,3793.0
2024-07-08,4,PT1H,MC-Ternium,7170.3,3793.0
2024-07-08,5,PT1H,MC-Ternium,7849.41,3793.0
2024-07-08,6,PT1H,MC-Ternium,7694.83,3793.0
2024-07-08,7,PT1H,MC-Ternium,6375.2,3793.0
2024-07-08,8,PT1H,MC-Ternium,7420.15,3793.0
2024-07-08,9,PT1H,MC-Ternium,5279.03,3793.0
2024-07-08,10,PT1H,MC-Ternium,7079.08,3793.0
2024-07-08,11,PT1H,MC-Ternium,7308.23,3793.0
2024-07-08,12,PT1H,MC-Ternium,7040.36,3793.0
2024-07-08,13,PT1H,MC-Ternium,5937.81,3793.0
2024-07-08,14,PT1H,MC-Ternium,5479.64,3793.0
2024-07-08,15,PT1H,MC-Ternium,6579.5,3793.0
2024-07-08,16,PT1H,MC-Ternium,6827.91,3793.0
2024-07-08,17,PT1H,MC-Ternium,6661.82,3793.0
2024-07-08,18,PT1H,MC-Ternium,6158.12,3793.0
2024-07-08,19,PT1H,MC-Ternium,6809.63,3793.0
2024-07-08,20,PT1H,MC-Ternium,4611.9,3793.0
2024-07-08,21,PT1H,MC-Ternium,5990.39,3793.0
2024-07-08,22,PT1H,MC-Ternium,7299.38,3793.0
2024-07-08,23,PT1H,MC-Ternium,5716.32,3793.0
2024-07-08,24,PT1H,MC-Ternium,7319.17,3793.0
2024-07-09,1,PT1H,MC-Ternium,7530.26,4922.0
2024-07-09,2,PT1H,MC-Ternium,6188.33,4922.0
2024-07-09,3,PT1H,MC-Ternium,7318.83,4922.0
2024-07-09,4,PT1H,MC-Ternium,6816.65,4922.0
2024-07-09,5,PT1H,MC-Ternium,7518.93,4922.0
2024-07-09,6,PT1H,MC-Ternium,6354.11,4922.0
2024-07-09,7,PT1H,MC-Ternium,7177.78,4922.0
2024-07-09,8,PT1H,MC-Ternium,3336.57,4922.0
2024-07-09,9,PT1H,MC-Ternium,2071.17,4922.0
2024-07-09,10,PT1H,MC-Ternium,2197.48,4922.0
2024-07-09,11,PT1H,MC-Ternium,4029.15,4922.0
2024-07-09,12,PT1H,MC-Ternium,6524.02,4922.0
2024-07-09,13,PT1H,MC-Ternium,7204.65,4922.0
2024-07-09,14,PT1H,MC-Ternium,4475.16,4922.0
2024-07-09,15,PT1H,MC-Ternium,5479.48,4922.0
2024-07-09,16,PT1H,MC-Ternium,7180.92,4922.0
2024-07-09,17,PT1H,MC-Ternium,7030.74,4922.0
2024-07-09,18,PT1H,MC-Ternium,7202.03,4922.0
2024-07-09,19,PT1H,MC-Ternium,7312.51,4922.0
2024-07-09,20,PT1H,MC-Ternium,7201.19,4922.0
2024-07-09,21,PT1H,MC-Ternium,7163.04,4922.0
2024-07-09,22,PT1H,MC-Ternium,7232.68,4922.0
2024-07-09,23,PT1H,MC-Ternium,7232.56,4922.0
2024-07-09,24,PT1H,MC-Ternium,6195.76,4921.0
2024-07-10,1,PT1H,MC-Ternium,7409.1,3513.0
2024-07-10,2,PT1H,MC-Ternium,6875.75,3513.0
2024-07-10,3,PT1H,MC-Ternium,7090.73,3513.0
2024-07-10,4,PT1H,MC-Ternium,6456.5,3513.0
2024-07-10,5,PT1H,MC-Ternium,6944.2,3513.0
2024-07-10,6,PT1H,MC-Ternium,6853.37,3513.0
2024-07-10,7,PT1H,MC-Ternium,6575.19,3513.0
2024-07-10,8,PT1H,MC-Ternium,7043.24,3513.0
2024-07-10,9,PT1H,MC-Ternium,5666.39,3513.0
2024-07-10,10,PT1H,MC-Ternium,6829.4,3513.0
2024-07-10,11,PT1H,MC-Ternium,7210.33,3513.0
2024-07-10,12,PT1H,MC-Ternium,6356.21,3513.0
2024-07-10,13,PT1H,MC-Ternium,7313.13,3513.0
2024-07-10,14,PT1H,MC-Ternium,6419.78,3513.0
2024-07-10,15,PT1H,MC-Ternium,7601.46,3513.0
2024-07-10,16,PT1H,MC-Ternium,6495.04,3513.0
2024-07-10,17,PT1H,MC-Ternium,6129.54,3513.0
2024-07-10,18,PT1H,MC-Ternium,6511.45,3513.0
2024-07-10,19,PT1H,MC-Ternium,6596.9,3513.0
2024-07-10,20,PT1H,MC-Ternium,5171.64,3513.0
2024-07-10,21,PT1H,MC-Ternium,7084.14,3513.0
2024-07-10,22,PT1H,MC-Ternium,5250.43,3513.0
2024-07-10,23,PT1H,MC-Ternium,4694.73,3513.0
2024-07-10,24,PT1H,MC-Ternium,4988.45,3514.0
2024-07-11,1,PT1H,MC-Ternium,6546.09,6316.0
2024-07-11,2,PT1H,MC-Ternium,6469.97,6316.0
2024-07-11,3,PT1H,MC-Ternium,7113.55,6316.0
2024-07-11,4,PT1H,MC-Ternium,7096.19,6316.0
2024-07-11,5,PT1H,MC-Ternium,6980.81,6316.0
2024-07-11,6,PT1H,MC-Ternium,5998.96,6316.0
2024-07-11,7,PT1H,MC-Ternium,5817.3,4058.0
2024-07-11,8,PT1H,MC-Ternium,6623.71,4058.0
2024-07-11,9,PT1H,MC-Ternium,7046.93,4058.0
2024-07-11,10,PT1H,MC-Ternium,6681.92,4058.0
2024-07-11,11,PT1H,MC-Ternium,4622.91,4058.0
2024-07-11,12,PT1H,MC-Ternium,6657.84,4058.0
2024-07-11,13,PT1H,MC-Ternium,6819.19,4058.0
2024-07-11,14,PT1H,MC-Ternium,5095.08,4058.0
2024-07-11,15,PT1H,MC-Ternium,3379.22,6590.0
2024-07-11,16,PT1H,MC-Ternium,6116.11,6590.0
2024-07-11,17,PT1H,MC-Ternium,7038.08,6590.0
2024-07-11,18,PT1H,MC-Ternium,6212.31,6590.0
2024-07-11,19,PT1H,MC-Ternium,6260.69,6590.0
2024-07-11,20,PT1H,MC-Ternium,6925.86,6590.0
2024-07-11,21,PT1H,MC-Ternium,6401.72,6590.0
2024-07-11,22,PT1H,MC-Ternium,6775.67,6590.0
2024-07-11,23,PT1H,MC-Ternium,6917.04,7229.0
2024-07-11,24,PT1H,MC-Ternium,6416.83,7229.0
2024-07-12,1,PT1H,MC-Ternium,6854.61,4632.0
2024-07-12,2,PT1H,MC-Ternium,6164.83,4632.0
2024-07-12,3,PT1H,MC-Ternium,5606.38,4632.0
2024-07-12,4,PT1H,MC-Ternium,6532.4,4632.0
2024-07-12,5,PT1H,MC-Ternium,6123.67,4632.0
2024-07-12,6,PT1H,MC-Ternium,6815.8,4632.0
2024-07-12,7,PT1H,MC-Ternium,5483.0,4632.0
2024-07-12,8,PT1H,MC-Ternium,2199.36,4632.0
2024-07-12,9,PT1H,MC-Ternium,1787.11,4632.0
2024-07-12,10,PT1H,MC-Ternium,2648.04,4632.0
2024-07-12,11,PT1H,MC-Ternium,3640.58,4632.0
2024-07-12,12,PT1H,MC-Ternium,6271.52,4632.0
2024-07-12,13,PT1H,MC-Ternium,5974.64,4632.0
2024-07-12,14,PT1H,MC-Ternium,5912.39,4632.0
2024-07-12,15,PT1H,MC-Ternium,6495.01,4632.0
2024-07-12,16,PT1H,MC-Ternium,6578.96,4632.0
2024-07-12,17,PT1H,MC-Ternium,5159.9,4632.0
2024-07-12,18,PT1H,MC-Ternium,4485.81,4632.0
2024-07-12,19,PT1H,MC-Ternium,6513.79,4632.0
2024-07-12,20,PT1H,MC-Ternium,6880.78,4632.0
2024-07-12,21,PT1H,MC-Ternium,7151.43,4632.0
2024-07-12,22,PT1H,MC-Ternium,7840.47,4632.0
2024-07-12,23,PT1H,MC-Ternium,7763.88,4632.0
2024-07-12,24,PT1H,MC-Ternium,7094.32,4633.0
2024-07-13,1,PT1H,MC-Ternium,7901.41,6030.0
2024-07-13,2,PT1H,MC-Ternium,6623.59,6030.0
2024-07-13,3,PT1H,MC-Ternium,7820.85,6030.0
2024-07-13,4,PT1H,MC-Ternium,6267.15,6030.0
2024-07-13,5,PT1H,MC-Ternium,4061.02,6030.0
2024-07-13,6,PT1H,MC-Ternium,7175.43,6030.0
2024-07-13,7,PT1H,MC-Ternium,6514.88,6030.0
2024-07-13,8,PT1H,MC-Ternium,7095.86,6030.0
2024-07-13,9,PT1H,MC-Ternium,7040.06,6030.0
2024-07-13,10,PT1H,MC-Ternium,5482.42,6030.0
2024-07-13,11,PT1H,MC-Ternium,4078.28,6030.0
2024-07-13,12,PT1H,MC-Ternium,3997.89,6030.0
2024-07-13,13,PT1H,MC-Ternium,3104.8,6030.0
2024-07-13,14,PT1H,MC-Ternium,6390.73,6030.0
2024-07-13,15,PT1H,MC-Ternium,7271.27,6030.0
2024-07-13,16,PT1H,MC-Ternium,7159.26,6030.0
2024-07-13,17,PT1H,MC-Ternium,7055.46,6030.0
2024-07-13,18,PT1H,MC-Ternium,7806.49,6030.0
2024-07-13,19,PT1H,MC-Ternium,6164.44,6030.0
2024-07-13,20,PT1H,MC-Ternium,6894.83,6030.0
2024-07-13,21,PT1H,MC-Ternium,7015.96,6030.0
2024-07-13,22,PT1H,MC-Ternium,7571.6,6030.0
2024-07-13,23,PT1H,MC-Ternium,5956.76,6030.0
2024-07-13,24,PT1H,MC-Ternium,6400.81,6031.0
2024-07-14,1,PT1H,MC-Ternium,5807.6,6123.0
2024-07-14,2,PT1H,MC-Ternium,3157.77,6123.0
2024-07-14,3,PT1H,MC-Ternium,7444.59,6123.0
2024-07-14,4,PT1H,MC-Ternium,6513.25,6123.0
2024-07-14,5,PT1H,MC-Ternium,7578.45,6123.0
2024-07-14,6,PT1H,MC-Ternium,6334.26,6123.0
2024-07-14,7,PT1H,MC-Ternium,7751.25,6123.0
2024-07-14,8,PT1H,MC-Ternium,5901.92,6123.0
2024-07-14,9,PT1H,MC-Ternium,7138.54,6123.0
2024-07-14,10,PT1H,MC-Ternium,7749.69,6123.0
2024-07-14,11,PT1H,MC-Ternium,7154.39,6123.0
2024-07-14,12,PT1H,MC-Ternium,7280.9,6123.0
2024-07-14,13,PT1H,MC-Ternium,7172.87,6123.0
2024-07-14,14,PT1H,MC-Ternium,6873.87,6123.0
2024-07-14,15,PT1H,MC-Ternium,7575.06,6123.0
2024-07-14,16,PT1H,MC-Ternium,7739.52,6123.0
2024-07-14,17,PT1H,MC-Ternium,6821.2,6123.0
2024-07-14,18,PT1H,MC-Ternium,8045.68,6123.0
2024-07-14,19,PT1H,MC-Ternium,7092.66,6123.0
2024-07-14,20,PT1H,MC-Ternium,6857.3,6123.0
2024-07-14,21,PT1H,MC-Ternium,7712.74,6123.0
2024-07-14,22,PT1H,MC-Ternium,7169.99,6123.0
2024-07-14,23,PT1H,MC-Ternium,7712.59,6123.0
2024-07-14,24,PT1H,MC-Ternium,7050.37,6124.0
2024-07-15,1,PT1H,MC-Ternium,7187.81,6567.0
2024-07-15,2,PT1H,MC-Ternium,5961.32,6567.0
2024-07-15,3,PT1H,MC-Ternium,7579.55,6567.0
2024-07-15,4,PT1H,MC-Ternium,7230.1,6567.0
2024-07-15,5,PT1H,MC-Ternium,7406.05,6567.0
2024-07-15,6,PT1H,MC-Ternium,7772.59,6567.0
2024-07-15,7,PT1H,MC-Ternium,7417.71,6567.0
2024-07-15,8,PT1H,MC-Ternium,6747.09,6567.0
2024-07-15,9,PT1H,MC-Ternium,6169.7,6567.0
2024-07-15,10,PT1H,MC-Ternium,5595.84,6567.0
2024-07-15,11,PT1H,MC-Ternium,7477.52,6567.0
2024-07-15,12,PT1H,MC-Ternium,7265.57,6567.0
2024-07-15,13,PT1H,MC-Ternium,7701.23,6567.0
2024-07-15,14,PT1H,MC-Ternium,7187.69,6567.0
2024-07-15,15,PT1H,MC-Ternium,6157.91,6567.0
2024-07-15,16,PT1H,MC-Ternium,7732.51,6567.0
2024-07-15,17,PT1H,MC-Ternium,7413.03,6567.0
2024-07-15,18,PT1H,MC-Ternium,7723.54,6567.0
2024-07-15,19,PT1H,MC-Ternium,7412.35,6567.0
2024-07-15,20,PT1H,MC-Ternium,6097.78,6567.0
2024-07-15,21,PT1H,MC-Ternium,7455.36,6567.0
2024-07-15,22,PT1H,MC-Ternium,7592.13,6567.0
2024-07-15,23,PT1H,MC-Ternium,7736.74,6567.0
2024-07-15,24,PT1H,MC-Ternium,7313.69,6567.0
2024-07-16,1,PT1H,MC-Ternium,6802.73,7374.0
2024-07-16,2,PT1H,MC-Ternium,5045.31,7374.0
2024-07-16,3,PT1H,MC-Ternium,5033.22,7374.0
2024-07-16,4,PT1H,MC-Ternium,4896.18,7374.0
2024-07-16,5,PT1H,MC-Ternium,5704.71,7374.0
2024-07-16,6,PT1H,MC-Ternium,5772.4,7374.0
2024-07-16,7,PT1H,MC-Ternium,7359.63,7374.0
2024-07-16,8,PT1H,MC-Ternium,7799.25,7374.0
2024-07-16,9,PT1H,MC-Ternium,5380.73,7374.0
2024-07-16,10,PT1H,MC-Ternium,3290.35,7374.0
2024-07-16,11,PT1H,MC-Ternium,2474.44,7374.0
2024-07-16,12,PT1H,MC-Ternium,2691.99,7374.0
2024-07-16,13,PT1H,MC-Ternium,3372.85,7374.0
2024-07-16,14,PT1H,MC-Ternium,6290.46,7374.0
2024-07-16,15,PT1H,MC-Ternium,7053.17,7374.0
2024-07-16,16,PT1H,MC-Ternium,6588.66,7374.0
2024-07-16,17,PT1H,MC-Ternium,7326.27,7374.0
2024-07-16,18,PT1H,MC-Ternium,6791.47,7374.0
2024-07-16,19,PT1H,MC-Ternium,6993.1,7374.0
2024-07-16,20,PT1H,MC-Ternium,6539.07,7374.0
2024-07-16,21,PT1H,MC-Ternium,6708.13,7374.0
2024-07-16,22,PT1H,MC-Ternium,6514.19,7374.0
2024-07-16,23,PT1H,MC-Ternium,5827.63,7374.0
2024-07-16,24,PT1H,MC-Ternium,6740.65,7375.0
2024-07-17,1,PT1H,MC-Ternium,5178.65,7442.0
2024-07-17,2,PT1H,MC-Ternium,6395.84,7442.0
2024-07-17,3,PT1H,MC-Ternium,6815.46,7442.0
2024-07-17,4,PT1H,MC-Ternium,4055.97,7442.0
2024-07-17,5,PT1H,MC-Ternium,2382.31,7442.0
2024-07-17,6,PT1H,MC-Ternium,2742.52,7442.0
2024-07-17,7,PT1H,MC-Ternium,3701.12,7442.0
2024-07-17,8,PT1H,MC-Ternium,4467.98,7442.0
2024-07-17,9,PT1H,MC-Ternium,5515.37,7442.0
2024-07-17,10,PT1H,MC-Ternium,6255.84,7442.0
2024-07-17,11,PT1H,MC-Ternium,5818.63,7442.0
2024-07-17,12,PT1H,MC-Ternium,7116.66,7442.0
2024-07-17,13,PT1H,MC-Ternium,5428.85,7442.0
2024-07-17,14,PT1H,MC-Ternium,4664.49,7442.0
2024-07-17,15,PT1H,MC-Ternium,7817.17,7442.0
2024-07-17,16,PT1H,MC-Ternium,7463.93,7442.0
2024-07-17,17,PT1H,MC-Ternium,4600.29,7442.0
2024-07-17,18,PT1H,MC-Ternium,6975.18,7442.0
2024-07-17,19,PT1H,MC-Ternium,8081.81,7442.0
2024-07-17,20,PT1H,MC-Ternium,8232.76,7442.0
2024-07-17,21,PT1H,MC-Ternium,7084.49,7442.0
2024-07-17,22,PT1H,MC-Ternium,8005.47,7442.0
2024-07-17,23,PT1H,MC-Ternium,6812.0,7442.0
2024-07-17,24,PT1H,MC-Ternium,7464.42,7443.0
2024-07-18,1,PT1H,MC-Ternium,7894.4,7442.0
2024-07-18,2,PT1H,MC-Ternium,7292.17,7442.0
2024-07-18,3,PT1H,MC-Ternium,7935.09,7442.0
2024-07-18,4,PT1H,MC-Ternium,7787.61,7442.0
2024-07-18,5,PT1H,MC-Ternium,7239.5,7442.0
2024-07-18,6,PT1H,MC-Ternium,7707.57,7442.0
2024-07-18,7,PT1H,MC-Ternium,5394.09,7442.0
2024-07-18,8,PT1H,MC-Ternium,7548.0,7442.0
2024-07-18,9,PT1H,MC-Ternium,8305.14,7442.0
2024-07-18,10,PT1H,MC-Ternium,5852.09,7442.0
2024-07-18,11,PT1H,MC-Ternium,7075.63,7442.0
2024-07-18,12,PT1H,MC-Ternium,7422.36,7442.0
2024-07-18,13,PT1H,MC-Ternium,6755.98,7442.0
2024-07-18,14,PT1H,MC-Ternium,7055.48,7442.0
2024-07-18,15,PT1H,MC-Ternium,6967.51,7442.0
2024-07-18,16,PT1H,MC-Ternium,6351.58,7442.0
2024-07-18,17,PT1H,MC-Ternium,6275.42,7442.0
2024-07-18,18,PT1H,MC-Ternium,1824.56,7442.0
2024-07-18,19,PT1H,MC-Ternium,1783.62,7442.0
2024-07-18,20,PT1H,MC-Ternium,2816.59,7442.0
2024-07-18,21,PT1H,MC-Ternium,4544.92,7442.0
2024-07-18,22,PT1H,MC-Ternium,6452.87,7442.0
2024-07-18,23,PT1H,MC-Ternium,5520.5,7442.0
2024-07-18,24,PT1H,MC-Ternium,4615.72,7443.0
2024-07-19,1,PT1H,MC-Ternium,6348.18,7374.0
2024-07-19,2,PT1H,MC-Ternium,6986.27,7374.0
2024-07-19,3,PT1H,MC-Ternium,6495.32,7374.0
2024-07-19,4,PT1H,MC-Ternium,6796.92,7374.0
2024-07-19,5,PT1H,MC-Ternium,3512.79,7374.0
2024-07-19,6,PT1H,MC-Ternium,5309.66,7374.0
2024-07-19,7,PT1H,MC-Ternium,6783.19,7374.0
2024-07-19,8,PT1H,MC-Ternium,6777.58,7374.0
2024-07-19,9,PT1H,MC-Ternium,6791.36,7374.0
2024-07-19,10,PT1H,MC-Ternium,4082.77,7374.0
2024-07-19,11,PT1H,MC-Ternium,5358.85,7374.0
2024-07-19,12,PT1H,MC-Ternium,5789.01,7374.0
2024-07-19,13,PT1H,MC-Ternium,5145.52,7374.0
2024-07-19,14,PT1H,MC-Ternium,6219.13,7374.0
2024-07-19,15,PT1H,MC-Ternium,6763.91,7374.0
2024-07-19,16,PT1H,MC-Ternium,6416.03,7374.0
2024-07-19,17,PT1H,MC-Ternium,6721.73,7374.0
2024-07-19,18,PT1H,MC-Ternium,5864.29,7374.0
2024-07-19,19,PT1H,MC-Ternium,6508.34,7374.0
2024-07-19,20,PT1H,MC-Ternium,5245.86,7374.0
2024-07-19,21,PT1H,MC-Ternium,6658.59,7374.0
2024-07-19,22,PT1H,MC-Ternium,6233.27,7374.0
2024-07-19,23,PT1H,MC-Ternium,4668.31,7374.0
2024-07-19,24,PT1H,MC-Ternium,6492.02,7375.0
2024-07-20,1,PT1H,MC-Ternium,6686.91,7374.0
2024-07-20,2,PT1H,MC-Ternium,6909.68,7374.0
2024-07-20,3,PT1H,MC-Ternium,5489.14,7374.0
2024-07-20,4,PT1H,MC-Ternium,6546.21,7374.0
2024-07-20,5,PT1H,MC-Ternium,7034.14,7374.0
2024-07-20,6,PT1H,MC-Ternium,7013.11,7374.0
2024-07-20,7,PT1H,MC-Ternium,5418.27,7374.0
2024-07-20,8,PT1H,MC-Ternium,6332.14,7374.0
2024-07-20,9,PT1H,MC-Ternium,6421.41,7374.0
2024-07-20,10,PT1H,MC-Ternium,6267.39,7374.0
2024-07-20,11,PT1H,MC-Ternium,5372.12,7374.0
2024-07-20,12,PT1H,MC-Ternium,6745.26,7374.0
2024-07-20,13,PT1H,MC-Ternium,6461.07,7374.0
2024-07-20,14,PT1H,MC-Ternium,6608.62,7374.0
2024-07-20,15,PT1H,MC-Ternium,6341.93,7374.0
2024-07-20,16,PT1H,MC-Ternium,6951.28,7374.0
2024-07-20,17,PT1H,MC-Ternium,5299.2,7374.0
2024-07-20,18,PT1H,MC-Ternium,4761.27,7374.0
2024-07-20,19,PT1H,MC-Ternium,7078.63,7374.0
2024-07-20,20,PT1H,MC-Ternium,6310.16,7374.0
2024-07-20,21,PT1H,MC-Ternium,6048.8,7374.0
2024-07-20,22,PT1H,MC-Ternium,6376.95,7374.0
2024-07-20,23,PT1H,MC-Ternium,3918.4,7374.0
2024-07-20,24,PT1H,MC-Ternium,6479.57,7375.0
2024-07-21,1,PT1H,MC-Ternium,6532.32,6215.0
2024-07-21,2,PT1H,MC-Ternium,6122.13,6215.0
2024-07-21,3,PT1H,MC-Ternium,6254.08,6215.0
2024-07-21,4,PT1H,MC-Ternium,5413.29,6215.0
2024-07-21,5,PT1H,MC-Ternium,5205.77,6215.0
2024-07-21,6,PT1H,MC-Ternium,4325.1,6215.0
2024-07-21,7,PT1H,MC-Ternium,5787.65,6215.0
2024-07-21,8,PT1H,MC-Ternium,5552.27,6215.0
2024-07-21,9,PT1H,MC-Ternium,6776.82,6215.0
2024-07-21,10,PT1H,MC-Ternium,6266.17,6215.0
2024-07-21,11,PT1H,MC-Ternium,7016.37,6215.0
2024-07-21,12,PT1H,MC-Ternium,6929.29,6215.0
2024-07-21,13,PT1H,MC-Ternium,7030.18,6215.0
2024-07-21,14,PT1H,MC-Ternium,6572.84,6215.0
2024-07-21,15,PT1H,MC-Ternium,6170.57,6215.0
2024-07-21,16,PT1H,MC-Ternium,6168.23,6215.0
2024-07-21,17,PT1H,MC-Ternium,6183.18,6215.0
2024-07-21,18,PT1H,MC-Ternium,6808.55,6215.0
2024-07-21,19,PT1H,MC-Ternium,6230.93,6215.0
2024-07-21,20,PT1H,MC-Ternium,6025.48,6215.0
2024-07-21,21,PT1H,MC-Ternium,5111.28,6215.0
2024-07-21,22,PT1H,MC-Ternium,4234.56,6215.0
2024-07-21,23,PT1H,MC-Ternium,4751.51,6215.0
2024-07-21,24,PT1H,MC-Ternium,6749.53,6216.0
2024-07-22,1,PT1H,MC-Ternium,6791.68,5717.2
2024-07-22,2,PT1H,MC-Ternium,5561.08,5717.2
2024-07-22,3,PT1H,MC-Ternium,6140.54,5717.2
2024-07-22,4,PT1H,MC-Ternium,5519.11,5717.2
2024-07-22,5,PT1H,MC-Ternium,5309.17,5717.2
2024-07-22,6,PT1H,MC-Ternium,5514.93,5717.2
2024-07-22,7,PT1H,MC-Ternium,6352.49,5717.2
2024-07-22,8,PT1H,MC-Ternium,5556.58,5717.2
2024-07-22,9,PT1H,MC-Ternium,6675.15,5717.2
2024-07-22,10,PT1H,MC-Ternium,5169.63,5717.2
2024-07-22,11,PT1H,MC-Ternium,6753.65,5717.2
2024-07-22,12,PT1H,MC-Ternium,5988.03,5717.2
2024-07-22,13,PT1H,MC-Ternium,6462.62,5717.2
2024-07-22,14,PT1H,MC-Ternium,5021.75,5717.2
2024-07-22,15,PT1H,MC-Ternium,6888.08,5717.2
2024-07-22,16,PT1H,MC-Ternium,6967.11,5717.2
2024-07-22,17,PT1H,MC-Ternium,6818.68,5717.2
2024-07-22,18,PT1H,MC-Ternium,6425.7,5717.2
2024-07-22,19,PT1H,MC-Ternium,7010.47,5717.2
2024-07-22,20,PT1H,MC-Ternium,6987.92,5717.2
2024-07-22,21,PT1H,MC-Ternium,6934.28,5717.2
2024-07-22,22,PT1H,MC-Ternium,6987.55,5717.2
2024-07-22,23,PT1H,MC-Ternium,5059.31,5717.2
2024-07-22,24,PT1H,MC-Ternium,6106.49,5718.0
2024-07-23,1,PT1H,MC-Ternium,4513.0,5442.9
2024-07-23,2,PT1H,MC-Ternium,6773.97,5442.9
2024-07-23,3,PT1H,MC-Ternium,6857.83,5442.9
2024-07-23,4,PT1H,MC-Ternium,5421.44,5442.9
2024-07-23,5,PT1H,MC-Ternium,6733.15,5442.9
2024-07-23,6,PT1H,MC-Ternium,6876.69,5442.9
2024-07-23,7,PT1H,MC-Ternium,6826.01,5442.9
2024-07-23,8,PT1H,MC-Ternium,6297.64,5442.9
2024-07-23,9,PT1H,MC-Ternium,6744.2,5442.9
2024-07-23,10,PT1H,MC-Ternium,6795.09,5442.9
2024-07-23,11,PT1H,MC-Ternium,6849.35,5442.9
2024-07-23,12,PT1H,MC-Ternium,6773.74,5442.9
2024-07-23,13,PT1H,MC-Ternium,6803.43,5442.9
2024-07-23,14,PT1H,MC-Ternium,6910.31,5442.9
2024-07-23,15,PT1H,MC-Ternium,5836.51,5442.9
2024-07-23,16,PT1H,MC-Ternium,4775.45,5442.9
2024-07-23,17,PT1H,MC-Ternium,3901.37,5442.9
2024-07-23,18,PT1H,MC-Ternium,6560.2,5442.9
2024-07-23,19,PT1H,MC-Ternium,6601.64,5442.9
2024-07-23,20,PT1H,MC-Ternium,6156.91,5442.9
2024-07-23,21,PT1H,MC-Ternium,6309.31,5442.9
2024-07-23,22,PT1H,MC-Ternium,6974.38,5442.9
2024-07-23,23,PT1H,MC-Ternium,5310.42,5442.9
2024-07-23,24,PT1H,MC-Ternium,7061.32,5443.0
2024-07-24,1,PT1H,MC-Ternium,4110.52,6447.8
2024-07-24,2,PT1H,MC-Ternium,3605.77,6447.8
2024-07-24,3,PT1H,MC-Ternium,3913.03,6447.8
2024-07-24,4,PT1H,MC-Ternium,5210.33,6447.8
2024-07-24,5,PT1H,MC-Ternium,6518.17,6447.8
2024-07-24,6,PT1H,MC-Ternium,6534.84,6447.8
2024-07-24,7,PT1H,MC-Ternium,6374.27,6447.8
2024-07-24,8,PT1H,MC-Ternium,6779.4,6447.8
2024-07-24,9,PT1H,MC-Ternium,6812.72,6447.8
2024-07-24,10,PT1H,MC-Ternium,6577.62,6447.8
2024-07-24,11,PT1H,MC-Ternium,1711.36,6447.8
2024-07-24,12,PT1H,MC-Ternium,1645.14,6447.8
2024-07-24,13,PT1H,MC-Ternium,3036.62,6447.8
2024-07-24,14,PT1H,MC-Ternium,3401.22,6447.8
2024-07-24,15,PT1H,MC-Ternium,5725.35,6447.8
2024-07-24,16,PT1H,MC-Ternium,5453.25,6447.8
2024-07-24,17,PT1H,MC-Ternium,4142.25,6447.8
2024-07-24,18,PT1H,MC-Ternium,5891.68,6447.8
2024-07-24,19,PT1H,MC-Ternium,5890.65,6447.8
2024-07-24,20,PT1H,MC-Ternium,6159.99,6447.8
2024-07-24,21,PT1H,MC-Ternium,4642.06,6447.8
2024-07-24,22,PT1H,MC-Ternium,6676.8,6447.8
2024-07-24,23,PT1H,MC-Ternium,6945.7,6447.8
2024-07-24,24,PT1H,MC-Ternium,7282.2,6447.8
2024-07-25,1,PT1H,MC-Ternium,6161.37,4990.9
2024-07-25,2,PT1H,MC-Ternium,7003.03,4990.9
2024-07-25,3,PT1H,MC-Ternium,3708.61,4990.9
2024-07-25,4,PT1H,MC-Ternium,5855.04,4990.9
2024-07-25,5,PT1H,MC-Ternium,5596.44,4990.9
2024-07-25,6,PT1H,MC-Ternium,5974.67,4990.9
2024-07-25,7,PT1H,MC-Ternium,7389.82,4990.9
2024-07-25,8,PT1H,MC-Ternium,7639.0,4990.9
2024-07-25,9,PT1H,MC-Ternium,6609.98,4990.9
2024-07-25,10,PT1H,MC-Ternium,7573.46,4990.9
2024-07-25,11,PT1H,MC-Ternium,6956.04,4990.9
2024-07-25,12,PT1H,MC-Ternium,6611.36,4990.9
2024-07-25,13,PT1H,MC-Ternium,6431.37,4990.9
2024-07-25,14,PT1H,MC-Ternium,6994.73,4990.9
2024-07-25,15,PT1H,MC-Ternium,7200.05,4990.9
2024-07-25,16,PT1H,MC-Ternium,5528.97,4990.9
2024-07-25,17,PT1H,MC-Ternium,6899.9,4990.9
2024-07-25,18,PT1H,MC-Ternium,3908.12,4990.9
2024-07-25,19,PT1H,MC-Ternium,5690.61,4990.9
2024-07-25,20,PT1H,MC-Ternium,7447.59,4990.9
2024-07-25,21,PT1H,MC-Ternium,5849.64,4990.9
2024-07-25,22,PT1H,MC-Ternium,7319.91,4990.9
2024-07-25,23,PT1H,MC-Ternium,7330.78,4990.9
2024-07-25,24,PT1H,MC-Ternium,7593.77,5000.0
2024-07-26,1,PT1H,MC-Ternium,7438.48,6476.9
2024-07-26,2,PT1H,MC-Ternium,6605.58,6476.9
2024-07-26,3,PT1H,MC-Ternium,6552.62,6476.9
2024-07-26,4,PT1H,MC-Ternium,4638.76,6476.9
2024-07-26,5,PT1H,MC-Ternium,7543.06,6476.9
2024-07-26,6,PT1H,MC-Ternium,7765.04,6476.9
2024-07-26,7,PT1H,MC-Ternium,7836.02,6476.9
2024-07-26,8,PT1H,MC-Ternium,7820.64,6476.9
2024-07-26,9,PT1H,MC-Ternium,7975.27,6476.9
2024-07-26,10,PT1H,MC-Ternium,5905.3,6476.9
2024-07-26,11,PT1H,MC-Ternium,6111.81,6476.9
2024-07-26,12,PT1H,MC-Ternium,6946.1,6476.9
2024-07-26,13,PT1H,MC-Ternium,7051.3,6476.9
2024-07-26,14,PT1H,MC-Ternium,3863.4,6476.9
2024-07-26,15,PT1H,MC-Ternium,2354.43,6476.9
2024-07-26,16,PT1H,MC-Ternium,5403.64,6476.9
2024-07-26,17,PT1H,MC-Ternium,6730.22,6476.9
2024-07-26,18,PT1H,MC-Ternium,6619.81,6476.9
2024-07-26,19,PT1H,MC-Ternium,6137.74,6476.9
2024-07-26,20,PT1H,MC-Ternium,6764.22,6476.9
2024-07-26,21,PT1H,MC-Ternium,5552.43,6476.9
2024-07-26,22,PT1H,MC-Ternium,6608.19,6476.9
2024-07-26,23,PT1H,MC-Ternium,6920.97,6476.9
2024-07-26,24,PT1H,MC-Ternium,6916.55,6470.0
2024-07-27,1,PT1H,MC-Ternium,4679.69,6679.6
2024-07-27,2,PT1H,MC-Ternium,5053.08,6679.6
2024-07-27,3,PT1H,MC-Ternium,6777.67,6679.6
2024-07-27,4,PT1H,MC-Ternium,6821.68,6679.6
2024-07-27,5,PT1H,MC-Ternium,6694.3,6679.6
2024-07-27,6,PT1H,MC-Ternium,6873.68,6679.6
2024-07-27,7,PT1H,MC-Ternium,6793.12,6679.6
2024-07-27,8,PT1H,MC-Ternium,6099.18,6679.6
2024-07-27,9,PT1H,MC-Ternium,6790.63,6679.6
2024-07-27,10,PT1H,MC-Ternium,3602.24,6679.6
2024-07-27,11,PT1H,MC-Ternium,6369.56,6679.6
2024-07-27,12,PT1H,MC-Ternium,6862.32,6679.6
2024-07-27,13,PT1H,MC-Ternium,6097.28,6679.6
2024-07-27,14,PT1H,MC-Ternium,5018.57,6679.6
2024-07-27,15,PT1H,MC-Ternium,6870.87,6679.6
2024-07-27,16,PT1H,MC-Ternium,6987.15,6679.6
2024-07-27,17,PT1H,MC-Ternium,4185.87,6679.6
2024-07-27,18,PT1H,MC-Ternium,2316.88,6679.6
2024-07-27,19,PT1H,MC-Ternium,2939.85,6679.6
2024-07-27,20,PT1H,MC-Ternium,2720.18,6679.6
2024-07-27,21,PT1H,MC-Ternium,4125.45,6679.6
2024-07-27,22,PT1H,MC-Ternium,6286.32,6679.6
2024-07-27,23,PT1H,MC-Ternium,5604.57,6679.6
2024-07-27,24,PT1H,MC-Ternium,6502.56,6680.0
2024-07-28,1,PT1H,MC-Ternium,6104.7,7294.0
2024-07-28,2,PT1H,MC-Ternium,6152.71,7294.0
2024-07-28,3,PT1H,MC-Ternium,6311.77,7294.0
2024-07-28,4,PT1H,MC-Ternium,6296.0,7294.0
2024-07-28,5,PT1H,MC-Ternium,6365.73,7294.0
2024-07-28,6,PT1H,MC-Ternium,5866.75,7294.0
2024-07-28,7,PT1H,MC-Ternium,6405.7,7294.0
2024-07-28,8,PT1H,MC-Ternium,6119.2,7294.0
2024-07-28,9,PT1H,MC-Ternium,6645.6,7294.0
2024-07-28,10,PT1H,MC-Ternium,6275.09,7294.0
2024-07-28,11,PT1H,MC-Ternium,5874.16,7294.0
2024-07-28,12,PT1H,MC-Ternium,5243.87,7294.0
2024-07-28,13,PT1H,MC-Ternium,6523.18,7294.0
2024-07-28,14,PT1H,MC-Ternium,5323.86,7294.0
2024-07-28,15,PT1H,MC-Ternium,5547.63,7294.0
2024-07-28,16,PT1H,MC-Ternium,6645.02,7294.0
2024-07-28,17,PT1H,MC-Ternium,6294.57,7294.0
2024-07-28,18,PT1H,MC-Ternium,5852.82,7294.0
2024-07-28,19,PT1H,MC-Ternium,6237.22,7294.0
2024-07-28,20,PT1H,MC-Ternium,4872.48,7294.0
2024-07-28,21,PT1H,MC-Ternium,6805.81,7294.0
2024-07-28,22,PT1H,MC-Ternium,7001.46,7294.0
2024-07-28,23,PT1H,MC-Ternium,5050.97,7294.0
2024-07-28,24,PT1H,MC-Ternium,6838.13,7295.0
2024-07-29,1,PT1H,MC-Ternium,6570.26,7442.1
2024-07-29,2,PT1H,MC-Ternium,6194.87,7442.1
2024-07-29,3,PT1H,MC-Ternium,3487.75,7442.1
2024-07-29,4,PT1H,MC-Ternium,5878.15,7442.1
2024-07-29,5,PT1H,MC-Ternium,5619.67,7442.1
2024-07-29,6,PT1H,MC-Ternium,4986.22,7442.1
2024-07-29,7,PT1H,MC-Ternium,5721.0,7442.1
2024-07-29,8,PT1H,MC-Ternium,5713.07,7442.1
2024-07-29,9,PT1H,MC-Ternium,5205.56,7442.1
2024-07-29,10,PT1H,MC-Ternium,6410.73,7442.1
2024-07-29,11,PT1H,MC-Ternium,6897.57,7442.1
2024-07-29,12,PT1H,MC-Ternium,7062.88,7442.1
2024-07-29,13,PT1H,MC-Ternium,5730.52,7442.1
2024-07-29,14,PT1H,MC-Ternium,4952.92,7442.1
2024-07-29,15,PT1H,MC-Ternium,5849.09,7442.1
2024-07-29,16,PT1H,MC-Ternium,7213.07,7442.1
2024-07-29,17,PT1H,MC-Ternium,5208.91,7442.1
2024-07-29,18,PT1H,MC-Ternium,1847.45,7442.1
2024-07-29,19,PT1H,MC-Ternium,3398.09,7442.1
2024-07-29,20,PT1H,MC-Ternium,5004.15,7442.1
2024-07-29,21,PT1H,MC-Ternium,5499.45,7442.1
2024-07-29,22,PT1H,MC-Ternium,4544.15,7442.1
2024-07-29,23,PT1H,MC-Ternium,6007.5,7442.1
2024-07-29,24,PT1H,MC-Ternium,6101.12,7443.0
2024-07-30,1,PT1H,MC-Ternium,4016.76,5620.4
2024-07-30,2,PT1H,MC-Ternium,5800.37,5620.4
2024-07-30,3,PT1H,MC-Ternium,5033.69,5620.4
2024-07-30,4,PT1H,MC-Ternium,6098.52,5620.4
2024-07-30,5,PT1H,MC-Ternium,5072.18,5620.4
2024-07-30,6,PT1H,MC-Ternium,4150.75,5620.4
2024-07-30,7,PT1H,MC-Ternium,5974.1,5620.4
2024-07-30,8,PT1H,MC-Ternium,5997.05,5620.4
2024-07-30,9,PT1H,MC-Ternium,4110.2,5620.4
2024-07-30,10,PT1H,MC-Ternium,4469.71,5620.4
2024-07-30,11,PT1H,MC-Ternium,4396.06,5620.4
2024-07-30,12,PT1H,MC-Ternium,3857.29,5620.4
2024-07-30,13,PT1H,MC-Ternium,5061.34,5620.4
2024-07-30,14,PT1H,MC-Ternium,5394.88,5620.4
2024-07-30,15,PT1H,MC-Ternium,5819.15,5620.4
2024-07-30,16,PT1H,MC-Ternium,3727.76,5620.4
2024-07-30,17,PT1H,MC-Ternium,4061.04,5620.4
2024-07-30,18,PT1H,MC-Ternium,4766.09,5620.4
2024-07-30,19,PT1H,MC-Ternium,5642.37,5620.4
2024-07-30,20,PT1H,MC-Ternium,5970.12,5620.4
2024-07-30,21,PT1H,MC-Ternium,5789.33,5620.4
2024-07-30,22,PT1H,MC-Ternium,4128.85,5620.4
2024-07-30,23,PT1H,MC-Ternium,5293.31,5620.4
2024-07-30,24,PT1H,MC-Ternium,5881.22,5630.0
2024-07-31,1,PT1H,MC-Ternium,3981.36,6115.9
2024-07-31,2,PT1H,MC-Ternium,4034.36,6115.9
2024-07-31,3,PT1H,MC-Ternium,5438.0,6115.9
2024-07-31,4,PT1H,MC-Ternium,6133.9,6115.9
2024-07-31,5,PT1H,MC-Ternium,4981.35,6115.9
2024-07-31,6,PT1H,MC-Ternium,4329.68,6115.9
2024-07-31,7,PT1H,MC-Ternium,4997.87,6115.9
2024-07-31,8,PT1H,MC-Ternium,3431.99,6115.9
2024-07-31,9,PT1H,MC-Ternium,5497.0,6115.9
2024-07-31,10,PT1H,MC-Ternium,4808.2,6115.9
2024-07-31,11,PT1H,MC-Ternium,5441.36,6115.9
2024-07-31,12,PT1H,MC-Ternium,6164.87,6115.9
2024-07-31,13,PT1H,MC-Ternium,5428.18,6115.9
2024-07-31,14,PT1H,MC-Ternium,6262.48,6115.9
2024-07-31,15,PT1H,MC-Ternium,5282.41,6115.9
2024-07-31,16,PT1H,MC-Ternium,3430.76,6115.9
2024-07-31,17,PT1H,MC-Ternium,5826.57,6115.9
2024-07-31,18,PT1H,MC-Ternium,6101.54,6115.9
2024-07-31,19,PT1H,MC-Ternium,4604.91,6115.9
2024-07-31,20,PT1H,MC-Ternium,3950.37,6115.9
2024-07-31,21,PT1H,MC-Ternium,5894.29,6115.9
2024-07-31,22,PT1H,MC-Ternium,5899.08,6115.9
2024-07-31,23,PT1H,MC-Ternium,4527.47,6115.9
2024-07-31,24,PT1H,MC-Ternium,3618.81,6116.0
2024-08-01,1,PT1H,MC-Ternium,3036.91,7198.5
2024-08-01,2,PT1H,MC-Ternium,2523.88,7198.5
2024-08-01,3,PT1H,MC-Ternium,2486.25,7198.5
2024-08-01,4,PT1H,MC-Ternium,4220.4,7198.5
2024-08-01,5,PT1H,MC-Ternium,4491.2,7198.5
2024-08-01,6,PT1H,MC-Ternium,4571.72,7198.5
2024-08-01,7,PT1H,MC-Ternium,5843.73,7198.5
2024-08-01,8,PT1H,MC-Ternium,3787.11,7198.5
2024-08-01,9,PT1H,MC-Ternium,4890.07,7198.5
2024-08-01,10,PT1H,MC-Ternium,1619.01,7198.5
2024-08-01,11,PT1H,MC-Ternium,1496.64,7198.5
2024-08-01,12,PT1H,MC-Ternium,1496.54,7198.5
2024-08-01,13,PT1H,MC-Ternium,1464.03,7198.5
2024-08-01,14,PT1H,MC-Ternium,1510.3,7198.5
2024-08-01,15,PT1H,MC-Ternium,1480.1,7198.5
2024-08-01,16,PT1H,MC-Ternium,1511.91,7198.5
2024-08-01,17,PT1H,MC-Ternium,1397.47,7198.5
2024-08-01,18,PT1H,MC-Ternium,1427.74,7198.5
2024-08-01,19,PT1H,MC-Ternium,1505.14,7198.5
2024-08-01,20,PT1H,MC-Ternium,2109.29,7198.5
2024-08-01,21,PT1H,MC-Ternium,2762.87,7198.5
2024-08-01,22,PT1H,MC-Ternium,2709.55,7198.5
2024-08-01,23,PT1H,MC-Ternium,2568.99,7198.5
2024-08-01,24,PT1H,MC-Ternium,2582.12,7199.0
2024-08-02,1,PT1H,MC-Ternium,3983.06,7153.9
2024-08-02,2,PT1H,MC-Ternium,3492.7,7153.9
2024-08-02,3,PT1H,MC-Ternium,2744.65,7153.9
2024-08-02,4,PT1H,MC-Ternium,4358.79,7153.9
2024-08-02,5,PT1H,MC-Ternium,4304.61,7153.9
2024-08-02,6,PT1H,MC-Ternium,4411.0,7153.9
2024-08-02,7,PT1H,MC-Ternium,3737.79,7153.9
2024-08-02,8,PT1H,MC-Ternium,4377.92,7153.9
2024-08-02,9,PT1H,MC-Ternium,3480.72,7153.9
2024-08-02,10,PT1H,MC-Ternium,4723.49,7153.9
2024-08-02,11,PT1H,MC-Ternium,3790.31,7153.9
2024-08-02,12,PT1H,MC-Ternium,4204.34,7153.9
2024-08-02,13,PT1H,MC-Ternium,4882.03,7153.9
2024-08-02,14,PT1H,MC-Ternium,3545.72,7153.9
2024-08-02,15,PT1H,MC-Ternium,2494.69,7153.9
2024-08-02,16,PT1H,MC-Ternium,2833.73,7153.9
2024-08-02,17,PT1H,MC-Ternium,3818.75,7153.9
2024-08-02,18,PT1H,MC-Ternium,3710.93,7153.9
2024-08-02,19,PT1H,MC-Ternium,3395.98,7153.9
2024-08-02,20,PT1H,MC-Ternium,3792.16,7153.9
2024-08-02,21,PT1H,MC-Ternium,4447.26,7153.9
2024-08-02,22,PT1H,MC-Ternium,4057.04,7153.9
2024-08-02,23,PT1H,MC-Ternium,4440.39,7153.9
2024-08-02,24,PT1H,MC-Ternium,5065.83,7154.0
2024-08-03,1,PT1H,MC-Ternium,5370.88,7373.8
2024-08-03,2,PT1H,MC-Ternium,3666.49,7373.8
2024-08-03,3,PT1H,MC-Ternium,3764.36,7373.8
2024-08-03,4,PT1H,MC-Ternium,3861.84,7373.8
2024-08-03,5,PT1H,MC-Ternium,4542.51,7373.8
2024-08-03,6,PT1H,MC-Ternium,3814.32,7373.8
2024-08-03,7,PT1H,MC-Ternium,2348.26,7373.8
2024-08-03,8,PT1H,MC-Ternium,2119.71,7373.8
2024-08-03,9,PT1H,MC-Ternium,3145.78,7373.8
2024-08-03,10,PT1H,MC-Ternium,4551.65,7373.8
2024-08-03,11,PT1H,MC-Ternium,3361.16,7373.8
2024-08-03,12,PT1H,MC-Ternium,4929.13,7373.8
2024-08-03,13,PT1H,MC-Ternium,4931.32,7373.8
2024-08-03,14,PT1H,MC-Ternium,3672.45,7373.8
2024-08-03,15,PT1H,MC-Ternium,3113.84,7373.8
2024-08-03,16,PT1H,MC-Ternium,4390.09,7373.8
2024-08-03,17,PT1H,MC-Ternium,4444.91,7373.8
2024-08-03,18,PT1H,MC-Ternium,5057.44,7373.8
2024-08-03,19,PT1H,MC-Ternium,4213.23,7373.8
2024-08-03,20,PT1H,MC-Ternium,4654.96,7373.8
2024-08-03,21,PT1H,MC-Ternium,4020.85,7373.8
2024-08-03,22,PT1H,MC-Ternium,4154.43,7373.8
2024-08-03,23,PT1H,MC-Ternium,4941.08,7373.8
2024-08-03,24,PT1H,MC-Ternium,2911.34,7374.0
2024-08-04,1,PT1H,MC-Ternium,5332.55,6215.0
2024-08-04,2,PT1H,MC-Ternium,3394.34,6215.0
2024-08-04,3,PT1H,MC-Ternium,5322.39,6215.0
2024-08-04,4,PT1H,MC-Ternium,4319.24,6215.0
2024-08-04,5,PT1H,MC-Ternium,4000.1,6215.0
2024-08-04,6,PT1H,MC-Ternium,3083.67,6215.0
2024-08-04,7,PT1H,MC-Ternium,3249.67,6215.0
2024-08-04,8,PT1H,MC-Ternium,4502.91,6215.0
2024-08-04,9,PT1H,MC-Ternium,4840.5,6215.0
2024-08-04,10,PT1H,MC-Ternium,4815.33,6215.0
2024-08-04,11,PT1H,MC-Ternium,4655.75,6215.0
2024-08-04,12,PT1H,MC-Ternium,4534.61,6215.0
2024-08-04,13,PT1H,MC-Ternium,4504.29,6215.0
2024-08-04,14,PT1H,MC-Ternium,3545.34,6215.0
2024-08-04,15,PT1H,MC-Ternium,1999.55,6215.0
2024-08-04,16,PT1H,MC-Ternium,4856.62,6215.0
2024-08-04,17,PT1H,MC-Ternium,4103.47,6215.0
2024-08-04,18,PT1H,MC-Ternium,4977.98,6215.0
2024-08-04,19,PT1H,MC-Ternium,4388.45,6215.0
2024-08-04,20,PT1H,MC-Ternium,4323.51,6215.0
2024-08-04,21,PT1H,MC-Ternium,4584.11,6215.0
2024-08-04,22,PT1H,MC-Ternium,2969.0,6215.0
2024-08-04,23,PT1H,MC-Ternium,2764.24,6215.0
2024-08-04,24,PT1H,MC-Ternium,2753.85,6215.0
2024-08-05,1,PT1H,MC-Ternium,2794.26,10059.3
2024-08-05,2,PT1H,MC-Ternium,2756.19,10059.3
2024-08-05,3,PT1H,MC-Ternium,2835.02,10059.3
2024-08-05,4,PT1H,MC-Ternium,3772.36,10059.3
2024-08-05,5,PT1H,MC-Ternium,3593.39,10059.3
2024-08-05,6,PT1H,MC-Ternium,4704.13,10059.3
2024-08-05,7,PT1H,MC-Ternium,4287.93,10059.3
2024-08-05,8,PT1H,MC-Ternium,3888.07,10059.3
2024-08-05,9,PT1H,MC-Ternium,4075.43,10059.3
2024-08-05,10,PT1H,MC-Ternium,4245.53,10059.3
2024-08-05,11,PT1H,MC-Ternium,3136.03,10059.3
2024-08-05,12,PT1H,MC-Ternium,1681.86,10059.3
2024-08-05,13,PT1H,MC-Ternium,1603.23,10059.3
2024-08-05,14,PT1H,MC-Ternium,1731.8,10059.3
2024-08-05,15,PT1H,MC-Ternium,2004.93,10059.3
2024-08-05,16,PT1H,MC-Ternium,1984.7,10059.3
2024-08-05,17,PT1H,MC-Ternium,2687.6,10059.3
2024-08-05,18,PT1H,MC-Ternium,3882.91,10059.3
2024-08-05,19,PT1H,MC-Ternium,3500.18,10059.3
2024-08-05,20,PT1H,MC-Ternium,4431.83,10059.3
2024-08-05,21,PT1H,MC-Ternium,6262.18,10059.3
2024-08-05,22,PT1H,MC-Ternium,7018.46,10059.3
2024-08-05,23,PT1H,MC-Ternium,7092.54,10059.3
2024-08-05,24,PT1H,MC-Ternium,7199.85,10060.0
2024-08-06,1,PT1H,MC-Ternium,7217.97,8718.0
2024-08-06,2,PT1H,MC-Ternium,7287.76,8718.0
2024-08-06,3,PT1H,MC-Ternium,7334.73,8718.0
2024-08-06,4,PT1H,MC-Ternium,7322.13,8718.0
2024-08-06,5,PT1H,MC-Ternium,7098.52,8718.0
2024-08-06,6,PT1H,MC-Ternium,7227.2,8718.0
2024-08-06,7,PT1H,MC-Ternium,7120.05,8718.0
2024-08-06,8,PT1H,MC-Ternium,5212.47,8718.0
2024-08-06,9,PT1H,MC-Ternium,4407.8,8718.0
2024-08-06,10,PT1H,MC-Ternium,5654.06,8718.0
2024-08-06,11,PT1H,MC-Ternium,5781.41,8718.0
2024-08-06,12,PT1H,MC-Ternium,6885.59,8718.0
2024-08-06,13,PT1H,MC-Ternium,6621.02,8718.0
2024-08-06,14,PT1H,MC-Ternium,7214.31,8718.0
2024-08-06,15,PT1H,MC-Ternium,7178.56,8718.0
2024-08-06,16,PT1H,MC-Ternium,6683.6,8718.0
2024-08-06,17,PT1H,MC-Ternium,7003.1,8718.0
2024-08-06,18,PT1H,MC-Ternium,7190.07,8718.0
2024-08-06,19,PT1H,MC-Ternium,7015.25,8718.0
2024-08-06,20,PT1H,MC-Ternium,6957.81,8718.0
2024-08-06,21,PT1H,MC-Ternium,7081.13,8718.0
2024-08-06,22,PT1H,MC-Ternium,6753.94,8718.0
2024-08-06,23,PT1H,MC-Ternium,5124.47,8718.0
2024-08-06,24,PT1H,MC-Ternium,6909.35,8719.0
2024-08-07,1,PT1H,MC-Ternium,7025.89,7275.8
2024-08-07,2,PT1H,MC-Ternium,6927.37,7275.8
2024-08-07,3,PT1H,MC-Ternium,7163.59,7275.8
2024-08-07,4,PT1H,MC-Ternium,6899.96,7275.8
2024-08-07,5,PT1H,MC-Ternium,7085.41,7275.8
2024-08-07,6,PT1H,MC-Ternium,6781.2,7275.8
2024-08-07,7,PT1H,MC-Ternium,5775.29,7275.8
2024-08-07,8,PT1H,MC-Ternium,6074.41,7275.8
2024-08-07,9,PT1H,MC-Ternium,7073.33,7275.8
2024-08-07,10,PT1H,MC-Ternium,6552.53,7275.8
2024-08-07,11,PT1H,MC-Ternium,7039.22,7275.8
2024-08-07,12,PT1H,MC-Ternium,7049.96,7275.8
2024-08-07,13,PT1H,MC-Ternium,4454.76,7275.8
2024-08-07,14,PT1H,MC-Ternium,6756.71,7275.8
2024-08-07,15,PT1H,MC-Ternium,6625.57,7275.8
2024-08-07,16,PT1H,MC-Ternium,6059.26,7275.8
2024-08-07,17,PT1H,MC-Ternium,6443.54,7275.8
2024-08-07,18,PT1H,MC-Ternium,6004.58,7275.8
2024-08-07,19,PT1H,MC-Ternium,5750.84,7275.8
2024-08-07,20,PT1H,MC-Ternium,5437.34,7275.8
2024-08-07,21,PT1H,MC-Ternium,6709.33,7275.8
2024-08-07,22,PT1H,MC-Ternium,6201.47,7275.8
2024-08-07,23,PT1H,MC-Ternium,4741.35,7275.8
2024-08-07,24,PT1H,MC-Ternium,5087.07,7276.0
2024-08-08,1,PT1H,MC-Ternium,6943.94,7965.1
2024-08-08,2,PT1H,MC-Ternium,6844.54,7965.1
2024-08-08,3,PT1H,MC-Ternium,6199.29,7965.1
2024-08-08,4,PT1H,MC-Ternium,6643.52,7965.1
2024-08-08,5,PT1H,MC-Ternium,4870.29,7965.1
2024-08-08,6,PT1H,MC-Ternium,6314.26,7965.1
2024-08-08,7,PT1H,MC-Ternium,6739.76,7965.1
2024-08-08,8,PT1H,MC-Ternium,6845.75,7965.1
2024-08-08,9,PT1H,MC-Ternium,5761.29,7965.1
2024-08-08,10,PT1H,MC-Ternium,7003.85,7965.1
2024-08-08,11,PT1H,MC-Ternium,7017.17,7965.1
2024-08-08,12,PT1H,MC-Ternium,7021.7,7965.1
2024-08-08,13,PT1H,MC-Ternium,7023.12,7965.1
2024-08-08,14,PT1H,MC-Ternium,6427.72,7965.1
2024-08-08,15,PT1H,MC-Ternium,6987.12,7965.1
2024-08-08,16,PT1H,MC-Ternium,7002.37,7965.1
2024-08-08,17,PT1H,MC-Ternium,6892.06,7965.1
2024-08-08,18,PT1H,MC-Ternium,6476.69,7965.1
2024-08-08,19,PT1H,MC-Ternium,6830.21,7965.1
2024-08-08,20,PT1H,MC-Ternium,6922.66,7965.1
2024-08-08,21,PT1H,MC-Ternium,6422.66,7965.1
2024-08-08,22,PT1H,MC-Ternium,6758.02,7965.1
2024-08-08,23,PT1H,MC-Ternium,5272.17,7965.1
2024-08-08,24,PT1H,MC-Ternium,6268.56,7966.0
2024-08-09,1,PT1H,MC-Ternium,4487.86,7923.1
2024-08-09,2,PT1H,MC-Ternium,3418.09,7923.1
2024-08-09,3,PT1H,MC-Ternium,6442.79,7923.1
2024-08-09,4,PT1H,MC-Ternium,6822.51,7923.1
2024-08-09,5,PT1H,MC-Ternium,6891.1,7923.1
2024-08-09,6,PT1H,MC-Ternium,3811.13,7923.1
2024-08-09,7,PT1H,MC-Ternium,6802.18,7923.1
2024-08-09,8,PT1H,MC-Ternium,6762.47,7923.1
2024-08-09,9,PT1H,MC-Ternium,6744.02,7923.1
2024-08-09,10,PT1H,MC-Ternium,5556.51,7923.1
2024-08-09,11,PT1H,MC-Ternium,6651.02,7923.1
2024-08-09,12,PT1H,MC-Ternium,6962.65,7923.1
2024-08-09,13,PT1H,MC-Ternium,6496.76,7923.1
2024-08-09,14,PT1H,MC-Ternium,5709.47,7923.1
2024-08-09,15,PT1H,MC-Ternium,6871.98,7923.1
2024-08-09,16,PT1H,MC-Ternium,6866.59,7923.1
2024-08-09,17,PT1H,MC-Ternium,6738.43,7923.1
2024-08-09,18,PT1H,MC-Ternium,7003.13,7923.1
2024-08-09,19,PT1H,MC-Ternium,6968.5,7923.1
2024-08-09,20,PT1H,MC-Ternium,6870.79,7923.1
2024-08-09,21,PT1H,MC-Ternium,7001.56,7923.1
2024-08-09,22,PT1H,MC-Ternium,5188.95,7923.1
2024-08-09,23,PT1H,MC-Ternium,5024.28,7923.1
2024-08-09,24,PT1H,MC-Ternium,7060.56,7924.0
2024-08-10,1,PT1H,MC-Ternium,6549.2,2818.8
2024-08-10,2,PT1H,MC-Ternium,4921.59,2818.8
2024-08-10,3,PT1H,MC-Ternium,4514.15,2818.8
2024-08-10,4,PT1H,MC-Ternium,4341.18,2818.8
2024-08-10,5,PT1H,MC-Ternium,5608.7,2818.8
2024-08-10,6,PT1H,MC-Ternium,5597.64,2818.8
2024-08-10,7,PT1H,MC-Ternium,6081.47,2818.8
2024-08-10,8,PT1H,MC-Ternium,4892.16,2818.8
2024-08-10,9,PT1H,MC-Ternium,4573.79,2818.8
2024-08-10,10,PT1H,MC-Ternium,6626.43,2818.8
2024-08-10,11,PT1H,MC-Ternium,6727.07,2818.8
2024-08-10,12,PT1H,MC-Ternium,6564.0,2818.8
2024-08-10,13,PT1H,MC-Ternium,6643.9,2818.8
2024-08-10,14,PT1H,MC-Ternium,5211.43,2818.8
2024-08-10,15,PT1H,MC-Ternium,6838.84,2818.8
2024-08-10,16,PT1H,MC-Ternium,5567.6,2818.8
2024-08-10,17,PT1H,MC-Ternium,6738.93,2818.8
2024-08-10,18,PT1H,MC-Ternium,6683.25,2818.8
2024-08-10,19,PT1H,MC-Ternium,6749.2,2818.8
2024-08-10,20,PT1H,MC-Ternium,6529.38,2818.8
2024-08-10,21,PT1H,MC-Ternium,6773.85,2818.8
2024-08-10,22,PT1H,MC-Ternium,6792.02,2818.8
2024-08-10,23,PT1H,MC-Ternium,6460.35,2818.8
2024-08-10,24,PT1H,MC-Ternium,4192.53,2819.0
2024-08-11,1,PT1H,MC-Ternium,5734.51,6641.5
2024-08-11,2,PT1H,MC-Ternium,6649.28,6641.5
2024-08-11,3,PT1H,MC-Ternium,2555.0,6641.5
2024-08-11,4,PT1H,MC-Ternium,5483.7,6641.5
2024-08-11,5,PT1H,MC-Ternium,6483.96,6641.5
2024-08-11,6,PT1H,MC-Ternium,6549.8,6641.5
2024-08-11,7,PT1H,MC-Ternium,5977.11,6641.5
2024-08-11,8,PT1H,MC-Ternium,6488.53,6641.5
2024-08-11,9,PT1H,MC-Ternium,6868.44,6641.5
2024-08-11,10,PT1H,MC-Ternium,5740.24,6641.5
2024-08-11,11,PT1H,MC-Ternium,6549.94,6641.5
2024-08-11,12,PT1H,MC-Ternium,6321.42,6641.5
2024-08-11,13,PT1H,MC-Ternium,5365.4,6641.5
2024-08-11,14,PT1H,MC-Ternium,5783.84,6641.5
2024-08-11,15,PT1H,MC-Ternium,6635.48,6641.5
2024-08-11,16,PT1H,MC-Ternium,6779.33,6641.5
2024-08-11,17,PT1H,MC-Ternium,6813.56,6641.5
2024-08-11,18,PT1H,MC-Ternium,6727.14,6641.5
2024-08-11,19,PT1H,MC-Ternium,6775.74,6641.5
2024-08-11,20,PT1H,MC-Ternium,6622.38,6641.5
2024-08-11,21,PT1H,MC-Ternium,6809.6,6641.5
2024-08-11,22,PT1H,MC-Ternium,6895.15,6641.5
2024-08-11,23,PT1H,MC-Ternium,6887.2,6641.5
2024-08-11,24,PT1H,MC-Ternium,6861.37,6642.0
2024-08-12,1,PT1H,MC-Ternium,4471.39,7442.0
2024-08-12,2,PT1H,MC-Ternium,5824.55,7442.0
2024-08-12,3,PT1H,MC-Ternium,6616.97,7442.0
2024-08-12,4,PT1H,MC-Ternium,6719.98,7442.0
2024-08-12,5,PT1H,MC-Ternium,6695.22,7442.0
2024-08-12,6,PT1H,MC-Ternium,6551.56,7442.0
2024-08-12,7,PT1H,MC-Ternium,6673.61,7442.0
2024-08-12,8,PT1H,MC-Ternium,6401.01,7442.0
2024-08-12,9,PT1H,MC-Ternium,5868.33,7442.0
2024-08-12,10,PT1H,MC-Ternium,6648.36,7442.0
2024-08-12,11,PT1H,MC-Ternium,6729.84,7442.0
2024-08-12,12,PT1H,MC-Ternium,6491.67,7442.0
2024-08-12,13,PT1H,MC-Ternium,6536.22,7442.0
2024-08-12,14,PT1H,MC-Ternium,6705.17,7442.0
2024-08-12,15,PT1H,MC-Ternium,6575.48,7442.0
2024-08-12,16,PT1H,MC-Ternium,6244.08,7442.0
2024-08-12,17,PT1H,MC-Ternium,4291.61,7442.0
2024-08-12,18,PT1H,MC-Ternium,6610.44,7442.0
2024-08-12,19,PT1H,MC-Ternium,5995.88,7442.0
2024-08-12,20,PT1H,MC-Ternium,5987.6,7442.0
2024-08-12,21,PT1H,MC-Ternium,6554.42,7442.0
2024-08-12,22,PT1H,MC-Ternium,3051.47,7442.0
2024-08-12,23,PT1H,MC-Ternium,1898.97,7442.0
2024-08-12,24,PT1H,MC-Ternium,1939.07,7442.0
2024-08-13,1,PT1H,MC-Ternium,2544.82,6048.4
2024-08-13,2,PT1H,MC-Ternium,5268.61,6048.4
2024-08-13,3,PT1H,MC-Ternium,6831.59,6048.4
2024-08-13,4,PT1H,MC-Ternium,6750.94,6048.4
2024-08-13,5,PT1H,MC-Ternium,7058.96,6048.4
2024-08-13,6,PT1H,MC-Ternium,6955.19,6048.4
2024-08-13,7,PT1H,MC-Ternium,6820.9,6048.4
2024-08-13,8,PT1H,MC-Ternium,5845.87,6048.4
2024-08-13,9,PT1H,MC-Ternium,5154.16,6048.4
2024-08-13,10,PT1H,MC-Ternium,6502.64,6048.4
2024-08-13,11,PT1H,MC-Ternium,6761.78,6048.4
2024-08-13,12,PT1H,MC-Ternium,7174.82,6048.4
2024-08-13,13,PT1H,MC-Ternium,6561.24,6048.4
2024-08-13,14,PT1H,MC-Ternium,6028.64,6048.4
2024-08-13,15,PT1H,MC-Ternium,5044.44,6048.4
2024-08-13,16,PT1H,MC-Ternium,5336.57,6048.4
2024-08-13,17,PT1H,MC-Ternium,6950.5,6048.4
2024-08-13,18,PT1H,MC-Ternium,6265.59,6048.4
2024-08-13,19,PT1H,MC-Ternium,6308.96,6048.4
2024-08-13,20,PT1H,MC-Ternium,5324.69,6048.4
2024-08-13,21,PT1H,MC-Ternium,6929.59,6048.4
2024-08-13,22,PT1H,MC-Ternium,7078.35,6048.4
2024-08-13,23,PT1H,MC-Ternium,4908.28,6048.4
2024-08-13,24,PT1H,MC-Ternium,5844.3,6048.4
2024-08-14,1,PT1H,MC-Ternium,6657.87,5547.9
2024-08-14,2,PT1H,MC-Ternium,6785.18,5547.9
2024-08-14,3,PT1H,MC-Ternium,6245.88,5547.9
2024-08-14,4,PT1H,MC-Ternium,5817.8,5547.9
2024-08-14,5,PT1H,MC-Ternium,6598.63,5547.9
2024-08-14,6,PT1H,MC-Ternium,5442.64,5547.9
2024-08-14,7,PT1H,MC-Ternium,6058.44,5547.9
2024-08-14,8,PT1H,MC-Ternium,6581.36,5547.9
2024-08-14,9,PT1H,MC-Ternium,6887.52,5547.9
2024-08-14,10,PT1H,MC-Ternium,5920.29,5547.9
2024-08-14,11,PT1H,MC-Ternium,5762.42,5547.9
2024-08-14,12,PT1H,MC-Ternium,6269.52,5547.9
2024-08-14,13,PT1H,MC-Ternium,6928.65,5547.9
2024-08-14,14,PT1H,MC-Ternium,7220.34,5547.9
2024-08-14,15,PT1H,MC-Ternium,6026.17,5547.9
2024-08-14,16,PT1H,MC-Ternium,6975.45,5547.9
2024-08-14,17,PT1H,MC-Ternium,7010.77,5547.9
2024-08-14,18,PT1H,MC-Ternium,6298.89,5547.9
2024-08-14,19,PT1H,MC-Ternium,6817.03,5547.9
2024-08-14,20,PT1H,MC-Ternium,6781.68,5547.9
2024-08-14,21,PT1H,MC-Ternium,5696.73,5547.9
2024-08-14,22,PT1H,MC-Ternium,5705.83,5547.9
2024-08-14,23,PT1H,MC-Ternium,6138.48,5547.9
2024-08-14,24,PT1H,MC-Ternium,6378.03,5548.0
2024-08-15,1,PT1H,MC-Ternium,6677.38,5372.7
2024-08-15,2,PT1H,MC-Ternium,6896.3,5372.7
2024-08-15,3,PT1H,MC-Ternium,6354.67,5372.7
2024-08-15,4,PT1H,MC-Ternium,5462.75,5372.7
2024-08-15,5,PT1H,MC-Ternium,6007.09,5372.7
2024-08-15,6,PT1H,MC-Ternium,5902.99,5372.7
2024-08-15,7,PT1H,MC-Ternium,4397.82,5372.7
2024-08-15,8,PT1H,MC-Ternium,6652.9,5372.7
2024-08-15,9,PT1H,MC-Ternium,6793.19,5372.7
2024-08-15,10,PT1H,MC-Ternium,6991.14,5372.7
2024-08-15,11,PT1H,MC-Ternium,4952.42,5372.7
2024-08-15,12,PT1H,MC-Ternium,2770.59,5372.7
2024-08-15,13,PT1H,MC-Ternium,1890.42,5372.7
2024-08-15,14,PT1H,MC-Ternium,1836.64,5372.7
2024-08-15,15,PT1H,MC-Ternium,2016.17,5372.7
2024-08-15,16,PT1H,MC-Ternium,2472.16,5372.7
2024-08-15,17,PT1H,MC-Ternium,3466.43,5372.7
2024-08-15,18,PT1H,MC-Ternium,3423.25,5372.7
2024-08-15,19,PT1H,MC-Ternium,5109.36,5372.7
2024-08-15,20,PT1H,MC-Ternium,7302.75,5372.7
2024-08-15,21,PT1H,MC-Ternium,7515.53,5372.7
2024-08-15,22,PT1H,MC-Ternium,7318.46,5372.7
2024-08-15,23,PT1H,MC-Ternium,6671.67,5372.7
2024-08-15,24,PT1H,MC-Ternium,6557.49,5373.7
2024-08-16,1,PT1H,MC-Ternium,7883.57,6637.7
2024-08-16,2,PT1H,MC-Ternium,7246.01,6637.7
2024-08-16,3,PT1H,MC-Ternium,8244.71,6637.7
2024-08-16,4,PT1H,MC-Ternium,5500.45,6637.7
2024-08-16,5,PT1H,MC-Ternium,5752.14,6637.7
2024-08-16,6,PT1H,MC-Ternium,7867.37,6637.7
2024-08-16,7,PT1H,MC-Ternium,6339.31,6637.7
2024-08-16,8,PT1H,MC-Ternium,8122.11,6637.7
2024-08-16,9,PT1H,MC-Ternium,4915.76,6637.7
2024-08-16,10,PT1H,MC-Ternium,4613.08,6637.7
2024-08-16,11,PT1H,MC-Ternium,7703.16,6637.7
2024-08-16,12,PT1H,MC-Ternium,5611.82,6637.7
2024-08-16,13,PT1H,MC-Ternium,5682.45,6637.7
2024-08-16,14,PT1H,MC-Ternium,7965.05,6637.7
2024-08-16,15,PT1H,MC-Ternium,7194.78,6637.7
2024-08-16,16,PT1H,MC-Ternium,6580.37,6637.7
2024-08-16,17,PT1H,MC-Ternium,5981.14,6637.7
2024-08-16,18,PT1H,MC-Ternium,7262.24,6637.7
2024-08-16,19,PT1H,MC-Ternium,6455.23,6637.7
2024-08-16,20,PT1H,MC-Ternium,5227.66,6637.7
2024-08-16,21,PT1H,MC-Ternium,6461.62,6637.7
2024-08-16,22,PT1H,MC-Ternium,6315.6,6637.7
2024-08-16,23,PT1H,MC-Ternium,4671.08,6637.7
2024-08-16,24,PT1H,MC-Ternium,8025.35,6638.0
2024-08-17,1,PT1H,MC-Ternium,8177.9,6750.6
2024-08-17,2,PT1H,MC-Ternium,8009.81,6750.6
2024-08-17,3,PT1H,MC-Ternium,8529.79,6750.6
2024-08-17,4,PT1H,MC-Ternium,7985.99,6750.6
2024-08-17,5,PT1H,MC-Ternium,6223.81,6750.6
2024-08-17,6,PT1H,MC-Ternium,7832.14,6750.6
2024-08-17,7,PT1H,MC-Ternium,6392.22,6750.6
2024-08-17,8,PT1H,MC-Ternium,6852.66,6750.6
2024-08-17,9,PT1H,MC-Ternium,6332.4,6750.6
2024-08-17,10,PT1H,MC-Ternium,7732.12,6750.6
2024-08-17,11,PT1H,MC-Ternium,7878.2,6750.6
2024-08-17,12,PT1H,MC-Ternium,7965.75,6750.6
2024-08-17,13,PT1H,MC-Ternium,7801.8,6750.6
2024-08-17,14,PT1H,MC-Ternium,7669.93,6750.6
2024-08-17,15,PT1H,MC-Ternium,7869.98,6750.6
2024-08-17,16,PT1H,MC-Ternium,6668.39,6750.6
2024-08-17,17,PT1H,MC-Ternium,3694.97,6750.6
2024-08-17,18,PT1H,MC-Ternium,5917.02,6750.6
2024-08-17,19,PT1H,MC-Ternium,4240.59,6750.6
2024-08-17,20,PT1H,MC-Ternium,7421.81,6750.6
2024-08-17,21,PT1H,MC-Ternium,6403.25,6750.6
2024-08-17,22,PT1H,MC-Ternium,7328.71,6750.6
2024-08-17,23,PT1H,MC-Ternium,5476.64,6750.6
2024-08-17,24,PT1H,MC-Ternium,7579.01,6751.0
2024-08-18,1,PT1H,MC-Ternium,7943.14,7321.5
2024-08-18,2,PT1H,MC-Ternium,8020.83,7321.5
2024-08-18,3,PT1H,MC-Ternium,7882.24,7321.5
2024-08-18,4,PT1H,MC-Ternium,5510.85,7321.5
2024-08-18,5,PT1H,MC-Ternium,6068.55,7321.5
2024-08-18,6,PT1H,MC-Ternium,6318.42,7321.5
2024-08-18,7,PT1H,MC-Ternium,7074.97,7321.5
2024-08-18,8,PT1H,MC-Ternium,5778.86,7321.5
2024-08-18,9,PT1H,MC-Ternium,4389.2,7321.5
2024-08-18,10,PT1H,MC-Ternium,4630.38,7321.5
2024-08-18,11,PT1H,MC-Ternium,3204.73,7321.5
2024-08-18,12,PT1H,MC-Ternium,7406.26,7321.5
2024-08-18,13,PT1H,MC-Ternium,7663.58,7321.5
2024-08-18,14,PT1H,MC-Ternium,4855.05,7321.5
2024-08-18,15,PT1H,MC-Ternium,6822.07,7321.5
2024-08-18,16,PT1H,MC-Ternium,8089.75,7321.5
2024-08-18,17,PT1H,MC-Ternium,6488.6,7321.5
2024-08-18,18,PT1H,MC-Ternium,7134.36,7321.5
2024-08-18,19,PT1H,MC-Ternium,7663.17,7321.5
2024-08-18,20,PT1H,MC-Ternium,6759.55,7321.5
2024-08-18,21,PT1H,MC-Ternium,5435.14,7321.5
2024-08-18,22,PT1H,MC-Ternium,7531.33,7321.5
2024-08-18,23,PT1H,MC-Ternium,5799.36,7321.5
2024-08-18,24,PT1H,MC-Ternium,5658.71,7322.0
2024-08-19,1,PT1H,MC-Ternium,7839.59,8066.1
2024-08-19,2,PT1H,MC-Ternium,2906.01,8066.1
2024-08-19,3,PT1H,MC-Ternium,5155.99,8066.1
2024-08-19,4,PT1H,MC-Ternium,7582.57,8066.1
2024-08-19,5,PT1H,MC-Ternium,7090.55,8066.1
2024-08-19,6,PT1H,MC-Ternium,8026.18,8066.1
2024-08-19,7,PT1H,MC-Ternium,6502.47,8066.1
2024-08-19,8,PT1H,MC-Ternium,7630.1,8066.1
2024-08-19,9,PT1H,MC-Ternium,7905.46,8066.1
2024-08-19,10,PT1H,MC-Ternium,8084.65,8066.1
2024-08-19,11,PT1H,MC-Ternium,8139.36,8066.1
2024-08-19,12,PT1H,MC-Ternium,7746.99,8066.1
2024-08-19,13,PT1H,MC-Ternium,7808.92,8066.1
2024-08-19,14,PT1H,MC-Ternium,5765.15,8066.1
2024-08-19,15,PT1H,MC-Ternium,6045.07,8066.1
2024-08-19,16,PT1H,MC-Ternium,1821.76,8066.1
2024-08-19,17,PT1H,MC-Ternium,1823.75,8066.1
2024-08-19,18,PT1H,MC-Ternium,1799.34,8066.1
2024-08-19,19,PT1H,MC-Ternium,2001.85,8066.1
2024-08-19,20,PT1H,MC-Ternium,1980.21,8066.1
2024-08-19,21,PT1H,MC-Ternium,2815.93,8066.1
2024-08-19,22,PT1H,MC-Ternium,2769.67,8066.1
2024-08-19,23,PT1H,MC-Ternium,2891.4,8066.1
2024-08-19,24,PT1H,MC-Ternium,3107.38,8067.0
2024-08-20,1,PT1H,MC-Ternium,3073.11,7118.1
2024-08-20,2,PT1H,MC-Ternium,4389.36,7118.1
2024-08-20,3,PT1H,MC-Ternium,3859.67,7118.1
2024-08-20,4,PT1H,MC-Ternium,3665.58,7118.1
2024-08-20,5,PT1H,MC-Ternium,2636.19,7118.1
2024-08-20,6,PT1H,MC-Ternium,4482.28,7118.1
2024-08-20,7,PT1H,MC-Ternium,6113.17,7118.1
2024-08-20,8,PT1H,MC-Ternium,5956.26,7118.1
2024-08-20,9,PT1H,MC-Ternium,6659.33,7118.1
2024-08-20,10,PT1H,MC-Ternium,3820.46,7118.1
2024-08-20,11,PT1H,MC-Ternium,5184.46,7118.1
2024-08-20,12,PT1H,MC-Ternium,6698.38,7118.1
2024-08-20,13,PT1H,MC-Ternium,5985.3,7118.1
2024-08-20,14,PT1H,MC-Ternium,5250.87,7118.1
2024-08-20,15,PT1H,MC-Ternium,6104.47,7118.1
2024-08-20,16,PT1H,MC-Ternium,4958.78,7118.1
2024-08-20,17,PT1H,MC-Ternium,5880.06,7118.1
2024-08-20,18,PT1H,MC-Ternium,3632.19,7118.1
2024-08-20,19,PT1H,MC-Ternium,4211.79,7118.1
2024-08-20,20,PT1H,MC-Ternium,4272.77,7118.1
2024-08-20,21,PT1H,MC-Ternium,6162.53,7118.1
2024-08-20,22,PT1H,MC-Ternium,6022.85,7118.1
2024-08-20,23,PT1H,MC-Ternium,3959.33,7118.1
2024-08-20,24,PT1H,MC-Ternium,6175.5,7119.0
2024-08-21,1,PT1H,MC-Ternium,5263.28,8356.5
2024-08-21,2,PT1H,MC-Ternium,6409.8,8356.5
2024-08-21,3,PT1H,MC-Ternium,4851.09,8356.5
2024-08-21,4,PT1H,MC-Ternium,5848.41,8356.5
2024-08-21,5,PT1H,MC-Ternium,4662.93,8356.5
2024-08-21,6,PT1H,MC-Ternium,3657.5,8356.5
2024-08-21,7,PT1H,MC-Ternium,5265.99,8356.5
2024-08-21,8,PT1H,MC-Ternium,4699.66,8356.5
2024-08-21,9,PT1H,MC-Ternium,5957.05,8356.5
2024-08-21,10,PT1H,MC-Ternium,6142.51,8356.5
2024-08-21,11,PT1H,MC-Ternium,4180.51,8356.5
2024-08-21,12,PT1H,MC-Ternium,3114.12,8356.5
2024-08-21,13,PT1H,MC-Ternium,5267.06,8356.5
2024-08-21,14,PT1H,MC-Ternium,6333.63,8356.5
2024-08-21,15,PT1H,MC-Ternium,5762.04,8356.5
2024-08-21,16,PT1H,MC-Ternium,6060.7,8356.5
2024-08-21,17,PT1H,MC-Ternium,6687.92,8356.5
2024-08-21,18,PT1H,MC-Ternium,5647.96,8356.5
2024-08-21,19,PT1H,MC-Ternium,5969.69,8356.5
2024-08-21,20,PT1H,MC-Ternium,5729.75,8356.5
2024-08-21,21,PT1H,MC-Ternium,5974.05,8356.5
2024-08-21,22,PT1H,MC-Ternium,3280.02,8356.5
2024-08-21,23,PT1H,MC-Ternium,5834.85,8356.5
2024-08-21,24,PT1H,MC-Ternium,5641.39,8357.0
2024-08-22,1,PT1H,MC-Ternium,6079.31,8525.7
2024-08-22,2,PT1H,MC-Ternium,6075.91,8525.7
2024-08-22,3,PT1H,MC-Ternium,6175.35,8525.7
2024-08-22,4,PT1H,MC-Ternium,5584.84,8525.7
2024-08-22,5,PT1H,MC-Ternium,4928.94,8525.7
2024-08-22,6,PT1H,MC-Ternium,6095.5,8525.7
2024-08-22,7,PT1H,MC-Ternium,5133.06,8525.7
2024-08-22,8,PT1H,MC-Ternium,3537.77,8525.7
2024-08-22,9,PT1H,MC-Ternium,1709.32,8525.7
2024-08-22,10,PT1H,MC-Ternium,2596.53,8525.7
2024-08-22,11,PT1H,MC-Ternium,4402.93,8525.7
2024-08-22,12,PT1H,MC-Ternium,6136.72,8525.7
2024-08-22,13,PT1H,MC-Ternium,4947.52,8525.7
2024-08-22,14,PT1H,MC-Ternium,5926.06,8525.7
2024-08-22,15,PT1H,MC-Ternium,4598.19,8525.7
2024-08-22,16,PT1H,MC-Ternium,4439.93,8525.7
2024-08-22,17,PT1H,MC-Ternium,6094.58,8525.7
2024-08-22,18,PT1H,MC-Ternium,6557.65,8525.7
2024-08-22,19,PT1H,MC-Ternium,7440.99,8525.7
2024-08-22,20,PT1H,MC-Ternium,5923.95,8525.7
2024-08-22,21,PT1H,MC-Ternium,6680.23,8525.7
2024-08-22,22,PT1H,MC-Ternium,7607.26,8525.7
2024-08-22,23,PT1H,MC-Ternium,6292.75,8525.7
2024-08-22,24,PT1H,MC-Ternium,4616.11,8526.0
2024-08-23,1,PT1H,MC-Ternium,5236.75,9765.9
2024-08-23,2,PT1H,MC-Ternium,7167.32,9765.9
2024-08-23,3,PT1H,MC-Ternium,5386.65,9765.9
2024-08-23,4,PT1H,MC-Ternium,5303.17,9765.9
2024-08-23,5,PT1H,MC-Ternium,6378.86,9765.9
2024-08-23,6,PT1H,MC-Ternium,7138.29,9765.9
2024-08-23,7,PT1H,MC-Ternium,7081.21,9765.9
2024-08-23,8,PT1H,MC-Ternium,7406.44,9765.9
2024-08-23,9,PT1H,MC-Ternium,7154.49,9765.9
2024-08-23,10,PT1H,MC-Ternium,7153.2,9765.9
2024-08-23,11,PT1H,MC-Ternium,5279.78,9765.9
2024-08-23,12,PT1H,MC-Ternium,4075.59,9765.9
2024-08-23,13,PT1H,MC-Ternium,6630.11,9765.9
2024-08-23,14,PT1H,MC-Ternium,6252.67,9765.9
2024-08-23,15,PT1H,MC-Ternium,6967.58,9765.9
2024-08-23,16,PT1H,MC-Ternium,6860.0,9765.9
2024-08-23,17,PT1H,MC-Ternium,7083.41,9765.9
2024-08-23,18,PT1H,MC-Ternium,5958.76,9765.9
2024-08-23,19,PT1H,MC-Ternium,6267.05,9765.9
2024-08-23,20,PT1H,MC-Ternium,6196.5,9765.9
2024-08-23,21,PT1H,MC-Ternium,6936.03,9765.9
2024-08-23,22,PT1H,MC-Ternium,7466.96,9765.9
2024-08-23,23,PT1H,MC-Ternium,8313.39,9765.9
2024-08-23,24,PT1H,MC-Ternium,8468.38,9766.0
2024-08-24,1,PT1H,MC-Ternium,7007.88,9399.1
2024-08-24,2,PT1H,MC-Ternium,7639.59,9399.1
2024-08-24,3,PT1H,MC-Ternium,7092.86,9399.1
2024-08-24,4,PT1H,MC-Ternium,7615.64,9399.1
2024-08-24,5,PT1H,MC-Ternium,7437.05,9399.1
2024-08-24,6,PT1H,MC-Ternium,7189.52,9399.1
2024-08-24,7,PT1H,MC-Ternium,7106.79,9399.1
2024-08-24,8,PT1H,MC-Ternium,8029.25,9399.1
2024-08-24,9,PT1H,MC-Ternium,6076.03,9399.1
2024-08-24,10,PT1H,MC-Ternium,6611.38,9399.1
2024-08-24,11,PT1H,MC-Ternium,5999.72,9399.1
2024-08-24,12,PT1H,MC-Ternium,6551.37,9399.1
2024-08-24,13,PT1H,MC-Ternium,7115.5,9399.1
2024-08-24,14,PT1H,MC-Ternium,7996.92,9399.1
2024-08-24,15,PT1H,MC-Ternium,3767.13,9399.1
2024-08-24,16,PT1H,MC-Ternium,4594.77,9399.1
2024-08-24,17,PT1H,MC-Ternium,5151.12,9399.1
2024-08-24,18,PT1H,MC-Ternium,5643.57,9399.1
2024-08-24,19,PT1H,MC-Ternium,5547.91,9399.1
2024-08-24,20,PT1H,MC-Ternium,7838.35,9399.1
2024-08-24,21,PT1H,MC-Ternium,6757.87,9399.1
2024-08-24,22,PT1H,MC-Ternium,7365.54,9399.1
2024-08-24,23,PT1H,MC-Ternium,7010.15,9399.1
2024-08-24,24,PT1H,MC-Ternium,7067.1,9400.0
2024-08-25,1,PT1H,MC-Ternium,6542.66,9399.1
2024-08-25,2,PT1H,MC-Ternium,7384.62,9399.1
2024-08-25,3,PT1H,MC-Ternium,7780.11,9399.1
2024-08-25,4,PT1H,MC-Ternium,7633.03,9399.1
2024-08-25,5,PT1H,MC-Ternium,7854.82,9399.1
2024-08-25,6,PT1H,MC-Ternium,8263.58,9399.1
2024-08-25,7,PT1H,MC-Ternium,7860.93,9399.1
2024-08-25,8,PT1H,MC-Ternium,5061.45,9399.1
2024-08-25,9,PT1H,MC-Ternium,7245.7,9399.1
2024-08-25,10,PT1H,MC-Ternium,6674.72,9399.1
2024-08-25,11,PT1H,MC-Ternium,6068.76,9399.1
2024-08-25,12,PT1H,MC-Ternium,5469.62,9399.1
2024-08-25,13,PT1H,MC-Ternium,6418.13,9399.1
2024-08-25,14,PT1H,MC-Ternium,6124.02,9399.1
2024-08-25,15,PT1H,MC-Ternium,6011.95,9399.1
2024-08-25,16,PT1H,MC-Ternium,6161.64,9399.1
2024-08-25,17,PT1H,MC-Ternium,6439.42,9399.1
2024-08-25,18,PT1H,MC-Ternium,6731.59,9399.1
2024-08-25,19,PT1H,MC-Ternium,4589.02,9399.1
2024-08-25,20,PT1H,MC-Ternium,6868.31,9399.1
2024-08-25,21,PT1H,MC-Ternium,7212.52,9399.1
2024-08-25,22,PT1H,MC-Ternium,5074.95,9399.1
2024-08-25,23,PT1H,MC-Ternium,7317.51,9399.1
2024-08-25,24,PT1H,MC-Ternium,6824.51,9400.0
2024-08-26,1,PT1H,MC-Ternium,7319.88,7416.7
2024-08-26,2,PT1H,MC-Ternium,5374.5,7416.7
2024-08-26,3,PT1H,MC-Ternium,7379.59,7416.7
2024-08-26,4,PT1H,MC-Ternium,7355.69,7416.7
2024-08-26,5,PT1H,MC-Ternium,7173.41,7416.7
2024-08-26,6,PT1H,MC-Ternium,5687.85,7416.7
2024-08-26,7,PT1H,MC-Ternium,6259.92,7416.7
2024-08-26,8,PT1H,MC-Ternium,5077.78,7416.7
2024-08-26,9,PT1H,MC-Ternium,1754.18,7416.7
2024-08-26,10,PT1H,MC-Ternium,1836.56,7416.7
2024-08-26,11,PT1H,MC-Ternium,2790.83,7416.7
2024-08-26,12,PT1H,MC-Ternium,2984.87,7416.7
2024-08-26,13,PT1H,MC-Ternium,3327.51,7416.7
2024-08-26,14,PT1H,MC-Ternium,4146.62,7416.7
2024-08-26,15,PT1H,MC-Ternium,5647.1,7416.7
2024-08-26,16,PT1H,MC-Ternium,6479.85,7416.7
2024-08-26,17,PT1H,MC-Ternium,4870.98,7416.7
2024-08-26,18,PT1H,MC-Ternium,4985.75,7416.7
2024-08-26,19,PT1H,MC-Ternium,3294.21,7416.7
2024-08-26,20,PT1H,MC-Ternium,3389.24,7416.7
2024-08-26,21,PT1H,MC-Ternium,3971.16,7416.7
2024-08-26,22,PT1H,MC-Ternium,3546.82,7416.7
2024-08-26,23,PT1H,MC-Ternium,3792.38,7416.7
2024-08-26,24,PT1H,MC-Ternium,3409.74,7417.0
2024-08-27,1,PT1H,MC-Ternium,4545.14,6497.1
2024-08-27,2,PT1H,MC-Ternium,4809.26,6497.1
2024-08-27,3,PT1H,MC-Ternium,5946.63,6497.1
2024-08-27,4,PT1H,MC-Ternium,5566.15,6497.1
2024-08-27,5,PT1H,MC-Ternium,6205.21,6497.1
2024-08-27,6,PT1H,MC-Ternium,4962.61,6497.1
2024-08-27,7,PT1H,MC-Ternium,5214.96,6497.1
2024-08-27,8,PT1H,MC-Ternium,6051.43,6497.1
2024-08-27,9,PT1H,MC-Ternium,6552.53,6497.1
2024-08-27,10,PT1H,MC-Ternium,6024.01,6497.1
2024-08-27,11,PT1H,MC-Ternium,5418.39,6497.1
2024-08-27,12,PT1H,MC-Ternium,5962.07,6497.1
2024-08-27,13,PT1H,MC-Ternium,5871.16,6497.1
2024-08-27,14,PT1H,MC-Ternium,6148.06,6497.1
2024-08-27,15,PT1H,MC-Ternium,5072.99,6497.1
2024-08-27,16,PT1H,MC-Ternium,4973.97,6497.1
2024-08-27,17,PT1H,MC-Ternium,6256.64,6497.1
2024-08-27,18,PT1H,MC-Ternium,4769.79,6497.1
2024-08-27,19,PT1H,MC-Ternium,6169.92,6497.1
2024-08-27,20,PT1H,MC-Ternium,5202.12,6497.1
2024-08-27,21,PT1H,MC-Ternium,5550.97,6497.1
2024-08-27,22,PT1H,MC-Ternium,5944.69,6497.1
2024-08-27,23,PT1H,MC-Ternium,5959.71,6497.1
2024-08-27,24,PT1H,MC-Ternium,4425.49,6500.0
2024-08-28,1,PT1H,MC-Ternium,4629.84,6819.0
2024-08-28,2,PT1H,MC-Ternium,6345.4,6819.0
2024-08-28,3,PT1H,MC-Ternium,4001.22,6819.0
2024-08-28,4,PT1H,MC-Ternium,5005.21,6819.0
2024-08-28,5,PT1H,MC-Ternium,6080.2,6819.0
2024-08-28,6,PT1H,MC-Ternium,6460.32,6819.0
2024-08-28,7,PT1H,MC-Ternium,5368.9,6819.0
2024-08-28,8,PT1H,MC-Ternium,4385.73,6819.0
2024-08-28,9,PT1H,MC-Ternium,4938.22,6819.0
2024-08-28,10,PT1H,MC-Ternium,6462.89,6819.0
2024-08-28,11,PT1H,MC-Ternium,2250.41,6819.0
2024-08-28,12,PT1H,MC-Ternium,1771.51,6819.0
2024-08-28,13,PT1H,MC-Ternium,1843.28,6819.0
2024-08-28,14,PT1H,MC-Ternium,3089.1,6819.0
2024-08-28,15,PT1H,MC-Ternium,3930.68,6819.0
2024-08-28,16,PT1H,MC-Ternium,3050.3,6819.0
2024-08-28,17,PT1H,MC-Ternium,5025.61,6819.0
2024-08-28,18,PT1H,MC-Ternium,6584.1,6819.0
2024-08-28,19,PT1H,MC-Ternium,6144.59,6819.0
2024-08-28,20,PT1H,MC-Ternium,5945.58,6819.0
2024-08-28,21,PT1H,MC-Ternium,5708.27,6819.0
2024-08-28,22,PT1H,MC-Ternium,6780.83,6819.0
2024-08-28,23,PT1H,MC-Ternium,7311.59,6819.0
2024-08-28,24,PT1H,MC-Ternium,7378.97,6819.0
2024-08-29,1,PT1H,MC-Ternium,7568.4,7062.5
2024-08-29,2,PT1H,MC-Ternium,7447.34,7062.5
2024-08-29,3,PT1H,MC-Ternium,6799.34,7062.5
2024-08-29,4,PT1H,MC-Ternium,7026.03,7062.5
2024-08-29,5,PT1H,MC-Ternium,7318.03,7062.5
2024-08-29,6,PT1H,MC-Ternium,6455.32,7062.5
2024-08-29,7,PT1H,MC-Ternium,5123.63,7062.5
2024-08-29,8,PT1H,MC-Ternium,6452.73,7062.5
2024-08-29,9,PT1H,MC-Ternium,6894.81,7062.5
2024-08-29,10,PT1H,MC-Ternium,8098.86,7062.5
2024-08-29,11,PT1H,MC-Ternium,7311.78,7062.5
2024-08-29,12,PT1H,MC-Ternium,3763.44,7062.5
2024-08-29,13,PT1H,MC-Ternium,5679.92,7062.5
2024-08-29,14,PT1H,MC-Ternium,6478.06,7062.5
2024-08-29,15,PT1H,MC-Ternium,7454.97,7062.5
2024-08-29,16,PT1H,MC-Ternium,6254.59,7062.5
2024-08-29,17,PT1H,MC-Ternium,6735.41,7062.5
2024-08-29,18,PT1H,MC-Ternium,7043.63,7062.5
2024-08-29,19,PT1H,MC-Ternium,6029.7,7062.5
2024-08-29,20,PT1H,MC-Ternium,5301.75,7062.5
2024-08-29,21,PT1H,MC-Ternium,4909.37,7062.5
2024-08-29,22,PT1H,MC-Ternium,6477.0,7062.5
2024-08-29,23,PT1H,MC-Ternium,6911.46,7062.5
2024-08-29,24,PT1H,MC-Ternium,7132.95,7063.0
2024-08-30,1,PT1H,MC-Ternium,5598.3,6575.7
2024-08-30,2,PT1H,MC-Ternium,4705.54,6575.7
2024-08-30,3,PT1H,MC-Ternium,5278.85,6575.7
2024-08-30,4,PT1H,MC-Ternium,4768.37,6575.7
2024-08-30,5,PT1H,MC-Ternium,7024.06,6575.7
2024-08-30,6,PT1H,MC-Ternium,7515.4,6575.7
2024-08-30,7,PT1H,MC-Ternium,7033.11,6575.7
2024-08-30,8,PT1H,MC-Ternium,5216.81,6575.7
2024-08-30,9,PT1H,MC-Ternium,7023.66,6575.7
2024-08-30,10,PT1H,MC-Ternium,6510.56,6575.7
2024-08-30,11,PT1H,MC-Ternium,7521.38,6575.7
2024-08-30,12,PT1H,MC-Ternium,6947.25,6575.7
2024-08-30,13,PT1H,MC-Ternium,6445.41,6575.7
2024-08-30,14,PT1H,MC-Ternium,4967.82,6575.7
2024-08-30,15,PT1H,MC-Ternium,6330.36,6575.7
2024-08-30,16,PT1H,MC-Ternium,5554.51,6575.7
2024-08-30,17,PT1H,MC-Ternium,4233.86,6575.7
2024-08-30,18,PT1H,MC-Ternium,6718.22,6575.7
2024-08-30,19,PT1H,MC-Ternium,7874.68,6575.7
2024-08-30,20,PT1H,MC-Ternium,6364.11,6575.7
2024-08-30,21,PT1H,MC-Ternium,5467.93,6575.7
2024-08-30,22,PT1H,MC-Ternium,5578.64,6575.7
2024-08-30,23,PT1H,MC-Ternium,6478.78,6575.7
2024-08-30,24,PT1H,MC-Ternium,5239.6,6577.0
2024-08-31,1,PT1H,MC-Ternium,7054.25,5183.7
2024-08-31,2,PT1H,MC-Ternium,8517.18,5183.7
2024-08-31,3,PT1H,MC-Ternium,7326.99,5183.7
2024-08-31,4,PT1H,MC-Ternium,6035.68,5183.7
2024-08-31,5,PT1H,MC-Ternium,7993.11,5183.7
2024-08-31,6,PT1H,MC-Ternium,7939.46,5183.7
2024-08-31,7,PT1H,MC-Ternium,5077.37,5183.7
2024-08-31,8,PT1H,MC-Ternium,7476.71,5183.7
2024-08-31,9,PT1H,MC-Ternium,7545.39,5183.7
2024-08-31,10,PT1H,MC-Ternium,8011.34,5183.7
2024-08-31,11,PT1H,MC-Ternium,8521.01,5183.7
2024-08-31,12,PT1H,MC-Ternium,5145.32,5183.7
2024-08-31,13,PT1H,MC-Ternium,7699.27,5183.7
2024-08-31,14,PT1H,MC-Ternium,4786.11,5183.7
2024-08-31,15,PT1H,MC-Ternium,6877.19,5183.7
2024-08-31,16,PT1H,MC-Ternium,6695.99,5183.7
2024-08-31,17,PT1H,MC-Ternium,6444.89,5183.7
2024-08-31,18,PT1H,MC-Ternium,7269.5,5183.7
2024-08-31,19,PT1H,MC-Ternium,7392.76,5183.7
2024-08-31,20,PT1H,MC-Ternium,5041.57,5183.7
2024-08-31,21,PT1H,MC-Ternium,5282.61,5183.7
2024-08-31,22,PT1H,MC-Ternium,7530.23,5183.7
2024-08-31,23,PT1H,MC-Ternium,7633.9,5183.7
2024-08-31,24,PT1H,MC-Ternium,8650.75,5183.7
2024-09-01,1,PT1H,MC-Ternium,7973.94,6071.1
2024-09-01,2,PT1H,MC-Ternium,3486.19,6071.1
2024-09-01,3,PT1H,MC-Ternium,5383.09,6071.1
2024-09-01,4,PT1H,MC-Ternium,7163.49,6071.1
2024-09-01,5,PT1H,MC-Ternium,6166.54,6071.1
2024-09-01,6,PT1H,MC-Ternium,5070.15,6071.1
2024-09-01,7,PT1H,MC-Ternium,4782.17,6071.1
2024-09-01,8,PT1H,MC-Ternium,6265.3,6071.1
2024-09-01,9,PT1H,MC-Ternium,6901.43,6071.1
2024-09-01,10,PT1H,MC-Ternium,5422.16,6071.1
2024-09-01,11,PT1H,MC-Ternium,6892.0,6071.1
2024-09-01,12,PT1H,MC-Ternium,6152.57,6071.1
2024-09-01,13,PT1H,MC-Ternium,6598.76,6071.1
2024-09-01,14,PT1H,MC-Ternium,5752.09,6071.1
2024-09-01,15,PT1H,MC-Ternium,6174.7,6071.1
2024-09-01,16,PT1H,MC-Ternium,7679.51,6071.1
2024-09-01,17,PT1H,MC-Ternium,4978.41,6071.1
2024-09-01,18,PT1H,MC-Ternium,4456.13,6071.1
2024-09-01,19,PT1H,MC-Ternium,5276.15,6071.1
2024-09-01,20,PT1H,MC-Ternium,7070.1,6071.1
2024-09-01,21,PT1H,MC-Ternium,7725.04,6071.1
2024-09-01,22,PT1H,MC-Ternium,4746.15,6071.1
2024-09-01,23,PT1H,MC-Ternium,7040.7,6071.1
2024-09-01,24,PT1H,MC-Ternium,5936.69,6072.0
2024-09-02,1,PT1H,MC-Ternium,7126.59,4367.9
2024-09-02,2,PT1H,MC-Ternium,7850.42,4367.9
2024-09-02,3,PT1H,MC-Ternium,7379.79,4367.9
2024-09-02,4,PT1H,MC-Ternium,6476.91,4367.9
2024-09-02,5,PT1H,MC-Ternium,5860.72,4367.9
2024-09-02,6,PT1H,MC-Ternium,5298.72,4367.9
2024-09-02,7,PT1H,MC-Ternium,5439.89,4367.9
2024-09-02,8,PT1H,MC-Ternium,6217.27,4367.9
2024-09-02,9,PT1H,MC-Ternium,5507.46,4367.9
2024-09-02,10,PT1H,MC-Ternium,8241.88,4367.9
2024-09-02,11,PT1H,MC-Ternium,6204.17,4367.9
2024-09-02,12,PT1H,MC-Ternium,6318.41,4367.9
2024-09-02,13,PT1H,MC-Ternium,7906.37,4367.9
2024-09-02,14,PT1H,MC-Ternium,7571.44,4367.9
2024-09-02,15,PT1H,MC-Ternium,2280.28,4367.9
2024-09-02,16,PT1H,MC-Ternium,1914.79,4367.9
2024-09-02,17,PT1H,MC-Ternium,2009.58,4367.9
2024-09-02,18,PT1H,MC-Ternium,3399.69,4367.9
2024-09-02,19,PT1H,MC-Ternium,4424.04,4367.9
2024-09-02,20,PT1H,MC-Ternium,4785.84,4367.9
2024-09-02,21,PT1H,MC-Ternium,5937.06,4367.9
2024-09-02,22,PT1H,MC-Ternium,6071.36,4367.9
2024-09-02,23,PT1H,MC-Ternium,5761.47,4367.9
2024-09-02,24,PT1H,MC-Ternium,5742.05,4377.0
2024-09-03,1,PT1H,MC-Ternium,5407.94,4762.6
2024-09-03,2,PT1H,MC-Ternium,5740.24,4762.6
2024-09-03,3,PT1H,MC-Ternium,5291.29,4762.6
2024-09-03,4,PT1H,MC-Ternium,6440.66,4762.6
2024-09-03,5,PT1H,MC-Ternium,6209.82,4762.6
2024-09-03,6,PT1H,MC-Ternium,5108.25,4762.6
2024-09-03,7,PT1H,MC-Ternium,5233.3,4762.6
2024-09-03,8,PT1H,MC-Ternium,5802.78,4762.6
2024-09-03,9,PT1H,MC-Ternium,6081.82,4762.6
2024-09-03,10,PT1H,MC-Ternium,5776.65,4762.6
2024-09-03,11,PT1H,MC-Ternium,5414.12,4762.6
2024-09-03,12,PT1H,MC-Ternium,6921.98,4762.6
2024-09-03,13,PT1H,MC-Ternium,5801.05,4762.6
2024-09-03,14,PT1H,MC-Ternium,6343.9,4762.6
2024-09-03,15,PT1H,MC-Ternium,6657.06,4762.6
2024-09-03,16,PT1H,MC-Ternium,5838.88,4762.6
2024-09-03,17,PT1H,MC-Ternium,6712.71,4762.6
2024-09-03,18,PT1H,MC-Ternium,7388.1,4762.6
2024-09-03,19,PT1H,MC-Ternium,7517.46,4762.6
2024-09-03,20,PT1H,MC-Ternium,7622.7,4762.6
2024-09-03,21,PT1H,MC-Ternium,6393.19,4762.6
2024-09-03,22,PT1H,MC-Ternium,4494.9,4762.6
2024-09-03,23,PT1H,MC-Ternium,7521.51,4762.6
2024-09-03,24,PT1H,MC-Ternium,7585.8,4763.0
2024-09-04,1,PT1H,MC-Ternium,7668.06,2985.8
2024-09-04,2,PT1H,MC-Ternium,7749.5,2985.8
2024-09-04,3,PT1H,MC-Ternium,7562.48,2985.8
2024-09-04,4,PT1H,MC-Ternium,7600.01,2985.8
2024-09-04,5,PT1H,MC-Ternium,7483.47,2985.8
2024-09-04,6,PT1H,MC-Ternium,7754.61,2985.8
2024-09-04,7,PT1H,MC-Ternium,6696.3,2985.8
2024-09-04,8,PT1H,MC-Ternium,5380.55,2985.8
2024-09-04,9,PT1H,MC-Ternium,5612.48,2985.8
2024-09-04,10,PT1H,MC-Ternium,5170.9,2985.8
2024-09-04,11,PT1H,MC-Ternium,6112.38,2985.8
2024-09-04,12,PT1H,MC-Ternium,7450.35,2985.8
2024-09-04,13,PT1H,MC-Ternium,4508.16,2985.8
2024-09-04,14,PT1H,MC-Ternium,4348.54,2985.8
2024-09-04,15,PT1H,MC-Ternium,5032.95,2985.8
2024-09-04,16,PT1H,MC-Ternium,7093.24,2985.8
2024-09-04,17,PT1H,MC-Ternium,6839.84,2985.8
2024-09-04,18,PT1H,MC-Ternium,5953.74,2985.8
2024-09-04,19,PT1H,MC-Ternium,6834.72,2985.8
2024-09-04,20,PT1H,MC-Ternium,7027.51,2985.8
2024-09-04,21,PT1H,MC-Ternium,7226.7,2985.8
2024-09-04,22,PT1H,MC-Ternium,7006.27,2985.8
2024-09-04,23,PT1H,MC-Ternium,7045.84,2985.8
2024-09-04,24,PT1H,MC-Ternium,6986.22,2986.0
2024-09-05,1,PT1H,MC-Ternium,6983.06,5965.5
2024-09-05,2,PT1H,MC-Ternium,7002.73,5965.5
2024-09-05,3,PT1H,MC-Ternium,6083.7,5965.5
2024-09-05,4,PT1H,MC-Ternium,5215.51,5965.5
2024-09-05,5,PT1H,MC-Ternium,6718.38,5965.5
2024-09-05,6,PT1H,MC-Ternium,6928.08,5965.5
2024-09-05,7,PT1H,MC-Ternium,7047.31,5965.5
2024-09-05,8,PT1H,MC-Ternium,3889.33,5965.5
2024-09-05,9,PT1H,MC-Ternium,1649.53,5965.5
2024-09-05,10,PT1H,MC-Ternium,1639.72,5965.5
2024-09-05,11,PT1H,MC-Ternium,1566.83,5965.5
2024-09-05,12,PT1H,MC-Ternium,1538.0,5965.5
2024-09-05,13,PT1H,MC-Ternium,1511.18,5965.5
2024-09-05,14,PT1H,MC-Ternium,1927.69,5965.5
2024-09-05,15,PT1H,MC-Ternium,2467.54,5965.5
2024-09-05,16,PT1H,MC-Ternium,2578.57,5965.5
2024-09-05,17,PT1H,MC-Ternium,2955.62,5965.5
2024-09-05,18,PT1H,MC-Ternium,2860.3,5965.5
2024-09-05,19,PT1H,MC-Ternium,3016.42,5965.5
2024-09-05,20,PT1H,MC-Ternium,2388.23,5965.5
2024-09-05,21,PT1H,MC-Ternium,3696.82,5965.5
2024-09-05,22,PT1H,MC-Ternium,4666.14,5965.5
2024-09-05,23,PT1H,MC-Ternium,2969.03,5965.5
2024-09-05,24,PT1H,MC-Ternium,4002.17,5966.0
2024-09-06,1,PT1H,MC-Ternium,2732.79,5025.1
2024-09-06,2,PT1H,MC-Ternium,2640.39,5025.1
2024-09-06,3,PT1H,MC-Ternium,1815.98,5025.1
2024-09-06,4,PT1H,MC-Ternium,2586.11,5025.1
2024-09-06,5,PT1H,MC-Ternium,2959.32,5025.1
2024-09-06,6,PT1H,MC-Ternium,3499.23,5025.1
2024-09-06,7,PT1H,MC-Ternium,3459.94,5025.1
2024-09-06,8,PT1H,MC-Ternium,3672.16,5025.1
2024-09-06,9,PT1H,MC-Ternium,4766.83,5025.1
2024-09-06,10,PT1H,MC-Ternium,5224.64,5025.1
2024-09-06,11,PT1H,MC-Ternium,5193.43,5025.1
2024-09-06,12,PT1H,MC-Ternium,3904.09,5025.1
2024-09-06,13,PT1H,MC-Ternium,3025.79,5025.1
2024-09-06,14,PT1H,MC-Ternium,3382.89,5025.1
2024-09-06,15,PT1H,MC-Ternium,3554.02,5025.1
2024-09-06,16,PT1H,MC-Ternium,2552.16,5025.1
2024-09-06,17,PT1H,MC-Ternium,4913.75,5025.1
2024-09-06,18,PT1H,MC-Ternium,4515.59,5025.1
2024-09-06,19,PT1H,MC-Ternium,4300.67,5025.1
2024-09-06,20,PT1H,MC-Ternium,4531.2,5025.1
2024-09-06,21,PT1H,MC-Ternium,5245.1,5025.1
2024-09-06,22,PT1H,MC-Ternium,4788.12,5025.1
2024-09-06,23,PT1H,MC-Ternium,4234.48,5025.1
2024-09-06,24,PT1H,MC-Ternium,4462.57,5026.0
2024-09-07,1,PT1H,MC-Ternium,4346.46,4116.5
2024-09-07,2,PT1H,MC-Ternium,4754.42,4116.5
2024-09-07,3,PT1H,MC-Ternium,4354.91,4116.5
2024-09-07,4,PT1H,MC-Ternium,4182.82,4116.5
2024-09-07,5,PT1H,MC-Ternium,4669.02,4116.5
2024-09-07,6,PT1H,MC-Ternium,3831.17,4116.5
2024-09-07,7,PT1H,MC-Ternium,4519.46,4116.5
2024-09-07,8,PT1H,MC-Ternium,2051.5,4116.5
2024-09-07,9,PT1H,MC-Ternium,1695.02,4116.5
2024-09-07,10,PT1H,MC-Ternium,1636.26,4116.5
2024-09-07,11,PT1H,MC-Ternium,1660.12,4116.5
2024-09-07,12,PT1H,MC-Ternium,2179.25,4116.5
2024-09-07,13,PT1H,MC-Ternium,2905.23,4116.5
2024-09-07,14,PT1H,MC-Ternium,2188.99,4116.5
2024-09-07,15,PT1H,MC-Ternium,2433.73,4116.5
2024-09-07,16,PT1H,MC-Ternium,3492.63,4116.5
2024-09-07,17,PT1H,MC-Ternium,4937.67,4116.5
2024-09-07,18,PT1H,MC-Ternium,3403.17,4116.5
2024-09-07,19,PT1H,MC-Ternium,4264.52,4116.5
2024-09-07,20,PT1H,MC-Ternium,5838.34,4116.5
2024-09-07,21,PT1H,MC-Ternium,5500.53,4116.5
2024-09-07,22,PT1H,MC-Ternium,4029.45,4116.5
2024-09-07,23,PT1H,MC-Ternium,4857.48,4116.5
2024-09-07,24,PT1H,MC-Ternium,3188.64,4117.0
2024-09-08,1,PT1H,MC-Ternium,5497.67,4799.4
2024-09-08,2,PT1H,MC-Ternium,4596.71,4799.4
2024-09-08,3,PT1H,MC-Ternium,5446.13,4799.4
2024-09-08,4,PT1H,MC-Ternium,4180.85,4799.4
2024-09-08,5,PT1H,MC-Ternium,5201.92,4799.4
2024-09-08,6,PT1H,MC-Ternium,5435.02,4799.4
2024-09-08,7,PT1H,MC-Ternium,5153.15,4799.4
2024-09-08,8,PT1H,MC-Ternium,4669.61,4799.4
2024-09-08,9,PT1H,MC-Ternium,5976.43,4799.4
2024-09-08,10,PT1H,MC-Ternium,4358.1,4799.4
2024-09-08,11,PT1H,MC-Ternium,4826.28,4799.4
2024-09-08,12,PT1H,MC-Ternium,4578.14,4799.4
2024-09-08,13,PT1H,MC-Ternium,5113.01,4799.4
2024-09-08,14,PT1H,MC-Ternium,4633.87,4799.4
2024-09-08,15,PT1H,MC-Ternium,4441.27,4799.4
2024-09-08,16,PT1H,MC-Ternium,5385.03,4799.4
2024-09-08,17,PT1H,MC-Ternium,3277.92,4799.4
2024-09-08,18,PT1H,MC-Ternium,5436.37,4799.4
2024-09-08,19,PT1H,MC-Ternium,5769.08,4799.4
2024-09-08,20,PT1H,MC-Ternium,5139.98,4799.4
2024-09-08,21,PT1H,MC-Ternium,4080.53,4799.4
2024-09-08,22,PT1H,MC-Ternium,5395.93,4799.4
2024-09-08,23,PT1H,MC-Ternium,5617.63,4799.4
2024-09-08,24,PT1H,MC-Ternium,5596.71,4800.0
2024-09-09,1,PT1H,MC-Ternium,4735.96,6584.2
2024-09-09,2,PT1H,MC-Ternium,3604.33,6584.2
2024-09-09,3,PT1H,MC-Ternium,5368.37,6584.2
2024-09-09,4,PT1H,MC-Ternium,5162.65,6584.2
2024-09-09,5,PT1H,MC-Ternium,5596.6,6584.2
2024-09-09,6,PT1H,MC-Ternium,4741.28,6584.2
2024-09-09,7,PT1H,MC-Ternium,4451.65,6584.2
2024-09-09,8,PT1H,MC-Ternium,5385.11,6584.2
2024-09-09,9,PT1H,MC-Ternium,4764.22,6584.2
2024-09-09,10,PT1H,MC-Ternium,4012.12,6584.2
2024-09-09,11,PT1H,MC-Ternium,1660.22,6584.2
2024-09-09,12,PT1H,MC-Ternium,1669.99,6584.2
2024-09-09,13,PT1H,MC-Ternium,2737.71,6584.2
2024-09-09,14,PT1H,MC-Ternium,2690.29,6584.2
2024-09-09,15,PT1H,MC-Ternium,3237.73,6584.2
2024-09-09,16,PT1H,MC-Ternium,4171.83,6584.2
2024-09-09,17,PT1H,MC-Ternium,4488.61,6584.2
2024-09-09,18,PT1H,MC-Ternium,3177.31,6584.2
2024-09-09,19,PT1H,MC-Ternium,5785.56,6584.2
2024-09-09,20,PT1H,MC-Ternium,4340.56,6584.2
2024-09-09,21,PT1H,MC-Ternium,6046.96,6584.2
2024-09-09,22,PT1H,MC-Ternium,6390.78,6584.2
2024-09-09,23,PT1H,MC-Ternium,6544.18,6584.2
2024-09-09,24,PT1H,MC-Ternium,4316.61,6585.0
2024-09-10,1,PT1H,MC-Ternium,6552.25,7179.5
2024-09-10,2,PT1H,MC-Ternium,6759.16,7179.5
2024-09-10,3,PT1H,MC-Ternium,5748.4,7179.5
2024-09-10,4,PT1H,MC-Ternium,5719.14,7179.5
2024-09-10,5,PT1H,MC-Ternium,6940.16,7179.5
2024-09-10,6,PT1H,MC-Ternium,5851.15,7179.5
2024-09-10,7,PT1H,MC-Ternium,6933.53,7179.5
2024-09-10,8,PT1H,MC-Ternium,4567.12,7179.5
2024-09-10,9,PT1H,MC-Ternium,5487.65,7179.5
2024-09-10,10,PT1H,MC-Ternium,6642.62,7179.5
2024-09-10,11,PT1H,MC-Ternium,3648.87,7179.5
2024-09-10,12,PT1H,MC-Ternium,5365.6,7179.5
2024-09-10,13,PT1H,MC-Ternium,6406.14,7179.5
2024-09-10,14,PT1H,MC-Ternium,5831.23,7179.5
2024-09-10,15,PT1H,MC-Ternium,3715.14,7179.5
2024-09-10,16,PT1H,MC-Ternium,5317.83,7179.5
2024-09-10,17,PT1H,MC-Ternium,6223.24,7179.5
2024-09-10,18,PT1H,MC-Ternium,6555.39,7179.5
2024-09-10,19,PT1H,MC-Ternium,4722.64,7179.5
2024-09-10,20,PT1H,MC-Ternium,6421.41,7179.5
2024-09-10,21,PT1H,MC-Ternium,4894.41,7179.5
2024-09-10,22,PT1H,MC-Ternium,5908.34,7179.5
2024-09-10,23,PT1H,MC-Ternium,6262.01,7179.5
2024-09-10,24,PT1H,MC-Ternium,6151.62,7180.0
2024-09-11,1,PT1H,MC-Ternium,5869.16,6888.6
2024-09-11,2,PT1H,MC-Ternium,5645.03,6888.6
2024-09-11,3,PT1H,MC-Ternium,6641.99,6888.6
2024-09-11,4,PT1H,MC-Ternium,4860.52,6888.6
2024-09-11,5,PT1H,MC-Ternium,6359.55,6888.6
2024-09-11,6,PT1H,MC-Ternium,4596.51,6888.6
2024-09-11,7,PT1H,MC-Ternium,6273.35,6888.6
2024-09-11,8,PT1H,MC-Ternium,6436.65,6888.6
2024-09-11,9,PT1H,MC-Ternium,2956.08,6888.6
2024-09-11,10,PT1H,MC-Ternium,1832.31,6888.6
2024-09-11,11,PT1H,MC-Ternium,1714.88,6888.6
2024-09-11,12,PT1H,MC-Ternium,1617.74,6888.6
2024-09-11,13,PT1H,MC-Ternium,1541.11,6888.6
2024-09-11,14,PT1H,MC-Ternium,1608.33,6888.6
2024-09-11,15,PT1H,MC-Ternium,1598.66,6888.6
2024-09-11,16,PT1H,MC-Ternium,1553.16,6888.6
2024-09-11,17,PT1H,MC-Ternium,1463.28,6888.6
2024-09-11,18,PT1H,MC-Ternium,1380.06,6888.6
2024-09-11,19,PT1H,MC-Ternium,1329.06,6888.6
2024-09-11,20,PT1H,MC-Ternium,1265.43,6888.6
2024-09-11,21,PT1H,MC-Ternium,1290.03,6888.6
2024-09-11,22,PT1H,MC-Ternium,1259.71,6888.6
2024-09-11,23,PT1H,MC-Ternium,1245.21,6888.6
2024-09-11,24,PT1H,MC-Ternium,1194.83,6900.0
2024-09-12,1,PT1H,MC-Ternium,1235.81,7379.5
2024-09-12,2,PT1H,MC-Ternium,1195.86,7379.5
2024-09-12,3,PT1H,MC-Ternium,1187.06,7379.5
2024-09-12,4,PT1H,MC-Ternium,1204.25,7379.5
2024-09-12,5,PT1H,MC-Ternium,1211.94,7379.5
2024-09-12,6,PT1H,MC-Ternium,1259.36,7379.5
2024-09-12,7,PT1H,MC-Ternium,1224.38,7379.5
2024-09-12,8,PT1H,MC-Ternium,1231.35,7379.5
2024-09-12,9,PT1H,MC-Ternium,1242.46,7379.5
2024-09-12,10,PT1H,MC-Ternium,1265.52,7379.5
2024-09-12,11,PT1H,MC-Ternium,1308.8,7379.5
2024-09-12,12,PT1H,MC-Ternium,1269.4,7379.5
2024-09-12,13,PT1H,MC-Ternium,1260.12,7379.5
2024-09-12,14,PT1H,MC-Ternium,1244.58,7379.5
2024-09-12,15,PT1H,MC-Ternium,1255.35,7379.5
2024-09-12,16,PT1H,MC-Ternium,1296.44,7379.5
2024-09-12,17,PT1H,MC-Ternium,1325.52,7379.5
2024-09-12,18,PT1H,MC-Ternium,1326.48,7379.5
2024-09-12,19,PT1H,MC-Ternium,1292.31,7379.5
2024-09-12,20,PT1H,MC-Ternium,1260.18,7379.5
2024-09-12,21,PT1H,MC-Ternium,1283.25,7379.5
2024-09-12,22,PT1H,MC-Ternium,1272.44,7379.5
2024-09-12,23,PT1H,MC-Ternium,1248.4,7379.5
2024-09-12,24,PT1H,MC-Ternium,1235.71,7380.0
2024-09-13,1,PT1H,MC-Ternium,1234.79,6011.8
2024-09-13,2,PT1H,MC-Ternium,1232.76,6011.8
2024-09-13,3,PT1H,MC-Ternium,1228.7,6011.8
2024-09-13,4,PT1H,MC-Ternium,1231.68,6011.8
2024-09-13,5,PT1H,MC-Ternium,1245.1,6011.8
2024-09-13,6,PT1H,MC-Ternium,1235.07,6011.8
2024-09-13,7,PT1H,MC-Ternium,1241.88,6011.8
2024-09-13,8,PT1H,MC-Ternium,1171.47,6011.8
2024-09-13,9,PT1H,MC-Ternium,1349.68,6011.8
2024-09-13,10,PT1H,MC-Ternium,1585.26,6011.8
2024-09-13,11,PT1H,MC-Ternium,1624.83,6011.8
2024-09-13,12,PT1H,MC-Ternium,2011.01,6011.8
2024-09-13,13,PT1H,MC-Ternium,2621.0,6011.8
2024-09-13,14,PT1H,MC-Ternium,2866.71,6011.8
2024-09-13,15,PT1H,MC-Ternium,4234.8,6011.8
2024-09-13,16,PT1H,MC-Ternium,5625.46,6011.8
2024-09-13,17,PT1H,MC-Ternium,6279.35,6011.8
2024-09-13,18,PT1H,MC-Ternium,6236.81,6011.8
2024-09-13,19,PT1H,MC-Ternium,5873.95,6011.8
2024-09-13,20,PT1H,MC-Ternium,6469.2,6011.8
2024-09-13,21,PT1H,MC-Ternium,2974.34,6011.8
2024-09-13,22,PT1H,MC-Ternium,3443.9,6011.8
2024-09-13,23,PT1H,MC-Ternium,6343.17,6011.8
2024-09-13,24,PT1H,MC-Ternium,5243.47,6012.0
2024-09-14,1,PT1H,MC-Ternium,5700.1,5644.3
2024-09-14,2,PT1H,MC-Ternium,6018.65,5644.3
2024-09-14,3,PT1H,MC-Ternium,4931.67,5644.3
2024-09-14,4,PT1H,MC-Ternium,4896.51,5644.3
2024-09-14,5,PT1H,MC-Ternium,6517.2,5644.3
2024-09-14,6,PT1H,MC-Ternium,5868.13,5644.3
2024-09-14,7,PT1H,MC-Ternium,6592.79,5644.3
2024-09-14,8,PT1H,MC-Ternium,6516.65,5644.3
2024-09-14,9,PT1H,MC-Ternium,5762.22,5644.3
2024-09-14,10,PT1H,MC-Ternium,5363.87,5644.3
2024-09-14,11,PT1H,MC-Ternium,6715.16,5644.3
2024-09-14,12,PT1H,MC-Ternium,6550.98,5644.3
2024-09-14,13,PT1H,MC-Ternium,6717.29,5644.3
2024-09-14,14,PT1H,MC-Ternium,6555.72,5644.3
2024-09-14,15,PT1H,MC-Ternium,3835.89,5644.3
2024-09-14,16,PT1H,MC-Ternium,4745.73,5644.3
2024-09-14,17,PT1H,MC-Ternium,5437.53,5644.3
2024-09-14,18,PT1H,MC-Ternium,5683.54,5644.3
2024-09-14,19,PT1H,MC-Ternium,5744.07,5644.3
2024-09-14,20,PT1H,MC-Ternium,4560.58,5644.3
2024-09-14,21,PT1H,MC-Ternium,6006.35,5644.3
2024-09-14,22,PT1H,MC-Ternium,6342.39,5644.3
2024-09-14,23,PT1H,MC-Ternium,6338.1,5644.3
2024-09-14,24,PT1H,MC-Ternium,6398.88,5645.0
2024-09-15,1,PT1H,MC-Ternium,5646.92,5885.1
2024-09-15,2,PT1H,MC-Ternium,3910.88,5885.1
2024-09-15,3,PT1H,MC-Ternium,4850.58,5885.1
2024-09-15,4,PT1H,MC-Ternium,4864.18,5885.1
2024-09-15,5,PT1H,MC-Ternium,6187.03,5885.1
2024-09-15,6,PT1H,MC-Ternium,6120.59,5885.1
2024-09-15,7,PT1H,MC-Ternium,5939.92,5885.1
2024-09-15,8,PT1H,MC-Ternium,4748.26,5885.1
2024-09-15,9,PT1H,MC-Ternium,6184.51,5885.1
2024-09-15,10,PT1H,MC-Ternium,6487.58,5885.1
2024-09-15,11,PT1H,MC-Ternium,6445.93,5885.1
2024-09-15,12,PT1H,MC-Ternium,6502.74,5885.1
2024-09-15,13,PT1H,MC-Ternium,4848.7,5885.1
2024-09-15,14,PT1H,MC-Ternium,5799.49,5885.1
2024-09-15,15,PT1H,MC-Ternium,5709.33,5885.1
2024-09-15,16,PT1H,MC-Ternium,5725.62,5885.1
2024-09-15,17,PT1H,MC-Ternium,5094.93,5885.1
2024-09-15,18,PT1H,MC-Ternium,5051.54,5885.1
2024-09-15,19,PT1H,MC-Ternium,6419.49,5885.1
2024-09-15,20,PT1H,MC-Ternium,6252.58,5885.1
2024-09-15,21,PT1H,MC-Ternium,4994.22,5885.1
2024-09-15,22,PT1H,MC-Ternium,6261.36,5885.1
2024-09-15,23,PT1H,MC-Ternium,4890.19,5885.1
2024-09-15,24,PT1H,MC-Ternium,6308.3,5886.0
2024-09-16,1,PT1H,MC-Ternium,5642.82,5113.0
2024-09-16,2,PT1H,MC-Ternium,6462.55,5113.0
2024-09-16,3,PT1H,MC-Ternium,6354.53,5113.0
2024-09-16,4,PT1H,MC-Ternium,6479.88,5113.0
2024-09-16,5,PT1H,MC-Ternium,6511.72,5113.0
2024-09-16,6,PT1H,MC-Ternium,5277.17,5113.0
2024-09-16,7,PT1H,MC-Ternium,6210.51,5113.0
2024-09-16,8,PT1H,MC-Ternium,2344.32,5113.0
2024-09-16,9,PT1H,MC-Ternium,1766.83,5113.0
2024-09-16,10,PT1H,MC-Ternium,2413.72,5113.0
2024-09-16,11,PT1H,MC-Ternium,3806.25,5113.0
2024-09-16,12,PT1H,MC-Ternium,5898.03,5113.0
2024-09-16,13,PT1H,MC-Ternium,5970.37,5113.0
2024-09-16,14,PT1H,MC-Ternium,5911.96,5113.0
2024-09-16,15,PT1H,MC-Ternium,6875.8,5113.0
2024-09-16,16,PT1H,MC-Ternium,7538.7,5113.0
2024-09-16,17,PT1H,MC-Ternium,6472.6,5113.0
2024-09-16,18,PT1H,MC-Ternium,7026.6,5113.0
2024-09-16,19,PT1H,MC-Ternium,6171.4,5113.0
2024-09-16,20,PT1H,MC-Ternium,6295.02,5113.0
2024-09-16,21,PT1H,MC-Ternium,6506.98,5113.0
2024-09-16,22,PT1H,MC-Ternium,5792.27,5113.0
2024-09-16,23,PT1H,MC-Ternium,2176.71,5113.0
2024-09-16,24,PT1H,MC-Ternium,2173.24,5114.0
2024-09-17,1,PT1H,MC-Ternium,2602.94,7014.0
2024-09-17,2,PT1H,MC-Ternium,1946.14,7014.0
2024-09-17,3,PT1H,MC-Ternium,2022.91,7014.0
2024-09-17,4,PT1H,MC-Ternium,3355.22,7014.0
2024-09-17,5,PT1H,MC-Ternium,4079.88,7014.0
2024-09-17,6,PT1H,MC-Ternium,5061.19,7014.0
2024-09-17,7,PT1H,MC-Ternium,5840.68,7014.0
2024-09-17,8,PT1H,MC-Ternium,5845.6,7014.0
2024-09-17,9,PT1H,MC-Ternium,5193.73,7014.0
2024-09-17,10,PT1H,MC-Ternium,4715.75,7014.0
2024-09-17,11,PT1H,MC-Ternium,5838.23,7014.0
2024-09-17,12,PT1H,MC-Ternium,7267.96,7014.0
2024-09-17,13,PT1H,MC-Ternium,6401.91,7014.0
2024-09-17,14,PT1H,MC-Ternium,6425.29,7014.0
2024-09-17,15,PT1H,MC-Ternium,6839.62,7014.0
2024-09-17,16,PT1H,MC-Ternium,5982.83,7014.0
2024-09-17,17,PT1H,MC-Ternium,7149.78,7014.0
2024-09-17,18,PT1H,MC-Ternium,6951.69,7014.0
2024-09-17,19,PT1H,MC-Ternium,7040.01,7014.0
2024-09-17,20,PT1H,MC-Ternium,6865.27,7014.0
2024-09-17,21,PT1H,MC-Ternium,7315.59,7014.0
2024-09-17,22,PT1H,MC-Ternium,7295.92,7014.0
2024-09-17,23,PT1H,MC-Ternium,4746.27,7014.0
2024-09-17,24,PT1H,MC-Ternium,6168.77,7015.0
2024-09-18,1,PT1H,MC-Ternium,7908.26,7014.0
2024-09-18,2,PT1H,MC-Ternium,7895.53,7014.0
2024-09-18,3,PT1H,MC-Ternium,7622.53,7014.0
2024-09-18,4,PT1H,MC-Ternium,5587.56,7014.0
2024-09-18,5,PT1H,MC-Ternium,7277.17,7014.0
2024-09-18,6,PT1H,MC-Ternium,7407.23,7014.0
2024-09-18,7,PT1H,MC-Ternium,7437.4,7014.0
2024-09-18,8,PT1H,MC-Ternium,4965.21,7014.0
2024-09-18,9,PT1H,MC-Ternium,4115.03,7014.0
2024-09-18,10,PT1H,MC-Ternium,4824.72,7014.0
2024-09-18,11,PT1H,MC-Ternium,7183.35,7014.0
2024-09-18,12,PT1H,MC-Ternium,7585.06,7014.0
2024-09-18,13,PT1H,MC-Ternium,7508.82,7014.0
2024-09-18,14,PT1H,MC-Ternium,7361.09,7014.0
2024-09-18,15,PT1H,MC-Ternium,7297.47,7014.0
2024-09-18,16,PT1H,MC-Ternium,7404.13,7014.0
2024-09-18,17,PT1H,MC-Ternium,7763.74,7014.0
2024-09-18,18,PT1H,MC-Ternium,7172.21,7014.0
2024-09-18,19,PT1H,MC-Ternium,6693.17,7014.0
2024-09-18,20,PT1H,MC-Ternium,6277.13,7014.0
2024-09-18,21,PT1H,MC-Ternium,6824.54,7014.0
2024-09-18,22,PT1H,MC-Ternium,6309.19,7014.0
2024-09-18,23,PT1H,MC-Ternium,5001.2,7014.0
2024-09-18,24,PT1H,MC-Ternium,7444.92,7015.0
2024-09-19,1,PT1H,MC-Ternium,6953.92,5730.0
2024-09-19,2,PT1H,MC-Ternium,7359.67,5730.0
2024-09-19,3,PT1H,MC-Ternium,6800.66,5730.0
2024-09-19,4,PT1H,MC-Ternium,6837.09,5730.0
2024-09-19,5,PT1H,MC-Ternium,6468.83,5730.0
2024-09-19,6,PT1H,MC-Ternium,5527.72,5730.0
2024-09-19,7,PT1H,MC-Ternium,7316.18,5730.0
2024-09-19,8,PT1H,MC-Ternium,6378.79,5730.0
2024-09-19,9,PT1H,MC-Ternium,2966.02,5730.0
2024-09-19,10,PT1H,MC-Ternium,5887.29,5730.0
2024-09-19,11,PT1H,MC-Ternium,7670.78,5730.0
2024-09-19,12,PT1H,MC-Ternium,6524.27,5730.0
2024-09-19,13,PT1H,MC-Ternium,7376.23,5730.0
2024-09-19,14,PT1H,MC-Ternium,5289.74,5730.0
2024-09-19,15,PT1H,MC-Ternium,7666.65,5730.0
2024-09-19,16,PT1H,MC-Ternium,5943.33,5730.0
2024-09-19,17,PT1H,MC-Ternium,6877.48,5730.0
2024-09-19,18,PT1H,MC-Ternium,5660.51,5730.0
2024-09-19,19,PT1H,MC-Ternium,5112.31,5730.0
2024-09-19,20,PT1H,MC-Ternium,7401.68,5730.0
2024-09-19,21,PT1H,MC-Ternium,5137.15,5730.0
2024-09-19,22,PT1H,MC-Ternium,7075.19,5730.0
2024-09-19,23,PT1H,MC-Ternium,5183.77,5730.0
2024-09-19,24,PT1H,MC-Ternium,5583.67,5731.0
2024-09-20,1,PT1H,MC-Ternium,7861.22,5059.7
2024-09-20,2,PT1H,MC-Ternium,7521.6,5059.7
2024-09-20,3,PT1H,MC-Ternium,6016.18,5059.7
2024-09-20,4,PT1H,MC-Ternium,7258.0,5059.7
2024-09-20,5,PT1H,MC-Ternium,6612.66,5059.7
2024-09-20,6,PT1H,MC-Ternium,6524.62,5059.7
2024-09-20,7,PT1H,MC-Ternium,6199.37,5059.7
2024-09-20,8,PT1H,MC-Ternium,7487.93,5059.7
2024-09-20,9,PT1H,MC-Ternium,7456.57,5059.7
2024-09-20,10,PT1H,MC-Ternium,7746.03,5059.7
2024-09-20,11,PT1H,MC-Ternium,7506.53,5059.7
2024-09-20,12,PT1H,MC-Ternium,6904.66,5059.7
2024-09-20,13,PT1H,MC-Ternium,6888.49,5059.7
2024-09-20,14,PT1H,MC-Ternium,4894.45,5059.7
2024-09-20,15,PT1H,MC-Ternium,2824.04,5059.7
2024-09-20,16,PT1H,MC-Ternium,5770.46,5059.7
2024-09-20,17,PT1H,MC-Ternium,7294.15,5059.7
2024-09-20,18,PT1H,MC-Ternium,6892.51,5059.7
2024-09-20,19,PT1H,MC-Ternium,7288.66,5059.7
2024-09-20,20,PT1H,MC-Ternium,7336.39,5059.7
2024-09-20,21,PT1H,MC-Ternium,5820.08,5059.7
2024-09-20,22,PT1H,MC-Ternium,8148.67,5059.7
2024-09-20,23,PT1H,MC-Ternium,7448.05,5059.7
2024-09-20,24,PT1H,MC-Ternium,7676.69,5060.0
2024-09-21,1,PT1H,MC-Ternium,7999.63,4430.9
2024-09-21,2,PT1H,MC-Ternium,7967.27,4430.9
2024-09-21,3,PT1H,MC-Ternium,5557.39,4430.9
2024-09-21,4,PT1H,MC-Ternium,5671.33,4430.9
2024-09-21,5,PT1H,MC-Ternium,3820.99,4430.9
2024-09-21,6,PT1H,MC-Ternium,4799.73,4430.9
2024-09-21,7,PT1H,MC-Ternium,1773.73,4430.9
2024-09-21,8,PT1H,MC-Ternium,1647.46,4430.9
2024-09-21,9,PT1H,MC-Ternium,1675.7,4430.9
2024-09-21,10,PT1H,MC-Ternium,1679.4,4430.9
2024-09-21,11,PT1H,MC-Ternium,1791.26,4430.9
2024-09-21,12,PT1H,MC-Ternium,2860.55,4430.9
2024-09-21,13,PT1H,MC-Ternium,3367.79,4430.9
2024-09-21,14,PT1H,MC-Ternium,3722.02,4430.9
2024-09-21,15,PT1H,MC-Ternium,5062.3,4430.9
2024-09-21,16,PT1H,MC-Ternium,4894.5,4430.9
2024-09-21,17,PT1H,MC-Ternium,4911.48,4430.9
2024-09-21,18,PT1H,MC-Ternium,5063.84,4430.9
2024-09-21,19,PT1H,MC-Ternium,4355.53,4430.9
2024-09-21,20,PT1H,MC-Ternium,3151.07,4430.9
2024-09-21,21,PT1H,MC-Ternium,5815.79,4430.9
2024-09-21,22,PT1H,MC-Ternium,6383.67,4430.9
2024-09-21,23,PT1H,MC-Ternium,5175.03,4430.9
2024-09-21,24,PT1H,MC-Ternium,4223.82,4430.9
2024-09-22,1,PT1H,MC-Ternium,5348.4,5214.8
2024-09-22,2,PT1H,MC-Ternium,5102.89,5214.8
2024-09-22,3,PT1H,MC-Ternium,5486.66,5214.8
2024-09-22,4,PT1H,MC-Ternium,5985.57,5214.8
2024-09-22,5,PT1H,MC-Ternium,5052.09,5214.8
2024-09-22,6,PT1H,MC-Ternium,5292.62,5214.8
2024-09-22,7,PT1H,MC-Ternium,6327.46,5214.8
2024-09-22,8,PT1H,MC-Ternium,5166.64,5214.8
2024-09-22,9,PT1H,MC-Ternium,4223.85,5214.8
2024-09-22,10,PT1H,MC-Ternium,3618.06,5214.8
2024-09-22,11,PT1H,MC-Ternium,3794.72,5214.8
2024-09-22,12,PT1H,MC-Ternium,5740.51,5214.8
2024-09-22,13,PT1H,MC-Ternium,4867.73,5214.8
2024-09-22,14,PT1H,MC-Ternium,4840.68,5214.8
2024-09-22,15,PT1H,MC-Ternium,4118.6,5214.8
2024-09-22,16,PT1H,MC-Ternium,6461.76,5214.8
2024-09-22,17,PT1H,MC-Ternium,6891.12,5214.8
2024-09-22,18,PT1H,MC-Ternium,6834.11,5214.8
2024-09-22,19,PT1H,MC-Ternium,5515.87,5214.8
2024-09-22,20,PT1H,MC-Ternium,4234.71,5214.8
2024-09-22,21,PT1H,MC-Ternium,6490.61,5214.8
2024-09-22,22,PT1H,MC-Ternium,6304.09,5214.8
2024-09-22,23,PT1H,MC-Ternium,5077.7,5214.8
2024-09-22,24,PT1H,MC-Ternium,6244.77,5215.0
2024-09-23,1,PT1H,MC-Ternium,6278.82,4462.5
2024-09-23,2,PT1H,MC-Ternium,5585.86,4462.5
2024-09-23,3,PT1H,MC-Ternium,6789.5,4462.5
2024-09-23,4,PT1H,MC-Ternium,4416.41,4462.5
2024-09-23,5,PT1H,MC-Ternium,4599.65,4462.5
2024-09-23,6,PT1H,MC-Ternium,6762.38,4462.5
2024-09-23,7,PT1H,MC-Ternium,6816.93,4462.5
2024-09-23,8,PT1H,MC-Ternium,4982.48,4462.5
2024-09-23,9,PT1H,MC-Ternium,4927.77,4462.5
2024-09-23,10,PT1H,MC-Ternium,5044.82,4462.5
2024-09-23,11,PT1H,MC-Ternium,3608.65,4462.5
2024-09-23,12,PT1H,MC-Ternium,3294.57,4462.5
2024-09-23,13,PT1H,MC-Ternium,5754.19,4462.5
2024-09-23,14,PT1H,MC-Ternium,5535.03,4462.5
2024-09-23,15,PT1H,MC-Ternium,5436.26,4462.5
2024-09-23,16,PT1H,MC-Ternium,4902.83,4462.5
2024-09-23,17,PT1H,MC-Ternium,3443.94,4462.5
2024-09-23,18,PT1H,MC-Ternium,3159.33,4462.5
2024-09-23,19,PT1H,MC-Ternium,5546.11,4462.5
2024-09-23,20,PT1H,MC-Ternium,5728.41,4462.5
2024-09-23,21,PT1H,MC-Ternium,5291.08,4462.5
2024-09-23,22,PT1H,MC-Ternium,4673.05,4462.5
2024-09-23,23,PT1H,MC-Ternium,6192.26,4462.5
2024-09-23,24,PT1H,MC-Ternium,6850.37,4463.0
2024-09-24,1,PT1H,MC-Ternium,6366.65,6623.7
2024-09-24,2,PT1H,MC-Ternium,7061.26,6623.7
2024-09-24,3,PT1H,MC-Ternium,6710.76,6623.7
2024-09-24,4,PT1H,MC-Ternium,6372.11,6623.7
2024-09-24,5,PT1H,MC-Ternium,5735.33,6623.7
2024-09-24,6,PT1H,MC-Ternium,6118.36,6623.7
2024-09-24,7,PT1H,MC-Ternium,6759.1,6623.7
2024-09-24,8,PT1H,MC-Ternium,5361.96,6623.7
2024-09-24,9,PT1H,MC-Ternium,5193.67,6623.7
2024-09-24,10,PT1H,MC-Ternium,6752.63,6623.7
2024-09-24,11,PT1H,MC-Ternium,5617.92,6623.7
2024-09-24,12,PT1H,MC-Ternium,5413.21,6623.7
2024-09-24,13,PT1H,MC-Ternium,5142.44,6623.7
2024-09-24,14,PT1H,MC-Ternium,4462.76,6623.7
2024-09-24,15,PT1H,MC-Ternium,6438.52,6623.7
2024-09-24,16,PT1H,MC-Ternium,6541.54,6623.7
2024-09-24,17,PT1H,MC-Ternium,5767.15,6623.7
2024-09-24,18,PT1H,MC-Ternium,4157.79,6623.7
2024-09-24,19,PT1H,MC-Ternium,5312.67,6623.7
2024-09-24,20,PT1H,MC-Ternium,5603.64,6623.7
2024-09-24,21,PT1H,MC-Ternium,6938.18,6623.7
2024-09-24,22,PT1H,MC-Ternium,6070.71,6623.7
2024-09-24,23,PT1H,MC-Ternium,4853.52,6623.7
2024-09-24,24,PT1H,MC-Ternium,3680.24,6624.0
2024-09-25,1,PT1H,MC-Ternium,4875.78,7014.0
2024-09-25,2,PT1H,MC-Ternium,6462.64,7014.0
2024-09-25,3,PT1H,MC-Ternium,5819.14,7014.0
2024-09-25,4,PT1H,MC-Ternium,4014.35,7014.0
2024-09-25,5,PT1H,MC-Ternium,3095.9,7014.0
2024-09-25,6,PT1H,MC-Ternium,1764.05,7014.0
2024-09-25,7,PT1H,MC-Ternium,1725.55,7014.0
2024-09-25,8,PT1H,MC-Ternium,1679.17,7014.0
2024-09-25,9,PT1H,MC-Ternium,3134.02,7014.0
2024-09-25,10,PT1H,MC-Ternium,6179.61,7014.0
2024-09-25,11,PT1H,MC-Ternium,6689.06,7014.0
2024-09-25,12,PT1H,MC-Ternium,6287.05,7014.0
2024-09-25,13,PT1H,MC-Ternium,6700.51,7014.0
2024-09-25,14,PT1H,MC-Ternium,6740.39,7014.0
2024-09-25,15,PT1H,MC-Ternium,6737.87,7014.0
2024-09-25,16,PT1H,MC-Ternium,6787.72,7014.0
2024-09-25,17,PT1H,MC-Ternium,6897.87,7014.0
2024-09-25,18,PT1H,MC-Ternium,6333.53,7014.0
2024-09-25,19,PT1H,MC-Ternium,6735.68,7014.0
2024-09-25,20,PT1H,MC-Ternium,6625.3,7014.0
2024-09-25,21,PT1H,MC-Ternium,6844.56,7014.0
2024-09-25,22,PT1H,MC-Ternium,6841.1,7014.0
2024-09-25,23,PT1H,MC-Ternium,6890.28,7014.0
2024-09-25,24,PT1H,MC-Ternium,6655.94,7015.0
2024-09-26,1,PT1H,MC-Ternium,4802.94,5730.0
2024-09-26,2,PT1H,MC-Ternium,6781.08,5730.0
2024-09-26,3,PT1H,MC-Ternium,3326.81,5730.0
2024-09-26,4,PT1H,MC-Ternium,3990.39,5730.0
2024-09-26,5,PT1H,MC-Ternium,6329.14,5730.0
2024-09-26,6,PT1H,MC-Ternium,6801.24,5730.0
2024-09-26,7,PT1H,MC-Ternium,6701.34,5730.0
2024-09-26,8,PT1H,MC-Ternium,6897.26,5730.0
2024-09-26,9,PT1H,MC-Ternium,6474.54,5730.0
2024-09-26,10,PT1H,MC-Ternium,2067.04,5730.0
2024-09-26,11,PT1H,MC-Ternium,3085.86,5730.0
2024-09-26,12,PT1H,MC-Ternium,6979.61,5730.0
2024-09-26,13,PT1H,MC-Ternium,6988.17,5730.0
2024-09-26,14,PT1H,MC-Ternium,5323.3,5730.0
2024-09-26,15,PT1H,MC-Ternium,7044.13,5730.0
2024-09-26,16,PT1H,MC-Ternium,6523.82,5730.0
2024-09-26,17,PT1H,MC-Ternium,6113.71,5730.0
2024-09-26,18,PT1H,MC-Ternium,6773.4,5730.0
2024-09-26,19,PT1H,MC-Ternium,6496.67,5730.0
2024-09-26,20,PT1H,MC-Ternium,6934.42,5730.0
2024-09-26,21,PT1H,MC-Ternium,6981.05,5730.0
2024-09-26,22,PT1H,MC-Ternium,6859.31,5730.0
2024-09-26,23,PT1H,MC-Ternium,6964.59,5730.0
2024-09-26,24,PT1H,MC-Ternium,6966.02,5731.0
2024-09-27,1,PT1H,MC-Ternium,6917.28,5059.7
2024-09-27,2,PT1H,MC-Ternium,6618.97,5059.7
2024-09-27,3,PT1H,MC-Ternium,6791.03,5059.7
2024-09-27,4,PT1H,MC-Ternium,6917.91,5059.7
2024-09-27,5,PT1H,MC-Ternium,6666.8,5059.7
2024-09-27,6,PT1H,MC-Ternium,5870.05,5059.7
2024-09-27,7,PT1H,MC-Ternium,6658.95,5059.7
2024-09-27,8,PT1H,MC-Ternium,6687.29,5059.7
2024-09-27,9,PT1H,MC-Ternium,4926.09,5059.7
2024-09-27,10,PT1H,MC-Ternium,5261.09,5059.7
2024-09-27,11,PT1H,MC-Ternium,6710.56,5059.7
2024-09-27,12,PT1H,MC-Ternium,5537.92,5059.7
2024-09-27,13,PT1H,MC-Ternium,3660.27,5059.7
2024-09-27,14,PT1H,MC-Ternium,5501.74,5059.7
2024-09-27,15,PT1H,MC-Ternium,5760.28,5059.7
2024-09-27,16,PT1H,MC-Ternium,6622.45,5059.7
2024-09-27,17,PT1H,MC-Ternium,6625.07,5059.7
2024-09-27,18,PT1H,MC-Ternium,6122.63,5059.7
2024-09-27,19,PT1H,MC-Ternium,6899.37,5059.7
2024-09-27,20,PT1H,MC-Ternium,6963.13,5059.7
2024-09-27,21,PT1H,MC-Ternium,6974.03,5059.7
2024-09-27,22,PT1H,MC-Ternium,6994.01,5059.7
2024-09-27,23,PT1H,MC-Ternium,7025.32,5059.7
2024-09-27,24,PT1H,MC-Ternium,6421.02,5060.0
2024-09-28,1,PT1H,MC-Ternium,6987.1,4430.9
2024-09-28,2,PT1H,MC-Ternium,5927.01,4430.9
2024-09-28,3,PT1H,MC-Ternium,4258.73,4430.9
2024-09-28,4,PT1H,MC-Ternium,6707.11,4430.9
2024-09-28,5,PT1H,MC-Ternium,6038.69,4430.9
2024-09-28,6,PT1H,MC-Ternium,6762.02,4430.9
2024-09-28,7,PT1H,MC-Ternium,6915.45,4430.9
2024-09-28,8,PT1H,MC-Ternium,6764.71,4430.9
2024-09-28,9,PT1H,MC-Ternium,5687.38,4430.9
2024-09-28,10,PT1H,MC-Ternium,6692.74,4430.9
2024-09-28,11,PT1H,MC-Ternium,6788.22,4430.9
2024-09-28,12,PT1H,MC-Ternium,6941.42,4430.9
2024-09-28,13,PT1H,MC-Ternium,6859.53,4430.9
2024-09-28,14,PT1H,MC-Ternium,6850.97,4430.9
2024-09-28,15,PT1H,MC-Ternium,6451.32,4430.9
2024-09-28,16,PT1H,MC-Ternium,6405.21,4430.9
2024-09-28,17,PT1H,MC-Ternium,6937.99,4430.9
2024-09-28,18,PT1H,MC-Ternium,6996.76,4430.9
2024-09-28,19,PT1H,MC-Ternium,7004.68,4430.9
2024-09-28,20,PT1H,MC-Ternium,6989.16,4430.9
2024-09-28,21,PT1H,MC-Ternium,6673.57,4430.9
2024-09-28,22,PT1H,MC-Ternium,6895.99,4430.9
2024-09-28,23,PT1H,MC-Ternium,4851.48,4430.9
2024-09-28,24,PT1H,MC-Ternium,5732.51,4431.0
2024-09-29,1,PT1H,MC-Ternium,6781.07,5214.9
2024-09-29,2,PT1H,MC-Ternium,6749.63,5214.9
2024-09-29,3,PT1H,MC-Ternium,6741.87,5214.9
2024-09-29,4,PT1H,MC-Ternium,6778.84,5214.9
2024-09-29,5,PT1H,MC-Ternium,6840.32,5214.9
2024-09-29,6,PT1H,MC-Ternium,5154.26,5214.9
2024-09-29,7,PT1H,MC-Ternium,6408.83,5214.9
2024-09-29,8,PT1H,MC-Ternium,6134.66,5214.9
2024-09-29,9,PT1H,MC-Ternium,5026.81,5214.9
2024-09-29,10,PT1H,MC-Ternium,6558.21,5214.9
2024-09-29,11,PT1H,MC-Ternium,6733.05,5214.9
2024-09-29,12,PT1H,MC-Ternium,6692.67,5214.9
2024-09-29,13,PT1H,MC-Ternium,6519.11,5214.9
2024-09-29,14,PT1H,MC-Ternium,6690.34,5214.9
2024-09-29,15,PT1H,MC-Ternium,6201.22,5214.9
2024-09-29,16,PT1H,MC-Ternium,6670.27,5214.9
2024-09-29,17,PT1H,MC-Ternium,6327.92,5214.9
2024-09-29,18,PT1H,MC-Ternium,6489.64,5214.9
2024-09-29,19,PT1H,MC-Ternium,6367.94,5214.9
2024-09-29,20,PT1H,MC-Ternium,5389.57,5214.9
2024-09-29,21,PT1H,MC-Ternium,5462.2,5214.9
2024-09-29,22,PT1H,MC-Ternium,6198.24,5214.9
2024-09-29,23,PT1H,MC-Ternium,2244.09,5214.9
2024-09-29,24,PT1H,MC-Ternium,5025.06,5215.0
2024-09-30,1,PT1H,MC-Ternium,5686.11,4490.0
2024-09-30,2,PT1H,MC-Ternium,3814.52,4490.0
2024-09-30,3,PT1H,MC-Ternium,6183.62,4490.0
2024-09-30,4,PT1H,MC-Ternium,5815.96,4490.0
2024-09-30,5,PT1H,MC-Ternium,6658.69,4490.0
2024-09-30,6,PT1H,MC-Ternium,5344.98,4490.0
2024-09-30,7,PT1H,MC-Ternium,6161.75,4490.0
2024-09-30,8,PT1H,MC-Ternium,6605.25,4490.0
2024-09-30,9,PT1H,MC-Ternium,4765.92,4490.0
2024-09-30,10,PT1H,MC-Ternium,1760.07,4490.0
2024-09-30,11,PT1H,MC-Ternium,3393.07,4490.0
2024-09-30,12,PT1H,MC-Ternium,1672.88,4490.0
2024-09-30,13,PT1H,MC-Ternium,1586.72,4490.0
2024-09-30,14,PT1H,MC-Ternium,1610.83,4490.0
2024-09-30,15,PT1H,MC-Ternium,1636.97,4490.0
2024-09-30,16,PT1H,MC-Ternium,1658.79,4490.0
2024-09-30,17,PT1H,MC-Ternium,1657.49,4490.0
2024-09-30,18,PT1H,MC-Ternium,1875.64,4490.0
2024-09-30,19,PT1H,MC-Ternium,3257.37,4490.0
2024-09-30,20,PT1H,MC-Ternium,5772.25,4490.0
2024-09-30,21,PT1H,MC-Ternium,6129.02,4490.0
2024-09-30,22,PT1H,MC-Ternium,5779.68,4490.0
2024-09-30,23,PT1H,MC-Ternium,5934.39,4490.0
2024-09-30,24,PT1H,MC-Ternium,5797.71,4491.0
2024-10-01,1,PT1H,MC-Ternium,6070.6,5601.7
2024-10-01,2,PT1H,MC-Ternium,7438.71,5601.7
2024-10-01,3,PT1H,MC-Ternium,6363.02,5601.7
2024-10-01,4,PT1H,MC-Ternium,6387.46,5601.7
2024-10-01,5,PT1H,MC-Ternium,3896.71,5601.7
2024-10-01,6,PT1H,MC-Ternium,3302.9,5601.7
2024-10-01,7,PT1H,MC-Ternium,4256.39,5601.7
2024-10-01,8,PT1H,MC-Ternium,6088.22,5601.7
2024-10-01,9,PT1H,MC-Ternium,7068.01,5601.7
2024-10-01,10,PT1H,MC-Ternium,5980.75,5601.7
2024-10-01,11,PT1H,MC-Ternium,7388.85,5601.7
2024-10-01,12,PT1H,MC-Ternium,7625.87,5601.7
2024-10-01,13,PT1H,MC-Ternium,6306.96,5601.7
2024-10-01,14,PT1H,MC-Ternium,3500.13,5601.7
2024-10-01,15,PT1H,MC-Ternium,6166.19,5601.7
2024-10-01,16,PT1H,MC-Ternium,6070.6,5601.7
2024-10-01,17,PT1H,MC-Ternium,7275.81,5601.7
2024-10-01,18,PT1H,MC-Ternium,6890.2,5601.7
2024-10-01,19,PT1H,MC-Ternium,4579.12,5601.7
2024-10-01,20,PT1H,MC-Ternium,5149.61,5601.7
2024-10-01,21,PT1H,MC-Ternium,5220.07,5601.7
2024-10-01,22,PT1H,MC-Ternium,5268.77,5601.7
2024-10-01,23,PT1H,MC-Ternium,7502.04,5601.7
2024-10-01,24,PT1H,MC-Ternium,7663.08,5602.0
2024-10-02,1,PT1H,MC-Ternium,7818.79,4180.0
2024-10-02,2,PT1H,MC-Ternium,5163.7,4180.0
2024-10-02,3,PT1H,MC-Ternium,7509.47,4180.0
2024-10-02,4,PT1H,MC-Ternium,7189.1,4180.0
2024-10-02,5,PT1H,MC-Ternium,7659.96,4180.0
2024-10-02,6,PT1H,MC-Ternium,7861.67,4180.0
2024-10-02,7,PT1H,MC-Ternium,7025.5,4180.0
2024-10-02,8,PT1H,MC-Ternium,3866.73,4180.0
2024-10-02,9,PT1H,MC-Ternium,1693.78,4180.0
2024-10-02,10,PT1H,MC-Ternium,1671.77,4180.0
2024-10-02,11,PT1H,MC-Ternium,2666.39,4180.0
2024-10-02,12,PT1H,MC-Ternium,3474.74,4180.0
2024-10-02,13,PT1H,MC-Ternium,3476.25,4180.0
2024-10-02,14,PT1H,MC-Ternium,3358.64,4180.0
2024-10-02,15,PT1H,MC-Ternium,2066.68,4180.0
2024-10-02,16,PT1H,MC-Ternium,1778.66,4180.0
2024-10-02,17,PT1H,MC-Ternium,1928.5,4180.0
2024-10-02,18,PT1H,MC-Ternium,3768.92,4180.0
2024-10-02,19,PT1H,MC-Ternium,4558.74,4180.0
2024-10-02,20,PT1H,MC-Ternium,6669.09,4180.0
2024-10-02,21,PT1H,MC-Ternium,7038.77,4180.0
2024-10-02,22,PT1H,MC-Ternium,6170.81,4180.0
2024-10-02,23,PT1H,MC-Ternium,7599.41,4180.0
2024-10-02,24,PT1H,MC-Ternium,7341.98,4190.0
2024-10-03,1,PT1H,MC-Ternium,7724.5,6050.0
2024-10-03,2,PT1H,MC-Ternium,7726.26,6050.0
2024-10-03,3,PT1H,MC-Ternium,5518.6,6050.0
2024-10-03,4,PT1H,MC-Ternium,7541.28,6050.0
2024-10-03,5,PT1H,MC-Ternium,6714.01,6050.0
2024-10-03,6,PT1H,MC-Ternium,6350.65,6050.0
2024-10-03,7,PT1H,MC-Ternium,7188.23,6050.0
2024-10-03,8,PT1H,MC-Ternium,2106.71,6050.0
2024-10-03,9,PT1H,MC-Ternium,1799.28,6050.0
2024-10-03,10,PT1H,MC-Ternium,1720.54,6050.0
2024-10-03,11,PT1H,MC-Ternium,1838.6,6050.0
2024-10-03,12,PT1H,MC-Ternium,3002.22,6050.0
2024-10-03,13,PT1H,MC-Ternium,2941.81,6050.0
2024-10-03,14,PT1H,MC-Ternium,4634.8,6050.0
2024-10-03,15,PT1H,MC-Ternium,7664.5,6050.0
2024-10-03,16,PT1H,MC-Ternium,7830.65,6050.0
2024-10-03,17,PT1H,MC-Ternium,6577.81,6050.0
2024-10-03,18,PT1H,MC-Ternium,7476.65,6050.0
2024-10-03,19,PT1H,MC-Ternium,6854.2,6050.0
2024-10-03,20,PT1H,MC-Ternium,5237.96,6050.0
2024-10-03,21,PT1H,MC-Ternium,6839.07,6050.0
2024-10-03,22,PT1H,MC-Ternium,6103.29,6050.0
2024-10-03,23,PT1H,MC-Ternium,7367.51,6050.0
2024-10-03,24,PT1H,MC-Ternium,5645.07,6051.0
2024-10-04,1,PT1H,MC-Ternium,7547.65,5654.8
2024-10-04,2,PT1H,MC-Ternium,7095.74,5654.8
2024-10-04,3,PT1H,MC-Ternium,7104.24,5654.8
2024-10-04,4,PT1H,MC-Ternium,6545.33,5654.8
2024-10-04,5,PT1H,MC-Ternium,7338.07,5654.8
2024-10-04,6,PT1H,MC-Ternium,7418.07,5654.8
2024-10-04,7,PT1H,MC-Ternium,3918.65,5654.8
2024-10-04,8,PT1H,MC-Ternium,4126.07,5654.8
2024-10-04,9,PT1H,MC-Ternium,5101.46,5654.8
2024-10-04,10,PT1H,MC-Ternium,6343.8,5654.8
2024-10-04,11,PT1H,MC-Ternium,1864.28,5654.8
2024-10-04,12,PT1H,MC-Ternium,1783.33,5654.8
2024-10-04,13,PT1H,MC-Ternium,1781.49,5654.8
2024-10-04,14,PT1H,MC-Ternium,2179.21,5654.8
2024-10-04,15,PT1H,MC-Ternium,3492.19,5654.8
2024-10-04,16,PT1H,MC-Ternium,5236.37,5654.8
2024-10-04,17,PT1H,MC-Ternium,3404.03,5654.8
2024-10-04,18,PT1H,MC-Ternium,5777.06,5654.8
2024-10-04,19,PT1H,MC-Ternium,6474.22,5654.8
2024-10-04,20,PT1H,MC-Ternium,6085.15,5654.8
2024-10-04,21,PT1H,MC-Ternium,5728.59,5654.8
2024-10-04,22,PT1H,MC-Ternium,3784.97,5654.8
2024-10-04,23,PT1H,MC-Ternium,3931.78,5654.8
2024-10-04,24,PT1H,MC-Ternium,2908.95,5655.0
2024-10-05,1,PT1H,MC-Ternium,5806.69,2609.6
2024-10-05,2,PT1H,MC-Ternium,5893.41,2609.6
2024-10-05,3,PT1H,MC-Ternium,5300.88,2609.6
2024-10-05,4,PT1H,MC-Ternium,5032.18,2609.6
2024-10-05,5,PT1H,MC-Ternium,4462.12,2609.6
2024-10-05,6,PT1H,MC-Ternium,4082.5,2609.6
2024-10-05,7,PT1H,MC-Ternium,3582.02,2609.6
2024-10-05,8,PT1H,MC-Ternium,4926.64,2609.6
2024-10-05,9,PT1H,MC-Ternium,4571.97,2609.6
2024-10-05,10,PT1H,MC-Ternium,5050.14,2609.6
2024-10-05,11,PT1H,MC-Ternium,4102.52,2609.6
2024-10-05,12,PT1H,MC-Ternium,4373.74,2609.6
2024-10-05,13,PT1H,MC-Ternium,4765.03,2609.6
2024-10-05,14,PT1H,MC-Ternium,4705.55,2609.6
2024-10-05,15,PT1H,MC-Ternium,2736.24,2609.6
2024-10-05,16,PT1H,MC-Ternium,1280.87,2609.6
2024-10-05,17,PT1H,MC-Ternium,1128.27,2609.6
2024-10-05,18,PT1H,MC-Ternium,1153.33,2609.6
2024-10-05,19,PT1H,MC-Ternium,1160.41,2609.6
2024-10-05,20,PT1H,MC-Ternium,1092.56,2609.6
2024-10-05,21,PT1H,MC-Ternium,1133.98,2609.6
2024-10-05,22,PT1H,MC-Ternium,1097.24,2609.6
2024-10-05,23,PT1H,MC-Ternium,1100.07,2609.6
2024-10-05,24,PT1H,MC-Ternium,1102.9,2610.0
2024-10-06,1,PT1H,MC-Ternium,1079.1,652.5
2024-10-06,2,PT1H,MC-Ternium,1075.57,652.5
2024-10-06,3,PT1H,MC-Ternium,1087.59,652.5
2024-10-06,4,PT1H,MC-Ternium,1061.18,652.5
2024-10-06,5,PT1H,MC-Ternium,1038.6,652.5
2024-10-06,6,PT1H,MC-Ternium,981.11,652.5
2024-10-06,7,PT1H,MC-Ternium,927.78,652.5
2024-10-06,8,PT1H,MC-Ternium,967.79,652.5
2024-10-06,9,PT1H,MC-Ternium,1072.02,652.5
2024-10-06,10,PT1H,MC-Ternium,1118.88,652.5
2024-10-06,11,PT1H,MC-Ternium,1173.01,652.5
2024-10-06,12,PT1H,MC-Ternium,1192.45,652.5
2024-10-06,13,PT1H,MC-Ternium,1167.38,652.5
2024-10-06,14,PT1H,MC-Ternium,1190.53,652.5
2024-10-06,15,PT1H,MC-Ternium,1171.8,652.5
2024-10-06,16,PT1H,MC-Ternium,1134.94,652.5
2024-10-06,17,PT1H,MC-Ternium,1139.25,652.5
2024-10-06,18,PT1H,MC-Ternium,1111.74,652.5
2024-10-06,19,PT1H,MC-Ternium,1138.12,652.5
2024-10-06,20,PT1H,MC-Ternium,1125.44,652.5
2024-10-06,21,PT1H,MC-Ternium,1120.98,652.5
2024-10-06,22,PT1H,MC-Ternium,1127.2,652.5
2024-10-06,23,PT1H,MC-Ternium,1104.35,652.5
2024-10-06,24,PT1H,MC-Ternium,1094.09,653.0
2024-10-07,1,PT1H,MC-Ternium,1114.19,748.8
2024-10-07,2,PT1H,MC-Ternium,1090.49,748.8
2024-10-07,3,PT1H,MC-Ternium,1087.0,748.8
2024-10-07,4,PT1H,MC-Ternium,1108.57,748.8
2024-10-07,5,PT1H,MC-Ternium,1082.72,748.8
2024-10-07,6,PT1H,MC-Ternium,1099.19,748.8
2024-10-07,7,PT1H,MC-Ternium,1081.92,748.8
2024-10-07,8,PT1H,MC-Ternium,1134.84,748.8
2024-10-07,9,PT1H,MC-Ternium,1176.87,748.8
2024-10-07,10,PT1H,MC-Ternium,1267.49,748.8
2024-10-07,11,PT1H,MC-Ternium,1187.75,748.8
2024-10-07,12,PT1H,MC-Ternium,1250.0,748.8
2024-10-07,13,PT1H,MC-Ternium,975.54,748.8
2024-10-07,14,PT1H,MC-Ternium,1047.91,748.8
2024-10-07,15,PT1H,MC-Ternium,1108.62,748.8
2024-10-07,16,PT1H,MC-Ternium,1067.53,748.8
2024-10-07,17,PT1H,MC-Ternium,1132.54,748.8
2024-10-07,18,PT1H,MC-Ternium,1009.25,748.8
2024-10-07,19,PT1H,MC-Ternium,1014.51,748.8
2024-10-07,20,PT1H,MC-Ternium,952.51,748.8
2024-10-07,21,PT1H,MC-Ternium,955.58,748.8
2024-10-07,22,PT1H,MC-Ternium,970.4,748.8
2024-10-07,23,PT1H,MC-Ternium,952.84,748.8
2024-10-07,24,PT1H,MC-Ternium,953.54,749.0
2024-10-08,1,PT1H,MC-Ternium,949.73,1925.6
2024-10-08,2,PT1H,MC-Ternium,940.03,1925.6
2024-10-08,3,PT1H,MC-Ternium,959.04,1925.6
2024-10-08,4,PT1H,MC-Ternium,936.83,1925.6
2024-10-08,5,PT1H,MC-Ternium,946.29,1925.6
2024-10-08,6,PT1H,MC-Ternium,922.53,1925.6
2024-10-08,7,PT1H,MC-Ternium,628.82,1925.6
2024-10-08,8,PT1H,MC-Ternium,508.35,1925.6
2024-10-08,9,PT1H,MC-Ternium,553.7,1925.6
2024-10-08,10,PT1H,MC-Ternium,845.2,1925.6
2024-10-08,11,PT1H,MC-Ternium,848.81,1925.6
2024-10-08,12,PT1H,MC-Ternium,864.14,1925.6
2024-10-08,13,PT1H,MC-Ternium,846.2,1925.6
2024-10-08,14,PT1H,MC-Ternium,848.77,1925.6
2024-10-08,15,PT1H,MC-Ternium,968.51,1925.6
2024-10-08,16,PT1H,MC-Ternium,970.5,1925.6
2024-10-08,17,PT1H,MC-Ternium,893.05,1925.6
2024-10-08,18,PT1H,MC-Ternium,882.0,1925.6
2024-10-08,19,PT1H,MC-Ternium,726.33,1925.6
2024-10-08,20,PT1H,MC-Ternium,541.9,1925.6
2024-10-08,21,PT1H,MC-Ternium,554.51,1925.6
2024-10-08,22,PT1H,MC-Ternium,546.5,1925.6
2024-10-08,23,PT1H,MC-Ternium,537.42,1925.6
2024-10-08,24,PT1H,MC-Ternium,539.13,1926.0
2024-10-09,1,PT1H,MC-Ternium,521.04,5348.9
2024-10-09,2,PT1H,MC-Ternium,513.42,5348.9
2024-10-09,3,PT1H,MC-Ternium,520.88,5348.9
2024-10-09,4,PT1H,MC-Ternium,521.85,5348.9
2024-10-09,5,PT1H,MC-Ternium,526.84,5348.9
2024-10-09,6,PT1H,MC-Ternium,497.74,5348.9
2024-10-09,7,PT1H,MC-Ternium,502.36,5348.9
2024-10-09,8,PT1H,MC-Ternium,493.9,5348.9
2024-10-09,9,PT1H,MC-Ternium,829.64,5348.9
2024-10-09,10,PT1H,MC-Ternium,826.99,5348.9
2024-10-09,11,PT1H,MC-Ternium,776.3,5348.9
2024-10-09,12,PT1H,MC-Ternium,784.22,5348.9
2024-10-09,13,PT1H,MC-Ternium,792.85,5348.9
2024-10-09,14,PT1H,MC-Ternium,787.2,5348.9
2024-10-09,15,PT1H,MC-Ternium,835.69,5348.9
2024-10-09,16,PT1H,MC-Ternium,893.05,5348.9
2024-10-09,17,PT1H,MC-Ternium,848.88,5348.9
2024-10-09,18,PT1H,MC-Ternium,790.78,5348.9
2024-10-09,19,PT1H,MC-Ternium,712.81,5348.9
2024-10-09,20,PT1H,MC-Ternium,559.41,5348.9
2024-10-09,21,PT1H,MC-Ternium,566.85,5348.9
2024-10-09,22,PT1H,MC-Ternium,567.53,5348.9
2024-10-09,23,PT1H,MC-Ternium,557.74,5348.9
2024-10-09,24,PT1H,MC-Ternium,567.77,5349.0
2024-10-10,1,PT1H,MC-Ternium,535.04,3744.2
2024-10-10,2,PT1H,MC-Ternium,537.37,3744.2
2024-10-10,3,PT1H,MC-Ternium,554.49,3744.2
2024-10-10,4,PT1H,MC-Ternium,545.77,3744.2
2024-10-10,5,PT1H,MC-Ternium,518.31,3744.2
2024-10-10,6,PT1H,MC-Ternium,534.01,3744.2
2024-10-10,7,PT1H,MC-Ternium,525.32,3744.2
2024-10-10,8,PT1H,MC-Ternium,542.07,3744.2
2024-10-10,9,PT1H,MC-Ternium,791.06,3744.2
2024-10-10,10,PT1H,MC-Ternium,763.68,3744.2
2024-10-10,11,PT1H,MC-Ternium,766.61,3744.2
2024-10-10,12,PT1H,MC-Ternium,763.22,3744.2
2024-10-10,13,PT1H,MC-Ternium,758.27,3744.2
2024-10-10,14,PT1H,MC-Ternium,743.6,3744.2
2024-10-10,15,PT1H,MC-Ternium,720.49,3744.2
2024-10-10,16,PT1H,MC-Ternium,538.92,3744.2
2024-10-10,17,PT1H,MC-Ternium,516.21,3744.2
2024-10-10,18,PT1H,MC-Ternium,523.08,3744.2
2024-10-10,19,PT1H,MC-Ternium,544.24,3744.2
2024-10-10,20,PT1H,MC-Ternium,524.51,3744.2
2024-10-10,21,PT1H,MC-Ternium,532.98,3744.2
2024-10-10,22,PT1H,MC-Ternium,524.69,3744.2
2024-10-10,23,PT1H,MC-Ternium,532.09,3744.2
2024-10-10,24,PT1H,MC-Ternium,528.37,3745.0
2024-10-11,1,PT1H,MC-Ternium,524.22,5562.8
2024-10-11,2,PT1H,MC-Ternium,521.22,5562.8
2024-10-11,3,PT1H,MC-Ternium,511.27,5562.8
2024-10-11,4,PT1H,MC-Ternium,516.21,5562.8
2024-10-11,5,PT1H,MC-Ternium,518.93,5562.8
2024-10-11,6,PT1H,MC-Ternium,508.81,5562.8
2024-10-11,7,PT1H,MC-Ternium,476.48,5562.8
2024-10-11,8,PT1H,MC-Ternium,508.52,5562.8
2024-10-11,9,PT1H,MC-Ternium,724.93,5562.8
2024-10-11,10,PT1H,MC-Ternium,717.54,5562.8
2024-10-11,11,PT1H,MC-Ternium,724.97,5562.8
2024-10-11,12,PT1H,MC-Ternium,795.73,5562.8
2024-10-11,13,PT1H,MC-Ternium,729.66,5562.8
2024-10-11,14,PT1H,MC-Ternium,716.74,5562.8
2024-10-11,15,PT1H,MC-Ternium,770.46,5562.8
2024-10-11,16,PT1H,MC-Ternium,551.61,5562.8
2024-10-11,17,PT1H,MC-Ternium,511.94,5562.8
2024-10-11,18,PT1H,MC-Ternium,515.09,5562.8
2024-10-11,19,PT1H,MC-Ternium,527.49,5562.8
2024-10-11,20,PT1H,MC-Ternium,522.32,5562.8
2024-10-11,21,PT1H,MC-Ternium,531.32,5562.8
2024-10-11,22,PT1H,MC-Ternium,518.45,5562.8
2024-10-11,23,PT1H,MC-Ternium,522.18,5562.8
2024-10-11,24,PT1H,MC-Ternium,496.42,5563.0
2024-10-12,1,PT1H,MC-Ternium,483.26,4814.0
2024-10-12,2,PT1H,MC-Ternium,499.2,4814.0
2024-10-12,3,PT1H,MC-Ternium,485.64,4814.0
2024-10-12,4,PT1H,MC-Ternium,483.21,4814.0
2024-10-12,5,PT1H,MC-Ternium,483.79,4814.0
2024-10-12,6,PT1H,MC-Ternium,475.99,4814.0
2024-10-12,7,PT1H,MC-Ternium,452.21,4814.0
2024-10-12,8,PT1H,MC-Ternium,455.25,4814.0
2024-10-12,9,PT1H,MC-Ternium,473.94,4814.0
2024-10-12,10,PT1H,MC-Ternium,495.88,4814.0
2024-10-12,11,PT1H,MC-Ternium,511.87,4814.0
2024-10-12,12,PT1H,MC-Ternium,540.17,4814.0
2024-10-12,13,PT1H,MC-Ternium,539.08,4814.0
2024-10-12,14,PT1H,MC-Ternium,540.71,4814.0
2024-10-12,15,PT1H,MC-Ternium,533.68,4814.0
2024-10-12,16,PT1H,MC-Ternium,567.59,4814.0
2024-10-12,17,PT1H,MC-Ternium,535.02,4814.0
2024-10-12,18,PT1H,MC-Ternium,527.73,4814.0
2024-10-12,19,PT1H,MC-Ternium,541.64,4814.0
2024-10-12,20,PT1H,MC-Ternium,522.54,4814.0
2024-10-12,21,PT1H,MC-Ternium,533.52,4814.0
2024-10-12,22,PT1H,MC-Ternium,528.62,4814.0
2024-10-12,23,PT1H,MC-Ternium,522.61,4814.0
2024-10-12,24,PT1H,MC-Ternium,527.91,4815.0
2024-10-13,1,PT1H,MC-Ternium,505.0,735.4
2024-10-13,2,PT1H,MC-Ternium,487.35,726.7
2024-10-13,3,PT1H,MC-Ternium,487.84,740.0
2024-10-13,4,PT1H,MC-Ternium,477.05,729.3
2024-10-13,5,PT1H,MC-Ternium,493.31,736.6
2024-10-13,6,PT1H,MC-Ternium,489.93,710.1
2024-10-13,7,PT1H,MC-Ternium,465.56,565.6
2024-10-13,8,PT1H,MC-Ternium,458.23,501.1
2024-10-13,9,PT1H,MC-Ternium,459.25,691.7
2024-10-13,10,PT1H,MC-Ternium,485.28,836.1
2024-10-13,11,PT1H,MC-Ternium,500.39,812.6
2024-10-13,12,PT1H,MC-Ternium,502.29,824.2
2024-10-13,13,PT1H,MC-Ternium,505.33,819.5
2024-10-13,14,PT1H,MC-Ternium,504.56,818.0
2024-10-13,15,PT1H,MC-Ternium,506.79,902.1
2024-10-13,16,PT1H,MC-Ternium,498.76,931.8
2024-10-13,17,PT1H,MC-Ternium,499.45,871.0
2024-10-13,18,PT1H,MC-Ternium,509.8,836.4
2024-10-13,19,PT1H,MC-Ternium,527.55,719.6
2024-10-13,20,PT1H,MC-Ternium,523.41,550.7
2024-10-13,21,PT1H,MC-Ternium,523.99,560.7
2024-10-13,22,PT1H,MC-Ternium,519.58,557.0
2024-10-13,23,PT1H,MC-Ternium,518.5,547.6
2024-10-13,24,PT1H,MC-Ternium,517.79,553.5
2024-10-14,1,PT1H,MC-Ternium,490.09,953.5
2024-10-14,2,PT1H,MC-Ternium,483.64,952.8
2024-10-14,3,PT1H,MC-Ternium,482.59,970.4
2024-10-14,4,PT1H,MC-Ternium,479.89,955.6
2024-10-14,5,PT1H,MC-Ternium,479.24,952.5
2024-10-14,6,PT1H,MC-Ternium,473.25,1014.5
2024-10-14,7,PT1H,MC-Ternium,455.68,1009.3
2024-10-14,8,PT1H,MC-Ternium,450.61,1132.5
2024-10-14,9,PT1H,MC-Ternium,457.3,1067.5
2024-10-14,10,PT1H,MC-Ternium,482.17,1108.6
2024-10-14,11,PT1H,MC-Ternium,488.38,1047.9
2024-10-14,12,PT1H,MC-Ternium,498.73,975.5
2024-10-14,13,PT1H,MC-Ternium,496.52,1250.0
2024-10-14,14,PT1H,MC-Ternium,499.46,1187.8
2024-10-14,15,PT1H,MC-Ternium,500.26,1267.5
2024-10-14,16,PT1H,MC-Ternium,501.47,1176.9
2024-10-14,17,PT1H,MC-Ternium,488.84,1134.8
2024-10-14,18,PT1H,MC-Ternium,491.41,1081.9
2024-10-14,19,PT1H,MC-Ternium,511.99,1099.2
2024-10-14,20,PT1H,MC-Ternium,965.72,1082.7
2024-10-14,21,PT1H,MC-Ternium,1211.19,1108.6
2024-10-14,22,PT1H,MC-Ternium,1208.41,1087.0
2024-10-14,23,PT1H,MC-Ternium,1197.95,1090.5
2024-10-14,24,PT1H,MC-Ternium,1191.95,1115.0
2024-10-15,1,PT1H,MC-Ternium,1188.76,539.1
2024-10-15,2,PT1H,MC-Ternium,1194.04,537.4
2024-10-15,3,PT1H,MC-Ternium,1198.3,546.5
2024-10-15,4,PT1H,MC-Ternium,1198.92,554.5
2024-10-15,5,PT1H,MC-Ternium,1187.91,541.9
2024-10-15,6,PT1H,MC-Ternium,1185.21,726.3
2024-10-15,7,PT1H,MC-Ternium,1167.63,882.0
2024-10-15,8,PT1H,MC-Ternium,1189.61,893.1
2024-10-15,9,PT1H,MC-Ternium,1261.73,970.5
2024-10-15,10,PT1H,MC-Ternium,1310.98,968.5
2024-10-15,11,PT1H,MC-Ternium,1336.78,848.8
2024-10-15,12,PT1H,MC-Ternium,1496.89,846.2
2024-10-15,13,PT1H,MC-Ternium,1464.4,864.1
2024-10-15,14,PT1H,MC-Ternium,1457.63,848.8
2024-10-15,15,PT1H,MC-Ternium,1508.99,845.2
2024-10-15,16,PT1H,MC-Ternium,1439.93,553.7
2024-10-15,17,PT1H,MC-Ternium,1417.31,508.4
2024-10-15,18,PT1H,MC-Ternium,1377.47,628.8
2024-10-15,19,PT1H,MC-Ternium,1364.54,922.5
2024-10-15,20,PT1H,MC-Ternium,1325.83,946.3
2024-10-15,21,PT1H,MC-Ternium,1331.38,936.8
2024-10-15,22,PT1H,MC-Ternium,1311.76,959.0
2024-10-15,23,PT1H,MC-Ternium,1340.67,940.0
2024-10-15,24,PT1H,MC-Ternium,1438.94,950.0
2024-10-16,1,PT1H,MC-Ternium,1980.41,800.0
2024-10-16,2,PT1H,MC-Ternium,1618.84,500.0
2024-10-16,3,PT1H,MC-Ternium,1517.42,500.0
2024-10-16,4,PT1H,MC-Ternium,1517.78,500.0
2024-10-16,5,PT1H,MC-Ternium,1503.06,500.0
2024-10-16,6,PT1H,MC-Ternium,1693.62,500.0
2024-10-16,7,PT1H,MC-Ternium,1406.34,500.0
2024-10-16,8,PT1H,MC-Ternium,1411.37,500.0
2024-10-16,9,PT1H,MC-Ternium,1778.28,500.0
2024-10-16,10,PT1H,MC-Ternium,2487.66,500.0
2024-10-16,11,PT1H,MC-Ternium,2530.27,500.0
2024-10-16,12,PT1H,MC-Ternium,1677.9,500.0
2024-10-16,13,PT1H,MC-Ternium,1570.88,500.0
2024-10-16,14,PT1H,MC-Ternium,1688.17,500.0
2024-10-16,15,PT1H,MC-Ternium,2436.16,500.0
2024-10-16,16,PT1H,MC-Ternium,2983.31,500.0
2024-10-16,17,PT1H,MC-Ternium,4389.89,500.0
2024-10-16,18,PT1H,MC-Ternium,4308.35,500.0
2024-10-16,19,PT1H,MC-Ternium,7078.46,500.0
2024-10-16,20,PT1H,MC-Ternium,2531.9,500.0
2024-10-16,21,PT1H,MC-Ternium,2307.69,500.0
2024-10-16,22,PT1H,MC-Ternium,2296.46,500.0
2024-10-16,23,PT1H,MC-Ternium,2345.09,500.0
2024-10-16,24,PT1H,MC-Ternium,2483.34,522.0
2024-10-17,1,PT1H,MC-Ternium,5642.07,953.5
2024-10-17,2,PT1H,MC-Ternium,5651.22,800.0
2024-10-17,3,PT1H,MC-Ternium,4615.82,500.0
2024-10-17,4,PT1H,MC-Ternium,4396.46,500.0
2024-10-17,5,PT1H,MC-Ternium,6812.08,500.0
2024-10-17,6,PT1H,MC-Ternium,6294.02,500.0
2024-10-17,7,PT1H,MC-Ternium,6702.55,500.0
2024-10-17,8,PT1H,MC-Ternium,6211.26,500.0
2024-10-17,9,PT1H,MC-Ternium,5491.53,500.0
2024-10-17,10,PT1H,MC-Ternium,6364.28,500.0
2024-10-17,11,PT1H,MC-Ternium,7019.51,500.0
2024-10-17,12,PT1H,MC-Ternium,7399.88,500.0
2024-10-17,13,PT1H,MC-Ternium,5712.0,500.0
2024-10-17,14,PT1H,MC-Ternium,5680.81,500.0
2024-10-17,15,PT1H,MC-Ternium,6397.8,500.0
2024-10-17,16,PT1H,MC-Ternium,6809.07,500.0
2024-10-17,17,PT1H,MC-Ternium,3525.97,500.0
2024-10-17,18,PT1H,MC-Ternium,7201.44,500.0
2024-10-17,19,PT1H,MC-Ternium,8276.18,500.0
2024-10-17,20,PT1H,MC-Ternium,7716.47,500.0
2024-10-17,21,PT1H,MC-Ternium,5960.95,500.0
2024-10-17,22,PT1H,MC-Ternium,4741.75,500.0
2024-10-17,23,PT1H,MC-Ternium,6212.68,500.0
2024-10-17,24,PT1H,MC-Ternium,8160.3,500.0
2024-10-18,1,PT1H,MC-Ternium,3390.84,3434.5
2024-10-18,2,PT1H,MC-Ternium,5022.85,3308.9
2024-10-18,3,PT1H,MC-Ternium,6825.73,3195.1
2024-10-18,4,PT1H,MC-Ternium,7912.7,3159.5
2024-10-18,5,PT1H,MC-Ternium,6941.68,3302.3
2024-10-18,6,PT1H,MC-Ternium,8195.48,3141.3
2024-10-18,7,PT1H,MC-Ternium,8327.0,3284.8
2024-10-18,8,PT1H,MC-Ternium,8336.49,2939.1
2024-10-18,9,PT1H,MC-Ternium,8434.63,2669.4
2024-10-18,10,PT1H,MC-Ternium,7781.24,2717.2
2024-10-18,11,PT1H,MC-Ternium,3825.13,2824.1
2024-10-18,12,PT1H,MC-Ternium,5964.18,2992.6
2024-10-18,13,PT1H,MC-Ternium,7381.41,2981.9
2024-10-18,14,PT1H,MC-Ternium,7022.36,2878.1
2024-10-18,15,PT1H,MC-Ternium,7545.02,2860.4
2024-10-18,16,PT1H,MC-Ternium,4059.52,3101.6
2024-10-18,17,PT1H,MC-Ternium,7637.43,3161.4
2024-10-18,18,PT1H,MC-Ternium,8349.18,3086.7
2024-10-18,19,PT1H,MC-Ternium,8420.92,3247.4
2024-10-18,20,PT1H,MC-Ternium,8102.81,3330.8
2024-10-18,21,PT1H,MC-Ternium,7274.73,3370.0
2024-10-18,22,PT1H,MC-Ternium,7943.84,3394.0
2024-10-18,23,PT1H,MC-Ternium,7601.48,3153.7
2024-10-18,24,PT1H,MC-Ternium,3912.61,3219.9
2024-10-19,1,PT1H,MC-Ternium,6438.24,4579.3
2024-10-19,2,PT1H,MC-Ternium,5987.86,4411.8
2024-10-19,3,PT1H,MC-Ternium,7485.0,4260.2
2024-10-19,4,PT1H,MC-Ternium,7281.21,4212.6
2024-10-19,5,PT1H,MC-Ternium,7450.86,4403.1
2024-10-19,6,PT1H,MC-Ternium,7318.11,4188.4
2024-10-19,7,PT1H,MC-Ternium,5860.41,4379.8
2024-10-19,8,PT1H,MC-Ternium,5334.3,3918.8
2024-10-19,9,PT1H,MC-Ternium,6497.53,3559.2
2024-10-19,10,PT1H,MC-Ternium,6356.77,3623.0
2024-10-19,11,PT1H,MC-Ternium,4733.06,3765.5
2024-10-19,12,PT1H,MC-Ternium,1851.42,3990.1
2024-10-19,13,PT1H,MC-Ternium,2353.74,3975.8
2024-10-19,14,PT1H,MC-Ternium,2799.56,3837.5
2024-10-19,15,PT1H,MC-Ternium,3009.72,3813.9
2024-10-19,16,PT1H,MC-Ternium,2896.25,4135.4
2024-10-19,17,PT1H,MC-Ternium,2942.16,4215.2
2024-10-19,18,PT1H,MC-Ternium,1474.58,4115.6
2024-10-19,19,PT1H,MC-Ternium,1332.44,4329.8
2024-10-19,20,PT1H,MC-Ternium,1310.33,4441.1
2024-10-19,21,PT1H,MC-Ternium,1311.82,4493.3
2024-10-19,22,PT1H,MC-Ternium,1283.42,4525.3
2024-10-19,23,PT1H,MC-Ternium,1285.19,4204.9
2024-10-19,24,PT1H,MC-Ternium,1191.64,4294.0
2024-10-20,1,PT1H,MC-Ternium,1161.35,5151.7
2024-10-20,2,PT1H,MC-Ternium,1124.8,4963.3
2024-10-20,3,PT1H,MC-Ternium,1151.7,4792.7
2024-10-20,4,PT1H,MC-Ternium,1033.83,4739.2
2024-10-20,5,PT1H,MC-Ternium,1042.36,4953.4
2024-10-20,6,PT1H,MC-Ternium,1106.56,4711.9
2024-10-20,7,PT1H,MC-Ternium,1130.42,4927.3
2024-10-20,8,PT1H,MC-Ternium,1101.42,4408.6
2024-10-20,9,PT1H,MC-Ternium,1223.81,4004.2
2024-10-20,10,PT1H,MC-Ternium,1250.2,4075.8
2024-10-20,11,PT1H,MC-Ternium,1268.59,4236.2
2024-10-20,12,PT1H,MC-Ternium,1273.06,4488.9
2024-10-20,13,PT1H,MC-Ternium,1201.08,4472.8
2024-10-20,14,PT1H,MC-Ternium,1160.8,4317.2
2024-10-20,15,PT1H,MC-Ternium,1234.79,4290.6
2024-10-20,16,PT1H,MC-Ternium,1336.16,4652.4
2024-10-20,17,PT1H,MC-Ternium,1507.58,4742.1
2024-10-20,18,PT1H,MC-Ternium,1293.92,4630.0
2024-10-20,19,PT1H,MC-Ternium,1225.6,4871.0
2024-10-20,20,PT1H,MC-Ternium,1214.02,4996.2
2024-10-20,21,PT1H,MC-Ternium,1184.6,5055.0
2024-10-20,22,PT1H,MC-Ternium,1178.25,5091.0
2024-10-20,23,PT1H,MC-Ternium,1070.1,4730.5
2024-10-20,24,PT1H,MC-Ternium,1073.83,4830.0
2024-10-21,1,PT1H,MC-Ternium,1060.34,5231.0
2024-10-21,2,PT1H,MC-Ternium,1055.72,5231.0
2024-10-21,3,PT1H,MC-Ternium,1063.47,5231.0
2024-10-21,4,PT1H,MC-Ternium,1161.61,5231.0
2024-10-21,5,PT1H,MC-Ternium,1153.83,5231.0
2024-10-21,6,PT1H,MC-Ternium,1135.48,5231.0
2024-10-21,7,PT1H,MC-Ternium,1128.43,4729.0
2024-10-21,8,PT1H,MC-Ternium,1158.09,4729.0
2024-10-21,9,PT1H,MC-Ternium,1280.98,4729.0
2024-10-21,10,PT1H,MC-Ternium,1392.76,4729.0
2024-10-21,11,PT1H,MC-Ternium,1471.21,4729.0
2024-10-21,12,PT1H,MC-Ternium,1422.85,4729.0
2024-10-21,13,PT1H,MC-Ternium,1712.64,4729.0
2024-10-21,14,PT1H,MC-Ternium,3157.19,4729.0
2024-10-21,15,PT1H,MC-Ternium,3091.82,5231.0
2024-10-21,16,PT1H,MC-Ternium,5831.08,5231.0
2024-10-21,17,PT1H,MC-Ternium,7575.78,5231.0
2024-10-21,18,PT1H,MC-Ternium,7737.06,5231.0
2024-10-21,19,PT1H,MC-Ternium,7800.54,5231.0
2024-10-21,20,PT1H,MC-Ternium,6196.54,5231.0
2024-10-21,21,PT1H,MC-Ternium,7399.23,5231.0
2024-10-21,22,PT1H,MC-Ternium,4515.27,5231.0
2024-10-21,23,PT1H,MC-Ternium,6140.86,5183.0
2024-10-21,24,PT1H,MC-Ternium,7716.45,5183.0
2024-10-22,1,PT1H,MC-Ternium,4084.32,5183.0
2024-10-22,2,PT1H,MC-Ternium,7405.66,5183.0
2024-10-22,3,PT1H,MC-Ternium,6434.62,5183.0
2024-10-22,4,PT1H,MC-Ternium,6000.37,5183.0
2024-10-22,5,PT1H,MC-Ternium,6559.54,5183.0
2024-10-22,6,PT1H,MC-Ternium,5207.25,5183.0
2024-10-22,7,PT1H,MC-Ternium,5042.46,4509.0
2024-10-22,8,PT1H,MC-Ternium,5879.22,4509.0
2024-10-22,9,PT1H,MC-Ternium,7518.34,4509.0
2024-10-22,10,PT1H,MC-Ternium,6142.96,4509.0
2024-10-22,11,PT1H,MC-Ternium,2647.44,4509.0
2024-10-22,12,PT1H,MC-Ternium,4412.11,4509.0
2024-10-22,13,PT1H,MC-Ternium,7453.53,4509.0
2024-10-22,14,PT1H,MC-Ternium,7535.84,4509.0
2024-10-22,15,PT1H,MC-Ternium,6531.0,7163.0
2024-10-22,16,PT1H,MC-Ternium,8323.87,7163.0
2024-10-22,17,PT1H,MC-Ternium,5290.54,7163.0
2024-10-22,18,PT1H,MC-Ternium,7207.54,7163.0
2024-10-22,19,PT1H,MC-Ternium,8235.85,7163.0
2024-10-22,20,PT1H,MC-Ternium,7511.88,7163.0
2024-10-22,21,PT1H,MC-Ternium,8150.44,7163.0
2024-10-22,22,PT1H,MC-Ternium,6863.9,7163.0
2024-10-22,23,PT1H,MC-Ternium,6932.19,7163.0
2024-10-22,24,PT1H,MC-Ternium,7217.54,7164.0
2024-10-23,1,PT1H,MC-Ternium,4329.52,7230.0
2024-10-23,2,PT1H,MC-Ternium,3762.41,7230.0
2024-10-23,3,PT1H,MC-Ternium,7860.32,7230.0
2024-10-23,4,PT1H,MC-Ternium,8022.58,7230.0
2024-10-23,5,PT1H,MC-Ternium,5540.88,7230.0
2024-10-23,6,PT1H,MC-Ternium,5034.73,7230.0
2024-10-23,7,PT1H,MC-Ternium,4699.55,6536.0
2024-10-23,8,PT1H,MC-Ternium,7570.18,6536.0
2024-10-23,9,PT1H,MC-Ternium,6315.52,6536.0
2024-10-23,10,PT1H,MC-Ternium,5464.82,6536.0
2024-10-23,11,PT1H,MC-Ternium,8262.43,6536.0
2024-10-23,12,PT1H,MC-Ternium,7418.74,6536.0
2024-10-23,13,PT1H,MC-Ternium,6166.05,6536.0
2024-10-23,14,PT1H,MC-Ternium,6451.41,7214.0
2024-10-23,15,PT1H,MC-Ternium,7748.91,7214.0
2024-10-23,16,PT1H,MC-Ternium,212.37,7214.0
2024-10-23,17,PT1H,MC-Ternium,90.44,7214.0
2024-10-23,18,PT1H,MC-Ternium,91.98,7214.0
2024-10-23,19,PT1H,MC-Ternium,94.24,7214.0
2024-10-23,20,PT1H,MC-Ternium,95.74,7214.0
2024-10-23,21,PT1H,MC-Ternium,95.24,7214.0
2024-10-23,22,PT1H,MC-Ternium,95.31,7214.0
2024-10-23,23,PT1H,MC-Ternium,94.98,6314.0
2024-10-23,24,PT1H,MC-Ternium,95.05,6313.0
2024-10-24,1,PT1H,MC-Ternium,95.51,4873.8
2024-10-24,2,PT1H,MC-Ternium,102.05,4873.8
2024-10-24,3,PT1H,MC-Ternium,1072.15,4873.8
2024-10-24,4,PT1H,MC-Ternium,1741.89,4873.8
2024-10-24,5,PT1H,MC-Ternium,2435.53,4873.8
2024-10-24,6,PT1H,MC-Ternium,2677.55,4873.8
2024-10-24,7,PT1H,MC-Ternium,2487.88,4873.8
2024-10-24,8,PT1H,MC-Ternium,2128.24,4873.8
2024-10-24,9,PT1H,MC-Ternium,2407.85,4873.8
2024-10-24,10,PT1H,MC-Ternium,2821.19,4873.8
2024-10-24,11,PT1H,MC-Ternium,3329.09,4873.8
2024-10-24,12,PT1H,MC-Ternium,4204.19,4873.8
2024-10-24,13,PT1H,MC-Ternium,6741.78,4873.8
2024-10-24,14,PT1H,MC-Ternium,5489.82,4873.8
2024-10-24,15,PT1H,MC-Ternium,6366.51,4873.8
2024-10-24,16,PT1H,MC-Ternium,6416.65,4873.8
2024-10-24,17,PT1H,MC-Ternium,7006.29,4873.8
2024-10-24,18,PT1H,MC-Ternium,4942.76,4873.8
2024-10-24,19,PT1H,MC-Ternium,6147.89,4873.8
2024-10-24,20,PT1H,MC-Ternium,6949.75,4873.8
2024-10-24,21,PT1H,MC-Ternium,6968.81,4873.8
2024-10-24,22,PT1H,MC-Ternium,5420.95,4873.8
2024-10-24,23,PT1H,MC-Ternium,5707.67,4873.8
2024-10-24,24,PT1H,MC-Ternium,7167.31,4873.8
2024-10-25,1,PT1H,MC-Ternium,7130.57,7034.0
2024-10-25,2,PT1H,MC-Ternium,6149.78,7034.0
2024-10-25,3,PT1H,MC-Ternium,6886.18,7034.0
2024-10-25,4,PT1H,MC-Ternium,6813.97,7034.0
2024-10-25,5,PT1H,MC-Ternium,6614.93,7034.0
2024-10-25,6,PT1H,MC-Ternium,6850.97,7034.0
2024-10-25,7,PT1H,MC-Ternium,5587.63,7214.0
2024-10-25,8,PT1H,MC-Ternium,3889.73,7214.0
2024-10-25,9,PT1H,MC-Ternium,5338.82,7214.0
2024-10-25,10,PT1H,MC-Ternium,6927.81,7214.0
2024-10-25,11,PT1H,MC-Ternium,6449.27,7214.0
2024-10-25,12,PT1H,MC-Ternium,6978.9,7214.0
2024-10-25,13,PT1H,MC-Ternium,6756.42,7214.0
2024-10-25,14,PT1H,MC-Ternium,3810.85,7214.0
2024-10-25,15,PT1H,MC-Ternium,3631.54,7214.0
2024-10-25,16,PT1H,MC-Ternium,6455.54,7214.0
2024-10-25,17,PT1H,MC-Ternium,6488.77,7214.0
2024-10-25,18,PT1H,MC-Ternium,6352.15,7214.0
2024-10-25,19,PT1H,MC-Ternium,6892.5,7214.0
2024-10-25,20,PT1H,MC-Ternium,6747.07,7214.0
2024-10-25,21,PT1H,MC-Ternium,5845.67,7214.0
2024-10-25,22,PT1H,MC-Ternium,4922.61,7214.0
2024-10-25,23,PT1H,MC-Ternium,6459.63,6854.0
2024-10-25,24,PT1H,MC-Ternium,6818.01,6855.0
2024-10-26,1,PT1H,MC-Ternium,3517.4,6854.0
2024-10-26,2,PT1H,MC-Ternium,6300.94,6854.0
2024-10-26,3,PT1H,MC-Ternium,6440.53,6854.0
2024-10-26,4,PT1H,MC-Ternium,6782.45,6854.0
2024-10-26,5,PT1H,MC-Ternium,4937.26,6854.0
2024-10-26,6,PT1H,MC-Ternium,6743.59,6854.0
2024-10-26,7,PT1H,MC-Ternium,5758.92,6854.0
2024-10-26,8,PT1H,MC-Ternium,6804.95,6854.0
2024-10-26,9,PT1H,MC-Ternium,6628.07,5411.0
2024-10-26,10,PT1H,MC-Ternium,6359.88,5411.0
2024-10-26,11,PT1H,MC-Ternium,5786.49,5411.0
2024-10-26,12,PT1H,MC-Ternium,5992.61,5411.0
2024-10-26,13,PT1H,MC-Ternium,4602.6,5411.0
2024-10-26,14,PT1H,MC-Ternium,6608.84,5411.0
2024-10-26,15,PT1H,MC-Ternium,4307.8,5411.0
2024-10-26,16,PT1H,MC-Ternium,4477.28,5411.0
2024-10-26,17,PT1H,MC-Ternium,3922.71,5411.0
2024-10-26,18,PT1H,MC-Ternium,5154.13,5411.0
2024-10-26,19,PT1H,MC-Ternium,6651.22,5411.0
2024-10-26,20,PT1H,MC-Ternium,6644.02,5411.0
2024-10-26,21,PT1H,MC-Ternium,5267.8,5411.0
2024-10-26,22,PT1H,MC-Ternium,6632.65,5411.0
2024-10-26,23,PT1H,MC-Ternium,6815.01,7214.0
2024-10-26,24,PT1H,MC-Ternium,5532.69,7215.0
2024-10-27,1,PT1H,MC-Ternium,5216.82,7214.0
2024-10-27,2,PT1H,MC-Ternium,6111.73,7214.0
2024-10-27,3,PT1H,MC-Ternium,6662.13,7214.0
2024-10-27,4,PT1H,MC-Ternium,5889.1,7214.0
2024-10-27,5,PT1H,MC-Ternium,4794.33,7214.0
2024-10-27,6,PT1H,MC-Ternium,5282.31,7214.0
2024-10-27,7,PT1H,MC-Ternium,5334.94,5411.0
2024-10-27,8,PT1H,MC-Ternium,5955.6,5411.0
2024-10-27,9,PT1H,MC-Ternium,6402.27,5411.0
2024-10-27,10,PT1H,MC-Ternium,6658.46,5411.0
2024-10-27,11,PT1H,MC-Ternium,6652.1,5411.0
2024-10-27,12,PT1H,MC-Ternium,5732.84,5411.0
2024-10-27,13,PT1H,MC-Ternium,6412.0,5411.0
2024-10-27,14,PT1H,MC-Ternium,6380.88,5411.0
2024-10-27,15,PT1H,MC-Ternium,4396.6,7214.0
2024-10-27,16,PT1H,MC-Ternium,6476.98,7214.0
2024-10-27,17,PT1H,MC-Ternium,5624.52,7214.0
2024-10-27,18,PT1H,MC-Ternium,6785.16,7214.0
2024-10-27,19,PT1H,MC-Ternium,6762.31,7214.0
2024-10-27,20,PT1H,MC-Ternium,6758.74,7214.0
2024-10-27,21,PT1H,MC-Ternium,3825.01,7214.0
2024-10-27,22,PT1H,MC-Ternium,2778.14,7214.0
2024-10-27,23,PT1H,MC-Ternium,4833.04,7214.0
2024-10-27,24,PT1H,MC-Ternium,6206.48,7215.0
2024-10-28,1,PT1H,MC-Ternium,6685.61,6804.0
2024-10-28,2,PT1H,MC-Ternium,6531.72,6804.0
2024-10-28,3,PT1H,MC-Ternium,6397.17,6804.0
2024-10-28,4,PT1H,MC-Ternium,6647.31,6804.0
2024-10-28,5,PT1H,MC-Ternium,6381.22,6804.0
2024-10-28,6,PT1H,MC-Ternium,6306.99,6804.0
2024-10-28,7,PT1H,MC-Ternium,6281.81,6536.0
2024-10-28,8,PT1H,MC-Ternium,4303.15,6536.0
2024-10-28,9,PT1H,MC-Ternium,5568.42,6536.0
2024-10-28,10,PT1H,MC-Ternium,6583.62,6536.0
2024-10-28,11,PT1H,MC-Ternium,5355.54,6536.0
2024-10-28,12,PT1H,MC-Ternium,6139.26,6536.0
2024-10-28,13,PT1H,MC-Ternium,6468.34,6536.0
2024-10-28,14,PT1H,MC-Ternium,2698.39,6536.0
2024-10-28,15,PT1H,MC-Ternium,5250.25,6804.0
2024-10-28,16,PT1H,MC-Ternium,6772.21,6804.0
2024-10-28,17,PT1H,MC-Ternium,6836.56,6804.0
2024-10-28,18,PT1H,MC-Ternium,6759.33,6804.0
2024-10-28,19,PT1H,MC-Ternium,6865.63,6804.0
2024-10-28,20,PT1H,MC-Ternium,6844.56,6804.0
2024-10-28,21,PT1H,MC-Ternium,4825.93,6804.0
2024-10-28,22,PT1H,MC-Ternium,5775.42,6804.0
2024-10-28,23,PT1H,MC-Ternium,5807.44,7163.0
2024-10-28,24,PT1H,MC-Ternium,6551.21,7163.0
2024-10-29,1,PT1H,MC-Ternium,6714.89,7163.0
2024-10-29,2,PT1H,MC-Ternium,6678.09,7163.0
2024-10-29,3,PT1H,MC-Ternium,5783.49,7163.0
2024-10-29,4,PT1H,MC-Ternium,6598.16,7163.0
2024-10-29,5,PT1H,MC-Ternium,6634.7,7163.0
2024-10-29,6,PT1H,MC-Ternium,6806.51,7163.0
2024-10-29,7,PT1H,MC-Ternium,6734.72,2705.0
2024-10-29,8,PT1H,MC-Ternium,6704.24,2705.0
2024-10-29,9,PT1H,MC-Ternium,6734.91,2705.0
2024-10-29,10,PT1H,MC-Ternium,6685.65,2705.0
2024-10-29,11,PT1H,MC-Ternium,6742.58,2705.0
2024-10-29,12,PT1H,MC-Ternium,6404.71,2705.0
2024-10-29,13,PT1H,MC-Ternium,3325.16,2705.0
2024-10-29,14,PT1H,MC-Ternium,5683.84,2705.0
2024-10-29,15,PT1H,MC-Ternium,6510.51,4424.0
2024-10-29,16,PT1H,MC-Ternium,5748.06,4424.0
2024-10-29,17,PT1H,MC-Ternium,5744.06,4424.0
2024-10-29,18,PT1H,MC-Ternium,6202.46,4424.0
2024-10-29,19,PT1H,MC-Ternium,5872.3,4424.0
2024-10-29,20,PT1H,MC-Ternium,5395.3,4424.0
2024-10-29,21,PT1H,MC-Ternium,6521.23,4424.0
2024-10-29,22,PT1H,MC-Ternium,6644.17,4424.0
2024-10-29,23,PT1H,MC-Ternium,6731.87,4424.0
2024-10-29,24,PT1H,MC-Ternium,5772.82,4424.0
2024-10-30,1,PT1H,MC-Ternium,6617.34,5050.0
2024-10-30,2,PT1H,MC-Ternium,6534.61,5050.0
2024-10-30,3,PT1H,MC-Ternium,6654.06,5050.0
2024-10-30,4,PT1H,MC-Ternium,6511.49,5050.0
2024-10-30,5,PT1H,MC-Ternium,6638.72,5050.0
2024-10-30,6,PT1H,MC-Ternium,6632.01,5050.0
2024-10-30,7,PT1H,MC-Ternium,6370.58,5050.0
2024-10-30,8,PT1H,MC-Ternium,5841.03,5050.0
2024-10-30,9,PT1H,MC-Ternium,5605.66,5050.0
2024-10-30,10,PT1H,MC-Ternium,5049.56,5050.0
2024-10-30,11,PT1H,MC-Ternium,5863.37,5050.0
2024-10-30,12,PT1H,MC-Ternium,6472.84,5050.0
2024-10-30,13,PT1H,MC-Ternium,6708.68,5050.0
2024-10-30,14,PT1H,MC-Ternium,6529.12,5050.0
2024-10-30,15,PT1H,MC-Ternium,6674.15,5050.0
2024-10-30,16,PT1H,MC-Ternium,6514.06,5050.0
2024-10-30,17,PT1H,MC-Ternium,5624.21,5050.0
2024-10-30,18,PT1H,MC-Ternium,6065.77,5050.0
2024-10-30,19,PT1H,MC-Ternium,6467.13,5050.0
2024-10-30,20,PT1H,MC-Ternium,4186.07,5050.0
2024-10-30,21,PT1H,MC-Ternium,4883.14,5050.0
2024-10-30,22,PT1H,MC-Ternium,6016.34,5050.0
2024-10-30,23,PT1H,MC-Ternium,5580.73,5050.0
2024-10-30,24,PT1H,MC-Ternium,6036.14,5051.0
2024-10-31,1,PT1H,MC-Ternium,6551.89,5347.1
2024-10-31,2,PT1H,MC-Ternium,5519.37,5347.1
2024-10-31,3,PT1H,MC-Ternium,4701.34,5347.1
2024-10-31,4,PT1H,MC-Ternium,4961.13,5347.1
2024-10-31,5,PT1H,MC-Ternium,6595.86,5347.1
2024-10-31,6,PT1H,MC-Ternium,6510.47,5347.1
2024-10-31,7,PT1H,MC-Ternium,4329.38,5347.1
2024-10-31,8,PT1H,MC-Ternium,5443.96,5347.1
2024-10-31,9,PT1H,MC-Ternium,6591.23,5347.1
2024-10-31,10,PT1H,MC-Ternium,4606.7,5347.1
2024-10-31,11,PT1H,MC-Ternium,2406.89,5347.1
2024-10-31,12,PT1H,MC-Ternium,3098.92,5347.1
2024-10-31,13,PT1H,MC-Ternium,3617.58,5347.1
2024-10-31,14,PT1H,MC-Ternium,4048.17,5347.1
2024-10-31,15,PT1H,MC-Ternium,4176.31,5347.1
2024-10-31,16,PT1H,MC-Ternium,5247.97,5347.1
2024-10-31,17,PT1H,MC-Ternium,5424.45,5347.1
2024-10-31,18,PT1H,MC-Ternium,5610.62,5347.1
2024-10-31,19,PT1H,MC-Ternium,5939.79,5347.1
2024-10-31,20,PT1H,MC-Ternium,3626.28,5347.1
2024-10-31,21,PT1H,MC-Ternium,5755.56,5347.1
2024-10-31,22,PT1H,MC-Ternium,6786.25,5347.1
2024-10-31,23,PT1H,MC-Ternium,5026.31,5347.1
2024-10-31,24,PT1H,MC-Ternium,5587.53,5347.1
2024-11-01,1,PT1H,MC-Ternium,6740.99,4753.0
2024-11-01,2,PT1H,MC-Ternium,6751.47,4753.0
2024-11-01,3,PT1H,MC-Ternium,6807.13,4753.0
2024-11-01,4,PT1H,MC-Ternium,6809.93,4753.0
2024-11-01,5,PT1H,MC-Ternium,6740.56,4753.0
2024-11-01,6,PT1H,MC-Ternium,6816.4,4753.0
2024-11-01,7,PT1H,MC-Ternium,6811.87,4753.0
2024-11-01,8,PT1H,MC-Ternium,5900.56,4753.0
2024-11-01,9,PT1H,MC-Ternium,6468.94,4753.0
2024-11-01,10,PT1H,MC-Ternium,1925.23,4753.0
2024-11-01,11,PT1H,MC-Ternium,1831.11,4753.0
2024-11-01,12,PT1H,MC-Ternium,1727.26,4753.0
2024-11-01,13,PT1H,MC-Ternium,2897.35,4753.0
2024-11-01,14,PT1H,MC-Ternium,6324.67,4753.0
2024-11-01,15,PT1H,MC-Ternium,6683.25,4753.0
2024-11-01,16,PT1H,MC-Ternium,6773.37,4753.0
2024-11-01,17,PT1H,MC-Ternium,6169.22,4753.0
2024-11-01,18,PT1H,MC-Ternium,3817.14,4753.0
2024-11-01,19,PT1H,MC-Ternium,6725.34,4753.0
2024-11-01,20,PT1H,MC-Ternium,6744.25,4753.0
2024-11-01,21,PT1H,MC-Ternium,6798.44,4753.0
2024-11-01,22,PT1H,MC-Ternium,6634.25,4753.0
2024-11-01,23,PT1H,MC-Ternium,2982.11,4753.0
2024-11-01,24,PT1H,MC-Ternium,3089.34,4754.0
2024-11-02,1,PT1H,MC-Ternium,6208.94,5272.7
2024-11-02,2,PT1H,MC-Ternium,6747.39,5272.7
2024-11-02,3,PT1H,MC-Ternium,5667.62,5272.7
2024-11-02,4,PT1H,MC-Ternium,6781.44,5272.7
2024-11-02,5,PT1H,MC-Ternium,6788.57,5272.7
2024-11-02,6,PT1H,MC-Ternium,6875.49,5272.7
2024-11-02,7,PT1H,MC-Ternium,6830.62,5272.7
2024-11-02,8,PT1H,MC-Ternium,6760.48,5272.7
2024-11-02,9,PT1H,MC-Ternium,6908.81,5272.7
2024-11-02,10,PT1H,MC-Ternium,6781.3,5272.7
2024-11-02,11,PT1H,MC-Ternium,5578.57,5272.7
2024-11-02,12,PT1H,MC-Ternium,5710.75,5272.7
2024-11-02,13,PT1H,MC-Ternium,5786.75,5272.7
2024-11-02,14,PT1H,MC-Ternium,6030.68,5272.7
2024-11-02,15,PT1H,MC-Ternium,6749.02,5272.7
2024-11-02,16,PT1H,MC-Ternium,6876.2,5272.7
2024-11-02,17,PT1H,MC-Ternium,6859.47,5272.7
2024-11-02,18,PT1H,MC-Ternium,6844.63,5272.7
2024-11-02,19,PT1H,MC-Ternium,6920.58,5272.7
2024-11-02,20,PT1H,MC-Ternium,4776.08,5272.7
2024-11-02,21,PT1H,MC-Ternium,5035.81,5272.7
2024-11-02,22,PT1H,MC-Ternium,6020.56,5272.7
2024-11-02,23,PT1H,MC-Ternium,6599.44,5272.7
2024-11-02,24,PT1H,MC-Ternium,2560.47,5273.0
2024-11-03,1,PT1H,MC-Ternium,3393.45,4753.0
2024-11-03,2,PT1H,MC-Ternium,3319.34,4753.0
2024-11-03,3,PT1H,MC-Ternium,2809.05,4753.0
2024-11-03,4,PT1H,MC-Ternium,6439.8,4753.0
2024-11-03,5,PT1H,MC-Ternium,6521.92,4753.0
2024-11-03,6,PT1H,MC-Ternium,6473.2,4753.0
2024-11-03,7,PT1H,MC-Ternium,4709.01,4753.0
2024-11-03,8,PT1H,MC-Ternium,2973.9,4753.0
2024-11-03,9,PT1H,MC-Ternium,6119.37,4753.0
2024-11-03,10,PT1H,MC-Ternium,6579.99,4753.0
2024-11-03,11,PT1H,MC-Ternium,6609.81,4753.0
2024-11-03,12,PT1H,MC-Ternium,6663.5,4753.0
2024-11-03,13,PT1H,MC-Ternium,6635.0,4753.0
2024-11-03,14,PT1H,MC-Ternium,6779.45,4753.0
2024-11-03,15,PT1H,MC-Ternium,5557.16,4753.0
2024-11-03,16,PT1H,MC-Ternium,6689.84,4753.0
2024-11-03,17,PT1H,MC-Ternium,6753.83,4753.0
2024-11-03,18,PT1H,MC-Ternium,6810.19,4753.0
2024-11-03,19,PT1H,MC-Ternium,5418.07,4753.0
2024-11-03,20,PT1H,MC-Ternium,6724.42,4753.0
2024-11-03,21,PT1H,MC-Ternium,3816.42,4753.0
2024-11-03,22,PT1H,MC-Ternium,6333.92,4753.0
2024-11-03,23,PT1H,MC-Ternium,6541.74,4753.0
2024-11-03,24,PT1H,MC-Ternium,5797.75,4754.0
2024-11-04,1,PT1H,MC-Ternium,6153.82,6141.3
2024-11-04,2,PT1H,MC-Ternium,6727.27,6141.3
2024-11-04,3,PT1H,MC-Ternium,6759.73,6141.3
2024-11-04,4,PT1H,MC-Ternium,6828.7,6141.3
2024-11-04,5,PT1H,MC-Ternium,6661.17,6141.3
2024-11-04,6,PT1H,MC-Ternium,6737.21,6141.3
2024-11-04,7,PT1H,MC-Ternium,6655.82,6141.3
2024-11-04,8,PT1H,MC-Ternium,6339.46,6141.3
2024-11-04,9,PT1H,MC-Ternium,6535.82,6141.3
2024-11-04,10,PT1H,MC-Ternium,5846.35,6141.3
2024-11-04,11,PT1H,MC-Ternium,4710.63,6141.3
2024-11-04,12,PT1H,MC-Ternium,6530.14,6141.3
2024-11-04,13,PT1H,MC-Ternium,6515.61,6141.3
2024-11-04,14,PT1H,MC-Ternium,6818.45,6141.3
2024-11-04,15,PT1H,MC-Ternium,6790.33,6141.3
2024-11-04,16,PT1H,MC-Ternium,6915.22,6141.3
2024-11-04,17,PT1H,MC-Ternium,5487.52,6141.3
2024-11-04,18,PT1H,MC-Ternium,6813.47,6141.3
2024-11-04,19,PT1H,MC-Ternium,6825.4,6141.3
2024-11-04,20,PT1H,MC-Ternium,6730.94,6141.3
2024-11-04,21,PT1H,MC-Ternium,6058.04,6141.3
2024-11-04,22,PT1H,MC-Ternium,4557.14,6141.3
2024-11-04,23,PT1H,MC-Ternium,6530.67,6141.3
2024-11-04,24,PT1H,MC-Ternium,6747.99,6141.3
2024-11-05,1,PT1H,MC-Ternium,6650.04,1516.3
2024-11-05,2,PT1H,MC-Ternium,4079.06,1516.3
2024-11-05,3,PT1H,MC-Ternium,5627.6,1516.3
2024-11-05,4,PT1H,MC-Ternium,6580.25,1516.3
2024-11-05,5,PT1H,MC-Ternium,6646.05,1516.3
2024-11-05,6,PT1H,MC-Ternium,6589.79,1516.3
2024-11-05,7,PT1H,MC-Ternium,6651.16,1516.3
2024-11-05,8,PT1H,MC-Ternium,2912.91,1516.3
2024-11-05,9,PT1H,MC-Ternium,1762.62,1516.3
2024-11-05,10,PT1H,MC-Ternium,3362.66,1516.3
2024-11-05,11,PT1H,MC-Ternium,1777.05,1516.3
2024-11-05,12,PT1H,MC-Ternium,1555.04,1516.3
2024-11-05,13,PT1H,MC-Ternium,1492.46,1516.3
2024-11-05,14,PT1H,MC-Ternium,1540.87,1516.3
2024-11-05,15,PT1H,MC-Ternium,1464.03,1516.3
2024-11-05,16,PT1H,MC-Ternium,1446.47,1516.3
2024-11-05,17,PT1H,MC-Ternium,1534.87,1516.3
2024-11-05,18,PT1H,MC-Ternium,1565.99,1516.3
2024-11-05,19,PT1H,MC-Ternium,1698.8,1516.3
2024-11-05,20,PT1H,MC-Ternium,1739.57,1516.3
2024-11-05,21,PT1H,MC-Ternium,1589.21,1516.3
2024-11-05,22,PT1H,MC-Ternium,2233.33,1516.3
2024-11-05,23,PT1H,MC-Ternium,5895.04,1516.3
2024-11-05,24,PT1H,MC-Ternium,7000.05,1517.0
2024-11-06,1,PT1H,MC-Ternium,6481.24,4181.3
2024-11-06,2,PT1H,MC-Ternium,7249.02,4181.3
2024-11-06,3,PT1H,MC-Ternium,6996.66,4181.3
2024-11-06,4,PT1H,MC-Ternium,6833.52,4181.3
2024-11-06,5,PT1H,MC-Ternium,6872.44,4181.3
2024-11-06,6,PT1H,MC-Ternium,6675.05,4181.3
2024-11-06,7,PT1H,MC-Ternium,5837.55,4181.3
2024-11-06,8,PT1H,MC-Ternium,6101.53,4181.3
2024-11-06,9,PT1H,MC-Ternium,6344.14,4181.3
2024-11-06,10,PT1H,MC-Ternium,6840.98,4181.3
2024-11-06,11,PT1H,MC-Ternium,5817.08,4181.3
2024-11-06,12,PT1H,MC-Ternium,5815.99,4181.3
2024-11-06,13,PT1H,MC-Ternium,7104.87,4181.3
2024-11-06,14,PT1H,MC-Ternium,7400.61,4181.3
2024-11-06,15,PT1H,MC-Ternium,7164.06,4181.3
2024-11-06,16,PT1H,MC-Ternium,5359.54,4181.3
2024-11-06,17,PT1H,MC-Ternium,5544.04,4181.3
2024-11-06,18,PT1H,MC-Ternium,3537.25,4181.3
2024-11-06,19,PT1H,MC-Ternium,7054.84,4181.3
2024-11-06,20,PT1H,MC-Ternium,7233.35,4181.3
2024-11-06,21,PT1H,MC-Ternium,7150.06,4181.3
2024-11-06,22,PT1H,MC-Ternium,7451.46,4181.3
2024-11-06,23,PT1H,MC-Ternium,6011.91,4181.3
2024-11-06,24,PT1H,MC-Ternium,7209.95,4182.0
2024-11-07,1,PT1H,MC-Ternium,7519.23,5092.1
2024-11-07,2,PT1H,MC-Ternium,7129.03,5092.1
2024-11-07,3,PT1H,MC-Ternium,7698.18,5092.1
2024-11-07,4,PT1H,MC-Ternium,7261.07,5092.1
2024-11-07,5,PT1H,MC-Ternium,7641.77,5092.1
2024-11-07,6,PT1H,MC-Ternium,7733.65,5092.1
2024-11-07,7,PT1H,MC-Ternium,6504.86,5092.1
2024-11-07,8,PT1H,MC-Ternium,7180.59,5092.1
2024-11-07,9,PT1H,MC-Ternium,6177.79,5092.1
2024-11-07,10,PT1H,MC-Ternium,6926.42,5092.1
2024-11-07,11,PT1H,MC-Ternium,5292.51,5092.1
2024-11-07,12,PT1H,MC-Ternium,6623.44,5092.1
2024-11-07,13,PT1H,MC-Ternium,7175.93,5092.1
2024-11-07,14,PT1H,MC-Ternium,6795.46,5092.1
2024-11-07,15,PT1H,MC-Ternium,7020.45,5092.1
2024-11-07,16,PT1H,MC-Ternium,6287.05,5092.1
2024-11-07,17,PT1H,MC-Ternium,7450.41,5092.1
2024-11-07,18,PT1H,MC-Ternium,7614.4,5092.1
2024-11-07,19,PT1H,MC-Ternium,7204.77,5092.1
2024-11-07,20,PT1H,MC-Ternium,7059.88,5092.1
2024-11-07,21,PT1H,MC-Ternium,7176.8,5092.1
2024-11-07,22,PT1H,MC-Ternium,6570.75,5092.1
2024-11-07,23,PT1H,MC-Ternium,5774.04,5092.1
2024-11-07,24,PT1H,MC-Ternium,3762.08,5093.0
2024-11-08,1,PT1H,MC-Ternium,6195.33,4436.7
2024-11-08,2,PT1H,MC-Ternium,6374.65,4436.7
2024-11-08,3,PT1H,MC-Ternium,6390.41,4436.7
2024-11-08,4,PT1H,MC-Ternium,6132.17,4436.7
2024-11-08,5,PT1H,MC-Ternium,5348.42,4436.7
2024-11-08,6,PT1H,MC-Ternium,5841.89,4436.7
2024-11-08,7,PT1H,MC-Ternium,7463.75,4436.7
2024-11-08,8,PT1H,MC-Ternium,4323.84,4436.7
2024-11-08,9,PT1H,MC-Ternium,6138.78,4436.7
2024-11-08,10,PT1H,MC-Ternium,7099.44,4436.7
2024-11-08,11,PT1H,MC-Ternium,6171.09,4436.7
2024-11-08,12,PT1H,MC-Ternium,6357.31,4436.7
2024-11-08,13,PT1H,MC-Ternium,6614.95,4436.7
2024-11-08,14,PT1H,MC-Ternium,6992.74,4436.7
2024-11-08,15,PT1H,MC-Ternium,4553.68,4436.7
2024-11-08,16,PT1H,MC-Ternium,6063.16,4436.7
2024-11-08,17,PT1H,MC-Ternium,3703.84,4436.7
2024-11-08,18,PT1H,MC-Ternium,1565.38,4436.7
2024-11-08,19,PT1H,MC-Ternium,1622.69,4436.7
2024-11-08,20,PT1H,MC-Ternium,2663.41,4436.7
2024-11-08,21,PT1H,MC-Ternium,2818.25,4436.7
2024-11-08,22,PT1H,MC-Ternium,2877.5,4436.7
2024-11-08,23,PT1H,MC-Ternium,3921.58,4436.7
2024-11-08,24,PT1H,MC-Ternium,6050.63,4437.0
2024-11-09,1,PT1H,MC-Ternium,6952.0,4330.8
2024-11-09,2,PT1H,MC-Ternium,7668.86,4330.8
2024-11-09,3,PT1H,MC-Ternium,6131.85,4330.8
2024-11-09,4,PT1H,MC-Ternium,7904.98,4330.8
2024-11-09,5,PT1H,MC-Ternium,6440.0,4330.8
2024-11-09,6,PT1H,MC-Ternium,8073.69,4330.8
2024-11-09,7,PT1H,MC-Ternium,7629.9,4330.8
2024-11-09,8,PT1H,MC-Ternium,6803.27,4330.8
2024-11-09,9,PT1H,MC-Ternium,4116.18,4330.8
2024-11-09,10,PT1H,MC-Ternium,7729.36,4330.8
2024-11-09,11,PT1H,MC-Ternium,7497.24,4330.8
2024-11-09,12,PT1H,MC-Ternium,6230.64,4330.8
2024-11-09,13,PT1H,MC-Ternium,7564.33,4330.8
2024-11-09,14,PT1H,MC-Ternium,6572.01,4330.8
2024-11-09,15,PT1H,MC-Ternium,6478.63,4330.8
2024-11-09,16,PT1H,MC-Ternium,6702.69,4330.8
2024-11-09,17,PT1H,MC-Ternium,6075.34,4330.8
2024-11-09,18,PT1H,MC-Ternium,4659.56,4330.8
2024-11-09,19,PT1H,MC-Ternium,5236.58,4330.8
2024-11-09,20,PT1H,MC-Ternium,6631.52,4330.8
2024-11-09,21,PT1H,MC-Ternium,3126.04,4330.8
2024-11-09,22,PT1H,MC-Ternium,4276.07,4330.8
2024-11-09,23,PT1H,MC-Ternium,7167.2,4330.8
2024-11-09,24,PT1H,MC-Ternium,4199.86,4331.0
2024-11-10,1,PT1H,MC-Ternium,7846.07,5381.8
2024-11-10,2,PT1H,MC-Ternium,7684.65,5381.8
2024-11-10,3,PT1H,MC-Ternium,6447.97,5381.8
2024-11-10,4,PT1H,MC-Ternium,7717.27,5381.8
2024-11-10,5,PT1H,MC-Ternium,6404.85,5381.8
2024-11-10,6,PT1H,MC-Ternium,8014.37,5381.8
2024-11-10,7,PT1H,MC-Ternium,7939.37,5381.8
2024-11-10,8,PT1H,MC-Ternium,8224.59,5381.8
2024-11-10,9,PT1H,MC-Ternium,8317.04,5381.8
2024-11-10,10,PT1H,MC-Ternium,7403.77,5381.8
2024-11-10,11,PT1H,MC-Ternium,8155.27,5381.8
2024-11-10,12,PT1H,MC-Ternium,8389.97,5381.8
2024-11-10,13,PT1H,MC-Ternium,4605.47,5381.8
2024-11-10,14,PT1H,MC-Ternium,5997.38,5381.8
2024-11-10,15,PT1H,MC-Ternium,8188.95,5381.8
2024-11-10,16,PT1H,MC-Ternium,5821.78,5381.8
2024-11-10,17,PT1H,MC-Ternium,6040.72,5381.8
2024-11-10,18,PT1H,MC-Ternium,6847.81,5381.8
2024-11-10,19,PT1H,MC-Ternium,5220.8,5381.8
2024-11-10,20,PT1H,MC-Ternium,4717.83,5381.8
2024-11-10,21,PT1H,MC-Ternium,5717.7,5381.8
2024-11-10,22,PT1H,MC-Ternium,3143.89,5381.8
2024-11-10,23,PT1H,MC-Ternium,6358.6,5381.8
2024-11-10,24,PT1H,MC-Ternium,6662.91,5382.0
2024-11-11,1,PT1H,MC-Ternium,7730.03,6958.0
2024-11-11,2,PT1H,MC-Ternium,5795.13,6958.0
2024-11-11,3,PT1H,MC-Ternium,7709.78,6958.0
2024-11-11,4,PT1H,MC-Ternium,7924.57,6958.0
2024-11-11,5,PT1H,MC-Ternium,8000.87,6958.0
2024-11-11,6,PT1H,MC-Ternium,7980.78,6958.0
2024-11-11,7,PT1H,MC-Ternium,7934.2,6958.0
2024-11-11,8,PT1H,MC-Ternium,8006.55,6958.0
2024-11-11,9,PT1H,MC-Ternium,7515.52,6958.0
2024-11-11,10,PT1H,MC-Ternium,5408.27,6958.0
2024-11-11,11,PT1H,MC-Ternium,7805.72,6958.0
2024-11-11,12,PT1H,MC-Ternium,8118.69,6958.0
2024-11-11,13,PT1H,MC-Ternium,7789.37,6958.0
2024-11-11,14,PT1H,MC-Ternium,8179.44,6958.0
2024-11-11,15,PT1H,MC-Ternium,8168.31,6958.0
2024-11-11,16,PT1H,MC-Ternium,6903.47,6958.0
2024-11-11,17,PT1H,MC-Ternium,8252.97,6958.0
2024-11-11,18,PT1H,MC-Ternium,8507.72,6958.0
2024-11-11,19,PT1H,MC-Ternium,8157.9,6958.0
2024-11-11,20,PT1H,MC-Ternium,7686.39,6958.0
2024-11-11,21,PT1H,MC-Ternium,6979.88,6958.0
2024-11-11,22,PT1H,MC-Ternium,7426.1,6958.0
2024-11-11,23,PT1H,MC-Ternium,6745.2,6958.0
2024-11-11,24,PT1H,MC-Ternium,4727.08,6958.0
2024-11-12,1,PT1H,MC-Ternium,6769.7,6012.0
2024-11-12,2,PT1H,MC-Ternium,4017.72,6012.0
2024-11-12,3,PT1H,MC-Ternium,1458.71,6012.0
2024-11-12,4,PT1H,MC-Ternium,1554.46,6012.0
2024-11-12,5,PT1H,MC-Ternium,2431.14,6012.0
2024-11-12,6,PT1H,MC-Ternium,5140.45,6012.0
2024-11-12,7,PT1H,MC-Ternium,5656.78,6012.0
2024-11-12,8,PT1H,MC-Ternium,5781.5,6012.0
2024-11-12,9,PT1H,MC-Ternium,6941.83,6012.0
2024-11-12,10,PT1H,MC-Ternium,6441.98,6012.0
2024-11-12,11,PT1H,MC-Ternium,4567.79,6012.0
2024-11-12,12,PT1H,MC-Ternium,6372.73,6012.0
2024-11-12,13,PT1H,MC-Ternium,7101.16,6012.0
2024-11-12,14,PT1H,MC-Ternium,5632.21,6012.0
2024-11-12,15,PT1H,MC-Ternium,7368.92,6012.0
2024-11-12,16,PT1H,MC-Ternium,8072.36,6012.0
2024-11-12,17,PT1H,MC-Ternium,7574.2,6012.0
2024-11-12,18,PT1H,MC-Ternium,7626.15,6012.0
2024-11-12,19,PT1H,MC-Ternium,6035.57,6012.0
2024-11-12,20,PT1H,MC-Ternium,5242.43,6012.0
2024-11-12,21,PT1H,MC-Ternium,7937.96,6012.0
2024-11-12,22,PT1H,MC-Ternium,8302.29,6012.0
2024-11-12,23,PT1H,MC-Ternium,5580.47,6012.0
2024-11-12,24,PT1H,MC-Ternium,4587.78,6012.0
2024-11-13,1,PT1H,MC-Ternium,6482.95,4176.8
2024-11-13,2,PT1H,MC-Ternium,2968.05,4176.8
2024-11-13,3,PT1H,MC-Ternium,7258.85,4176.8
2024-11-13,4,PT1H,MC-Ternium,3329.42,4176.8
2024-11-13,5,PT1H,MC-Ternium,6093.66,4176.8
2024-11-13,6,PT1H,MC-Ternium,6698.42,4176.8
2024-11-13,7,PT1H,MC-Ternium,7645.51,4176.8
2024-11-13,8,PT1H,MC-Ternium,6255.97,4176.8
2024-11-13,9,PT1H,MC-Ternium,3691.33,4176.8
2024-11-13,10,PT1H,MC-Ternium,7943.27,4176.8
2024-11-13,11,PT1H,MC-Ternium,7446.86,4176.8
2024-11-13,12,PT1H,MC-Ternium,5065.05,4176.8
2024-11-13,13,PT1H,MC-Ternium,7278.35,4176.8
2024-11-13,14,PT1H,MC-Ternium,8068.07,4176.8
2024-11-13,15,PT1H,MC-Ternium,7847.64,4176.8
2024-11-13,16,PT1H,MC-Ternium,5787.33,4176.8
2024-11-13,17,PT1H,MC-Ternium,3611.18,4176.8
2024-11-13,18,PT1H,MC-Ternium,5069.34,4176.8
2024-11-13,19,PT1H,MC-Ternium,5025.5,4176.8
2024-11-13,20,PT1H,MC-Ternium,4827.28,4176.8
2024-11-13,21,PT1H,MC-Ternium,4759.93,4176.8
2024-11-13,22,PT1H,MC-Ternium,7112.26,4176.8
2024-11-13,23,PT1H,MC-Ternium,8009.38,4176.8
2024-11-13,24,PT1H,MC-Ternium,7640.73,4177.0
2024-11-14,1,PT1H,MC-Ternium,8054.65,4774.2
2024-11-14,2,PT1H,MC-Ternium,7601.03,4774.2
2024-11-14,3,PT1H,MC-Ternium,7228.01,4774.2
2024-11-14,4,PT1H,MC-Ternium,6673.06,4774.2
2024-11-14,5,PT1H,MC-Ternium,7295.49,4774.2
2024-11-14,6,PT1H,MC-Ternium,7691.45,4774.2
2024-11-14,7,PT1H,MC-Ternium,8010.62,4774.2
2024-11-14,8,PT1H,MC-Ternium,4369.46,4774.2
2024-11-14,9,PT1H,MC-Ternium,4878.48,4774.2
2024-11-14,10,PT1H,MC-Ternium,6046.38,4774.2
2024-11-14,11,PT1H,MC-Ternium,6014.81,4774.2
2024-11-14,12,PT1H,MC-Ternium,6441.17,4774.2
2024-11-14,13,PT1H,MC-Ternium,7702.84,4774.2
2024-11-14,14,PT1H,MC-Ternium,6455.43,4774.2
2024-11-14,15,PT1H,MC-Ternium,8129.71,4774.2
2024-11-14,16,PT1H,MC-Ternium,5498.16,4774.2
2024-11-14,17,PT1H,MC-Ternium,4514.05,4774.2
2024-11-14,18,PT1H,MC-Ternium,4474.61,4774.2
2024-11-14,19,PT1H,MC-Ternium,8102.08,4774.2
2024-11-14,20,PT1H,MC-Ternium,7415.53,4774.2
2024-11-14,21,PT1H,MC-Ternium,8645.57,4774.2
2024-11-14,22,PT1H,MC-Ternium,8121.12,4774.2
2024-11-14,23,PT1H,MC-Ternium,8435.74,4774.2
2024-11-14,24,PT1H,MC-Ternium,8547.31,4775.0
2024-11-15,1,PT1H,MC-Ternium,8360.15,5280.4
2024-11-15,2,PT1H,MC-Ternium,8263.36,5280.4
2024-11-15,3,PT1H,MC-Ternium,5899.66,5280.4
2024-11-15,4,PT1H,MC-Ternium,7872.74,5280.4
2024-11-15,5,PT1H,MC-Ternium,7866.55,5280.4
2024-11-15,6,PT1H,MC-Ternium,5080.04,5280.4
2024-11-15,7,PT1H,MC-Ternium,7812.03,5280.4
2024-11-15,8,PT1H,MC-Ternium,7836.08,5280.4
2024-11-15,9,PT1H,MC-Ternium,8057.77,5280.4
2024-11-15,10,PT1H,MC-Ternium,8161.8,5280.4
2024-11-15,11,PT1H,MC-Ternium,7797.37,5280.4
2024-11-15,12,PT1H,MC-Ternium,7967.27,5280.4
2024-11-15,13,PT1H,MC-Ternium,8033.2,5280.4
2024-11-15,14,PT1H,MC-Ternium,8112.04,5280.4
2024-11-15,15,PT1H,MC-Ternium,5559.8,5280.4
2024-11-15,16,PT1H,MC-Ternium,1818.61,5280.4
2024-11-15,17,PT1H,MC-Ternium,1935.76,5280.4
2024-11-15,18,PT1H,MC-Ternium,3637.82,5280.4
2024-11-15,19,PT1H,MC-Ternium,5313.75,5280.4
2024-11-15,20,PT1H,MC-Ternium,5115.16,5280.4
2024-11-15,21,PT1H,MC-Ternium,4983.03,5280.4
2024-11-15,22,PT1H,MC-Ternium,4626.64,5280.4
2024-11-15,23,PT1H,MC-Ternium,6213.44,5280.4
2024-11-15,24,PT1H,MC-Ternium,6307.98,5281.0
2024-11-16,1,PT1H,MC-Ternium,6407.56,4769.9
2024-11-16,2,PT1H,MC-Ternium,2976.86,4769.9
2024-11-16,3,PT1H,MC-Ternium,6091.05,4769.9
2024-11-16,4,PT1H,MC-Ternium,6175.9,4769.9
2024-11-16,5,PT1H,MC-Ternium,6095.81,4769.9
2024-11-16,6,PT1H,MC-Ternium,6692.0,4769.9
2024-11-16,7,PT1H,MC-Ternium,5365.02,4769.9
2024-11-16,8,PT1H,MC-Ternium,5264.79,4769.9
2024-11-16,9,PT1H,MC-Ternium,6219.2,4769.9
2024-11-16,10,PT1H,MC-Ternium,5010.57,4769.9
2024-11-16,11,PT1H,MC-Ternium,5666.36,4769.9
2024-11-16,12,PT1H,MC-Ternium,4939.31,4769.9
2024-11-16,13,PT1H,MC-Ternium,4393.52,4769.9
2024-11-16,14,PT1H,MC-Ternium,5522.22,4769.9
2024-11-16,15,PT1H,MC-Ternium,5917.68,4769.9
2024-11-16,16,PT1H,MC-Ternium,6218.97,4769.9
2024-11-16,17,PT1H,MC-Ternium,3391.81,4769.9
2024-11-16,18,PT1H,MC-Ternium,4941.07,4769.9
2024-11-16,19,PT1H,MC-Ternium,5651.45,4769.9
2024-11-16,20,PT1H,MC-Ternium,5831.38,4769.9
2024-11-16,21,PT1H,MC-Ternium,5420.44,4769.9
2024-11-16,22,PT1H,MC-Ternium,6156.84,4769.9
2024-11-16,23,PT1H,MC-Ternium,5533.72,4769.9
2024-11-16,24,PT1H,MC-Ternium,6372.39,4770.0
2024-11-17,1,PT1H,MC-Ternium,4358.5,6413.5
2024-11-17,2,PT1H,MC-Ternium,4849.9,6413.5
2024-11-17,3,PT1H,MC-Ternium,5208.54,6413.5
2024-11-17,4,PT1H,MC-Ternium,5661.51,6413.5
2024-11-17,5,PT1H,MC-Ternium,5955.71,6413.5
2024-11-17,6,PT1H,MC-Ternium,6309.0,6413.5
2024-11-17,7,PT1H,MC-Ternium,6289.84,6413.5
2024-11-17,8,PT1H,MC-Ternium,6242.19,6413.5
2024-11-17,9,PT1H,MC-Ternium,5521.8,6413.5
2024-11-17,10,PT1H,MC-Ternium,1822.12,6413.5
2024-11-17,11,PT1H,MC-Ternium,2343.2,6413.5
2024-11-17,12,PT1H,MC-Ternium,3462.64,6413.5
2024-11-17,13,PT1H,MC-Ternium,4433.29,6413.5
2024-11-17,14,PT1H,MC-Ternium,6391.47,6413.5
2024-11-17,15,PT1H,MC-Ternium,4759.76,6413.5
2024-11-17,16,PT1H,MC-Ternium,6223.14,6413.5
2024-11-17,17,PT1H,MC-Ternium,3323.0,6413.5
2024-11-17,18,PT1H,MC-Ternium,3148.95,6413.5
2024-11-17,19,PT1H,MC-Ternium,4288.92,6413.5
2024-11-17,20,PT1H,MC-Ternium,2093.1,6413.5
2024-11-17,21,PT1H,MC-Ternium,4706.9,6413.5
2024-11-17,22,PT1H,MC-Ternium,4622.77,6413.5
2024-11-17,23,PT1H,MC-Ternium,4123.09,6413.5
2024-11-17,24,PT1H,MC-Ternium,4959.66,6414.0
2024-11-18,1,PT1H,MC-Ternium,4664.38,7044.5
2024-11-18,2,PT1H,MC-Ternium,4469.08,7044.5
2024-11-18,3,PT1H,MC-Ternium,5612.37,7044.5
2024-11-18,4,PT1H,MC-Ternium,6095.64,7044.5
2024-11-18,5,PT1H,MC-Ternium,6627.19,7044.5
2024-11-18,6,PT1H,MC-Ternium,5583.92,7044.5
2024-11-18,7,PT1H,MC-Ternium,5387.48,7044.5
2024-11-18,8,PT1H,MC-Ternium,6415.75,7044.5
2024-11-18,9,PT1H,MC-Ternium,5349.85,7044.5
2024-11-18,10,PT1H,MC-Ternium,5999.58,7044.5
2024-11-18,11,PT1H,MC-Ternium,6968.86,7044.5
2024-11-18,12,PT1H,MC-Ternium,6763.49,7044.5
2024-11-18,13,PT1H,MC-Ternium,7136.28,7044.5
2024-11-18,14,PT1H,MC-Ternium,7130.87,7044.5
2024-11-18,15,PT1H,MC-Ternium,6770.94,7044.5
2024-11-18,16,PT1H,MC-Ternium,7004.4,7044.5
2024-11-18,17,PT1H,MC-Ternium,4690.27,7044.5
2024-11-18,18,PT1H,MC-Ternium,5540.25,7044.5
2024-11-18,19,PT1H,MC-Ternium,6408.07,7044.5
2024-11-18,20,PT1H,MC-Ternium,3312.54,7044.5
2024-11-18,21,PT1H,MC-Ternium,6053.8,7044.5
2024-11-18,22,PT1H,MC-Ternium,6844.68,7044.5
2024-11-18,23,PT1H,MC-Ternium,5094.26,7044.5
2024-11-18,24,PT1H,MC-Ternium,6851.98,7045.0
2024-11-19,1,PT1H,MC-Ternium,6631.92,7111.5
2024-11-19,2,PT1H,MC-Ternium,6934.85,7111.5
2024-11-19,3,PT1H,MC-Ternium,6922.49,7111.5
2024-11-19,4,PT1H,MC-Ternium,6957.53,7111.5
2024-11-19,5,PT1H,MC-Ternium,6962.11,7111.5
2024-11-19,6,PT1H,MC-Ternium,6913.31,7111.5
2024-11-19,7,PT1H,MC-Ternium,6755.63,7111.5
2024-11-19,8,PT1H,MC-Ternium,5299.4,7111.5
2024-11-19,9,PT1H,MC-Ternium,4610.64,7111.5
2024-11-19,10,PT1H,MC-Ternium,6793.84,7111.5
2024-11-19,11,PT1H,MC-Ternium,4800.43,7111.5
2024-11-19,12,PT1H,MC-Ternium,1943.81,7111.5
2024-11-19,13,PT1H,MC-Ternium,3081.13,7111.5
2024-11-19,14,PT1H,MC-Ternium,4197.95,7111.5
2024-11-19,15,PT1H,MC-Ternium,3015.7,7111.5
2024-11-19,16,PT1H,MC-Ternium,5870.35,7111.5
2024-11-19,17,PT1H,MC-Ternium,5914.55,7111.5
2024-11-19,18,PT1H,MC-Ternium,6568.47,7111.5
2024-11-19,19,PT1H,MC-Ternium,6402.96,7111.5
2024-11-19,20,PT1H,MC-Ternium,6596.21,7111.5
2024-11-19,21,PT1H,MC-Ternium,5771.44,7111.5
2024-11-19,22,PT1H,MC-Ternium,3738.8,7111.5
2024-11-19,23,PT1H,MC-Ternium,5029.41,7111.5
2024-11-19,24,PT1H,MC-Ternium,5618.93,7112.0
2024-11-20,1,PT1H,MC-Ternium,6420.86,5457.5
2024-11-20,2,PT1H,MC-Ternium,5753.32,5457.5
2024-11-20,3,PT1H,MC-Ternium,6134.98,5457.5
2024-11-20,4,PT1H,MC-Ternium,6027.06,5457.5
2024-11-20,5,PT1H,MC-Ternium,6606.13,5457.5
2024-11-20,6,PT1H,MC-Ternium,5452.65,5457.5
2024-11-20,7,PT1H,MC-Ternium,6312.4,5457.5
2024-11-20,8,PT1H,MC-Ternium,4737.63,5457.5
2024-11-20,9,PT1H,MC-Ternium,6088.54,5457.5
2024-11-20,10,PT1H,MC-Ternium,6351.36,5457.5
2024-11-20,11,PT1H,MC-Ternium,5854.06,5457.5
2024-11-20,12,PT1H,MC-Ternium,6839.88,5457.5
2024-11-20,13,PT1H,MC-Ternium,6708.72,5457.5
2024-11-20,14,PT1H,MC-Ternium,6000.95,5457.5
2024-11-20,15,PT1H,MC-Ternium,4351.53,5457.5
2024-11-20,16,PT1H,MC-Ternium,5869.25,5457.5
2024-11-20,17,PT1H,MC-Ternium,6038.22,5457.5
2024-11-20,18,PT1H,MC-Ternium,5691.95,5457.5
2024-11-20,19,PT1H,MC-Ternium,6893.22,5457.5
2024-11-20,20,PT1H,MC-Ternium,6550.31,5457.5
2024-11-20,21,PT1H,MC-Ternium,5925.02,5457.5
2024-11-20,22,PT1H,MC-Ternium,6182.89,5457.5
2024-11-20,23,PT1H,MC-Ternium,5792.65,5457.5
2024-11-20,24,PT1H,MC-Ternium,5356.18,5458.0
2024-11-21,1,PT1H,MC-Ternium,6729.12,4646.9
2024-11-21,2,PT1H,MC-Ternium,6589.68,4646.9
2024-11-21,3,PT1H,MC-Ternium,6753.24,4646.9
2024-11-21,4,PT1H,MC-Ternium,6922.1,4646.9
2024-11-21,5,PT1H,MC-Ternium,5236.13,4646.9
2024-11-21,6,PT1H,MC-Ternium,6336.14,4646.9
2024-11-21,7,PT1H,MC-Ternium,5671.45,4646.9
2024-11-21,8,PT1H,MC-Ternium,6515.42,4646.9
2024-11-21,9,PT1H,MC-Ternium,4004.75,4646.9
2024-11-21,10,PT1H,MC-Ternium,5515.1,4646.9
2024-11-21,11,PT1H,MC-Ternium,5936.31,4646.9
2024-11-21,12,PT1H,MC-Ternium,5519.78,4646.9
2024-11-21,13,PT1H,MC-Ternium,5147.15,4646.9
2024-11-21,14,PT1H,MC-Ternium,4200.82,4646.9
2024-11-21,15,PT1H,MC-Ternium,1728.47,4646.9
2024-11-21,16,PT1H,MC-Ternium,1729.45,4646.9
2024-11-21,17,PT1H,MC-Ternium,2670.38,4646.9
2024-11-21,18,PT1H,MC-Ternium,3180.39,4646.9
2024-11-21,19,PT1H,MC-Ternium,4859.02,4646.9
2024-11-21,20,PT1H,MC-Ternium,4924.48,4646.9
2024-11-21,21,PT1H,MC-Ternium,5427.3,4646.9
2024-11-21,22,PT1H,MC-Ternium,5561.98,4646.9
2024-11-21,23,PT1H,MC-Ternium,5961.04,4646.9
2024-11-21,24,PT1H,MC-Ternium,5743.03,4647.0
2024-11-22,1,PT1H,MC-Ternium,5544.51,5564.2
2024-11-22,2,PT1H,MC-Ternium,4202.44,5564.2
2024-11-22,3,PT1H,MC-Ternium,3579.34,5564.2
2024-11-22,4,PT1H,MC-Ternium,2875.15,5564.2
2024-11-22,5,PT1H,MC-Ternium,3962.86,5564.2
2024-11-22,6,PT1H,MC-Ternium,4032.35,5564.2
2024-11-22,7,PT1H,MC-Ternium,5762.2,5564.2
2024-11-22,8,PT1H,MC-Ternium,3706.23,5564.2
2024-11-22,9,PT1H,MC-Ternium,3562.24,5564.2
2024-11-22,10,PT1H,MC-Ternium,5414.0,5564.2
2024-11-22,11,PT1H,MC-Ternium,5500.68,5564.2
2024-11-22,12,PT1H,MC-Ternium,4413.93,5564.2
2024-11-22,13,PT1H,MC-Ternium,4237.91,5564.2
2024-11-22,14,PT1H,MC-Ternium,3697.24,5564.2
2024-11-22,15,PT1H,MC-Ternium,3408.77,5564.2
2024-11-22,16,PT1H,MC-Ternium,2601.51,5564.2
2024-11-22,17,PT1H,MC-Ternium,3252.73,5564.2
2024-11-22,18,PT1H,MC-Ternium,6455.15,5564.2
2024-11-22,19,PT1H,MC-Ternium,8045.05,5564.2
2024-11-22,20,PT1H,MC-Ternium,7107.33,5564.2
2024-11-22,21,PT1H,MC-Ternium,6766.84,5564.2
2024-11-22,22,PT1H,MC-Ternium,7635.33,5564.2
2024-11-22,23,PT1H,MC-Ternium,7064.46,5564.2
2024-11-22,24,PT1H,MC-Ternium,7091.35,5565.0
2024-11-23,1,PT1H,MC-Ternium,3906.04,6322.0
2024-11-23,2,PT1H,MC-Ternium,6189.8,6322.0
2024-11-23,3,PT1H,MC-Ternium,7645.44,6322.0
2024-11-23,4,PT1H,MC-Ternium,7946.63,6322.0
2024-11-23,5,PT1H,MC-Ternium,5220.44,6322.0
2024-11-23,6,PT1H,MC-Ternium,1872.64,6322.0
2024-11-23,7,PT1H,MC-Ternium,3082.16,6322.0
2024-11-23,8,PT1H,MC-Ternium,4707.31,6322.0
2024-11-23,9,PT1H,MC-Ternium,3449.9,6322.0
2024-11-23,10,PT1H,MC-Ternium,7265.03,6322.0
2024-11-23,11,PT1H,MC-Ternium,7358.59,6322.0
2024-11-23,12,PT1H,MC-Ternium,7714.71,6322.0
2024-11-23,13,PT1H,MC-Ternium,5757.72,6322.0
2024-11-23,14,PT1H,MC-Ternium,7189.29,6322.0
2024-11-23,15,PT1H,MC-Ternium,7527.51,6322.0
2024-11-23,16,PT1H,MC-Ternium,8360.64,6322.0
2024-11-23,17,PT1H,MC-Ternium,8250.07,6322.0
2024-11-23,18,PT1H,MC-Ternium,6575.61,6322.0
2024-11-23,19,PT1H,MC-Ternium,8032.37,6322.0
2024-11-23,20,PT1H,MC-Ternium,6896.05,6322.0
2024-11-23,21,PT1H,MC-Ternium,7924.66,6322.0
2024-11-23,22,PT1H,MC-Ternium,8127.56,6322.0
2024-11-23,23,PT1H,MC-Ternium,7917.48,6322.0
2024-11-23,24,PT1H,MC-Ternium,7812.97,6322.0
2024-11-24,1,PT1H,MC-Ternium,7884.6,5474.4
2024-11-24,2,PT1H,MC-Ternium,7961.03,5474.4
2024-11-24,3,PT1H,MC-Ternium,4741.66,5474.4
2024-11-24,4,PT1H,MC-Ternium,7470.32,5474.4
2024-11-24,5,PT1H,MC-Ternium,7650.59,5474.4
2024-11-24,6,PT1H,MC-Ternium,7972.11,5474.4
2024-11-24,7,PT1H,MC-Ternium,6335.2,5474.4
2024-11-24,8,PT1H,MC-Ternium,7723.69,5474.4
2024-11-24,9,PT1H,MC-Ternium,7467.37,5474.4
2024-11-24,10,PT1H,MC-Ternium,5335.46,5474.4
2024-11-24,11,PT1H,MC-Ternium,6833.11,5474.4
2024-11-24,12,PT1H,MC-Ternium,7180.87,5474.4
2024-11-24,13,PT1H,MC-Ternium,3678.17,5474.4
2024-11-24,14,PT1H,MC-Ternium,2949.63,5474.4
2024-11-24,15,PT1H,MC-Ternium,5848.6,5474.4
2024-11-24,16,PT1H,MC-Ternium,8057.45,5474.4
2024-11-24,17,PT1H,MC-Ternium,8385.48,5474.4
2024-11-24,18,PT1H,MC-Ternium,4908.68,5474.4
2024-11-24,19,PT1H,MC-Ternium,2938.24,5474.4
2024-11-24,20,PT1H,MC-Ternium,4191.96,5474.4
2024-11-24,21,PT1H,MC-Ternium,7380.03,5474.4
2024-11-24,22,PT1H,MC-Ternium,7050.33,5474.4
2024-11-24,23,PT1H,MC-Ternium,3014.67,5474.4
2024-11-24,24,PT1H,MC-Ternium,2912.26,5475.0
2024-11-25,1,PT1H,MC-Ternium,7168.27,5066.0
2024-11-25,2,PT1H,MC-Ternium,6304.58,5066.0
2024-11-25,3,PT1H,MC-Ternium,7757.92,5066.0
2024-11-25,4,PT1H,MC-Ternium,7297.64,5066.0
2024-11-25,5,PT1H,MC-Ternium,8130.94,5066.0
2024-11-25,6,PT1H,MC-Ternium,7887.76,5066.0
2024-11-25,7,PT1H,MC-Ternium,7901.73,5066.0
2024-11-25,8,PT1H,MC-Ternium,7058.24,5066.0
2024-11-25,9,PT1H,MC-Ternium,7312.06,5066.0
2024-11-25,10,PT1H,MC-Ternium,8301.27,5066.0
2024-11-25,11,PT1H,MC-Ternium,8101.04,5066.0
2024-11-25,12,PT1H,MC-Ternium,5125.06,5066.0
2024-11-25,13,PT1H,MC-Ternium,6223.41,5066.0
2024-11-25,14,PT1H,MC-Ternium,7707.19,5066.0
2024-11-25,15,PT1H,MC-Ternium,7917.87,5066.0
2024-11-25,16,PT1H,MC-Ternium,5381.64,5066.0
2024-11-25,17,PT1H,MC-Ternium,7424.55,5066.0
2024-11-25,18,PT1H,MC-Ternium,5458.07,5066.0
2024-11-25,19,PT1H,MC-Ternium,6238.3,5066.0
2024-11-25,20,PT1H,MC-Ternium,7063.09,5066.0
2024-11-25,21,PT1H,MC-Ternium,7283.66,5066.0
2024-11-25,22,PT1H,MC-Ternium,5397.42,5066.0
2024-11-25,23,PT1H,MC-Ternium,7411.41,5066.0
2024-11-25,24,PT1H,MC-Ternium,7543.16,5067.0
2024-11-26,1,PT1H,MC-Ternium,6818.8,5019.9
2024-11-26,2,PT1H,MC-Ternium,6915.52,5019.9
2024-11-26,3,PT1H,MC-Ternium,7108.23,5019.9
2024-11-26,4,PT1H,MC-Ternium,6908.5,5019.9
2024-11-26,5,PT1H,MC-Ternium,7358.39,5019.9
2024-11-26,6,PT1H,MC-Ternium,6625.21,5019.9
2024-11-26,7,PT1H,MC-Ternium,5603.93,5019.9
2024-11-26,8,PT1H,MC-Ternium,7027.44,5019.9
2024-11-26,9,PT1H,MC-Ternium,8080.35,5019.9
2024-11-26,10,PT1H,MC-Ternium,5391.44,5019.9
2024-11-26,11,PT1H,MC-Ternium,6209.07,5019.9
2024-11-26,12,PT1H,MC-Ternium,4632.84,5019.9
2024-11-26,13,PT1H,MC-Ternium,6657.48,5019.9
2024-11-26,14,PT1H,MC-Ternium,4356.83,5019.9
2024-11-26,15,PT1H,MC-Ternium,6275.81,5019.9
2024-11-26,16,PT1H,MC-Ternium,7939.1,5019.9
2024-11-26,17,PT1H,MC-Ternium,7660.86,5019.9
2024-11-26,18,PT1H,MC-Ternium,7338.83,5019.9
2024-11-26,19,PT1H,MC-Ternium,4017.94,5019.9
2024-11-26,20,PT1H,MC-Ternium,7680.84,5019.9
2024-11-26,21,PT1H,MC-Ternium,7827.13,5019.9
2024-11-26,22,PT1H,MC-Ternium,7470.22,5019.9
2024-11-26,23,PT1H,MC-Ternium,7563.2,5019.9
2024-11-26,24,PT1H,MC-Ternium,7600.73,5020.0
2024-11-27,1,PT1H,MC-Ternium,7087.12,5444.0
2024-11-27,2,PT1H,MC-Ternium,7578.19,5444.0
2024-11-27,3,PT1H,MC-Ternium,5140.84,5444.0
2024-11-27,4,PT1H,MC-Ternium,6668.02,5444.0
2024-11-27,5,PT1H,MC-Ternium,6635.04,5444.0
2024-11-27,6,PT1H,MC-Ternium,6523.27,5444.0
2024-11-27,7,PT1H,MC-Ternium,6976.75,5444.0
2024-11-27,8,PT1H,MC-Ternium,5167.38,5444.0
2024-11-27,9,PT1H,MC-Ternium,2968.02,5444.0
2024-11-27,10,PT1H,MC-Ternium,2225.87,5444.0
2024-11-27,11,PT1H,MC-Ternium,3450.57,5444.0
2024-11-27,12,PT1H,MC-Ternium,4450.89,5444.0
2024-11-27,13,PT1H,MC-Ternium,5593.75,5444.0
2024-11-27,14,PT1H,MC-Ternium,6430.4,5444.0
2024-11-27,15,PT1H,MC-Ternium,5426.55,5444.0
2024-11-27,16,PT1H,MC-Ternium,6990.56,5444.0
2024-11-27,17,PT1H,MC-Ternium,5338.2,5444.0
2024-11-27,18,PT1H,MC-Ternium,6473.91,5444.0
2024-11-27,19,PT1H,MC-Ternium,7329.08,5444.0
2024-11-27,20,PT1H,MC-Ternium,6604.95,5444.0
2024-11-27,21,PT1H,MC-Ternium,6544.44,5444.0
2024-11-27,22,PT1H,MC-Ternium,7232.23,5444.0
2024-11-27,23,PT1H,MC-Ternium,7040.01,5444.0
2024-11-27,24,PT1H,MC-Ternium,3600.94,5444.0
2024-11-28,1,PT1H,MC-Ternium,2401.78,636.3
2024-11-28,2,PT1H,MC-Ternium,1785.01,636.3
2024-11-28,3,PT1H,MC-Ternium,1800.21,636.3
2024-11-28,4,PT1H,MC-Ternium,1798.51,636.3
2024-11-28,5,PT1H,MC-Ternium,4294.67,636.3
2024-11-28,6,PT1H,MC-Ternium,5421.98,636.3
2024-11-28,7,PT1H,MC-Ternium,4851.73,636.3
2024-11-28,8,PT1H,MC-Ternium,6423.21,636.3
2024-11-28,9,PT1H,MC-Ternium,4292.95,636.3
2024-11-28,10,PT1H,MC-Ternium,6298.58,636.3
2024-11-28,11,PT1H,MC-Ternium,6753.03,636.3
2024-11-28,12,PT1H,MC-Ternium,6742.94,636.3
2024-11-28,13,PT1H,MC-Ternium,6104.2,636.3
2024-11-28,14,PT1H,MC-Ternium,4914.28,636.3
2024-11-28,15,PT1H,MC-Ternium,6998.31,636.3
2024-11-28,16,PT1H,MC-Ternium,6642.71,636.3
2024-11-28,17,PT1H,MC-Ternium,7179.89,636.3
2024-11-28,18,PT1H,MC-Ternium,6800.38,636.3
2024-11-28,19,PT1H,MC-Ternium,5462.86,636.3
2024-11-28,20,PT1H,MC-Ternium,4246.97,636.3
2024-11-28,21,PT1H,MC-Ternium,6573.59,636.3
2024-11-28,22,PT1H,MC-Ternium,6596.78,636.3
2024-11-28,23,PT1H,MC-Ternium,7372.29,636.3
2024-11-28,24,PT1H,MC-Ternium,7507.53,637.0
2024-11-29,1,PT1H,MC-Ternium,5591.95,636.3
2024-11-29,2,PT1H,MC-Ternium,6840.8,636.3
2024-11-29,3,PT1H,MC-Ternium,6520.02,636.3
2024-11-29,4,PT1H,MC-Ternium,7022.53,636.3
2024-11-29,5,PT1H,MC-Ternium,7101.03,636.3
2024-11-29,6,PT1H,MC-Ternium,6994.06,636.3
2024-11-29,7,PT1H,MC-Ternium,4953.29,636.3
2024-11-29,8,PT1H,MC-Ternium,1701.09,636.3
2024-11-29,9,PT1H,MC-Ternium,1653.95,636.3
2024-11-29,10,PT1H,MC-Ternium,2007.84,636.3
2024-11-29,11,PT1H,MC-Ternium,2941.77,636.3
2024-11-29,12,PT1H,MC-Ternium,3166.67,636.3
2024-11-29,13,PT1H,MC-Ternium,3488.63,636.3
2024-11-29,14,PT1H,MC-Ternium,5780.77,636.3
2024-11-29,15,PT1H,MC-Ternium,3798.03,636.3
2024-11-29,16,PT1H,MC-Ternium,4262.91,636.3
2024-11-29,17,PT1H,MC-Ternium,4030.68,636.3
2024-11-29,18,PT1H,MC-Ternium,4642.64,636.3
2024-11-29,19,PT1H,MC-Ternium,5163.43,636.3
2024-11-29,20,PT1H,MC-Ternium,6017.0,636.3
2024-11-29,21,PT1H,MC-Ternium,5258.06,636.3
2024-11-29,22,PT1H,MC-Ternium,6513.84,636.3
2024-11-29,23,PT1H,MC-Ternium,6241.18,636.3
2024-11-29,24,PT1H,MC-Ternium,6120.12,637.0
2024-11-30,1,PT1H,MC-Ternium,5228.57,463.3
2024-11-30,2,PT1H,MC-Ternium,4204.1,463.3
2024-11-30,3,PT1H,MC-Ternium,3385.45,463.3
2024-11-30,4,PT1H,MC-Ternium,4702.28,463.3
2024-11-30,5,PT1H,MC-Ternium,4938.73,463.3
2024-11-30,6,PT1H,MC-Ternium,4532.76,463.3
2024-11-30,7,PT1H,MC-Ternium,5788.82,463.3
2024-11-30,8,PT1H,MC-Ternium,4679.77,463.3
2024-11-30,9,PT1H,MC-Ternium,4809.33,463.3
2024-11-30,10,PT1H,MC-Ternium,5782.76,463.3
2024-11-30,11,PT1H,MC-Ternium,5922.34,463.3
2024-11-30,12,PT1H,MC-Ternium,6493.91,463.3
2024-11-30,13,PT1H,MC-Ternium,5486.51,463.3
2024-11-30,14,PT1H,MC-Ternium,6588.97,463.3
2024-11-30,15,PT1H,MC-Ternium,6686.8,463.3
2024-11-30,16,PT1H,MC-Ternium,6547.58,463.3
2024-11-30,17,PT1H,MC-Ternium,6700.9,463.3
2024-11-30,18,PT1H,MC-Ternium,6787.47,463.3
2024-11-30,19,PT1H,MC-Ternium,6851.11,463.3
2024-11-30,20,PT1H,MC-Ternium,4962.51,463.3
2024-11-30,21,PT1H,MC-Ternium,6210.03,463.3
2024-11-30,22,PT1H,MC-Ternium,6758.19,463.3
2024-11-30,23,PT1H,MC-Ternium,6763.07,463.3
2024-11-30,24,PT1H,MC-Ternium,6684.6,464.0
2024-12-01,1,PT1H,MC-Ternium,5537.42,255.0
2024-12-01,2,PT1H,MC-Ternium,3375.18,255.0
2024-12-01,3,PT1H,MC-Ternium,1833.97,255.0
2024-12-01,4,PT1H,MC-Ternium,1777.62,255.0
2024-12-01,5,PT1H,MC-Ternium,1802.83,255.0
2024-12-01,6,PT1H,MC-Ternium,1788.87,255.0
2024-12-01,7,PT1H,MC-Ternium,1745.54,255.0
2024-12-01,8,PT1H,MC-Ternium,1644.23,255.0
2024-12-01,9,PT1H,MC-Ternium,1646.84,255.0
2024-12-01,10,PT1H,MC-Ternium,1687.46,255.0
2024-12-01,11,PT1H,MC-Ternium,1593.78,455.4
2024-12-01,12,PT1H,MC-Ternium,1584.07,455.4
2024-12-01,13,PT1H,MC-Ternium,1567.33,637.0
2024-12-01,14,PT1H,MC-Ternium,1602.19,637.0
2024-12-01,15,PT1H,MC-Ternium,1586.81,637.0
2024-12-01,16,PT1H,MC-Ternium,1654.87,637.0
2024-12-01,17,PT1H,MC-Ternium,1444.48,637.0
2024-12-01,18,PT1H,MC-Ternium,1383.69,637.0
2024-12-01,19,PT1H,MC-Ternium,1361.96,637.0
2024-12-01,20,PT1H,MC-Ternium,1280.84,637.0
2024-12-01,21,PT1H,MC-Ternium,1284.26,382.0
2024-12-01,22,PT1H,MC-Ternium,1274.75,382.0
2024-12-01,23,PT1H,MC-Ternium,1264.3,382.0
2024-12-01,24,PT1H,MC-Ternium,1273.54,383.0
2024-12-02,1,PT1H,MC-Ternium,1253.09,7546.0
2024-12-02,2,PT1H,MC-Ternium,1227.83,7546.0
2024-12-02,3,PT1H,MC-Ternium,1240.9,6950.0
2024-12-02,4,PT1H,MC-Ternium,1234.91,6950.0
2024-12-02,5,PT1H,MC-Ternium,1229.43,6950.0
2024-12-02,6,PT1H,MC-Ternium,1242.86,6950.0
2024-12-02,7,PT1H,MC-Ternium,1258.46,6950.0
2024-12-02,8,PT1H,MC-Ternium,1349.41,6950.0
2024-12-02,9,PT1H,MC-Ternium,1356.68,6950.0
2024-12-02,10,PT1H,MC-Ternium,1323.04,6950.0
2024-12-02,11,PT1H,MC-Ternium,1317.77,7616.0
2024-12-02,12,PT1H,MC-Ternium,1194.37,7616.0
2024-12-02,13,PT1H,MC-Ternium,1189.86,7616.0
2024-12-02,14,PT1H,MC-Ternium,1163.81,7616.0
2024-12-02,15,PT1H,MC-Ternium,1109.49,7616.0
2024-12-02,16,PT1H,MC-Ternium,1132.76,7616.0
2024-12-02,17,PT1H,MC-Ternium,1080.78,7616.0
2024-12-02,18,PT1H,MC-Ternium,1068.19,7616.0
2024-12-02,19,PT1H,MC-Ternium,1117.81,7616.0
2024-12-02,20,PT1H,MC-Ternium,1029.45,7616.0
2024-12-02,21,PT1H,MC-Ternium,1056.09,7616.0
2024-12-02,22,PT1H,MC-Ternium,1088.47,7616.0
2024-12-02,23,PT1H,MC-Ternium,1165.09,7616.0
2024-12-02,24,PT1H,MC-Ternium,1159.53,7616.0
2024-12-03,1,PT1H,MC-Ternium,1143.66,7320.7
2024-12-03,2,PT1H,MC-Ternium,1131.94,7320.7
2024-12-03,3,PT1H,MC-Ternium,1139.09,7320.7
2024-12-03,4,PT1H,MC-Ternium,1166.38,7320.7
2024-12-03,5,PT1H,MC-Ternium,1167.67,7320.7
2024-12-03,6,PT1H,MC-Ternium,1163.34,7320.7
2024-12-03,7,PT1H,MC-Ternium,1119.81,7320.7
2024-12-03,8,PT1H,MC-Ternium,1107.25,7320.7
2024-12-03,9,PT1H,MC-Ternium,1166.86,7320.7
2024-12-03,10,PT1H,MC-Ternium,1118.98,7320.7
2024-12-03,11,PT1H,MC-Ternium,1231.09,7320.7
2024-12-03,12,PT1H,MC-Ternium,1230.54,7320.7
2024-12-03,13,PT1H,MC-Ternium,1206.31,7320.7
2024-12-03,14,PT1H,MC-Ternium,1179.78,7320.7
2024-12-03,15,PT1H,MC-Ternium,1160.56,7320.7
2024-12-03,16,PT1H,MC-Ternium,1165.31,7320.7
2024-12-03,17,PT1H,MC-Ternium,1183.43,7320.7
2024-12-03,18,PT1H,MC-Ternium,1281.56,7320.7
2024-12-03,19,PT1H,MC-Ternium,1246.87,7320.7
2024-12-03,20,PT1H,MC-Ternium,1214.7,7320.7
2024-12-03,21,PT1H,MC-Ternium,1228.68,7320.7
2024-12-03,22,PT1H,MC-Ternium,1233.99,7320.7
2024-12-03,23,PT1H,MC-Ternium,1225.64,7320.7
2024-12-03,24,PT1H,MC-Ternium,1237.64,7320.7
2024-12-04,1,PT1H,MC-Ternium,1241.66,7199.2
2024-12-04,2,PT1H,MC-Ternium,1238.12,7199.2
2024-12-04,3,PT1H,MC-Ternium,1289.89,7199.2
2024-12-04,4,PT1H,MC-Ternium,1280.88,7199.2
2024-12-04,5,PT1H,MC-Ternium,1278.42,7199.2
2024-12-04,6,PT1H,MC-Ternium,1291.41,7199.2
2024-12-04,7,PT1H,MC-Ternium,1318.18,7199.2
2024-12-04,8,PT1H,MC-Ternium,1742.58,7199.2
2024-12-04,9,PT1H,MC-Ternium,3601.19,7199.2
2024-12-04,10,PT1H,MC-Ternium,6231.19,7199.2
2024-12-04,11,PT1H,MC-Ternium,5066.8,7199.2
2024-12-04,12,PT1H,MC-Ternium,4901.62,7199.2
2024-12-04,13,PT1H,MC-Ternium,6007.13,7199.2
2024-12-04,14,PT1H,MC-Ternium,6390.51,7199.2
2024-12-04,15,PT1H,MC-Ternium,5887.5,7199.2
2024-12-04,16,PT1H,MC-Ternium,6551.64,7199.2
2024-12-04,17,PT1H,MC-Ternium,6610.59,7199.2
2024-12-04,18,PT1H,MC-Ternium,6658.41,7199.2
2024-12-04,19,PT1H,MC-Ternium,6763.99,7199.2
2024-12-04,20,PT1H,MC-Ternium,6580.28,7199.2
2024-12-04,21,PT1H,MC-Ternium,4989.01,7199.2
2024-12-04,22,PT1H,MC-Ternium,5518.95,7199.2
2024-12-04,23,PT1H,MC-Ternium,6546.56,7199.2
2024-12-04,24,PT1H,MC-Ternium,6625.17,7199.2
2024-12-05,1,PT1H,MC-Ternium,5217.13,6849.5
2024-12-05,2,PT1H,MC-Ternium,6083.09,6849.5
2024-12-05,3,PT1H,MC-Ternium,5153.2,6849.5
2024-12-05,4,PT1H,MC-Ternium,6601.36,6849.5
2024-12-05,5,PT1H,MC-Ternium,6649.93,6849.5
2024-12-05,6,PT1H,MC-Ternium,6636.94,6849.5
2024-12-05,7,PT1H,MC-Ternium,6373.57,6849.5
2024-12-05,8,PT1H,MC-Ternium,6537.33,6849.5
2024-12-05,9,PT1H,MC-Ternium,5495.44,6849.5
2024-12-05,10,PT1H,MC-Ternium,5800.24,6849.5
2024-12-05,11,PT1H,MC-Ternium,6528.13,6849.5
2024-12-05,12,PT1H,MC-Ternium,6581.09,6849.5
2024-12-05,13,PT1H,MC-Ternium,4910.81,6849.5
2024-12-05,14,PT1H,MC-Ternium,6322.81,6849.5
2024-12-05,15,PT1H,MC-Ternium,4917.2,6849.5
2024-12-05,16,PT1H,MC-Ternium,5603.51,6849.5
2024-12-05,17,PT1H,MC-Ternium,6434.61,6849.5
2024-12-05,18,PT1H,MC-Ternium,3634.17,6849.5
2024-12-05,19,PT1H,MC-Ternium,4238.37,6849.5
2024-12-05,20,PT1H,MC-Ternium,6502.35,6849.5
2024-12-05,21,PT1H,MC-Ternium,6417.38,6849.5
2024-12-05,22,PT1H,MC-Ternium,6699.5,6849.5
2024-12-05,23,PT1H,MC-Ternium,4805.53,6849.5
2024-12-05,24,PT1H,MC-Ternium,5341.76,6849.5
2024-12-06,1,PT1H,MC-Ternium,6420.16,6623.5
2024-12-06,2,PT1H,MC-Ternium,5444.5,6623.5
2024-12-06,3,PT1H,MC-Ternium,5103.95,6623.5
2024-12-06,4,PT1H,MC-Ternium,5182.85,6623.5
2024-12-06,5,PT1H,MC-Ternium,2576.75,6623.5
2024-12-06,6,PT1H,MC-Ternium,2476.48,6623.5
2024-12-06,7,PT1H,MC-Ternium,5844.77,6623.5
2024-12-06,8,PT1H,MC-Ternium,5886.37,6623.5
2024-12-06,9,PT1H,MC-Ternium,4070.26,6623.5
2024-12-06,10,PT1H,MC-Ternium,6486.76,6623.5
2024-12-06,11,PT1H,MC-Ternium,6057.9,6623.5
2024-12-06,12,PT1H,MC-Ternium,5929.51,6623.5
2024-12-06,13,PT1H,MC-Ternium,6546.69,6623.5
2024-12-06,14,PT1H,MC-Ternium,6491.26,6623.5
2024-12-06,15,PT1H,MC-Ternium,6632.49,6623.5
2024-12-06,16,PT1H,MC-Ternium,6544.68,6623.5
2024-12-06,17,PT1H,MC-Ternium,6551.0,6623.5
2024-12-06,18,PT1H,MC-Ternium,4892.58,6623.5
2024-12-06,19,PT1H,MC-Ternium,6440.8,6623.5
2024-12-06,20,PT1H,MC-Ternium,5062.24,6623.5
2024-12-06,21,PT1H,MC-Ternium,4954.44,6623.5
2024-12-06,22,PT1H,MC-Ternium,5683.8,6623.5
2024-12-06,23,PT1H,MC-Ternium,5787.66,6623.5
2024-12-06,24,PT1H,MC-Ternium,6261.32,6623.5
2024-12-07,1,PT1H,MC-Ternium,5433.26,680.8
2024-12-07,2,PT1H,MC-Ternium,5842.07,680.8
2024-12-07,3,PT1H,MC-Ternium,5788.86,680.8
2024-12-07,4,PT1H,MC-Ternium,3377.26,680.8
2024-12-07,5,PT1H,MC-Ternium,2514.64,680.8
2024-12-07,6,PT1H,MC-Ternium,2992.76,680.8
2024-12-07,7,PT1H,MC-Ternium,3268.67,680.8
2024-12-07,8,PT1H,MC-Ternium,4472.92,680.8
2024-12-07,9,PT1H,MC-Ternium,3927.98,680.8
2024-12-07,10,PT1H,MC-Ternium,5459.23,680.8
2024-12-07,11,PT1H,MC-Ternium,5601.06,680.8
2024-12-07,12,PT1H,MC-Ternium,4035.09,680.8
2024-12-07,13,PT1H,MC-Ternium,4781.95,680.8
2024-12-07,14,PT1H,MC-Ternium,5656.59,680.8
2024-12-07,15,PT1H,MC-Ternium,6283.07,680.8
2024-12-07,16,PT1H,MC-Ternium,5358.25,680.8
2024-12-07,17,PT1H,MC-Ternium,5864.68,680.8
2024-12-07,18,PT1H,MC-Ternium,6597.95,680.8
2024-12-07,19,PT1H,MC-Ternium,6739.68,680.8
2024-12-07,20,PT1H,MC-Ternium,6605.19,680.8
2024-12-07,21,PT1H,MC-Ternium,6751.74,680.8
2024-12-07,22,PT1H,MC-Ternium,6656.46,680.8
2024-12-07,23,PT1H,MC-Ternium,6348.85,680.8
2024-12-07,24,PT1H,MC-Ternium,5975.93,680.8
2024-12-08,1,PT1H,MC-Ternium,6702.55,603.4
2024-12-08,2,PT1H,MC-Ternium,5131.87,603.4
2024-12-08,3,PT1H,MC-Ternium,6340.83,603.4
2024-12-08,4,PT1H,MC-Ternium,6483.1,603.4
2024-12-08,5,PT1H,MC-Ternium,6598.81,603.4
2024-12-08,6,PT1H,MC-Ternium,6099.1,603.4
2024-12-08,7,PT1H,MC-Ternium,5781.58,603.4
2024-12-08,8,PT1H,MC-Ternium,6269.53,603.4
2024-12-08,9,PT1H,MC-Ternium,6428.93,603.4
2024-12-08,10,PT1H,MC-Ternium,5957.51,603.4
2024-12-08,11,PT1H,MC-Ternium,2856.47,603.4
2024-12-08,12,PT1H,MC-Ternium,3337.9,603.4
2024-12-08,13,PT1H,MC-Ternium,5894.71,603.4
2024-12-08,14,PT1H,MC-Ternium,4384.05,603.4
2024-12-08,15,PT1H,MC-Ternium,5514.55,603.4
2024-12-08,16,PT1H,MC-Ternium,4616.56,603.4
2024-12-08,17,PT1H,MC-Ternium,5470.91,603.4
2024-12-08,18,PT1H,MC-Ternium,6546.52,603.4
2024-12-08,19,PT1H,MC-Ternium,5974.5,603.4
2024-12-08,20,PT1H,MC-Ternium,4799.01,603.4
2024-12-08,21,PT1H,MC-Ternium,5548.98,603.4
2024-12-08,22,PT1H,MC-Ternium,6554.07,603.4
2024-12-08,23,PT1H,MC-Ternium,6624.76,603.4
2024-12-08,24,PT1H,MC-Ternium,6699.92,603.4
2024-12-09,1,PT1H,MC-Ternium,6703.51,7388.0
2024-12-09,2,PT1H,MC-Ternium,6704.9,7388.0
2024-12-09,3,PT1H,MC-Ternium,6499.92,7388.0
2024-12-09,4,PT1H,MC-Ternium,6638.95,7388.0
2024-12-09,5,PT1H,MC-Ternium,6325.42,7388.0
2024-12-09,6,PT1H,MC-Ternium,6656.86,7388.0
2024-12-09,7,PT1H,MC-Ternium,6546.53,7388.0
2024-12-09,8,PT1H,MC-Ternium,4803.86,7388.0
2024-12-09,9,PT1H,MC-Ternium,6391.75,7388.0
2024-12-09,10,PT1H,MC-Ternium,6461.42,7388.0
2024-12-09,11,PT1H,MC-Ternium,4918.82,7388.0
2024-12-09,12,PT1H,MC-Ternium,6602.79,7388.0
2024-12-09,13,PT1H,MC-Ternium,6426.67,7388.0
2024-12-09,14,PT1H,MC-Ternium,5718.35,7388.0
2024-12-09,15,PT1H,MC-Ternium,4827.09,7388.0
2024-12-09,16,PT1H,MC-Ternium,2346.72,7388.0
2024-12-09,17,PT1H,MC-Ternium,6432.52,7388.0
2024-12-09,18,PT1H,MC-Ternium,3752.95,7388.0
2024-12-09,19,PT1H,MC-Ternium,4574.08,7388.0
2024-12-09,20,PT1H,MC-Ternium,6442.73,7388.0
2024-12-09,21,PT1H,MC-Ternium,7213.01,7388.0
2024-12-09,22,PT1H,MC-Ternium,6956.8,7388.0
2024-12-09,23,PT1H,MC-Ternium,4080.7,7388.0
2024-12-09,24,PT1H,MC-Ternium,5883.3,7388.0
2024-12-10,1,PT1H,MC-Ternium,5005.32,7320.7
2024-12-10,2,PT1H,MC-Ternium,6027.13,7546.0
2024-12-10,3,PT1H,MC-Ternium,4436.45,7546.0
2024-12-10,4,PT1H,MC-Ternium,4334.19,7546.0
2024-12-10,5,PT1H,MC-Ternium,6738.29,7546.0
2024-12-10,6,PT1H,MC-Ternium,7155.53,7546.0
2024-12-10,7,PT1H,MC-Ternium,6961.89,7616.0
2024-12-10,8,PT1H,MC-Ternium,3729.53,7616.0
2024-12-10,9,PT1H,MC-Ternium,5421.96,7616.0
2024-12-10,10,PT1H,MC-Ternium,7004.93,7616.0
2024-12-10,11,PT1H,MC-Ternium,7297.54,7616.0
2024-12-10,12,PT1H,MC-Ternium,5628.37,7616.0
2024-12-10,13,PT1H,MC-Ternium,6571.74,7616.0
2024-12-10,14,PT1H,MC-Ternium,6845.32,7616.0
2024-12-10,15,PT1H,MC-Ternium,6994.47,6950.0
2024-12-10,16,PT1H,MC-Ternium,7265.76,6950.0
2024-12-10,17,PT1H,MC-Ternium,6222.65,6950.0
2024-12-10,18,PT1H,MC-Ternium,5748.43,6950.0
2024-12-10,19,PT1H,MC-Ternium,2904.65,6950.0
2024-12-10,20,PT1H,MC-Ternium,6713.16,6950.0
2024-12-10,21,PT1H,MC-Ternium,7627.29,6950.0
2024-12-10,22,PT1H,MC-Ternium,6532.04,6950.0
2024-12-10,23,PT1H,MC-Ternium,7011.68,6950.0
2024-12-10,24,PT1H,MC-Ternium,6124.89,6950.1
2024-12-11,1,PT1H,MC-Ternium,5387.35,7199.2
2024-12-11,2,PT1H,MC-Ternium,6160.8,7199.2
2024-12-11,3,PT1H,MC-Ternium,6345.58,7199.2
2024-12-11,4,PT1H,MC-Ternium,3632.63,7199.2
2024-12-11,5,PT1H,MC-Ternium,4938.73,7199.2
2024-12-11,6,PT1H,MC-Ternium,6515.58,7199.2
2024-12-11,7,PT1H,MC-Ternium,6343.59,7199.2
2024-12-11,8,PT1H,MC-Ternium,5800.53,7199.2
2024-12-11,9,PT1H,MC-Ternium,4750.23,7199.2
2024-12-11,10,PT1H,MC-Ternium,5097.2,7199.2
2024-12-11,11,PT1H,MC-Ternium,5351.85,7199.2
2024-12-11,12,PT1H,MC-Ternium,1827.53,7199.2
2024-12-11,13,PT1H,MC-Ternium,1945.77,7199.2
2024-12-11,14,PT1H,MC-Ternium,1646.44,7199.2
2024-12-11,15,PT1H,MC-Ternium,1674.3,7199.2
2024-12-11,16,PT1H,MC-Ternium,4163.53,7199.2
2024-12-11,17,PT1H,MC-Ternium,6329.89,7199.2
2024-12-11,18,PT1H,MC-Ternium,7211.53,7199.2
2024-12-11,19,PT1H,MC-Ternium,4845.89,7199.2
2024-12-11,20,PT1H,MC-Ternium,3336.41,7199.2
2024-12-11,21,PT1H,MC-Ternium,3906.57,7199.2
2024-12-11,22,PT1H,MC-Ternium,5116.27,7199.2
2024-12-11,23,PT1H,MC-Ternium,5755.62,7199.2
2024-12-11,24,PT1H,MC-Ternium,5635.41,7199.2
2024-12-12,1,PT1H,MC-Ternium,5874.8,6849.5
2024-12-12,2,PT1H,MC-Ternium,6308.92,6849.5
2024-12-12,3,PT1H,MC-Ternium,7415.32,6849.5
2024-12-12,4,PT1H,MC-Ternium,6679.23,6849.5
2024-12-12,5,PT1H,MC-Ternium,2793.34,6849.5
2024-12-12,6,PT1H,MC-Ternium,5571.82,6849.5
2024-12-12,7,PT1H,MC-Ternium,1486.86,6849.5
2024-12-12,8,PT1H,MC-Ternium,1468.78,6849.5
2024-12-12,9,PT1H,MC-Ternium,1505.56,6849.5
2024-12-12,10,PT1H,MC-Ternium,1430.07,6849.5
2024-12-12,11,PT1H,MC-Ternium,1360.33,6849.5
2024-12-12,12,PT1H,MC-Ternium,1328.4,6849.5
2024-12-12,13,PT1H,MC-Ternium,1409.73,6849.5
2024-12-12,14,PT1H,MC-Ternium,1387.51,6849.5
2024-12-12,15,PT1H,MC-Ternium,1406.57,6849.5
2024-12-12,16,PT1H,MC-Ternium,1385.15,6849.5
2024-12-12,17,PT1H,MC-Ternium,1468.12,6849.5
2024-12-12,18,PT1H,MC-Ternium,1564.63,6849.5
2024-12-12,19,PT1H,MC-Ternium,1562.05,6849.5
2024-12-12,20,PT1H,MC-Ternium,1591.94,6849.5
2024-12-12,21,PT1H,MC-Ternium,1809.88,6849.5
2024-12-12,22,PT1H,MC-Ternium,3084.1,6849.5
2024-12-12,23,PT1H,MC-Ternium,6049.75,6849.5
2024-12-12,24,PT1H,MC-Ternium,6632.81,6849.5
2024-12-13,1,PT1H,MC-Ternium,7751.44,6849.5
2024-12-13,2,PT1H,MC-Ternium,7820.86,6849.5
2024-12-13,3,PT1H,MC-Ternium,7804.22,6849.5
2024-12-13,4,PT1H,MC-Ternium,7548.55,6849.5
2024-12-13,5,PT1H,MC-Ternium,5086.05,6849.5
2024-12-13,6,PT1H,MC-Ternium,5542.35,6849.5
2024-12-13,7,PT1H,MC-Ternium,5956.55,6849.5
2024-12-13,8,PT1H,MC-Ternium,7557.2,6849.5
2024-12-13,9,PT1H,MC-Ternium,5255.47,6849.5
2024-12-13,10,PT1H,MC-Ternium,7905.81,6849.5
2024-12-13,11,PT1H,MC-Ternium,8030.71,6849.5
2024-12-13,12,PT1H,MC-Ternium,8084.08,6849.5
2024-12-13,13,PT1H,MC-Ternium,7235.36,6849.5
2024-12-13,14,PT1H,MC-Ternium,7544.05,6849.5
2024-12-13,15,PT1H,MC-Ternium,8379.9,6849.5
2024-12-13,16,PT1H,MC-Ternium,8211.89,6849.5
2024-12-13,17,PT1H,MC-Ternium,6367.14,6849.5
2024-12-13,18,PT1H,MC-Ternium,7740.05,6849.5
2024-12-13,19,PT1H,MC-Ternium,7872.52,6849.5
2024-12-13,20,PT1H,MC-Ternium,8223.09,6849.5
2024-12-13,21,PT1H,MC-Ternium,7033.86,6849.5
2024-12-13,22,PT1H,MC-Ternium,8116.1,6849.5
2024-12-13,23,PT1H,MC-Ternium,7855.44,6849.5
2024-12-13,24,PT1H,MC-Ternium,7760.08,6849.5
2024-12-14,1,PT1H,MC-Ternium,8197.98,6849.5
2024-12-14,2,PT1H,MC-Ternium,7839.21,6849.5
2024-12-14,3,PT1H,MC-Ternium,5797.35,6849.5
2024-12-14,4,PT1H,MC-Ternium,2381.16,6849.5
2024-12-14,5,PT1H,MC-Ternium,3420.48,6849.5
2024-12-14,6,PT1H,MC-Ternium,6066.36,6849.5
2024-12-14,7,PT1H,MC-Ternium,6790.57,6849.5
2024-12-14,8,PT1H,MC-Ternium,5732.65,6849.5
2024-12-14,9,PT1H,MC-Ternium,6592.5,6849.5
2024-12-14,10,PT1H,MC-Ternium,6936.14,6849.5
2024-12-14,11,PT1H,MC-Ternium,6489.45,6849.5
2024-12-14,12,PT1H,MC-Ternium,5907.38,6849.5
2024-12-14,13,PT1H,MC-Ternium,5656.68,6849.5
2024-12-14,14,PT1H,MC-Ternium,5325.63,6849.5
2024-12-14,15,PT1H,MC-Ternium,5531.95,6849.5
2024-12-14,16,PT1H,MC-Ternium,4980.05,6849.5
2024-12-14,17,PT1H,MC-Ternium,4856.12,6849.5
2024-12-14,18,PT1H,MC-Ternium,5864.32,6849.5
2024-12-14,19,PT1H,MC-Ternium,6283.06,6849.5
2024-12-14,20,PT1H,MC-Ternium,6369.03,6849.5
2024-12-14,21,PT1H,MC-Ternium,6422.32,6849.5
2024-12-14,22,PT1H,MC-Ternium,6179.79,6849.5
2024-12-14,23,PT1H,MC-Ternium,7076.84,6849.5
2024-12-14,24,PT1H,MC-Ternium,6900.0,6849.5
2024-12-15,1,PT1H,MC-Ternium,6553.71,6849.5
2024-12-15,2,PT1H,MC-Ternium,5035.78,6849.5
2024-12-15,3,PT1H,MC-Ternium,6014.78,6849.5
2024-12-15,4,PT1H,MC-Ternium,6469.91,6849.5
2024-12-15,5,PT1H,MC-Ternium,5838.9,6849.5
2024-12-15,6,PT1H,MC-Ternium,4159.71,6849.5
2024-12-15,7,PT1H,MC-Ternium,6005.52,6849.5
2024-12-15,8,PT1H,MC-Ternium,5995.84,6849.5
2024-12-15,9,PT1H,MC-Ternium,2140.16,6849.5
2024-12-15,10,PT1H,MC-Ternium,2856.66,6849.5
2024-12-15,11,PT1H,MC-Ternium,3642.88,6849.5
2024-12-15,12,PT1H,MC-Ternium,4095.49,6849.5
2024-12-15,13,PT1H,MC-Ternium,3904.71,6849.5
2024-12-15,14,PT1H,MC-Ternium,5581.14,6849.5
2024-12-15,15,PT1H,MC-Ternium,4759.15,6849.5
2024-12-15,16,PT1H,MC-Ternium,5459.82,6849.5
2024-12-15,17,PT1H,MC-Ternium,3642.75,6849.5
2024-12-15,18,PT1H,MC-Ternium,6222.77,6849.5
2024-12-15,19,PT1H,MC-Ternium,6490.7,6849.5
2024-12-15,20,PT1H,MC-Ternium,6591.19,6849.5
2024-12-15,21,PT1H,MC-Ternium,3994.72,6849.5
2024-12-15,22,PT1H,MC-Ternium,6327.99,6849.5
2024-12-15,23,PT1H,MC-Ternium,6880.77,6849.5
2024-12-15,24,PT1H,MC-Ternium,6807.56,6849.5
2024-12-16,1,PT1H,MC-Ternium,7391.71,6377.0
2024-12-16,2,PT1H,MC-Ternium,6835.11,6377.0
2024-12-16,3,PT1H,MC-Ternium,6493.31,6377.0
2024-12-16,4,PT1H,MC-Ternium,6393.66,6377.0
2024-12-16,5,PT1H,MC-Ternium,7392.38,6377.0
2024-12-16,6,PT1H,MC-Ternium,5368.83,6377.0
2024-12-16,7,PT1H,MC-Ternium,6155.84,6628.0
2024-12-16,8,PT1H,MC-Ternium,5039.91,6628.0
2024-12-16,9,PT1H,MC-Ternium,3904.15,6628.0
2024-12-16,10,PT1H,MC-Ternium,5658.9,6628.0
2024-12-16,11,PT1H,MC-Ternium,5884.9,6628.0
2024-12-16,12,PT1H,MC-Ternium,5643.45,6628.0
2024-12-16,13,PT1H,MC-Ternium,5344.73,6628.0
2024-12-16,14,PT1H,MC-Ternium,5476.05,6628.0
2024-12-16,15,PT1H,MC-Ternium,4804.63,8284.0
2024-12-16,16,PT1H,MC-Ternium,6064.67,8284.0
2024-12-16,17,PT1H,MC-Ternium,5378.74,8284.0
2024-12-16,18,PT1H,MC-Ternium,6749.21,8284.0
2024-12-16,19,PT1H,MC-Ternium,6402.13,8284.0
2024-12-16,20,PT1H,MC-Ternium,6228.67,8284.0
2024-12-16,21,PT1H,MC-Ternium,6532.36,8284.0
2024-12-16,22,PT1H,MC-Ternium,6295.17,8284.0
2024-12-16,23,PT1H,MC-Ternium,5324.25,7612.0
2024-12-16,24,PT1H,MC-Ternium,5014.54,7612.0
2024-12-17,1,PT1H,MC-Ternium,3285.72,6377.0
2024-12-17,2,PT1H,MC-Ternium,6345.42,6377.0
2024-12-17,3,PT1H,MC-Ternium,5501.9,6377.0
2024-12-17,4,PT1H,MC-Ternium,5420.6,6377.0
2024-12-17,5,PT1H,MC-Ternium,6111.52,6377.0
2024-12-17,6,PT1H,MC-Ternium,6151.58,6377.0
2024-12-17,7,PT1H,MC-Ternium,6692.17,6377.0
2024-12-17,8,PT1H,MC-Ternium,6144.51,6377.0
2024-12-17,9,PT1H,MC-Ternium,3381.67,6377.0
2024-12-17,10,PT1H,MC-Ternium,1727.97,6377.0
2024-12-17,11,PT1H,MC-Ternium,2646.53,6377.0
2024-12-17,12,PT1H,MC-Ternium,2564.14,6377.0
2024-12-17,13,PT1H,MC-Ternium,3123.07,6377.0
2024-12-17,14,PT1H,MC-Ternium,3790.89,6377.0
2024-12-17,15,PT1H,MC-Ternium,3220.71,6377.0
2024-12-17,16,PT1H,MC-Ternium,2716.14,6377.0
2024-12-17,17,PT1H,MC-Ternium,3672.46,6377.0
2024-12-17,18,PT1H,MC-Ternium,4036.9,6377.0
2024-12-17,19,PT1H,MC-Ternium,1950.27,6377.0
2024-12-17,20,PT1H,MC-Ternium,2159.2,6377.0
2024-12-17,21,PT1H,MC-Ternium,2796.3,6377.0
2024-12-17,22,PT1H,MC-Ternium,2427.49,6377.0
2024-12-17,23,PT1H,MC-Ternium,2886.01,6377.0
2024-12-17,24,PT1H,MC-Ternium,3923.45,6377.0
2024-12-18,1,PT1H,MC-Ternium,4770.6,7199.2
2024-12-18,2,PT1H,MC-Ternium,5923.83,7199.2
2024-12-18,3,PT1H,MC-Ternium,5590.36,7199.2
2024-12-18,4,PT1H,MC-Ternium,6221.77,7199.2
2024-12-18,5,PT1H,MC-Ternium,3107.66,7199.2
2024-12-18,6,PT1H,MC-Ternium,4690.12,7199.2
2024-12-18,7,PT1H,MC-Ternium,3517.73,7199.2
2024-12-18,8,PT1H,MC-Ternium,3596.08,7199.2
2024-12-18,9,PT1H,MC-Ternium,4604.34,7199.2
2024-12-18,10,PT1H,MC-Ternium,4986.92,7199.2
2024-12-18,11,PT1H,MC-Ternium,3072.93,7199.2
2024-12-18,12,PT1H,MC-Ternium,2588.47,7199.2
2024-12-18,13,PT1H,MC-Ternium,2749.86,7199.2
2024-12-18,14,PT1H,MC-Ternium,5039.93,7199.2
2024-12-18,15,PT1H,MC-Ternium,5421.71,7199.2
2024-12-18,16,PT1H,MC-Ternium,2430.34,7199.2
2024-12-18,17,PT1H,MC-Ternium,2705.67,7199.2
2024-12-18,18,PT1H,MC-Ternium,3591.93,7199.2
2024-12-18,19,PT1H,MC-Ternium,4226.99,7199.2
2024-12-18,20,PT1H,MC-Ternium,5098.52,7199.2
2024-12-18,21,PT1H,MC-Ternium,3134.07,7199.2
2024-12-18,22,PT1H,MC-Ternium,2432.42,7199.2
2024-12-18,23,PT1H,MC-Ternium,2152.88,7199.2
2024-12-18,24,PT1H,MC-Ternium,2129.29,7199.2
2024-12-19,1,PT1H,MC-Ternium,2455.78,6377.0
2024-12-19,2,PT1H,MC-Ternium,3835.71,6377.0
2024-12-19,3,PT1H,MC-Ternium,5676.26,6377.0
2024-12-19,4,PT1H,MC-Ternium,5866.1,6377.0
2024-12-19,5,PT1H,MC-Ternium,5897.34,6377.0
2024-12-19,6,PT1H,MC-Ternium,5034.1,6377.0
2024-12-19,7,PT1H,MC-Ternium,4222.12,6377.0
2024-12-19,8,PT1H,MC-Ternium,3843.55,6377.0
2024-12-19,9,PT1H,MC-Ternium,3708.76,6377.0
2024-12-19,10,PT1H,MC-Ternium,3521.52,6377.0
2024-12-19,11,PT1H,MC-Ternium,3443.11,6377.0
2024-12-19,12,PT1H,MC-Ternium,4219.14,6377.0
2024-12-19,13,PT1H,MC-Ternium,6316.56,6377.0
2024-12-19,14,PT1H,MC-Ternium,6462.75,6377.0
2024-12-19,15,PT1H,MC-Ternium,5577.75,6377.0
2024-12-19,16,PT1H,MC-Ternium,5488.03,6377.0
2024-12-19,17,PT1H,MC-Ternium,4521.32,6377.0
2024-12-19,18,PT1H,MC-Ternium,6212.01,6377.0
2024-12-19,19,PT1H,MC-Ternium,5540.46,6377.0
2024-12-19,20,PT1H,MC-Ternium,5612.46,6377.0
2024-12-19,21,PT1H,MC-Ternium,6353.15,6377.0
2024-12-19,22,PT1H,MC-Ternium,6366.6,6377.0
2024-12-19,23,PT1H,MC-Ternium,5688.95,6377.0
2024-12-19,24,PT1H,MC-Ternium,6299.32,6377.0
2024-12-20,1,PT1H,MC-Ternium,6077.16,6377.0
2024-12-20,2,PT1H,MC-Ternium,5548.8,6377.0
2024-12-20,3,PT1H,MC-Ternium,3631.82,6377.0
2024-12-20,4,PT1H,MC-Ternium,2747.04,6377.0
2024-12-20,5,PT1H,MC-Ternium,1934.51,6377.0
2024-12-20,6,PT1H,MC-Ternium,1943.68,6377.0
2024-12-20,7,PT1H,MC-Ternium,1368.86,6377.0
2024-12-20,8,PT1H,MC-Ternium,1542.25,6377.0
2024-12-20,9,PT1H,MC-Ternium,2617.9,6377.0
2024-12-20,10,PT1H,MC-Ternium,4136.89,6377.0
2024-12-20,11,PT1H,MC-Ternium,4312.88,6377.0
2024-12-20,12,PT1H,MC-Ternium,5379.09,6377.0
2024-12-20,13,PT1H,MC-Ternium,2658.65,6377.0
2024-12-20,14,PT1H,MC-Ternium,5142.42,6377.0
2024-12-20,15,PT1H,MC-Ternium,4946.99,6377.0
2024-12-20,16,PT1H,MC-Ternium,4130.94,6377.0
2024-12-20,17,PT1H,MC-Ternium,5654.04,6377.0
2024-12-20,18,PT1H,MC-Ternium,4290.6,6377.0
2024-12-20,19,PT1H,MC-Ternium,5064.17,6377.0
2024-12-20,20,PT1H,MC-Ternium,5207.3,6377.0
2024-12-20,21,PT1H,MC-Ternium,3693.14,6377.0
2024-12-20,22,PT1H,MC-Ternium,4598.98,6377.0
2024-12-20,23,PT1H,MC-Ternium,5246.14,6377.0
2024-12-20,24,PT1H,MC-Ternium,5431.84,6377.0
2024-12-21,1,PT1H,MC-Ternium,6021.94,6377.0
2024-12-21,2,PT1H,MC-Ternium,5343.44,6377.0
2024-12-21,3,PT1H,MC-Ternium,1697.32,6377.0
2024-12-21,4,PT1H,MC-Ternium,1679.91,6377.0
2024-12-21,5,PT1H,MC-Ternium,1676.06,6377.0
2024-12-21,6,PT1H,MC-Ternium,1657.35,6377.0
2024-12-21,7,PT1H,MC-Ternium,1976.36,6377.0
2024-12-21,8,PT1H,MC-Ternium,2399.36,6377.0
2024-12-21,9,PT1H,MC-Ternium,2635.39,6377.0
2024-12-21,10,PT1H,MC-Ternium,2842.99,6377.0
2024-12-21,11,PT1H,MC-Ternium,3431.22,6377.0
2024-12-21,12,PT1H,MC-Ternium,3582.41,6377.0
2024-12-21,13,PT1H,MC-Ternium,1942.89,6377.0
2024-12-21,14,PT1H,MC-Ternium,1006.68,6377.0
2024-12-21,15,PT1H,MC-Ternium,942.64,6377.0
2024-12-21,16,PT1H,MC-Ternium,626.63,6377.0
2024-12-21,17,PT1H,MC-Ternium,652.24,6377.0
2024-12-21,18,PT1H,MC-Ternium,651.0,6377.0
2024-12-21,19,PT1H,MC-Ternium,628.28,6377.0
2024-12-21,20,PT1H,MC-Ternium,623.63,6377.0
2024-12-21,21,PT1H,MC-Ternium,617.35,6377.0
2024-12-21,22,PT1H,MC-Ternium,617.64,6377.0
2024-12-21,23,PT1H,MC-Ternium,615.1,6377.0
2024-12-21,24,PT1H,MC-Ternium,617.89,6378.0
2024-12-22,1,PT1H,MC-Ternium,612.88,603.4
2024-12-22,2,PT1H,MC-Ternium,612.23,603.4
2024-12-22,3,PT1H,MC-Ternium,616.12,603.4
2024-12-22,4,PT1H,MC-Ternium,610.82,603.4
2024-12-22,5,PT1H,MC-Ternium,453.48,603.4
2024-12-22,6,PT1H,MC-Ternium,95.03,603.4
2024-12-22,7,PT1H,MC-Ternium,93.2,603.4
2024-12-22,8,PT1H,MC-Ternium,91.3,603.4
2024-12-22,9,PT1H,MC-Ternium,90.36,603.4
2024-12-22,10,PT1H,MC-Ternium,88.46,603.4
2024-12-22,11,PT1H,MC-Ternium,88.32,603.4
2024-12-22,12,PT1H,MC-Ternium,89.28,603.4
2024-12-22,13,PT1H,MC-Ternium,88.8,603.4
2024-12-22,14,PT1H,MC-Ternium,88.86,603.4
2024-12-22,15,PT1H,MC-Ternium,89.09,603.4
2024-12-22,16,PT1H,MC-Ternium,89.31,603.4
2024-12-22,17,PT1H,MC-Ternium,93.52,603.4
2024-12-22,18,PT1H,MC-Ternium,96.4,603.4
2024-12-22,19,PT1H,MC-Ternium,96.75,603.4
2024-12-22,20,PT1H,MC-Ternium,98.1,603.4
2024-12-22,21,PT1H,MC-Ternium,97.6,603.4
2024-12-22,22,PT1H,MC-Ternium,97.07,603.4
2024-12-22,23,PT1H,MC-Ternium,97.45,603.4
2024-12-22,24,PT1H,MC-Ternium,193.74,604.0
2024-12-23,1,PT1H,MC-Ternium,441.68,5829.6
2024-12-23,2,PT1H,MC-Ternium,423.0,5829.6
2024-12-23,3,PT1H,MC-Ternium,421.27,5829.6
2024-12-23,4,PT1H,MC-Ternium,418.82,5829.6
2024-12-23,5,PT1H,MC-Ternium,419.95,5829.6
2024-12-23,6,PT1H,MC-Ternium,420.76,5829.6
2024-12-23,7,PT1H,MC-Ternium,407.16,5829.6
2024-12-23,8,PT1H,MC-Ternium,454.51,5829.6
2024-12-23,9,PT1H,MC-Ternium,724.48,5829.6
2024-12-23,10,PT1H,MC-Ternium,791.05,5829.6
2024-12-23,11,PT1H,MC-Ternium,808.84,5829.6
2024-12-23,12,PT1H,MC-Ternium,905.85,5829.6
2024-12-23,13,PT1H,MC-Ternium,930.82,5829.6
2024-12-23,14,PT1H,MC-Ternium,959.6,5829.6
2024-12-23,15,PT1H,MC-Ternium,960.93,5829.6
2024-12-23,16,PT1H,MC-Ternium,946.07,5829.6
2024-12-23,17,PT1H,MC-Ternium,941.27,5829.6
2024-12-23,18,PT1H,MC-Ternium,912.64,5829.6
2024-12-23,19,PT1H,MC-Ternium,938.37,5829.6
2024-12-23,20,PT1H,MC-Ternium,829.79,5829.6
2024-12-23,21,PT1H,MC-Ternium,797.24,5829.6
2024-12-23,22,PT1H,MC-Ternium,800.74,5829.6
2024-12-23,23,PT1H,MC-Ternium,800.24,5829.6
2024-12-23,24,PT1H,MC-Ternium,769.37,5830.0
2024-12-24,1,PT1H,MC-Ternium,752.84,6096.0
2024-12-24,2,PT1H,MC-Ternium,741.83,6096.0
2024-12-24,3,PT1H,MC-Ternium,740.45,6096.0
2024-12-24,4,PT1H,MC-Ternium,736.9,6096.0
2024-12-24,5,PT1H,MC-Ternium,738.67,6096.0
2024-12-24,6,PT1H,MC-Ternium,748.27,6096.0
2024-12-24,7,PT1H,MC-Ternium,740.31,6096.0
2024-12-24,8,PT1H,MC-Ternium,689.0,6096.0
2024-12-24,9,PT1H,MC-Ternium,680.68,6096.0
2024-12-24,10,PT1H,MC-Ternium,921.39,6096.0
2024-12-24,11,PT1H,MC-Ternium,941.2,6096.0
2024-12-24,12,PT1H,MC-Ternium,941.38,6096.0
2024-12-24,13,PT1H,MC-Ternium,899.74,6096.0
2024-12-24,14,PT1H,MC-Ternium,912.18,6096.0
2024-12-24,15,PT1H,MC-Ternium,813.22,6096.0
2024-12-24,16,PT1H,MC-Ternium,730.37,6096.0
2024-12-24,17,PT1H,MC-Ternium,739.49,6096.0
2024-12-24,18,PT1H,MC-Ternium,722.03,6096.0
2024-12-24,19,PT1H,MC-Ternium,737.85,6096.0
2024-12-24,20,PT1H,MC-Ternium,738.1,6096.0
2024-12-24,21,PT1H,MC-Ternium,691.67,6096.0
2024-12-24,22,PT1H,MC-Ternium,661.75,6096.0
2024-12-24,23,PT1H,MC-Ternium,662.29,6096.0
2024-12-24,24,PT1H,MC-Ternium,660.9,6096.0
2024-12-25,1,PT1H,MC-Ternium,658.95,193.7
2024-12-25,2,PT1H,MC-Ternium,656.98,97.5
2024-12-25,3,PT1H,MC-Ternium,653.62,97.1
2024-12-25,4,PT1H,MC-Ternium,650.07,97.6
2024-12-25,5,PT1H,MC-Ternium,649.95,98.1
2024-12-25,6,PT1H,MC-Ternium,649.6,96.8
2024-12-25,7,PT1H,MC-Ternium,633.71,96.4
2024-12-25,8,PT1H,MC-Ternium,624.29,93.5
2024-12-25,9,PT1H,MC-Ternium,627.11,89.3
2024-12-25,10,PT1H,MC-Ternium,655.83,89.1
2024-12-25,11,PT1H,MC-Ternium,670.22,88.9
2024-12-25,12,PT1H,MC-Ternium,654.42,88.8
2024-12-25,13,PT1H,MC-Ternium,655.95,89.3
2024-12-25,14,PT1H,MC-Ternium,654.14,88.3
2024-12-25,15,PT1H,MC-Ternium,622.17,88.5
2024-12-25,16,PT1H,MC-Ternium,545.46,90.4
2024-12-25,17,PT1H,MC-Ternium,555.19,91.3
2024-12-25,18,PT1H,MC-Ternium,641.07,93.2
2024-12-25,19,PT1H,MC-Ternium,661.51,95.0
2024-12-25,20,PT1H,MC-Ternium,660.91,453.5
2024-12-25,21,PT1H,MC-Ternium,657.86,610.8
2024-12-25,22,PT1H,MC-Ternium,655.17,616.1
2024-12-25,23,PT1H,MC-Ternium,656.12,612.2
2024-12-25,24,PT1H,MC-Ternium,652.7,612.9
2024-12-26,1,PT1H,MC-Ternium,651.64,193.7
2024-12-26,2,PT1H,MC-Ternium,649.56,97.5
2024-12-26,3,PT1H,MC-Ternium,647.97,97.1
2024-12-26,4,PT1H,MC-Ternium,645.33,97.6
2024-12-26,5,PT1H,MC-Ternium,646.43,98.1
2024-12-26,6,PT1H,MC-Ternium,647.24,96.8
2024-12-26,7,PT1H,MC-Ternium,643.05,96.4
2024-12-26,8,PT1H,MC-Ternium,658.71,93.5
2024-12-26,9,PT1H,MC-Ternium,890.02,89.3
2024-12-26,10,PT1H,MC-Ternium,988.79,89.1
2024-12-26,11,PT1H,MC-Ternium,1033.95,88.9
2024-12-26,12,PT1H,MC-Ternium,1036.98,88.8
2024-12-26,13,PT1H,MC-Ternium,1018.77,89.3
2024-12-26,14,PT1H,MC-Ternium,919.26,88.3
2024-12-26,15,PT1H,MC-Ternium,925.41,88.5
2024-12-26,16,PT1H,MC-Ternium,905.29,90.4
2024-12-26,17,PT1H,MC-Ternium,920.42,91.3
2024-12-26,18,PT1H,MC-Ternium,950.87,93.2
2024-12-26,19,PT1H,MC-Ternium,952.2,95.0
2024-12-26,20,PT1H,MC-Ternium,882.7,453.5
2024-12-26,21,PT1H,MC-Ternium,861.3,610.8
2024-12-26,22,PT1H,MC-Ternium,847.56,616.1
2024-12-26,23,PT1H,MC-Ternium,850.04,612.2
2024-12-26,24,PT1H,MC-Ternium,852.1,613.9
2024-12-27,1,PT1H,MC-Ternium,832.26,193.7
2024-12-27,2,PT1H,MC-Ternium,831.51,97.5
2024-12-27,3,PT1H,MC-Ternium,843.22,97.1
2024-12-27,4,PT1H,MC-Ternium,838.43,97.6
2024-12-27,5,PT1H,MC-Ternium,838.73,98.1
2024-12-27,6,PT1H,MC-Ternium,838.13,96.8
2024-12-27,7,PT1H,MC-Ternium,821.86,96.4
2024-12-27,8,PT1H,MC-Ternium,825.19,93.5
2024-12-27,9,PT1H,MC-Ternium,851.45,89.3
2024-12-27,10,PT1H,MC-Ternium,865.12,89.1
2024-12-27,11,PT1H,MC-Ternium,785.47,88.9
2024-12-27,12,PT1H,MC-Ternium,793.62,88.8
2024-12-27,13,PT1H,MC-Ternium,779.73,89.3
2024-12-27,14,PT1H,MC-Ternium,799.28,88.3
2024-12-27,15,PT1H,MC-Ternium,827.56,88.5
2024-12-27,16,PT1H,MC-Ternium,824.69,90.4
2024-12-27,17,PT1H,MC-Ternium,796.62,91.3
2024-12-27,18,PT1H,MC-Ternium,742.56,93.2
2024-12-27,19,PT1H,MC-Ternium,770.97,95.0
2024-12-27,20,PT1H,MC-Ternium,772.74,453.5
2024-12-27,21,PT1H,MC-Ternium,764.95,610.8
2024-12-27,22,PT1H,MC-Ternium,763.15,616.1
2024-12-27,23,PT1H,MC-Ternium,726.03,612.2
2024-12-27,24,PT1H,MC-Ternium,724.94,613.0
2024-12-28,1,PT1H,MC-Ternium,723.36,193.7
2024-12-28,2,PT1H,MC-Ternium,726.82,97.5
2024-12-28,3,PT1H,MC-Ternium,729.12,97.1
2024-12-28,4,PT1H,MC-Ternium,727.1,97.6
2024-12-28,5,PT1H,MC-Ternium,726.38,98.1
2024-12-28,6,PT1H,MC-Ternium,727.72,96.8
2024-12-28,7,PT1H,MC-Ternium,219.0,96.4
2024-12-28,8,PT1H,MC-Ternium,76.67,93.5
2024-12-28,9,PT1H,MC-Ternium,65.4,89.3
2024-12-28,10,PT1H,MC-Ternium,64.21,89.1
2024-12-28,11,PT1H,MC-Ternium,63.35,88.9
2024-12-28,12,PT1H,MC-Ternium,63.22,88.8
2024-12-28,13,PT1H,MC-Ternium,64.09,89.3
2024-12-28,14,PT1H,MC-Ternium,66.99,88.3
2024-12-28,15,PT1H,MC-Ternium,66.83,88.5
2024-12-28,16,PT1H,MC-Ternium,65.22,90.4
2024-12-28,17,PT1H,MC-Ternium,64.72,91.3
2024-12-28,18,PT1H,MC-Ternium,79.08,93.2
2024-12-28,19,PT1H,MC-Ternium,140.65,95.0
2024-12-28,20,PT1H,MC-Ternium,351.5,453.5
2024-12-28,21,PT1H,MC-Ternium,370.09,610.8
2024-12-28,22,PT1H,MC-Ternium,367.63,616.1
2024-12-28,23,PT1H,MC-Ternium,364.79,612.2
2024-12-28,24,PT1H,MC-Ternium,361.01,613.0
2024-12-29,1,PT1H,MC-Ternium,360.24,603.4
2024-12-29,2,PT1H,MC-Ternium,357.37,603.4
2024-12-29,3,PT1H,MC-Ternium,355.09,603.4
2024-12-29,4,PT1H,MC-Ternium,355.76,603.4
2024-12-29,5,PT1H,MC-Ternium,354.24,603.4
2024-12-29,6,PT1H,MC-Ternium,356.04,603.4
2024-12-29,7,PT1H,MC-Ternium,344.95,603.4
2024-12-29,8,PT1H,MC-Ternium,341.05,603.4
2024-12-29,9,PT1H,MC-Ternium,365.89,603.4
2024-12-29,10,PT1H,MC-Ternium,386.03,603.4
2024-12-29,11,PT1H,MC-Ternium,390.05,603.4
2024-12-29,12,PT1H,MC-Ternium,396.05,603.4
2024-12-29,13,PT1H,MC-Ternium,375.74,603.4
2024-12-29,14,PT1H,MC-Ternium,369.09,603.4
2024-12-29,15,PT1H,MC-Ternium,368.86,603.4
2024-12-29,16,PT1H,MC-Ternium,382.34,603.4
2024-12-29,17,PT1H,MC-Ternium,356.23,603.4
2024-12-29,18,PT1H,MC-Ternium,358.81,603.4
2024-12-29,19,PT1H,MC-Ternium,375.49,603.4
2024-12-29,20,PT1H,MC-Ternium,374.15,603.4
2024-12-29,21,PT1H,MC-Ternium,371.89,603.4
2024-12-29,22,PT1H,MC-Ternium,368.48,603.4
2024-12-29,23,PT1H,MC-Ternium,364.61,603.4
2024-12-29,24,PT1H,MC-Ternium,359.18,604.0
2024-12-30,1,PT1H,MC-Ternium,360.79,603.4
2024-12-30,2,PT1H,MC-Ternium,360.58,603.4
2024-12-30,3,PT1H,MC-Ternium,360.26,603.4
2024-12-30,4,PT1H,MC-Ternium,359.62,603.4
2024-12-30,5,PT1H,MC-Ternium,360.11,603.4
2024-12-30,6,PT1H,MC-Ternium,361.74,603.4
2024-12-30,7,PT1H,MC-Ternium,349.27,603.4
2024-12-30,8,PT1H,MC-Ternium,358.38,603.4
2024-12-30,9,PT1H,MC-Ternium,536.96,603.4
2024-12-30,10,PT1H,MC-Ternium,763.06,603.4
2024-12-30,11,PT1H,MC-Ternium,739.06,603.4
2024-12-30,12,PT1H,MC-Ternium,701.78,603.4
2024-12-30,13,PT1H,MC-Ternium,821.74,603.4
2024-12-30,14,PT1H,MC-Ternium,808.3,603.4
2024-12-30,15,PT1H,MC-Ternium,784.16,603.4
2024-12-30,16,PT1H,MC-Ternium,842.66,603.4
2024-12-30,17,PT1H,MC-Ternium,848.64,603.4
2024-12-30,18,PT1H,MC-Ternium,830.44,603.4
2024-12-30,19,PT1H,MC-Ternium,723.26,603.4
2024-12-30,20,PT1H,MC-Ternium,657.58,603.4
2024-12-30,21,PT1H,MC-Ternium,555.8,603.4
2024-12-30,22,PT1H,MC-Ternium,371.32,603.4
2024-12-30,23,PT1H,MC-Ternium,380.87,603.4
2024-12-30,24,PT1H,MC-Ternium,390.27,604.0
2024-12-31,1,PT1H,MC-Ternium,368.43,603.4
2024-12-31,2,PT1H,MC-Ternium,365.36,603.4
2024-12-31,3,PT1H,MC-Ternium,363.09,603.4
2024-12-31,4,PT1H,MC-Ternium,359.36,603.4
2024-12-31,5,PT1H,MC-Ternium,360.21,603.4
2024-12-31,6,PT1H,MC-Ternium,359.5,603.4
2024-12-31,7,PT1H,MC-Ternium,358.27,603.4
2024-12-31,8,PT1H,MC-Ternium,418.68,603.4
2024-12-31,9,PT1H,MC-Ternium,731.74,603.4
2024-12-31,10,PT1H,MC-Ternium,743.38,603.4
2024-12-31,11,PT1H,MC-Ternium,737.08,603.4
2024-12-31,12,PT1H,MC-Ternium,701.36,603.4
2024-12-31,13,PT1H,MC-Ternium,677.5,603.4
2024-12-31,14,PT1H,MC-Ternium,665.24,603.4
2024-12-31,15,PT1H,MC-Ternium,570.29,603.4
2024-12-31,16,PT1H,MC-Ternium,358.04,603.4
2024-12-31,17,PT1H,MC-Ternium,354.06,603.4
2024-12-31,18,PT1H,MC-Ternium,355.79,603.4
2024-12-31,19,PT1H,MC-Ternium,375.43,603.4
2024-12-31,20,PT1H,MC-Ternium,376.64,603.4
2024-12-31,21,PT1H,MC-Ternium,376.49,603.4
2024-12-31,22,PT1H,MC-Ternium,376.69,603.4
2024-12-31,23,PT1H,MC-Ternium,376.18,603.4
2024-12-31,24,PT1H,MC-Ternium,375.65,604.0
2025-01-01,1,PT1H,MC-Ternium,374.43,603.4
2025-01-01,2,PT1H,MC-Ternium,373.31,603.4
2025-01-01,3,PT1H,MC-Ternium,371.83,603.4
2025-01-01,4,PT1H,MC-Ternium,368.59,603.4
2025-01-01,5,PT1H,MC-Ternium,367.83,603.4
2025-01-01,6,PT1H,MC-Ternium,365.97,603.4
2025-01-01,7,PT1H,MC-Ternium,348.93,603.4
2025-01-01,8,PT1H,MC-Ternium,340.17,603.4
2025-01-01,9,PT1H,MC-Ternium,346.03,603.4
2025-01-01,10,PT1H,MC-Ternium,346.14,603.4
2025-01-01,11,PT1H,MC-Ternium,350.98,603.4
2025-01-01,12,PT1H,MC-Ternium,353.87,603.4
2025-01-01,13,PT1H,MC-Ternium,354.93,603.4
2025-01-01,14,PT1H,MC-Ternium,356.66,603.4
2025-01-01,15,PT1H,MC-Ternium,356.86,603.4
2025-01-01,16,PT1H,MC-Ternium,355.44,603.4
2025-01-01,17,PT1H,MC-Ternium,353.95,603.4
2025-01-01,18,PT1H,MC-Ternium,355.81,603.4
2025-01-01,19,PT1H,MC-Ternium,375.17,603.4
2025-01-01,20,PT1H,MC-Ternium,373.44,603.4
2025-01-01,21,PT1H,MC-Ternium,373.72,603.4
2025-01-01,22,PT1H,MC-Ternium,371.56,603.4
2025-01-01,23,PT1H,MC-Ternium,372.56,603.4
2025-01-01,24,PT1H,MC-Ternium,372.05,603.4
2025-01-02,1,PT1H,MC-Ternium,376.55,604.0
2025-01-02,2,PT1H,MC-Ternium,371.46,603.4
2025-01-02,3,PT1H,MC-Ternium,362.11,603.4
2025-01-02,4,PT1H,MC-Ternium,363.77,603.4
2025-01-02,5,PT1H,MC-Ternium,363.64,603.4
2025-01-02,6,PT1H,MC-Ternium,365.86,603.4
2025-01-02,7,PT1H,MC-Ternium,354.73,603.4
2025-01-02,8,PT1H,MC-Ternium,375.86,603.4
2025-01-02,9,PT1H,MC-Ternium,524.41,603.4
2025-01-02,10,PT1H,MC-Ternium,730.78,603.4
2025-01-02,11,PT1H,MC-Ternium,743.95,603.4
2025-01-02,12,PT1H,MC-Ternium,745.47,603.4
2025-01-02,13,PT1H,MC-Ternium,737.17,603.4
2025-01-02,14,PT1H,MC-Ternium,745.35,603.4
2025-01-02,15,PT1H,MC-Ternium,733.43,603.4
2025-01-02,16,PT1H,MC-Ternium,724.92,603.4
2025-01-02,17,PT1H,MC-Ternium,767.42,603.4
2025-01-02,18,PT1H,MC-Ternium,743.7,603.4
2025-01-02,19,PT1H,MC-Ternium,743.67,603.4
2025-01-02,20,PT1H,MC-Ternium,778.51,603.4
2025-01-02,21,PT1H,MC-Ternium,706.33,603.4
2025-01-02,22,PT1H,MC-Ternium,542.37,603.4
2025-01-02,23,PT1H,MC-Ternium,532.1,603.4
2025-01-02,24,PT1H,MC-Ternium,505.97,604.0
2025-01-03,1,PT1H,MC-Ternium,502.06,603.4
2025-01-03,2,PT1H,MC-Ternium,503.75,603.4
2025-01-03,3,PT1H,MC-Ternium,501.32,603.4
2025-01-03,4,PT1H,MC-Ternium,499.38,603.4
2025-01-03,5,PT1H,MC-Ternium,499.2,603.4
2025-01-03,6,PT1H,MC-Ternium,497.33,603.4
2025-01-03,7,PT1H,MC-Ternium,483.58,603.4
2025-01-03,8,PT1H,MC-Ternium,591.55,603.4
2025-01-03,9,PT1H,MC-Ternium,795.32,603.4
2025-01-03,10,PT1H,MC-Ternium,980.35,603.4
2025-01-03,11,PT1H,MC-Ternium,1034.48,603.4
2025-01-03,12,PT1H,MC-Ternium,1120.62,603.4
2025-01-03,13,PT1H,MC-Ternium,1138.54,603.4
2025-01-03,14,PT1H,MC-Ternium,1209.52,603.4
2025-01-03,15,PT1H,MC-Ternium,1276.2,603.4
2025-01-03,16,PT1H,MC-Ternium,1652.15,603.4
2025-01-03,17,PT1H,MC-Ternium,1673.67,603.4
2025-01-03,18,PT1H,MC-Ternium,1278.53,603.4
2025-01-03,19,PT1H,MC-Ternium,1254.69,603.4
2025-01-03,20,PT1H,MC-Ternium,1231.34,603.4
2025-01-03,21,PT1H,MC-Ternium,1278.86,603.4
2025-01-03,22,PT1H,MC-Ternium,1279.11,603.4
2025-01-03,23,PT1H,MC-Ternium,1240.97,603.4
2025-01-03,24,PT1H,MC-Ternium,1213.14,604.0
2025-01-04,1,PT1H,MC-Ternium,1166.68,603.4
2025-01-04,2,PT1H,MC-Ternium,1138.2,603.4
2025-01-04,3,PT1H,MC-Ternium,1134.91,603.4
2025-01-04,4,PT1H,MC-Ternium,1135.94,603.4
2025-01-04,5,PT1H,MC-Ternium,1132.02,603.4
2025-01-04,6,PT1H,MC-Ternium,205.51,603.4
2025-01-04,7,PT1H,MC-Ternium,90.87,603.4
2025-01-04,8,PT1H,MC-Ternium,88.63,603.4
2025-01-04,9,PT1H,MC-Ternium,86.25,603.4
2025-01-04,10,PT1H,MC-Ternium,87.39,603.4
2025-01-04,11,PT1H,MC-Ternium,87.48,603.4
2025-01-04,12,PT1H,MC-Ternium,87.53,603.4
2025-01-04,13,PT1H,MC-Ternium,88.31,603.4
2025-01-04,14,PT1H,MC-Ternium,89.28,603.4
2025-01-04,15,PT1H,MC-Ternium,107.82,603.4
2025-01-04,16,PT1H,MC-Ternium,94.2,603.4
2025-01-04,17,PT1H,MC-Ternium,90.08,603.4
2025-01-04,18,PT1H,MC-Ternium,71.92,603.4
2025-01-04,19,PT1H,MC-Ternium,73.94,603.4
2025-01-04,20,PT1H,MC-Ternium,73.72,603.4
2025-01-04,21,PT1H,MC-Ternium,72.2,603.4
2025-01-04,22,PT1H,MC-Ternium,71.02,603.4
2025-01-04,23,PT1H,MC-Ternium,70.43,603.4
2025-01-04,24,PT1H,MC-Ternium,70.12,604.0
2025-01-05,1,PT1H,MC-Ternium,70.49,603.4
2025-01-05,2,PT1H,MC-Ternium,70.58,603.4
2025-01-05,3,PT1H,MC-Ternium,72.25,603.4
2025-01-05,4,PT1H,MC-Ternium,74.13,603.4
2025-01-05,5,PT1H,MC-Ternium,339.97,603.4
2025-01-05,6,PT1H,MC-Ternium,1234.51,603.4
2025-01-05,7,PT1H,MC-Ternium,1673.41,603.4
2025-01-05,8,PT1H,MC-Ternium,1669.7,603.4
2025-01-05,9,PT1H,MC-Ternium,1829.91,603.4
2025-01-05,10,PT1H,MC-Ternium,2240.53,603.4
2025-01-05,11,PT1H,MC-Ternium,2463.38,603.4
2025-01-05,12,PT1H,MC-Ternium,2392.71,603.4
2025-01-05,13,PT1H,MC-Ternium,2825.29,603.4
2025-01-05,14,PT1H,MC-Ternium,2819.97,603.4
2025-01-05,15,PT1H,MC-Ternium,3939.32,603.4
2025-01-05,16,PT1H,MC-Ternium,3778.92,603.4
2025-01-05,17,PT1H,MC-Ternium,5534.25,603.4
2025-01-05,18,PT1H,MC-Ternium,3240.8,603.4
2025-01-05,19,PT1H,MC-Ternium,2439.61,603.4
2025-01-05,20,PT1H,MC-Ternium,5331.45,603.4
2025-01-05,21,PT1H,MC-Ternium,3539.71,603.4
2025-01-05,22,PT1H,MC-Ternium,3145.97,603.4
2025-01-05,23,PT1H,MC-Ternium,5035.75,603.4
2025-01-05,24,PT1H,MC-Ternium,5425.04,604.0
2025-01-06,1,PT1H,MC-Ternium,4561.56,1284.0
2025-01-06,2,PT1H,MC-Ternium,5017.16,1284.0
2025-01-06,3,PT1H,MC-Ternium,5331.94,1284.0
2025-01-06,4,PT1H,MC-Ternium,2279.89,1284.0
2025-01-06,5,PT1H,MC-Ternium,4914.65,1284.0
2025-01-06,6,PT1H,MC-Ternium,5757.9,1284.0
2025-01-06,7,PT1H,MC-Ternium,3872.69,1284.0
2025-01-06,8,PT1H,MC-Ternium,6027.34,1284.0
2025-01-06,9,PT1H,MC-Ternium,6201.7,1284.0
2025-01-06,10,PT1H,MC-Ternium,5165.78,1284.0
2025-01-06,11,PT1H,MC-Ternium,5658.31,1284.0
2025-01-06,12,PT1H,MC-Ternium,5192.53,1284.0
2025-01-06,13,PT1H,MC-Ternium,4271.24,1284.0
2025-01-06,14,PT1H,MC-Ternium,6143.81,1284.0
2025-01-06,15,PT1H,MC-Ternium,4574.28,1284.0
2025-01-06,16,PT1H,MC-Ternium,4043.69,1284.0
2025-01-06,17,PT1H,MC-Ternium,6309.74,1284.0
2025-01-06,18,PT1H,MC-Ternium,6241.04,1284.0
2025-01-06,19,PT1H,MC-Ternium,4277.88,1284.0
2025-01-06,20,PT1H,MC-Ternium,4228.17,1284.0
2025-01-06,21,PT1H,MC-Ternium,6263.7,1284.0
2025-01-06,22,PT1H,MC-Ternium,6146.07,1284.0
2025-01-06,23,PT1H,MC-Ternium,5694.7,1284.0
2025-01-06,24,PT1H,MC-Ternium,5905.68,1284.0
2025-01-07,1,PT1H,MC-Ternium,5964.06,9000.0
2025-01-07,2,PT1H,MC-Ternium,6354.77,9000.0
2025-01-07,3,PT1H,MC-Ternium,4833.72,9000.0
2025-01-07,4,PT1H,MC-Ternium,4346.16,9000.0
2025-01-07,5,PT1H,MC-Ternium,5679.91,9000.0
2025-01-07,6,PT1H,MC-Ternium,6379.53,9000.0
2025-01-07,7,PT1H,MC-Ternium,6349.1,9000.0
2025-01-07,8,PT1H,MC-Ternium,5802.42,9000.0
2025-01-07,9,PT1H,MC-Ternium,6481.25,9000.0
2025-01-07,10,PT1H,MC-Ternium,5884.85,9000.0
2025-01-07,11,PT1H,MC-Ternium,4764.02,9000.0
2025-01-07,12,PT1H,MC-Ternium,5648.83,9000.0
2025-01-07,13,PT1H,MC-Ternium,5563.1,9000.0
2025-01-07,14,PT1H,MC-Ternium,4731.78,9000.0
2025-01-07,15,PT1H,MC-Ternium,6539.7,9000.0
2025-01-07,16,PT1H,MC-Ternium,6565.97,9000.0
2025-01-07,17,PT1H,MC-Ternium,3857.93,9000.0
2025-01-07,18,PT1H,MC-Ternium,6367.6,9000.0
2025-01-07,19,PT1H,MC-Ternium,6483.3,9000.0
2025-01-07,20,PT1H,MC-Ternium,5705.83,9000.0
2025-01-07,21,PT1H,MC-Ternium,5272.6,9000.0
2025-01-07,22,PT1H,MC-Ternium,4598.73,9000.0
2025-01-07,23,PT1H,MC-Ternium,2076.6,9000.0
2025-01-07,24,PT1H,MC-Ternium,3375.06,9000.0
2025-01-08,1,PT1H,MC-Ternium,3903.79,3183.0
2025-01-08,2,PT1H,MC-Ternium,6144.42,3183.0
2025-01-08,3,PT1H,MC-Ternium,6144.05,3183.0
2025-01-08,4,PT1H,MC-Ternium,6314.14,3183.0
2025-01-08,5,PT1H,MC-Ternium,6391.41,3183.0
2025-01-08,6,PT1H,MC-Ternium,6109.68,3183.0
2025-01-08,7,PT1H,MC-Ternium,6275.42,3183.0
2025-01-08,8,PT1H,MC-Ternium,6221.11,3183.0
2025-01-08,9,PT1H,MC-Ternium,4406.41,3183.0
2025-01-08,10,PT1H,MC-Ternium,3732.43,3183.0
2025-01-08,11,PT1H,MC-Ternium,5486.44,3183.0
2025-01-08,12,PT1H,MC-Ternium,6201.76,3183.0
2025-01-08,13,PT1H,MC-Ternium,6387.47,3183.0
2025-01-08,14,PT1H,MC-Ternium,6409.92,3183.0
2025-01-08,15,PT1H,MC-Ternium,6444.25,3183.0
2025-01-08,16,PT1H,MC-Ternium,6389.93,3183.0
2025-01-08,17,PT1H,MC-Ternium,6292.22,3183.0
2025-01-08,18,PT1H,MC-Ternium,6382.64,3183.0
2025-01-08,19,PT1H,MC-Ternium,6376.53,3183.0
2025-01-08,20,PT1H,MC-Ternium,5524.28,3183.0
2025-01-08,21,PT1H,MC-Ternium,6358.87,3183.0
2025-01-08,22,PT1H,MC-Ternium,4758.25,3183.0
2025-01-08,23,PT1H,MC-Ternium,6258.71,3183.0
2025-01-08,24,PT1H,MC-Ternium,6314.9,3184.0
2025-01-09,1,PT1H,MC-Ternium,6080.64,2660.0
2025-01-09,2,PT1H,MC-Ternium,6246.09,2660.0
2025-01-09,3,PT1H,MC-Ternium,6215.67,2660.0
2025-01-09,4,PT1H,MC-Ternium,5877.89,2660.0
2025-01-09,5,PT1H,MC-Ternium,4881.79,2660.0
2025-01-09,6,PT1H,MC-Ternium,5112.85,2660.0
2025-01-09,7,PT1H,MC-Ternium,4213.74,2660.0
2025-01-09,8,PT1H,MC-Ternium,3279.89,2660.0
2025-01-09,9,PT1H,MC-Ternium,2542.2,2660.0
2025-01-09,10,PT1H,MC-Ternium,1379.73,2660.0
2025-01-09,11,PT1H,MC-Ternium,1462.06,2660.0
2025-01-09,12,PT1H,MC-Ternium,1335.96,2660.0
2025-01-09,13,PT1H,MC-Ternium,1302.64,2660.0
2025-01-09,14,PT1H,MC-Ternium,1372.99,2660.0
2025-01-09,15,PT1H,MC-Ternium,1432.49,2660.0
2025-01-09,16,PT1H,MC-Ternium,1395.25,2660.0
2025-01-09,17,PT1H,MC-Ternium,1300.7,2660.0
2025-01-09,18,PT1H,MC-Ternium,1293.01,2660.0
2025-01-09,19,PT1H,MC-Ternium,1392.77,2660.0
2025-01-09,20,PT1H,MC-Ternium,1362.18,2660.0
2025-01-09,21,PT1H,MC-Ternium,1272.62,2660.0
2025-01-09,22,PT1H,MC-Ternium,1247.07,2660.0
2025-01-09,23,PT1H,MC-Ternium,1240.33,2660.0
2025-01-09,24,PT1H,MC-Ternium,1238.81,2670.0
2025-01-10,1,PT1H,MC-Ternium,1229.43,925.0
2025-01-10,2,PT1H,MC-Ternium,1227.11,925.0
2025-01-10,3,PT1H,MC-Ternium,1236.78,925.0
2025-01-10,4,PT1H,MC-Ternium,1214.09,925.0
2025-01-10,5,PT1H,MC-Ternium,1217.06,925.0
2025-01-10,6,PT1H,MC-Ternium,1161.74,925.0
2025-01-10,7,PT1H,MC-Ternium,1106.65,925.0
2025-01-10,8,PT1H,MC-Ternium,1081.9,925.0
2025-01-10,9,PT1H,MC-Ternium,396.54,925.0
2025-01-10,10,PT1H,MC-Ternium,64.06,925.0
2025-01-10,11,PT1H,MC-Ternium,65.63,925.0
2025-01-10,12,PT1H,MC-Ternium,66.38,925.0
2025-01-10,13,PT1H,MC-Ternium,67.88,925.0
2025-01-10,14,PT1H,MC-Ternium,67.93,925.0
2025-01-10,15,PT1H,MC-Ternium,68.61,925.0
2025-01-10,16,PT1H,MC-Ternium,68.46,925.0
2025-01-10,17,PT1H,MC-Ternium,68.44,925.0
2025-01-10,18,PT1H,MC-Ternium,68.19,925.0
2025-01-10,19,PT1H,MC-Ternium,71.08,925.0
2025-01-10,20,PT1H,MC-Ternium,72.54,925.0
2025-01-10,21,PT1H,MC-Ternium,72.88,925.0
2025-01-10,22,PT1H,MC-Ternium,72.9,925.0
2025-01-10,23,PT1H,MC-Ternium,106.02,925.0
2025-01-10,24,PT1H,MC-Ternium,75.86,926.0
2025-01-11,1,PT1H,MC-Ternium,743.53,2779.0
2025-01-11,2,PT1H,MC-Ternium,936.55,2779.0
2025-01-11,3,PT1H,MC-Ternium,949.46,2779.0
2025-01-11,4,PT1H,MC-Ternium,937.54,2779.0
2025-01-11,5,PT1H,MC-Ternium,982.64,2779.0
2025-01-11,6,PT1H,MC-Ternium,1181.51,2779.0
2025-01-11,7,PT1H,MC-Ternium,1374.54,2779.0
2025-01-11,8,PT1H,MC-Ternium,1689.11,2779.0
2025-01-11,9,PT1H,MC-Ternium,2820.87,2779.0
2025-01-11,10,PT1H,MC-Ternium,3931.12,2779.0
2025-01-11,11,PT1H,MC-Ternium,6129.36,2779.0
2025-01-11,12,PT1H,MC-Ternium,5433.31,2779.0
2025-01-11,13,PT1H,MC-Ternium,6224.16,2779.0
2025-01-11,14,PT1H,MC-Ternium,5275.6,2779.0
2025-01-11,15,PT1H,MC-Ternium,6217.67,2779.0
2025-01-11,16,PT1H,MC-Ternium,6366.04,2779.0
2025-01-11,17,PT1H,MC-Ternium,6477.85,2779.0
2025-01-11,18,PT1H,MC-Ternium,6556.85,2779.0
2025-01-11,19,PT1H,MC-Ternium,5776.74,2779.0
2025-01-11,20,PT1H,MC-Ternium,4521.88,2779.0
2025-01-11,21,PT1H,MC-Ternium,5536.12,2779.0
2025-01-11,22,PT1H,MC-Ternium,6593.32,2779.0
2025-01-11,23,PT1H,MC-Ternium,6361.72,2779.0
2025-01-11,24,PT1H,MC-Ternium,6323.74,2780.0
2025-01-12,1,PT1H,MC-Ternium,6609.6,1076.0
2025-01-12,2,PT1H,MC-Ternium,6487.76,1076.0
2025-01-12,3,PT1H,MC-Ternium,5242.98,1076.0
2025-01-12,4,PT1H,MC-Ternium,5362.21,1076.0
2025-01-12,5,PT1H,MC-Ternium,5724.57,1076.0
2025-01-12,6,PT1H,MC-Ternium,6137.48,1076.0
2025-01-12,7,PT1H,MC-Ternium,6420.95,1076.0
2025-01-12,8,PT1H,MC-Ternium,6429.76,1076.0
2025-01-12,9,PT1H,MC-Ternium,5511.23,1076.0
2025-01-12,10,PT1H,MC-Ternium,5729.0,1076.0
2025-01-12,11,PT1H,MC-Ternium,4401.72,1076.0
2025-01-12,12,PT1H,MC-Ternium,4925.03,1076.0
2025-01-12,13,PT1H,MC-Ternium,5415.08,1076.0
2025-01-12,14,PT1H,MC-Ternium,6282.09,1076.0
2025-01-12,15,PT1H,MC-Ternium,5981.27,1076.0
2025-01-12,16,PT1H,MC-Ternium,3867.5,1076.0
2025-01-12,17,PT1H,MC-Ternium,6406.75,1076.0
2025-01-12,18,PT1H,MC-Ternium,6232.38,1076.0
2025-01-12,19,PT1H,MC-Ternium,6456.81,1076.0
2025-01-12,20,PT1H,MC-Ternium,3336.87,1076.0
2025-01-12,21,PT1H,MC-Ternium,3408.73,1076.0
2025-01-12,22,PT1H,MC-Ternium,4920.48,1076.0
2025-01-12,23,PT1H,MC-Ternium,6258.79,1076.0
2025-01-12,24,PT1H,MC-Ternium,6218.58,1077.0
2025-01-13,1,PT1H,MC-Ternium,5047.5,5170.1
2025-01-13,2,PT1H,MC-Ternium,4472.99,5170.1
2025-01-13,3,PT1H,MC-Ternium,5619.53,5170.1
2025-01-13,4,PT1H,MC-Ternium,3255.48,5170.1
2025-01-13,5,PT1H,MC-Ternium,2420.81,5170.1
2025-01-13,6,PT1H,MC-Ternium,5446.33,5170.1
2025-01-13,7,PT1H,MC-Ternium,6159.16,5170.1
2025-01-13,8,PT1H,MC-Ternium,6249.2,5170.1
2025-01-13,9,PT1H,MC-Ternium,6306.48,5170.1
2025-01-13,10,PT1H,MC-Ternium,6262.72,5170.1
2025-01-13,11,PT1H,MC-Ternium,6197.39,5170.1
2025-01-13,12,PT1H,MC-Ternium,6213.35,5170.1
2025-01-13,13,PT1H,MC-Ternium,6402.09,5170.1
2025-01-13,14,PT1H,MC-Ternium,6423.94,5170.1
2025-01-13,15,PT1H,MC-Ternium,6130.44,5170.1
2025-01-13,16,PT1H,MC-Ternium,6361.3,5170.1
2025-01-13,17,PT1H,MC-Ternium,4387.09,5170.1
2025-01-13,18,PT1H,MC-Ternium,2977.23,5170.1
2025-01-13,19,PT1H,MC-Ternium,5196.87,5170.1
2025-01-13,20,PT1H,MC-Ternium,6140.5,5170.1
2025-01-13,21,PT1H,MC-Ternium,6205.8,5170.1
2025-01-13,22,PT1H,MC-Ternium,6192.55,5170.1
2025-01-13,23,PT1H,MC-Ternium,5954.3,5170.1
2025-01-13,24,PT1H,MC-Ternium,6150.63,5171.0
2025-01-14,1,PT1H,MC-Ternium,6172.53,5401.1
2025-01-14,2,PT1H,MC-Ternium,6258.81,5401.1
2025-01-14,3,PT1H,MC-Ternium,5846.47,5401.1
2025-01-14,4,PT1H,MC-Ternium,4861.53,5401.1
2025-01-14,5,PT1H,MC-Ternium,6268.43,5401.1
2025-01-14,6,PT1H,MC-Ternium,6258.73,5401.1
2025-01-14,7,PT1H,MC-Ternium,6279.74,5401.1
2025-01-14,8,PT1H,MC-Ternium,6242.09,5401.1
2025-01-14,9,PT1H,MC-Ternium,6286.21,5401.1
2025-01-14,10,PT1H,MC-Ternium,3270.48,5401.1
2025-01-14,11,PT1H,MC-Ternium,2331.35,5401.1
2025-01-14,12,PT1H,MC-Ternium,3077.67,5401.1
2025-01-14,13,PT1H,MC-Ternium,5563.5,5401.1
2025-01-14,14,PT1H,MC-Ternium,5171.22,5401.1
2025-01-14,15,PT1H,MC-Ternium,3963.67,5401.1
2025-01-14,16,PT1H,MC-Ternium,4445.65,5401.1
2025-01-14,17,PT1H,MC-Ternium,5065.25,5401.1
2025-01-14,18,PT1H,MC-Ternium,4730.64,5401.1
2025-01-14,19,PT1H,MC-Ternium,3334.7,5401.1
2025-01-14,20,PT1H,MC-Ternium,5544.32,5401.1
2025-01-14,21,PT1H,MC-Ternium,2979.85,5401.1
2025-01-14,22,PT1H,MC-Ternium,2568.04,5401.1
2025-01-14,23,PT1H,MC-Ternium,3109.54,5401.1
2025-01-14,24,PT1H,MC-Ternium,6290.79,5410.0
2025-01-15,1,PT1H,MC-Ternium,5918.49,5884.5
2025-01-15,2,PT1H,MC-Ternium,6115.45,5884.5
2025-01-15,3,PT1H,MC-Ternium,5998.83,5884.5
2025-01-15,4,PT1H,MC-Ternium,5665.75,5884.5
2025-01-15,5,PT1H,MC-Ternium,5787.48,5884.5
2025-01-15,6,PT1H,MC-Ternium,6185.49,5884.5
2025-01-15,7,PT1H,MC-Ternium,6697.4,5884.5
2025-01-15,8,PT1H,MC-Ternium,7079.27,5884.5
2025-01-15,9,PT1H,MC-Ternium,6767.57,5884.5
2025-01-15,10,PT1H,MC-Ternium,6564.97,5884.5
2025-01-15,11,PT1H,MC-Ternium,6927.8,5884.5
2025-01-15,12,PT1H,MC-Ternium,5906.35,5884.5
2025-01-15,13,PT1H,MC-Ternium,5142.07,5884.5
2025-01-15,14,PT1H,MC-Ternium,5870.77,5884.5
2025-01-15,15,PT1H,MC-Ternium,6094.83,5884.5
2025-01-15,16,PT1H,MC-Ternium,6104.45,5884.5
2025-01-15,17,PT1H,MC-Ternium,3667.97,5884.5
2025-01-15,18,PT1H,MC-Ternium,4596.95,5884.5
2025-01-15,19,PT1H,MC-Ternium,3481.09,5884.5
2025-01-15,20,PT1H,MC-Ternium,6131.7,5884.5
2025-01-15,21,PT1H,MC-Ternium,5625.87,5884.5
2025-01-15,22,PT1H,MC-Ternium,1577.91,5884.5
2025-01-15,23,PT1H,MC-Ternium,3682.91,5884.5
2025-01-15,24,PT1H,MC-Ternium,5112.4,5890.0
2025-01-16,1,PT1H,MC-Ternium,3796.84,8162.0
2025-01-16,2,PT1H,MC-Ternium,4922.84,8162.0
2025-01-16,3,PT1H,MC-Ternium,5819.44,8162.0
2025-01-16,4,PT1H,MC-Ternium,5419.48,8162.0
2025-01-16,5,PT1H,MC-Ternium,5714.72,8162.0
2025-01-16,6,PT1H,MC-Ternium,5763.58,8162.0
2025-01-16,7,PT1H,MC-Ternium,5649.93,8162.0
2025-01-16,8,PT1H,MC-Ternium,2719.79,8162.0
2025-01-16,9,PT1H,MC-Ternium,2142.64,8162.0
2025-01-16,10,PT1H,MC-Ternium,2749.63,8162.0
2025-01-16,11,PT1H,MC-Ternium,5168.49,8162.0
2025-01-16,12,PT1H,MC-Ternium,4980.84,8162.0
2025-01-16,13,PT1H,MC-Ternium,5652.35,8162.0
2025-01-16,14,PT1H,MC-Ternium,5935.96,8162.0
2025-01-16,15,PT1H,MC-Ternium,5706.48,8162.0
2025-01-16,16,PT1H,MC-Ternium,4673.15,8162.0
2025-01-16,17,PT1H,MC-Ternium,3901.21,8162.0
2025-01-16,18,PT1H,MC-Ternium,1516.55,8162.0
2025-01-16,19,PT1H,MC-Ternium,1454.69,8162.0
2025-01-16,20,PT1H,MC-Ternium,1303.35,8162.0
2025-01-16,21,PT1H,MC-Ternium,1211.57,8162.0
2025-01-16,22,PT1H,MC-Ternium,1126.15,8162.0
2025-01-16,23,PT1H,MC-Ternium,1114.44,8162.0
2025-01-16,24,PT1H,MC-Ternium,1123.23,8163.0
2025-01-17,1,PT1H,MC-Ternium,1127.33,8162.0
2025-01-17,2,PT1H,MC-Ternium,1130.85,8162.0
2025-01-17,3,PT1H,MC-Ternium,1108.19,8162.0
2025-01-17,4,PT1H,MC-Ternium,1111.62,8162.0
2025-01-17,5,PT1H,MC-Ternium,1135.25,8162.0
2025-01-17,6,PT1H,MC-Ternium,1128.18,8162.0
2025-01-17,7,PT1H,MC-Ternium,1133.03,8162.0
2025-01-17,8,PT1H,MC-Ternium,1116.91,8162.0
2025-01-17,9,PT1H,MC-Ternium,1228.54,8162.0
2025-01-17,10,PT1H,MC-Ternium,1198.54,8162.0
2025-01-17,11,PT1H,MC-Ternium,1233.03,8162.0
2025-01-17,12,PT1H,MC-Ternium,1211.97,8162.0
2025-01-17,13,PT1H,MC-Ternium,1186.79,8162.0
2025-01-17,14,PT1H,MC-Ternium,1140.82,8162.0
2025-01-17,15,PT1H,MC-Ternium,1186.46,8162.0
2025-01-17,16,PT1H,MC-Ternium,1241.42,8162.0
2025-01-17,17,PT1H,MC-Ternium,1323.56,8162.0
2025-01-17,18,PT1H,MC-Ternium,1415.44,8162.0
2025-01-17,19,PT1H,MC-Ternium,1355.53,8162.0
2025-01-17,20,PT1H,MC-Ternium,1294.51,8162.0
2025-01-17,21,PT1H,MC-Ternium,1308.34,8162.0
2025-01-17,22,PT1H,MC-Ternium,1324.04,8162.0
2025-01-17,23,PT1H,MC-Ternium,1308.53,8162.0
2025-01-17,24,PT1H,MC-Ternium,1284.34,8163.0
2025-01-18,1,PT1H,MC-Ternium,1277.21,8162.0
2025-01-18,2,PT1H,MC-Ternium,1255.82,8162.0
2025-01-18,3,PT1H,MC-Ternium,1262.81,8162.0
2025-01-18,4,PT1H,MC-Ternium,1260.55,8162.0
2025-01-18,5,PT1H,MC-Ternium,1340.62,8162.0
2025-01-18,6,PT1H,MC-Ternium,1353.69,8162.0
2025-01-18,7,PT1H,MC-Ternium,2044.52,8162.0
2025-01-18,8,PT1H,MC-Ternium,2444.18,8162.0
2025-01-18,9,PT1H,MC-Ternium,2571.89,8162.0
2025-01-18,10,PT1H,MC-Ternium,1759.86,8162.0
2025-01-18,11,PT1H,MC-Ternium,2454.85,8162.0
2025-01-18,12,PT1H,MC-Ternium,5394.48,8162.0
2025-01-18,13,PT1H,MC-Ternium,7035.8,8162.0
2025-01-18,14,PT1H,MC-Ternium,7188.94,8162.0
2025-01-18,15,PT1H,MC-Ternium,5385.11,8162.0
2025-01-18,16,PT1H,MC-Ternium,6821.03,8162.0
2025-01-18,17,PT1H,MC-Ternium,6660.56,8162.0
2025-01-18,18,PT1H,MC-Ternium,6934.97,8162.0
2025-01-18,19,PT1H,MC-Ternium,5566.85,8162.0
2025-01-18,20,PT1H,MC-Ternium,6493.31,8162.0
2025-01-18,21,PT1H,MC-Ternium,6458.9,8162.0
2025-01-18,22,PT1H,MC-Ternium,7319.87,8162.0
2025-01-18,23,PT1H,MC-Ternium,6698.44,8162.0
2025-01-18,24,PT1H,MC-Ternium,6406.4,8163.0
2025-01-19,1,PT1H,MC-Ternium,6433.76,8162.0
2025-01-19,2,PT1H,MC-Ternium,3338.58,8162.0
2025-01-19,3,PT1H,MC-Ternium,5995.29,8162.0
2025-01-19,4,PT1H,MC-Ternium,5815.61,8162.0
2025-01-19,5,PT1H,MC-Ternium,6128.45,8162.0
2025-01-19,6,PT1H,MC-Ternium,5627.08,8162.0
2025-01-19,7,PT1H,MC-Ternium,6357.8,8162.0
2025-01-19,8,PT1H,MC-Ternium,5723.3,8162.0
2025-01-19,9,PT1H,MC-Ternium,6619.38,8162.0
2025-01-19,10,PT1H,MC-Ternium,6204.45,8162.0
2025-01-19,11,PT1H,MC-Ternium,6498.57,8162.0
2025-01-19,12,PT1H,MC-Ternium,6769.38,8162.0
2025-01-19,13,PT1H,MC-Ternium,5082.24,8162.0
2025-01-19,14,PT1H,MC-Ternium,6619.96,8162.0
2025-01-19,15,PT1H,MC-Ternium,6859.87,8162.0
2025-01-19,16,PT1H,MC-Ternium,6811.58,8162.0
2025-01-19,17,PT1H,MC-Ternium,6852.54,8162.0
2025-01-19,18,PT1H,MC-Ternium,6793.08,8162.0
2025-01-19,19,PT1H,MC-Ternium,6738.19,8162.0
2025-01-19,20,PT1H,MC-Ternium,5455.51,8162.0
2025-01-19,21,PT1H,MC-Ternium,6303.09,8162.0
2025-01-19,22,PT1H,MC-Ternium,6154.54,8162.0
2025-01-19,23,PT1H,MC-Ternium,6666.13,8162.0
2025-01-19,24,PT1H,MC-Ternium,6854.0,8163.0
2025-01-20,1,PT1H,MC-Ternium,6612.27,3541.7
2025-01-20,2,PT1H,MC-Ternium,6180.98,3541.7
2025-01-20,3,PT1H,MC-Ternium,6607.52,3541.7
2025-01-20,4,PT1H,MC-Ternium,5116.92,3541.7
2025-01-20,5,PT1H,MC-Ternium,6515.02,3541.7
2025-01-20,6,PT1H,MC-Ternium,6736.23,3541.7
2025-01-20,7,PT1H,MC-Ternium,6884.38,3541.7
2025-01-20,8,PT1H,MC-Ternium,6534.6,3541.7
2025-01-20,9,PT1H,MC-Ternium,4422.66,3541.7
2025-01-20,10,PT1H,MC-Ternium,6661.9,3541.7
2025-01-20,11,PT1H,MC-Ternium,7023.07,3541.7
2025-01-20,12,PT1H,MC-Ternium,6774.81,3541.7
2025-01-20,13,PT1H,MC-Ternium,6995.94,3541.7
2025-01-20,14,PT1H,MC-Ternium,6934.36,3541.7
2025-01-20,15,PT1H,MC-Ternium,6353.58,3541.7
2025-01-20,16,PT1H,MC-Ternium,3712.29,3541.7
2025-01-20,17,PT1H,MC-Ternium,6899.54,3541.7
2025-01-20,18,PT1H,MC-Ternium,6980.71,3541.7
2025-01-20,19,PT1H,MC-Ternium,7002.36,3541.7
2025-01-20,20,PT1H,MC-Ternium,6772.7,3541.7
2025-01-20,21,PT1H,MC-Ternium,6591.02,3541.7
2025-01-20,22,PT1H,MC-Ternium,5818.92,3541.7
2025-01-20,23,PT1H,MC-Ternium,4351.97,3541.7
2025-01-20,24,PT1H,MC-Ternium,3723.05,3542.0
2025-01-21,1,PT1H,MC-Ternium,6701.8,10613.0
2025-01-21,2,PT1H,MC-Ternium,6390.08,10613.0
2025-01-21,3,PT1H,MC-Ternium,6263.03,10613.0
2025-01-21,4,PT1H,MC-Ternium,6414.04,10613.0
2025-01-21,5,PT1H,MC-Ternium,6131.14,10613.0
2025-01-21,6,PT1H,MC-Ternium,6356.05,10613.0
2025-01-21,7,PT1H,MC-Ternium,6228.04,10613.0
2025-01-21,8,PT1H,MC-Ternium,6003.18,10613.0
2025-01-21,9,PT1H,MC-Ternium,6230.88,10613.0
2025-01-21,10,PT1H,MC-Ternium,6610.18,10613.0
2025-01-21,11,PT1H,MC-Ternium,2927.82,10613.0
2025-01-21,12,PT1H,MC-Ternium,5991.22,10613.0
2025-01-21,13,PT1H,MC-Ternium,6925.88,10613.0
2025-01-21,14,PT1H,MC-Ternium,6821.28,10613.0
2025-01-21,15,PT1H,MC-Ternium,6235.67,10613.0
2025-01-21,16,PT1H,MC-Ternium,6589.83,10613.0
2025-01-21,17,PT1H,MC-Ternium,6682.14,10613.0
2025-01-21,18,PT1H,MC-Ternium,6647.18,10613.0
2025-01-21,19,PT1H,MC-Ternium,6324.41,10613.0
2025-01-21,20,PT1H,MC-Ternium,6777.1,10613.0
2025-01-21,21,PT1H,MC-Ternium,6650.2,10613.0
2025-01-21,22,PT1H,MC-Ternium,6295.57,10613.0
2025-01-21,23,PT1H,MC-Ternium,4528.69,10613.0
2025-01-21,24,PT1H,MC-Ternium,4827.68,10613.0
2025-01-22,1,PT1H,MC-Ternium,6596.99,6195.0
2025-01-22,2,PT1H,MC-Ternium,6573.99,6195.0
2025-01-22,3,PT1H,MC-Ternium,5188.32,6195.0
2025-01-22,4,PT1H,MC-Ternium,6543.99,6195.0
2025-01-22,5,PT1H,MC-Ternium,6425.37,6195.0
2025-01-22,6,PT1H,MC-Ternium,6356.01,6195.0
2025-01-22,7,PT1H,MC-Ternium,6299.81,6195.0
2025-01-22,8,PT1H,MC-Ternium,5537.77,6195.0
2025-01-22,9,PT1H,MC-Ternium,2502.62,6195.0
2025-01-22,10,PT1H,MC-Ternium,6568.82,6195.0
2025-01-22,11,PT1H,MC-Ternium,6787.41,6195.0
2025-01-22,12,PT1H,MC-Ternium,6536.21,6195.0
2025-01-22,13,PT1H,MC-Ternium,7068.88,6195.0
2025-01-22,14,PT1H,MC-Ternium,6687.37,6195.0
2025-01-22,15,PT1H,MC-Ternium,5400.88,6195.0
2025-01-22,16,PT1H,MC-Ternium,5444.57,6195.0
2025-01-22,17,PT1H,MC-Ternium,6846.77,6195.0
2025-01-22,18,PT1H,MC-Ternium,6289.06,6195.0
2025-01-22,19,PT1H,MC-Ternium,3980.96,6195.0
2025-01-22,20,PT1H,MC-Ternium,4459.79,6195.0
2025-01-22,21,PT1H,MC-Ternium,6419.42,6195.0
2025-01-22,22,PT1H,MC-Ternium,3471.83,6195.0
2025-01-22,23,PT1H,MC-Ternium,2479.48,6195.0
2025-01-22,24,PT1H,MC-Ternium,6156.85,6195.0
2025-01-23,1,PT1H,MC-Ternium,5101.21,5132.7
2025-01-23,2,PT1H,MC-Ternium,6727.2,5132.7
2025-01-23,3,PT1H,MC-Ternium,5397.91,5132.7
2025-01-23,4,PT1H,MC-Ternium,5424.54,5132.7
2025-01-23,5,PT1H,MC-Ternium,6794.2,5132.7
2025-01-23,6,PT1H,MC-Ternium,5246.82,5132.7
2025-01-23,7,PT1H,MC-Ternium,5572.32,5132.7
2025-01-23,8,PT1H,MC-Ternium,2407.22,5132.7
2025-01-23,9,PT1H,MC-Ternium,6265.18,5132.7
2025-01-23,10,PT1H,MC-Ternium,6892.01,5132.7
2025-01-23,11,PT1H,MC-Ternium,6869.53,5132.7
2025-01-23,12,PT1H,MC-Ternium,2447.12,5132.7
2025-01-23,13,PT1H,MC-Ternium,4903.54,5132.7
2025-01-23,14,PT1H,MC-Ternium,5708.78,5132.7
2025-01-23,15,PT1H,MC-Ternium,5808.82,5132.7
2025-01-23,16,PT1H,MC-Ternium,3292.03,5132.7
2025-01-23,17,PT1H,MC-Ternium,1462.87,5132.7
2025-01-23,18,PT1H,MC-Ternium,1367.32,5132.7
2025-01-23,19,PT1H,MC-Ternium,1362.98,5132.7
2025-01-23,20,PT1H,MC-Ternium,1272.77,5132.7
2025-01-23,21,PT1H,MC-Ternium,1288.22,5132.7
2025-01-23,22,PT1H,MC-Ternium,1288.01,5132.7
2025-01-23,23,PT1H,MC-Ternium,1238.31,5132.7
2025-01-23,24,PT1H,MC-Ternium,1222.43,5132.7
2025-01-24,1,PT1H,MC-Ternium,1300.15,6147.0
2025-01-24,2,PT1H,MC-Ternium,1275.93,6147.0
2025-01-24,3,PT1H,MC-Ternium,1276.02,6147.0
2025-01-24,4,PT1H,MC-Ternium,1272.7,6147.0
2025-01-24,5,PT1H,MC-Ternium,1296.83,6147.0
2025-01-24,6,PT1H,MC-Ternium,1292.4,6147.0
2025-01-24,7,PT1H,MC-Ternium,1246.27,6147.0
2025-01-24,8,PT1H,MC-Ternium,1196.67,6147.0
2025-01-24,9,PT1H,MC-Ternium,1252.45,6147.0
2025-01-24,10,PT1H,MC-Ternium,1288.72,6147.0
2025-01-24,11,PT1H,MC-Ternium,1306.89,6147.0
2025-01-24,12,PT1H,MC-Ternium,1260.58,6147.0
2025-01-24,13,PT1H,MC-Ternium,1177.56,6147.0
2025-01-24,14,PT1H,MC-Ternium,1264.45,6147.0
2025-01-24,15,PT1H,MC-Ternium,1281.94,6147.0
2025-01-24,16,PT1H,MC-Ternium,1318.42,6147.0
2025-01-24,17,PT1H,MC-Ternium,1256.96,6147.0
2025-01-24,18,PT1H,MC-Ternium,1295.41,6147.0
2025-01-24,19,PT1H,MC-Ternium,1263.53,6147.0
2025-01-24,20,PT1H,MC-Ternium,1187.89,6147.0
2025-01-24,21,PT1H,MC-Ternium,1238.7,6147.0
2025-01-24,22,PT1H,MC-Ternium,1296.02,6147.0
2025-01-24,23,PT1H,MC-Ternium,1327.96,6147.0
2025-01-24,24,PT1H,MC-Ternium,1327.05,6147.0
2025-01-25,1,PT1H,MC-Ternium,1309.48,5692.0
2025-01-25,2,PT1H,MC-Ternium,1316.43,5692.0
2025-01-25,3,PT1H,MC-Ternium,1373.06,5692.0
2025-01-25,4,PT1H,MC-Ternium,1390.38,5692.0
2025-01-25,5,PT1H,MC-Ternium,1431.03,5692.0
2025-01-25,6,PT1H,MC-Ternium,1933.1,5692.0
2025-01-25,7,PT1H,MC-Ternium,2213.3,5692.0
2025-01-25,8,PT1H,MC-Ternium,1580.27,5692.0
2025-01-25,9,PT1H,MC-Ternium,2226.46,5692.0
2025-01-25,10,PT1H,MC-Ternium,2953.94,5692.0
2025-01-25,11,PT1H,MC-Ternium,4466.63,5692.0
2025-01-25,12,PT1H,MC-Ternium,5097.2,5692.0
2025-01-25,13,PT1H,MC-Ternium,6143.01,5692.0
2025-01-25,14,PT1H,MC-Ternium,4259.52,5692.0
2025-01-25,15,PT1H,MC-Ternium,6359.96,5692.0
2025-01-25,16,PT1H,MC-Ternium,6532.76,5692.0
2025-01-25,17,PT1H,MC-Ternium,6603.46,5692.0
2025-01-25,18,PT1H,MC-Ternium,3439.22,5692.0
2025-01-25,19,PT1H,MC-Ternium,5827.42,5692.0
2025-01-25,20,PT1H,MC-Ternium,6612.6,5692.0
2025-01-25,21,PT1H,MC-Ternium,6095.4,5692.0
2025-01-25,22,PT1H,MC-Ternium,4810.63,5692.0
2025-01-25,23,PT1H,MC-Ternium,5611.43,5692.0
2025-01-25,24,PT1H,MC-Ternium,6471.5,5692.0
2025-01-26,1,PT1H,MC-Ternium,4217.8,5208.3
2025-01-26,2,PT1H,MC-Ternium,6530.59,5208.3
2025-01-26,3,PT1H,MC-Ternium,6379.42,5208.3
2025-01-26,4,PT1H,MC-Ternium,5155.04,5208.3
2025-01-26,5,PT1H,MC-Ternium,5041.11,5208.3
2025-01-26,6,PT1H,MC-Ternium,6385.37,5208.3
2025-01-26,7,PT1H,MC-Ternium,5423.56,5208.3
2025-01-26,8,PT1H,MC-Ternium,3974.9,5208.3
2025-01-26,9,PT1H,MC-Ternium,5492.4,5208.3
2025-01-26,10,PT1H,MC-Ternium,6260.19,5208.3
2025-01-26,11,PT1H,MC-Ternium,5417.01,5208.3
2025-01-26,12,PT1H,MC-Ternium,4610.45,5208.3
2025-01-26,13,PT1H,MC-Ternium,6428.72,5208.3
2025-01-26,14,PT1H,MC-Ternium,4264.19,5208.3
2025-01-26,15,PT1H,MC-Ternium,4055.36,5208.3
2025-01-26,16,PT1H,MC-Ternium,6307.96,5208.3
2025-01-26,17,PT1H,MC-Ternium,4414.71,5208.3
2025-01-26,18,PT1H,MC-Ternium,6388.25,5208.3
2025-01-26,19,PT1H,MC-Ternium,2958.49,5208.3
2025-01-26,20,PT1H,MC-Ternium,1727.55,5208.3
2025-01-26,21,PT1H,MC-Ternium,1722.24,5208.3
2025-01-26,22,PT1H,MC-Ternium,4183.04,5208.3
2025-01-26,23,PT1H,MC-Ternium,5433.97,5208.3
2025-01-26,24,PT1H,MC-Ternium,4168.4,5209.0
2025-01-27,1,PT1H,MC-Ternium,6208.83,8275.0
2025-01-27,2,PT1H,MC-Ternium,6353.54,8275.0
2025-01-27,3,PT1H,MC-Ternium,6421.9,8275.0
2025-01-27,4,PT1H,MC-Ternium,4282.78,8275.0
2025-01-27,5,PT1H,MC-Ternium,6342.98,8275.0
2025-01-27,6,PT1H,MC-Ternium,5755.54,8275.0
2025-01-27,7,PT1H,MC-Ternium,5314.45,8275.0
2025-01-27,8,PT1H,MC-Ternium,5576.4,8275.0
2025-01-27,9,PT1H,MC-Ternium,5844.97,8275.0
2025-01-27,10,PT1H,MC-Ternium,2139.52,8275.0
2025-01-27,11,PT1H,MC-Ternium,5055.75,8275.0
2025-01-27,12,PT1H,MC-Ternium,5586.49,8275.0
2025-01-27,13,PT1H,MC-Ternium,4731.71,8275.0
2025-01-27,14,PT1H,MC-Ternium,6053.64,8275.0
2025-01-27,15,PT1H,MC-Ternium,6483.72,8275.0
2025-01-27,16,PT1H,MC-Ternium,6609.94,8275.0
2025-01-27,17,PT1H,MC-Ternium,6542.78,8275.0
2025-01-27,18,PT1H,MC-Ternium,5925.31,8275.0
2025-01-27,19,PT1H,MC-Ternium,6548.48,8275.0
2025-01-27,20,PT1H,MC-Ternium,6532.19,8275.0
2025-01-27,21,PT1H,MC-Ternium,6844.89,8275.0
2025-01-27,22,PT1H,MC-Ternium,4619.53,8275.0
2025-01-27,23,PT1H,MC-Ternium,5819.11,8275.0
2025-01-27,24,PT1H,MC-Ternium,6538.0,8276.0
2025-01-28,1,PT1H,MC-Ternium,5911.36,6540.0
2025-01-28,2,PT1H,MC-Ternium,5513.82,6540.0
2025-01-28,3,PT1H,MC-Ternium,5790.64,6540.0
2025-01-28,4,PT1H,MC-Ternium,6390.37,6540.0
2025-01-28,5,PT1H,MC-Ternium,5245.96,6540.0
2025-01-28,6,PT1H,MC-Ternium,5184.66,6540.0
2025-01-28,7,PT1H,MC-Ternium,5948.43,6540.0
2025-01-28,8,PT1H,MC-Ternium,5492.06,6540.0
2025-01-28,9,PT1H,MC-Ternium,5237.38,6540.0
2025-01-28,10,PT1H,MC-Ternium,6026.9,6540.0
2025-01-28,11,PT1H,MC-Ternium,2683.82,6540.0
2025-01-28,12,PT1H,MC-Ternium,5087.12,6540.0
2025-01-28,13,PT1H,MC-Ternium,6271.22,6540.0
2025-01-28,14,PT1H,MC-Ternium,6394.84,6540.0
2025-01-28,15,PT1H,MC-Ternium,5094.53,6540.0
2025-01-28,16,PT1H,MC-Ternium,6240.19,6540.0
2025-01-28,17,PT1H,MC-Ternium,6527.75,6540.0
2025-01-28,18,PT1H,MC-Ternium,5418.05,6540.0
2025-01-28,19,PT1H,MC-Ternium,4165.8,6540.0
2025-01-28,20,PT1H,MC-Ternium,5982.63,6540.0
2025-01-28,21,PT1H,MC-Ternium,6218.7,6540.0
2025-01-28,22,PT1H,MC-Ternium,3797.58,6540.0
2025-01-28,23,PT1H,MC-Ternium,6366.94,6540.0
2025-01-28,24,PT1H,MC-Ternium,6528.93,6540.0
2025-01-29,1,PT1H,MC-Ternium,6416.87,5102.4
2025-01-29,2,PT1H,MC-Ternium,6477.53,5102.4
2025-01-29,3,PT1H,MC-Ternium,6352.28,5102.4
2025-01-29,4,PT1H,MC-Ternium,4126.75,5102.4
2025-01-29,5,PT1H,MC-Ternium,6242.26,5102.4
2025-01-29,6,PT1H,MC-Ternium,1959.95,5102.4
2025-01-29,7,PT1H,MC-Ternium,5309.87,5102.4
2025-01-29,8,PT1H,MC-Ternium,6542.74,5102.4
2025-01-29,9,PT1H,MC-Ternium,4739.56,5102.4
2025-01-29,10,PT1H,MC-Ternium,6312.64,5102.4
2025-01-29,11,PT1H,MC-Ternium,6583.97,5102.4
2025-01-29,12,PT1H,MC-Ternium,6534.6,5102.4
2025-01-29,13,PT1H,MC-Ternium,6549.31,5102.4
2025-01-29,14,PT1H,MC-Ternium,6550.05,5102.4
2025-01-29,15,PT1H,MC-Ternium,6053.31,5102.4
2025-01-29,16,PT1H,MC-Ternium,6546.21,5102.4
2025-01-29,17,PT1H,MC-Ternium,5158.46,5102.4
2025-01-29,18,PT1H,MC-Ternium,4894.35,5102.4
2025-01-29,19,PT1H,MC-Ternium,4735.47,5102.4
2025-01-29,20,PT1H,MC-Ternium,2224.85,5102.4
2025-01-29,21,PT1H,MC-Ternium,4549.13,5102.4
2025-01-29,22,PT1H,MC-Ternium,5251.17,5102.4
2025-01-29,23,PT1H,MC-Ternium,3907.14,5102.4
2025-01-29,24,PT1H,MC-Ternium,4752.79,5102.4
2025-01-30,1,PT1H,MC-Ternium,4726.88,5247.0
2025-01-30,2,PT1H,MC-Ternium,4750.09,5247.0
2025-01-30,3,PT1H,MC-Ternium,5129.46,5247.0
2025-01-30,4,PT1H,MC-Ternium,5787.66,5247.0
2025-01-30,5,PT1H,MC-Ternium,2636.26,5247.0
2025-01-30,6,PT1H,MC-Ternium,1638.11,5247.0
2025-01-30,7,PT1H,MC-Ternium,1720.44,5247.0
2025-01-30,8,PT1H,MC-Ternium,2040.42,5247.0
2025-01-30,9,PT1H,MC-Ternium,2118.58,5247.0
2025-01-30,10,PT1H,MC-Ternium,2094.62,5247.0
2025-01-30,11,PT1H,MC-Ternium,2184.54,5247.0
2025-01-30,12,PT1H,MC-Ternium,2394.53,5247.0
2025-01-30,13,PT1H,MC-Ternium,2489.81,5247.0
2025-01-30,14,PT1H,MC-Ternium,2712.05,5247.0
2025-01-30,15,PT1H,MC-Ternium,4080.58,5247.0
2025-01-30,16,PT1H,MC-Ternium,4396.71,5247.0
2025-01-30,17,PT1H,MC-Ternium,3942.59,5247.0
2025-01-30,18,PT1H,MC-Ternium,4684.18,5247.0
2025-01-30,19,PT1H,MC-Ternium,4771.06,5247.0
2025-01-30,20,PT1H,MC-Ternium,4314.31,5247.0
2025-01-30,21,PT1H,MC-Ternium,3900.77,5247.0
2025-01-30,22,PT1H,MC-Ternium,3948.38,5247.0
2025-01-30,23,PT1H,MC-Ternium,3340.45,5247.0
2025-01-30,24,PT1H,MC-Ternium,3773.98,5248.0
2025-01-31,1,PT1H,MC-Ternium,3744.59,5247.0
2025-01-31,2,PT1H,MC-Ternium,3898.68,5247.0
2025-01-31,3,PT1H,MC-Ternium,4117.96,5247.0
2025-01-31,4,PT1H,MC-Ternium,4184.14,5247.0
2025-01-31,5,PT1H,MC-Ternium,3448.43,5247.0
2025-01-31,6,PT1H,MC-Ternium,3284.49,5247.0
2025-01-31,7,PT1H,MC-Ternium,3127.84,5247.0
2025-01-31,8,PT1H,MC-Ternium,2953.1,5247.0
2025-01-31,9,PT1H,MC-Ternium,4191.86,5247.0
2025-01-31,10,PT1H,MC-Ternium,2630.31,5247.0
2025-01-31,11,PT1H,MC-Ternium,1540.86,5247.0
2025-01-31,12,PT1H,MC-Ternium,1539.56,5247.0
2025-01-31,13,PT1H,MC-Ternium,1495.27,5247.0
2025-01-31,14,PT1H,MC-Ternium,1507.08,5247.0
2025-01-31,15,PT1H,MC-Ternium,1519.19,5247.0
2025-01-31,16,PT1H,MC-Ternium,1545.17,5247.0
2025-01-31,17,PT1H,MC-Ternium,1492.48,5247.0
2025-01-31,18,PT1H,MC-Ternium,1356.84,5247.0
2025-01-31,19,PT1H,MC-Ternium,1331.4,5247.0
2025-01-31,20,PT1H,MC-Ternium,1295.92,5247.0
2025-01-31,21,PT1H,MC-Ternium,1334.74,5247.0
2025-01-31,22,PT1H,MC-Ternium,1317.89,5247.0
2025-01-31,23,PT1H,MC-Ternium,1319.05,5247.0
2025-01-31,24,PT1H,MC-Ternium,1320.16,5246.0
2025-02-01,1,PT1H,MC-Ternium,1324.56,5365.0
2025-02-01,2,PT1H,MC-Ternium,1302.55,5365.0
2025-02-01,3,PT1H,MC-Ternium,1305.48,5365.0
2025-02-01,4,PT1H,MC-Ternium,1279.96,5365.0
2025-02-01,5,PT1H,MC-Ternium,1264.15,5365.0
2025-02-01,6,PT1H,MC-Ternium,1333.18,5365.0
2025-02-01,7,PT1H,MC-Ternium,1294.46,5365.0
2025-02-01,8,PT1H,MC-Ternium,1238.72,5365.0
2025-02-01,9,PT1H,MC-Ternium,1279.23,5365.0
2025-02-01,10,PT1H,MC-Ternium,1291.01,5365.0
2025-02-01,11,PT1H,MC-Ternium,1294.41,5365.0
2025-02-01,12,PT1H,MC-Ternium,1315.05,5365.0
2025-02-01,13,PT1H,MC-Ternium,1315.67,5365.0
2025-02-01,14,PT1H,MC-Ternium,1260.39,5365.0
2025-02-01,15,PT1H,MC-Ternium,1255.5,5365.0
2025-02-01,16,PT1H,MC-Ternium,1273.92,5365.0
2025-02-01,17,PT1H,MC-Ternium,1223.76,5365.0
2025-02-01,18,PT1H,MC-Ternium,1196.06,5365.0
2025-02-01,19,PT1H,MC-Ternium,1232.61,5365.0
2025-02-01,20,PT1H,MC-Ternium,1223.66,5365.0
2025-02-01,21,PT1H,MC-Ternium,1235.19,5365.0
2025-02-01,22,PT1H,MC-Ternium,1221.97,5365.0
2025-02-01,23,PT1H,MC-Ternium,1235.99,5365.0
2025-02-01,24,PT1H,MC-Ternium,1198.23,5365.0
2025-02-02,1,PT1H,MC-Ternium,1231.82,3956.7
2025-02-02,2,PT1H,MC-Ternium,1219.95,3956.7
2025-02-02,3,PT1H,MC-Ternium,1216.05,3956.7
2025-02-02,4,PT1H,MC-Ternium,1212.55,3956.7
2025-02-02,5,PT1H,MC-Ternium,1228.83,3956.7
2025-02-02,6,PT1H,MC-Ternium,1227.03,3956.7
2025-02-02,7,PT1H,MC-Ternium,1191.74,3956.7
2025-02-02,8,PT1H,MC-Ternium,1175.22,3956.7
2025-02-02,9,PT1H,MC-Ternium,1166.67,3956.7
2025-02-02,10,PT1H,MC-Ternium,931.38,3956.7
2025-02-02,11,PT1H,MC-Ternium,954.56,3956.7
2025-02-02,12,PT1H,MC-Ternium,958.52,3956.7
2025-02-02,13,PT1H,MC-Ternium,952.93,3956.7
2025-02-02,14,PT1H,MC-Ternium,957.73,3956.7
2025-02-02,15,PT1H,MC-Ternium,967.96,3956.7
2025-02-02,16,PT1H,MC-Ternium,955.6,3956.7
2025-02-02,17,PT1H,MC-Ternium,889.86,3956.7
2025-02-02,18,PT1H,MC-Ternium,880.86,3956.7
2025-02-02,19,PT1H,MC-Ternium,904.75,3956.7
2025-02-02,20,PT1H,MC-Ternium,925.79,3956.7
2025-02-02,21,PT1H,MC-Ternium,938.68,3956.7
2025-02-02,22,PT1H,MC-Ternium,932.74,3956.7
2025-02-02,23,PT1H,MC-Ternium,916.98,3956.7
2025-02-02,24,PT1H,MC-Ternium,934.73,3956.7
2025-02-03,1,PT1H,MC-Ternium,923.91,4135.0
2025-02-03,2,PT1H,MC-Ternium,912.38,4135.0
2025-02-03,3,PT1H,MC-Ternium,919.69,4135.0
2025-02-03,4,PT1H,MC-Ternium,903.29,4135.0
2025-02-03,5,PT1H,MC-Ternium,923.75,4135.0
2025-02-03,6,PT1H,MC-Ternium,923.17,4135.0
2025-02-03,7,PT1H,MC-Ternium,879.68,4135.0
2025-02-03,8,PT1H,MC-Ternium,892.16,4135.0
2025-02-03,9,PT1H,MC-Ternium,958.49,4135.0
2025-02-03,10,PT1H,MC-Ternium,1028.48,4135.0
2025-02-03,11,PT1H,MC-Ternium,1036.14,4135.0
2025-02-03,12,PT1H,MC-Ternium,1057.76,4135.0
2025-02-03,13,PT1H,MC-Ternium,1096.98,4135.0
2025-02-03,14,PT1H,MC-Ternium,1134.99,4135.0
2025-02-03,15,PT1H,MC-Ternium,1107.93,4135.0
2025-02-03,16,PT1H,MC-Ternium,1092.13,4135.0
2025-02-03,17,PT1H,MC-Ternium,1115.7,4135.0
2025-02-03,18,PT1H,MC-Ternium,1260.66,4135.0
2025-02-03,19,PT1H,MC-Ternium,1410.48,4135.0
2025-02-03,20,PT1H,MC-Ternium,1500.15,4135.0
2025-02-03,21,PT1H,MC-Ternium,1278.11,4135.0
2025-02-03,22,PT1H,MC-Ternium,1287.76,4135.0
2025-02-03,23,PT1H,MC-Ternium,1438.86,4135.0
2025-02-03,24,PT1H,MC-Ternium,1358.74,4135.0
2025-02-04,1,PT1H,MC-Ternium,1359.44,3125.0
2025-02-04,2,PT1H,MC-Ternium,1290.33,3125.0
2025-02-04,3,PT1H,MC-Ternium,1278.58,3125.0
2025-02-04,4,PT1H,MC-Ternium,1295.54,3125.0
2025-02-04,5,PT1H,MC-Ternium,1296.19,3125.0
2025-02-04,6,PT1H,MC-Ternium,1325.18,3125.0
2025-02-04,7,PT1H,MC-Ternium,1546.55,3125.0
2025-02-04,8,PT1H,MC-Ternium,1996.61,3125.0
2025-02-04,9,PT1H,MC-Ternium,2094.8,3125.0
2025-02-04,10,PT1H,MC-Ternium,2470.69,3125.0
2025-02-04,11,PT1H,MC-Ternium,2738.56,3125.0
2025-02-04,12,PT1H,MC-Ternium,4456.58,3125.0
2025-02-04,13,PT1H,MC-Ternium,5290.88,3125.0
2025-02-04,14,PT1H,MC-Ternium,6395.8,3125.0
2025-02-04,15,PT1H,MC-Ternium,6460.17,3125.0
2025-02-04,16,PT1H,MC-Ternium,6333.11,3125.0
2025-02-04,17,PT1H,MC-Ternium,6142.77,3125.0
2025-02-04,18,PT1H,MC-Ternium,4761.39,3125.0
2025-02-04,19,PT1H,MC-Ternium,6136.95,3125.0
2025-02-04,20,PT1H,MC-Ternium,6517.4,3125.0
2025-02-04,21,PT1H,MC-Ternium,5042.55,3125.0
2025-02-04,22,PT1H,MC-Ternium,5671.2,3125.0
2025-02-04,23,PT1H,MC-Ternium,6341.74,3125.0
2025-02-04,24,PT1H,MC-Ternium,6469.27,3125.0
2025-02-05,1,PT1H,MC-Ternium,5404.35,2346.0
2025-02-05,2,PT1H,MC-Ternium,5685.59,2346.0
2025-02-05,3,PT1H,MC-Ternium,5893.11,2346.0
2025-02-05,4,PT1H,MC-Ternium,6489.21,2346.0
2025-02-05,5,PT1H,MC-Ternium,6550.86,2346.0
2025-02-05,6,PT1H,MC-Ternium,5547.65,2346.0
2025-02-05,7,PT1H,MC-Ternium,5812.6,2346.0
2025-02-05,8,PT1H,MC-Ternium,6285.36,2346.0
2025-02-05,9,PT1H,MC-Ternium,6547.41,2346.0
2025-02-05,10,PT1H,MC-Ternium,6510.8,2346.0
2025-02-05,11,PT1H,MC-Ternium,6619.42,2346.0
2025-02-05,12,PT1H,MC-Ternium,6524.92,2346.0
2025-02-05,13,PT1H,MC-Ternium,6504.92,2346.0
2025-02-05,14,PT1H,MC-Ternium,4532.98,2346.0
2025-02-05,15,PT1H,MC-Ternium,6502.77,2346.0
2025-02-05,16,PT1H,MC-Ternium,4398.58,2346.0
2025-02-05,17,PT1H,MC-Ternium,6251.88,2346.0
2025-02-05,18,PT1H,MC-Ternium,6298.94,2346.0
2025-02-05,19,PT1H,MC-Ternium,6676.0,2346.0
2025-02-05,20,PT1H,MC-Ternium,6367.11,2346.0
2025-02-05,21,PT1H,MC-Ternium,2706.07,2346.0
2025-02-05,22,PT1H,MC-Ternium,2078.72,2346.0
2025-02-05,23,PT1H,MC-Ternium,5124.48,2346.0
2025-02-05,24,PT1H,MC-Ternium,6503.78,2346.0
2025-02-06,1,PT1H,MC-Ternium,5789.23,2107.8
2025-02-06,2,PT1H,MC-Ternium,6568.23,2107.8
2025-02-06,3,PT1H,MC-Ternium,4791.91,2107.8
2025-02-06,4,PT1H,MC-Ternium,6572.36,2107.8
2025-02-06,5,PT1H,MC-Ternium,5948.14,2107.8
2025-02-06,6,PT1H,MC-Ternium,6578.66,2107.8
2025-02-06,7,PT1H,MC-Ternium,6503.58,2107.8
2025-02-06,8,PT1H,MC-Ternium,5834.39,2107.8
2025-02-06,9,PT1H,MC-Ternium,6456.83,2107.8
2025-02-06,10,PT1H,MC-Ternium,6392.28,2107.8
2025-02-06,11,PT1H,MC-Ternium,6135.37,2107.8
2025-02-06,12,PT1H,MC-Ternium,6406.28,2107.8
2025-02-06,13,PT1H,MC-Ternium,6389.37,2107.8
2025-02-06,14,PT1H,MC-Ternium,6007.08,2107.8
2025-02-06,15,PT1H,MC-Ternium,2546.09,2107.8
2025-02-06,16,PT1H,MC-Ternium,2623.83,2107.8
2025-02-06,17,PT1H,MC-Ternium,1523.27,2107.8
2025-02-06,18,PT1H,MC-Ternium,1394.31,2107.8
2025-02-06,19,PT1H,MC-Ternium,1337.18,2107.8
2025-02-06,20,PT1H,MC-Ternium,1333.97,2107.8
2025-02-06,21,PT1H,MC-Ternium,1326.24,2107.8
2025-02-06,22,PT1H,MC-Ternium,1319.4,2107.8
2025-02-06,23,PT1H,MC-Ternium,1288.55,2107.8
2025-02-06,24,PT1H,MC-Ternium,1299.36,2107.8
2025-02-07,1,PT1H,MC-Ternium,1299.22,5675.0
2025-02-07,2,PT1H,MC-Ternium,1288.78,5675.0
2025-02-07,3,PT1H,MC-Ternium,1276.96,5675.0
2025-02-07,4,PT1H,MC-Ternium,1286.77,5675.0
2025-02-07,5,PT1H,MC-Ternium,1308.0,5675.0
2025-02-07,6,PT1H,MC-Ternium,1269.98,5675.0
2025-02-07,7,PT1H,MC-Ternium,1252.95,5675.0
2025-02-07,8,PT1H,MC-Ternium,1246.78,5675.0
2025-02-07,9,PT1H,MC-Ternium,1234.19,5675.0
2025-02-07,10,PT1H,MC-Ternium,1159.48,5675.0
2025-02-07,11,PT1H,MC-Ternium,1244.86,5675.0
2025-02-07,12,PT1H,MC-Ternium,1285.97,5675.0
2025-02-07,13,PT1H,MC-Ternium,1266.43,5675.0
2025-02-07,14,PT1H,MC-Ternium,1228.71,5675.0
2025-02-07,15,PT1H,MC-Ternium,1312.65,5675.0
2025-02-07,16,PT1H,MC-Ternium,1335.92,5675.0
2025-02-07,17,PT1H,MC-Ternium,1203.41,5675.0
2025-02-07,18,PT1H,MC-Ternium,1573.92,5675.0
2025-02-07,19,PT1H,MC-Ternium,2167.09,5675.0
2025-02-07,20,PT1H,MC-Ternium,1322.59,5675.0
2025-02-07,21,PT1H,MC-Ternium,1317.48,5675.0
2025-02-07,22,PT1H,MC-Ternium,1289.74,5675.0
2025-02-07,23,PT1H,MC-Ternium,1241.56,5675.0
2025-02-07,24,PT1H,MC-Ternium,1257.32,5675.0
2025-02-08,1,PT1H,MC-Ternium,1231.7,5742.0
2025-02-08,2,PT1H,MC-Ternium,1267.67,5742.0
2025-02-08,3,PT1H,MC-Ternium,1225.16,5742.0
2025-02-08,4,PT1H,MC-Ternium,1237.49,5742.0
2025-02-08,5,PT1H,MC-Ternium,1251.57,5742.0
2025-02-08,6,PT1H,MC-Ternium,1477.6,5742.0
2025-02-08,7,PT1H,MC-Ternium,2695.66,5742.0
2025-02-08,8,PT1H,MC-Ternium,5822.52,5742.0
2025-02-08,9,PT1H,MC-Ternium,6470.36,5742.0
2025-02-08,10,PT1H,MC-Ternium,5898.26,5742.0
2025-02-08,11,PT1H,MC-Ternium,6463.53,5742.0
2025-02-08,12,PT1H,MC-Ternium,6024.14,5742.0
2025-02-08,13,PT1H,MC-Ternium,6483.16,5742.0
2025-02-08,14,PT1H,MC-Ternium,6450.89,5742.0
2025-02-08,15,PT1H,MC-Ternium,5478.08,5742.0
2025-02-08,16,PT1H,MC-Ternium,6472.7,5742.0
2025-02-08,17,PT1H,MC-Ternium,6563.81,5742.0
2025-02-08,18,PT1H,MC-Ternium,6457.98,5742.0
2025-02-08,19,PT1H,MC-Ternium,6009.27,5742.0
2025-02-08,20,PT1H,MC-Ternium,6014.32,5742.0
2025-02-08,21,PT1H,MC-Ternium,6616.06,5742.0
2025-02-08,22,PT1H,MC-Ternium,6510.1,5742.0
2025-02-08,23,PT1H,MC-Ternium,6598.12,5742.0
2025-02-08,24,PT1H,MC-Ternium,6611.19,5742.0
2025-02-09,1,PT1H,MC-Ternium,6542.96,4872.5
2025-02-09,2,PT1H,MC-Ternium,6592.5,4872.5
2025-02-09,3,PT1H,MC-Ternium,5124.12,4872.5
2025-02-09,4,PT1H,MC-Ternium,5156.58,4872.5
2025-02-09,5,PT1H,MC-Ternium,6384.06,4872.5
2025-02-09,6,PT1H,MC-Ternium,5716.06,4872.5
2025-02-09,7,PT1H,MC-Ternium,6416.5,4872.5
2025-02-09,8,PT1H,MC-Ternium,6228.95,4872.5
2025-02-09,9,PT1H,MC-Ternium,4510.38,4872.5
2025-02-09,10,PT1H,MC-Ternium,6506.6,4872.5
2025-02-09,11,PT1H,MC-Ternium,6657.49,4872.5
2025-02-09,12,PT1H,MC-Ternium,6570.01,4872.5
2025-02-09,13,PT1H,MC-Ternium,6608.92,4872.5
2025-02-09,14,PT1H,MC-Ternium,6358.12,4872.5
2025-02-09,15,PT1H,MC-Ternium,6703.13,4872.5
2025-02-09,16,PT1H,MC-Ternium,5882.7,4872.5
2025-02-09,17,PT1H,MC-Ternium,6590.51,4872.5
2025-02-09,18,PT1H,MC-Ternium,6396.33,4872.5
2025-02-09,19,PT1H,MC-Ternium,6513.19,4872.5
2025-02-09,20,PT1H,MC-Ternium,5356.06,4872.5
2025-02-09,21,PT1H,MC-Ternium,6433.51,4872.5
2025-02-09,22,PT1H,MC-Ternium,6287.7,4872.5
2025-02-09,23,PT1H,MC-Ternium,6330.02,4872.5
2025-02-09,24,PT1H,MC-Ternium,6363.51,4873.0
2025-02-10,1,PT1H,MC-Ternium,4759.76,4166.7
2025-02-10,2,PT1H,MC-Ternium,6329.07,4166.7
2025-02-10,3,PT1H,MC-Ternium,6176.21,4166.7
2025-02-10,4,PT1H,MC-Ternium,4457.56,4166.7
2025-02-10,5,PT1H,MC-Ternium,5235.85,4166.7
2025-02-10,6,PT1H,MC-Ternium,6361.5,4166.7
2025-02-10,7,PT1H,MC-Ternium,5934.08,4166.7
2025-02-10,8,PT1H,MC-Ternium,5733.35,4166.7
2025-02-10,9,PT1H,MC-Ternium,4559.91,4166.7
2025-02-10,10,PT1H,MC-Ternium,6156.27,4166.7
2025-02-10,11,PT1H,MC-Ternium,6269.53,4166.7
2025-02-10,12,PT1H,MC-Ternium,6577.12,4166.7
2025-02-10,13,PT1H,MC-Ternium,6047.44,4166.7
2025-02-10,14,PT1H,MC-Ternium,5918.68,4166.7
2025-02-10,15,PT1H,MC-Ternium,5229.79,4166.7
2025-02-10,16,PT1H,MC-Ternium,4072.72,4166.7
2025-02-10,17,PT1H,MC-Ternium,5645.32,4166.7
2025-02-10,18,PT1H,MC-Ternium,6635.08,4166.7
2025-02-10,19,PT1H,MC-Ternium,6621.09,4166.7
2025-02-10,20,PT1H,MC-Ternium,6551.83,4166.7
2025-02-10,21,PT1H,MC-Ternium,6162.87,4166.7
2025-02-10,22,PT1H,MC-Ternium,6476.72,4166.7
2025-02-10,23,PT1H,MC-Ternium,6483.12,4166.7
2025-02-10,24,PT1H,MC-Ternium,6467.31,4200.0
2025-02-11,1,PT1H,MC-Ternium,6448.47,4886.0
2025-02-11,2,PT1H,MC-Ternium,6412.36,4886.0
2025-02-11,3,PT1H,MC-Ternium,6524.38,4886.0
2025-02-11,4,PT1H,MC-Ternium,6458.47,4886.0
2025-02-11,5,PT1H,MC-Ternium,6512.31,4886.0
2025-02-11,6,PT1H,MC-Ternium,5946.5,4886.0
2025-02-11,7,PT1H,MC-Ternium,5782.38,4886.0
2025-02-11,8,PT1H,MC-Ternium,6399.43,4886.0
2025-02-11,9,PT1H,MC-Ternium,6262.31,4886.0
2025-02-11,10,PT1H,MC-Ternium,5127.77,4886.0
2025-02-11,11,PT1H,MC-Ternium,6064.74,4886.0
2025-02-11,12,PT1H,MC-Ternium,6578.44,4886.0
2025-02-11,13,PT1H,MC-Ternium,6557.98,4886.0
2025-02-11,14,PT1H,MC-Ternium,6451.71,4886.0
2025-02-11,15,PT1H,MC-Ternium,5158.52,4886.0
2025-02-11,16,PT1H,MC-Ternium,6311.77,4886.0
2025-02-11,17,PT1H,MC-Ternium,6678.37,4886.0
2025-02-11,18,PT1H,MC-Ternium,6436.64,4886.0
2025-02-11,19,PT1H,MC-Ternium,5798.6,4886.0
2025-02-11,20,PT1H,MC-Ternium,6345.48,4886.0
2025-02-11,21,PT1H,MC-Ternium,5493.23,4886.0
2025-02-11,22,PT1H,MC-Ternium,5075.24,4886.0
2025-02-11,23,PT1H,MC-Ternium,6281.19,4886.0
2025-02-11,24,PT1H,MC-Ternium,5531.62,4886.0
2025-02-12,1,PT1H,MC-Ternium,6001.38,6178.0
2025-02-12,2,PT1H,MC-Ternium,6200.48,6178.0
2025-02-12,3,PT1H,MC-Ternium,4583.31,6178.0
2025-02-12,4,PT1H,MC-Ternium,6288.35,6178.0
2025-02-12,5,PT1H,MC-Ternium,6109.81,6178.0
2025-02-12,6,PT1H,MC-Ternium,5611.25,6178.0
2025-02-12,7,PT1H,MC-Ternium,6350.18,6178.0
2025-02-12,8,PT1H,MC-Ternium,6278.85,6178.0
2025-02-12,9,PT1H,MC-Ternium,3127.09,6178.0
2025-02-12,10,PT1H,MC-Ternium,1595.15,6178.0
2025-02-12,11,PT1H,MC-Ternium,2477.66,6178.0
2025-02-12,12,PT1H,MC-Ternium,3029.48,6178.0
2025-02-12,13,PT1H,MC-Ternium,3088.12,6178.0
2025-02-12,14,PT1H,MC-Ternium,3486.54,6178.0
2025-02-12,15,PT1H,MC-Ternium,4158.55,6178.0
2025-02-12,16,PT1H,MC-Ternium,5004.56,6178.0
2025-02-12,17,PT1H,MC-Ternium,4488.83,6178.0
2025-02-12,18,PT1H,MC-Ternium,4914.05,6178.0
2025-02-12,19,PT1H,MC-Ternium,5144.09,6178.0
2025-02-12,20,PT1H,MC-Ternium,5121.11,6178.0
2025-02-12,21,PT1H,MC-Ternium,4828.09,6178.0
2025-02-12,22,PT1H,MC-Ternium,3712.11,6178.0
2025-02-12,23,PT1H,MC-Ternium,2278.25,6178.0
2025-02-12,24,PT1H,MC-Ternium,3360.95,6178.0
2025-02-13,1,PT1H,MC-Ternium,3455.61,5869.0
2025-02-13,2,PT1H,MC-Ternium,4814.17,5869.0
2025-02-13,3,PT1H,MC-Ternium,4715.64,5869.0
2025-02-13,4,PT1H,MC-Ternium,5193.78,5869.0
2025-02-13,5,PT1H,MC-Ternium,5219.41,5869.0
2025-02-13,6,PT1H,MC-Ternium,5184.16,5869.0
2025-02-13,7,PT1H,MC-Ternium,4454.99,5869.0
2025-02-13,8,PT1H,MC-Ternium,3826.85,5869.0
2025-02-13,9,PT1H,MC-Ternium,4572.2,5869.0
2025-02-13,10,PT1H,MC-Ternium,4329.14,5869.0
2025-02-13,11,PT1H,MC-Ternium,4008.48,5869.0
2025-02-13,12,PT1H,MC-Ternium,4287.48,5869.0
2025-02-13,13,PT1H,MC-Ternium,3430.24,5869.0
2025-02-13,14,PT1H,MC-Ternium,3829.28,5869.0
2025-02-13,15,PT1H,MC-Ternium,2878.23,5869.0
2025-02-13,16,PT1H,MC-Ternium,2921.47,5869.0
2025-02-13,17,PT1H,MC-Ternium,3823.74,5869.0
2025-02-13,18,PT1H,MC-Ternium,4705.21,5869.0
2025-02-13,19,PT1H,MC-Ternium,4579.43,5869.0
2025-02-13,20,PT1H,MC-Ternium,1630.98,5869.0
2025-02-13,21,PT1H,MC-Ternium,1436.6,5869.0
2025-02-13,22,PT1H,MC-Ternium,1440.96,5869.0
2025-02-13,23,PT1H,MC-Ternium,1351.2,5869.0
2025-02-13,24,PT1H,MC-Ternium,1239.55,5869.0
2025-02-14,1,PT1H,MC-Ternium,1209.81,3869.0
2025-02-14,2,PT1H,MC-Ternium,1238.56,3869.0
2025-02-14,3,PT1H,MC-Ternium,1219.09,3869.0
2025-02-14,4,PT1H,MC-Ternium,1238.57,3869.0
2025-02-14,5,PT1H,MC-Ternium,1243.11,3869.0
2025-02-14,6,PT1H,MC-Ternium,1269.01,3869.0
2025-02-14,7,PT1H,MC-Ternium,1271.51,3869.0
2025-02-14,8,PT1H,MC-Ternium,1228.9,3869.0
2025-02-14,9,PT1H,MC-Ternium,1255.08,3869.0
2025-02-14,10,PT1H,MC-Ternium,1305.22,3869.0
2025-02-14,11,PT1H,MC-Ternium,1330.23,3869.0
2025-02-14,12,PT1H,MC-Ternium,1329.37,3869.0
2025-02-14,13,PT1H,MC-Ternium,1249.55,3869.0
2025-02-14,14,PT1H,MC-Ternium,1277.29,3869.0
2025-02-14,15,PT1H,MC-Ternium,1327.42,3869.0
2025-02-14,16,PT1H,MC-Ternium,1391.03,3869.0
2025-02-14,17,PT1H,MC-Ternium,1468.26,3869.0
2025-02-14,18,PT1H,MC-Ternium,1687.46,3869.0
2025-02-14,19,PT1H,MC-Ternium,2162.92,3869.0
2025-02-14,20,PT1H,MC-Ternium,1736.6,3869.0
2025-02-14,21,PT1H,MC-Ternium,1537.42,3869.0
2025-02-14,22,PT1H,MC-Ternium,1484.03,3869.0
2025-02-14,23,PT1H,MC-Ternium,1463.4,3869.0
2025-02-14,24,PT1H,MC-Ternium,1437.29,3869.0
2025-02-15,1,PT1H,MC-Ternium,1426.01,5125.0
2025-02-15,2,PT1H,MC-Ternium,1389.39,5125.0
2025-02-15,3,PT1H,MC-Ternium,1424.01,5125.0
2025-02-15,4,PT1H,MC-Ternium,1427.46,5125.0
2025-02-15,5,PT1H,MC-Ternium,1429.74,5125.0
2025-02-15,6,PT1H,MC-Ternium,2104.54,5125.0
2025-02-15,7,PT1H,MC-Ternium,2170.68,5125.0
2025-02-15,8,PT1H,MC-Ternium,3328.15,5125.0
2025-02-15,9,PT1H,MC-Ternium,6744.63,5125.0
2025-02-15,10,PT1H,MC-Ternium,7121.79,5125.0
2025-02-15,11,PT1H,MC-Ternium,4902.21,5125.0
2025-02-15,12,PT1H,MC-Ternium,5150.05,5125.0
2025-02-15,13,PT1H,MC-Ternium,6474.88,5125.0
2025-02-15,14,PT1H,MC-Ternium,7258.39,5125.0
2025-02-15,15,PT1H,MC-Ternium,7106.34,5125.0
2025-02-15,16,PT1H,MC-Ternium,6812.52,5125.0
2025-02-15,17,PT1H,MC-Ternium,5963.33,5125.0
2025-02-15,18,PT1H,MC-Ternium,6629.31,5125.0
2025-02-15,19,PT1H,MC-Ternium,6417.53,5125.0
2025-02-15,20,PT1H,MC-Ternium,5625.22,5125.0
2025-02-15,21,PT1H,MC-Ternium,6805.18,5125.0
2025-02-15,22,PT1H,MC-Ternium,4457.63,5125.0
2025-02-15,23,PT1H,MC-Ternium,7329.09,5125.0
2025-02-15,24,PT1H,MC-Ternium,7417.78,5125.0
2025-02-16,1,PT1H,MC-Ternium,5751.14,3680.0
2025-02-16,2,PT1H,MC-Ternium,6974.47,3680.0
2025-02-16,3,PT1H,MC-Ternium,7294.82,3680.0
2025-02-16,4,PT1H,MC-Ternium,7395.26,3680.0
2025-02-16,5,PT1H,MC-Ternium,7278.2,3680.0
2025-02-16,6,PT1H,MC-Ternium,6825.95,3680.0
2025-02-16,7,PT1H,MC-Ternium,5791.82,3680.0
2025-02-16,8,PT1H,MC-Ternium,4985.31,3680.0
2025-02-16,9,PT1H,MC-Ternium,7149.83,3680.0
2025-02-16,10,PT1H,MC-Ternium,6104.04,3680.0
2025-02-16,11,PT1H,MC-Ternium,6854.4,3680.0
2025-02-16,12,PT1H,MC-Ternium,5036.31,3680.0
2025-02-16,13,PT1H,MC-Ternium,7180.39,3680.0
2025-02-16,14,PT1H,MC-Ternium,5496.92,3680.0
2025-02-16,15,PT1H,MC-Ternium,4437.52,3680.0
2025-02-16,16,PT1H,MC-Ternium,4433.31,3680.0
2025-02-16,17,PT1H,MC-Ternium,6839.68,3680.0
2025-02-16,18,PT1H,MC-Ternium,7151.27,3680.0
2025-02-16,19,PT1H,MC-Ternium,7044.02,3680.0
2025-02-16,20,PT1H,MC-Ternium,5795.18,3680.0
2025-02-16,21,PT1H,MC-Ternium,6329.27,3680.0
2025-02-16,22,PT1H,MC-Ternium,4104.65,3680.0
2025-02-16,23,PT1H,MC-Ternium,5130.44,3680.0
2025-02-16,24,PT1H,MC-Ternium,6843.9,3680.0
2025-02-17,1,PT1H,MC-Ternium,5729.82,5876.0
2025-02-17,2,PT1H,MC-Ternium,7056.13,5876.0
2025-02-17,3,PT1H,MC-Ternium,7205.62,5876.0
2025-02-17,4,PT1H,MC-Ternium,7497.31,5876.0
2025-02-17,5,PT1H,MC-Ternium,7323.75,5876.0
2025-02-17,6,PT1H,MC-Ternium,7056.57,5876.0
2025-02-17,7,PT1H,MC-Ternium,7425.82,5876.0
2025-02-17,8,PT1H,MC-Ternium,7253.28,5876.0
2025-02-17,9,PT1H,MC-Ternium,5769.13,5876.0
2025-02-17,10,PT1H,MC-Ternium,6648.57,5876.0
2025-02-17,11,PT1H,MC-Ternium,6931.71,5876.0
2025-02-17,12,PT1H,MC-Ternium,7115.6,5876.0
2025-02-17,13,PT1H,MC-Ternium,6872.76,5876.0
2025-02-17,14,PT1H,MC-Ternium,6889.29,5876.0
2025-02-17,15,PT1H,MC-Ternium,6549.44,5876.0
2025-02-17,16,PT1H,MC-Ternium,7441.71,5876.0
2025-02-17,17,PT1H,MC-Ternium,5155.12,5876.0
2025-02-17,18,PT1H,MC-Ternium,6605.65,5876.0
2025-02-17,19,PT1H,MC-Ternium,7432.45,5876.0
2025-02-17,20,PT1H,MC-Ternium,7471.78,5876.0
2025-02-17,21,PT1H,MC-Ternium,7358.96,5876.0
2025-02-17,22,PT1H,MC-Ternium,6692.68,5876.0
2025-02-17,23,PT1H,MC-Ternium,6166.3,5876.0
2025-02-17,24,PT1H,MC-Ternium,5528.76,5876.0
2025-02-18,1,PT1H,MC-Ternium,7396.78,5876.0
2025-02-18,2,PT1H,MC-Ternium,7380.22,5876.0
2025-02-18,3,PT1H,MC-Ternium,7286.01,5876.0
2025-02-18,4,PT1H,MC-Ternium,7253.67,5876.0
2025-02-18,5,PT1H,MC-Ternium,7227.84,5876.0
2025-02-18,6,PT1H,MC-Ternium,6370.08,5876.0
2025-02-18,7,PT1H,MC-Ternium,7275.64,5876.0
2025-02-18,8,PT1H,MC-Ternium,7366.3,5876.0
2025-02-18,9,PT1H,MC-Ternium,7240.71,5876.0
2025-02-18,10,PT1H,MC-Ternium,2799.15,5876.0
2025-02-18,11,PT1H,MC-Ternium,5084.6,5876.0
2025-02-18,12,PT1H,MC-Ternium,7210.39,5876.0
2025-02-18,13,PT1H,MC-Ternium,7180.49,5876.0
2025-02-18,14,PT1H,MC-Ternium,6786.0,5876.0
2025-02-18,15,PT1H,MC-Ternium,7550.13,5876.0
2025-02-18,16,PT1H,MC-Ternium,7430.32,5876.0
2025-02-18,17,PT1H,MC-Ternium,7390.67,5876.0
2025-02-18,18,PT1H,MC-Ternium,7484.37,5876.0
2025-02-18,19,PT1H,MC-Ternium,7018.48,5876.0
2025-02-18,20,PT1H,MC-Ternium,6424.69,5876.0
2025-02-18,21,PT1H,MC-Ternium,6155.33,5876.0
2025-02-18,22,PT1H,MC-Ternium,6969.33,5876.0
2025-02-18,23,PT1H,MC-Ternium,7130.76,5876.0
2025-02-18,24,PT1H,MC-Ternium,7103.97,5876.0
2025-02-19,1,PT1H,MC-Ternium,7280.0,6176.0
2025-02-19,2,PT1H,MC-Ternium,7108.44,6176.0
2025-02-19,3,PT1H,MC-Ternium,7331.63,6176.0
2025-02-19,4,PT1H,MC-Ternium,7241.38,6176.0
2025-02-19,5,PT1H,MC-Ternium,4599.0,6176.0
2025-02-19,6,PT1H,MC-Ternium,6795.29,6176.0
2025-02-19,7,PT1H,MC-Ternium,7270.82,6176.0
2025-02-19,8,PT1H,MC-Ternium,7279.64,6176.0
2025-02-19,9,PT1H,MC-Ternium,6279.09,6176.0
2025-02-19,10,PT1H,MC-Ternium,1623.53,6176.0
2025-02-19,11,PT1H,MC-Ternium,2766.37,6176.0
2025-02-19,12,PT1H,MC-Ternium,6584.65,6176.0
2025-02-19,13,PT1H,MC-Ternium,5793.84,6176.0
2025-02-19,14,PT1H,MC-Ternium,5572.65,6176.0
2025-02-19,15,PT1H,MC-Ternium,5287.51,6176.0
2025-02-19,16,PT1H,MC-Ternium,6310.46,6176.0
2025-02-19,17,PT1H,MC-Ternium,6418.65,6176.0
2025-02-19,18,PT1H,MC-Ternium,6874.02,6176.0
2025-02-19,19,PT1H,MC-Ternium,7017.42,6176.0
2025-02-19,20,PT1H,MC-Ternium,7081.75,6176.0
2025-02-19,21,PT1H,MC-Ternium,6931.68,6176.0
2025-02-19,22,PT1H,MC-Ternium,5052.66,6176.0
2025-02-19,23,PT1H,MC-Ternium,6966.05,6176.0
2025-02-19,24,PT1H,MC-Ternium,7008.91,6176.0
2025-02-20,1,PT1H,MC-Ternium,7153.65,6799.0
2025-02-20,2,PT1H,MC-Ternium,6354.17,6799.0
2025-02-20,3,PT1H,MC-Ternium,7100.2,6799.0
2025-02-20,4,PT1H,MC-Ternium,7104.52,6799.0
2025-02-20,5,PT1H,MC-Ternium,6880.62,6799.0
2025-02-20,6,PT1H,MC-Ternium,6838.5,6799.0
2025-02-20,7,PT1H,MC-Ternium,6784.03,6799.0
2025-02-20,8,PT1H,MC-Ternium,6838.94,6799.0
2025-02-20,9,PT1H,MC-Ternium,5356.73,6799.0
2025-02-20,10,PT1H,MC-Ternium,4787.38,6799.0
2025-02-20,11,PT1H,MC-Ternium,5793.71,6799.0
2025-02-20,12,PT1H,MC-Ternium,4665.74,6799.0
2025-02-20,13,PT1H,MC-Ternium,4177.68,6799.0
2025-02-20,14,PT1H,MC-Ternium,4627.66,6799.0
2025-02-20,15,PT1H,MC-Ternium,6363.86,6799.0
2025-02-20,16,PT1H,MC-Ternium,4162.43,6799.0
2025-02-20,17,PT1H,MC-Ternium,2339.98,6799.0
2025-02-20,18,PT1H,MC-Ternium,1740.62,6799.0
2025-02-20,19,PT1H,MC-Ternium,2652.87,6799.0
2025-02-20,20,PT1H,MC-Ternium,1530.61,6799.0
2025-02-20,21,PT1H,MC-Ternium,1450.31,6799.0
2025-02-20,22,PT1H,MC-Ternium,1381.61,6799.0
2025-02-20,23,PT1H,MC-Ternium,1301.36,6799.0
2025-02-20,24,PT1H,MC-Ternium,1254.5,6799.0
2025-02-21,1,PT1H,MC-Ternium,1211.66,6854.0
2025-02-21,2,PT1H,MC-Ternium,1188.5,6854.0
2025-02-21,3,PT1H,MC-Ternium,1184.14,6854.0
2025-02-21,4,PT1H,MC-Ternium,1182.3,6854.0
2025-02-21,5,PT1H,MC-Ternium,1197.2,6854.0
2025-02-21,6,PT1H,MC-Ternium,1201.56,6854.0
2025-02-21,7,PT1H,MC-Ternium,1137.64,6854.0
2025-02-21,8,PT1H,MC-Ternium,1144.2,6854.0
2025-02-21,9,PT1H,MC-Ternium,1320.4,6854.0
2025-02-21,10,PT1H,MC-Ternium,1460.07,6854.0
2025-02-21,11,PT1H,MC-Ternium,1377.09,6854.0
2025-02-21,12,PT1H,MC-Ternium,1347.3,6854.0
2025-02-21,13,PT1H,MC-Ternium,1252.9,6854.0
2025-02-21,14,PT1H,MC-Ternium,1214.09,6854.0
2025-02-21,15,PT1H,MC-Ternium,1217.9,6854.0
2025-02-21,16,PT1H,MC-Ternium,1285.28,6854.0
2025-02-21,17,PT1H,MC-Ternium,1302.49,6854.0
2025-02-21,18,PT1H,MC-Ternium,1487.97,6854.0
2025-02-21,19,PT1H,MC-Ternium,1539.51,6854.0
2025-02-21,20,PT1H,MC-Ternium,1554.26,6854.0
2025-02-21,21,PT1H,MC-Ternium,1513.98,6854.0
2025-02-21,22,PT1H,MC-Ternium,1485.99,6854.0
2025-02-21,23,PT1H,MC-Ternium,1490.99,6854.0
2025-02-21,24,PT1H,MC-Ternium,1475.36,6854.0
2025-02-22,1,PT1H,MC-Ternium,1482.59,6186.0
2025-02-22,2,PT1H,MC-Ternium,1484.76,6186.0
2025-02-22,3,PT1H,MC-Ternium,1471.06,6186.0
2025-02-22,4,PT1H,MC-Ternium,1458.22,6186.0
2025-02-22,5,PT1H,MC-Ternium,1486.51,6186.0
2025-02-22,6,PT1H,MC-Ternium,1856.16,6186.0
2025-02-22,7,PT1H,MC-Ternium,2432.58,6186.0
2025-02-22,8,PT1H,MC-Ternium,3493.39,6186.0
2025-02-22,9,PT1H,MC-Ternium,5949.06,6186.0
2025-02-22,10,PT1H,MC-Ternium,4666.81,6186.0
2025-02-22,11,PT1H,MC-Ternium,3949.52,6186.0
2025-02-22,12,PT1H,MC-Ternium,5311.28,6186.0
2025-02-22,13,PT1H,MC-Ternium,5743.81,6186.0
2025-02-22,14,PT1H,MC-Ternium,5989.1,6186.0
2025-02-22,15,PT1H,MC-Ternium,5461.43,6186.0
2025-02-22,16,PT1H,MC-Ternium,6120.35,6186.0
2025-02-22,17,PT1H,MC-Ternium,6118.61,6186.0
2025-02-22,18,PT1H,MC-Ternium,6180.58,6186.0
2025-02-22,19,PT1H,MC-Ternium,5484.37,6186.0
2025-02-22,20,PT1H,MC-Ternium,6152.96,6186.0
2025-02-22,21,PT1H,MC-Ternium,6217.18,6186.0
2025-02-22,22,PT1H,MC-Ternium,3689.91,6186.0
2025-02-22,23,PT1H,MC-Ternium,3935.47,6186.0
2025-02-22,24,PT1H,MC-Ternium,6006.1,6186.0
2025-02-23,1,PT1H,MC-Ternium,6076.53,6872.0
2025-02-23,2,PT1H,MC-Ternium,6066.11,6872.0
2025-02-23,3,PT1H,MC-Ternium,6075.22,6872.0
2025-02-23,4,PT1H,MC-Ternium,6072.83,6872.0
2025-02-23,5,PT1H,MC-Ternium,6032.9,6872.0
2025-02-23,6,PT1H,MC-Ternium,6065.58,6872.0
2025-02-23,7,PT1H,MC-Ternium,6039.67,6872.0
2025-02-23,8,PT1H,MC-Ternium,5154.09,6872.0
2025-02-23,9,PT1H,MC-Ternium,3875.5,6872.0
2025-02-23,10,PT1H,MC-Ternium,6139.64,6872.0
2025-02-23,11,PT1H,MC-Ternium,6174.86,6872.0
2025-02-23,12,PT1H,MC-Ternium,6226.68,6872.0
2025-02-23,13,PT1H,MC-Ternium,5938.93,6872.0
2025-02-23,14,PT1H,MC-Ternium,5324.37,6872.0
2025-02-23,15,PT1H,MC-Ternium,6008.83,6872.0
2025-02-23,16,PT1H,MC-Ternium,1672.83,6872.0
2025-02-23,17,PT1H,MC-Ternium,2140.13,6872.0
2025-02-23,18,PT1H,MC-Ternium,5439.26,6872.0
2025-02-23,19,PT1H,MC-Ternium,5102.93,6872.0
2025-02-23,20,PT1H,MC-Ternium,6380.93,6872.0
2025-02-23,21,PT1H,MC-Ternium,6647.74,6872.0
2025-02-23,22,PT1H,MC-Ternium,6328.88,6872.0
2025-02-23,23,PT1H,MC-Ternium,5598.56,6872.0
2025-02-23,24,PT1H,MC-Ternium,6988.89,6872.0
2025-02-24,1,PT1H,MC-Ternium,7057.23,4557.0
2025-02-24,2,PT1H,MC-Ternium,7013.44,4557.0
2025-02-24,3,PT1H,MC-Ternium,5792.63,4557.0
2025-02-24,4,PT1H,MC-Ternium,4648.6,4557.0
2025-02-24,5,PT1H,MC-Ternium,6875.78,4557.0
2025-02-24,6,PT1H,MC-Ternium,4019.96,4557.0
2025-02-24,7,PT1H,MC-Ternium,6561.34,4557.0
2025-02-24,8,PT1H,MC-Ternium,6835.96,4557.0
2025-02-24,9,PT1H,MC-Ternium,4931.7,4557.0
2025-02-24,10,PT1H,MC-Ternium,6735.06,4557.0
2025-02-24,11,PT1H,MC-Ternium,6721.21,4557.0
2025-02-24,12,PT1H,MC-Ternium,6811.52,4557.0
2025-02-24,13,PT1H,MC-Ternium,6660.66,4557.0
2025-02-24,14,PT1H,MC-Ternium,4679.3,4557.0
2025-02-24,15,PT1H,MC-Ternium,5872.68,4557.0
2025-02-24,16,PT1H,MC-Ternium,6031.62,4557.0
2025-02-24,17,PT1H,MC-Ternium,4096.2,4557.0
2025-02-24,18,PT1H,MC-Ternium,5853.57,4557.0
2025-02-24,19,PT1H,MC-Ternium,6463.89,4557.0
2025-02-24,20,PT1H,MC-Ternium,6654.42,4557.0
2025-02-24,21,PT1H,MC-Ternium,6635.24,4557.0
2025-02-24,22,PT1H,MC-Ternium,6898.24,4557.0
2025-02-24,23,PT1H,MC-Ternium,5973.18,4557.0
2025-02-24,24,PT1H,MC-Ternium,6836.92,4557.0
2025-02-25,1,PT1H,MC-Ternium,5599.72,5287.0
2025-02-25,2,PT1H,MC-Ternium,6835.86,5287.0
2025-02-25,3,PT1H,MC-Ternium,6520.18,5287.0
2025-02-25,4,PT1H,MC-Ternium,6497.27,5287.0
2025-02-25,5,PT1H,MC-Ternium,6931.97,5287.0
2025-02-25,6,PT1H,MC-Ternium,6852.78,5287.0
2025-02-25,7,PT1H,MC-Ternium,6124.43,5287.0
2025-02-25,8,PT1H,MC-Ternium,6830.04,5287.0
2025-02-25,9,PT1H,MC-Ternium,6622.01,5287.0
2025-02-25,10,PT1H,MC-Ternium,6514.44,5287.0
2025-02-25,11,PT1H,MC-Ternium,6476.52,5287.0
2025-02-25,12,PT1H,MC-Ternium,6883.74,5287.0
2025-02-25,13,PT1H,MC-Ternium,6857.0,5287.0
2025-02-25,14,PT1H,MC-Ternium,6537.69,5287.0
2025-02-25,15,PT1H,MC-Ternium,6638.79,5287.0
2025-02-25,16,PT1H,MC-Ternium,3454.22,5287.0
2025-02-25,17,PT1H,MC-Ternium,6705.52,5287.0
2025-02-25,18,PT1H,MC-Ternium,5956.42,5287.0
2025-02-25,19,PT1H,MC-Ternium,5751.7,5287.0
2025-02-25,20,PT1H,MC-Ternium,5645.99,5287.0
2025-02-25,21,PT1H,MC-Ternium,6732.3,5287.0
2025-02-25,22,PT1H,MC-Ternium,5956.64,5287.0
2025-02-25,23,PT1H,MC-Ternium,6164.85,5287.0
2025-02-25,24,PT1H,MC-Ternium,6756.92,5287.0
2025-02-26,1,PT1H,MC-Ternium,5812.5,5655.0
2025-02-26,2,PT1H,MC-Ternium,5761.05,5655.0
2025-02-26,3,PT1H,MC-Ternium,6481.25,5655.0
2025-02-26,4,PT1H,MC-Ternium,6862.69,5655.0
2025-02-26,5,PT1H,MC-Ternium,6924.8,5655.0
2025-02-26,6,PT1H,MC-Ternium,6068.05,5655.0
2025-02-26,7,PT1H,MC-Ternium,6001.74,5655.0
2025-02-26,8,PT1H,MC-Ternium,6935.89,5655.0
2025-02-26,9,PT1H,MC-Ternium,5309.42,5655.0
2025-02-26,10,PT1H,MC-Ternium,6903.61,5655.0
2025-02-26,11,PT1H,MC-Ternium,6952.06,5655.0
2025-02-26,12,PT1H,MC-Ternium,4567.82,5655.0
2025-02-26,13,PT1H,MC-Ternium,6673.2,5655.0
2025-02-26,14,PT1H,MC-Ternium,6475.97,5655.0
2025-02-26,15,PT1H,MC-Ternium,4807.09,5655.0
2025-02-26,16,PT1H,MC-Ternium,1779.54,5655.0
2025-02-26,17,PT1H,MC-Ternium,1834.99,5655.0
2025-02-26,18,PT1H,MC-Ternium,2666.94,5655.0
2025-02-26,19,PT1H,MC-Ternium,3139.48,5655.0
2025-02-26,20,PT1H,MC-Ternium,3380.87,5655.0
2025-02-26,21,PT1H,MC-Ternium,4157.48,5655.0
2025-02-26,22,PT1H,MC-Ternium,4805.97,5655.0
2025-02-26,23,PT1H,MC-Ternium,5200.55,5655.0
2025-02-26,24,PT1H,MC-Ternium,4558.53,5655.0
2025-02-27,1,PT1H,MC-Ternium,3617.94,9653.0
2025-02-27,2,PT1H,MC-Ternium,3252.47,9653.0
2025-02-27,3,PT1H,MC-Ternium,4038.32,9653.0
2025-02-27,4,PT1H,MC-Ternium,5018.43,9653.0
2025-02-27,5,PT1H,MC-Ternium,6557.59,9653.0
2025-02-27,6,PT1H,MC-Ternium,6998.82,9653.0
2025-02-27,7,PT1H,MC-Ternium,5948.51,9653.0
2025-02-27,8,PT1H,MC-Ternium,3339.81,9653.0
2025-02-27,9,PT1H,MC-Ternium,3264.0,9653.0
2025-02-27,10,PT1H,MC-Ternium,2624.23,9653.0
2025-02-27,11,PT1H,MC-Ternium,5067.8,9653.0
2025-02-27,12,PT1H,MC-Ternium,5170.54,9653.0
2025-02-27,13,PT1H,MC-Ternium,4674.91,9653.0
2025-02-27,14,PT1H,MC-Ternium,5300.65,9653.0
2025-02-27,15,PT1H,MC-Ternium,4970.97,9653.0
2025-02-27,16,PT1H,MC-Ternium,4686.48,9653.0
2025-02-27,17,PT1H,MC-Ternium,5021.18,9653.0
2025-02-27,18,PT1H,MC-Ternium,5438.48,9653.0
2025-02-27,19,PT1H,MC-Ternium,5783.34,9653.0
2025-02-27,20,PT1H,MC-Ternium,3892.92,9653.0
2025-02-27,21,PT1H,MC-Ternium,1346.29,9653.0
2025-02-27,22,PT1H,MC-Ternium,1368.62,9653.0
2025-02-27,23,PT1H,MC-Ternium,1372.56,9653.0
2025-02-27,24,PT1H,MC-Ternium,1325.58,9653.0
2025-02-28,1,PT1H,MC-Ternium,1329.66,6326.0
2025-02-28,2,PT1H,MC-Ternium,1341.22,6326.0
2025-02-28,3,PT1H,MC-Ternium,1342.87,6326.0
2025-02-28,4,PT1H,MC-Ternium,1341.23,6326.0
2025-02-28,5,PT1H,MC-Ternium,1320.15,6326.0
2025-02-28,6,PT1H,MC-Ternium,1290.3,6326.0
2025-02-28,7,PT1H,MC-Ternium,676.73,6326.0
2025-02-28,8,PT1H,MC-Ternium,0.0,6326.0
2025-02-28,9,PT1H,MC-Ternium,0.0,6326.0
2025-02-28,10,PT1H,MC-Ternium,0.0,6326.0
2025-02-28,11,PT1H,MC-Ternium,0.0,6326.0
2025-02-28,12,PT1H,MC-Ternium,0.0,6326.0
2025-02-28,13,PT1H,MC-Ternium,0.0,6326.0
2025-02-28,14,PT1H,MC-Ternium,0.0,6326.0
2025-02-28,15,PT1H,MC-Ternium,0.0,6326.0
2025-02-28,16,PT1H,MC-Ternium,0.0,6326.0
2025-02-28,17,PT1H,MC-Ternium,0.0,6326.0
2025-02-28,18,PT1H,MC-Ternium,0.0,6326.0
2025-02-28,19,PT1H,MC-Ternium,0.0,6326.0
2025-02-28,20,PT1H,MC-Ternium,0.0,6326.0
2025-02-28,21,PT1H,MC-Ternium,0.0,6326.0
2025-02-28,22,PT1H,MC-Ternium,0.0,6326.0
2025-02-28,23,PT1H,MC-Ternium,0.0,6326.0
2025-02-28,24,PT1H,MC-Ternium,69.26,6326.0
2025-03-01,1,PT1H,MC-Ternium,365.25,6579.0
2025-03-01,2,PT1H,MC-Ternium,627.76,6579.0
2025-03-01,3,PT1H,MC-Ternium,1306.32,6579.0
2025-03-01,4,PT1H,MC-Ternium,1781.87,6579.0
2025-03-01,5,PT1H,MC-Ternium,1969.21,6579.0
2025-03-01,6,PT1H,MC-Ternium,1993.33,6579.0
2025-03-01,7,PT1H,MC-Ternium,2108.42,6579.0
2025-03-01,8,PT1H,MC-Ternium,2168.19,6579.0
2025-03-01,9,PT1H,MC-Ternium,3103.0,6579.0
2025-03-01,10,PT1H,MC-Ternium,4324.8,6579.0
2025-03-01,11,PT1H,MC-Ternium,4827.93,6579.0
2025-03-01,12,PT1H,MC-Ternium,5026.46,6579.0
2025-03-01,13,PT1H,MC-Ternium,4018.09,6579.0
2025-03-01,14,PT1H,MC-Ternium,4554.76,6579.0
2025-03-01,15,PT1H,MC-Ternium,5401.51,6579.0
2025-03-01,16,PT1H,MC-Ternium,5522.82,6579.0
2025-03-01,17,PT1H,MC-Ternium,6067.18,6579.0
2025-03-01,18,PT1H,MC-Ternium,5806.53,6579.0
2025-03-01,19,PT1H,MC-Ternium,5073.77,6579.0
2025-03-01,20,PT1H,MC-Ternium,4834.26,6579.0
2025-03-01,21,PT1H,MC-Ternium,3143.48,6579.0
2025-03-01,22,PT1H,MC-Ternium,4691.29,6579.0
2025-03-01,23,PT1H,MC-Ternium,5901.62,6579.0
2025-03-01,24,PT1H,MC-Ternium,4968.78,6400.0
2025-03-02,1,PT1H,MC-Ternium,4514.57,4155.0
2025-03-02,2,PT1H,MC-Ternium,5870.92,4155.0
2025-03-02,3,PT1H,MC-Ternium,5750.76,4155.0
2025-03-02,4,PT1H,MC-Ternium,5166.1,4155.0
2025-03-02,5,PT1H,MC-Ternium,5529.07,4155.0
2025-03-02,6,PT1H,MC-Ternium,5804.87,4155.0
2025-03-02,7,PT1H,MC-Ternium,5550.26,4155.0
2025-03-02,8,PT1H,MC-Ternium,5969.24,4155.0
2025-03-02,9,PT1H,MC-Ternium,6015.56,4155.0
2025-03-02,10,PT1H,MC-Ternium,5814.92,4155.0
2025-03-02,11,PT1H,MC-Ternium,6462.63,4155.0
2025-03-02,12,PT1H,MC-Ternium,6516.89,4155.0
2025-03-02,13,PT1H,MC-Ternium,6636.84,4155.0
2025-03-02,14,PT1H,MC-Ternium,6536.18,4155.0
2025-03-02,15,PT1H,MC-Ternium,6435.51,4155.0
2025-03-02,16,PT1H,MC-Ternium,6480.05,4155.0
2025-03-02,17,PT1H,MC-Ternium,6215.52,4155.0
2025-03-02,18,PT1H,MC-Ternium,6621.5,4155.0
2025-03-02,19,PT1H,MC-Ternium,6287.0,4155.0
2025-03-02,20,PT1H,MC-Ternium,5794.99,4155.0
2025-03-02,21,PT1H,MC-Ternium,3518.22,4155.0
2025-03-02,22,PT1H,MC-Ternium,3603.81,4155.0
2025-03-02,23,PT1H,MC-Ternium,5881.75,4155.0
2025-03-02,24,PT1H,MC-Ternium,5263.66,4155.0
2025-03-03,1,PT1H,MC-Ternium,4609.03,4155.0
2025-03-03,2,PT1H,MC-Ternium,6190.05,4155.0
2025-03-03,3,PT1H,MC-Ternium,5125.71,4155.0
2025-03-03,4,PT1H,MC-Ternium,5436.76,4155.0
2025-03-03,5,PT1H,MC-Ternium,5568.26,4155.0
2025-03-03,6,PT1H,MC-Ternium,5033.27,4155.0
2025-03-03,7,PT1H,MC-Ternium,2236.41,4155.0
2025-03-03,8,PT1H,MC-Ternium,1492.0,4155.0
2025-03-03,9,PT1H,MC-Ternium,1502.7,4155.0
2025-03-03,10,PT1H,MC-Ternium,1470.66,4155.0
2025-03-03,11,PT1H,MC-Ternium,1496.11,4155.0
2025-03-03,12,PT1H,MC-Ternium,1483.26,4155.0
2025-03-03,13,PT1H,MC-Ternium,1371.66,4155.0
2025-03-03,14,PT1H,MC-Ternium,1350.89,4155.0
2025-03-03,15,PT1H,MC-Ternium,1281.01,4155.0
2025-03-03,16,PT1H,MC-Ternium,1272.76,4155.0
2025-03-03,17,PT1H,MC-Ternium,1257.39,4155.0
2025-03-03,18,PT1H,MC-Ternium,1248.13,4155.0
2025-03-03,19,PT1H,MC-Ternium,1259.51,4155.0
2025-03-03,20,PT1H,MC-Ternium,1274.19,4155.0
2025-03-03,21,PT1H,MC-Ternium,1261.89,4155.0
2025-03-03,22,PT1H,MC-Ternium,1273.23,4155.0
2025-03-03,23,PT1H,MC-Ternium,1268.44,4155.0
2025-03-03,24,PT1H,MC-Ternium,1261.44,4155.0
2025-03-04,1,PT1H,MC-Ternium,1245.88,5116.0
2025-03-04,2,PT1H,MC-Ternium,1255.14,5116.0
2025-03-04,3,PT1H,MC-Ternium,1253.24,5116.0
2025-03-04,4,PT1H,MC-Ternium,1253.62,5116.0
2025-03-04,5,PT1H,MC-Ternium,1239.34,5116.0
2025-03-04,6,PT1H,MC-Ternium,1261.73,5116.0
2025-03-04,7,PT1H,MC-Ternium,1226.76,5116.0
2025-03-04,8,PT1H,MC-Ternium,1237.39,5116.0
2025-03-04,9,PT1H,MC-Ternium,1269.87,5116.0
2025-03-04,10,PT1H,MC-Ternium,1259.04,5116.0
2025-03-04,11,PT1H,MC-Ternium,1304.08,5116.0
2025-03-04,12,PT1H,MC-Ternium,1272.04,5116.0
2025-03-04,13,PT1H,MC-Ternium,1279.69,5116.0
2025-03-04,14,PT1H,MC-Ternium,1295.36,5116.0
2025-03-04,15,PT1H,MC-Ternium,1301.58,5116.0
2025-03-04,16,PT1H,MC-Ternium,1362.32,5116.0
2025-03-04,17,PT1H,MC-Ternium,1860.36,5116.0
2025-03-04,18,PT1H,MC-Ternium,1576.72,5116.0
2025-03-04,19,PT1H,MC-Ternium,1663.06,5116.0
2025-03-04,20,PT1H,MC-Ternium,4773.42,5116.0
2025-03-04,21,PT1H,MC-Ternium,5290.64,5116.0
2025-03-04,22,PT1H,MC-Ternium,2421.06,5116.0
2025-03-04,23,PT1H,MC-Ternium,4617.95,5116.0
2025-03-04,24,PT1H,MC-Ternium,2949.64,5116.0
2025-03-05,1,PT1H,MC-Ternium,5187.5,5760.0
2025-03-05,2,PT1H,MC-Ternium,4707.66,5760.0
2025-03-05,3,PT1H,MC-Ternium,6223.92,5760.0
2025-03-05,4,PT1H,MC-Ternium,6439.8,5760.0
2025-03-05,5,PT1H,MC-Ternium,6139.81,5760.0
2025-03-05,6,PT1H,MC-Ternium,6512.61,5760.0
2025-03-05,7,PT1H,MC-Ternium,5448.2,5760.0
2025-03-05,8,PT1H,MC-Ternium,5215.11,5760.0
2025-03-05,9,PT1H,MC-Ternium,5192.58,5760.0
2025-03-05,10,PT1H,MC-Ternium,5182.98,5760.0
2025-03-05,11,PT1H,MC-Ternium,5169.61,5760.0
2025-03-05,12,PT1H,MC-Ternium,5358.34,5760.0
2025-03-05,13,PT1H,MC-Ternium,5257.48,5760.0
2025-03-05,14,PT1H,MC-Ternium,5521.56,5760.0
2025-03-05,15,PT1H,MC-Ternium,5070.53,5760.0
2025-03-05,16,PT1H,MC-Ternium,3965.27,5760.0
2025-03-05,17,PT1H,MC-Ternium,5021.16,5760.0
2025-03-05,18,PT1H,MC-Ternium,5589.78,5760.0
2025-03-05,19,PT1H,MC-Ternium,5195.94,5760.0
2025-03-05,20,PT1H,MC-Ternium,4967.1,5760.0
2025-03-05,21,PT1H,MC-Ternium,5759.1,5760.0
2025-03-05,22,PT1H,MC-Ternium,4988.8,5760.0
2025-03-05,23,PT1H,MC-Ternium,5999.36,5760.0
2025-03-05,24,PT1H,MC-Ternium,4902.33,5760.0
2025-03-06,1,PT1H,MC-Ternium,3963.78,4416.6
2025-03-06,2,PT1H,MC-Ternium,5464.11,4416.6
2025-03-06,3,PT1H,MC-Ternium,5583.5,4416.6
2025-03-06,4,PT1H,MC-Ternium,5127.37,4416.6
2025-03-06,5,PT1H,MC-Ternium,5016.56,4416.6
2025-03-06,6,PT1H,MC-Ternium,5088.26,4416.6
2025-03-06,7,PT1H,MC-Ternium,5033.18,4416.6
2025-03-06,8,PT1H,MC-Ternium,5058.54,4416.6
2025-03-06,9,PT1H,MC-Ternium,5602.68,4416.6
2025-03-06,10,PT1H,MC-Ternium,4706.48,4416.6
2025-03-06,11,PT1H,MC-Ternium,1909.65,4416.6
2025-03-06,12,PT1H,MC-Ternium,3919.3,4416.6
2025-03-06,13,PT1H,MC-Ternium,4791.66,4416.6
2025-03-06,14,PT1H,MC-Ternium,3103.7,4416.6
2025-03-06,15,PT1H,MC-Ternium,5135.58,4416.6
2025-03-06,16,PT1H,MC-Ternium,6437.17,4416.6
2025-03-06,17,PT1H,MC-Ternium,5608.52,4416.6
2025-03-06,18,PT1H,MC-Ternium,5369.15,4416.6
2025-03-06,19,PT1H,MC-Ternium,5635.62,4416.6
2025-03-06,20,PT1H,MC-Ternium,6305.3,4416.6
2025-03-06,21,PT1H,MC-Ternium,5660.82,4416.6
2025-03-06,22,PT1H,MC-Ternium,5565.98,4416.6
2025-03-06,23,PT1H,MC-Ternium,6142.41,4416.6
2025-03-06,24,PT1H,MC-Ternium,6253.35,4416.6
2025-03-07,1,PT1H,MC-Ternium,6277.76,3122.4
2025-03-07,2,PT1H,MC-Ternium,6336.2,3122.4
2025-03-07,3,PT1H,MC-Ternium,5688.42,3122.4
2025-03-07,4,PT1H,MC-Ternium,5134.17,3122.4
2025-03-07,5,PT1H,MC-Ternium,6470.38,3122.4
2025-03-07,6,PT1H,MC-Ternium,5379.39,3122.4
2025-03-07,7,PT1H,MC-Ternium,6435.56,3122.4
2025-03-07,8,PT1H,MC-Ternium,5862.13,3122.4
2025-03-07,9,PT1H,MC-Ternium,6492.55,3122.4
2025-03-07,10,PT1H,MC-Ternium,5962.97,3122.4
2025-03-07,11,PT1H,MC-Ternium,5563.01,3122.4
2025-03-07,12,PT1H,MC-Ternium,5441.87,3122.4
2025-03-07,13,PT1H,MC-Ternium,5501.27,3122.4
2025-03-07,14,PT1H,MC-Ternium,2177.01,3122.4
2025-03-07,15,PT1H,MC-Ternium,4257.52,3122.4
2025-03-07,16,PT1H,MC-Ternium,5265.1,3122.4
2025-03-07,17,PT1H,MC-Ternium,5518.88,3122.4
2025-03-07,18,PT1H,MC-Ternium,6136.85,3122.4
2025-03-07,19,PT1H,MC-Ternium,5190.67,3122.4
2025-03-07,20,PT1H,MC-Ternium,6844.0,3122.4
2025-03-07,21,PT1H,MC-Ternium,7003.96,3122.4
2025-03-07,22,PT1H,MC-Ternium,6879.44,3122.4
2025-03-07,23,PT1H,MC-Ternium,6957.22,3122.4
2025-03-07,24,PT1H,MC-Ternium,7112.52,3122.4
2025-03-08,1,PT1H,MC-Ternium,6982.66,5375.0
2025-03-08,2,PT1H,MC-Ternium,7011.21,5375.0
2025-03-08,3,PT1H,MC-Ternium,6901.37,5375.0
2025-03-08,4,PT1H,MC-Ternium,6950.11,5375.0
2025-03-08,5,PT1H,MC-Ternium,4860.33,5375.0
2025-03-08,6,PT1H,MC-Ternium,6914.23,5375.0
2025-03-08,7,PT1H,MC-Ternium,6933.73,5375.0
2025-03-08,8,PT1H,MC-Ternium,7068.63,5375.0
2025-03-08,9,PT1H,MC-Ternium,7202.11,5375.0
2025-03-08,10,PT1H,MC-Ternium,7045.96,5375.0
2025-03-08,11,PT1H,MC-Ternium,7065.26,5375.0
2025-03-08,12,PT1H,MC-Ternium,5685.79,5375.0
2025-03-08,13,PT1H,MC-Ternium,6772.66,5375.0
2025-03-08,14,PT1H,MC-Ternium,5963.98,5375.0
2025-03-08,15,PT1H,MC-Ternium,3802.53,5375.0
2025-03-08,16,PT1H,MC-Ternium,3356.5,5375.0
2025-03-08,17,PT1H,MC-Ternium,7054.85,5375.0
2025-03-08,18,PT1H,MC-Ternium,7120.2,5375.0
2025-03-08,19,PT1H,MC-Ternium,7091.31,5375.0
2025-03-08,20,PT1H,MC-Ternium,7153.02,5375.0
2025-03-08,21,PT1H,MC-Ternium,7124.75,5375.0
2025-03-08,22,PT1H,MC-Ternium,7096.5,5375.0
2025-03-08,23,PT1H,MC-Ternium,7141.94,5375.0
2025-03-08,24,PT1H,MC-Ternium,7088.06,5375.0
2025-03-09,1,PT1H,MC-Ternium,7030.31,5125.0
2025-03-09,2,PT1H,MC-Ternium,6545.04,5125.0
2025-03-09,3,PT1H,MC-Ternium,6930.82,5125.0
2025-03-09,4,PT1H,MC-Ternium,6905.17,5125.0
2025-03-09,5,PT1H,MC-Ternium,6895.06,5125.0
2025-03-09,6,PT1H,MC-Ternium,6754.17,5125.0
2025-03-09,7,PT1H,MC-Ternium,5476.38,5125.0
2025-03-09,8,PT1H,MC-Ternium,6416.55,5125.0
2025-03-09,9,PT1H,MC-Ternium,6926.33,5125.0
2025-03-09,10,PT1H,MC-Ternium,6948.04,5125.0
2025-03-09,11,PT1H,MC-Ternium,6121.01,5125.0
2025-03-09,12,PT1H,MC-Ternium,6672.11,5125.0
2025-03-09,13,PT1H,MC-Ternium,7146.55,5125.0
2025-03-09,14,PT1H,MC-Ternium,6808.5,5125.0
2025-03-09,15,PT1H,MC-Ternium,7211.51,5125.0
2025-03-09,16,PT1H,MC-Ternium,7208.19,5125.0
2025-03-09,17,PT1H,MC-Ternium,7218.21,5125.0
2025-03-09,18,PT1H,MC-Ternium,7170.22,5125.0
2025-03-09,19,PT1H,MC-Ternium,7217.92,5125.0
2025-03-09,20,PT1H,MC-Ternium,7305.42,5125.0
2025-03-09,21,PT1H,MC-Ternium,7261.28,5125.0
2025-03-09,22,PT1H,MC-Ternium,6767.3,5125.0
2025-03-09,23,PT1H,MC-Ternium,5525.99,5125.0
2025-03-09,24,PT1H,MC-Ternium,5694.85,5125.0
2025-03-10,1,PT1H,MC-Ternium,7012.88,5130.0
2025-03-10,2,PT1H,MC-Ternium,7080.07,5130.0
2025-03-10,3,PT1H,MC-Ternium,5845.31,5130.0
2025-03-10,4,PT1H,MC-Ternium,6494.76,5130.0
2025-03-10,5,PT1H,MC-Ternium,7074.83,5130.0
2025-03-10,6,PT1H,MC-Ternium,3824.08,5130.0
2025-03-10,7,PT1H,MC-Ternium,5599.86,5130.0
2025-03-10,8,PT1H,MC-Ternium,6843.57,5130.0
2025-03-10,9,PT1H,MC-Ternium,3779.08,5130.0
2025-03-10,10,PT1H,MC-Ternium,2902.87,5130.0
2025-03-10,11,PT1H,MC-Ternium,6563.08,5130.0
2025-03-10,12,PT1H,MC-Ternium,7138.01,5130.0
2025-03-10,13,PT1H,MC-Ternium,7164.67,5130.0
2025-03-10,14,PT1H,MC-Ternium,7245.01,5130.0
2025-03-10,15,PT1H,MC-Ternium,7205.65,5130.0
2025-03-10,16,PT1H,MC-Ternium,7157.12,5130.0
2025-03-10,17,PT1H,MC-Ternium,6778.54,5130.0
2025-03-10,18,PT1H,MC-Ternium,2983.39,5130.0
2025-03-10,19,PT1H,MC-Ternium,3367.94,5130.0
2025-03-10,20,PT1H,MC-Ternium,1322.0,5130.0
2025-03-10,21,PT1H,MC-Ternium,1404.87,5130.0
2025-03-10,22,PT1H,MC-Ternium,1298.56,5130.0
2025-03-10,23,PT1H,MC-Ternium,1338.89,5130.0
2025-03-10,24,PT1H,MC-Ternium,1385.48,5130.0
2025-03-11,1,PT1H,MC-Ternium,1408.03,4778.5
2025-03-11,2,PT1H,MC-Ternium,1426.86,4778.5
2025-03-11,3,PT1H,MC-Ternium,1376.12,4778.5
2025-03-11,4,PT1H,MC-Ternium,1361.78,4778.5
2025-03-11,5,PT1H,MC-Ternium,1385.38,4778.5
2025-03-11,6,PT1H,MC-Ternium,1350.38,4778.5
2025-03-11,7,PT1H,MC-Ternium,1341.18,4778.5
2025-03-11,8,PT1H,MC-Ternium,1319.5,4778.5
2025-03-11,9,PT1H,MC-Ternium,1301.01,4778.5
2025-03-11,10,PT1H,MC-Ternium,1329.9,4778.5
2025-03-11,11,PT1H,MC-Ternium,1347.48,4778.5
2025-03-11,12,PT1H,MC-Ternium,1363.04,4778.5
2025-03-11,13,PT1H,MC-Ternium,1323.52,4778.5
2025-03-11,14,PT1H,MC-Ternium,1349.35,4778.5
2025-03-11,15,PT1H,MC-Ternium,1369.86,4778.5
2025-03-11,16,PT1H,MC-Ternium,1407.46,4778.5
2025-03-11,17,PT1H,MC-Ternium,1450.59,4778.5
2025-03-11,18,PT1H,MC-Ternium,1442.7,4778.5
2025-03-11,19,PT1H,MC-Ternium,1384.14,4778.5
2025-03-11,20,PT1H,MC-Ternium,1337.26,4778.5
2025-03-11,21,PT1H,MC-Ternium,1493.62,4778.5
2025-03-11,22,PT1H,MC-Ternium,1344.02,4778.5
2025-03-11,23,PT1H,MC-Ternium,1357.84,4778.5
2025-03-11,24,PT1H,MC-Ternium,1349.99,4778.5
2025-03-12,1,PT1H,MC-Ternium,1336.44,6856.0
2025-03-12,2,PT1H,MC-Ternium,1354.08,6856.0
2025-03-12,3,PT1H,MC-Ternium,1333.67,6856.0
2025-03-12,4,PT1H,MC-Ternium,1339.64,6856.0
2025-03-12,5,PT1H,MC-Ternium,1341.81,6856.0
2025-03-12,6,PT1H,MC-Ternium,1817.35,6856.0
2025-03-12,7,PT1H,MC-Ternium,2149.27,6856.0
2025-03-12,8,PT1H,MC-Ternium,3108.73,6856.0
2025-03-12,9,PT1H,MC-Ternium,5114.15,6856.0
2025-03-12,10,PT1H,MC-Ternium,6820.64,6856.0
2025-03-12,11,PT1H,MC-Ternium,6286.77,6856.0
2025-03-12,12,PT1H,MC-Ternium,7192.68,6856.0
2025-03-12,13,PT1H,MC-Ternium,7174.79,6856.0
2025-03-12,14,PT1H,MC-Ternium,7376.48,6856.0
2025-03-12,15,PT1H,MC-Ternium,7448.75,6856.0
2025-03-12,16,PT1H,MC-Ternium,7472.9,6856.0
2025-03-12,17,PT1H,MC-Ternium,6427.28,6856.0
2025-03-12,18,PT1H,MC-Ternium,7213.79,6856.0
2025-03-12,19,PT1H,MC-Ternium,7439.27,6856.0
2025-03-12,20,PT1H,MC-Ternium,5965.3,6856.0
2025-03-12,21,PT1H,MC-Ternium,5902.89,6856.0
2025-03-12,22,PT1H,MC-Ternium,7115.53,6856.0
2025-03-12,23,PT1H,MC-Ternium,7213.67,6856.0
2025-03-12,24,PT1H,MC-Ternium,7016.46,6856.0
2025-03-13,1,PT1H,MC-Ternium,6432.85,4950.0
2025-03-13,2,PT1H,MC-Ternium,4877.36,4950.0
2025-03-13,3,PT1H,MC-Ternium,7160.98,4950.0
2025-03-13,4,PT1H,MC-Ternium,5684.77,4950.0
2025-03-13,5,PT1H,MC-Ternium,7352.1,4950.0
2025-03-13,6,PT1H,MC-Ternium,7341.81,4950.0
2025-03-13,7,PT1H,MC-Ternium,7306.24,4950.0
2025-03-13,8,PT1H,MC-Ternium,7318.16,4950.0
2025-03-13,9,PT1H,MC-Ternium,7479.59,4950.0
2025-03-13,10,PT1H,MC-Ternium,7013.51,4950.0
2025-03-13,11,PT1H,MC-Ternium,7432.01,4950.0
2025-03-13,12,PT1H,MC-Ternium,4862.11,4950.0
2025-03-13,13,PT1H,MC-Ternium,6503.83,4950.0
2025-03-13,14,PT1H,MC-Ternium,6994.01,4950.0
2025-03-13,15,PT1H,MC-Ternium,7337.69,4950.0
2025-03-13,16,PT1H,MC-Ternium,7263.92,4950.0
2025-03-13,17,PT1H,MC-Ternium,6185.41,4950.0
2025-03-13,18,PT1H,MC-Ternium,2290.26,4950.0
2025-03-13,19,PT1H,MC-Ternium,5842.6,4950.0
2025-03-13,20,PT1H,MC-Ternium,6916.58,4950.0
2025-03-13,21,PT1H,MC-Ternium,6980.98,4950.0
2025-03-13,22,PT1H,MC-Ternium,5498.25,4950.0
2025-03-13,23,PT1H,MC-Ternium,6984.97,4950.0
2025-03-13,24,PT1H,MC-Ternium,7071.95,4950.0
2025-03-14,1,PT1H,MC-Ternium,7128.8,6856.0
2025-03-14,2,PT1H,MC-Ternium,5200.29,6856.0
2025-03-14,3,PT1H,MC-Ternium,6400.12,6856.0
2025-03-14,4,PT1H,MC-Ternium,7072.86,6856.0
2025-03-14,5,PT1H,MC-Ternium,7147.36,6856.0
2025-03-14,6,PT1H,MC-Ternium,7072.94,6856.0
2025-03-14,7,PT1H,MC-Ternium,7146.2,6856.0
2025-03-14,8,PT1H,MC-Ternium,2935.7,6856.0
2025-03-14,9,PT1H,MC-Ternium,4100.08,6856.0
2025-03-14,10,PT1H,MC-Ternium,5817.33,6856.0
2025-03-14,11,PT1H,MC-Ternium,3421.66,6856.0
2025-03-14,12,PT1H,MC-Ternium,5575.07,6856.0
2025-03-14,13,PT1H,MC-Ternium,5999.91,6856.0
2025-03-14,14,PT1H,MC-Ternium,6476.08,6856.0
2025-03-14,15,PT1H,MC-Ternium,8477.06,6856.0
2025-03-14,16,PT1H,MC-Ternium,8586.6,6856.0
2025-03-14,17,PT1H,MC-Ternium,8171.2,6856.0
2025-03-14,18,PT1H,MC-Ternium,6429.81,6856.0
2025-03-14,19,PT1H,MC-Ternium,4690.47,6856.0
2025-03-14,20,PT1H,MC-Ternium,7590.99,6856.0
2025-03-14,21,PT1H,MC-Ternium,8033.25,6856.0
2025-03-14,22,PT1H,MC-Ternium,8274.03,6856.0
2025-03-14,23,PT1H,MC-Ternium,5678.76,6856.0
2025-03-14,24,PT1H,MC-Ternium,8086.29,6856.0
2025-03-15,1,PT1H,MC-Ternium,8514.68,5875.0
2025-03-15,2,PT1H,MC-Ternium,7438.09,5875.0
2025-03-15,3,PT1H,MC-Ternium,3428.33,5875.0
2025-03-15,4,PT1H,MC-Ternium,3903.27,5875.0
2025-03-15,5,PT1H,MC-Ternium,2733.19,5875.0
2025-03-15,6,PT1H,MC-Ternium,5934.24,5875.0
2025-03-15,7,PT1H,MC-Ternium,8177.59,5875.0
2025-03-15,8,PT1H,MC-Ternium,6380.59,5875.0
2025-03-15,9,PT1H,MC-Ternium,8261.95,5875.0
2025-03-15,10,PT1H,MC-Ternium,8367.8,5875.0
2025-03-15,11,PT1H,MC-Ternium,7756.1,5875.0
2025-03-15,12,PT1H,MC-Ternium,6150.35,5875.0
2025-03-15,13,PT1H,MC-Ternium,8298.17,5875.0
2025-03-15,14,PT1H,MC-Ternium,8255.54,5875.0
2025-03-15,15,PT1H,MC-Ternium,8200.68,5875.0
2025-03-15,16,PT1H,MC-Ternium,7774.47,5875.0
2025-03-15,17,PT1H,MC-Ternium,8132.03,5875.0
2025-03-15,18,PT1H,MC-Ternium,8083.58,5875.0
2025-03-15,19,PT1H,MC-Ternium,6274.14,5875.0
2025-03-15,20,PT1H,MC-Ternium,6381.69,5875.0
2025-03-15,21,PT1H,MC-Ternium,7835.23,5875.0
2025-03-15,22,PT1H,MC-Ternium,8214.01,5875.0
2025-03-15,23,PT1H,MC-Ternium,8058.04,5875.0
2025-03-15,24,PT1H,MC-Ternium,7507.23,5875.0
2025-03-16,1,PT1H,MC-Ternium,7771.58,6755.0
2025-03-16,2,PT1H,MC-Ternium,7997.16,6755.0
2025-03-16,3,PT1H,MC-Ternium,6669.42,6755.0
2025-03-16,4,PT1H,MC-Ternium,7904.33,6755.0
2025-03-16,5,PT1H,MC-Ternium,8024.56,6755.0
2025-03-16,6,PT1H,MC-Ternium,7737.18,6755.0
2025-03-16,7,PT1H,MC-Ternium,6400.51,6755.0
2025-03-16,8,PT1H,MC-Ternium,6145.95,6755.0
2025-03-16,9,PT1H,MC-Ternium,8192.17,6755.0
2025-03-16,10,PT1H,MC-Ternium,7099.93,6755.0
2025-03-16,11,PT1H,MC-Ternium,7504.98,6755.0
2025-03-16,12,PT1H,MC-Ternium,7330.19,6755.0
2025-03-16,13,PT1H,MC-Ternium,4154.48,6755.0
2025-03-16,14,PT1H,MC-Ternium,7177.74,6755.0
2025-03-16,15,PT1H,MC-Ternium,7528.85,6755.0
2025-03-16,16,PT1H,MC-Ternium,6366.84,6755.0
2025-03-16,17,PT1H,MC-Ternium,8163.44,6755.0
2025-03-16,18,PT1H,MC-Ternium,8084.1,6755.0
2025-03-16,19,PT1H,MC-Ternium,8476.3,6755.0
2025-03-16,20,PT1H,MC-Ternium,8371.24,6755.0
2025-03-16,21,PT1H,MC-Ternium,8105.8,6755.0
2025-03-16,22,PT1H,MC-Ternium,7513.39,6755.0
2025-03-16,23,PT1H,MC-Ternium,6454.01,6755.0
2025-03-16,24,PT1H,MC-Ternium,5263.28,6755.0
2025-03-17,1,PT1H,MC-Ternium,6854.33,6825.0
2025-03-17,2,PT1H,MC-Ternium,7392.26,6825.0
2025-03-17,3,PT1H,MC-Ternium,7047.61,6825.0
2025-03-17,4,PT1H,MC-Ternium,8133.59,6825.0
2025-03-17,5,PT1H,MC-Ternium,7714.38,6825.0
2025-03-17,6,PT1H,MC-Ternium,7954.1,6825.0
2025-03-17,7,PT1H,MC-Ternium,7421.98,6825.0
2025-03-17,8,PT1H,MC-Ternium,4558.26,6825.0
2025-03-17,9,PT1H,MC-Ternium,3206.87,6825.0
2025-03-17,10,PT1H,MC-Ternium,7036.46,6825.0
2025-03-17,11,PT1H,MC-Ternium,8136.98,6825.0
2025-03-17,12,PT1H,MC-Ternium,8197.67,6825.0
2025-03-17,13,PT1H,MC-Ternium,7147.68,6825.0
2025-03-17,14,PT1H,MC-Ternium,7843.56,6825.0
2025-03-17,15,PT1H,MC-Ternium,7771.24,6825.0
2025-03-17,16,PT1H,MC-Ternium,7145.8,6825.0
2025-03-17,17,PT1H,MC-Ternium,8355.79,6825.0
2025-03-17,18,PT1H,MC-Ternium,2827.62,6825.0
2025-03-17,19,PT1H,MC-Ternium,2077.72,6825.0
2025-03-17,20,PT1H,MC-Ternium,1540.5,6825.0
2025-03-17,21,PT1H,MC-Ternium,1554.44,6825.0
2025-03-17,22,PT1H,MC-Ternium,1525.42,6825.0
2025-03-17,23,PT1H,MC-Ternium,1410.87,6825.0
2025-03-17,24,PT1H,MC-Ternium,1339.78,6825.0
2025-03-18,1,PT1H,MC-Ternium,1358.26,4125.0
2025-03-18,2,PT1H,MC-Ternium,1348.5,4125.0
2025-03-18,3,PT1H,MC-Ternium,1336.93,4125.0
2025-03-18,4,PT1H,MC-Ternium,1342.85,4125.0
2025-03-18,5,PT1H,MC-Ternium,1327.06,4125.0
2025-03-18,6,PT1H,MC-Ternium,1414.52,4125.0
2025-03-18,7,PT1H,MC-Ternium,1416.72,4125.0
2025-03-18,8,PT1H,MC-Ternium,1397.27,4125.0
2025-03-18,9,PT1H,MC-Ternium,1351.01,4125.0
2025-03-18,10,PT1H,MC-Ternium,1402.97,4125.0
2025-03-18,11,PT1H,MC-Ternium,1386.44,4125.0
2025-03-18,12,PT1H,MC-Ternium,1395.68,4125.0
2025-03-18,13,PT1H,MC-Ternium,1367.78,4125.0
2025-03-18,14,PT1H,MC-Ternium,1352.41,4125.0
2025-03-18,15,PT1H,MC-Ternium,1350.42,4125.0
2025-03-18,16,PT1H,MC-Ternium,1391.31,4125.0
2025-03-18,17,PT1H,MC-Ternium,1612.68,4125.0
2025-03-18,18,PT1H,MC-Ternium,2391.15,4125.0
2025-03-18,19,PT1H,MC-Ternium,1961.1,4125.0
2025-03-18,20,PT1H,MC-Ternium,1886.71,4125.0
2025-03-18,21,PT1H,MC-Ternium,1883.0,4125.0
2025-03-18,22,PT1H,MC-Ternium,1905.83,4125.0
2025-03-18,23,PT1H,MC-Ternium,2053.56,4125.0
2025-03-18,24,PT1H,MC-Ternium,2489.11,4125.0
2025-03-19,1,PT1H,MC-Ternium,1917.81,7125.0
2025-03-19,2,PT1H,MC-Ternium,1927.3,7125.0
2025-03-19,3,PT1H,MC-Ternium,1940.23,7125.0
2025-03-19,4,PT1H,MC-Ternium,1872.23,7125.0
2025-03-19,5,PT1H,MC-Ternium,1840.44,7125.0
2025-03-19,6,PT1H,MC-Ternium,1943.8,7125.0
2025-03-19,7,PT1H,MC-Ternium,2790.58,7125.0
2025-03-19,8,PT1H,MC-Ternium,2952.88,7125.0
2025-03-19,9,PT1H,MC-Ternium,2664.76,7125.0
2025-03-19,10,PT1H,MC-Ternium,6207.32,7125.0
2025-03-19,11,PT1H,MC-Ternium,5819.45,7125.0
2025-03-19,12,PT1H,MC-Ternium,6662.05,7125.0
2025-03-19,13,PT1H,MC-Ternium,7055.97,7125.0
2025-03-19,14,PT1H,MC-Ternium,8665.09,7125.0
2025-03-19,15,PT1H,MC-Ternium,8486.1,7125.0
2025-03-19,16,PT1H,MC-Ternium,7438.71,7125.0
2025-03-19,17,PT1H,MC-Ternium,2759.52,7125.0
2025-03-19,18,PT1H,MC-Ternium,5745.01,7125.0
2025-03-19,19,PT1H,MC-Ternium,7975.21,7125.0
2025-03-19,20,PT1H,MC-Ternium,7975.09,7125.0
2025-03-19,21,PT1H,MC-Ternium,8493.58,7125.0
2025-03-19,22,PT1H,MC-Ternium,7808.4,7125.0
2025-03-19,23,PT1H,MC-Ternium,7766.23,7125.0
2025-03-19,24,PT1H,MC-Ternium,8016.76,7125.0
2025-03-20,1,PT1H,MC-Ternium,7134.05,6151.0
2025-03-20,2,PT1H,MC-Ternium,2638.54,6151.0
2025-03-20,3,PT1H,MC-Ternium,1784.25,6151.0
2025-03-20,4,PT1H,MC-Ternium,2293.42,6151.0
2025-03-20,5,PT1H,MC-Ternium,3286.27,6151.0
2025-03-20,6,PT1H,MC-Ternium,7434.95,6151.0
2025-03-20,7,PT1H,MC-Ternium,7621.01,6151.0
2025-03-20,8,PT1H,MC-Ternium,7663.74,6151.0
2025-03-20,9,PT1H,MC-Ternium,4914.45,6151.0
2025-03-20,10,PT1H,MC-Ternium,4937.32,6151.0
2025-03-20,11,PT1H,MC-Ternium,7515.61,6151.0
2025-03-20,12,PT1H,MC-Ternium,7993.28,6151.0
2025-03-20,13,PT1H,MC-Ternium,8185.07,6151.0
2025-03-20,14,PT1H,MC-Ternium,8043.77,6151.0
2025-03-20,15,PT1H,MC-Ternium,7630.24,6151.0
2025-03-20,16,PT1H,MC-Ternium,7905.96,6151.0
2025-03-20,17,PT1H,MC-Ternium,4695.41,6151.0
2025-03-20,18,PT1H,MC-Ternium,7358.81,6151.0
2025-03-20,19,PT1H,MC-Ternium,5588.1,6151.0
2025-03-20,20,PT1H,MC-Ternium,7066.95,6151.0
2025-03-20,21,PT1H,MC-Ternium,7862.02,6151.0
2025-03-20,22,PT1H,MC-Ternium,7339.17,6151.0
2025-03-20,23,PT1H,MC-Ternium,6857.26,6151.0
2025-03-20,24,PT1H,MC-Ternium,7745.66,6151.0
2025-03-21,1,PT1H,MC-Ternium,8395.18,3125.0
2025-03-21,2,PT1H,MC-Ternium,6966.08,3125.0
2025-03-21,3,PT1H,MC-Ternium,4078.88,3125.0
2025-03-21,4,PT1H,MC-Ternium,5920.16,3125.0
2025-03-21,5,PT1H,MC-Ternium,7899.58,3125.0
2025-03-21,6,PT1H,MC-Ternium,8087.83,3125.0
2025-03-21,7,PT1H,MC-Ternium,7865.0,3125.0
2025-03-21,8,PT1H,MC-Ternium,6080.44,3125.0
2025-03-21,9,PT1H,MC-Ternium,2056.16,3125.0
2025-03-21,10,PT1H,MC-Ternium,2097.64,3125.0
2025-03-21,11,PT1H,MC-Ternium,2514.44,3125.0
2025-03-21,12,PT1H,MC-Ternium,3484.3,3125.0
2025-03-21,13,PT1H,MC-Ternium,3287.46,3125.0
2025-03-21,14,PT1H,MC-Ternium,3811.22,3125.0
2025-03-21,15,PT1H,MC-Ternium,4562.75,3125.0
2025-03-21,16,PT1H,MC-Ternium,4385.96,3125.0
2025-03-21,17,PT1H,MC-Ternium,5578.31,3125.0
2025-03-21,18,PT1H,MC-Ternium,5909.96,3125.0
2025-03-21,19,PT1H,MC-Ternium,6497.44,3125.0
2025-03-21,20,PT1H,MC-Ternium,6281.69,3125.0
2025-03-21,21,PT1H,MC-Ternium,6359.63,3125.0
2025-03-21,22,PT1H,MC-Ternium,5040.01,3125.0
2025-03-21,23,PT1H,MC-Ternium,6157.75,3125.0
2025-03-21,24,PT1H,MC-Ternium,6167.13,3125.0
2025-03-22,1,PT1H,MC-Ternium,5707.59,5675.0
2025-03-22,2,PT1H,MC-Ternium,4979.69,5675.0
2025-03-22,3,PT1H,MC-Ternium,6108.52,5675.0
2025-03-22,4,PT1H,MC-Ternium,4492.37,5675.0
2025-03-22,5,PT1H,MC-Ternium,4385.33,5675.0
2025-03-22,6,PT1H,MC-Ternium,5664.07,5675.0
2025-03-22,7,PT1H,MC-Ternium,5547.94,5675.0
2025-03-22,8,PT1H,MC-Ternium,4520.31,5675.0
2025-03-22,9,PT1H,MC-Ternium,3578.31,5675.0
2025-03-22,10,PT1H,MC-Ternium,4073.2,5675.0
2025-03-22,11,PT1H,MC-Ternium,4498.08,5675.0
2025-03-22,12,PT1H,MC-Ternium,3484.88,5675.0
2025-03-22,13,PT1H,MC-Ternium,4749.24,5675.0
2025-03-22,14,PT1H,MC-Ternium,6686.65,5675.0
2025-03-22,15,PT1H,MC-Ternium,5489.89,5675.0
2025-03-22,16,PT1H,MC-Ternium,6255.8,5675.0
2025-03-22,17,PT1H,MC-Ternium,6657.4,5675.0
2025-03-22,18,PT1H,MC-Ternium,6173.61,5675.0
2025-03-22,19,PT1H,MC-Ternium,6503.36,5675.0
2025-03-22,20,PT1H,MC-Ternium,6952.14,5675.0
2025-03-22,21,PT1H,MC-Ternium,5021.24,5675.0
2025-03-22,22,PT1H,MC-Ternium,4790.47,5675.0
2025-03-22,23,PT1H,MC-Ternium,4299.84,5675.0
2025-03-22,24,PT1H,MC-Ternium,4439.41,5675.0
2025-03-23,1,PT1H,MC-Ternium,5684.61,9653.0
2025-03-23,2,PT1H,MC-Ternium,4271.08,9653.0
2025-03-23,3,PT1H,MC-Ternium,5408.68,9653.0
2025-03-23,4,PT1H,MC-Ternium,4758.65,9653.0
2025-03-23,5,PT1H,MC-Ternium,6054.38,9653.0
2025-03-23,6,PT1H,MC-Ternium,5369.14,9653.0
2025-03-23,7,PT1H,MC-Ternium,4497.85,9653.0
2025-03-23,8,PT1H,MC-Ternium,3936.37,9653.0
2025-03-23,9,PT1H,MC-Ternium,4894.71,9653.0
2025-03-23,10,PT1H,MC-Ternium,4130.4,9653.0
2025-03-23,11,PT1H,MC-Ternium,3871.63,9653.0
2025-03-23,12,PT1H,MC-Ternium,3682.59,9653.0
2025-03-23,13,PT1H,MC-Ternium,4179.61,9653.0
2025-03-23,14,PT1H,MC-Ternium,5656.0,9653.0
2025-03-23,15,PT1H,MC-Ternium,4413.85,9653.0
2025-03-23,16,PT1H,MC-Ternium,6178.75,9653.0
2025-03-23,17,PT1H,MC-Ternium,4997.98,9653.0
2025-03-23,18,PT1H,MC-Ternium,3266.52,9653.0
2025-03-23,19,PT1H,MC-Ternium,4847.46,9653.0
2025-03-23,20,PT1H,MC-Ternium,4729.06,9653.0
2025-03-23,21,PT1H,MC-Ternium,2868.29,9653.0
2025-03-23,22,PT1H,MC-Ternium,4013.56,9653.0
2025-03-23,23,PT1H,MC-Ternium,5269.36,9653.0
2025-03-23,24,PT1H,MC-Ternium,5114.15,9653.0
2025-03-24,1,PT1H,MC-Ternium,3682.82,5653.0
2025-03-24,2,PT1H,MC-Ternium,5971.75,5653.0
2025-03-24,3,PT1H,MC-Ternium,3580.6,5653.0
2025-03-24,4,PT1H,MC-Ternium,2974.39,5653.0
2025-03-24,5,PT1H,MC-Ternium,5364.63,5653.0
2025-03-24,6,PT1H,MC-Ternium,4659.7,5653.0
2025-03-24,7,PT1H,MC-Ternium,6448.87,5653.0
2025-03-24,8,PT1H,MC-Ternium,5785.18,5653.0
2025-03-24,9,PT1H,MC-Ternium,5439.38,5653.0
2025-03-24,10,PT1H,MC-Ternium,6240.29,5653.0
2025-03-24,11,PT1H,MC-Ternium,6337.01,5653.0
2025-03-24,12,PT1H,MC-Ternium,5907.71,5653.0
2025-03-24,13,PT1H,MC-Ternium,6144.32,5653.0
2025-03-24,14,PT1H,MC-Ternium,6208.16,5653.0
2025-03-24,15,PT1H,MC-Ternium,6291.02,5653.0
2025-03-24,16,PT1H,MC-Ternium,5848.99,5653.0
2025-03-24,17,PT1H,MC-Ternium,6379.67,5653.0
2025-03-24,18,PT1H,MC-Ternium,6119.99,5653.0
2025-03-24,19,PT1H,MC-Ternium,6809.86,5653.0
2025-03-24,20,PT1H,MC-Ternium,6213.83,5653.0
2025-03-24,21,PT1H,MC-Ternium,4820.31,5653.0
2025-03-24,22,PT1H,MC-Ternium,3926.8,5653.0
2025-03-24,23,PT1H,MC-Ternium,5970.06,5653.0
2025-03-24,24,PT1H,MC-Ternium,6338.22,5653.0
2025-03-25,1,PT1H,MC-Ternium,5462.02,5375.0
2025-03-25,2,PT1H,MC-Ternium,5938.86,5375.0
2025-03-25,3,PT1H,MC-Ternium,5292.71,5375.0
2025-03-25,4,PT1H,MC-Ternium,4376.18,5375.0
2025-03-25,5,PT1H,MC-Ternium,4285.93,5375.0
2025-03-25,6,PT1H,MC-Ternium,4444.89,5375.0
2025-03-25,7,PT1H,MC-Ternium,6059.78,5375.0
2025-03-25,8,PT1H,MC-Ternium,5189.69,5375.0
2025-03-25,9,PT1H,MC-Ternium,3876.84,5375.0
2025-03-25,10,PT1H,MC-Ternium,4945.7,5375.0
2025-03-25,11,PT1H,MC-Ternium,3019.03,5375.0
2025-03-25,12,PT1H,MC-Ternium,3862.35,5375.0
2025-03-25,13,PT1H,MC-Ternium,5047.98,5375.0
2025-03-25,14,PT1H,MC-Ternium,3232.17,5375.0
2025-03-25,15,PT1H,MC-Ternium,6070.82,5375.0
2025-03-25,16,PT1H,MC-Ternium,5201.65,5375.0
2025-03-25,17,PT1H,MC-Ternium,6640.05,5375.0
2025-03-25,18,PT1H,MC-Ternium,4444.93,5375.0
2025-03-25,19,PT1H,MC-Ternium,6217.4,5375.0
2025-03-25,20,PT1H,MC-Ternium,5462.04,5375.0
2025-03-25,21,PT1H,MC-Ternium,5088.89,5375.0
2025-03-25,22,PT1H,MC-Ternium,5729.16,5375.0
2025-03-25,23,PT1H,MC-Ternium,4737.12,5375.0
2025-03-25,24,PT1H,MC-Ternium,6612.32,5375.0
2025-03-26,1,PT1H,MC-Ternium,6844.2,4975.0
2025-03-26,2,PT1H,MC-Ternium,4755.99,4975.0
2025-03-26,3,PT1H,MC-Ternium,6020.11,4975.0
2025-03-26,4,PT1H,MC-Ternium,6513.03,4975.0
2025-03-26,5,PT1H,MC-Ternium,4505.9,4975.0
2025-03-26,6,PT1H,MC-Ternium,6193.9,4975.0
2025-03-26,7,PT1H,MC-Ternium,6667.7,4975.0
2025-03-26,8,PT1H,MC-Ternium,6690.03,4975.0
2025-03-26,9,PT1H,MC-Ternium,2180.49,4975.0
2025-03-26,10,PT1H,MC-Ternium,1759.13,4975.0
2025-03-26,11,PT1H,MC-Ternium,2770.3,4975.0
2025-03-26,12,PT1H,MC-Ternium,5352.59,4975.0
2025-03-26,13,PT1H,MC-Ternium,6920.48,4975.0
2025-03-26,14,PT1H,MC-Ternium,7089.86,4975.0
2025-03-26,15,PT1H,MC-Ternium,7040.81,4975.0
2025-03-26,16,PT1H,MC-Ternium,7232.6,4975.0
2025-03-26,17,PT1H,MC-Ternium,7250.37,4975.0
2025-03-26,18,PT1H,MC-Ternium,6918.37,4975.0
2025-03-26,19,PT1H,MC-Ternium,7183.35,4975.0
2025-03-26,20,PT1H,MC-Ternium,6259.03,4975.0
2025-03-26,21,PT1H,MC-Ternium,7449.84,4975.0
2025-03-26,22,PT1H,MC-Ternium,7573.9,4975.0
2025-03-26,23,PT1H,MC-Ternium,7207.88,4975.0
2025-03-26,24,PT1H,MC-Ternium,7153.39,4975.0
2025-03-27,1,PT1H,MC-Ternium,6540.46,5560.0
2025-03-27,2,PT1H,MC-Ternium,4557.04,5560.0
2025-03-27,3,PT1H,MC-Ternium,6199.97,5560.0
2025-03-27,4,PT1H,MC-Ternium,7433.18,5560.0
2025-03-27,5,PT1H,MC-Ternium,7416.72,5560.0
2025-03-27,6,PT1H,MC-Ternium,7536.97,5560.0
2025-03-27,7,PT1H,MC-Ternium,7555.95,5560.0
2025-03-27,8,PT1H,MC-Ternium,7502.22,5560.0
2025-03-27,9,PT1H,MC-Ternium,7703.03,5560.0
2025-03-27,10,PT1H,MC-Ternium,7571.84,5560.0
2025-03-27,11,PT1H,MC-Ternium,7319.47,5560.0
2025-03-27,12,PT1H,MC-Ternium,7690.55,5560.0
2025-03-27,13,PT1H,MC-Ternium,7763.2,5560.0
2025-03-27,14,PT1H,MC-Ternium,6797.79,5560.0
2025-03-27,15,PT1H,MC-Ternium,7703.78,5560.0
2025-03-27,16,PT1H,MC-Ternium,7774.12,5560.0
2025-03-27,17,PT1H,MC-Ternium,7114.16,5560.0
2025-03-27,18,PT1H,MC-Ternium,7552.17,5560.0
2025-03-27,19,PT1H,MC-Ternium,7570.23,5560.0
2025-03-27,20,PT1H,MC-Ternium,6525.91,5560.0
2025-03-27,21,PT1H,MC-Ternium,7649.55,5560.0
2025-03-27,22,PT1H,MC-Ternium,7131.34,5560.0
2025-03-27,23,PT1H,MC-Ternium,5593.4,5560.0
2025-03-27,24,PT1H,MC-Ternium,4502.1,5560.0
2025-03-28,1,PT1H,MC-Ternium,5424.95,5115.0
2025-03-28,2,PT1H,MC-Ternium,7545.87,5115.0
2025-03-28,3,PT1H,MC-Ternium,7368.91,5115.0
2025-03-28,4,PT1H,MC-Ternium,7302.65,5115.0
2025-03-28,5,PT1H,MC-Ternium,7177.75,5115.0
2025-03-28,6,PT1H,MC-Ternium,4646.43,5115.0
2025-03-28,7,PT1H,MC-Ternium,0.0,5115.0
2025-03-28,8,PT1H,MC-Ternium,16.77,5115.0
2025-03-28,9,PT1H,MC-Ternium,591.56,5115.0
2025-03-28,10,PT1H,MC-Ternium,1432.67,5115.0
2025-03-28,11,PT1H,MC-Ternium,2184.98,5115.0
2025-03-28,12,PT1H,MC-Ternium,3092.0,5115.0
2025-03-28,13,PT1H,MC-Ternium,4497.94,5115.0
2025-03-28,14,PT1H,MC-Ternium,6023.76,5115.0
2025-03-28,15,PT1H,MC-Ternium,6947.56,5115.0
2025-03-28,16,PT1H,MC-Ternium,7370.54,5115.0
2025-03-28,17,PT1H,MC-Ternium,7423.54,5115.0
2025-03-28,18,PT1H,MC-Ternium,5943.35,5115.0
2025-03-28,19,PT1H,MC-Ternium,4802.94,5115.0
2025-03-28,20,PT1H,MC-Ternium,5895.87,5115.0
2025-03-28,21,PT1H,MC-Ternium,7341.59,5115.0
2025-03-28,22,PT1H,MC-Ternium,7462.8,5115.0
2025-03-28,23,PT1H,MC-Ternium,7292.67,5115.0
2025-03-28,24,PT1H,MC-Ternium,7517.21,5115.0
2025-03-29,1,PT1H,MC-Ternium,7516.99,6115.0
2025-03-29,2,PT1H,MC-Ternium,7488.15,6115.0
2025-03-29,3,PT1H,MC-Ternium,7391.11,6115.0
2025-03-29,4,PT1H,MC-Ternium,7479.3,6115.0
2025-03-29,5,PT1H,MC-Ternium,7329.67,6115.0
2025-03-29,6,PT1H,MC-Ternium,7326.07,6115.0
2025-03-29,7,PT1H,MC-Ternium,4916.77,6115.0
2025-03-29,8,PT1H,MC-Ternium,5509.21,6115.0
2025-03-29,9,PT1H,MC-Ternium,5744.61,6115.0
2025-03-29,10,PT1H,MC-Ternium,6667.51,6115.0
2025-03-29,11,PT1H,MC-Ternium,7120.09,6115.0
2025-03-29,12,PT1H,MC-Ternium,7259.05,6115.0
2025-03-29,13,PT1H,MC-Ternium,7092.34,6115.0
2025-03-29,14,PT1H,MC-Ternium,7294.66,6115.0
2025-03-29,15,PT1H,MC-Ternium,7222.79,6115.0
2025-03-29,16,PT1H,MC-Ternium,6069.4,6115.0
2025-03-29,17,PT1H,MC-Ternium,6193.86,6115.0
2025-03-29,18,PT1H,MC-Ternium,1366.38,6115.0
2025-03-29,19,PT1H,MC-Ternium,4870.95,6115.0
2025-03-29,20,PT1H,MC-Ternium,4499.01,6115.0
2025-03-29,21,PT1H,MC-Ternium,6586.06,6115.0
2025-03-29,22,PT1H,MC-Ternium,6625.8,6115.0
2025-03-29,23,PT1H,MC-Ternium,6929.83,6115.0
2025-03-29,24,PT1H,MC-Ternium,7170.57,6115.0
2025-03-30,1,PT1H,MC-Ternium,7152.52,6953.0
2025-03-30,2,PT1H,MC-Ternium,7193.27,6953.0
2025-03-30,3,PT1H,MC-Ternium,7161.97,6953.0
2025-03-30,4,PT1H,MC-Ternium,7179.5,6953.0
2025-03-30,5,PT1H,MC-Ternium,7155.85,6953.0
2025-03-30,6,PT1H,MC-Ternium,5511.7,6953.0
2025-03-30,7,PT1H,MC-Ternium,6778.49,6953.0
2025-03-30,8,PT1H,MC-Ternium,6117.73,6953.0
2025-03-30,9,PT1H,MC-Ternium,2407.35,6953.0
2025-03-30,10,PT1H,MC-Ternium,2233.91,6953.0
2025-03-30,11,PT1H,MC-Ternium,4107.42,6953.0
2025-03-30,12,PT1H,MC-Ternium,6582.14,6953.0
2025-03-30,13,PT1H,MC-Ternium,6853.27,6953.0
2025-03-30,14,PT1H,MC-Ternium,6836.34,6953.0
2025-03-30,15,PT1H,MC-Ternium,6700.07,6953.0
2025-03-30,16,PT1H,MC-Ternium,6602.52,6953.0
2025-03-30,17,PT1H,MC-Ternium,6642.23,6953.0
2025-03-30,18,PT1H,MC-Ternium,7000.12,6953.0
2025-03-30,19,PT1H,MC-Ternium,7144.98,6953.0
2025-03-30,20,PT1H,MC-Ternium,6772.46,6953.0
2025-03-30,21,PT1H,MC-Ternium,7085.61,6953.0
2025-03-30,22,PT1H,MC-Ternium,7111.83,6953.0
2025-03-30,23,PT1H,MC-Ternium,7266.96,6953.0
2025-03-30,24,PT1H,MC-Ternium,7553.56,6953.0
2025-03-31,1,PT1H,MC-Ternium,7637.34,4675.0
2025-03-31,2,PT1H,MC-Ternium,7680.28,4675.0
2025-03-31,3,PT1H,MC-Ternium,7656.22,4675.0
2025-03-31,4,PT1H,MC-Ternium,7667.41,4675.0
2025-03-31,5,PT1H,MC-Ternium,7806.89,4675.0
2025-03-31,6,PT1H,MC-Ternium,7426.55,4675.0
2025-03-31,7,PT1H,MC-Ternium,7636.24,4675.0
2025-03-31,8,PT1H,MC-Ternium,6582.93,4675.0
2025-03-31,9,PT1H,MC-Ternium,4642.21,4675.0
2025-03-31,10,PT1H,MC-Ternium,6808.81,4675.0
2025-03-31,11,PT1H,MC-Ternium,7150.35,4675.0
2025-03-31,12,PT1H,MC-Ternium,7184.07,4675.0
2025-03-31,13,PT1H,MC-Ternium,6079.69,4675.0
2025-03-31,14,PT1H,MC-Ternium,7373.23,4675.0
2025-03-31,15,PT1H,MC-Ternium,7383.76,4675.0
2025-03-31,16,PT1H,MC-Ternium,4782.38,4675.0
2025-03-31,17,PT1H,MC-Ternium,6593.9,4675.0
2025-03-31,18,PT1H,MC-Ternium,7128.66,4675.0
2025-03-31,19,PT1H,MC-Ternium,7784.7,4675.0
2025-03-31,20,PT1H,MC-Ternium,6221.99,4675.0
2025-03-31,21,PT1H,MC-Ternium,6095.53,4675.0
2025-03-31,22,PT1H,MC-Ternium,7405.38,4675.0
2025-03-31,23,PT1H,MC-Ternium,6822.08,4675.0
2025-03-31,24,PT1H,MC-Ternium,6099.2,4675.0
2025-04-01,1,PT1H,MC-Ternium,6542.08,6517.0
2025-04-01,2,PT1H,MC-Ternium,7438.49,6517.0
2025-04-01,3,PT1H,MC-Ternium,7931.18,6517.0
2025-04-01,4,PT1H,MC-Ternium,7395.56,6517.0
2025-04-01,5,PT1H,MC-Ternium,7680.53,6517.0
2025-04-01,6,PT1H,MC-Ternium,7801.29,6517.0
2025-04-01,7,PT1H,MC-Ternium,7863.57,6517.0
2025-04-01,8,PT1H,MC-Ternium,3809.92,6517.0
2025-04-01,9,PT1H,MC-Ternium,1949.33,6517.0
2025-04-01,10,PT1H,MC-Ternium,2726.95,6517.0
2025-04-01,11,PT1H,MC-Ternium,1688.24,6517.0
2025-04-01,12,PT1H,MC-Ternium,1661.71,6517.0
2025-04-01,13,PT1H,MC-Ternium,1601.12,6517.0
2025-04-01,14,PT1H,MC-Ternium,1610.84,6517.0
2025-04-01,15,PT1H,MC-Ternium,1671.82,6517.0
2025-04-01,16,PT1H,MC-Ternium,1719.24,6517.0
2025-04-01,17,PT1H,MC-Ternium,1690.78,6517.0
2025-04-01,18,PT1H,MC-Ternium,1719.79,6517.0
2025-04-01,19,PT1H,MC-Ternium,1687.83,6517.0
2025-04-01,20,PT1H,MC-Ternium,1811.94,6517.0
2025-04-01,21,PT1H,MC-Ternium,2288.21,6517.0
2025-04-01,22,PT1H,MC-Ternium,5160.87,6517.0
2025-04-01,23,PT1H,MC-Ternium,5315.55,6517.0
2025-04-01,24,PT1H,MC-Ternium,7333.86,6517.0
2025-04-02,1,PT1H,MC-Ternium,6846.21,6235.0
2025-04-02,2,PT1H,MC-Ternium,6326.88,6235.0
2025-04-02,3,PT1H,MC-Ternium,7553.54,6235.0
2025-04-02,4,PT1H,MC-Ternium,7630.13,6235.0
2025-04-02,5,PT1H,MC-Ternium,7013.41,6235.0
2025-04-02,6,PT1H,MC-Ternium,4881.89,6235.0
2025-04-02,7,PT1H,MC-Ternium,6119.62,6235.0
2025-04-02,8,PT1H,MC-Ternium,5861.34,6235.0
2025-04-02,9,PT1H,MC-Ternium,7293.28,6235.0
2025-04-02,10,PT1H,MC-Ternium,3630.22,6235.0
2025-04-02,11,PT1H,MC-Ternium,1879.34,6235.0
2025-04-02,12,PT1H,MC-Ternium,2294.18,6235.0
2025-04-02,13,PT1H,MC-Ternium,2057.4,6235.0
2025-04-02,14,PT1H,MC-Ternium,2596.34,6235.0
2025-04-02,15,PT1H,MC-Ternium,3444.09,6235.0
2025-04-02,16,PT1H,MC-Ternium,3152.24,6235.0
2025-04-02,17,PT1H,MC-Ternium,2350.2,6235.0
2025-04-02,18,PT1H,MC-Ternium,2147.81,6235.0
2025-04-02,19,PT1H,MC-Ternium,2067.6,6235.0
2025-04-02,20,PT1H,MC-Ternium,2823.87,6235.0
2025-04-02,21,PT1H,MC-Ternium,2722.21,6235.0
2025-04-02,22,PT1H,MC-Ternium,3259.26,6235.0
2025-04-02,23,PT1H,MC-Ternium,2879.18,6235.0
2025-04-02,24,PT1H,MC-Ternium,2745.25,6235.0
2025-04-03,1,PT1H,MC-Ternium,3243.46,6910.0
2025-04-03,2,PT1H,MC-Ternium,3375.53,6910.0
2025-04-03,3,PT1H,MC-Ternium,2367.91,6910.0
2025-04-03,4,PT1H,MC-Ternium,3446.82,6910.0
2025-04-03,5,PT1H,MC-Ternium,4770.07,6910.0
2025-04-03,6,PT1H,MC-Ternium,4884.82,6910.0
2025-04-03,7,PT1H,MC-Ternium,4852.99,6910.0
2025-04-03,8,PT1H,MC-Ternium,3585.57,6910.0
2025-04-03,9,PT1H,MC-Ternium,4999.69,6910.0
2025-04-03,10,PT1H,MC-Ternium,3232.6,6910.0
2025-04-03,11,PT1H,MC-Ternium,4928.87,6910.0
2025-04-03,12,PT1H,MC-Ternium,4896.85,6910.0
2025-04-03,13,PT1H,MC-Ternium,5022.07,6910.0
2025-04-03,14,PT1H,MC-Ternium,4817.32,6910.0
2025-04-03,15,PT1H,MC-Ternium,3280.09,6910.0
2025-04-03,16,PT1H,MC-Ternium,1766.72,6910.0
2025-04-03,17,PT1H,MC-Ternium,1814.1,6910.0
2025-04-03,18,PT1H,MC-Ternium,2788.24,6910.0
2025-04-03,19,PT1H,MC-Ternium,4324.33,6910.0
2025-04-03,20,PT1H,MC-Ternium,4365.8,6910.0
2025-04-03,21,PT1H,MC-Ternium,5921.48,6910.0
2025-04-03,22,PT1H,MC-Ternium,5191.16,6910.0
2025-04-03,23,PT1H,MC-Ternium,4950.34,6910.0
2025-04-03,24,PT1H,MC-Ternium,5854.44,6910.0
2025-04-04,1,PT1H,MC-Ternium,6441.99,6515.0
2025-04-04,2,PT1H,MC-Ternium,6470.7,6515.0
2025-04-04,3,PT1H,MC-Ternium,4113.66,6515.0
2025-04-04,4,PT1H,MC-Ternium,6211.98,6515.0
2025-04-04,5,PT1H,MC-Ternium,5545.34,6515.0
2025-04-04,6,PT1H,MC-Ternium,5704.96,6515.0
2025-04-04,7,PT1H,MC-Ternium,5344.49,6515.0
2025-04-04,8,PT1H,MC-Ternium,3461.01,6515.0
2025-04-04,9,PT1H,MC-Ternium,4878.4,6515.0
2025-04-04,10,PT1H,MC-Ternium,3106.44,6515.0
2025-04-04,11,PT1H,MC-Ternium,1653.67,6515.0
2025-04-04,12,PT1H,MC-Ternium,2209.38,6515.0
2025-04-04,13,PT1H,MC-Ternium,3326.82,6515.0
2025-04-04,14,PT1H,MC-Ternium,7624.96,6515.0
2025-04-04,15,PT1H,MC-Ternium,7727.32,6515.0
2025-04-04,16,PT1H,MC-Ternium,8253.04,6515.0
2025-04-04,17,PT1H,MC-Ternium,8113.31,6515.0
2025-04-04,18,PT1H,MC-Ternium,8382.33,6515.0
2025-04-04,19,PT1H,MC-Ternium,8638.67,6515.0
2025-04-04,20,PT1H,MC-Ternium,7948.21,6515.0
2025-04-04,21,PT1H,MC-Ternium,8075.47,6515.0
2025-04-04,22,PT1H,MC-Ternium,5637.76,6515.0
2025-04-04,23,PT1H,MC-Ternium,5202.68,6515.0
2025-04-04,24,PT1H,MC-Ternium,5553.96,6515.0
2025-04-05,1,PT1H,MC-Ternium,7940.61,4987.5
2025-04-05,2,PT1H,MC-Ternium,8274.89,4987.5
2025-04-05,3,PT1H,MC-Ternium,4688.49,4987.5
2025-04-05,4,PT1H,MC-Ternium,6028.76,4987.5
2025-04-05,5,PT1H,MC-Ternium,7272.55,4987.5
2025-04-05,6,PT1H,MC-Ternium,7890.64,4987.5
2025-04-05,7,PT1H,MC-Ternium,8423.95,4987.5
2025-04-05,8,PT1H,MC-Ternium,5145.09,4987.5
2025-04-05,9,PT1H,MC-Ternium,7194.75,4987.5
2025-04-05,10,PT1H,MC-Ternium,7119.56,4987.5
2025-04-05,11,PT1H,MC-Ternium,6746.96,4987.5
2025-04-05,12,PT1H,MC-Ternium,4914.9,4987.5
2025-04-05,13,PT1H,MC-Ternium,5302.4,4987.5
2025-04-05,14,PT1H,MC-Ternium,8265.52,4987.5
2025-04-05,15,PT1H,MC-Ternium,7528.99,4987.5
2025-04-05,16,PT1H,MC-Ternium,5485.07,4987.5
2025-04-05,17,PT1H,MC-Ternium,6993.02,4987.5
2025-04-05,18,PT1H,MC-Ternium,7817.47,4987.5
2025-04-05,19,PT1H,MC-Ternium,8688.1,4987.5
2025-04-05,20,PT1H,MC-Ternium,8248.04,4987.5
2025-04-05,21,PT1H,MC-Ternium,7457.18,4987.5
2025-04-05,22,PT1H,MC-Ternium,4284.68,4987.5
2025-04-05,23,PT1H,MC-Ternium,3395.57,4987.5
2025-04-05,24,PT1H,MC-Ternium,5631.58,4987.5
2025-04-06,1,PT1H,MC-Ternium,8040.01,5150.0
2025-04-06,2,PT1H,MC-Ternium,8233.81,5150.0
2025-04-06,3,PT1H,MC-Ternium,7088.68,5150.0
2025-04-06,4,PT1H,MC-Ternium,7966.34,5150.0
2025-04-06,5,PT1H,MC-Ternium,7977.58,5150.0
2025-04-06,6,PT1H,MC-Ternium,5120.67,5150.0
2025-04-06,7,PT1H,MC-Ternium,7714.29,5150.0
2025-04-06,8,PT1H,MC-Ternium,8315.51,5150.0
2025-04-06,9,PT1H,MC-Ternium,8015.54,5150.0
2025-04-06,10,PT1H,MC-Ternium,7772.71,5150.0
2025-04-06,11,PT1H,MC-Ternium,7282.08,5150.0
2025-04-06,12,PT1H,MC-Ternium,7412.31,5150.0
2025-04-06,13,PT1H,MC-Ternium,8497.88,5150.0
2025-04-06,14,PT1H,MC-Ternium,8186.75,5150.0
2025-04-06,15,PT1H,MC-Ternium,8260.98,5150.0
2025-04-06,16,PT1H,MC-Ternium,8660.37,5150.0
2025-04-06,17,PT1H,MC-Ternium,8629.76,5150.0
2025-04-06,18,PT1H,MC-Ternium,6818.53,5150.0
2025-04-06,19,PT1H,MC-Ternium,8245.38,5150.0
2025-04-06,20,PT1H,MC-Ternium,8555.62,5150.0
2025-04-06,21,PT1H,MC-Ternium,8312.19,5150.0
2025-04-06,22,PT1H,MC-Ternium,8476.3,5150.0
2025-04-06,23,PT1H,MC-Ternium,8157.23,5150.0
2025-04-06,24,PT1H,MC-Ternium,4894.81,5150.0
2025-04-07,1,PT1H,MC-Ternium,3610.1,5815.0
2025-04-07,2,PT1H,MC-Ternium,2332.34,5815.0
2025-04-07,3,PT1H,MC-Ternium,6560.54,5815.0
2025-04-07,4,PT1H,MC-Ternium,7388.77,5815.0
2025-04-07,5,PT1H,MC-Ternium,8183.59,5815.0
2025-04-07,6,PT1H,MC-Ternium,7596.05,5815.0
2025-04-07,7,PT1H,MC-Ternium,7285.25,5815.0
2025-04-07,8,PT1H,MC-Ternium,4796.61,5815.0
2025-04-07,9,PT1H,MC-Ternium,6183.54,5815.0
2025-04-07,10,PT1H,MC-Ternium,6400.65,5815.0
2025-04-07,11,PT1H,MC-Ternium,7897.33,5815.0
2025-04-07,12,PT1H,MC-Ternium,7464.84,5815.0
2025-04-07,13,PT1H,MC-Ternium,8667.19,5815.0
2025-04-07,14,PT1H,MC-Ternium,8513.78,5815.0
2025-04-07,15,PT1H,MC-Ternium,8165.79,5815.0
2025-04-07,16,PT1H,MC-Ternium,8130.25,5815.0
2025-04-07,17,PT1H,MC-Ternium,8560.3,5815.0
2025-04-07,18,PT1H,MC-Ternium,7346.19,5815.0
2025-04-07,19,PT1H,MC-Ternium,3622.99,5815.0
2025-04-07,20,PT1H,MC-Ternium,2454.29,5815.0
2025-04-07,21,PT1H,MC-Ternium,4773.14,5815.0
2025-04-07,22,PT1H,MC-Ternium,7584.79,5815.0
2025-04-07,23,PT1H,MC-Ternium,7892.02,5815.0
2025-04-07,24,PT1H,MC-Ternium,7329.46,5815.0
2025-04-08,1,PT1H,MC-Ternium,7625.06,6515.0
2025-04-08,2,PT1H,MC-Ternium,8013.43,6515.0
2025-04-08,3,PT1H,MC-Ternium,7343.37,6515.0
2025-04-08,4,PT1H,MC-Ternium,7616.58,6515.0
2025-04-08,5,PT1H,MC-Ternium,7596.2,6515.0
2025-04-08,6,PT1H,MC-Ternium,7159.36,6515.0
2025-04-08,7,PT1H,MC-Ternium,7592.14,6515.0
2025-04-08,8,PT1H,MC-Ternium,6684.57,6515.0
2025-04-08,9,PT1H,MC-Ternium,3057.75,6515.0
2025-04-08,10,PT1H,MC-Ternium,3496.88,6515.0
2025-04-08,11,PT1H,MC-Ternium,2454.11,6515.0
2025-04-08,12,PT1H,MC-Ternium,1636.8,6515.0
2025-04-08,13,PT1H,MC-Ternium,1641.05,6515.0
2025-04-08,14,PT1H,MC-Ternium,1687.85,6515.0
2025-04-08,15,PT1H,MC-Ternium,1689.9,6515.0
2025-04-08,16,PT1H,MC-Ternium,1684.18,6515.0
2025-04-08,17,PT1H,MC-Ternium,1706.83,6515.0
2025-04-08,18,PT1H,MC-Ternium,1922.11,6515.0
2025-04-08,19,PT1H,MC-Ternium,2467.66,6515.0
2025-04-08,20,PT1H,MC-Ternium,3835.08,6515.0
2025-04-08,21,PT1H,MC-Ternium,5848.04,6515.0
2025-04-08,22,PT1H,MC-Ternium,6202.18,6515.0
2025-04-08,23,PT1H,MC-Ternium,5294.85,6515.0
2025-04-08,24,PT1H,MC-Ternium,7026.81,6515.0
2025-04-09,1,PT1H,MC-Ternium,7663.79,7715.0
2025-04-09,2,PT1H,MC-Ternium,7064.05,7715.0
2025-04-09,3,PT1H,MC-Ternium,7740.25,7715.0
2025-04-09,4,PT1H,MC-Ternium,7451.52,7715.0
2025-04-09,5,PT1H,MC-Ternium,7525.84,7715.0
2025-04-09,6,PT1H,MC-Ternium,7681.13,7715.0
2025-04-09,7,PT1H,MC-Ternium,7913.77,7715.0
2025-04-09,8,PT1H,MC-Ternium,7617.59,7715.0
2025-04-09,9,PT1H,MC-Ternium,5863.06,7715.0
2025-04-09,10,PT1H,MC-Ternium,6839.42,7715.0
2025-04-09,11,PT1H,MC-Ternium,6971.36,7715.0
2025-04-09,12,PT1H,MC-Ternium,5141.52,7715.0
2025-04-09,13,PT1H,MC-Ternium,5294.24,7715.0
2025-04-09,14,PT1H,MC-Ternium,3502.45,7715.0
2025-04-09,15,PT1H,MC-Ternium,4421.18,7715.0
2025-04-09,16,PT1H,MC-Ternium,2421.94,7715.0
2025-04-09,17,PT1H,MC-Ternium,3138.55,7715.0
2025-04-09,18,PT1H,MC-Ternium,3157.39,7715.0
2025-04-09,19,PT1H,MC-Ternium,3387.54,7715.0
2025-04-09,20,PT1H,MC-Ternium,2654.12,7715.0
2025-04-09,21,PT1H,MC-Ternium,2470.6,7715.0
2025-04-09,22,PT1H,MC-Ternium,4273.06,7715.0
2025-04-09,23,PT1H,MC-Ternium,6211.15,7715.0
2025-04-09,24,PT1H,MC-Ternium,7108.35,7715.0
2025-04-10,1,PT1H,MC-Ternium,7302.83,6250.0
2025-04-10,2,PT1H,MC-Ternium,7543.39,6250.0
2025-04-10,3,PT1H,MC-Ternium,7578.65,6250.0
2025-04-10,4,PT1H,MC-Ternium,7769.99,6250.0
2025-04-10,5,PT1H,MC-Ternium,7508.62,6250.0
2025-04-10,6,PT1H,MC-Ternium,8153.47,6250.0
2025-04-10,7,PT1H,MC-Ternium,8129.98,6250.0
2025-04-10,8,PT1H,MC-Ternium,8284.35,6250.0
2025-04-10,9,PT1H,MC-Ternium,7126.6,6250.0
2025-04-10,10,PT1H,MC-Ternium,5167.66,6250.0
2025-04-10,11,PT1H,MC-Ternium,3615.83,6250.0
2025-04-10,12,PT1H,MC-Ternium,6578.02,6250.0
2025-04-10,13,PT1H,MC-Ternium,7391.54,6250.0
2025-04-10,14,PT1H,MC-Ternium,7715.19,6250.0
2025-04-10,15,PT1H,MC-Ternium,7656.47,6250.0
2025-04-10,16,PT1H,MC-Ternium,7699.43,6250.0
2025-04-10,17,PT1H,MC-Ternium,4885.56,6250.0
2025-04-10,18,PT1H,MC-Ternium,2361.69,6250.0
2025-04-10,19,PT1H,MC-Ternium,3113.91,6250.0
2025-04-10,20,PT1H,MC-Ternium,2546.16,6250.0
2025-04-10,21,PT1H,MC-Ternium,3320.82,6250.0
2025-04-10,22,PT1H,MC-Ternium,2831.59,6250.0
2025-04-10,23,PT1H,MC-Ternium,2822.38,6250.0
2025-04-10,24,PT1H,MC-Ternium,2627.21,6250.0
2025-04-11,1,PT1H,MC-Ternium,2742.45,5987.5
2025-04-11,2,PT1H,MC-Ternium,3137.3,5987.5
2025-04-11,3,PT1H,MC-Ternium,1194.44,5987.5
2025-04-11,4,PT1H,MC-Ternium,0.0,5987.5
2025-04-11,5,PT1H,MC-Ternium,0.0,5987.5
2025-04-11,6,PT1H,MC-Ternium,0.0,5987.5
2025-04-11,7,PT1H,MC-Ternium,0.0,5987.5
2025-04-11,8,PT1H,MC-Ternium,0.0,5987.5
2025-04-11,9,PT1H,MC-Ternium,0.0,5987.5
2025-04-11,10,PT1H,MC-Ternium,0.0,5987.5
2025-04-11,11,PT1H,MC-Ternium,0.0,5987.5
2025-04-11,12,PT1H,MC-Ternium,0.0,5987.5
2025-04-11,13,PT1H,MC-Ternium,0.0,5987.5
2025-04-11,14,PT1H,MC-Ternium,0.0,5987.5
2025-04-11,15,PT1H,MC-Ternium,0.0,5987.5
2025-04-11,16,PT1H,MC-Ternium,0.0,5987.5
2025-04-11,17,PT1H,MC-Ternium,0.0,5987.5
2025-04-11,18,PT1H,MC-Ternium,0.0,5987.5
2025-04-11,19,PT1H,MC-Ternium,0.0,5987.5
2025-04-11,20,PT1H,MC-Ternium,747.0,5987.5
2025-04-11,21,PT1H,MC-Ternium,1766.35,5987.5
2025-04-11,22,PT1H,MC-Ternium,2773.42,5987.5
2025-04-11,23,PT1H,MC-Ternium,2932.38,5987.5
2025-04-11,24,PT1H,MC-Ternium,3678.57,5987.5
2025-04-12,1,PT1H,MC-Ternium,4008.74,5875.9
2025-04-12,2,PT1H,MC-Ternium,5418.05,5875.9
2025-04-12,3,PT1H,MC-Ternium,6326.93,5875.9
2025-04-12,4,PT1H,MC-Ternium,6688.59,5875.9
2025-04-12,5,PT1H,MC-Ternium,5946.29,5875.9
2025-04-12,6,PT1H,MC-Ternium,2753.18,5875.9
2025-04-12,7,PT1H,MC-Ternium,6164.76,5875.9
2025-04-12,8,PT1H,MC-Ternium,6703.35,5875.9
2025-04-12,9,PT1H,MC-Ternium,6299.74,5875.9
2025-04-12,10,PT1H,MC-Ternium,5978.36,5875.9
2025-04-12,11,PT1H,MC-Ternium,6172.38,5875.9
2025-04-12,12,PT1H,MC-Ternium,5344.01,5875.9
2025-04-12,13,PT1H,MC-Ternium,7012.9,5875.9
2025-04-12,14,PT1H,MC-Ternium,7061.92,5875.9
2025-04-12,15,PT1H,MC-Ternium,7004.0,5875.9
2025-04-12,16,PT1H,MC-Ternium,7356.39,5875.9
2025-04-12,17,PT1H,MC-Ternium,7164.5,5875.9
2025-04-12,18,PT1H,MC-Ternium,7112.85,5875.9
2025-04-12,19,PT1H,MC-Ternium,4978.43,5875.9
2025-04-12,20,PT1H,MC-Ternium,7054.18,5875.9
2025-04-12,21,PT1H,MC-Ternium,4919.1,5875.9
2025-04-12,22,PT1H,MC-Ternium,2962.98,5875.9
2025-04-12,23,PT1H,MC-Ternium,2776.46,5875.9
2025-04-12,24,PT1H,MC-Ternium,4910.64,5875.9
2025-04-13,1,PT1H,MC-Ternium,4662.0,5675.0
2025-04-13,2,PT1H,MC-Ternium,4056.68,5675.0
2025-04-13,3,PT1H,MC-Ternium,6284.07,5675.0
2025-04-13,4,PT1H,MC-Ternium,6912.24,5675.0
2025-04-13,5,PT1H,MC-Ternium,7032.28,5675.0
2025-04-13,6,PT1H,MC-Ternium,6729.06,5675.0
2025-04-13,7,PT1H,MC-Ternium,5682.11,5675.0
2025-04-13,8,PT1H,MC-Ternium,6164.05,5675.0
2025-04-13,9,PT1H,MC-Ternium,7103.13,5675.0
2025-04-13,10,PT1H,MC-Ternium,6900.64,5675.0
2025-04-13,11,PT1H,MC-Ternium,7144.65,5675.0
2025-04-13,12,PT1H,MC-Ternium,7054.76,5675.0
2025-04-13,13,PT1H,MC-Ternium,5709.5,5675.0
2025-04-13,14,PT1H,MC-Ternium,7114.47,5675.0
2025-04-13,15,PT1H,MC-Ternium,6123.89,5675.0
2025-04-13,16,PT1H,MC-Ternium,7106.58,5675.0
2025-04-13,17,PT1H,MC-Ternium,6835.14,5675.0
2025-04-13,18,PT1H,MC-Ternium,6850.4,5675.0
2025-04-13,19,PT1H,MC-Ternium,6835.91,5675.0
2025-04-13,20,PT1H,MC-Ternium,6927.4,5675.0
2025-04-13,21,PT1H,MC-Ternium,6854.12,5675.0
2025-04-13,22,PT1H,MC-Ternium,6838.67,5675.0
2025-04-13,23,PT1H,MC-Ternium,6916.27,5675.0
2025-04-13,24,PT1H,MC-Ternium,4053.62,5675.0
2025-04-14,1,PT1H,MC-Ternium,6767.06,5825.0
2025-04-14,2,PT1H,MC-Ternium,6928.77,5825.0
2025-04-14,3,PT1H,MC-Ternium,6202.41,5825.0
2025-04-14,4,PT1H,MC-Ternium,6682.63,5825.0
2025-04-14,5,PT1H,MC-Ternium,6616.87,5825.0
2025-04-14,6,PT1H,MC-Ternium,6112.1,5825.0
2025-04-14,7,PT1H,MC-Ternium,6191.59,5825.0
2025-04-14,8,PT1H,MC-Ternium,6711.44,5825.0
2025-04-14,9,PT1H,MC-Ternium,6823.64,5825.0
2025-04-14,10,PT1H,MC-Ternium,6794.39,5825.0
2025-04-14,11,PT1H,MC-Ternium,6941.85,5825.0
2025-04-14,12,PT1H,MC-Ternium,6882.99,5825.0
2025-04-14,13,PT1H,MC-Ternium,6849.72,5825.0
2025-04-14,14,PT1H,MC-Ternium,6624.99,5825.0
2025-04-14,15,PT1H,MC-Ternium,6783.2,5825.0
2025-04-14,16,PT1H,MC-Ternium,7099.0,5825.0
2025-04-14,17,PT1H,MC-Ternium,7031.37,5825.0
2025-04-14,18,PT1H,MC-Ternium,7237.36,5825.0
2025-04-14,19,PT1H,MC-Ternium,7219.58,5825.0
2025-04-14,20,PT1H,MC-Ternium,7048.17,5825.0
2025-04-14,21,PT1H,MC-Ternium,6806.08,5825.0
2025-04-14,22,PT1H,MC-Ternium,5111.09,5825.0
2025-04-14,23,PT1H,MC-Ternium,6085.88,5825.0
2025-04-14,24,PT1H,MC-Ternium,5368.72,5825.0
2025-04-15,1,PT1H,MC-Ternium,5721.83,5975.0
2025-04-15,2,PT1H,MC-Ternium,3610.08,5975.0
2025-04-15,3,PT1H,MC-Ternium,6676.1,5975.0
2025-04-15,4,PT1H,MC-Ternium,5739.12,5975.0
2025-04-15,5,PT1H,MC-Ternium,4812.56,5975.0
2025-04-15,6,PT1H,MC-Ternium,6908.33,5975.0
2025-04-15,7,PT1H,MC-Ternium,6452.81,5975.0
2025-04-15,8,PT1H,MC-Ternium,5244.12,5975.0
2025-04-15,9,PT1H,MC-Ternium,5688.32,5975.0
2025-04-15,10,PT1H,MC-Ternium,1813.97,5975.0
2025-04-15,11,PT1H,MC-Ternium,1737.64,5975.0
2025-04-15,12,PT1H,MC-Ternium,1828.91,5975.0
2025-04-15,13,PT1H,MC-Ternium,1883.77,5975.0
2025-04-15,14,PT1H,MC-Ternium,1913.77,5975.0
2025-04-15,15,PT1H,MC-Ternium,2110.78,5975.0
2025-04-15,16,PT1H,MC-Ternium,3045.14,5975.0
2025-04-15,17,PT1H,MC-Ternium,2733.82,5975.0
2025-04-15,18,PT1H,MC-Ternium,2754.1,5975.0
2025-04-15,19,PT1H,MC-Ternium,2763.38,5975.0
2025-04-15,20,PT1H,MC-Ternium,2742.05,5975.0
2025-04-15,21,PT1H,MC-Ternium,4716.99,5975.0
2025-04-15,22,PT1H,MC-Ternium,6069.15,5975.0
2025-04-15,23,PT1H,MC-Ternium,6613.46,5975.0
2025-04-15,24,PT1H,MC-Ternium,6947.8,5975.0
2025-04-16,1,PT1H,MC-Ternium,6767.32,6175.0
2025-04-16,2,PT1H,MC-Ternium,7111.89,6175.0
2025-04-16,3,PT1H,MC-Ternium,7232.01,6175.0
2025-04-16,4,PT1H,MC-Ternium,7156.19,6175.0
2025-04-16,5,PT1H,MC-Ternium,7255.33,6175.0
2025-04-16,6,PT1H,MC-Ternium,7074.66,6175.0
2025-04-16,7,PT1H,MC-Ternium,5816.64,6175.0
2025-04-16,8,PT1H,MC-Ternium,7117.22,6175.0
2025-04-16,9,PT1H,MC-Ternium,7050.34,6175.0
2025-04-16,10,PT1H,MC-Ternium,7101.64,6175.0
2025-04-16,11,PT1H,MC-Ternium,7189.05,6175.0
2025-04-16,12,PT1H,MC-Ternium,6231.02,6175.0
2025-04-16,13,PT1H,MC-Ternium,6390.47,6175.0
2025-04-16,14,PT1H,MC-Ternium,6354.44,6175.0
2025-04-16,15,PT1H,MC-Ternium,7126.69,6175.0
2025-04-16,16,PT1H,MC-Ternium,6257.78,6175.0
2025-04-16,17,PT1H,MC-Ternium,7274.13,6175.0
2025-04-16,18,PT1H,MC-Ternium,6737.24,6175.0
2025-04-16,19,PT1H,MC-Ternium,2933.95,6175.0
2025-04-16,20,PT1H,MC-Ternium,4304.03,6175.0
2025-04-16,21,PT1H,MC-Ternium,5940.81,6175.0
2025-04-16,22,PT1H,MC-Ternium,6975.19,6175.0
2025-04-16,23,PT1H,MC-Ternium,5001.74,6175.0
2025-04-16,24,PT1H,MC-Ternium,6080.88,6175.0
2025-04-17,1,PT1H,MC-Ternium,3771.38,6175.0
2025-04-17,2,PT1H,MC-Ternium,4839.81,6175.0
2025-04-17,3,PT1H,MC-Ternium,6646.91,6175.0
2025-04-17,4,PT1H,MC-Ternium,4819.8,6175.0
2025-04-17,5,PT1H,MC-Ternium,6425.83,6175.0
2025-04-17,6,PT1H,MC-Ternium,5720.17,6175.0
2025-04-17,7,PT1H,MC-Ternium,6827.85,6175.0
2025-04-17,8,PT1H,MC-Ternium,3676.42,6175.0
2025-04-17,9,PT1H,MC-Ternium,6141.87,6175.0
2025-04-17,10,PT1H,MC-Ternium,5727.9,6175.0
2025-04-17,11,PT1H,MC-Ternium,7060.42,6175.0
2025-04-17,12,PT1H,MC-Ternium,7163.2,6175.0
2025-04-17,13,PT1H,MC-Ternium,7253.67,6175.0
2025-04-17,14,PT1H,MC-Ternium,7269.59,6175.0
2025-04-17,15,PT1H,MC-Ternium,6193.95,6175.0
2025-04-17,16,PT1H,MC-Ternium,7123.84,6175.0
2025-04-17,17,PT1H,MC-Ternium,7174.92,6175.0
2025-04-17,18,PT1H,MC-Ternium,7257.92,6175.0
2025-04-17,19,PT1H,MC-Ternium,6049.48,6175.0
2025-04-17,20,PT1H,MC-Ternium,7288.3,6175.0
2025-04-17,21,PT1H,MC-Ternium,7406.09,6175.0
2025-04-17,22,PT1H,MC-Ternium,7443.01,6175.0
2025-04-17,23,PT1H,MC-Ternium,7447.78,6175.0
2025-04-17,24,PT1H,MC-Ternium,7449.85,6175.0
2025-04-18,1,PT1H,MC-Ternium,7303.68,5875.0
2025-04-18,2,PT1H,MC-Ternium,7421.61,5875.0
2025-04-18,3,PT1H,MC-Ternium,7474.41,5875.0
2025-04-18,4,PT1H,MC-Ternium,7460.09,5875.0
2025-04-18,5,PT1H,MC-Ternium,3178.11,5875.0
2025-04-18,6,PT1H,MC-Ternium,3685.66,5875.0
2025-04-18,7,PT1H,MC-Ternium,4523.33,5875.0
2025-04-18,8,PT1H,MC-Ternium,2020.72,5875.0
2025-04-18,9,PT1H,MC-Ternium,3018.67,5875.0
2025-04-18,10,PT1H,MC-Ternium,5567.7,5875.0
2025-04-18,11,PT1H,MC-Ternium,6297.19,5875.0
2025-04-18,12,PT1H,MC-Ternium,6038.19,5875.0
2025-04-18,13,PT1H,MC-Ternium,6860.66,5875.0
2025-04-18,14,PT1H,MC-Ternium,5181.87,5875.0
2025-04-18,15,PT1H,MC-Ternium,6920.66,5875.0
2025-04-18,16,PT1H,MC-Ternium,6998.3,5875.0
2025-04-18,17,PT1H,MC-Ternium,5341.4,5875.0
2025-04-18,18,PT1H,MC-Ternium,4700.15,5875.0
2025-04-18,19,PT1H,MC-Ternium,6904.4,5875.0
2025-04-18,20,PT1H,MC-Ternium,6903.39,5875.0
2025-04-18,21,PT1H,MC-Ternium,6901.32,5875.0
2025-04-18,22,PT1H,MC-Ternium,6997.96,5875.0
2025-04-18,23,PT1H,MC-Ternium,5785.79,5875.0
2025-04-18,24,PT1H,MC-Ternium,6916.62,5875.0
2025-04-19,1,PT1H,MC-Ternium,6948.72,6435.0
2025-04-19,2,PT1H,MC-Ternium,7120.67,6435.0
2025-04-19,3,PT1H,MC-Ternium,7107.64,6435.0
2025-04-19,4,PT1H,MC-Ternium,7102.54,6435.0
2025-04-19,5,PT1H,MC-Ternium,7091.86,6435.0
2025-04-19,6,PT1H,MC-Ternium,7009.07,6435.0
2025-04-19,7,PT1H,MC-Ternium,7084.24,6435.0
2025-04-19,8,PT1H,MC-Ternium,6942.16,6435.0
2025-04-19,9,PT1H,MC-Ternium,4434.88,6435.0
2025-04-19,10,PT1H,MC-Ternium,2915.81,6435.0
2025-04-19,11,PT1H,MC-Ternium,4335.9,6435.0
2025-04-19,12,PT1H,MC-Ternium,6582.56,6435.0
2025-04-19,13,PT1H,MC-Ternium,6775.13,6435.0
2025-04-19,14,PT1H,MC-Ternium,6894.14,6435.0
2025-04-19,15,PT1H,MC-Ternium,6848.39,6435.0
2025-04-19,16,PT1H,MC-Ternium,7150.75,6435.0
2025-04-19,17,PT1H,MC-Ternium,7249.82,6435.0
2025-04-19,18,PT1H,MC-Ternium,7302.07,6435.0
2025-04-19,19,PT1H,MC-Ternium,7372.75,6435.0
2025-04-19,20,PT1H,MC-Ternium,7184.6,6435.0
2025-04-19,21,PT1H,MC-Ternium,5150.14,6435.0
2025-04-19,22,PT1H,MC-Ternium,5624.69,6435.0
2025-04-19,23,PT1H,MC-Ternium,6974.99,6435.0
2025-04-19,24,PT1H,MC-Ternium,7058.17,6435.0
2025-04-20,1,PT1H,MC-Ternium,6869.85,6557.0
2025-04-20,2,PT1H,MC-Ternium,6195.03,6557.0
2025-04-20,3,PT1H,MC-Ternium,6645.75,6557.0
2025-04-20,4,PT1H,MC-Ternium,6840.69,6557.0
2025-04-20,5,PT1H,MC-Ternium,6611.68,6557.0
2025-04-20,6,PT1H,MC-Ternium,7032.47,6557.0
2025-04-20,7,PT1H,MC-Ternium,6696.94,6557.0
2025-04-20,8,PT1H,MC-Ternium,5274.99,6557.0
2025-04-20,9,PT1H,MC-Ternium,6857.51,6557.0
2025-04-20,10,PT1H,MC-Ternium,6701.13,6557.0
2025-04-20,11,PT1H,MC-Ternium,6874.09,6557.0
2025-04-20,12,PT1H,MC-Ternium,7029.2,6557.0
2025-04-20,13,PT1H,MC-Ternium,6559.87,6557.0
2025-04-20,14,PT1H,MC-Ternium,7105.71,6557.0
2025-04-20,15,PT1H,MC-Ternium,7269.51,6557.0
2025-04-20,16,PT1H,MC-Ternium,3374.08,6557.0
2025-04-20,17,PT1H,MC-Ternium,6568.93,6557.0
2025-04-20,18,PT1H,MC-Ternium,6752.5,6557.0
2025-04-20,19,PT1H,MC-Ternium,6606.42,6557.0
2025-04-20,20,PT1H,MC-Ternium,6045.7,6557.0
2025-04-20,21,PT1H,MC-Ternium,4280.67,6557.0
2025-04-20,22,PT1H,MC-Ternium,2702.83,6557.0
2025-04-20,23,PT1H,MC-Ternium,5635.38,6557.0
2025-04-20,24,PT1H,MC-Ternium,6484.33,6557.0
2025-04-21,1,PT1H,MC-Ternium,7057.98,6125.0
2025-04-21,2,PT1H,MC-Ternium,7043.02,6125.0
2025-04-21,3,PT1H,MC-Ternium,6687.52,6125.0
2025-04-21,4,PT1H,MC-Ternium,6326.49,6125.0
2025-04-21,5,PT1H,MC-Ternium,6569.21,6125.0
2025-04-21,6,PT1H,MC-Ternium,4207.45,6125.0
2025-04-21,7,PT1H,MC-Ternium,2801.48,6125.0
2025-04-21,8,PT1H,MC-Ternium,5416.86,6125.0
2025-04-21,9,PT1H,MC-Ternium,2933.41,6125.0
2025-04-21,10,PT1H,MC-Ternium,3392.48,6125.0
2025-04-21,11,PT1H,MC-Ternium,6533.2,6125.0
2025-04-21,12,PT1H,MC-Ternium,6807.2,6125.0
2025-04-21,13,PT1H,MC-Ternium,4570.77,6125.0
2025-04-21,14,PT1H,MC-Ternium,5738.88,6125.0
2025-04-21,15,PT1H,MC-Ternium,4592.71,6125.0
2025-04-21,16,PT1H,MC-Ternium,5087.37,6125.0
2025-04-21,17,PT1H,MC-Ternium,5681.86,6125.0
2025-04-21,18,PT1H,MC-Ternium,6887.73,6125.0
2025-04-21,19,PT1H,MC-Ternium,6925.91,6125.0
2025-04-21,20,PT1H,MC-Ternium,5994.22,6125.0
2025-04-21,21,PT1H,MC-Ternium,6958.28,6125.0
2025-04-21,22,PT1H,MC-Ternium,5766.2,6125.0
2025-04-21,23,PT1H,MC-Ternium,6895.06,6125.0
2025-04-21,24,PT1H,MC-Ternium,6982.08,6125.0
2025-04-22,1,PT1H,MC-Ternium,6184.07,6525.0
2025-04-22,2,PT1H,MC-Ternium,7069.07,6525.0
2025-04-22,3,PT1H,MC-Ternium,7017.16,6525.0
2025-04-22,4,PT1H,MC-Ternium,6372.74,6525.0
2025-04-22,5,PT1H,MC-Ternium,5515.41,6525.0
2025-04-22,6,PT1H,MC-Ternium,6947.88,6525.0
2025-04-22,7,PT1H,MC-Ternium,6752.24,6525.0
2025-04-22,8,PT1H,MC-Ternium,6872.61,6525.0
2025-04-22,9,PT1H,MC-Ternium,7009.21,6525.0
2025-04-22,10,PT1H,MC-Ternium,6562.12,6525.0
2025-04-22,11,PT1H,MC-Ternium,6759.65,6525.0
2025-04-22,12,PT1H,MC-Ternium,4882.47,6525.0
2025-04-22,13,PT1H,MC-Ternium,3892.86,6525.0
2025-04-22,14,PT1H,MC-Ternium,2462.82,6525.0
2025-04-22,15,PT1H,MC-Ternium,0.0,6525.0
2025-04-22,16,PT1H,MC-Ternium,446.07,6525.0
2025-04-22,17,PT1H,MC-Ternium,1755.3,6525.0
2025-04-22,18,PT1H,MC-Ternium,5030.54,6525.0
2025-04-22,19,PT1H,MC-Ternium,6429.03,6525.0
2025-04-22,20,PT1H,MC-Ternium,5837.86,6525.0
2025-04-22,21,PT1H,MC-Ternium,3136.65,6525.0
2025-04-22,22,PT1H,MC-Ternium,3541.89,6525.0
2025-04-22,23,PT1H,MC-Ternium,3635.01,6525.0
2025-04-22,24,PT1H,MC-Ternium,2906.23,6525.0
2025-04-23,1,PT1H,MC-Ternium,4182.14,6625.0
2025-04-23,2,PT1H,MC-Ternium,6380.27,6625.0
2025-04-23,3,PT1H,MC-Ternium,6808.08,6625.0
2025-04-23,4,PT1H,MC-Ternium,6827.73,6625.0
2025-04-23,5,PT1H,MC-Ternium,4439.74,6625.0
2025-04-23,6,PT1H,MC-Ternium,2341.99,6625.0
2025-04-23,7,PT1H,MC-Ternium,2993.81,6625.0
2025-04-23,8,PT1H,MC-Ternium,2325.92,6625.0
2025-04-23,9,PT1H,MC-Ternium,1600.75,6625.0
2025-04-23,10,PT1H,MC-Ternium,1561.24,6625.0
2025-04-23,11,PT1H,MC-Ternium,1592.59,6625.0
2025-04-23,12,PT1H,MC-Ternium,1548.39,6625.0
2025-04-23,13,PT1H,MC-Ternium,1547.42,6625.0
2025-04-23,14,PT1H,MC-Ternium,1548.31,6625.0
2025-04-23,15,PT1H,MC-Ternium,1459.01,6625.0
2025-04-23,16,PT1H,MC-Ternium,1531.24,6625.0
2025-04-23,17,PT1H,MC-Ternium,1590.99,6625.0
2025-04-23,18,PT1H,MC-Ternium,1659.5,6625.0
2025-04-23,19,PT1H,MC-Ternium,2646.45,6625.0
2025-04-23,20,PT1H,MC-Ternium,3260.04,6625.0
2025-04-23,21,PT1H,MC-Ternium,4870.48,6625.0
2025-04-23,22,PT1H,MC-Ternium,7352.61,6625.0
2025-04-23,23,PT1H,MC-Ternium,7911.95,6625.0
2025-04-23,24,PT1H,MC-Ternium,7852.41,6625.0
2025-04-24,1,PT1H,MC-Ternium,7350.72,5987.5
2025-04-24,2,PT1H,MC-Ternium,7286.85,5987.5
2025-04-24,3,PT1H,MC-Ternium,7509.31,5987.5
2025-04-24,4,PT1H,MC-Ternium,7742.46,5987.5
2025-04-24,5,PT1H,MC-Ternium,7675.12,5987.5
2025-04-24,6,PT1H,MC-Ternium,7379.98,5987.5
2025-04-24,7,PT1H,MC-Ternium,6059.21,5987.5
2025-04-24,8,PT1H,MC-Ternium,5597.91,5987.5
2025-04-24,9,PT1H,MC-Ternium,7000.91,5987.5
2025-04-24,10,PT1H,MC-Ternium,7198.41,5987.5
2025-04-24,11,PT1H,MC-Ternium,7070.87,5987.5
2025-04-24,12,PT1H,MC-Ternium,7447.25,5987.5
2025-04-24,13,PT1H,MC-Ternium,6376.01,5987.5
2025-04-24,14,PT1H,MC-Ternium,6368.47,5987.5
2025-04-24,15,PT1H,MC-Ternium,6295.51,5987.5
2025-04-24,16,PT1H,MC-Ternium,7168.98,5987.5
2025-04-24,17,PT1H,MC-Ternium,5322.08,5987.5
2025-04-24,18,PT1H,MC-Ternium,5844.49,5987.5
2025-04-24,19,PT1H,MC-Ternium,5437.33,5987.5
2025-04-24,20,PT1H,MC-Ternium,5107.35,5987.5
2025-04-24,21,PT1H,MC-Ternium,5560.15,5987.5
2025-04-24,22,PT1H,MC-Ternium,6524.0,5987.5
2025-04-24,23,PT1H,MC-Ternium,6044.29,5987.5
2025-04-24,24,PT1H,MC-Ternium,3966.1,5987.5
2025-04-25,1,PT1H,MC-Ternium,6134.69,5987.5
2025-04-25,2,PT1H,MC-Ternium,5850.82,5987.5
2025-04-25,3,PT1H,MC-Ternium,5504.06,5987.5
2025-04-25,4,PT1H,MC-Ternium,6129.62,5987.5
2025-04-25,5,PT1H,MC-Ternium,5862.62,5987.5
2025-04-25,6,PT1H,MC-Ternium,6737.14,5987.5
2025-04-25,7,PT1H,MC-Ternium,5360.83,5987.5
2025-04-25,8,PT1H,MC-Ternium,4995.46,5987.5
2025-04-25,9,PT1H,MC-Ternium,1735.38,5987.5
2025-04-25,10,PT1H,MC-Ternium,1713.58,5987.5
2025-04-25,11,PT1H,MC-Ternium,1968.77,5987.5
2025-04-25,12,PT1H,MC-Ternium,3071.37,5987.5
2025-04-25,13,PT1H,MC-Ternium,5052.12,5987.5
2025-04-25,14,PT1H,MC-Ternium,4933.17,5987.5
2025-04-25,15,PT1H,MC-Ternium,6076.2,5987.5
2025-04-25,16,PT1H,MC-Ternium,4432.05,5987.5
2025-04-25,17,PT1H,MC-Ternium,6356.59,5987.5
2025-04-25,18,PT1H,MC-Ternium,5214.42,5987.5
2025-04-25,19,PT1H,MC-Ternium,6432.77,5987.5
2025-04-25,20,PT1H,MC-Ternium,4643.07,5987.5
2025-04-25,21,PT1H,MC-Ternium,4366.36,5987.5
2025-04-25,22,PT1H,MC-Ternium,6367.5,5987.5
2025-04-25,23,PT1H,MC-Ternium,5309.33,5987.5
2025-04-25,24,PT1H,MC-Ternium,3855.11,5987.5
2025-04-26,1,PT1H,MC-Ternium,6123.71,5775.0
2025-04-26,2,PT1H,MC-Ternium,5424.78,5775.0
2025-04-26,3,PT1H,MC-Ternium,6059.38,5775.0
2025-04-26,4,PT1H,MC-Ternium,4927.68,5775.0
2025-04-26,5,PT1H,MC-Ternium,6086.63,5775.0
2025-04-26,6,PT1H,MC-Ternium,5901.22,5775.0
2025-04-26,7,PT1H,MC-Ternium,4289.44,5775.0
2025-04-26,8,PT1H,MC-Ternium,6050.67,5775.0
2025-04-26,9,PT1H,MC-Ternium,6068.29,5775.0
2025-04-26,10,PT1H,MC-Ternium,4751.29,5775.0
2025-04-26,11,PT1H,MC-Ternium,2839.43,5775.0
2025-04-26,12,PT1H,MC-Ternium,4380.04,5775.0
2025-04-26,13,PT1H,MC-Ternium,2798.57,5775.0
2025-04-26,14,PT1H,MC-Ternium,5917.23,5775.0
2025-04-26,15,PT1H,MC-Ternium,6070.6,5775.0
2025-04-26,16,PT1H,MC-Ternium,6197.38,5775.0
2025-04-26,17,PT1H,MC-Ternium,6236.37,5775.0
2025-04-26,18,PT1H,MC-Ternium,6166.44,5775.0
2025-04-26,19,PT1H,MC-Ternium,4982.35,5775.0
2025-04-26,20,PT1H,MC-Ternium,3851.07,5775.0
2025-04-26,21,PT1H,MC-Ternium,4278.54,5775.0
2025-04-26,22,PT1H,MC-Ternium,2338.31,5775.0
2025-04-26,23,PT1H,MC-Ternium,5221.23,5775.0
2025-04-26,24,PT1H,MC-Ternium,5345.73,5775.0
2025-04-27,1,PT1H,MC-Ternium,6404.05,6457.0
2025-04-27,2,PT1H,MC-Ternium,6419.98,6457.0
2025-04-27,3,PT1H,MC-Ternium,4737.35,6457.0
2025-04-27,4,PT1H,MC-Ternium,5443.15,6457.0
2025-04-27,5,PT1H,MC-Ternium,4401.98,6457.0
2025-04-27,6,PT1H,MC-Ternium,6143.28,6457.0
2025-04-27,7,PT1H,MC-Ternium,3975.51,6457.0
2025-04-27,8,PT1H,MC-Ternium,6005.67,6457.0
2025-04-27,9,PT1H,MC-Ternium,3942.9,6457.0
2025-04-27,10,PT1H,MC-Ternium,5888.47,6457.0
2025-04-27,11,PT1H,MC-Ternium,2888.6,6457.0
2025-04-27,12,PT1H,MC-Ternium,5237.06,6457.0
2025-04-27,13,PT1H,MC-Ternium,3924.98,6457.0
2025-04-27,14,PT1H,MC-Ternium,6486.88,6457.0
2025-04-27,15,PT1H,MC-Ternium,5781.53,6457.0
2025-04-27,16,PT1H,MC-Ternium,5354.97,6457.0
2025-04-27,17,PT1H,MC-Ternium,5517.75,6457.0
2025-04-27,18,PT1H,MC-Ternium,2185.21,6457.0
2025-04-27,19,PT1H,MC-Ternium,1824.62,6457.0
2025-04-27,20,PT1H,MC-Ternium,1848.67,6457.0
2025-04-27,21,PT1H,MC-Ternium,1818.49,6457.0
2025-04-27,22,PT1H,MC-Ternium,1798.7,6457.0
2025-04-27,23,PT1H,MC-Ternium,2488.22,6457.0
2025-04-27,24,PT1H,MC-Ternium,3088.93,6457.0
2025-04-28,1,PT1H,MC-Ternium,2632.61,5960.0
2025-04-28,2,PT1H,MC-Ternium,3451.45,5960.0
2025-04-28,3,PT1H,MC-Ternium,2858.03,5960.0
2025-04-28,4,PT1H,MC-Ternium,5024.29,5960.0
2025-04-28,5,PT1H,MC-Ternium,4712.79,5960.0
2025-04-28,6,PT1H,MC-Ternium,5183.31,5960.0
2025-04-28,7,PT1H,MC-Ternium,4486.26,5960.0
2025-04-28,8,PT1H,MC-Ternium,4470.83,5960.0
2025-04-28,9,PT1H,MC-Ternium,4118.26,5960.0
2025-04-28,10,PT1H,MC-Ternium,5898.57,5960.0
2025-04-28,11,PT1H,MC-Ternium,4973.25,5960.0
2025-04-28,12,PT1H,MC-Ternium,5498.23,5960.0
2025-04-28,13,PT1H,MC-Ternium,5640.51,5960.0
2025-04-28,14,PT1H,MC-Ternium,5517.08,5960.0
2025-04-28,15,PT1H,MC-Ternium,5738.77,5960.0
2025-04-28,16,PT1H,MC-Ternium,5978.35,5960.0
2025-04-28,17,PT1H,MC-Ternium,5507.11,5960.0
2025-04-28,18,PT1H,MC-Ternium,5350.7,5960.0
2025-04-28,19,PT1H,MC-Ternium,4295.75,5960.0
2025-04-28,20,PT1H,MC-Ternium,4858.73,5960.0
2025-04-28,21,PT1H,MC-Ternium,5312.23,5960.0
2025-04-28,22,PT1H,MC-Ternium,5847.19,5960.0
2025-04-28,23,PT1H,MC-Ternium,4688.29,5960.0
2025-04-28,24,PT1H,MC-Ternium,5544.9,5960.0
2025-04-29,1,PT1H,MC-Ternium,4759.26,5355.0
2025-04-29,2,PT1H,MC-Ternium,5768.07,5355.0
2025-04-29,3,PT1H,MC-Ternium,5407.84,5355.0
2025-04-29,4,PT1H,MC-Ternium,6212.48,5355.0
2025-04-29,5,PT1H,MC-Ternium,5892.79,5355.0
2025-04-29,6,PT1H,MC-Ternium,3722.09,5355.0
2025-04-29,7,PT1H,MC-Ternium,5334.44,5355.0
2025-04-29,8,PT1H,MC-Ternium,4584.91,5355.0
2025-04-29,9,PT1H,MC-Ternium,5706.72,5355.0
2025-04-29,10,PT1H,MC-Ternium,5444.19,5355.0
2025-04-29,11,PT1H,MC-Ternium,5929.25,5355.0
2025-04-29,12,PT1H,MC-Ternium,4430.4,5355.0
2025-04-29,13,PT1H,MC-Ternium,3366.88,5355.0
2025-04-29,14,PT1H,MC-Ternium,3326.67,5355.0
2025-04-29,15,PT1H,MC-Ternium,1775.54,5355.0
2025-04-29,16,PT1H,MC-Ternium,1752.16,5355.0
2025-04-29,17,PT1H,MC-Ternium,2088.05,5355.0
2025-04-29,18,PT1H,MC-Ternium,2445.65,5355.0
2025-04-29,19,PT1H,MC-Ternium,3553.18,5355.0
2025-04-29,20,PT1H,MC-Ternium,5079.75,5355.0
2025-04-29,21,PT1H,MC-Ternium,6205.13,5355.0
2025-04-29,22,PT1H,MC-Ternium,7545.44,5355.0
2025-04-29,23,PT1H,MC-Ternium,7808.51,5355.0
2025-04-29,24,PT1H,MC-Ternium,7946.19,5355.0
2025-04-30,1,PT1H,MC-Ternium,7781.66,4987.5
2025-04-30,2,PT1H,MC-Ternium,7741.3,4987.5
2025-04-30,3,PT1H,MC-Ternium,7650.96,4987.5
2025-04-30,4,PT1H,MC-Ternium,8013.73,4987.5
2025-04-30,5,PT1H,MC-Ternium,6624.06,4987.5
2025-04-30,6,PT1H,MC-Ternium,5730.76,4987.5
2025-04-30,7,PT1H,MC-Ternium,7054.85,4987.5
2025-04-30,8,PT1H,MC-Ternium,7721.31,4987.5
2025-04-30,9,PT1H,MC-Ternium,7461.68,4987.5
2025-04-30,10,PT1H,MC-Ternium,3914.69,4987.5
2025-04-30,11,PT1H,MC-Ternium,5694.01,4987.5
2025-04-30,12,PT1H,MC-Ternium,5491.32,4987.5
2025-04-30,13,PT1H,MC-Ternium,6104.69,4987.5
2025-04-30,14,PT1H,MC-Ternium,5114.38,4987.5
2025-04-30,15,PT1H,MC-Ternium,5857.76,4987.5
2025-04-30,16,PT1H,MC-Ternium,6378.2,4987.5
2025-04-30,17,PT1H,MC-Ternium,6184.77,4987.5
2025-04-30,18,PT1H,MC-Ternium,6492.24,4987.5
2025-04-30,19,PT1H,MC-Ternium,6071.99,4987.5
2025-04-30,20,PT1H,MC-Ternium,5799.35,4987.5
2025-04-30,21,PT1H,MC-Ternium,5164.99,4987.5
2025-04-30,22,PT1H,MC-Ternium,6677.1,4987.5
2025-04-30,23,PT1H,MC-Ternium,7148.37,4987.5
2025-04-30,24,PT1H,MC-Ternium,7034.39,4987.5
2025-05-01,1,PT1H,MC-Ternium,5512.45,5015.0
2025-05-01,2,PT1H,MC-Ternium,2670.59,5015.0
2025-05-01,3,PT1H,MC-Ternium,5208.34,5015.0
2025-05-01,4,PT1H,MC-Ternium,6002.18,5015.0
2025-05-01,5,PT1H,MC-Ternium,6591.35,5015.0
2025-05-01,6,PT1H,MC-Ternium,7481.37,5015.0
2025-05-01,7,PT1H,MC-Ternium,7508.64,5015.0
2025-05-01,8,PT1H,MC-Ternium,6516.35,5015.0
2025-05-01,9,PT1H,MC-Ternium,7080.77,5015.0
2025-05-01,10,PT1H,MC-Ternium,7973.83,5015.0
2025-05-01,11,PT1H,MC-Ternium,7797.88,5015.0
2025-05-01,12,PT1H,MC-Ternium,6959.84,5015.0
2025-05-01,13,PT1H,MC-Ternium,8059.32,5015.0
2025-05-01,14,PT1H,MC-Ternium,7891.0,5015.0
2025-05-01,15,PT1H,MC-Ternium,7190.56,5015.0
2025-05-01,16,PT1H,MC-Ternium,7388.35,5015.0
2025-05-01,17,PT1H,MC-Ternium,8052.7,5015.0
2025-05-01,18,PT1H,MC-Ternium,3921.99,5015.0
2025-05-01,19,PT1H,MC-Ternium,3976.98,5015.0
2025-05-01,20,PT1H,MC-Ternium,7573.65,5015.0
2025-05-01,21,PT1H,MC-Ternium,7482.15,5015.0
2025-05-01,22,PT1H,MC-Ternium,7656.89,5015.0
2025-05-01,23,PT1H,MC-Ternium,7745.92,5015.0
2025-05-01,24,PT1H,MC-Ternium,8005.58,5015.0
2025-05-02,1,PT1H,MC-Ternium,6870.73,6105.0
2025-05-02,2,PT1H,MC-Ternium,5099.76,6105.0
2025-05-02,3,PT1H,MC-Ternium,5817.33,6105.0
2025-05-02,4,PT1H,MC-Ternium,7367.54,6105.0
2025-05-02,5,PT1H,MC-Ternium,6964.99,6105.0
2025-05-02,6,PT1H,MC-Ternium,7978.15,6105.0
2025-05-02,7,PT1H,MC-Ternium,6181.66,6105.0
2025-05-02,8,PT1H,MC-Ternium,4922.96,6105.0
2025-05-02,9,PT1H,MC-Ternium,1894.72,6105.0
2025-05-02,10,PT1H,MC-Ternium,1670.38,6105.0
2025-05-02,11,PT1H,MC-Ternium,1715.77,6105.0
2025-05-02,12,PT1H,MC-Ternium,1534.12,6105.0
2025-05-02,13,PT1H,MC-Ternium,1472.22,6105.0
2025-05-02,14,PT1H,MC-Ternium,1406.13,6105.0
2025-05-02,15,PT1H,MC-Ternium,1539.06,6105.0
2025-05-02,16,PT1H,MC-Ternium,1553.05,6105.0
2025-05-02,17,PT1H,MC-Ternium,1584.68,6105.0
2025-05-02,18,PT1H,MC-Ternium,1678.99,6105.0
2025-05-02,19,PT1H,MC-Ternium,1987.92,6105.0
2025-05-02,20,PT1H,MC-Ternium,2821.62,6105.0
2025-05-02,21,PT1H,MC-Ternium,3374.82,6105.0
2025-05-02,22,PT1H,MC-Ternium,5598.86,6105.0
2025-05-02,23,PT1H,MC-Ternium,7336.75,6105.0
2025-05-02,24,PT1H,MC-Ternium,7338.68,6105.0
2025-05-03,1,PT1H,MC-Ternium,7471.66,5967.5
2025-05-03,2,PT1H,MC-Ternium,8021.6,5967.5
2025-05-03,3,PT1H,MC-Ternium,6015.32,5967.5
2025-05-03,4,PT1H,MC-Ternium,4464.96,5967.5
2025-05-03,5,PT1H,MC-Ternium,4238.95,5967.5
2025-05-03,6,PT1H,MC-Ternium,6056.6,5967.5
2025-05-03,7,PT1H,MC-Ternium,5415.62,5967.5
2025-05-03,8,PT1H,MC-Ternium,6866.58,5967.5
2025-05-03,9,PT1H,MC-Ternium,7784.12,5967.5
2025-05-03,10,PT1H,MC-Ternium,8081.99,5967.5
2025-05-03,11,PT1H,MC-Ternium,7851.42,5967.5
2025-05-03,12,PT1H,MC-Ternium,7290.39,5967.5
2025-05-03,13,PT1H,MC-Ternium,4788.55,5967.5
2025-05-03,14,PT1H,MC-Ternium,2996.23,5967.5
2025-05-03,15,PT1H,MC-Ternium,5252.61,5967.5
2025-05-03,16,PT1H,MC-Ternium,6169.28,5967.5
2025-05-03,17,PT1H,MC-Ternium,7664.1,5967.5
2025-05-03,18,PT1H,MC-Ternium,5092.84,5967.5
2025-05-03,19,PT1H,MC-Ternium,4300.6,5967.5
2025-05-03,20,PT1H,MC-Ternium,5494.93,5967.5
2025-05-03,21,PT1H,MC-Ternium,6905.37,5967.5
2025-05-03,22,PT1H,MC-Ternium,7325.7,5967.5
2025-05-03,23,PT1H,MC-Ternium,7427.15,5967.5
2025-05-03,24,PT1H,MC-Ternium,6547.12,5967.5
2025-05-04,1,PT1H,MC-Ternium,7890.96,6575.0
2025-05-04,2,PT1H,MC-Ternium,7595.53,6575.0
2025-05-04,3,PT1H,MC-Ternium,7841.69,6575.0
2025-05-04,4,PT1H,MC-Ternium,6374.53,6575.0
2025-05-04,5,PT1H,MC-Ternium,7317.38,6575.0
2025-05-04,6,PT1H,MC-Ternium,6553.48,6575.0
2025-05-04,7,PT1H,MC-Ternium,5747.82,6575.0
2025-05-04,8,PT1H,MC-Ternium,6168.83,6575.0
2025-05-04,9,PT1H,MC-Ternium,5604.44,6575.0
2025-05-04,10,PT1H,MC-Ternium,7417.27,6575.0
2025-05-04,11,PT1H,MC-Ternium,7339.09,6575.0
2025-05-04,12,PT1H,MC-Ternium,6825.92,6575.0
2025-05-04,13,PT1H,MC-Ternium,5463.07,6575.0
2025-05-04,14,PT1H,MC-Ternium,6121.14,6575.0
2025-05-04,15,PT1H,MC-Ternium,7097.63,6575.0
2025-05-04,16,PT1H,MC-Ternium,7652.73,6575.0
2025-05-04,17,PT1H,MC-Ternium,8668.02,6575.0
2025-05-04,18,PT1H,MC-Ternium,6456.69,6575.0
2025-05-04,19,PT1H,MC-Ternium,7535.86,6575.0
2025-05-04,20,PT1H,MC-Ternium,8344.62,6575.0
2025-05-04,21,PT1H,MC-Ternium,7863.15,6575.0
2025-05-04,22,PT1H,MC-Ternium,8100.93,6575.0
2025-05-04,23,PT1H,MC-Ternium,8151.14,6575.0
2025-05-04,24,PT1H,MC-Ternium,8244.79,6575.0
2025-05-05,1,PT1H,MC-Ternium,8091.14,5675.0
2025-05-05,2,PT1H,MC-Ternium,8370.62,5675.0
2025-05-05,3,PT1H,MC-Ternium,7987.79,5675.0
2025-05-05,4,PT1H,MC-Ternium,7475.94,5675.0
2025-05-05,5,PT1H,MC-Ternium,6528.14,5675.0
2025-05-05,6,PT1H,MC-Ternium,5917.34,5675.0
2025-05-05,7,PT1H,MC-Ternium,6624.17,5675.0
2025-05-05,8,PT1H,MC-Ternium,8258.91,5675.0
2025-05-05,9,PT1H,MC-Ternium,7829.27,5675.0
2025-05-05,10,PT1H,MC-Ternium,5670.63,5675.0
2025-05-05,11,PT1H,MC-Ternium,5377.18,5675.0
2025-05-05,12,PT1H,MC-Ternium,8022.45,5675.0
2025-05-05,13,PT1H,MC-Ternium,7643.72,5675.0
2025-05-05,14,PT1H,MC-Ternium,5668.02,5675.0
2025-05-05,15,PT1H,MC-Ternium,6716.18,5675.0
2025-05-05,16,PT1H,MC-Ternium,4050.85,5675.0
2025-05-05,17,PT1H,MC-Ternium,5025.37,5675.0
2025-05-05,18,PT1H,MC-Ternium,5861.76,5675.0
2025-05-05,19,PT1H,MC-Ternium,4202.45,5675.0
2025-05-05,20,PT1H,MC-Ternium,5713.1,5675.0
2025-05-05,21,PT1H,MC-Ternium,5680.73,5675.0
2025-05-05,22,PT1H,MC-Ternium,5780.84,5675.0
2025-05-05,23,PT1H,MC-Ternium,7830.52,5675.0
2025-05-05,24,PT1H,MC-Ternium,7144.21,5675.0
2025-05-06,1,PT1H,MC-Ternium,8183.99,6275.0
2025-05-06,2,PT1H,MC-Ternium,7974.85,6275.0
2025-05-06,3,PT1H,MC-Ternium,7982.01,6275.0
2025-05-06,4,PT1H,MC-Ternium,7752.0,6275.0
2025-05-06,5,PT1H,MC-Ternium,6655.36,6275.0
2025-05-06,6,PT1H,MC-Ternium,8134.55,6275.0
2025-05-06,7,PT1H,MC-Ternium,7836.4,6275.0
2025-05-06,8,PT1H,MC-Ternium,7272.05,6275.0
2025-05-06,9,PT1H,MC-Ternium,7498.37,6275.0
2025-05-06,10,PT1H,MC-Ternium,5867.07,6275.0
2025-05-06,11,PT1H,MC-Ternium,7399.91,6275.0
2025-05-06,12,PT1H,MC-Ternium,6757.82,6275.0
2025-05-06,13,PT1H,MC-Ternium,1839.03,6275.0
2025-05-06,14,PT1H,MC-Ternium,1716.7,6275.0
2025-05-06,15,PT1H,MC-Ternium,1745.85,6275.0
2025-05-06,16,PT1H,MC-Ternium,1972.17,6275.0
2025-05-06,17,PT1H,MC-Ternium,2358.17,6275.0
2025-05-06,18,PT1H,MC-Ternium,3066.71,6275.0
2025-05-06,19,PT1H,MC-Ternium,3547.92,6275.0
2025-05-06,20,PT1H,MC-Ternium,5495.53,6275.0
2025-05-06,21,PT1H,MC-Ternium,5849.76,6275.0
2025-05-06,22,PT1H,MC-Ternium,6372.09,6275.0
2025-05-06,23,PT1H,MC-Ternium,6374.66,6275.0
2025-05-06,24,PT1H,MC-Ternium,6593.46,6275.0
2025-05-07,1,PT1H,MC-Ternium,6608.98,7025.0
2025-05-07,2,PT1H,MC-Ternium,5238.55,7025.0
2025-05-07,3,PT1H,MC-Ternium,2820.07,7025.0
2025-05-07,4,PT1H,MC-Ternium,2639.36,7025.0
2025-05-07,5,PT1H,MC-Ternium,6392.91,7025.0
2025-05-07,6,PT1H,MC-Ternium,5760.81,7025.0
2025-05-07,7,PT1H,MC-Ternium,6441.04,7025.0
2025-05-07,8,PT1H,MC-Ternium,6253.26,7025.0
2025-05-07,9,PT1H,MC-Ternium,6337.04,7025.0
2025-05-07,10,PT1H,MC-Ternium,4633.69,7025.0
2025-05-07,11,PT1H,MC-Ternium,6967.12,7025.0
2025-05-07,12,PT1H,MC-Ternium,6527.58,7025.0
2025-05-07,13,PT1H,MC-Ternium,6986.93,7025.0
2025-05-07,14,PT1H,MC-Ternium,6915.13,7025.0
2025-05-07,15,PT1H,MC-Ternium,4057.53,7025.0
2025-05-07,16,PT1H,MC-Ternium,5974.57,7025.0
2025-05-07,17,PT1H,MC-Ternium,5885.61,7025.0
2025-05-07,18,PT1H,MC-Ternium,5631.53,7025.0
2025-05-07,19,PT1H,MC-Ternium,2542.76,7025.0
2025-05-07,20,PT1H,MC-Ternium,1707.12,7025.0
2025-05-07,21,PT1H,MC-Ternium,1686.67,7025.0
2025-05-07,22,PT1H,MC-Ternium,1651.49,7025.0
2025-05-07,23,PT1H,MC-Ternium,1781.06,7025.0
2025-05-07,24,PT1H,MC-Ternium,6111.52,7025.0
2025-05-08,1,PT1H,MC-Ternium,6394.72,6875.0
2025-05-08,2,PT1H,MC-Ternium,6407.22,6875.0
2025-05-08,3,PT1H,MC-Ternium,6233.43,6875.0
2025-05-08,4,PT1H,MC-Ternium,6257.75,6875.0
2025-05-08,5,PT1H,MC-Ternium,4470.03,6875.0
2025-05-08,6,PT1H,MC-Ternium,6036.48,6875.0
2025-05-08,7,PT1H,MC-Ternium,6359.16,6875.0
2025-05-08,8,PT1H,MC-Ternium,4980.78,6875.0
2025-05-08,9,PT1H,MC-Ternium,6130.13,6875.0
2025-05-08,10,PT1H,MC-Ternium,5991.72,6875.0
2025-05-08,11,PT1H,MC-Ternium,6400.25,6875.0
2025-05-08,12,PT1H,MC-Ternium,6750.87,6875.0
2025-05-08,13,PT1H,MC-Ternium,6195.35,6875.0
2025-05-08,14,PT1H,MC-Ternium,5020.03,6875.0
2025-05-08,15,PT1H,MC-Ternium,5797.75,6875.0
2025-05-08,16,PT1H,MC-Ternium,6263.96,6875.0
2025-05-08,17,PT1H,MC-Ternium,6264.73,6875.0
2025-05-08,18,PT1H,MC-Ternium,6029.94,6875.0
2025-05-08,19,PT1H,MC-Ternium,6542.79,6875.0
2025-05-08,20,PT1H,MC-Ternium,6306.62,6875.0
2025-05-08,21,PT1H,MC-Ternium,6549.62,6875.0
2025-05-08,22,PT1H,MC-Ternium,6655.0,6875.0
2025-05-08,23,PT1H,MC-Ternium,6768.91,6875.0
2025-05-08,24,PT1H,MC-Ternium,6153.92,6875.0
2025-05-09,1,PT1H,MC-Ternium,6365.21,5975.0
2025-05-09,2,PT1H,MC-Ternium,5455.67,5975.0
2025-05-09,3,PT1H,MC-Ternium,6101.29,5975.0
2025-05-09,4,PT1H,MC-Ternium,5581.78,5975.0
2025-05-09,5,PT1H,MC-Ternium,4345.9,5975.0
2025-05-09,6,PT1H,MC-Ternium,5933.42,5975.0
2025-05-09,7,PT1H,MC-Ternium,5159.68,5975.0
2025-05-09,8,PT1H,MC-Ternium,5526.46,5975.0
2025-05-09,9,PT1H,MC-Ternium,6650.75,5975.0
2025-05-09,10,PT1H,MC-Ternium,6131.67,5975.0
2025-05-09,11,PT1H,MC-Ternium,6444.74,5975.0
2025-05-09,12,PT1H,MC-Ternium,2268.5,5975.0
2025-05-09,13,PT1H,MC-Ternium,5282.07,5975.0
2025-05-09,14,PT1H,MC-Ternium,6386.85,5975.0
2025-05-09,15,PT1H,MC-Ternium,6570.69,5975.0
2025-05-09,16,PT1H,MC-Ternium,6731.72,5975.0
2025-05-09,17,PT1H,MC-Ternium,5235.44,5975.0
2025-05-09,18,PT1H,MC-Ternium,5221.3,5975.0
2025-05-09,19,PT1H,MC-Ternium,6387.07,5975.0
2025-05-09,20,PT1H,MC-Ternium,6536.95,5975.0
2025-05-09,21,PT1H,MC-Ternium,6402.99,5975.0
2025-05-09,22,PT1H,MC-Ternium,6417.48,5975.0
2025-05-09,23,PT1H,MC-Ternium,5250.9,5975.0
2025-05-09,24,PT1H,MC-Ternium,4330.21,5975.0
2025-05-10,1,PT1H,MC-Ternium,6725.48,5125.0
2025-05-10,2,PT1H,MC-Ternium,6751.82,5125.0
2025-05-10,3,PT1H,MC-Ternium,6739.07,5125.0
2025-05-10,4,PT1H,MC-Ternium,6087.25,5125.0
2025-05-10,5,PT1H,MC-Ternium,6622.17,5125.0
2025-05-10,6,PT1H,MC-Ternium,6596.68,5125.0
2025-05-10,7,PT1H,MC-Ternium,5938.81,5125.0
2025-05-10,8,PT1H,MC-Ternium,5812.49,5125.0
2025-05-10,9,PT1H,MC-Ternium,6400.39,5125.0
2025-05-10,10,PT1H,MC-Ternium,6157.4,5125.0
2025-05-10,11,PT1H,MC-Ternium,6250.13,5125.0
2025-05-10,12,PT1H,MC-Ternium,5927.68,5125.0
2025-05-10,13,PT1H,MC-Ternium,6098.24,5125.0
2025-05-10,14,PT1H,MC-Ternium,6191.03,5125.0
2025-05-10,15,PT1H,MC-Ternium,4233.86,5125.0
2025-05-10,16,PT1H,MC-Ternium,2119.7,5125.0
2025-05-10,17,PT1H,MC-Ternium,6083.49,5125.0
2025-05-10,18,PT1H,MC-Ternium,6108.88,5125.0
2025-05-10,19,PT1H,MC-Ternium,6117.76,5125.0
2025-05-10,20,PT1H,MC-Ternium,4894.77,5125.0
2025-05-10,21,PT1H,MC-Ternium,6266.3,5125.0
2025-05-10,22,PT1H,MC-Ternium,6694.22,5125.0
2025-05-10,23,PT1H,MC-Ternium,4859.14,5125.0
2025-05-10,24,PT1H,MC-Ternium,5336.03,5125.0
2025-05-11,1,PT1H,MC-Ternium,4414.78,6125.0
2025-05-11,2,PT1H,MC-Ternium,5103.45,6125.0
2025-05-11,3,PT1H,MC-Ternium,5762.85,6125.0
2025-05-11,4,PT1H,MC-Ternium,5266.72,6125.0
2025-05-11,5,PT1H,MC-Ternium,4877.78,6125.0
2025-05-11,6,PT1H,MC-Ternium,5574.26,6125.0
2025-05-11,7,PT1H,MC-Ternium,6322.26,6125.0
2025-05-11,8,PT1H,MC-Ternium,3660.25,6125.0
2025-05-11,9,PT1H,MC-Ternium,4199.09,6125.0
2025-05-11,10,PT1H,MC-Ternium,5788.0,6125.0
2025-05-11,11,PT1H,MC-Ternium,5573.51,6125.0
2025-05-11,12,PT1H,MC-Ternium,4466.46,6125.0
2025-05-11,13,PT1H,MC-Ternium,6724.66,6125.0
2025-05-11,14,PT1H,MC-Ternium,6498.32,6125.0
2025-05-11,15,PT1H,MC-Ternium,7332.48,6125.0
2025-05-11,16,PT1H,MC-Ternium,7594.29,6125.0
2025-05-11,17,PT1H,MC-Ternium,6729.55,6125.0
2025-05-11,18,PT1H,MC-Ternium,6936.17,6125.0
2025-05-11,19,PT1H,MC-Ternium,6926.83,6125.0
2025-05-11,20,PT1H,MC-Ternium,6947.19,6125.0
2025-05-11,21,PT1H,MC-Ternium,7205.26,6125.0
2025-05-11,22,PT1H,MC-Ternium,6823.19,6125.0
2025-05-11,23,PT1H,MC-Ternium,7510.3,6125.0
2025-05-11,24,PT1H,MC-Ternium,6920.94,6125.0
2025-05-12,1,PT1H,MC-Ternium,3160.86,5975.0
2025-05-12,2,PT1H,MC-Ternium,6336.14,5975.0
2025-05-12,3,PT1H,MC-Ternium,7414.01,5975.0
2025-05-12,4,PT1H,MC-Ternium,7337.21,5975.0
2025-05-12,5,PT1H,MC-Ternium,7348.28,5975.0
2025-05-12,6,PT1H,MC-Ternium,7652.37,5975.0
2025-05-12,7,PT1H,MC-Ternium,7475.47,5975.0
2025-05-12,8,PT1H,MC-Ternium,2823.99,5975.0
2025-05-12,9,PT1H,MC-Ternium,5729.27,5975.0
2025-05-12,10,PT1H,MC-Ternium,7295.55,5975.0
2025-05-12,11,PT1H,MC-Ternium,7145.87,5975.0
2025-05-12,12,PT1H,MC-Ternium,7252.03,5975.0
2025-05-12,13,PT1H,MC-Ternium,7240.11,5975.0
2025-05-12,14,PT1H,MC-Ternium,7099.74,5975.0
2025-05-12,15,PT1H,MC-Ternium,7445.61,5975.0
2025-05-12,16,PT1H,MC-Ternium,7218.66,5975.0
2025-05-12,17,PT1H,MC-Ternium,6078.02,5975.0
2025-05-12,18,PT1H,MC-Ternium,6264.64,5975.0
2025-05-12,19,PT1H,MC-Ternium,6384.56,5975.0
2025-05-12,20,PT1H,MC-Ternium,7183.71,5975.0
2025-05-12,21,PT1H,MC-Ternium,7753.3,5975.0
2025-05-12,22,PT1H,MC-Ternium,5111.03,5975.0
2025-05-12,23,PT1H,MC-Ternium,5162.68,5975.0
2025-05-12,24,PT1H,MC-Ternium,6165.9,5975.0
2025-05-13,1,PT1H,MC-Ternium,5254.23,5975.0
2025-05-13,2,PT1H,MC-Ternium,5143.4,5975.0
2025-05-13,3,PT1H,MC-Ternium,6932.44,5975.0
2025-05-13,4,PT1H,MC-Ternium,3652.21,5975.0
2025-05-13,5,PT1H,MC-Ternium,5359.6,5975.0
2025-05-13,6,PT1H,MC-Ternium,6896.93,5975.0
2025-05-13,7,PT1H,MC-Ternium,6358.0,5975.0
2025-05-13,8,PT1H,MC-Ternium,2684.97,5975.0
2025-05-13,9,PT1H,MC-Ternium,4445.66,5975.0
2025-05-13,10,PT1H,MC-Ternium,6537.12,5975.0
2025-05-13,11,PT1H,MC-Ternium,7279.47,5975.0
2025-05-13,12,PT1H,MC-Ternium,6483.23,5975.0
2025-05-13,13,PT1H,MC-Ternium,7467.39,5975.0
2025-05-13,14,PT1H,MC-Ternium,7481.92,5975.0
2025-05-13,15,PT1H,MC-Ternium,7576.48,5975.0
2025-05-13,16,PT1H,MC-Ternium,7542.48,5975.0
2025-05-13,17,PT1H,MC-Ternium,6008.91,5975.0
2025-05-13,18,PT1H,MC-Ternium,5252.99,5975.0
2025-05-13,19,PT1H,MC-Ternium,7393.72,5975.0
2025-05-13,20,PT1H,MC-Ternium,7345.52,5975.0
2025-05-13,21,PT1H,MC-Ternium,7416.61,5975.0
2025-05-13,22,PT1H,MC-Ternium,7383.92,5975.0
2025-05-13,23,PT1H,MC-Ternium,6774.24,5975.0
2025-05-13,24,PT1H,MC-Ternium,7056.37,5975.0
2025-05-14,1,PT1H,MC-Ternium,7146.34,6057.0
2025-05-14,2,PT1H,MC-Ternium,4003.16,6057.0
2025-05-14,3,PT1H,MC-Ternium,6072.78,6057.0
2025-05-14,4,PT1H,MC-Ternium,6951.4,6057.0
2025-05-14,5,PT1H,MC-Ternium,5186.52,6057.0
2025-05-14,6,PT1H,MC-Ternium,6944.56,6057.0
2025-05-14,7,PT1H,MC-Ternium,6358.79,6057.0
2025-05-14,8,PT1H,MC-Ternium,7042.92,6057.0
2025-05-14,9,PT1H,MC-Ternium,2236.92,6057.0
2025-05-14,10,PT1H,MC-Ternium,1841.82,6057.0
2025-05-14,11,PT1H,MC-Ternium,1759.22,6057.0
2025-05-14,12,PT1H,MC-Ternium,1738.58,6057.0
2025-05-14,13,PT1H,MC-Ternium,1723.07,6057.0
2025-05-14,14,PT1H,MC-Ternium,1804.23,6057.0
2025-05-14,15,PT1H,MC-Ternium,1794.35,6057.0
2025-05-14,16,PT1H,MC-Ternium,1834.48,6057.0
2025-05-14,17,PT1H,MC-Ternium,1849.84,6057.0
2025-05-14,18,PT1H,MC-Ternium,2366.65,6057.0
2025-05-14,19,PT1H,MC-Ternium,3176.03,6057.0
2025-05-14,20,PT1H,MC-Ternium,2832.94,6057.0
2025-05-14,21,PT1H,MC-Ternium,3036.34,6057.0
2025-05-14,22,PT1H,MC-Ternium,2311.01,6057.0
2025-05-14,23,PT1H,MC-Ternium,4130.11,6057.0
2025-05-14,24,PT1H,MC-Ternium,3964.28,6057.0
2025-05-15,1,PT1H,MC-Ternium,4648.7,6575.0
2025-05-15,2,PT1H,MC-Ternium,4193.68,6575.0
2025-05-15,3,PT1H,MC-Ternium,5073.08,6575.0
2025-05-15,4,PT1H,MC-Ternium,4202.31,6575.0
2025-05-15,5,PT1H,MC-Ternium,4032.74,6575.0
2025-05-15,6,PT1H,MC-Ternium,2875.07,6575.0
2025-05-15,7,PT1H,MC-Ternium,3954.3,6575.0
2025-05-15,8,PT1H,MC-Ternium,4090.93,6575.0
2025-05-15,9,PT1H,MC-Ternium,3967.92,6575.0
2025-05-15,10,PT1H,MC-Ternium,4082.73,6575.0
2025-05-15,11,PT1H,MC-Ternium,4136.02,6575.0
2025-05-15,12,PT1H,MC-Ternium,2387.47,6575.0
2025-05-15,13,PT1H,MC-Ternium,1832.73,6575.0
2025-05-15,14,PT1H,MC-Ternium,1791.84,6575.0
2025-05-15,15,PT1H,MC-Ternium,1772.54,6575.0
2025-05-15,16,PT1H,MC-Ternium,1765.45,6575.0
2025-05-15,17,PT1H,MC-Ternium,2014.09,6575.0
2025-05-15,18,PT1H,MC-Ternium,1785.55,6575.0
2025-05-15,19,PT1H,MC-Ternium,1707.55,6575.0
2025-05-15,20,PT1H,MC-Ternium,1726.01,6575.0
2025-05-15,21,PT1H,MC-Ternium,3333.32,6575.0
2025-05-15,22,PT1H,MC-Ternium,3329.08,6575.0
2025-05-15,23,PT1H,MC-Ternium,3328.53,6575.0
2025-05-15,24,PT1H,MC-Ternium,3889.06,6575.0
2025-05-16,1,PT1H,MC-Ternium,6574.5,6415.0
2025-05-16,2,PT1H,MC-Ternium,5854.43,6415.0
2025-05-16,3,PT1H,MC-Ternium,5017.32,6415.0
2025-05-16,4,PT1H,MC-Ternium,5662.43,6415.0
2025-05-16,5,PT1H,MC-Ternium,6602.5,6415.0
2025-05-16,6,PT1H,MC-Ternium,6740.7,6415.0
2025-05-16,7,PT1H,MC-Ternium,6849.95,6415.0
2025-05-16,8,PT1H,MC-Ternium,6613.09,6415.0
2025-05-16,9,PT1H,MC-Ternium,6282.63,6415.0
2025-05-16,10,PT1H,MC-Ternium,5003.55,6415.0
2025-05-16,11,PT1H,MC-Ternium,5445.91,6415.0
2025-05-16,12,PT1H,MC-Ternium,6362.57,6415.0
2025-05-16,13,PT1H,MC-Ternium,6966.12,6415.0
2025-05-16,14,PT1H,MC-Ternium,7338.89,6415.0
2025-05-16,15,PT1H,MC-Ternium,7269.01,6415.0
2025-05-16,16,PT1H,MC-Ternium,6871.46,6415.0
2025-05-16,17,PT1H,MC-Ternium,7063.04,6415.0
2025-05-16,18,PT1H,MC-Ternium,7012.42,6415.0
2025-05-16,19,PT1H,MC-Ternium,7505.59,6415.0
2025-05-16,20,PT1H,MC-Ternium,7548.32,6415.0
2025-05-16,21,PT1H,MC-Ternium,7042.67,6415.0
2025-05-16,22,PT1H,MC-Ternium,7068.14,6415.0
2025-05-16,23,PT1H,MC-Ternium,7299.62,6415.0
2025-05-16,24,PT1H,MC-Ternium,7352.74,6415.0
2025-05-17,1,PT1H,MC-Ternium,7269.67,4125.0
2025-05-17,2,PT1H,MC-Ternium,7450.63,4125.0
2025-05-17,3,PT1H,MC-Ternium,7255.96,4125.0
2025-05-17,4,PT1H,MC-Ternium,7141.09,4125.0
2025-05-17,5,PT1H,MC-Ternium,7318.82,4125.0
2025-05-17,6,PT1H,MC-Ternium,7283.04,4125.0
2025-05-17,7,PT1H,MC-Ternium,5571.11,4125.0
2025-05-17,8,PT1H,MC-Ternium,7161.5,4125.0
2025-05-17,9,PT1H,MC-Ternium,6365.93,4125.0
2025-05-17,10,PT1H,MC-Ternium,3889.21,4125.0
2025-05-17,11,PT1H,MC-Ternium,5169.71,4125.0
2025-05-17,12,PT1H,MC-Ternium,4843.33,4125.0
2025-05-17,13,PT1H,MC-Ternium,4072.77,4125.0
2025-05-17,14,PT1H,MC-Ternium,3412.12,4125.0
2025-05-17,15,PT1H,MC-Ternium,5613.28,4125.0
2025-05-17,16,PT1H,MC-Ternium,6347.69,4125.0
2025-05-17,17,PT1H,MC-Ternium,5445.06,4125.0
2025-05-17,18,PT1H,MC-Ternium,6704.87,4125.0
2025-05-17,19,PT1H,MC-Ternium,6856.93,4125.0
2025-05-17,20,PT1H,MC-Ternium,6841.97,4125.0
2025-05-17,21,PT1H,MC-Ternium,6897.46,4125.0
2025-05-17,22,PT1H,MC-Ternium,7309.27,4125.0
2025-05-17,23,PT1H,MC-Ternium,7045.86,4125.0
2025-05-17,24,PT1H,MC-Ternium,7197.41,4125.0
2025-05-18,1,PT1H,MC-Ternium,7149.75,5175.0
2025-05-18,2,PT1H,MC-Ternium,6829.86,5175.0
2025-05-18,3,PT1H,MC-Ternium,7171.21,5175.0
2025-05-18,4,PT1H,MC-Ternium,6899.84,5175.0
2025-05-18,5,PT1H,MC-Ternium,5324.48,5175.0
2025-05-18,6,PT1H,MC-Ternium,2468.89,5175.0
2025-05-18,7,PT1H,MC-Ternium,4771.81,5175.0
2025-05-18,8,PT1H,MC-Ternium,5487.8,5175.0
2025-05-18,9,PT1H,MC-Ternium,6637.5,5175.0
2025-05-18,10,PT1H,MC-Ternium,6961.22,5175.0
2025-05-18,11,PT1H,MC-Ternium,6736.23,5175.0
2025-05-18,12,PT1H,MC-Ternium,6934.42,5175.0
2025-05-18,13,PT1H,MC-Ternium,5897.5,5175.0
2025-05-18,14,PT1H,MC-Ternium,5383.14,5175.0
2025-05-18,15,PT1H,MC-Ternium,5827.96,5175.0
2025-05-18,16,PT1H,MC-Ternium,5710.42,5175.0
2025-05-18,17,PT1H,MC-Ternium,7419.68,5175.0
2025-05-18,18,PT1H,MC-Ternium,5344.51,5175.0
2025-05-18,19,PT1H,MC-Ternium,2131.5,5175.0
2025-05-18,20,PT1H,MC-Ternium,1916.81,5175.0
2025-05-18,21,PT1H,MC-Ternium,1917.4,5175.0
2025-05-18,22,PT1H,MC-Ternium,2380.89,5175.0
2025-05-18,23,PT1H,MC-Ternium,5018.36,5175.0
2025-05-18,24,PT1H,MC-Ternium,6580.18,5175.0
2025-05-19,1,PT1H,MC-Ternium,7548.5,6475.0
2025-05-19,2,PT1H,MC-Ternium,7795.22,6475.0
2025-05-19,3,PT1H,MC-Ternium,7395.78,6475.0
2025-05-19,4,PT1H,MC-Ternium,6777.02,6475.0
2025-05-19,5,PT1H,MC-Ternium,7796.27,6475.0
2025-05-19,6,PT1H,MC-Ternium,7207.52,6475.0
2025-05-19,7,PT1H,MC-Ternium,6330.91,6475.0
2025-05-19,8,PT1H,MC-Ternium,6553.31,6475.0
2025-05-19,9,PT1H,MC-Ternium,6125.02,6475.0
2025-05-19,10,PT1H,MC-Ternium,6797.48,6475.0
2025-05-19,11,PT1H,MC-Ternium,6485.14,6475.0
2025-05-19,12,PT1H,MC-Ternium,6821.83,6475.0
2025-05-19,13,PT1H,MC-Ternium,5284.09,6475.0
2025-05-19,14,PT1H,MC-Ternium,7307.73,6475.0
2025-05-19,15,PT1H,MC-Ternium,7241.65,6475.0
2025-05-19,16,PT1H,MC-Ternium,6960.96,6475.0
2025-05-19,17,PT1H,MC-Ternium,4140.99,6475.0
2025-05-19,18,PT1H,MC-Ternium,4936.28,6475.0
2025-05-19,19,PT1H,MC-Ternium,6261.22,6475.0
2025-05-19,20,PT1H,MC-Ternium,7148.83,6475.0
2025-05-19,21,PT1H,MC-Ternium,7086.95,6475.0
2025-05-19,22,PT1H,MC-Ternium,7227.77,6475.0
2025-05-19,23,PT1H,MC-Ternium,7160.59,6475.0
2025-05-19,24,PT1H,MC-Ternium,6734.0,6475.0
2025-05-20,1,PT1H,MC-Ternium,4391.27,6275.0
2025-05-20,2,PT1H,MC-Ternium,5733.42,6275.0
2025-05-20,3,PT1H,MC-Ternium,6484.17,6275.0
2025-05-20,4,PT1H,MC-Ternium,6822.65,6275.0
2025-05-20,5,PT1H,MC-Ternium,6665.11,6275.0
2025-05-20,6,PT1H,MC-Ternium,7073.72,6275.0
2025-05-20,7,PT1H,MC-Ternium,6142.08,6275.0
2025-05-20,8,PT1H,MC-Ternium,7442.22,6275.0
2025-05-20,9,PT1H,MC-Ternium,5460.71,6275.0
2025-05-20,10,PT1H,MC-Ternium,5193.34,6275.0
2025-05-20,11,PT1H,MC-Ternium,3523.57,6275.0
2025-05-20,12,PT1H,MC-Ternium,1739.09,6275.0
2025-05-20,13,PT1H,MC-Ternium,1715.59,6275.0
2025-05-20,14,PT1H,MC-Ternium,1786.77,6275.0
2025-05-20,15,PT1H,MC-Ternium,1778.89,6275.0
2025-05-20,16,PT1H,MC-Ternium,1913.62,6275.0
2025-05-20,17,PT1H,MC-Ternium,3187.52,6275.0
2025-05-20,18,PT1H,MC-Ternium,4165.03,6275.0
2025-05-20,19,PT1H,MC-Ternium,3941.77,6275.0
2025-05-20,20,PT1H,MC-Ternium,5367.14,6275.0
2025-05-20,21,PT1H,MC-Ternium,5492.28,6275.0
2025-05-20,22,PT1H,MC-Ternium,4936.76,6275.0
2025-05-20,23,PT1H,MC-Ternium,4455.6,6275.0
2025-05-20,24,PT1H,MC-Ternium,6637.54,6275.0
2025-05-21,1,PT1H,MC-Ternium,5292.11,5765.0
2025-05-21,2,PT1H,MC-Ternium,4869.93,5765.0
2025-05-21,3,PT1H,MC-Ternium,5693.06,5765.0
2025-05-21,4,PT1H,MC-Ternium,5843.31,5765.0
2025-05-21,5,PT1H,MC-Ternium,5706.08,5765.0
2025-05-21,6,PT1H,MC-Ternium,5574.9,5765.0
2025-05-21,7,PT1H,MC-Ternium,5753.02,5765.0
2025-05-21,8,PT1H,MC-Ternium,5357.75,5765.0
2025-05-21,9,PT1H,MC-Ternium,5599.17,5765.0
2025-05-21,10,PT1H,MC-Ternium,4818.65,5765.0
2025-05-21,11,PT1H,MC-Ternium,5880.52,5765.0
2025-05-21,12,PT1H,MC-Ternium,6105.26,5765.0
2025-05-21,13,PT1H,MC-Ternium,5259.02,5765.0
2025-05-21,14,PT1H,MC-Ternium,5548.49,5765.0
2025-05-21,15,PT1H,MC-Ternium,5699.74,5765.0
2025-05-21,16,PT1H,MC-Ternium,6298.03,5765.0
2025-05-21,17,PT1H,MC-Ternium,6257.04,5765.0
2025-05-21,18,PT1H,MC-Ternium,5551.41,5765.0
2025-05-21,19,PT1H,MC-Ternium,2939.16,5765.0
2025-05-21,20,PT1H,MC-Ternium,3928.81,5765.0
2025-05-21,21,PT1H,MC-Ternium,5234.62,5765.0
2025-05-21,22,PT1H,MC-Ternium,6175.97,5765.0
2025-05-21,23,PT1H,MC-Ternium,6177.44,5765.0
2025-05-21,24,PT1H,MC-Ternium,4433.68,5765.0
2025-05-22,1,PT1H,MC-Ternium,5176.01,6215.0
2025-05-22,2,PT1H,MC-Ternium,6109.41,6215.0
2025-05-22,3,PT1H,MC-Ternium,5467.99,6215.0
2025-05-22,4,PT1H,MC-Ternium,5310.3,6215.0
2025-05-22,5,PT1H,MC-Ternium,5997.18,6215.0
2025-05-22,6,PT1H,MC-Ternium,5755.07,6215.0
2025-05-22,7,PT1H,MC-Ternium,5690.33,6215.0
2025-05-22,8,PT1H,MC-Ternium,3639.53,6215.0
2025-05-22,9,PT1H,MC-Ternium,3476.83,6215.0
2025-05-22,10,PT1H,MC-Ternium,2416.84,6215.0
2025-05-22,11,PT1H,MC-Ternium,1783.09,6215.0
2025-05-22,12,PT1H,MC-Ternium,1829.17,6215.0
2025-05-22,13,PT1H,MC-Ternium,1845.27,6215.0
2025-05-22,14,PT1H,MC-Ternium,2458.86,6215.0
2025-05-22,15,PT1H,MC-Ternium,2948.97,6215.0
2025-05-22,16,PT1H,MC-Ternium,3384.38,6215.0
2025-05-22,17,PT1H,MC-Ternium,3551.04,6215.0
2025-05-22,18,PT1H,MC-Ternium,3410.87,6215.0
2025-05-22,19,PT1H,MC-Ternium,4122.87,6215.0
2025-05-22,20,PT1H,MC-Ternium,5252.3,6215.0
2025-05-22,21,PT1H,MC-Ternium,6395.27,6215.0
2025-05-22,22,PT1H,MC-Ternium,5579.61,6215.0
2025-05-22,23,PT1H,MC-Ternium,6422.08,6215.0
2025-05-22,24,PT1H,MC-Ternium,4452.18,6215.0
2025-05-23,1,PT1H,MC-Ternium,3787.98,5225.0
2025-05-23,2,PT1H,MC-Ternium,3240.1,5225.0
2025-05-23,3,PT1H,MC-Ternium,3742.75,5225.0
2025-05-23,4,PT1H,MC-Ternium,3378.0,5225.0
2025-05-23,5,PT1H,MC-Ternium,3177.47,5225.0
2025-05-23,6,PT1H,MC-Ternium,4143.09,5225.0
2025-05-23,7,PT1H,MC-Ternium,5573.16,5225.0
2025-05-23,8,PT1H,MC-Ternium,6191.58,5225.0
2025-05-23,9,PT1H,MC-Ternium,4751.91,5225.0
2025-05-23,10,PT1H,MC-Ternium,6773.48,5225.0
2025-05-23,11,PT1H,MC-Ternium,6671.76,5225.0
2025-05-23,12,PT1H,MC-Ternium,5366.62,5225.0
2025-05-23,13,PT1H,MC-Ternium,6000.83,5225.0
2025-05-23,14,PT1H,MC-Ternium,6532.26,5225.0
2025-05-23,15,PT1H,MC-Ternium,5812.18,5225.0
2025-05-23,16,PT1H,MC-Ternium,5515.72,5225.0
2025-05-23,17,PT1H,MC-Ternium,5475.44,5225.0
2025-05-23,18,PT1H,MC-Ternium,6239.62,5225.0
2025-05-23,19,PT1H,MC-Ternium,6712.14,5225.0
2025-05-23,20,PT1H,MC-Ternium,5648.42,5225.0
2025-05-23,21,PT1H,MC-Ternium,6516.42,5225.0
2025-05-23,22,PT1H,MC-Ternium,5113.58,5225.0
2025-05-23,23,PT1H,MC-Ternium,5849.57,5225.0
2025-05-23,24,PT1H,MC-Ternium,6052.21,3671.1
2025-05-24,1,PT1H,MC-Ternium,4955.01,5415.0
2025-05-24,2,PT1H,MC-Ternium,6781.85,5415.0
2025-05-24,3,PT1H,MC-Ternium,5567.75,5415.0
2025-05-24,4,PT1H,MC-Ternium,5477.47,5415.0
2025-05-24,5,PT1H,MC-Ternium,6948.56,5415.0
2025-05-24,6,PT1H,MC-Ternium,6279.47,5415.0
2025-05-24,7,PT1H,MC-Ternium,6334.43,5415.0
2025-05-24,8,PT1H,MC-Ternium,6457.93,5415.0
2025-05-24,9,PT1H,MC-Ternium,2220.42,5415.0
2025-05-24,10,PT1H,MC-Ternium,1924.05,5415.0
2025-05-24,11,PT1H,MC-Ternium,1984.13,5415.0
2025-05-24,12,PT1H,MC-Ternium,3348.82,5415.0
2025-05-24,13,PT1H,MC-Ternium,3143.58,5415.0
2025-05-24,14,PT1H,MC-Ternium,5271.77,5415.0
2025-05-24,15,PT1H,MC-Ternium,6595.68,5415.0
2025-05-24,16,PT1H,MC-Ternium,6461.57,5415.0
2025-05-24,17,PT1H,MC-Ternium,6742.53,5415.0
2025-05-24,18,PT1H,MC-Ternium,6013.45,5415.0
2025-05-24,19,PT1H,MC-Ternium,7309.64,5415.0
2025-05-24,20,PT1H,MC-Ternium,7325.35,5415.0
2025-05-24,21,PT1H,MC-Ternium,7409.1,5415.0
2025-05-24,22,PT1H,MC-Ternium,7323.12,5415.0
2025-05-24,23,PT1H,MC-Ternium,7253.39,5415.0
2025-05-24,24,PT1H,MC-Ternium,7407.89,5415.0
2025-05-25,1,PT1H,MC-Ternium,6331.53,5125.0
2025-05-25,2,PT1H,MC-Ternium,7668.84,5125.0
2025-05-25,3,PT1H,MC-Ternium,7697.24,5125.0
2025-05-25,4,PT1H,MC-Ternium,5988.71,5125.0
2025-05-25,5,PT1H,MC-Ternium,7617.29,5125.0
2025-05-25,6,PT1H,MC-Ternium,7849.32,5125.0
2025-05-25,7,PT1H,MC-Ternium,7528.41,5125.0
2025-05-25,8,PT1H,MC-Ternium,3819.89,5125.0
2025-05-25,9,PT1H,MC-Ternium,6368.53,5125.0
2025-05-25,10,PT1H,MC-Ternium,7411.72,5125.0
2025-05-25,11,PT1H,MC-Ternium,7243.42,5125.0
2025-05-25,12,PT1H,MC-Ternium,7795.85,5125.0
2025-05-25,13,PT1H,MC-Ternium,7676.57,5125.0
2025-05-25,14,PT1H,MC-Ternium,7354.25,5125.0
2025-05-25,15,PT1H,MC-Ternium,7105.75,5125.0
2025-05-25,16,PT1H,MC-Ternium,7246.93,5125.0
2025-05-25,17,PT1H,MC-Ternium,7941.41,5125.0
2025-05-25,18,PT1H,MC-Ternium,5840.21,5125.0
2025-05-25,19,PT1H,MC-Ternium,7568.68,5125.0
2025-05-25,20,PT1H,MC-Ternium,6918.21,5125.0
2025-05-25,21,PT1H,MC-Ternium,6402.24,5125.0
2025-05-25,22,PT1H,MC-Ternium,7157.76,5125.0
2025-05-25,23,PT1H,MC-Ternium,7301.21,5125.0
2025-05-25,24,PT1H,MC-Ternium,6201.31,5125.0
2025-05-26,1,PT1H,MC-Ternium,7461.75,6125.0
2025-05-26,2,PT1H,MC-Ternium,6898.49,6125.0
2025-05-26,3,PT1H,MC-Ternium,7391.57,6125.0
2025-05-26,4,PT1H,MC-Ternium,6870.61,6125.0
2025-05-26,5,PT1H,MC-Ternium,7188.98,6125.0
2025-05-26,6,PT1H,MC-Ternium,7125.66,6125.0
2025-05-26,7,PT1H,MC-Ternium,5836.4,6125.0
2025-05-26,8,PT1H,MC-Ternium,4326.52,6125.0
2025-05-26,9,PT1H,MC-Ternium,2838.59,6125.0
2025-05-26,10,PT1H,MC-Ternium,5590.05,6125.0
2025-05-26,11,PT1H,MC-Ternium,6884.06,6125.0
2025-05-26,12,PT1H,MC-Ternium,7204.91,6125.0
2025-05-26,13,PT1H,MC-Ternium,5716.28,6125.0
2025-05-26,14,PT1H,MC-Ternium,6583.14,6125.0
2025-05-26,15,PT1H,MC-Ternium,7472.06,6125.0
2025-05-26,16,PT1H,MC-Ternium,7324.94,6125.0
2025-05-26,17,PT1H,MC-Ternium,4923.73,6125.0
2025-05-26,18,PT1H,MC-Ternium,4074.99,6125.0
2025-05-26,19,PT1H,MC-Ternium,5282.63,6125.0
2025-05-26,20,PT1H,MC-Ternium,6146.26,6125.0
2025-05-26,21,PT1H,MC-Ternium,6904.95,6125.0
2025-05-26,22,PT1H,MC-Ternium,4775.94,6125.0
2025-05-26,23,PT1H,MC-Ternium,7029.65,6125.0
2025-05-26,24,PT1H,MC-Ternium,7586.72,6125.0
2025-05-27,1,PT1H,MC-Ternium,7748.78,5689.0
2025-05-27,2,PT1H,MC-Ternium,7656.81,5689.0
2025-05-27,3,PT1H,MC-Ternium,7646.69,5689.0
2025-05-27,4,PT1H,MC-Ternium,6635.64,5689.0
2025-05-27,5,PT1H,MC-Ternium,7498.67,5689.0
2025-05-27,6,PT1H,MC-Ternium,7114.22,5689.0
2025-05-27,7,PT1H,MC-Ternium,6006.31,5689.0
2025-05-27,8,PT1H,MC-Ternium,6553.9,5689.0
2025-05-27,9,PT1H,MC-Ternium,7016.24,5689.0
2025-05-27,10,PT1H,MC-Ternium,6627.03,5689.0
2025-05-27,11,PT1H,MC-Ternium,6304.9,5689.0
2025-05-27,12,PT1H,MC-Ternium,4310.36,5689.0
2025-05-27,13,PT1H,MC-Ternium,7524.14,5689.0
2025-05-27,14,PT1H,MC-Ternium,7326.56,5689.0
2025-05-27,15,PT1H,MC-Ternium,7308.18,5689.0
2025-05-27,16,PT1H,MC-Ternium,6833.5,5689.0
2025-05-27,17,PT1H,MC-Ternium,7367.51,5689.0
2025-05-27,18,PT1H,MC-Ternium,7448.92,5689.0
2025-05-27,19,PT1H,MC-Ternium,7671.04,5689.0
2025-05-27,20,PT1H,MC-Ternium,7205.76,5689.0
2025-05-27,21,PT1H,MC-Ternium,7667.63,5689.0
2025-05-27,22,PT1H,MC-Ternium,7364.19,5689.0
2025-05-27,23,PT1H,MC-Ternium,7049.71,5689.0
2025-05-27,24,PT1H,MC-Ternium,7683.03,5689.0
2025-05-28,1,PT1H,MC-Ternium,7118.97,6875.0
2025-05-28,2,PT1H,MC-Ternium,5188.53,6875.0
2025-05-28,3,PT1H,MC-Ternium,7310.71,6875.0
2025-05-28,4,PT1H,MC-Ternium,7138.41,6875.0
2025-05-28,5,PT1H,MC-Ternium,6595.9,6875.0
2025-05-28,6,PT1H,MC-Ternium,5623.94,6875.0
2025-05-28,7,PT1H,MC-Ternium,5095.82,6875.0
2025-05-28,8,PT1H,MC-Ternium,7319.14,6875.0
2025-05-28,9,PT1H,MC-Ternium,5134.25,6875.0
2025-05-28,10,PT1H,MC-Ternium,1745.53,6875.0
2025-05-28,11,PT1H,MC-Ternium,1733.29,6875.0
2025-05-28,12,PT1H,MC-Ternium,1724.48,6875.0
2025-05-28,13,PT1H,MC-Ternium,1712.13,6875.0
2025-05-28,14,PT1H,MC-Ternium,1878.49,6875.0
2025-05-28,15,PT1H,MC-Ternium,2952.2,6875.0
2025-05-28,16,PT1H,MC-Ternium,3725.37,6875.0
2025-05-28,17,PT1H,MC-Ternium,4873.97,6875.0
2025-05-28,18,PT1H,MC-Ternium,4583.33,6875.0
2025-05-28,19,PT1H,MC-Ternium,5553.37,6875.0
2025-05-28,20,PT1H,MC-Ternium,5815.73,6875.0
2025-05-28,21,PT1H,MC-Ternium,7464.77,6875.0
2025-05-28,22,PT1H,MC-Ternium,6403.45,6875.0
2025-05-28,23,PT1H,MC-Ternium,5412.84,6875.0
2025-05-28,24,PT1H,MC-Ternium,4592.86,6875.0
2025-05-29,1,PT1H,MC-Ternium,7272.66,6225.0
2025-05-29,2,PT1H,MC-Ternium,6682.22,6225.0
2025-05-29,3,PT1H,MC-Ternium,5644.85,6225.0
2025-05-29,4,PT1H,MC-Ternium,5472.63,6225.0
2025-05-29,5,PT1H,MC-Ternium,5043.35,6225.0
2025-05-29,6,PT1H,MC-Ternium,5750.61,6225.0
2025-05-29,7,PT1H,MC-Ternium,7142.85,6225.0
2025-05-29,8,PT1H,MC-Ternium,7076.57,6225.0
2025-05-29,9,PT1H,MC-Ternium,7124.11,6225.0
2025-05-29,10,PT1H,MC-Ternium,6376.26,6225.0
2025-05-29,11,PT1H,MC-Ternium,4400.52,6225.0
2025-05-29,12,PT1H,MC-Ternium,4310.27,6225.0
2025-05-29,13,PT1H,MC-Ternium,0.0,6225.0
2025-05-29,14,PT1H,MC-Ternium,0.0,6225.0
2025-05-29,15,PT1H,MC-Ternium,0.0,6225.0
2025-05-29,16,PT1H,MC-Ternium,40.82,6225.0
2025-05-29,17,PT1H,MC-Ternium,791.94,6225.0
2025-05-29,18,PT1H,MC-Ternium,1638.6,6225.0
2025-05-29,19,PT1H,MC-Ternium,2198.35,6225.0
2025-05-29,20,PT1H,MC-Ternium,2498.75,6225.0
2025-05-29,21,PT1H,MC-Ternium,3721.42,6225.0
2025-05-29,22,PT1H,MC-Ternium,4857.98,6225.0
2025-05-29,23,PT1H,MC-Ternium,6077.48,6225.0
2025-05-29,24,PT1H,MC-Ternium,4930.34,6225.0
2025-05-30,1,PT1H,MC-Ternium,6366.79,6995.0
2025-05-30,2,PT1H,MC-Ternium,7682.23,6995.0
2025-05-30,3,PT1H,MC-Ternium,7245.62,6995.0
2025-05-30,4,PT1H,MC-Ternium,7735.73,6995.0
2025-05-30,5,PT1H,MC-Ternium,4992.79,6995.0
2025-05-30,6,PT1H,MC-Ternium,5904.46,6995.0
2025-05-30,7,PT1H,MC-Ternium,7195.61,6995.0
2025-05-30,8,PT1H,MC-Ternium,7346.31,6995.0
2025-05-30,9,PT1H,MC-Ternium,6211.07,6995.0
2025-05-30,10,PT1H,MC-Ternium,4006.12,6995.0
2025-05-30,11,PT1H,MC-Ternium,4190.67,6995.0
2025-05-30,12,PT1H,MC-Ternium,7805.41,6995.0
2025-05-30,13,PT1H,MC-Ternium,5938.12,6995.0
2025-05-30,14,PT1H,MC-Ternium,8182.67,6995.0
2025-05-30,15,PT1H,MC-Ternium,7442.87,6995.0
2025-05-30,16,PT1H,MC-Ternium,5137.59,6995.0
2025-05-30,17,PT1H,MC-Ternium,2887.17,6995.0
2025-05-30,18,PT1H,MC-Ternium,8247.36,6995.0
2025-05-30,19,PT1H,MC-Ternium,7055.82,6995.0
2025-05-30,20,PT1H,MC-Ternium,7068.43,6995.0
2025-05-30,21,PT1H,MC-Ternium,8245.24,6995.0
2025-05-30,22,PT1H,MC-Ternium,7214.32,6995.0
2025-05-30,23,PT1H,MC-Ternium,8036.5,6995.0
2025-05-30,24,PT1H,MC-Ternium,6780.29,6995.0
2025-05-31,1,PT1H,MC-Ternium,6433.91,5450.0
2025-05-31,2,PT1H,MC-Ternium,5350.4,5450.0
2025-05-31,3,PT1H,MC-Ternium,8604.01,5450.0
2025-05-31,4,PT1H,MC-Ternium,8927.1,5450.0
2025-05-31,5,PT1H,MC-Ternium,6309.35,5450.0
2025-05-31,6,PT1H,MC-Ternium,8297.38,5450.0
2025-05-31,7,PT1H,MC-Ternium,8728.94,5450.0
2025-05-31,8,PT1H,MC-Ternium,6660.75,5450.0
2025-05-31,9,PT1H,MC-Ternium,6638.69,5450.0
2025-05-31,10,PT1H,MC-Ternium,6896.51,5450.0
2025-05-31,11,PT1H,MC-Ternium,4057.73,5450.0
2025-05-31,12,PT1H,MC-Ternium,5999.44,5450.0
2025-05-31,13,PT1H,MC-Ternium,6204.57,5450.0
2025-05-31,14,PT1H,MC-Ternium,7499.31,5450.0
2025-05-31,15,PT1H,MC-Ternium,7410.54,5450.0
2025-05-31,16,PT1H,MC-Ternium,8090.18,5450.0
2025-05-31,17,PT1H,MC-Ternium,6617.9,5450.0
2025-05-31,18,PT1H,MC-Ternium,5596.93,5450.0
2025-05-31,19,PT1H,MC-Ternium,3831.03,5450.0
2025-05-31,20,PT1H,MC-Ternium,7059.8,5450.0
2025-05-31,21,PT1H,MC-Ternium,7869.82,5450.0
2025-05-31,22,PT1H,MC-Ternium,7653.69,5450.0
2025-05-31,23,PT1H,MC-Ternium,7346.67,5450.0
2025-05-31,24,PT1H,MC-Ternium,7226.33,5450.0
2025-06-01,1,PT1H,MC-Ternium,8142.56,4987.5
2025-06-01,2,PT1H,MC-Ternium,6238.82,4987.5
2025-06-01,3,PT1H,MC-Ternium,7182.13,4987.5
2025-06-01,4,PT1H,MC-Ternium,7599.7,4987.5
2025-06-01,5,PT1H,MC-Ternium,7515.5,4987.5
2025-06-01,6,PT1H,MC-Ternium,7773.4,4987.5
2025-06-01,7,PT1H,MC-Ternium,6921.86,4987.5
2025-06-01,8,PT1H,MC-Ternium,4971.56,4987.5
2025-06-01,9,PT1H,MC-Ternium,3688.66,4987.5
2025-06-01,10,PT1H,MC-Ternium,4200.58,4987.5
2025-06-01,11,PT1H,MC-Ternium,6867.32,4987.5
2025-06-01,12,PT1H,MC-Ternium,5919.36,4987.5
2025-06-01,13,PT1H,MC-Ternium,2870.82,4987.5
2025-06-01,14,PT1H,MC-Ternium,6960.4,4987.5
2025-06-01,15,PT1H,MC-Ternium,7715.88,4987.5
2025-06-01,16,PT1H,MC-Ternium,5998.97,4987.5
2025-06-01,17,PT1H,MC-Ternium,6874.74,4987.5
2025-06-01,18,PT1H,MC-Ternium,7225.74,4987.5
2025-06-01,19,PT1H,MC-Ternium,8078.14,4987.5
2025-06-01,20,PT1H,MC-Ternium,7591.98,4987.5
2025-06-01,21,PT1H,MC-Ternium,6068.09,4987.5
2025-06-01,22,PT1H,MC-Ternium,5997.28,4987.5
2025-06-01,23,PT1H,MC-Ternium,7835.25,4987.5
2025-06-01,24,PT1H,MC-Ternium,6849.19,4987.5
2025-06-02,1,PT1H,MC-Ternium,5183.71,6695.0
2025-06-02,2,PT1H,MC-Ternium,7293.7,6695.0
2025-06-02,3,PT1H,MC-Ternium,4829.13,6695.0
2025-06-02,4,PT1H,MC-Ternium,3602.35,6695.0
2025-06-02,5,PT1H,MC-Ternium,6757.86,6695.0
2025-06-02,6,PT1H,MC-Ternium,8006.81,6695.0
2025-06-02,7,PT1H,MC-Ternium,7204.63,6695.0
2025-06-02,8,PT1H,MC-Ternium,6460.22,6695.0
2025-06-02,9,PT1H,MC-Ternium,7509.31,6695.0
2025-06-02,10,PT1H,MC-Ternium,3610.14,6695.0
2025-06-02,11,PT1H,MC-Ternium,1683.49,6695.0
2025-06-02,12,PT1H,MC-Ternium,1639.07,6695.0
2025-06-02,13,PT1H,MC-Ternium,1726.11,6695.0
2025-06-02,14,PT1H,MC-Ternium,1720.29,6695.0
2025-06-02,15,PT1H,MC-Ternium,2660.32,6695.0
2025-06-02,16,PT1H,MC-Ternium,2935.59,6695.0
2025-06-02,17,PT1H,MC-Ternium,2756.36,6695.0
2025-06-02,18,PT1H,MC-Ternium,3092.83,6695.0
2025-06-02,19,PT1H,MC-Ternium,4933.86,6695.0
2025-06-02,20,PT1H,MC-Ternium,4068.89,6695.0
2025-06-02,21,PT1H,MC-Ternium,3444.88,6695.0
2025-06-02,22,PT1H,MC-Ternium,3416.06,6695.0
2025-06-02,23,PT1H,MC-Ternium,4202.27,6695.0
2025-06-02,24,PT1H,MC-Ternium,6966.18,6695.0
2025-06-03,1,PT1H,MC-Ternium,4767.49,6785.0
2025-06-03,2,PT1H,MC-Ternium,6502.83,6785.0
2025-06-03,3,PT1H,MC-Ternium,4938.3,6785.0
2025-06-03,4,PT1H,MC-Ternium,6640.87,6785.0
2025-06-03,5,PT1H,MC-Ternium,5397.53,6785.0
2025-06-03,6,PT1H,MC-Ternium,5303.38,6785.0
2025-06-03,7,PT1H,MC-Ternium,5045.03,6785.0
2025-06-03,8,PT1H,MC-Ternium,6042.42,6785.0
2025-06-03,9,PT1H,MC-Ternium,5265.1,6785.0
2025-06-03,10,PT1H,MC-Ternium,6447.92,6785.0
2025-06-03,11,PT1H,MC-Ternium,6188.3,6785.0
2025-06-03,12,PT1H,MC-Ternium,6317.64,6785.0
2025-06-03,13,PT1H,MC-Ternium,4787.95,6785.0
2025-06-03,14,PT1H,MC-Ternium,4251.91,6785.0
2025-06-03,15,PT1H,MC-Ternium,4212.38,6785.0
2025-06-03,16,PT1H,MC-Ternium,5955.38,6785.0
2025-06-03,17,PT1H,MC-Ternium,3154.13,6785.0
2025-06-03,18,PT1H,MC-Ternium,3049.34,6785.0
2025-06-03,19,PT1H,MC-Ternium,4035.46,6785.0
2025-06-03,20,PT1H,MC-Ternium,5344.85,6785.0
2025-06-03,21,PT1H,MC-Ternium,5302.41,6785.0
2025-06-03,22,PT1H,MC-Ternium,4629.47,6785.0
2025-06-03,23,PT1H,MC-Ternium,5692.83,6785.0
2025-06-03,24,PT1H,MC-Ternium,6586.03,6785.0
2025-06-04,1,PT1H,MC-Ternium,6513.94,6375.0
2025-06-04,2,PT1H,MC-Ternium,4782.68,6375.0
2025-06-04,3,PT1H,MC-Ternium,5147.45,6375.0
2025-06-04,4,PT1H,MC-Ternium,5761.59,6375.0
2025-06-04,5,PT1H,MC-Ternium,6548.05,6375.0
2025-06-04,6,PT1H,MC-Ternium,4933.66,6375.0
2025-06-04,7,PT1H,MC-Ternium,5669.43,6375.0
2025-06-04,8,PT1H,MC-Ternium,4379.2,6375.0
2025-06-04,9,PT1H,MC-Ternium,1661.44,6375.0
2025-06-04,10,PT1H,MC-Ternium,1652.72,6375.0
2025-06-04,11,PT1H,MC-Ternium,1575.39,6375.0
2025-06-04,12,PT1H,MC-Ternium,1655.96,6375.0
2025-06-04,13,PT1H,MC-Ternium,1699.09,6375.0
2025-06-04,14,PT1H,MC-Ternium,1701.7,6375.0
2025-06-04,15,PT1H,MC-Ternium,1772.88,6375.0
2025-06-04,16,PT1H,MC-Ternium,3066.91,6375.0
2025-06-04,17,PT1H,MC-Ternium,4485.36,6375.0
2025-06-04,18,PT1H,MC-Ternium,4315.44,6375.0
2025-06-04,19,PT1H,MC-Ternium,6271.51,6375.0
2025-06-04,20,PT1H,MC-Ternium,5221.44,6375.0
2025-06-04,21,PT1H,MC-Ternium,4746.85,6375.0
2025-06-04,22,PT1H,MC-Ternium,5639.01,6375.0
2025-06-04,23,PT1H,MC-Ternium,6872.88,6375.0
2025-06-04,24,PT1H,MC-Ternium,4514.22,6375.0
2025-06-05,1,PT1H,MC-Ternium,6577.79,5695.0
2025-06-05,2,PT1H,MC-Ternium,5754.82,5695.0
2025-06-05,3,PT1H,MC-Ternium,6846.65,5695.0
2025-06-05,4,PT1H,MC-Ternium,6799.17,5695.0
2025-06-05,5,PT1H,MC-Ternium,6768.91,5695.0
2025-06-05,6,PT1H,MC-Ternium,6778.75,5695.0
2025-06-05,7,PT1H,MC-Ternium,6627.98,5695.0
2025-06-05,8,PT1H,MC-Ternium,4076.25,5695.0
2025-06-05,9,PT1H,MC-Ternium,4841.06,5695.0
2025-06-05,10,PT1H,MC-Ternium,5821.97,5695.0
2025-06-05,11,PT1H,MC-Ternium,5718.84,5695.0
2025-06-05,12,PT1H,MC-Ternium,5815.18,5695.0
2025-06-05,13,PT1H,MC-Ternium,5721.48,5695.0
2025-06-05,14,PT1H,MC-Ternium,6078.44,5695.0
2025-06-05,15,PT1H,MC-Ternium,5939.18,5695.0
2025-06-05,16,PT1H,MC-Ternium,6589.06,5695.0
2025-06-05,17,PT1H,MC-Ternium,5900.74,5695.0
2025-06-05,18,PT1H,MC-Ternium,4630.62,5695.0
2025-06-05,19,PT1H,MC-Ternium,5024.98,5695.0
2025-06-05,20,PT1H,MC-Ternium,6240.23,5695.0
2025-06-05,21,PT1H,MC-Ternium,5701.59,5695.0
2025-06-05,22,PT1H,MC-Ternium,3697.14,5695.0
2025-06-05,23,PT1H,MC-Ternium,3096.55,5695.0
2025-06-05,24,PT1H,MC-Ternium,5243.03,5695.0
2025-06-06,1,PT1H,MC-Ternium,5632.59,5395.0
2025-06-06,2,PT1H,MC-Ternium,6061.1,5395.0
2025-06-06,3,PT1H,MC-Ternium,5881.02,5395.0
2025-06-06,4,PT1H,MC-Ternium,5804.05,5395.0
2025-06-06,5,PT1H,MC-Ternium,4972.22,5395.0
2025-06-06,6,PT1H,MC-Ternium,5559.12,5395.0
2025-06-06,7,PT1H,MC-Ternium,5950.87,5395.0
2025-06-06,8,PT1H,MC-Ternium,4097.24,5395.0
2025-06-06,9,PT1H,MC-Ternium,6428.91,5395.0
2025-06-06,10,PT1H,MC-Ternium,4445.82,5395.0
2025-06-06,11,PT1H,MC-Ternium,4787.1,5395.0
2025-06-06,12,PT1H,MC-Ternium,3004.95,5395.0
2025-06-06,13,PT1H,MC-Ternium,5109.56,5395.0
2025-06-06,14,PT1H,MC-Ternium,6009.04,5395.0
2025-06-06,15,PT1H,MC-Ternium,5409.55,5395.0
2025-06-06,16,PT1H,MC-Ternium,5861.8,5395.0
2025-06-06,17,PT1H,MC-Ternium,5924.65,5395.0
2025-06-06,18,PT1H,MC-Ternium,6173.34,5395.0
2025-06-06,19,PT1H,MC-Ternium,6402.55,5395.0
2025-06-06,20,PT1H,MC-Ternium,5384.8,5395.0
2025-06-06,21,PT1H,MC-Ternium,5886.47,5395.0
2025-06-06,22,PT1H,MC-Ternium,4954.19,5395.0
2025-06-06,23,PT1H,MC-Ternium,6025.06,5395.0
2025-06-06,24,PT1H,MC-Ternium,6472.79,5395.0
2025-06-07,1,PT1H,MC-Ternium,6152.4,4375.0
2025-06-07,2,PT1H,MC-Ternium,5481.92,4375.0
2025-06-07,3,PT1H,MC-Ternium,5592.5,4375.0
2025-06-07,4,PT1H,MC-Ternium,5570.05,4375.0
2025-06-07,5,PT1H,MC-Ternium,4901.18,4375.0
2025-06-07,6,PT1H,MC-Ternium,5059.05,4375.0
2025-06-07,7,PT1H,MC-Ternium,5602.66,4375.0
2025-06-07,8,PT1H,MC-Ternium,5187.12,4375.0
2025-06-07,9,PT1H,MC-Ternium,5636.57,4375.0
2025-06-07,10,PT1H,MC-Ternium,4422.48,4375.0
2025-06-07,11,PT1H,MC-Ternium,6139.87,4375.0
2025-06-07,12,PT1H,MC-Ternium,5846.07,4375.0
2025-06-07,13,PT1H,MC-Ternium,5233.8,4375.0
2025-06-07,14,PT1H,MC-Ternium,5346.38,4375.0
2025-06-07,15,PT1H,MC-Ternium,5844.68,4375.0
2025-06-07,16,PT1H,MC-Ternium,5807.21,4375.0
2025-06-07,17,PT1H,MC-Ternium,4998.83,4375.0
2025-06-07,18,PT1H,MC-Ternium,5026.36,4375.0
2025-06-07,19,PT1H,MC-Ternium,5342.4,4375.0
2025-06-07,20,PT1H,MC-Ternium,5219.56,4375.0
2025-06-07,21,PT1H,MC-Ternium,6259.49,4375.0
2025-06-07,22,PT1H,MC-Ternium,6151.35,4375.0
2025-06-07,23,PT1H,MC-Ternium,6739.45,4375.0
2025-06-07,24,PT1H,MC-Ternium,6039.25,4375.0
2025-06-08,1,PT1H,MC-Ternium,6244.99,5975.0
2025-06-08,2,PT1H,MC-Ternium,4880.68,5975.0
2025-06-08,3,PT1H,MC-Ternium,5929.86,5975.0
2025-06-08,4,PT1H,MC-Ternium,4556.72,5975.0
2025-06-08,5,PT1H,MC-Ternium,4892.81,5975.0
2025-06-08,6,PT1H,MC-Ternium,5274.45,5975.0
2025-06-08,7,PT1H,MC-Ternium,5355.8,5975.0
2025-06-08,8,PT1H,MC-Ternium,6428.27,5975.0
2025-06-08,9,PT1H,MC-Ternium,6545.79,5975.0
2025-06-08,10,PT1H,MC-Ternium,5091.01,5975.0
2025-06-08,11,PT1H,MC-Ternium,6688.5,5975.0
2025-06-08,12,PT1H,MC-Ternium,6383.05,5975.0
2025-06-08,13,PT1H,MC-Ternium,4948.02,5975.0
2025-06-08,14,PT1H,MC-Ternium,6128.05,5975.0
2025-06-08,15,PT1H,MC-Ternium,3817.52,5975.0
2025-06-08,16,PT1H,MC-Ternium,4768.68,5975.0
2025-06-08,17,PT1H,MC-Ternium,5053.26,5975.0
2025-06-08,18,PT1H,MC-Ternium,5420.75,5975.0
2025-06-08,19,PT1H,MC-Ternium,5207.49,5975.0
2025-06-08,20,PT1H,MC-Ternium,5107.13,5975.0
2025-06-08,21,PT1H,MC-Ternium,6168.99,5975.0
2025-06-08,22,PT1H,MC-Ternium,6643.95,5975.0
2025-06-08,23,PT1H,MC-Ternium,6367.69,5975.0
2025-06-08,24,PT1H,MC-Ternium,4538.97,5975.0
2025-06-09,1,PT1H,MC-Ternium,3414.1,5675.0
2025-06-09,2,PT1H,MC-Ternium,5716.2,5675.0
2025-06-09,3,PT1H,MC-Ternium,5444.45,5675.0
2025-06-09,4,PT1H,MC-Ternium,5110.19,5675.0
2025-06-09,5,PT1H,MC-Ternium,5066.52,5675.0
2025-06-09,6,PT1H,MC-Ternium,3282.49,5675.0
2025-06-09,7,PT1H,MC-Ternium,5468.29,5675.0
2025-06-09,8,PT1H,MC-Ternium,4983.39,5675.0
2025-06-09,9,PT1H,MC-Ternium,4322.81,5675.0
2025-06-09,10,PT1H,MC-Ternium,4065.39,5675.0
2025-06-09,11,PT1H,MC-Ternium,3275.69,5675.0
2025-06-09,12,PT1H,MC-Ternium,1853.87,5675.0
2025-06-09,13,PT1H,MC-Ternium,4415.28,5675.0
2025-06-09,14,PT1H,MC-Ternium,5736.91,5675.0
2025-06-09,15,PT1H,MC-Ternium,5942.08,5675.0
2025-06-09,16,PT1H,MC-Ternium,7206.78,5675.0
2025-06-09,17,PT1H,MC-Ternium,7059.27,5675.0
2025-06-09,18,PT1H,MC-Ternium,3964.04,5675.0
2025-06-09,19,PT1H,MC-Ternium,5255.46,5675.0
2025-06-09,20,PT1H,MC-Ternium,7072.66,5675.0
2025-06-09,21,PT1H,MC-Ternium,7386.32,5675.0
2025-06-09,22,PT1H,MC-Ternium,7103.26,5675.0
2025-06-09,23,PT1H,MC-Ternium,7122.16,5675.0
2025-06-09,24,PT1H,MC-Ternium,4549.67,5675.0
2025-06-10,1,PT1H,MC-Ternium,7070.79,5975.0
2025-06-10,2,PT1H,MC-Ternium,7361.57,5975.0
2025-06-10,3,PT1H,MC-Ternium,7420.48,5975.0
2025-06-10,4,PT1H,MC-Ternium,7362.44,5975.0
2025-06-10,5,PT1H,MC-Ternium,7266.01,5975.0
2025-06-10,6,PT1H,MC-Ternium,7421.27,5975.0
2025-06-10,7,PT1H,MC-Ternium,6147.99,5975.0
2025-06-10,8,PT1H,MC-Ternium,7316.48,5975.0
2025-06-10,9,PT1H,MC-Ternium,6594.04,5975.0
2025-06-10,10,PT1H,MC-Ternium,3547.32,5975.0
2025-06-10,11,PT1H,MC-Ternium,5201.48,5975.0
2025-06-10,12,PT1H,MC-Ternium,6938.47,5975.0
2025-06-10,13,PT1H,MC-Ternium,7193.08,5975.0
2025-06-10,14,PT1H,MC-Ternium,6783.26,5975.0
2025-06-10,15,PT1H,MC-Ternium,5448.31,5975.0
2025-06-10,16,PT1H,MC-Ternium,4634.1,5975.0
2025-06-10,17,PT1H,MC-Ternium,5807.68,5975.0
2025-06-10,18,PT1H,MC-Ternium,5613.66,5975.0
2025-06-10,19,PT1H,MC-Ternium,4009.56,5975.0
2025-06-10,20,PT1H,MC-Ternium,4799.17,5975.0
2025-06-10,21,PT1H,MC-Ternium,2466.18,5975.0
2025-06-10,22,PT1H,MC-Ternium,3751.94,5975.0
2025-06-10,23,PT1H,MC-Ternium,3378.8,5975.0
2025-06-10,24,PT1H,MC-Ternium,4875.29,5975.0
2025-06-11,1,PT1H,MC-Ternium,6744.67,5875.0
2025-06-11,2,PT1H,MC-Ternium,5522.31,5875.0
2025-06-11,3,PT1H,MC-Ternium,6409.23,5875.0
2025-06-11,4,PT1H,MC-Ternium,3976.04,5875.0
2025-06-11,5,PT1H,MC-Ternium,7173.61,5875.0
2025-06-11,6,PT1H,MC-Ternium,7226.66,5875.0
2025-06-11,7,PT1H,MC-Ternium,5705.3,5875.0
2025-06-11,8,PT1H,MC-Ternium,7150.69,5875.0
2025-06-11,9,PT1H,MC-Ternium,6778.3,5875.0
2025-06-11,10,PT1H,MC-Ternium,5838.97,5875.0
2025-06-11,11,PT1H,MC-Ternium,5387.04,5875.0
2025-06-11,12,PT1H,MC-Ternium,6436.28,5875.0
2025-06-11,13,PT1H,MC-Ternium,6949.87,5875.0
2025-06-11,14,PT1H,MC-Ternium,5737.48,5875.0
2025-06-11,15,PT1H,MC-Ternium,3645.25,5875.0
2025-06-11,16,PT1H,MC-Ternium,6769.67,5875.0
2025-06-11,17,PT1H,MC-Ternium,4943.74,5875.0
2025-06-11,18,PT1H,MC-Ternium,3336.53,5875.0
2025-06-11,19,PT1H,MC-Ternium,6862.79,5875.0
2025-06-11,20,PT1H,MC-Ternium,4607.54,5875.0
2025-06-11,21,PT1H,MC-Ternium,6704.15,5875.0
2025-06-11,22,PT1H,MC-Ternium,7269.93,5875.0
2025-06-11,23,PT1H,MC-Ternium,6538.0,5875.0
2025-06-11,24,PT1H,MC-Ternium,5523.4,5875.0
2025-06-12,1,PT1H,MC-Ternium,5828.61,5375.0
2025-06-12,2,PT1H,MC-Ternium,7209.3,5375.0
2025-06-12,3,PT1H,MC-Ternium,5970.03,5375.0
2025-06-12,4,PT1H,MC-Ternium,7111.69,5375.0
2025-06-12,5,PT1H,MC-Ternium,7213.44,5375.0
2025-06-12,6,PT1H,MC-Ternium,7258.79,5375.0
2025-06-12,7,PT1H,MC-Ternium,7223.46,5375.0
2025-06-12,8,PT1H,MC-Ternium,7167.05,5375.0
2025-06-12,9,PT1H,MC-Ternium,7311.37,5375.0
2025-06-12,10,PT1H,MC-Ternium,7262.1,5375.0
2025-06-12,11,PT1H,MC-Ternium,7222.56,5375.0
2025-06-12,12,PT1H,MC-Ternium,5789.41,5375.0
2025-06-12,13,PT1H,MC-Ternium,6044.76,5375.0
2025-06-12,14,PT1H,MC-Ternium,6984.49,5375.0
2025-06-12,15,PT1H,MC-Ternium,7352.63,5375.0
2025-06-12,16,PT1H,MC-Ternium,5394.38,5375.0
2025-06-12,17,PT1H,MC-Ternium,5300.79,5375.0
2025-06-12,18,PT1H,MC-Ternium,7167.06,5375.0
2025-06-12,19,PT1H,MC-Ternium,7167.93,5375.0
2025-06-12,20,PT1H,MC-Ternium,7213.71,5375.0
2025-06-12,21,PT1H,MC-Ternium,6654.51,5375.0
2025-06-12,22,PT1H,MC-Ternium,6568.11,5375.0
2025-06-12,23,PT1H,MC-Ternium,7254.05,5375.0
2025-06-12,24,PT1H,MC-Ternium,7268.06,5375.0
2025-06-13,1,PT1H,MC-Ternium,7076.84,5958.3
2025-06-13,2,PT1H,MC-Ternium,7132.7,5958.3
2025-06-13,3,PT1H,MC-Ternium,6892.79,5958.3
2025-06-13,4,PT1H,MC-Ternium,7043.14,5958.3
2025-06-13,5,PT1H,MC-Ternium,4989.9,5958.3
2025-06-13,6,PT1H,MC-Ternium,2706.38,5958.3
2025-06-13,7,PT1H,MC-Ternium,2301.81,5958.3
2025-06-13,8,PT1H,MC-Ternium,2313.98,5958.3
2025-06-13,9,PT1H,MC-Ternium,2526.86,5958.3
2025-06-13,10,PT1H,MC-Ternium,4296.06,5958.3
2025-06-13,11,PT1H,MC-Ternium,5286.73,5958.3
2025-06-13,12,PT1H,MC-Ternium,7192.6,5958.3
2025-06-13,13,PT1H,MC-Ternium,6956.02,5958.3
2025-06-13,14,PT1H,MC-Ternium,5495.15,5958.3
2025-06-13,15,PT1H,MC-Ternium,7501.31,5958.3
2025-06-13,16,PT1H,MC-Ternium,7468.56,5958.3
2025-06-13,17,PT1H,MC-Ternium,3433.31,5958.3
2025-06-13,18,PT1H,MC-Ternium,4450.53,5958.3
2025-06-13,19,PT1H,MC-Ternium,6830.39,5958.3
2025-06-13,20,PT1H,MC-Ternium,5613.59,5958.3
2025-06-13,21,PT1H,MC-Ternium,4326.71,5958.3
2025-06-13,22,PT1H,MC-Ternium,6106.72,5958.3
2025-06-13,23,PT1H,MC-Ternium,5844.73,5958.3
2025-06-13,24,PT1H,MC-Ternium,6337.69,5958.3
2025-06-14,1,PT1H,MC-Ternium,6134.97,5958.3
2025-06-14,2,PT1H,MC-Ternium,5886.41,5958.3
2025-06-14,3,PT1H,MC-Ternium,5086.7,5958.3
2025-06-14,4,PT1H,MC-Ternium,4903.27,5958.3
2025-06-14,5,PT1H,MC-Ternium,6282.51,5958.3
2025-06-14,6,PT1H,MC-Ternium,6188.7,5958.3
2025-06-14,7,PT1H,MC-Ternium,5366.34,5958.3
2025-06-14,8,PT1H,MC-Ternium,5053.64,5958.3
2025-06-14,9,PT1H,MC-Ternium,5474.24,5958.3
2025-06-14,10,PT1H,MC-Ternium,5964.78,5958.3
2025-06-14,11,PT1H,MC-Ternium,6545.49,5958.3
2025-06-14,12,PT1H,MC-Ternium,6059.01,5958.3
2025-06-14,13,PT1H,MC-Ternium,5701.1,5958.3
2025-06-14,14,PT1H,MC-Ternium,6182.27,5958.3
2025-06-14,15,PT1H,MC-Ternium,5782.18,5958.3
2025-06-14,16,PT1H,MC-Ternium,6189.83,5958.3
2025-06-14,17,PT1H,MC-Ternium,4681.62,5958.3
2025-06-14,18,PT1H,MC-Ternium,5207.49,5958.3
2025-06-14,19,PT1H,MC-Ternium,5992.3,5958.3
2025-06-14,20,PT1H,MC-Ternium,6253.64,5958.3
2025-06-14,21,PT1H,MC-Ternium,6079.39,5958.3
2025-06-14,22,PT1H,MC-Ternium,5273.18,5958.3
2025-06-14,23,PT1H,MC-Ternium,5598.56,5958.3
2025-06-14,24,PT1H,MC-Ternium,4891.12,5958.3
2025-06-15,1,PT1H,MC-Ternium,5242.43,6175.0
2025-06-15,2,PT1H,MC-Ternium,3109.09,6175.0
2025-06-15,3,PT1H,MC-Ternium,2951.76,6175.0
2025-06-15,4,PT1H,MC-Ternium,4850.79,6175.0
2025-06-15,5,PT1H,MC-Ternium,5645.26,6175.0
2025-06-15,6,PT1H,MC-Ternium,5449.64,6175.0
2025-06-15,7,PT1H,MC-Ternium,6031.91,6175.0
2025-06-15,8,PT1H,MC-Ternium,4872.44,6175.0
2025-06-15,9,PT1H,MC-Ternium,7078.16,6175.0
2025-06-15,10,PT1H,MC-Ternium,6285.9,6175.0
2025-06-15,11,PT1H,MC-Ternium,7293.42,6175.0
2025-06-15,12,PT1H,MC-Ternium,5696.18,6175.0
2025-06-15,13,PT1H,MC-Ternium,7885.09,6175.0
2025-06-15,14,PT1H,MC-Ternium,8189.57,6175.0
2025-06-15,15,PT1H,MC-Ternium,8852.12,6175.0
2025-06-15,16,PT1H,MC-Ternium,8253.23,6175.0
2025-06-15,17,PT1H,MC-Ternium,4735.16,6175.0
2025-06-15,18,PT1H,MC-Ternium,6419.95,6175.0
2025-06-15,19,PT1H,MC-Ternium,8241.91,6175.0
2025-06-15,20,PT1H,MC-Ternium,8579.26,6175.0
2025-06-15,21,PT1H,MC-Ternium,6870.6,6175.0
2025-06-15,22,PT1H,MC-Ternium,8605.65,6175.0
2025-06-15,23,PT1H,MC-Ternium,8270.63,6175.0
2025-06-15,24,PT1H,MC-Ternium,6566.54,6175.0
2025-06-16,1,PT1H,MC-Ternium,4748.08,5615.0
2025-06-16,2,PT1H,MC-Ternium,8372.31,5615.0
2025-06-16,3,PT1H,MC-Ternium,8558.4,5615.0
2025-06-16,4,PT1H,MC-Ternium,8503.83,5615.0
2025-06-16,5,PT1H,MC-Ternium,5590.18,5615.0
2025-06-16,6,PT1H,MC-Ternium,6833.59,5615.0
2025-06-16,7,PT1H,MC-Ternium,5263.58,5615.0
2025-06-16,8,PT1H,MC-Ternium,8213.15,5615.0
2025-06-16,9,PT1H,MC-Ternium,8547.6,5615.0
2025-06-16,10,PT1H,MC-Ternium,7892.49,5615.0
2025-06-16,11,PT1H,MC-Ternium,8853.07,5615.0
2025-06-16,12,PT1H,MC-Ternium,3719.77,5615.0
2025-06-16,13,PT1H,MC-Ternium,5778.1,5615.0
2025-06-16,14,PT1H,MC-Ternium,7017.82,5615.0
2025-06-16,15,PT1H,MC-Ternium,7074.18,5615.0
2025-06-16,16,PT1H,MC-Ternium,5835.0,5615.0
2025-06-16,17,PT1H,MC-Ternium,4217.1,5615.0
2025-06-16,18,PT1H,MC-Ternium,5344.54,5615.0
2025-06-16,19,PT1H,MC-Ternium,6123.79,5615.0
2025-06-16,20,PT1H,MC-Ternium,4565.24,5615.0
2025-06-16,21,PT1H,MC-Ternium,6268.54,5615.0
2025-06-16,22,PT1H,MC-Ternium,5791.73,5615.0
2025-06-16,23,PT1H,MC-Ternium,7670.29,5615.0
2025-06-16,24,PT1H,MC-Ternium,8199.44,5615.0
2025-06-17,1,PT1H,MC-Ternium,8149.72,5976.5
2025-06-17,2,PT1H,MC-Ternium,8408.73,5976.5
2025-06-17,3,PT1H,MC-Ternium,8687.01,5976.5
2025-06-17,4,PT1H,MC-Ternium,8417.58,5976.5
2025-06-17,5,PT1H,MC-Ternium,8260.72,5976.5
2025-06-17,6,PT1H,MC-Ternium,7786.39,5976.5
2025-06-17,7,PT1H,MC-Ternium,7756.53,5976.5
2025-06-17,8,PT1H,MC-Ternium,6407.34,5976.5
2025-06-17,9,PT1H,MC-Ternium,7596.15,5976.5
2025-06-17,10,PT1H,MC-Ternium,8118.29,5976.5
2025-06-17,11,PT1H,MC-Ternium,7203.02,5976.5
2025-06-17,12,PT1H,MC-Ternium,5498.94,5976.5
2025-06-17,13,PT1H,MC-Ternium,2661.29,5976.5
2025-06-17,14,PT1H,MC-Ternium,3211.99,5976.5
2025-06-17,15,PT1H,MC-Ternium,4608.33,5976.5
2025-06-17,16,PT1H,MC-Ternium,5889.27,5976.5
2025-06-17,17,PT1H,MC-Ternium,5994.99,5976.5
2025-06-17,18,PT1H,MC-Ternium,6949.57,5976.5
2025-06-17,19,PT1H,MC-Ternium,3664.44,5976.5
2025-06-17,20,PT1H,MC-Ternium,3797.32,5976.5
2025-06-17,21,PT1H,MC-Ternium,6742.34,5976.5
2025-06-17,22,PT1H,MC-Ternium,7225.69,5976.5
2025-06-17,23,PT1H,MC-Ternium,6856.0,5976.5
2025-06-17,24,PT1H,MC-Ternium,4196.3,5976.5
2025-06-18,1,PT1H,MC-Ternium,7161.86,6125.0
2025-06-18,2,PT1H,MC-Ternium,7733.36,6125.0
2025-06-18,3,PT1H,MC-Ternium,7930.33,6125.0
2025-06-18,4,PT1H,MC-Ternium,7916.85,6125.0
2025-06-18,5,PT1H,MC-Ternium,4063.38,6125.0
2025-06-18,6,PT1H,MC-Ternium,5420.98,6125.0
2025-06-18,7,PT1H,MC-Ternium,7775.3,6125.0
2025-06-18,8,PT1H,MC-Ternium,7986.99,6125.0
2025-06-18,9,PT1H,MC-Ternium,8166.07,6125.0
2025-06-18,10,PT1H,MC-Ternium,2954.73,6125.0
2025-06-18,11,PT1H,MC-Ternium,7390.55,6125.0
2025-06-18,12,PT1H,MC-Ternium,6970.86,6125.0
2025-06-18,13,PT1H,MC-Ternium,7129.64,6125.0
2025-06-18,14,PT1H,MC-Ternium,7697.03,6125.0
2025-06-18,15,PT1H,MC-Ternium,5689.96,6125.0
2025-06-18,16,PT1H,MC-Ternium,2789.29,6125.0
2025-06-18,17,PT1H,MC-Ternium,1793.51,6125.0
2025-06-18,18,PT1H,MC-Ternium,1881.26,6125.0
2025-06-18,19,PT1H,MC-Ternium,2913.6,6125.0
2025-06-18,20,PT1H,MC-Ternium,3518.84,6125.0
2025-06-18,21,PT1H,MC-Ternium,5085.74,6125.0
2025-06-18,22,PT1H,MC-Ternium,6205.27,6125.0
2025-06-18,23,PT1H,MC-Ternium,6189.7,6125.0
2025-06-18,24,PT1H,MC-Ternium,7019.81,6125.0
2025-06-19,1,PT1H,MC-Ternium,7687.39,6625.0
2025-06-19,2,PT1H,MC-Ternium,6419.99,6625.0
2025-06-19,3,PT1H,MC-Ternium,6716.21,6625.0
2025-06-19,4,PT1H,MC-Ternium,6603.44,6625.0
2025-06-19,5,PT1H,MC-Ternium,7189.81,6625.0
2025-06-19,6,PT1H,MC-Ternium,5320.23,6625.0
2025-06-19,7,PT1H,MC-Ternium,5673.34,6625.0
2025-06-19,8,PT1H,MC-Ternium,7654.29,6625.0
2025-06-19,9,PT1H,MC-Ternium,7458.99,6625.0
2025-06-19,10,PT1H,MC-Ternium,4985.54,6625.0
2025-06-19,11,PT1H,MC-Ternium,5222.45,6625.0
2025-06-19,12,PT1H,MC-Ternium,7727.84,6625.0
2025-06-19,13,PT1H,MC-Ternium,7301.15,6625.0
2025-06-19,14,PT1H,MC-Ternium,7761.85,6625.0
2025-06-19,15,PT1H,MC-Ternium,5131.24,6625.0
2025-06-19,16,PT1H,MC-Ternium,1823.5,6625.0
2025-06-19,17,PT1H,MC-Ternium,4770.66,6625.0
2025-06-19,18,PT1H,MC-Ternium,7313.96,6625.0
2025-06-19,19,PT1H,MC-Ternium,5370.4,6625.0
2025-06-19,20,PT1H,MC-Ternium,5624.41,6625.0
2025-06-19,21,PT1H,MC-Ternium,6044.71,6625.0
2025-06-19,22,PT1H,MC-Ternium,7272.05,6625.0
2025-06-19,23,PT1H,MC-Ternium,8191.17,6625.0
2025-06-19,24,PT1H,MC-Ternium,7234.41,6625.0
2025-06-20,1,PT1H,MC-Ternium,5158.47,6475.0
2025-06-20,2,PT1H,MC-Ternium,6777.15,6475.0
2025-06-20,3,PT1H,MC-Ternium,7525.16,6475.0
2025-06-20,4,PT1H,MC-Ternium,8185.45,6475.0
2025-06-20,5,PT1H,MC-Ternium,8035.73,6475.0
2025-06-20,6,PT1H,MC-Ternium,6657.5,6475.0
2025-06-20,7,PT1H,MC-Ternium,5874.25,6475.0
2025-06-20,8,PT1H,MC-Ternium,4714.5,6475.0
2025-06-20,9,PT1H,MC-Ternium,6938.52,6475.0
2025-06-20,10,PT1H,MC-Ternium,2065.33,6475.0
2025-06-20,11,PT1H,MC-Ternium,2719.8,6475.0
2025-06-20,12,PT1H,MC-Ternium,2788.83,6475.0
2025-06-20,13,PT1H,MC-Ternium,6122.01,6475.0
2025-06-20,14,PT1H,MC-Ternium,6920.88,6475.0
2025-06-20,15,PT1H,MC-Ternium,6643.52,6475.0
2025-06-20,16,PT1H,MC-Ternium,7489.91,6475.0
2025-06-20,17,PT1H,MC-Ternium,5422.93,6475.0
2025-06-20,18,PT1H,MC-Ternium,2117.12,6475.0
2025-06-20,19,PT1H,MC-Ternium,2934.1,6475.0
2025-06-20,20,PT1H,MC-Ternium,4445.97,6475.0
2025-06-20,21,PT1H,MC-Ternium,6551.41,6475.0
2025-06-20,22,PT1H,MC-Ternium,7029.7,6475.0
2025-06-20,23,PT1H,MC-Ternium,7632.83,6475.0
2025-06-20,24,PT1H,MC-Ternium,7609.88,6475.0
2025-06-21,1,PT1H,MC-Ternium,7228.08,5895.0
2025-06-21,2,PT1H,MC-Ternium,7406.91,5895.0
2025-06-21,3,PT1H,MC-Ternium,7586.49,5895.0
2025-06-21,4,PT1H,MC-Ternium,7674.32,5895.0
2025-06-21,5,PT1H,MC-Ternium,7653.42,5895.0
2025-06-21,6,PT1H,MC-Ternium,7423.4,5895.0
2025-06-21,7,PT1H,MC-Ternium,5934.33,5895.0
2025-06-21,8,PT1H,MC-Ternium,6991.9,5895.0
2025-06-21,9,PT1H,MC-Ternium,7637.31,5895.0
2025-06-21,10,PT1H,MC-Ternium,7448.96,5895.0
2025-06-21,11,PT1H,MC-Ternium,7608.32,5895.0
2025-06-21,12,PT1H,MC-Ternium,5554.37,5895.0
2025-06-21,13,PT1H,MC-Ternium,2845.26,5895.0
2025-06-21,14,PT1H,MC-Ternium,7076.83,5895.0
2025-06-21,15,PT1H,MC-Ternium,7357.85,5895.0
2025-06-21,16,PT1H,MC-Ternium,7121.66,5895.0
2025-06-21,17,PT1H,MC-Ternium,5255.9,5895.0
2025-06-21,18,PT1H,MC-Ternium,5048.77,5895.0
2025-06-21,19,PT1H,MC-Ternium,5571.53,5895.0
2025-06-21,20,PT1H,MC-Ternium,7252.19,5895.0
2025-06-21,21,PT1H,MC-Ternium,7483.38,5895.0
2025-06-21,22,PT1H,MC-Ternium,5402.35,5895.0
2025-06-21,23,PT1H,MC-Ternium,7514.32,5895.0
2025-06-21,24,PT1H,MC-Ternium,7182.35,5895.0
2025-06-22,1,PT1H,MC-Ternium,7455.22,6575.0
2025-06-22,2,PT1H,MC-Ternium,5179.66,6575.0
2025-06-22,3,PT1H,MC-Ternium,6029.36,6575.0
2025-06-22,4,PT1H,MC-Ternium,4151.77,6575.0
2025-06-22,5,PT1H,MC-Ternium,2716.86,6575.0
2025-06-22,6,PT1H,MC-Ternium,5774.57,6575.0
2025-06-22,7,PT1H,MC-Ternium,4906.15,6575.0
2025-06-22,8,PT1H,MC-Ternium,4579.24,6575.0
2025-06-22,9,PT1H,MC-Ternium,7018.24,6575.0
2025-06-22,10,PT1H,MC-Ternium,5832.95,6575.0
2025-06-22,11,PT1H,MC-Ternium,4874.46,6575.0
2025-06-22,12,PT1H,MC-Ternium,6340.51,6575.0
2025-06-22,13,PT1H,MC-Ternium,6882.73,6575.0
2025-06-22,14,PT1H,MC-Ternium,4266.33,6575.0
2025-06-22,15,PT1H,MC-Ternium,4049.48,6575.0
2025-06-22,16,PT1H,MC-Ternium,3008.14,6575.0
2025-06-22,17,PT1H,MC-Ternium,6173.94,6575.0
2025-06-22,18,PT1H,MC-Ternium,6434.7,6575.0
2025-06-22,19,PT1H,MC-Ternium,5794.99,6575.0
2025-06-22,20,PT1H,MC-Ternium,5464.6,6575.0
2025-06-22,21,PT1H,MC-Ternium,7257.48,6575.0
2025-06-22,22,PT1H,MC-Ternium,7448.45,6575.0
2025-06-22,23,PT1H,MC-Ternium,6851.76,6575.0
2025-06-22,24,PT1H,MC-Ternium,7328.42,6575.0
2025-06-23,1,PT1H,MC-Ternium,7545.48,5775.0
2025-06-23,2,PT1H,MC-Ternium,7504.27,5775.0
2025-06-23,3,PT1H,MC-Ternium,7471.99,5775.0
2025-06-23,4,PT1H,MC-Ternium,7635.12,5775.0
2025-06-23,5,PT1H,MC-Ternium,4908.45,5775.0
2025-06-23,6,PT1H,MC-Ternium,1124.16,5775.0
2025-06-23,7,PT1H,MC-Ternium,963.38,5775.0
2025-06-23,8,PT1H,MC-Ternium,0.0,5775.0
2025-06-23,9,PT1H,MC-Ternium,0.0,5775.0
2025-06-23,10,PT1H,MC-Ternium,0.0,5775.0
2025-06-23,11,PT1H,MC-Ternium,0.0,5775.0
2025-06-23,12,PT1H,MC-Ternium,0.0,5775.0
2025-06-23,13,PT1H,MC-Ternium,0.0,5775.0
2025-06-23,14,PT1H,MC-Ternium,0.0,5775.0
2025-06-23,15,PT1H,MC-Ternium,0.0,5775.0
2025-06-23,16,PT1H,MC-Ternium,0.0,5775.0
2025-06-23,17,PT1H,MC-Ternium,36.45,5775.0
2025-06-23,18,PT1H,MC-Ternium,68.74,5775.0
2025-06-23,19,PT1H,MC-Ternium,6.97,5775.0
2025-06-23,20,PT1H,MC-Ternium,517.5,5775.0
2025-06-23,21,PT1H,MC-Ternium,1050.53,5775.0
2025-06-23,22,PT1H,MC-Ternium,1447.53,5775.0
2025-06-23,23,PT1H,MC-Ternium,1984.07,5775.0
2025-06-23,24,PT1H,MC-Ternium,2351.84,5775.0
2025-06-24,1,PT1H,MC-Ternium,2598.85,6675.0
2025-06-24,2,PT1H,MC-Ternium,2873.02,6675.0
2025-06-24,3,PT1H,MC-Ternium,3541.49,6675.0
2025-06-24,4,PT1H,MC-Ternium,6191.6,6675.0
2025-06-24,5,PT1H,MC-Ternium,6743.12,6675.0
2025-06-24,6,PT1H,MC-Ternium,7299.79,6675.0
2025-06-24,7,PT1H,MC-Ternium,3313.86,6675.0
2025-06-24,8,PT1H,MC-Ternium,3701.17,6675.0
2025-06-24,9,PT1H,MC-Ternium,5481.91,6675.0
2025-06-24,10,PT1H,MC-Ternium,5081.26,6675.0
2025-06-24,11,PT1H,MC-Ternium,4721.04,6675.0
2025-06-24,12,PT1H,MC-Ternium,5251.9,6675.0
2025-06-24,13,PT1H,MC-Ternium,5485.02,6675.0
2025-06-24,14,PT1H,MC-Ternium,4773.51,6675.0
2025-06-24,15,PT1H,MC-Ternium,6245.99,6675.0
2025-06-24,16,PT1H,MC-Ternium,6444.73,6675.0
2025-06-24,17,PT1H,MC-Ternium,6090.42,6675.0
2025-06-24,18,PT1H,MC-Ternium,7308.13,6675.0
2025-06-24,19,PT1H,MC-Ternium,6531.43,6675.0
2025-06-24,20,PT1H,MC-Ternium,4654.53,6675.0
2025-06-24,21,PT1H,MC-Ternium,4695.91,6675.0
2025-06-24,22,PT1H,MC-Ternium,5301.52,6675.0
2025-06-24,23,PT1H,MC-Ternium,5277.37,6675.0
2025-06-24,24,PT1H,MC-Ternium,3346.86,6675.0
2025-06-25,1,PT1H,MC-Ternium,3962.5,5975.0
2025-06-25,2,PT1H,MC-Ternium,5205.63,5975.0
2025-06-25,3,PT1H,MC-Ternium,4972.49,5975.0
2025-06-25,4,PT1H,MC-Ternium,4073.44,5975.0
2025-06-25,5,PT1H,MC-Ternium,4712.29,5975.0
2025-06-25,6,PT1H,MC-Ternium,4880.22,5975.0
2025-06-25,7,PT1H,MC-Ternium,5557.35,5975.0
2025-06-25,8,PT1H,MC-Ternium,4217.87,5975.0
2025-06-25,9,PT1H,MC-Ternium,5178.22,5975.0
2025-06-25,10,PT1H,MC-Ternium,4090.8,5975.0
2025-06-25,11,PT1H,MC-Ternium,5128.31,5975.0
2025-06-25,12,PT1H,MC-Ternium,7497.44,5975.0
2025-06-25,13,PT1H,MC-Ternium,5776.58,5975.0
2025-06-25,14,PT1H,MC-Ternium,4647.86,5975.0
2025-06-25,15,PT1H,MC-Ternium,6646.65,5975.0
2025-06-25,16,PT1H,MC-Ternium,2193.49,5975.0
2025-06-25,17,PT1H,MC-Ternium,1680.44,5975.0
2025-06-25,18,PT1H,MC-Ternium,1802.87,5975.0
2025-06-25,19,PT1H,MC-Ternium,2990.58,5975.0
2025-06-25,20,PT1H,MC-Ternium,4172.41,5975.0
2025-06-25,21,PT1H,MC-Ternium,6095.8,5975.0
2025-06-25,22,PT1H,MC-Ternium,3861.39,5975.0
2025-06-25,23,PT1H,MC-Ternium,4050.26,5975.0
2025-06-25,24,PT1H,MC-Ternium,5072.96,5975.0
2025-06-26,1,PT1H,MC-Ternium,6286.45,6012.5
2025-06-26,2,PT1H,MC-Ternium,6323.78,6012.5
2025-06-26,3,PT1H,MC-Ternium,6367.53,6012.5
2025-06-26,4,PT1H,MC-Ternium,3697.54,6012.5
2025-06-26,5,PT1H,MC-Ternium,6262.14,6012.5
2025-06-26,6,PT1H,MC-Ternium,5094.91,6012.5
2025-06-26,7,PT1H,MC-Ternium,6298.95,6012.5
2025-06-26,8,PT1H,MC-Ternium,2842.03,6012.5
2025-06-26,9,PT1H,MC-Ternium,6345.24,6012.5
2025-06-26,10,PT1H,MC-Ternium,6435.07,6012.5
2025-06-26,11,PT1H,MC-Ternium,5512.57,6012.5
2025-06-26,12,PT1H,MC-Ternium,5116.93,6012.5
2025-06-26,13,PT1H,MC-Ternium,6706.12,6012.5
2025-06-26,14,PT1H,MC-Ternium,6430.53,6012.5
2025-06-26,15,PT1H,MC-Ternium,6145.19,6012.5
2025-06-26,16,PT1H,MC-Ternium,5704.39,6012.5
2025-06-26,17,PT1H,MC-Ternium,6697.57,6012.5
2025-06-26,18,PT1H,MC-Ternium,5962.59,6012.5
2025-06-26,19,PT1H,MC-Ternium,5496.84,6012.5
2025-06-26,20,PT1H,MC-Ternium,6799.6,6012.5
2025-06-26,21,PT1H,MC-Ternium,4463.49,6012.5
2025-06-26,22,PT1H,MC-Ternium,3854.65,6012.5
2025-06-26,23,PT1H,MC-Ternium,5270.88,6012.5
2025-06-26,24,PT1H,MC-Ternium,7086.22,6012.5
2025-06-27,1,PT1H,MC-Ternium,7239.86,5875.0
2025-06-27,2,PT1H,MC-Ternium,7306.78,5875.0
2025-06-27,3,PT1H,MC-Ternium,6894.16,5875.0
2025-06-27,4,PT1H,MC-Ternium,6222.22,5875.0
2025-06-27,5,PT1H,MC-Ternium,5923.19,5875.0
2025-06-27,6,PT1H,MC-Ternium,7367.25,5875.0
2025-06-27,7,PT1H,MC-Ternium,6995.85,5875.0
2025-06-27,8,PT1H,MC-Ternium,6093.41,5875.0
2025-06-27,9,PT1H,MC-Ternium,7211.52,5875.0
2025-06-27,10,PT1H,MC-Ternium,6582.8,5875.0
2025-06-27,11,PT1H,MC-Ternium,6993.35,5875.0
2025-06-27,12,PT1H,MC-Ternium,6941.76,5875.0
2025-06-27,13,PT1H,MC-Ternium,7194.92,5875.0
2025-06-27,14,PT1H,MC-Ternium,7183.54,5875.0
2025-06-27,15,PT1H,MC-Ternium,7191.27,5875.0
2025-06-27,16,PT1H,MC-Ternium,3020.83,5875.0
2025-06-27,17,PT1H,MC-Ternium,4926.34,5875.0
2025-06-27,18,PT1H,MC-Ternium,6496.04,5875.0
2025-06-27,19,PT1H,MC-Ternium,5450.08,5875.0
2025-06-27,20,PT1H,MC-Ternium,3779.53,5875.0
2025-06-27,21,PT1H,MC-Ternium,4485.42,5875.0
2025-06-27,22,PT1H,MC-Ternium,5860.43,5875.0
2025-06-27,23,PT1H,MC-Ternium,6747.7,5875.0
2025-06-27,24,PT1H,MC-Ternium,6541.47,5875.0
2025-06-28,1,PT1H,MC-Ternium,7680.13,5675.0
2025-06-28,2,PT1H,MC-Ternium,7583.83,5675.0
2025-06-28,3,PT1H,MC-Ternium,5815.58,5675.0
2025-06-28,4,PT1H,MC-Ternium,7497.28,5675.0
2025-06-28,5,PT1H,MC-Ternium,7655.38,5675.0
2025-06-28,6,PT1H,MC-Ternium,5076.42,5675.0
2025-06-28,7,PT1H,MC-Ternium,6114.85,5675.0
2025-06-28,8,PT1H,MC-Ternium,7536.71,5675.0
2025-06-28,9,PT1H,MC-Ternium,7561.82,5675.0
2025-06-28,10,PT1H,MC-Ternium,7347.37,5675.0
2025-06-28,11,PT1H,MC-Ternium,7619.81,5675.0
2025-06-28,12,PT1H,MC-Ternium,7526.81,5675.0
2025-06-28,13,PT1H,MC-Ternium,6174.85,5675.0
2025-06-28,14,PT1H,MC-Ternium,6046.22,5675.0
2025-06-28,15,PT1H,MC-Ternium,7457.18,5675.0
2025-06-28,16,PT1H,MC-Ternium,5553.16,5675.0
2025-06-28,17,PT1H,MC-Ternium,5197.29,5675.0
2025-06-28,18,PT1H,MC-Ternium,7557.04,5675.0
2025-06-28,19,PT1H,MC-Ternium,7492.42,5675.0
2025-06-28,20,PT1H,MC-Ternium,6862.56,5675.0
2025-06-28,21,PT1H,MC-Ternium,6983.45,5675.0
2025-06-28,22,PT1H,MC-Ternium,7532.31,5675.0
2025-06-28,23,PT1H,MC-Ternium,7352.68,5675.0
2025-06-28,24,PT1H,MC-Ternium,4939.0,5675.0
2025-06-29,1,PT1H,MC-Ternium,6927.13,4807.0
2025-06-29,2,PT1H,MC-Ternium,7415.11,4807.0
2025-06-29,3,PT1H,MC-Ternium,7569.03,4807.0
2025-06-29,4,PT1H,MC-Ternium,7537.64,4807.0
2025-06-29,5,PT1H,MC-Ternium,7588.33,4807.0
2025-06-29,6,PT1H,MC-Ternium,7632.06,4807.0
2025-06-29,7,PT1H,MC-Ternium,7639.96,4807.0
2025-06-29,8,PT1H,MC-Ternium,7642.19,4807.0
2025-06-29,9,PT1H,MC-Ternium,7187.97,4807.0
2025-06-29,10,PT1H,MC-Ternium,7603.72,4807.0
2025-06-29,11,PT1H,MC-Ternium,5142.86,4807.0
2025-06-29,12,PT1H,MC-Ternium,7505.35,4807.0
2025-06-29,13,PT1H,MC-Ternium,7534.02,4807.0
2025-06-29,14,PT1H,MC-Ternium,5710.53,4807.0
2025-06-29,15,PT1H,MC-Ternium,3803.54,4807.0
2025-06-29,16,PT1H,MC-Ternium,4350.21,4807.0
2025-06-29,17,PT1H,MC-Ternium,4209.45,4807.0
2025-06-29,18,PT1H,MC-Ternium,6676.86,4807.0
2025-06-29,19,PT1H,MC-Ternium,7091.59,4807.0
2025-06-29,20,PT1H,MC-Ternium,6752.7,4807.0
2025-06-29,21,PT1H,MC-Ternium,4832.06,4807.0
2025-06-29,22,PT1H,MC-Ternium,6740.25,4807.0
2025-06-29,23,PT1H,MC-Ternium,7180.86,4807.0
2025-06-29,24,PT1H,MC-Ternium,7264.1,4807.0
2025-06-30,1,PT1H,MC-Ternium,7204.36,5015.0
2025-06-30,2,PT1H,MC-Ternium,7299.18,5015.0
2025-06-30,3,PT1H,MC-Ternium,6769.92,5015.0
2025-06-30,4,PT1H,MC-Ternium,5032.12,5015.0
2025-06-30,5,PT1H,MC-Ternium,6441.13,5015.0
2025-06-30,6,PT1H,MC-Ternium,6245.9,5015.0
2025-06-30,7,PT1H,MC-Ternium,6021.09,5015.0
2025-06-30,8,PT1H,MC-Ternium,6229.93,5015.0
2025-06-30,9,PT1H,MC-Ternium,4375.87,5015.0
2025-06-30,10,PT1H,MC-Ternium,5621.45,5015.0
2025-06-30,11,PT1H,MC-Ternium,2415.84,5015.0
2025-06-30,12,PT1H,MC-Ternium,3917.3,5015.0
2025-06-30,13,PT1H,MC-Ternium,6515.54,5015.0
2025-06-30,14,PT1H,MC-Ternium,6785.98,5015.0
2025-06-30,15,PT1H,MC-Ternium,6198.86,5015.0
2025-06-30,16,PT1H,MC-Ternium,6676.93,5015.0
2025-06-30,17,PT1H,MC-Ternium,6987.03,5015.0
2025-06-30,18,PT1H,MC-Ternium,7112.13,5015.0
2025-06-30,19,PT1H,MC-Ternium,5454.87,5015.0
2025-06-30,20,PT1H,MC-Ternium,5689.0,5015.0
2025-06-30,21,PT1H,MC-Ternium,6868.0,5015.0
2025-06-30,22,PT1H,MC-Ternium,4338.74,5015.0
2025-06-30,23,PT1H,MC-Ternium,6544.53,5015.0
2025-06-30,24,PT1H,MC-Ternium,4276.0,5015.0
2025-07-01,1,PT1H,MC-Ternium,3306.5,6807.0
2025-07-01,2,PT1H,MC-Ternium,3833.48,6807.0
2025-07-01,3,PT1H,MC-Ternium,4443.25,6807.0
2025-07-01,4,PT1H,MC-Ternium,6516.75,6807.0
2025-07-01,5,PT1H,MC-Ternium,6973.06,6807.0
2025-07-01,6,PT1H,MC-Ternium,6687.08,6807.0
2025-07-01,7,PT1H,MC-Ternium,6567.33,6807.0
2025-07-01,8,PT1H,MC-Ternium,4104.14,6807.0
2025-07-01,9,PT1H,MC-Ternium,3640.14,6807.0
2025-07-01,10,PT1H,MC-Ternium,4562.7,6807.0
2025-07-01,11,PT1H,MC-Ternium,6852.39,6807.0
2025-07-01,12,PT1H,MC-Ternium,6589.87,6807.0
2025-07-01,13,PT1H,MC-Ternium,5622.2,6807.0
2025-07-01,14,PT1H,MC-Ternium,1392.0,6807.0
2025-07-01,15,PT1H,MC-Ternium,1129.95,6807.0
2025-07-01,16,PT1H,MC-Ternium,1295.26,6807.0
2025-07-01,17,PT1H,MC-Ternium,1418.49,6807.0
2025-07-01,18,PT1H,MC-Ternium,1408.41,6807.0
2025-07-01,19,PT1H,MC-Ternium,1386.03,6807.0
2025-07-01,20,PT1H,MC-Ternium,1347.72,6807.0
2025-07-01,21,PT1H,MC-Ternium,1331.28,6807.0
2025-07-01,22,PT1H,MC-Ternium,1355.67,6807.0
2025-07-01,23,PT1H,MC-Ternium,1327.31,6807.0
2025-07-01,24,PT1H,MC-Ternium,1321.65,6807.0
2025-07-02,1,PT1H,MC-Ternium,1308.42,6675.0
2025-07-02,2,PT1H,MC-Ternium,1305.47,6675.0
2025-07-02,3,PT1H,MC-Ternium,1339.42,6675.0
2025-07-02,4,PT1H,MC-Ternium,1338.29,6675.0
2025-07-02,5,PT1H,MC-Ternium,1353.06,6675.0
2025-07-02,6,PT1H,MC-Ternium,1331.28,6675.0
2025-07-02,7,PT1H,MC-Ternium,1306.86,6675.0
2025-07-02,8,PT1H,MC-Ternium,1302.55,6675.0
2025-07-02,9,PT1H,MC-Ternium,1342.89,6675.0
2025-07-02,10,PT1H,MC-Ternium,1427.03,6675.0
2025-07-02,11,PT1H,MC-Ternium,1409.34,6675.0
2025-07-02,12,PT1H,MC-Ternium,1352.14,6675.0
2025-07-02,13,PT1H,MC-Ternium,1339.18,6675.0
2025-07-02,14,PT1H,MC-Ternium,1398.15,6675.0
2025-07-02,15,PT1H,MC-Ternium,1401.63,6675.0
2025-07-02,16,PT1H,MC-Ternium,1424.7,6675.0
2025-07-02,17,PT1H,MC-Ternium,1407.66,6675.0
2025-07-02,18,PT1H,MC-Ternium,1418.5,6675.0
2025-07-02,19,PT1H,MC-Ternium,1423.86,6675.0
2025-07-02,20,PT1H,MC-Ternium,1394.66,6675.0
2025-07-02,21,PT1H,MC-Ternium,1345.85,6675.0
2025-07-02,22,PT1H,MC-Ternium,1372.69,6675.0
2025-07-02,23,PT1H,MC-Ternium,1381.87,6675.0
2025-07-02,24,PT1H,MC-Ternium,1368.73,6675.0
2025-07-03,1,PT1H,MC-Ternium,1366.13,5875.0
2025-07-03,2,PT1H,MC-Ternium,1357.63,5875.0
2025-07-03,3,PT1H,MC-Ternium,1326.67,5875.0
2025-07-03,4,PT1H,MC-Ternium,1327.53,5875.0
2025-07-03,5,PT1H,MC-Ternium,1335.04,5875.0
2025-07-03,6,PT1H,MC-Ternium,1341.52,5875.0
2025-07-03,7,PT1H,MC-Ternium,1327.05,5875.0
2025-07-03,8,PT1H,MC-Ternium,1337.69,5875.0
2025-07-03,9,PT1H,MC-Ternium,1356.65,5875.0
2025-07-03,10,PT1H,MC-Ternium,1388.89,5875.0
2025-07-03,11,PT1H,MC-Ternium,1412.89,5875.0
2025-07-03,12,PT1H,MC-Ternium,1481.9,5875.0
2025-07-03,13,PT1H,MC-Ternium,1452.86,5875.0
2025-07-03,14,PT1H,MC-Ternium,1480.46,5875.0
2025-07-03,15,PT1H,MC-Ternium,1523.33,5875.0
2025-07-03,16,PT1H,MC-Ternium,1556.2,5875.0
2025-07-03,17,PT1H,MC-Ternium,1688.48,5875.0
2025-07-03,18,PT1H,MC-Ternium,1691.13,5875.0
2025-07-03,19,PT1H,MC-Ternium,1680.25,5875.0
2025-07-03,20,PT1H,MC-Ternium,1596.28,5875.0
2025-07-03,21,PT1H,MC-Ternium,2226.34,5875.0
2025-07-03,22,PT1H,MC-Ternium,2941.69,5875.0
2025-07-03,23,PT1H,MC-Ternium,3625.09,5875.0
2025-07-03,24,PT1H,MC-Ternium,4441.74,5875.0
2025-07-04,1,PT1H,MC-Ternium,6563.94,4975.0
2025-07-04,2,PT1H,MC-Ternium,4919.64,4975.0
2025-07-04,3,PT1H,MC-Ternium,5796.49,4975.0
2025-07-04,4,PT1H,MC-Ternium,6190.68,4975.0
2025-07-04,5,PT1H,MC-Ternium,4639.38,4975.0
2025-07-04,6,PT1H,MC-Ternium,5976.33,4975.0
2025-07-04,7,PT1H,MC-Ternium,6375.54,4975.0
2025-07-04,8,PT1H,MC-Ternium,5639.02,4975.0
2025-07-04,9,PT1H,MC-Ternium,5952.94,4975.0
2025-07-04,10,PT1H,MC-Ternium,2896.25,4975.0
2025-07-04,11,PT1H,MC-Ternium,6031.14,4975.0
2025-07-04,12,PT1H,MC-Ternium,5813.01,4975.0
2025-07-04,13,PT1H,MC-Ternium,6636.6,4975.0
2025-07-04,14,PT1H,MC-Ternium,6178.24,4975.0
2025-07-04,15,PT1H,MC-Ternium,7034.92,4975.0
2025-07-04,16,PT1H,MC-Ternium,7057.9,4975.0
2025-07-04,17,PT1H,MC-Ternium,6815.66,4975.0
2025-07-04,18,PT1H,MC-Ternium,5799.15,4975.0
2025-07-04,19,PT1H,MC-Ternium,5713.53,4975.0
2025-07-04,20,PT1H,MC-Ternium,2895.82,4975.0
2025-07-04,21,PT1H,MC-Ternium,3139.3,4975.0
2025-07-04,22,PT1H,MC-Ternium,4678.73,4975.0
2025-07-04,23,PT1H,MC-Ternium,4015.61,4975.0
2025-07-04,24,PT1H,MC-Ternium,7041.79,4975.0
2025-07-05,1,PT1H,MC-Ternium,6141.71,4980.0
2025-07-05,2,PT1H,MC-Ternium,6547.54,4980.0
2025-07-05,3,PT1H,MC-Ternium,3622.47,4980.0
2025-07-05,4,PT1H,MC-Ternium,6651.48,4980.0
2025-07-05,5,PT1H,MC-Ternium,5089.11,4980.0
2025-07-05,6,PT1H,MC-Ternium,10.21,4980.0
2025-07-05,7,PT1H,MC-Ternium,453.27,4980.0
2025-07-05,8,PT1H,MC-Ternium,1190.26,4980.0
2025-07-05,9,PT1H,MC-Ternium,1284.37,4980.0
2025-07-05,10,PT1H,MC-Ternium,1411.95,4980.0
2025-07-05,11,PT1H,MC-Ternium,2125.24,4980.0
2025-07-05,12,PT1H,MC-Ternium,3376.28,4980.0
2025-07-05,13,PT1H,MC-Ternium,2948.39,4980.0
2025-07-05,14,PT1H,MC-Ternium,5625.43,4980.0
2025-07-05,15,PT1H,MC-Ternium,4611.43,4980.0
2025-07-05,16,PT1H,MC-Ternium,5007.51,4980.0
2025-07-05,17,PT1H,MC-Ternium,4657.6,4980.0
2025-07-05,18,PT1H,MC-Ternium,5207.74,4980.0
2025-07-05,19,PT1H,MC-Ternium,5590.95,4980.0
2025-07-05,20,PT1H,MC-Ternium,6892.66,4980.0
2025-07-05,21,PT1H,MC-Ternium,6552.66,4980.0
2025-07-05,22,PT1H,MC-Ternium,5782.59,4980.0
2025-07-05,23,PT1H,MC-Ternium,4757.9,4980.0
2025-07-05,24,PT1H,MC-Ternium,5576.73,4980.0
2025-07-06,1,PT1H,MC-Ternium,6172.3,5421.0
2025-07-06,2,PT1H,MC-Ternium,7112.24,5421.0
2025-07-06,3,PT1H,MC-Ternium,5185.81,5421.0
2025-07-06,4,PT1H,MC-Ternium,4673.35,5421.0
2025-07-06,5,PT1H,MC-Ternium,2950.13,5421.0
2025-07-06,6,PT1H,MC-Ternium,2499.99,5421.0
2025-07-06,7,PT1H,MC-Ternium,1537.17,5421.0
2025-07-06,8,PT1H,MC-Ternium,2430.94,5421.0
2025-07-06,9,PT1H,MC-Ternium,6842.13,5421.0
2025-07-06,10,PT1H,MC-Ternium,7101.41,5421.0
2025-07-06,11,PT1H,MC-Ternium,6933.81,5421.0
2025-07-06,12,PT1H,MC-Ternium,6533.95,5421.0
2025-07-06,13,PT1H,MC-Ternium,4898.48,5421.0
2025-07-06,14,PT1H,MC-Ternium,5168.15,5421.0
2025-07-06,15,PT1H,MC-Ternium,6880.79,5421.0
2025-07-06,16,PT1H,MC-Ternium,5900.97,5421.0
2025-07-06,17,PT1H,MC-Ternium,6932.11,5421.0
2025-07-06,18,PT1H,MC-Ternium,6855.04,5421.0
2025-07-06,19,PT1H,MC-Ternium,6948.16,5421.0
2025-07-06,20,PT1H,MC-Ternium,7236.5,5421.0
2025-07-06,21,PT1H,MC-Ternium,6779.89,5421.0
2025-07-06,22,PT1H,MC-Ternium,7118.26,5421.0
2025-07-06,23,PT1H,MC-Ternium,7100.59,5421.0
2025-07-06,24,PT1H,MC-Ternium,6833.01,5421.0
2025-07-07,1,PT1H,MC-Ternium,7298.63,6125.0
2025-07-07,2,PT1H,MC-Ternium,6940.95,6125.0
2025-07-07,3,PT1H,MC-Ternium,6558.52,6125.0
2025-07-07,4,PT1H,MC-Ternium,6870.15,6125.0
2025-07-07,5,PT1H,MC-Ternium,6791.51,6125.0
2025-07-07,6,PT1H,MC-Ternium,5646.59,6125.0
2025-07-07,7,PT1H,MC-Ternium,2693.1,6125.0
2025-07-07,8,PT1H,MC-Ternium,1578.77,6125.0
2025-07-07,9,PT1H,MC-Ternium,1568.71,6125.0
2025-07-07,10,PT1H,MC-Ternium,1926.56,6125.0
2025-07-07,11,PT1H,MC-Ternium,2708.67,6125.0
2025-07-07,12,PT1H,MC-Ternium,2769.98,6125.0
2025-07-07,13,PT1H,MC-Ternium,4575.38,6125.0
2025-07-07,14,PT1H,MC-Ternium,4761.46,6125.0
2025-07-07,15,PT1H,MC-Ternium,4239.45,6125.0
2025-07-07,16,PT1H,MC-Ternium,3609.55,6125.0
2025-07-07,17,PT1H,MC-Ternium,5874.4,6125.0
2025-07-07,18,PT1H,MC-Ternium,5826.21,6125.0
2025-07-07,19,PT1H,MC-Ternium,5834.62,6125.0
2025-07-07,20,PT1H,MC-Ternium,3798.79,6125.0
2025-07-07,21,PT1H,MC-Ternium,5410.35,6125.0
2025-07-07,22,PT1H,MC-Ternium,5796.97,6125.0
2025-07-07,23,PT1H,MC-Ternium,3505.92,6125.0
2025-07-07,24,PT1H,MC-Ternium,4009.51,6125.0
2025-07-08,1,PT1H,MC-Ternium,5375.06,5975.0
2025-07-08,2,PT1H,MC-Ternium,5634.61,5975.0
2025-07-08,3,PT1H,MC-Ternium,5410.33,5975.0
2025-07-08,4,PT1H,MC-Ternium,5066.27,5975.0
2025-07-08,5,PT1H,MC-Ternium,5227.54,5975.0
2025-07-08,6,PT1H,MC-Ternium,5195.52,5975.0
2025-07-08,7,PT1H,MC-Ternium,3721.93,5975.0
2025-07-08,8,PT1H,MC-Ternium,3723.39,5975.0
2025-07-08,9,PT1H,MC-Ternium,4694.35,5975.0
2025-07-08,10,PT1H,MC-Ternium,5501.84,5975.0
2025-07-08,11,PT1H,MC-Ternium,5467.4,5975.0
2025-07-08,12,PT1H,MC-Ternium,4986.6,5975.0
2025-07-08,13,PT1H,MC-Ternium,6186.22,5975.0
2025-07-08,14,PT1H,MC-Ternium,5271.69,5975.0
2025-07-08,15,PT1H,MC-Ternium,5179.17,5975.0
2025-07-08,16,PT1H,MC-Ternium,3247.66,5975.0
2025-07-08,17,PT1H,MC-Ternium,5047.85,5975.0
2025-07-08,18,PT1H,MC-Ternium,5797.09,5975.0
2025-07-08,19,PT1H,MC-Ternium,5534.71,5975.0
2025-07-08,20,PT1H,MC-Ternium,3694.9,5975.0
2025-07-08,21,PT1H,MC-Ternium,5010.45,5975.0
2025-07-08,22,PT1H,MC-Ternium,5171.68,5975.0
2025-07-08,23,PT1H,MC-Ternium,5201.28,5975.0
2025-07-08,24,PT1H,MC-Ternium,5670.51,5975.0
2025-07-09,1,PT1H,MC-Ternium,5337.88,6040.5
2025-07-09,2,PT1H,MC-Ternium,5180.14,6040.5
2025-07-09,3,PT1H,MC-Ternium,6319.25,6040.5
2025-07-09,4,PT1H,MC-Ternium,4668.46,6040.5
2025-07-09,5,PT1H,MC-Ternium,6137.6,6040.5
2025-07-09,6,PT1H,MC-Ternium,5988.44,6040.5
2025-07-09,7,PT1H,MC-Ternium,4570.39,6040.5
2025-07-09,8,PT1H,MC-Ternium,3166.62,6040.5
2025-07-09,9,PT1H,MC-Ternium,2283.21,6040.5
2025-07-09,10,PT1H,MC-Ternium,2880.23,6040.5
2025-07-09,11,PT1H,MC-Ternium,2898.78,6040.5
2025-07-09,12,PT1H,MC-Ternium,3486.77,6040.5
2025-07-09,13,PT1H,MC-Ternium,5277.48,6040.5
2025-07-09,14,PT1H,MC-Ternium,6713.98,6040.5
2025-07-09,15,PT1H,MC-Ternium,6078.4,6040.5
2025-07-09,16,PT1H,MC-Ternium,7291.17,6040.5
2025-07-09,17,PT1H,MC-Ternium,7268.52,6040.5
2025-07-09,18,PT1H,MC-Ternium,6464.66,6040.5
2025-07-09,19,PT1H,MC-Ternium,7352.95,6040.5
2025-07-09,20,PT1H,MC-Ternium,7525.73,6040.5
2025-07-09,21,PT1H,MC-Ternium,7582.56,6040.5
2025-07-09,22,PT1H,MC-Ternium,7703.36,6040.5
2025-07-09,23,PT1H,MC-Ternium,7606.79,6040.5
2025-07-09,24,PT1H,MC-Ternium,7549.84,6040.5
2025-07-10,1,PT1H,MC-Ternium,7370.68,5785.0
2025-07-10,2,PT1H,MC-Ternium,5586.04,5785.0
2025-07-10,3,PT1H,MC-Ternium,6929.53,5785.0
2025-07-10,4,PT1H,MC-Ternium,6207.07,5785.0
2025-07-10,5,PT1H,MC-Ternium,4278.33,5785.0
2025-07-10,6,PT1H,MC-Ternium,6533.3,5785.0
2025-07-10,7,PT1H,MC-Ternium,5690.37,5785.0
2025-07-10,8,PT1H,MC-Ternium,6435.26,5785.0
2025-07-10,9,PT1H,MC-Ternium,7256.72,5785.0
2025-07-10,10,PT1H,MC-Ternium,7098.16,5785.0
2025-07-10,11,PT1H,MC-Ternium,6451.96,5785.0
2025-07-10,12,PT1H,MC-Ternium,6855.26,5785.0
2025-07-10,13,PT1H,MC-Ternium,7100.56,5785.0
2025-07-10,14,PT1H,MC-Ternium,6183.23,5785.0
2025-07-10,15,PT1H,MC-Ternium,3889.03,5785.0
2025-07-10,16,PT1H,MC-Ternium,5686.54,5785.0
2025-07-10,17,PT1H,MC-Ternium,6758.32,5785.0
2025-07-10,18,PT1H,MC-Ternium,6114.55,5785.0
2025-07-10,19,PT1H,MC-Ternium,6019.84,5785.0
2025-07-10,20,PT1H,MC-Ternium,6494.28,5785.0
2025-07-10,21,PT1H,MC-Ternium,4550.22,5785.0
2025-07-10,22,PT1H,MC-Ternium,6260.25,5785.0
2025-07-10,23,PT1H,MC-Ternium,6660.15,5785.0
2025-07-10,24,PT1H,MC-Ternium,6632.1,5785.0
2025-07-11,1,PT1H,MC-Ternium,7691.29,6265.0
2025-07-11,2,PT1H,MC-Ternium,7645.05,6265.0
2025-07-11,3,PT1H,MC-Ternium,7306.96,6265.0
2025-07-11,4,PT1H,MC-Ternium,7671.86,6265.0
2025-07-11,5,PT1H,MC-Ternium,7748.02,6265.0
2025-07-11,6,PT1H,MC-Ternium,5925.63,6265.0
2025-07-11,7,PT1H,MC-Ternium,6762.29,6265.0
2025-07-11,8,PT1H,MC-Ternium,7831.7,6265.0
2025-07-11,9,PT1H,MC-Ternium,8306.14,6265.0
2025-07-11,10,PT1H,MC-Ternium,4802.05,6265.0
2025-07-11,11,PT1H,MC-Ternium,3841.7,6265.0
2025-07-11,12,PT1H,MC-Ternium,5851.95,6265.0
2025-07-11,13,PT1H,MC-Ternium,6973.28,6265.0
2025-07-11,14,PT1H,MC-Ternium,6652.54,6265.0
2025-07-11,15,PT1H,MC-Ternium,6330.36,6265.0
2025-07-11,16,PT1H,MC-Ternium,2308.92,6265.0
2025-07-11,17,PT1H,MC-Ternium,1851.86,6265.0
2025-07-11,18,PT1H,MC-Ternium,2243.23,6265.0
2025-07-11,19,PT1H,MC-Ternium,4076.24,6265.0
2025-07-11,20,PT1H,MC-Ternium,4116.4,6265.0
2025-07-11,21,PT1H,MC-Ternium,6736.14,6265.0
2025-07-11,22,PT1H,MC-Ternium,6342.73,6265.0
2025-07-11,23,PT1H,MC-Ternium,7691.08,6265.0
2025-07-11,24,PT1H,MC-Ternium,6035.63,6265.0
2025-07-12,1,PT1H,MC-Ternium,4974.16,5735.0
2025-07-12,2,PT1H,MC-Ternium,4201.79,5735.0
2025-07-12,3,PT1H,MC-Ternium,7095.29,5735.0
2025-07-12,4,PT1H,MC-Ternium,2357.83,5735.0
2025-07-12,5,PT1H,MC-Ternium,2239.65,5735.0
2025-07-12,6,PT1H,MC-Ternium,3349.1,5735.0
2025-07-12,7,PT1H,MC-Ternium,5227.85,5735.0
2025-07-12,8,PT1H,MC-Ternium,3911.55,5735.0
2025-07-12,9,PT1H,MC-Ternium,7072.63,5735.0
2025-07-12,10,PT1H,MC-Ternium,5173.1,5735.0
2025-07-12,11,PT1H,MC-Ternium,3554.16,5735.0
2025-07-12,12,PT1H,MC-Ternium,6943.32,5735.0
2025-07-12,13,PT1H,MC-Ternium,6275.44,5735.0
2025-07-12,14,PT1H,MC-Ternium,4585.87,5735.0
2025-07-12,15,PT1H,MC-Ternium,4596.01,5735.0
2025-07-12,16,PT1H,MC-Ternium,7431.29,5735.0
2025-07-12,17,PT1H,MC-Ternium,5816.62,5735.0
2025-07-12,18,PT1H,MC-Ternium,7164.61,5735.0
2025-07-12,19,PT1H,MC-Ternium,4110.3,5735.0
2025-07-12,20,PT1H,MC-Ternium,6747.27,5735.0
2025-07-12,21,PT1H,MC-Ternium,7024.38,5735.0
2025-07-12,22,PT1H,MC-Ternium,7256.66,5735.0
2025-07-12,23,PT1H,MC-Ternium,6618.13,5735.0
2025-07-12,24,PT1H,MC-Ternium,6983.93,5735.0
2025-07-13,1,PT1H,MC-Ternium,5581.25,6175.0
2025-07-13,2,PT1H,MC-Ternium,6019.64,6175.0
2025-07-13,3,PT1H,MC-Ternium,6764.79,6175.0
2025-07-13,4,PT1H,MC-Ternium,5103.95,6175.0
2025-07-13,5,PT1H,MC-Ternium,4751.94,6175.0
2025-07-13,6,PT1H,MC-Ternium,4129.23,6175.0
2025-07-13,7,PT1H,MC-Ternium,6742.86,6175.0
2025-07-13,8,PT1H,MC-Ternium,4283.49,6175.0
2025-07-13,9,PT1H,MC-Ternium,6664.03,6175.0
2025-07-13,10,PT1H,MC-Ternium,8089.24,6175.0
2025-07-13,11,PT1H,MC-Ternium,8044.94,6175.0
2025-07-13,12,PT1H,MC-Ternium,7570.63,6175.0
2025-07-13,13,PT1H,MC-Ternium,5817.28,6175.0
2025-07-13,14,PT1H,MC-Ternium,7026.3,6175.0
2025-07-13,15,PT1H,MC-Ternium,7597.81,6175.0
2025-07-13,16,PT1H,MC-Ternium,5967.67,6175.0
2025-07-13,17,PT1H,MC-Ternium,6781.38,6175.0
2025-07-13,18,PT1H,MC-Ternium,6334.05,6175.0
2025-07-13,19,PT1H,MC-Ternium,7106.08,6175.0
2025-07-13,20,PT1H,MC-Ternium,6862.84,6175.0
2025-07-13,21,PT1H,MC-Ternium,5815.34,6175.0
2025-07-13,22,PT1H,MC-Ternium,4748.24,6175.0
2025-07-13,23,PT1H,MC-Ternium,6452.49,6175.0
2025-07-13,24,PT1H,MC-Ternium,5392.04,6175.0
2025-07-14,1,PT1H,MC-Ternium,6791.83,6125.0
2025-07-14,2,PT1H,MC-Ternium,7745.63,6125.0
2025-07-14,3,PT1H,MC-Ternium,6807.91,6125.0
2025-07-14,4,PT1H,MC-Ternium,7969.33,6125.0
2025-07-14,5,PT1H,MC-Ternium,5548.95,6125.0
2025-07-14,6,PT1H,MC-Ternium,5190.84,6125.0
2025-07-14,7,PT1H,MC-Ternium,5899.14,6125.0
2025-07-14,8,PT1H,MC-Ternium,5938.83,6125.0
2025-07-14,9,PT1H,MC-Ternium,3131.87,6125.0
2025-07-14,10,PT1H,MC-Ternium,3327.49,6125.0
2025-07-14,11,PT1H,MC-Ternium,6117.87,6125.0
2025-07-14,12,PT1H,MC-Ternium,4989.28,6125.0
2025-07-14,13,PT1H,MC-Ternium,5616.8,6125.0
2025-07-14,14,PT1H,MC-Ternium,2635.46,6125.0
2025-07-14,15,PT1H,MC-Ternium,3864.23,6125.0
2025-07-14,16,PT1H,MC-Ternium,5403.45,6125.0
2025-07-14,17,PT1H,MC-Ternium,5789.0,6125.0
2025-07-14,18,PT1H,MC-Ternium,6118.89,6125.0
2025-07-14,19,PT1H,MC-Ternium,6963.5,6125.0
2025-07-14,20,PT1H,MC-Ternium,8226.01,6125.0
2025-07-14,21,PT1H,MC-Ternium,6641.39,6125.0
2025-07-14,22,PT1H,MC-Ternium,5199.05,6125.0
2025-07-14,23,PT1H,MC-Ternium,7919.96,6125.0
2025-07-14,24,PT1H,MC-Ternium,8325.93,6125.0
2025-07-15,1,PT1H,MC-Ternium,7109.15,5675.0
2025-07-15,2,PT1H,MC-Ternium,7967.68,5675.0
2025-07-15,3,PT1H,MC-Ternium,8239.47,5675.0
2025-07-15,4,PT1H,MC-Ternium,4693.2,5675.0
2025-07-15,5,PT1H,MC-Ternium,6503.16,5675.0
2025-07-15,6,PT1H,MC-Ternium,2922.16,5675.0
2025-07-15,7,PT1H,MC-Ternium,7440.06,5675.0
2025-07-15,8,PT1H,MC-Ternium,6838.84,5675.0
2025-07-15,9,PT1H,MC-Ternium,8074.34,5675.0
2025-07-15,10,PT1H,MC-Ternium,8182.17,5675.0
2025-07-15,11,PT1H,MC-Ternium,6042.94,5675.0
2025-07-15,12,PT1H,MC-Ternium,2896.73,5675.0
2025-07-15,13,PT1H,MC-Ternium,4519.25,5675.0
2025-07-15,14,PT1H,MC-Ternium,7824.11,5675.0
2025-07-15,15,PT1H,MC-Ternium,8084.09,5675.0
2025-07-15,16,PT1H,MC-Ternium,8326.92,5675.0
2025-07-15,17,PT1H,MC-Ternium,6452.98,5675.0
2025-07-15,18,PT1H,MC-Ternium,6092.49,5675.0
2025-07-15,19,PT1H,MC-Ternium,8122.63,5675.0
2025-07-15,20,PT1H,MC-Ternium,7779.94,5675.0
2025-07-15,21,PT1H,MC-Ternium,7221.2,5675.0
2025-07-15,22,PT1H,MC-Ternium,6359.97,5675.0
2025-07-15,23,PT1H,MC-Ternium,7646.07,5675.0
2025-07-15,24,PT1H,MC-Ternium,7978.99,5675.0
2025-07-16,1,PT1H,MC-Ternium,8346.32,6225.0
2025-07-16,2,PT1H,MC-Ternium,6515.52,6225.0
2025-07-16,3,PT1H,MC-Ternium,6374.71,6225.0
2025-07-16,4,PT1H,MC-Ternium,4275.91,6225.0
2025-07-16,5,PT1H,MC-Ternium,4346.65,6225.0
2025-07-16,6,PT1H,MC-Ternium,6423.57,6225.0
2025-07-16,7,PT1H,MC-Ternium,6732.61,6225.0
2025-07-16,8,PT1H,MC-Ternium,4186.94,6225.0
2025-07-16,9,PT1H,MC-Ternium,7751.13,6225.0
2025-07-16,10,PT1H,MC-Ternium,8109.57,6225.0
2025-07-16,11,PT1H,MC-Ternium,5580.57,6225.0
2025-07-16,12,PT1H,MC-Ternium,6792.52,6225.0
2025-07-16,13,PT1H,MC-Ternium,5224.6,6225.0
2025-07-16,14,PT1H,MC-Ternium,1621.23,6225.0
2025-07-16,15,PT1H,MC-Ternium,1615.7,6225.0
2025-07-16,16,PT1H,MC-Ternium,1675.3,6225.0
2025-07-16,17,PT1H,MC-Ternium,1617.54,6225.0
2025-07-16,18,PT1H,MC-Ternium,2700.41,6225.0
2025-07-16,19,PT1H,MC-Ternium,2673.58,6225.0
2025-07-16,20,PT1H,MC-Ternium,2838.2,6225.0
2025-07-16,21,PT1H,MC-Ternium,3025.24,6225.0
2025-07-16,22,PT1H,MC-Ternium,4802.09,6225.0
2025-07-16,23,PT1H,MC-Ternium,6776.53,6225.0
2025-07-16,24,PT1H,MC-Ternium,4392.97,6225.0
2025-07-17,1,PT1H,MC-Ternium,4812.38,6071.5
2025-07-17,2,PT1H,MC-Ternium,5961.8,6071.5
2025-07-17,3,PT1H,MC-Ternium,5369.41,6071.5
2025-07-17,4,PT1H,MC-Ternium,5510.27,6071.5
2025-07-17,5,PT1H,MC-Ternium,7346.86,6071.5
2025-07-17,6,PT1H,MC-Ternium,7375.47,6071.5
2025-07-17,7,PT1H,MC-Ternium,5939.33,6071.5
2025-07-17,8,PT1H,MC-Ternium,4828.75,6071.5
2025-07-17,9,PT1H,MC-Ternium,6796.67,6071.5
2025-07-17,10,PT1H,MC-Ternium,5808.99,6071.5
2025-07-17,11,PT1H,MC-Ternium,5911.38,6071.5
2025-07-17,12,PT1H,MC-Ternium,7699.65,6071.5
2025-07-17,13,PT1H,MC-Ternium,7022.92,6071.5
2025-07-17,14,PT1H,MC-Ternium,3978.98,6071.5
2025-07-17,15,PT1H,MC-Ternium,4101.77,6071.5
2025-07-17,16,PT1H,MC-Ternium,5735.52,6071.5
2025-07-17,17,PT1H,MC-Ternium,5424.27,6071.5
2025-07-17,18,PT1H,MC-Ternium,5660.21,6071.5
2025-07-17,19,PT1H,MC-Ternium,7526.88,6071.5
2025-07-17,20,PT1H,MC-Ternium,7210.9,6071.5
2025-07-17,21,PT1H,MC-Ternium,6813.78,6071.5
2025-07-17,22,PT1H,MC-Ternium,7320.52,6071.5
2025-07-17,23,PT1H,MC-Ternium,7750.92,6071.5
2025-07-17,24,PT1H,MC-Ternium,7176.73,6071.5
2025-07-18,1,PT1H,MC-Ternium,7551.49,6575.0
2025-07-18,2,PT1H,MC-Ternium,7717.0,6575.0
2025-07-18,3,PT1H,MC-Ternium,5763.32,6575.0
2025-07-18,4,PT1H,MC-Ternium,7839.63,6575.0
2025-07-18,5,PT1H,MC-Ternium,4460.34,6575.0
2025-07-18,6,PT1H,MC-Ternium,4924.09,6575.0
2025-07-18,7,PT1H,MC-Ternium,2993.83,6575.0
2025-07-18,8,PT1H,MC-Ternium,2152.22,6575.0
2025-07-18,9,PT1H,MC-Ternium,2065.83,6575.0
2025-07-18,10,PT1H,MC-Ternium,2584.01,6575.0
2025-07-18,11,PT1H,MC-Ternium,4836.47,6575.0
2025-07-18,12,PT1H,MC-Ternium,3812.71,6575.0
2025-07-18,13,PT1H,MC-Ternium,5473.32,6575.0
2025-07-18,14,PT1H,MC-Ternium,4682.31,6575.0
2025-07-18,15,PT1H,MC-Ternium,4862.82,6575.0
2025-07-18,16,PT1H,MC-Ternium,6081.39,6575.0
2025-07-18,17,PT1H,MC-Ternium,4955.34,6575.0
2025-07-18,18,PT1H,MC-Ternium,6469.56,6575.0
2025-07-18,19,PT1H,MC-Ternium,6521.49,6575.0
2025-07-18,20,PT1H,MC-Ternium,6351.64,6575.0
2025-07-18,21,PT1H,MC-Ternium,5921.33,6575.0
2025-07-18,22,PT1H,MC-Ternium,3971.28,6575.0
2025-07-18,23,PT1H,MC-Ternium,5992.3,6575.0
2025-07-18,24,PT1H,MC-Ternium,4476.56,6575.0
2025-07-19,1,PT1H,MC-Ternium,6301.99,5250.0
2025-07-19,2,PT1H,MC-Ternium,6358.62,5250.0
2025-07-19,3,PT1H,MC-Ternium,6330.11,5250.0
2025-07-19,4,PT1H,MC-Ternium,6254.04,5250.0
2025-07-19,5,PT1H,MC-Ternium,6378.06,5250.0
2025-07-19,6,PT1H,MC-Ternium,6014.33,5250.0
2025-07-19,7,PT1H,MC-Ternium,6329.4,5250.0
2025-07-19,8,PT1H,MC-Ternium,5983.17,5250.0
2025-07-19,9,PT1H,MC-Ternium,5463.18,5250.0
2025-07-19,10,PT1H,MC-Ternium,6316.38,5250.0
2025-07-19,11,PT1H,MC-Ternium,6355.41,5250.0
2025-07-19,12,PT1H,MC-Ternium,5664.77,5250.0
2025-07-19,13,PT1H,MC-Ternium,4926.1,5250.0
2025-07-19,14,PT1H,MC-Ternium,6397.54,5250.0
2025-07-19,15,PT1H,MC-Ternium,6455.93,5250.0
2025-07-19,16,PT1H,MC-Ternium,4169.85,5250.0
2025-07-19,17,PT1H,MC-Ternium,3268.83,5250.0
2025-07-19,18,PT1H,MC-Ternium,3486.75,5250.0
2025-07-19,19,PT1H,MC-Ternium,3910.49,5250.0
2025-07-19,20,PT1H,MC-Ternium,5703.98,5250.0
2025-07-19,21,PT1H,MC-Ternium,6091.48,5250.0
2025-07-19,22,PT1H,MC-Ternium,5982.13,5250.0
2025-07-19,23,PT1H,MC-Ternium,5977.75,5250.0
2025-07-19,24,PT1H,MC-Ternium,6528.22,5250.0
2025-07-20,1,PT1H,MC-Ternium,6466.88,6312.5
2025-07-20,2,PT1H,MC-Ternium,6573.83,6312.5
2025-07-20,3,PT1H,MC-Ternium,6550.2,6312.5
2025-07-20,4,PT1H,MC-Ternium,6050.66,6312.5
2025-07-20,5,PT1H,MC-Ternium,6464.04,6312.5
2025-07-20,6,PT1H,MC-Ternium,6513.86,6312.5
2025-07-20,7,PT1H,MC-Ternium,1543.79,6312.5
2025-07-20,8,PT1H,MC-Ternium,1552.5,6312.5
2025-07-20,9,PT1H,MC-Ternium,1809.82,6312.5
2025-07-20,10,PT1H,MC-Ternium,2632.2,6312.5
2025-07-20,11,PT1H,MC-Ternium,3894.62,6312.5
2025-07-20,12,PT1H,MC-Ternium,4563.8,6312.5
2025-07-20,13,PT1H,MC-Ternium,4957.66,6312.5
2025-07-20,14,PT1H,MC-Ternium,4634.27,6312.5
2025-07-20,15,PT1H,MC-Ternium,5719.3,6312.5
2025-07-20,16,PT1H,MC-Ternium,5868.82,6312.5
2025-07-20,17,PT1H,MC-Ternium,6104.94,6312.5
2025-07-20,18,PT1H,MC-Ternium,6158.32,6312.5
2025-07-20,19,PT1H,MC-Ternium,5066.22,6312.5
2025-07-20,20,PT1H,MC-Ternium,5609.85,6312.5
2025-07-20,21,PT1H,MC-Ternium,6227.41,6312.5
2025-07-20,22,PT1H,MC-Ternium,5300.79,6312.5
2025-07-20,23,PT1H,MC-Ternium,3622.18,6312.5
2025-07-20,24,PT1H,MC-Ternium,3723.32,6312.5
2025-07-21,1,PT1H,MC-Ternium,4273.96,5995.0
2025-07-21,2,PT1H,MC-Ternium,6052.01,5995.0
2025-07-21,3,PT1H,MC-Ternium,4509.2,5995.0
2025-07-21,4,PT1H,MC-Ternium,5740.99,5995.0
2025-07-21,5,PT1H,MC-Ternium,6151.91,5995.0
2025-07-21,6,PT1H,MC-Ternium,6060.1,5995.0
2025-07-21,7,PT1H,MC-Ternium,5457.41,5995.0
2025-07-21,8,PT1H,MC-Ternium,1939.02,5995.0
2025-07-21,9,PT1H,MC-Ternium,1684.96,5995.0
2025-07-21,10,PT1H,MC-Ternium,3334.51,5995.0
2025-07-21,11,PT1H,MC-Ternium,2447.94,5995.0
2025-07-21,12,PT1H,MC-Ternium,2284.36,5995.0
2025-07-21,13,PT1H,MC-Ternium,3891.25,5995.0
2025-07-21,14,PT1H,MC-Ternium,2926.63,5995.0
2025-07-21,15,PT1H,MC-Ternium,6480.36,5995.0
2025-07-21,16,PT1H,MC-Ternium,6765.08,5995.0
2025-07-21,17,PT1H,MC-Ternium,4314.43,5995.0
2025-07-21,18,PT1H,MC-Ternium,3690.52,5995.0
2025-07-21,19,PT1H,MC-Ternium,6579.45,5995.0
2025-07-21,20,PT1H,MC-Ternium,6102.37,5995.0
2025-07-21,21,PT1H,MC-Ternium,7040.3,5995.0
2025-07-21,22,PT1H,MC-Ternium,7175.28,5995.0
2025-07-21,23,PT1H,MC-Ternium,7196.01,5995.0
2025-07-21,24,PT1H,MC-Ternium,7269.11,5995.0
2025-07-22,1,PT1H,MC-Ternium,7100.64,5795.0
2025-07-22,2,PT1H,MC-Ternium,7048.57,5795.0
2025-07-22,3,PT1H,MC-Ternium,6706.81,5795.0
2025-07-22,4,PT1H,MC-Ternium,7053.5,5795.0
2025-07-22,5,PT1H,MC-Ternium,5765.69,5795.0
2025-07-22,6,PT1H,MC-Ternium,7131.07,5795.0
2025-07-22,7,PT1H,MC-Ternium,7128.42,5795.0
2025-07-22,8,PT1H,MC-Ternium,6676.44,5795.0
2025-07-22,9,PT1H,MC-Ternium,5443.93,5795.0
2025-07-22,10,PT1H,MC-Ternium,6390.53,5795.0
2025-07-22,11,PT1H,MC-Ternium,6098.11,5795.0
2025-07-22,12,PT1H,MC-Ternium,3514.88,5795.0
2025-07-22,13,PT1H,MC-Ternium,5575.16,5795.0
2025-07-22,14,PT1H,MC-Ternium,5914.88,5795.0
2025-07-22,15,PT1H,MC-Ternium,5870.95,5795.0
2025-07-22,16,PT1H,MC-Ternium,5950.2,5795.0
2025-07-22,17,PT1H,MC-Ternium,6077.39,5795.0
2025-07-22,18,PT1H,MC-Ternium,5407.85,5795.0
2025-07-22,19,PT1H,MC-Ternium,6787.42,5795.0
2025-07-22,20,PT1H,MC-Ternium,6056.82,5795.0
2025-07-22,21,PT1H,MC-Ternium,6577.47,5795.0
2025-07-22,22,PT1H,MC-Ternium,3084.34,5795.0
2025-07-22,23,PT1H,MC-Ternium,5131.08,5795.0
2025-07-22,24,PT1H,MC-Ternium,6766.56,5795.0
2025-07-23,1,PT1H,MC-Ternium,6462.46,6125.0
2025-07-23,2,PT1H,MC-Ternium,6850.17,6125.0
2025-07-23,3,PT1H,MC-Ternium,6766.02,6125.0
2025-07-23,4,PT1H,MC-Ternium,6919.11,6125.0
2025-07-23,5,PT1H,MC-Ternium,5118.41,6125.0
2025-07-23,6,PT1H,MC-Ternium,3999.7,6125.0
2025-07-23,7,PT1H,MC-Ternium,5994.06,6125.0
2025-07-23,8,PT1H,MC-Ternium,1708.01,6125.0
2025-07-23,9,PT1H,MC-Ternium,799.14,6125.0
2025-07-23,10,PT1H,MC-Ternium,593.5,6125.0
2025-07-23,11,PT1H,MC-Ternium,1582.44,6125.0
2025-07-23,12,PT1H,MC-Ternium,2661.31,6125.0
2025-07-23,13,PT1H,MC-Ternium,5196.77,6125.0
2025-07-23,14,PT1H,MC-Ternium,2325.82,6125.0
2025-07-23,15,PT1H,MC-Ternium,5322.84,6125.0
2025-07-23,16,PT1H,MC-Ternium,6087.76,6125.0
2025-07-23,17,PT1H,MC-Ternium,7068.14,6125.0
2025-07-23,18,PT1H,MC-Ternium,6485.77,6125.0
2025-07-23,19,PT1H,MC-Ternium,6600.19,6125.0
2025-07-23,20,PT1H,MC-Ternium,5735.27,6125.0
2025-07-23,21,PT1H,MC-Ternium,6562.45,6125.0
2025-07-23,22,PT1H,MC-Ternium,6900.08,6125.0
2025-07-23,23,PT1H,MC-Ternium,6992.27,6125.0
2025-07-23,24,PT1H,MC-Ternium,6843.1,6125.0
2025-07-24,1,PT1H,MC-Ternium,5787.13,5975.0
2025-07-24,2,PT1H,MC-Ternium,7011.1,5975.0
2025-07-24,3,PT1H,MC-Ternium,6978.99,5975.0
2025-07-24,4,PT1H,MC-Ternium,6558.33,5975.0
2025-07-24,5,PT1H,MC-Ternium,6933.05,5975.0
2025-07-24,6,PT1H,MC-Ternium,7109.34,5975.0
2025-07-24,7,PT1H,MC-Ternium,6939.92,5975.0
2025-07-24,8,PT1H,MC-Ternium,6553.7,5975.0
2025-07-24,9,PT1H,MC-Ternium,6932.26,5975.0
2025-07-24,10,PT1H,MC-Ternium,5597.88,5975.0
2025-07-24,11,PT1H,MC-Ternium,2602.9,5975.0
2025-07-24,12,PT1H,MC-Ternium,5221.74,5975.0
2025-07-24,13,PT1H,MC-Ternium,7035.04,5975.0
2025-07-24,14,PT1H,MC-Ternium,6327.1,5975.0
2025-07-24,15,PT1H,MC-Ternium,3941.04,5975.0
2025-07-24,16,PT1H,MC-Ternium,3056.51,5975.0
2025-07-24,17,PT1H,MC-Ternium,3216.0,5975.0
2025-07-24,18,PT1H,MC-Ternium,3232.38,5975.0
2025-07-24,19,PT1H,MC-Ternium,5328.98,5975.0
2025-07-24,20,PT1H,MC-Ternium,6759.18,5975.0
2025-07-24,21,PT1H,MC-Ternium,6078.39,5975.0
2025-07-24,22,PT1H,MC-Ternium,6348.64,5975.0
2025-07-24,23,PT1H,MC-Ternium,6601.29,5975.0
2025-07-24,24,PT1H,MC-Ternium,5319.39,5975.0
2025-07-25,1,PT1H,MC-Ternium,6819.72,5975.0
2025-07-25,2,PT1H,MC-Ternium,7134.36,5975.0
2025-07-25,3,PT1H,MC-Ternium,6833.31,5975.0
2025-07-25,4,PT1H,MC-Ternium,6595.98,5975.0
2025-07-25,5,PT1H,MC-Ternium,6141.29,5975.0
2025-07-25,6,PT1H,MC-Ternium,7151.84,5975.0
2025-07-25,7,PT1H,MC-Ternium,6824.55,5975.0
2025-07-25,8,PT1H,MC-Ternium,6501.8,5975.0
2025-07-25,9,PT1H,MC-Ternium,6141.3,5975.0
2025-07-25,10,PT1H,MC-Ternium,7162.91,5975.0
2025-07-25,11,PT1H,MC-Ternium,6915.17,5975.0
2025-07-25,12,PT1H,MC-Ternium,6645.09,5975.0
2025-07-25,13,PT1H,MC-Ternium,7100.82,5975.0
2025-07-25,14,PT1H,MC-Ternium,7150.9,5975.0
2025-07-25,15,PT1H,MC-Ternium,7167.76,5975.0
2025-07-25,16,PT1H,MC-Ternium,3639.98,5975.0
2025-07-25,17,PT1H,MC-Ternium,6695.27,5975.0
2025-07-25,18,PT1H,MC-Ternium,6495.68,5975.0
2025-07-25,19,PT1H,MC-Ternium,6440.44,5975.0
2025-07-25,20,PT1H,MC-Ternium,5319.95,5975.0
2025-07-25,21,PT1H,MC-Ternium,3104.46,5975.0
2025-07-25,22,PT1H,MC-Ternium,3901.52,5975.0
2025-07-25,23,PT1H,MC-Ternium,4705.83,5975.0
2025-07-25,24,PT1H,MC-Ternium,5469.52,5975.0
2025-07-26,1,PT1H,MC-Ternium,5393.99,5375.0
2025-07-26,2,PT1H,MC-Ternium,5742.22,5375.0
2025-07-26,3,PT1H,MC-Ternium,6641.17,5375.0
2025-07-26,4,PT1H,MC-Ternium,6279.21,5375.0
2025-07-26,5,PT1H,MC-Ternium,5594.22,5375.0
2025-07-26,6,PT1H,MC-Ternium,5945.42,5375.0
2025-07-26,7,PT1H,MC-Ternium,5885.07,5375.0
2025-07-26,8,PT1H,MC-Ternium,6512.4,5375.0
2025-07-26,9,PT1H,MC-Ternium,6091.05,5375.0
2025-07-26,10,PT1H,MC-Ternium,6567.17,5375.0
2025-07-26,11,PT1H,MC-Ternium,6169.85,5375.0
2025-07-26,12,PT1H,MC-Ternium,6047.8,5375.0
2025-07-26,13,PT1H,MC-Ternium,2870.13,5375.0
2025-07-26,14,PT1H,MC-Ternium,4975.7,5375.0
2025-07-26,15,PT1H,MC-Ternium,3404.11,5375.0
2025-07-26,16,PT1H,MC-Ternium,3093.06,5375.0
2025-07-26,17,PT1H,MC-Ternium,6804.04,5375.0
2025-07-26,18,PT1H,MC-Ternium,5980.0,5375.0
2025-07-26,19,PT1H,MC-Ternium,4756.67,5375.0
2025-07-26,20,PT1H,MC-Ternium,6616.7,5375.0
2025-07-26,21,PT1H,MC-Ternium,6956.72,5375.0
2025-07-26,22,PT1H,MC-Ternium,4906.18,5375.0
2025-07-26,23,PT1H,MC-Ternium,6730.62,5375.0
2025-07-26,24,PT1H,MC-Ternium,7045.17,5375.0
2025-07-27,1,PT1H,MC-Ternium,4747.67,5775.0
2025-07-27,2,PT1H,MC-Ternium,3213.62,5775.0
2025-07-27,3,PT1H,MC-Ternium,2635.71,5775.0
2025-07-27,4,PT1H,MC-Ternium,3771.92,5775.0
2025-07-27,5,PT1H,MC-Ternium,5859.01,5775.0
2025-07-27,6,PT1H,MC-Ternium,3143.44,5775.0
2025-07-27,7,PT1H,MC-Ternium,2290.13,5775.0
2025-07-27,8,PT1H,MC-Ternium,4222.55,5775.0
2025-07-27,9,PT1H,MC-Ternium,7006.17,5775.0
2025-07-27,10,PT1H,MC-Ternium,3689.86,5775.0
2025-07-27,11,PT1H,MC-Ternium,6865.96,5775.0
2025-07-27,12,PT1H,MC-Ternium,7020.44,5775.0
2025-07-27,13,PT1H,MC-Ternium,7030.22,5775.0
2025-07-27,14,PT1H,MC-Ternium,7895.21,5775.0
2025-07-27,15,PT1H,MC-Ternium,8304.7,5775.0
2025-07-27,16,PT1H,MC-Ternium,8282.63,5775.0
2025-07-27,17,PT1H,MC-Ternium,3844.99,5775.0
2025-07-27,18,PT1H,MC-Ternium,5191.36,5775.0
2025-07-27,19,PT1H,MC-Ternium,7662.01,5775.0
2025-07-27,20,PT1H,MC-Ternium,5561.35,5775.0
2025-07-27,21,PT1H,MC-Ternium,7644.3,5775.0
2025-07-27,22,PT1H,MC-Ternium,8148.94,5775.0
2025-07-27,23,PT1H,MC-Ternium,6548.34,5775.0
2025-07-27,24,PT1H,MC-Ternium,7799.91,5775.0
2025-07-28,1,PT1H,MC-Ternium,7967.92,6375.0
2025-07-28,2,PT1H,MC-Ternium,7676.41,6375.0
2025-07-28,3,PT1H,MC-Ternium,6750.78,6375.0
2025-07-28,4,PT1H,MC-Ternium,7355.27,6375.0
2025-07-28,5,PT1H,MC-Ternium,7797.19,6375.0
2025-07-28,6,PT1H,MC-Ternium,7593.81,6375.0
2025-07-28,7,PT1H,MC-Ternium,7364.48,6375.0
2025-07-28,8,PT1H,MC-Ternium,7139.52,6375.0
2025-07-28,9,PT1H,MC-Ternium,7831.97,6375.0
2025-07-28,10,PT1H,MC-Ternium,5998.91,6375.0
2025-07-28,11,PT1H,MC-Ternium,7143.75,6375.0
2025-07-28,12,PT1H,MC-Ternium,7851.75,6375.0
2025-07-28,13,PT1H,MC-Ternium,7387.0,6375.0
2025-07-28,14,PT1H,MC-Ternium,7758.25,6375.0
2025-07-28,15,PT1H,MC-Ternium,3737.91,6375.0
2025-07-28,16,PT1H,MC-Ternium,4108.86,6375.0
2025-07-28,17,PT1H,MC-Ternium,7436.96,6375.0
2025-07-28,18,PT1H,MC-Ternium,7350.87,6375.0
2025-07-28,19,PT1H,MC-Ternium,6162.68,6375.0
2025-07-28,20,PT1H,MC-Ternium,7227.96,6375.0
2025-07-28,21,PT1H,MC-Ternium,6452.02,6375.0
2025-07-28,22,PT1H,MC-Ternium,6365.83,6375.0
2025-07-28,23,PT1H,MC-Ternium,3812.14,6375.0
2025-07-28,24,PT1H,MC-Ternium,7862.57,6375.0
2025-07-29,1,PT1H,MC-Ternium,6848.36,5975.0
2025-07-29,2,PT1H,MC-Ternium,7693.64,5975.0
2025-07-29,3,PT1H,MC-Ternium,8293.33,5975.0
2025-07-29,4,PT1H,MC-Ternium,7872.59,5975.0
2025-07-29,5,PT1H,MC-Ternium,8160.55,5975.0
2025-07-29,6,PT1H,MC-Ternium,8153.46,5975.0
2025-07-29,7,PT1H,MC-Ternium,7982.56,5975.0
2025-07-29,8,PT1H,MC-Ternium,7576.06,5975.0
2025-07-29,9,PT1H,MC-Ternium,7036.41,5975.0
2025-07-29,10,PT1H,MC-Ternium,5877.62,5975.0
2025-07-29,11,PT1H,MC-Ternium,2793.5,5975.0
2025-07-29,12,PT1H,MC-Ternium,4287.61,5975.0
2025-07-29,13,PT1H,MC-Ternium,7471.56,5975.0
2025-07-29,14,PT1H,MC-Ternium,7623.87,5975.0
2025-07-29,15,PT1H,MC-Ternium,6627.48,5975.0
2025-07-29,16,PT1H,MC-Ternium,7502.83,5975.0
2025-07-29,17,PT1H,MC-Ternium,7924.06,5975.0
2025-07-29,18,PT1H,MC-Ternium,8083.05,5975.0
2025-07-29,19,PT1H,MC-Ternium,3938.33,5975.0
2025-07-29,20,PT1H,MC-Ternium,3936.29,5975.0
2025-07-29,21,PT1H,MC-Ternium,4998.57,5975.0
2025-07-29,22,PT1H,MC-Ternium,7307.55,5975.0
2025-07-29,23,PT1H,MC-Ternium,8149.93,5975.0
2025-07-29,24,PT1H,MC-Ternium,5047.79,5975.0
2025-07-30,1,PT1H,MC-Ternium,7364.35,6025.0
2025-07-30,2,PT1H,MC-Ternium,4413.48,6025.0
2025-07-30,3,PT1H,MC-Ternium,6581.28,6025.0
2025-07-30,4,PT1H,MC-Ternium,6393.72,6025.0
2025-07-30,5,PT1H,MC-Ternium,7820.97,6025.0
2025-07-30,6,PT1H,MC-Ternium,7278.83,6025.0
2025-07-30,7,PT1H,MC-Ternium,4992.32,6025.0
2025-07-30,8,PT1H,MC-Ternium,6037.79,6025.0
2025-07-30,9,PT1H,MC-Ternium,3884.15,6025.0
2025-07-30,10,PT1H,MC-Ternium,6754.74,6025.0
2025-07-30,11,PT1H,MC-Ternium,7149.92,6025.0
2025-07-30,12,PT1H,MC-Ternium,7395.58,6025.0
2025-07-30,13,PT1H,MC-Ternium,5728.1,6025.0
2025-07-30,14,PT1H,MC-Ternium,3985.67,6025.0
2025-07-30,15,PT1H,MC-Ternium,3701.62,6025.0
2025-07-30,16,PT1H,MC-Ternium,7579.32,6025.0
2025-07-30,17,PT1H,MC-Ternium,5996.07,6025.0
2025-07-30,18,PT1H,MC-Ternium,5356.99,6025.0
2025-07-30,19,PT1H,MC-Ternium,7375.86,6025.0
2025-07-30,20,PT1H,MC-Ternium,6809.39,6025.0
2025-07-30,21,PT1H,MC-Ternium,5662.15,6025.0
2025-07-30,22,PT1H,MC-Ternium,5925.07,6025.0
2025-07-30,23,PT1H,MC-Ternium,6311.93,6025.0
2025-07-30,24,PT1H,MC-Ternium,5649.68,6025.0
2025-07-31,1,PT1H,MC-Ternium,6852.58,6735.0
2025-07-31,2,PT1H,MC-Ternium,3412.0,6735.0
2025-07-31,3,PT1H,MC-Ternium,7471.1,6735.0
2025-07-31,4,PT1H,MC-Ternium,7050.99,6735.0
2025-07-31,5,PT1H,MC-Ternium,7774.86,6735.0
2025-07-31,6,PT1H,MC-Ternium,6319.05,6735.0
2025-07-31,7,PT1H,MC-Ternium,7164.71,6735.0
2025-07-31,8,PT1H,MC-Ternium,6908.44,6735.0
2025-07-31,9,PT1H,MC-Ternium,6723.58,6735.0
2025-07-31,10,PT1H,MC-Ternium,5468.6,6735.0
2025-07-31,11,PT1H,MC-Ternium,3135.55,6735.0
2025-07-31,12,PT1H,MC-Ternium,1819.91,6735.0
2025-07-31,13,PT1H,MC-Ternium,2596.44,6735.0
2025-07-31,14,PT1H,MC-Ternium,5160.42,6735.0
2025-07-31,15,PT1H,MC-Ternium,6520.89,6735.0
2025-07-31,16,PT1H,MC-Ternium,6702.39,6735.0
2025-07-31,17,PT1H,MC-Ternium,5980.77,6735.0
2025-07-31,18,PT1H,MC-Ternium,7294.54,6735.0
2025-07-31,19,PT1H,MC-Ternium,7381.15,6735.0
2025-07-31,20,PT1H,MC-Ternium,7083.06,6735.0
2025-07-31,21,PT1H,MC-Ternium,6581.4,6735.0
2025-07-31,22,PT1H,MC-Ternium,7371.95,6735.0
2025-07-31,23,PT1H,MC-Ternium,7172.37,6735.0
2025-07-31,24,PT1H,MC-Ternium,5794.98,6735.0
2025-08-01,1,PT1H,MC-Ternium,7395.76,6735.0
2025-08-01,2,PT1H,MC-Ternium,7415.05,6735.0
2025-08-01,3,PT1H,MC-Ternium,7390.98,6735.0
2025-08-01,4,PT1H,MC-Ternium,7435.57,6735.0
2025-08-01,5,PT1H,MC-Ternium,5269.99,6735.0
2025-08-01,6,PT1H,MC-Ternium,5353.52,6735.0
2025-08-01,7,PT1H,MC-Ternium,7370.73,6735.0
2025-08-01,8,PT1H,MC-Ternium,6194.96,6735.0
2025-08-01,9,PT1H,MC-Ternium,7342.21,6735.0
2025-08-01,10,PT1H,MC-Ternium,3549.23,6735.0
2025-08-01,11,PT1H,MC-Ternium,1785.68,6735.0
2025-08-01,12,PT1H,MC-Ternium,2562.38,6735.0
2025-08-01,13,PT1H,MC-Ternium,3222.2,6735.0
2025-08-01,14,PT1H,MC-Ternium,5877.83,6735.0
2025-08-01,15,PT1H,MC-Ternium,7309.48,6735.0
2025-08-01,16,PT1H,MC-Ternium,7259.75,6735.0
2025-08-01,17,PT1H,MC-Ternium,7296.54,6735.0
2025-08-01,18,PT1H,MC-Ternium,7120.49,6735.0
2025-08-01,19,PT1H,MC-Ternium,7261.79,6735.0
2025-08-01,20,PT1H,MC-Ternium,6949.13,6735.0
2025-08-01,21,PT1H,MC-Ternium,5925.75,6735.0
2025-08-01,22,PT1H,MC-Ternium,7409.38,6735.0
2025-08-01,23,PT1H,MC-Ternium,7325.47,6735.0
2025-08-01,24,PT1H,MC-Ternium,7049.66,6735.0
2025-08-02,1,PT1H,MC-Ternium,6499.92,5997.5
2025-08-02,2,PT1H,MC-Ternium,7414.92,5997.5
2025-08-02,3,PT1H,MC-Ternium,7215.02,5997.5
2025-08-02,4,PT1H,MC-Ternium,6860.25,5997.5
2025-08-02,5,PT1H,MC-Ternium,7318.4,5997.5
2025-08-02,6,PT1H,MC-Ternium,6276.43,5997.5
2025-08-02,7,PT1H,MC-Ternium,4154.23,5997.5
2025-08-02,8,PT1H,MC-Ternium,4933.67,5997.5
2025-08-02,9,PT1H,MC-Ternium,5351.79,5997.5
2025-08-02,10,PT1H,MC-Ternium,7296.73,5997.5
2025-08-02,11,PT1H,MC-Ternium,6528.9,5997.5
2025-08-02,12,PT1H,MC-Ternium,7334.04,5997.5
2025-08-02,13,PT1H,MC-Ternium,7135.13,5997.5
2025-08-02,14,PT1H,MC-Ternium,7165.43,5997.5
2025-08-02,15,PT1H,MC-Ternium,7206.72,5997.5
2025-08-02,16,PT1H,MC-Ternium,7033.76,5997.5
2025-08-02,17,PT1H,MC-Ternium,7255.96,5997.5
2025-08-02,18,PT1H,MC-Ternium,5721.37,5997.5
2025-08-02,19,PT1H,MC-Ternium,5206.78,5997.5
2025-08-02,20,PT1H,MC-Ternium,6590.66,5997.5
2025-08-02,21,PT1H,MC-Ternium,5471.29,5997.5
2025-08-02,22,PT1H,MC-Ternium,6772.27,5997.5
2025-08-02,23,PT1H,MC-Ternium,5572.59,5997.5
2025-08-02,24,PT1H,MC-Ternium,4789.41,5997.5
2025-08-03,1,PT1H,MC-Ternium,6625.46,6135.0
2025-08-03,2,PT1H,MC-Ternium,6133.71,6135.0
2025-08-03,3,PT1H,MC-Ternium,5823.16,6135.0
2025-08-03,4,PT1H,MC-Ternium,7129.2,6135.0
2025-08-03,5,PT1H,MC-Ternium,7319.93,6135.0
2025-08-03,6,PT1H,MC-Ternium,7251.92,6135.0
2025-08-03,7,PT1H,MC-Ternium,6127.78,6135.0
2025-08-03,8,PT1H,MC-Ternium,7130.9,6135.0
2025-08-03,9,PT1H,MC-Ternium,7263.69,6135.0
2025-08-03,10,PT1H,MC-Ternium,3419.17,6135.0
2025-08-03,11,PT1H,MC-Ternium,6513.0,6135.0
2025-08-03,12,PT1H,MC-Ternium,5742.54,6135.0
2025-08-03,13,PT1H,MC-Ternium,6964.92,6135.0
2025-08-03,14,PT1H,MC-Ternium,3600.56,6135.0
2025-08-03,15,PT1H,MC-Ternium,4790.22,6135.0
2025-08-03,16,PT1H,MC-Ternium,5889.82,6135.0
2025-08-03,17,PT1H,MC-Ternium,7256.33,6135.0
2025-08-03,18,PT1H,MC-Ternium,6684.14,6135.0
2025-08-03,19,PT1H,MC-Ternium,6654.71,6135.0
2025-08-03,20,PT1H,MC-Ternium,7185.53,6135.0
2025-08-03,21,PT1H,MC-Ternium,6706.65,6135.0
2025-08-03,22,PT1H,MC-Ternium,7202.86,6135.0
2025-08-03,23,PT1H,MC-Ternium,7212.76,6135.0
2025-08-03,24,PT1H,MC-Ternium,7209.55,6135.0
2025-08-04,1,PT1H,MC-Ternium,7246.14,6235.0
2025-08-04,2,PT1H,MC-Ternium,5661.32,6235.0
2025-08-04,3,PT1H,MC-Ternium,7160.35,6235.0
2025-08-04,4,PT1H,MC-Ternium,7156.09,6235.0
2025-08-04,5,PT1H,MC-Ternium,4357.81,6235.0
2025-08-04,6,PT1H,MC-Ternium,6767.95,6235.0
2025-08-04,7,PT1H,MC-Ternium,7176.57,6235.0
2025-08-04,8,PT1H,MC-Ternium,7066.1,6235.0
2025-08-04,9,PT1H,MC-Ternium,7224.64,6235.0
2025-08-04,10,PT1H,MC-Ternium,7309.49,6235.0
2025-08-04,11,PT1H,MC-Ternium,2978.73,6235.0
2025-08-04,12,PT1H,MC-Ternium,3482.07,6235.0
2025-08-04,13,PT1H,MC-Ternium,6680.07,6235.0
2025-08-04,14,PT1H,MC-Ternium,7134.5,6235.0
2025-08-04,15,PT1H,MC-Ternium,7067.72,6235.0
2025-08-04,16,PT1H,MC-Ternium,5598.37,6235.0
2025-08-04,17,PT1H,MC-Ternium,2821.46,6235.0
2025-08-04,18,PT1H,MC-Ternium,6648.91,6235.0
2025-08-04,19,PT1H,MC-Ternium,6832.8,6235.0
2025-08-04,20,PT1H,MC-Ternium,7249.81,6235.0
2025-08-04,21,PT1H,MC-Ternium,7305.19,6235.0
2025-08-04,22,PT1H,MC-Ternium,7336.67,6235.0
2025-08-04,23,PT1H,MC-Ternium,7286.72,6235.0
2025-08-04,24,PT1H,MC-Ternium,7275.09,6235.0
2025-08-05,1,PT1H,MC-Ternium,5407.69,6375.0
2025-08-05,2,PT1H,MC-Ternium,7203.62,6375.0
2025-08-05,3,PT1H,MC-Ternium,6187.95,6375.0
2025-08-05,4,PT1H,MC-Ternium,6186.01,6375.0
2025-08-05,5,PT1H,MC-Ternium,7272.92,6375.0
2025-08-05,6,PT1H,MC-Ternium,6997.95,6375.0
2025-08-05,7,PT1H,MC-Ternium,7252.51,6375.0
2025-08-05,8,PT1H,MC-Ternium,7092.84,6375.0
2025-08-05,9,PT1H,MC-Ternium,3308.57,6375.0
2025-08-05,10,PT1H,MC-Ternium,1645.05,6375.0
2025-08-05,11,PT1H,MC-Ternium,1613.68,6375.0
2025-08-05,12,PT1H,MC-Ternium,1591.56,6375.0
2025-08-05,13,PT1H,MC-Ternium,1454.0,6375.0
2025-08-05,14,PT1H,MC-Ternium,1452.99,6375.0
2025-08-05,15,PT1H,MC-Ternium,1342.37,6375.0
2025-08-05,16,PT1H,MC-Ternium,1273.95,6375.0
2025-08-05,17,PT1H,MC-Ternium,1303.68,6375.0
2025-08-05,18,PT1H,MC-Ternium,1438.7,6375.0
2025-08-05,19,PT1H,MC-Ternium,1449.24,6375.0
2025-08-05,20,PT1H,MC-Ternium,1502.99,6375.0
2025-08-05,21,PT1H,MC-Ternium,1761.71,6375.0
2025-08-05,22,PT1H,MC-Ternium,1846.64,6375.0
2025-08-05,23,PT1H,MC-Ternium,2628.52,6375.0
2025-08-05,24,PT1H,MC-Ternium,3586.03,6375.0
2025-08-06,1,PT1H,MC-Ternium,3231.61,6137.5
2025-08-06,2,PT1H,MC-Ternium,5725.24,6137.5
2025-08-06,3,PT1H,MC-Ternium,3324.24,6137.5
2025-08-06,4,PT1H,MC-Ternium,4608.0,6137.5
2025-08-06,5,PT1H,MC-Ternium,7247.43,6137.5
2025-08-06,6,PT1H,MC-Ternium,6278.94,6137.5
2025-08-06,7,PT1H,MC-Ternium,7341.92,6137.5
2025-08-06,8,PT1H,MC-Ternium,7379.09,6137.5
2025-08-06,9,PT1H,MC-Ternium,7429.36,6137.5
2025-08-06,10,PT1H,MC-Ternium,7507.41,6137.5
2025-08-06,11,PT1H,MC-Ternium,7522.94,6137.5
2025-08-06,12,PT1H,MC-Ternium,6191.59,6137.5
2025-08-06,13,PT1H,MC-Ternium,7293.14,6137.5
2025-08-06,14,PT1H,MC-Ternium,7223.71,6137.5
2025-08-06,15,PT1H,MC-Ternium,2995.76,6137.5
2025-08-06,16,PT1H,MC-Ternium,4889.77,6137.5
2025-08-06,17,PT1H,MC-Ternium,7037.52,6137.5
2025-08-06,18,PT1H,MC-Ternium,5334.57,6137.5
2025-08-06,19,PT1H,MC-Ternium,7438.29,6137.5
2025-08-06,20,PT1H,MC-Ternium,7466.46,6137.5
2025-08-06,21,PT1H,MC-Ternium,7546.55,6137.5
2025-08-06,22,PT1H,MC-Ternium,6804.59,6137.5
2025-08-06,23,PT1H,MC-Ternium,4346.3,6137.5
2025-08-06,24,PT1H,MC-Ternium,6020.34,6137.5
2025-08-07,1,PT1H,MC-Ternium,6021.64,6575.0
2025-08-07,2,PT1H,MC-Ternium,3454.42,6575.0
2025-08-07,3,PT1H,MC-Ternium,5880.71,6575.0
2025-08-07,4,PT1H,MC-Ternium,7144.6,6575.0
2025-08-07,5,PT1H,MC-Ternium,7311.26,6575.0
2025-08-07,6,PT1H,MC-Ternium,7245.22,6575.0
2025-08-07,7,PT1H,MC-Ternium,6007.65,6575.0
2025-08-07,8,PT1H,MC-Ternium,7373.64,6575.0
2025-08-07,9,PT1H,MC-Ternium,7465.53,6575.0
2025-08-07,10,PT1H,MC-Ternium,6766.99,6575.0
2025-08-07,11,PT1H,MC-Ternium,4685.63,6575.0
2025-08-07,12,PT1H,MC-Ternium,6384.9,6575.0
2025-08-07,13,PT1H,MC-Ternium,7496.17,6575.0
2025-08-07,14,PT1H,MC-Ternium,6500.9,6575.0
2025-08-07,15,PT1H,MC-Ternium,7175.72,6575.0
2025-08-07,16,PT1H,MC-Ternium,5352.0,6575.0
2025-08-07,17,PT1H,MC-Ternium,7096.78,6575.0
2025-08-07,18,PT1H,MC-Ternium,6542.12,6575.0
2025-08-07,19,PT1H,MC-Ternium,6321.89,6575.0
2025-08-07,20,PT1H,MC-Ternium,6960.34,6575.0
2025-08-07,21,PT1H,MC-Ternium,4822.73,6575.0
2025-08-07,22,PT1H,MC-Ternium,4774.81,6575.0
2025-08-07,23,PT1H,MC-Ternium,7026.89,6575.0
2025-08-07,24,PT1H,MC-Ternium,6770.48,6575.0
2025-08-08,1,PT1H,MC-Ternium,5101.47,6275.0
2025-08-08,2,PT1H,MC-Ternium,4770.83,6275.0
2025-08-08,3,PT1H,MC-Ternium,4595.67,6275.0
2025-08-08,4,PT1H,MC-Ternium,7166.15,6275.0
2025-08-08,5,PT1H,MC-Ternium,5843.67,6275.0
2025-08-08,6,PT1H,MC-Ternium,7221.75,6275.0
2025-08-08,7,PT1H,MC-Ternium,4106.29,6275.0
2025-08-08,8,PT1H,MC-Ternium,7265.23,6275.0
2025-08-08,9,PT1H,MC-Ternium,6346.99,6275.0
2025-08-08,10,PT1H,MC-Ternium,1796.49,6275.0
2025-08-08,11,PT1H,MC-Ternium,1816.1,6275.0
2025-08-08,12,PT1H,MC-Ternium,2574.93,6275.0
2025-08-08,13,PT1H,MC-Ternium,4570.87,6275.0
2025-08-08,14,PT1H,MC-Ternium,5900.56,6275.0
2025-08-08,15,PT1H,MC-Ternium,5446.41,6275.0
2025-08-08,16,PT1H,MC-Ternium,6481.09,6275.0
2025-08-08,17,PT1H,MC-Ternium,6622.55,6275.0
2025-08-08,18,PT1H,MC-Ternium,6308.86,6275.0
2025-08-08,19,PT1H,MC-Ternium,7658.84,6275.0
2025-08-08,20,PT1H,MC-Ternium,4338.25,6275.0
2025-08-08,21,PT1H,MC-Ternium,5058.44,6275.0
2025-08-08,22,PT1H,MC-Ternium,6934.88,6275.0
2025-08-08,23,PT1H,MC-Ternium,6353.1,6275.0
2025-08-08,24,PT1H,MC-Ternium,4655.64,6275.0
2025-08-09,1,PT1H,MC-Ternium,4914.27,6275.0
2025-08-09,2,PT1H,MC-Ternium,7272.57,6275.0
2025-08-09,3,PT1H,MC-Ternium,3947.13,6275.0
2025-08-09,4,PT1H,MC-Ternium,3156.66,6275.0
2025-08-09,5,PT1H,MC-Ternium,5065.04,6275.0
2025-08-09,6,PT1H,MC-Ternium,5889.49,6275.0
2025-08-09,7,PT1H,MC-Ternium,4667.13,6275.0
2025-08-09,8,PT1H,MC-Ternium,7115.84,6275.0
2025-08-09,9,PT1H,MC-Ternium,7447.28,6275.0
2025-08-09,10,PT1H,MC-Ternium,7462.91,6275.0
2025-08-09,11,PT1H,MC-Ternium,7482.8,6275.0
2025-08-09,12,PT1H,MC-Ternium,5905.53,6275.0
2025-08-09,13,PT1H,MC-Ternium,2049.62,6275.0
2025-08-09,14,PT1H,MC-Ternium,1854.96,6275.0
2025-08-09,15,PT1H,MC-Ternium,1862.19,6275.0
2025-08-09,16,PT1H,MC-Ternium,2643.32,6275.0
2025-08-09,17,PT1H,MC-Ternium,3317.96,6275.0
2025-08-09,18,PT1H,MC-Ternium,4126.07,6275.0
2025-08-09,19,PT1H,MC-Ternium,6874.97,6275.0
2025-08-09,20,PT1H,MC-Ternium,6553.09,6275.0
2025-08-09,21,PT1H,MC-Ternium,7714.84,6275.0
2025-08-09,22,PT1H,MC-Ternium,7737.74,6275.0
2025-08-09,23,PT1H,MC-Ternium,7177.27,6275.0
2025-08-09,24,PT1H,MC-Ternium,7843.5,6275.0
2025-08-10,1,PT1H,MC-Ternium,5651.24,6475.0
2025-08-10,2,PT1H,MC-Ternium,7143.65,6475.0
2025-08-10,3,PT1H,MC-Ternium,7307.88,6475.0
2025-08-10,4,PT1H,MC-Ternium,7913.91,6475.0
2025-08-10,5,PT1H,MC-Ternium,8115.85,6475.0
2025-08-10,6,PT1H,MC-Ternium,8274.48,6475.0
2025-08-10,7,PT1H,MC-Ternium,7395.21,6475.0
2025-08-10,8,PT1H,MC-Ternium,2700.94,6475.0
2025-08-10,9,PT1H,MC-Ternium,4735.43,6475.0
2025-08-10,10,PT1H,MC-Ternium,5612.65,6475.0
2025-08-10,11,PT1H,MC-Ternium,5294.46,6475.0
2025-08-10,12,PT1H,MC-Ternium,5195.14,6475.0
2025-08-10,13,PT1H,MC-Ternium,4541.48,6475.0
2025-08-10,14,PT1H,MC-Ternium,5352.36,6475.0
2025-08-10,15,PT1H,MC-Ternium,3104.97,6475.0
2025-08-10,16,PT1H,MC-Ternium,7441.33,6475.0
2025-08-10,17,PT1H,MC-Ternium,7208.64,6475.0
2025-08-10,18,PT1H,MC-Ternium,6977.71,6475.0
2025-08-10,19,PT1H,MC-Ternium,7497.15,6475.0
2025-08-10,20,PT1H,MC-Ternium,6911.79,6475.0
2025-08-10,21,PT1H,MC-Ternium,7443.14,6475.0
2025-08-10,22,PT1H,MC-Ternium,6567.85,6475.0
2025-08-10,23,PT1H,MC-Ternium,7864.52,6475.0
2025-08-10,24,PT1H,MC-Ternium,7482.51,6475.0
2025-08-11,1,PT1H,MC-Ternium,6614.04,6012.5
2025-08-11,2,PT1H,MC-Ternium,7698.6,6012.5
2025-08-11,3,PT1H,MC-Ternium,7890.17,6012.5
2025-08-11,4,PT1H,MC-Ternium,7933.97,6012.5
2025-08-11,5,PT1H,MC-Ternium,8050.1,6012.5
2025-08-11,6,PT1H,MC-Ternium,8055.73,6012.5
2025-08-11,7,PT1H,MC-Ternium,7903.47,6012.5
2025-08-11,8,PT1H,MC-Ternium,5472.95,6012.5
2025-08-11,9,PT1H,MC-Ternium,7066.45,6012.5
2025-08-11,10,PT1H,MC-Ternium,7819.15,6012.5
2025-08-11,11,PT1H,MC-Ternium,7459.79,6012.5
2025-08-11,12,PT1H,MC-Ternium,7653.31,6012.5
2025-08-11,13,PT1H,MC-Ternium,7755.97,6012.5
2025-08-11,14,PT1H,MC-Ternium,7444.74,6012.5
2025-08-11,15,PT1H,MC-Ternium,5340.6,6012.5
2025-08-11,16,PT1H,MC-Ternium,6592.82,6012.5
2025-08-11,17,PT1H,MC-Ternium,6626.83,6012.5
2025-08-11,18,PT1H,MC-Ternium,7243.05,6012.5
2025-08-11,19,PT1H,MC-Ternium,4686.36,6012.5
2025-08-11,20,PT1H,MC-Ternium,5042.58,6012.5
2025-08-11,21,PT1H,MC-Ternium,6634.96,6012.5
2025-08-11,22,PT1H,MC-Ternium,7439.32,6012.5
2025-08-11,23,PT1H,MC-Ternium,5664.57,6012.5
2025-08-11,24,PT1H,MC-Ternium,7613.22,6012.5
2025-08-12,1,PT1H,MC-Ternium,7572.41,6012.5
2025-08-12,2,PT1H,MC-Ternium,6944.01,6012.5
2025-08-12,3,PT1H,MC-Ternium,7431.14,6012.5
2025-08-12,4,PT1H,MC-Ternium,7519.71,6012.5
2025-08-12,5,PT1H,MC-Ternium,7438.56,6012.5
2025-08-12,6,PT1H,MC-Ternium,7425.51,6012.5
2025-08-12,7,PT1H,MC-Ternium,5598.95,6012.5
2025-08-12,8,PT1H,MC-Ternium,6896.1,6012.5
2025-08-12,9,PT1H,MC-Ternium,3664.58,6012.5
2025-08-12,10,PT1H,MC-Ternium,6050.53,6012.5
2025-08-12,11,PT1H,MC-Ternium,6185.44,6012.5
2025-08-12,12,PT1H,MC-Ternium,6998.49,6012.5
2025-08-12,13,PT1H,MC-Ternium,5980.53,6012.5
2025-08-12,14,PT1H,MC-Ternium,3265.04,6012.5
2025-08-12,15,PT1H,MC-Ternium,1704.51,6012.5
2025-08-12,16,PT1H,MC-Ternium,1624.95,6012.5
2025-08-12,17,PT1H,MC-Ternium,1676.21,6012.5
2025-08-12,18,PT1H,MC-Ternium,2108.73,6012.5
2025-08-12,19,PT1H,MC-Ternium,2672.74,6012.5
2025-08-12,20,PT1H,MC-Ternium,3386.15,6012.5
2025-08-12,21,PT1H,MC-Ternium,3984.82,6012.5
2025-08-12,22,PT1H,MC-Ternium,4441.3,6012.5
2025-08-12,23,PT1H,MC-Ternium,3810.51,6012.5
2025-08-12,24,PT1H,MC-Ternium,3532.56,6012.5
2025-08-13,1,PT1H,MC-Ternium,3520.49,6415.0
2025-08-13,2,PT1H,MC-Ternium,4010.71,6415.0
2025-08-13,3,PT1H,MC-Ternium,4182.73,6415.0
2025-08-13,4,PT1H,MC-Ternium,4232.55,6415.0
2025-08-13,5,PT1H,MC-Ternium,4201.71,6415.0
2025-08-13,6,PT1H,MC-Ternium,4009.47,6415.0
2025-08-13,7,PT1H,MC-Ternium,3528.16,6415.0
2025-08-13,8,PT1H,MC-Ternium,3858.81,6415.0
2025-08-13,9,PT1H,MC-Ternium,4162.85,6415.0
2025-08-13,10,PT1H,MC-Ternium,4063.02,6415.0
2025-08-13,11,PT1H,MC-Ternium,5233.61,6415.0
2025-08-13,12,PT1H,MC-Ternium,5275.49,6415.0
2025-08-13,13,PT1H,MC-Ternium,2838.02,6415.0
2025-08-13,14,PT1H,MC-Ternium,4501.72,6415.0
2025-08-13,15,PT1H,MC-Ternium,3556.82,6415.0
2025-08-13,16,PT1H,MC-Ternium,3921.24,6415.0
2025-08-13,17,PT1H,MC-Ternium,4209.47,6415.0
2025-08-13,18,PT1H,MC-Ternium,4581.89,6415.0
2025-08-13,19,PT1H,MC-Ternium,4664.8,6415.0
2025-08-13,20,PT1H,MC-Ternium,4155.79,6415.0
2025-08-13,21,PT1H,MC-Ternium,3662.51,6415.0
2025-08-13,22,PT1H,MC-Ternium,3972.6,6415.0
2025-08-13,23,PT1H,MC-Ternium,3012.38,6415.0
2025-08-13,24,PT1H,MC-Ternium,4370.26,6415.0
2025-08-14,1,PT1H,MC-Ternium,4886.68,6789.0
2025-08-14,2,PT1H,MC-Ternium,4249.19,6789.0
2025-08-14,3,PT1H,MC-Ternium,4024.01,6789.0
2025-08-14,4,PT1H,MC-Ternium,3714.09,6789.0
2025-08-14,5,PT1H,MC-Ternium,4257.24,6789.0
2025-08-14,6,PT1H,MC-Ternium,4269.99,6789.0
2025-08-14,7,PT1H,MC-Ternium,3294.29,6789.0
2025-08-14,8,PT1H,MC-Ternium,1765.68,6789.0
2025-08-14,9,PT1H,MC-Ternium,1592.31,6789.0
2025-08-14,10,PT1H,MC-Ternium,2819.09,6789.0
2025-08-14,11,PT1H,MC-Ternium,4192.37,6789.0
2025-08-14,12,PT1H,MC-Ternium,4440.6,6789.0
2025-08-14,13,PT1H,MC-Ternium,4895.86,6789.0
2025-08-14,14,PT1H,MC-Ternium,3101.53,6789.0
2025-08-14,15,PT1H,MC-Ternium,4368.39,6789.0
2025-08-14,16,PT1H,MC-Ternium,4814.21,6789.0
2025-08-14,17,PT1H,MC-Ternium,3367.91,6789.0
2025-08-14,18,PT1H,MC-Ternium,5156.17,6789.0
2025-08-14,19,PT1H,MC-Ternium,5299.92,6789.0
2025-08-14,20,PT1H,MC-Ternium,4858.13,6789.0
2025-08-14,21,PT1H,MC-Ternium,1638.31,6789.0
2025-08-14,22,PT1H,MC-Ternium,1533.1,6789.0
2025-08-14,23,PT1H,MC-Ternium,1900.21,6789.0
2025-08-14,24,PT1H,MC-Ternium,5690.56,6789.0
2025-08-15,1,PT1H,MC-Ternium,6326.68,6075.0
2025-08-15,2,PT1H,MC-Ternium,2284.36,6075.0
2025-08-15,3,PT1H,MC-Ternium,1840.92,6075.0
2025-08-15,4,PT1H,MC-Ternium,1807.94,6075.0
2025-08-15,5,PT1H,MC-Ternium,2511.17,6075.0
2025-08-15,6,PT1H,MC-Ternium,3760.26,6075.0
2025-08-15,7,PT1H,MC-Ternium,4559.07,6075.0
2025-08-15,8,PT1H,MC-Ternium,6627.47,6075.0
2025-08-15,9,PT1H,MC-Ternium,6559.02,6075.0
2025-08-15,10,PT1H,MC-Ternium,3466.59,6075.0
2025-08-15,11,PT1H,MC-Ternium,7059.17,6075.0
2025-08-15,12,PT1H,MC-Ternium,6968.26,6075.0
2025-08-15,13,PT1H,MC-Ternium,6805.48,6075.0
2025-08-15,14,PT1H,MC-Ternium,7089.04,6075.0
2025-08-15,15,PT1H,MC-Ternium,7293.97,6075.0
2025-08-15,16,PT1H,MC-Ternium,7071.15,6075.0
2025-08-15,17,PT1H,MC-Ternium,7464.99,6075.0
2025-08-15,18,PT1H,MC-Ternium,7501.55,6075.0
2025-08-15,19,PT1H,MC-Ternium,7679.96,6075.0
2025-08-15,20,PT1H,MC-Ternium,6685.13,6075.0
2025-08-15,21,PT1H,MC-Ternium,6861.89,6075.0
2025-08-15,22,PT1H,MC-Ternium,7652.25,6075.0
2025-08-15,23,PT1H,MC-Ternium,7678.14,6075.0
2025-08-15,24,PT1H,MC-Ternium,7840.05,6075.0
2025-08-16,1,PT1H,MC-Ternium,7786.71,6175.0
2025-08-16,2,PT1H,MC-Ternium,6954.13,6175.0
2025-08-16,3,PT1H,MC-Ternium,7839.6,6175.0
2025-08-16,4,PT1H,MC-Ternium,7831.04,6175.0
2025-08-16,5,PT1H,MC-Ternium,7281.43,6175.0
2025-08-16,6,PT1H,MC-Ternium,7791.19,6175.0
2025-08-16,7,PT1H,MC-Ternium,7662.11,6175.0
2025-08-16,8,PT1H,MC-Ternium,6390.72,6175.0
2025-08-16,9,PT1H,MC-Ternium,7532.72,6175.0
2025-08-16,10,PT1H,MC-Ternium,7069.97,6175.0
2025-08-16,11,PT1H,MC-Ternium,4655.35,6175.0
2025-08-16,12,PT1H,MC-Ternium,3969.63,6175.0
2025-08-16,13,PT1H,MC-Ternium,7243.54,6175.0
2025-08-16,14,PT1H,MC-Ternium,6526.69,6175.0
2025-08-16,15,PT1H,MC-Ternium,7439.34,6175.0
2025-08-16,16,PT1H,MC-Ternium,7309.27,6175.0
2025-08-16,17,PT1H,MC-Ternium,7347.03,6175.0
2025-08-16,18,PT1H,MC-Ternium,7788.1,6175.0
2025-08-16,19,PT1H,MC-Ternium,6072.25,6175.0
2025-08-16,20,PT1H,MC-Ternium,5032.82,6175.0
2025-08-16,21,PT1H,MC-Ternium,6043.39,6175.0
2025-08-16,22,PT1H,MC-Ternium,5285.58,6175.0
2025-08-16,23,PT1H,MC-Ternium,6079.97,6175.0
2025-08-16,24,PT1H,MC-Ternium,6062.8,6175.0
2025-08-17,1,PT1H,MC-Ternium,6629.49,5996.0
2025-08-17,2,PT1H,MC-Ternium,6870.03,5996.0
2025-08-17,3,PT1H,MC-Ternium,7305.57,5996.0
2025-08-17,4,PT1H,MC-Ternium,5641.18,5996.0
2025-08-17,5,PT1H,MC-Ternium,3714.07,5996.0
2025-08-17,6,PT1H,MC-Ternium,2947.43,5996.0
2025-08-17,7,PT1H,MC-Ternium,5531.43,5996.0
2025-08-17,8,PT1H,MC-Ternium,5102.91,5996.0
2025-08-17,9,PT1H,MC-Ternium,6698.26,5996.0
2025-08-17,10,PT1H,MC-Ternium,7208.33,5996.0
2025-08-17,11,PT1H,MC-Ternium,5241.24,5996.0
2025-08-17,12,PT1H,MC-Ternium,5129.1,5996.0
2025-08-17,13,PT1H,MC-Ternium,4921.27,5996.0
2025-08-17,14,PT1H,MC-Ternium,6428.65,5996.0
2025-08-17,15,PT1H,MC-Ternium,5256.67,5996.0
2025-08-17,16,PT1H,MC-Ternium,6507.12,5996.0
2025-08-17,17,PT1H,MC-Ternium,3675.2,5996.0
2025-08-17,18,PT1H,MC-Ternium,3328.59,5996.0
2025-08-17,19,PT1H,MC-Ternium,3075.72,5996.0
2025-08-17,20,PT1H,MC-Ternium,2550.87,5996.0
2025-08-17,21,PT1H,MC-Ternium,2241.14,5996.0
2025-08-17,22,PT1H,MC-Ternium,3414.86,5996.0
2025-08-17,23,PT1H,MC-Ternium,1661.06,5996.0
2025-08-17,24,PT1H,MC-Ternium,1651.49,5996.0
2025-08-18,1,PT1H,MC-Ternium,1663.6,6685.0
2025-08-18,2,PT1H,MC-Ternium,2385.46,6685.0
2025-08-18,3,PT1H,MC-Ternium,6230.55,6685.0
2025-08-18,4,PT1H,MC-Ternium,6268.58,6685.0
2025-08-18,5,PT1H,MC-Ternium,7453.17,6685.0
2025-08-18,6,PT1H,MC-Ternium,6617.44,6685.0
2025-08-18,7,PT1H,MC-Ternium,7378.35,6685.0
2025-08-18,8,PT1H,MC-Ternium,7428.3,6685.0
2025-08-18,9,PT1H,MC-Ternium,7721.05,6685.0
2025-08-18,10,PT1H,MC-Ternium,6658.09,6685.0
2025-08-18,11,PT1H,MC-Ternium,4206.69,6685.0
2025-08-18,12,PT1H,MC-Ternium,5478.78,6685.0
2025-08-18,13,PT1H,MC-Ternium,6815.78,6685.0
2025-08-18,14,PT1H,MC-Ternium,7663.37,6685.0
2025-08-18,15,PT1H,MC-Ternium,7861.3,6685.0
2025-08-18,16,PT1H,MC-Ternium,8009.14,6685.0
2025-08-18,17,PT1H,MC-Ternium,7805.72,6685.0
2025-08-18,18,PT1H,MC-Ternium,7265.15,6685.0
2025-08-18,19,PT1H,MC-Ternium,7865.8,6685.0
2025-08-18,20,PT1H,MC-Ternium,8099.02,6685.0
2025-08-18,21,PT1H,MC-Ternium,7859.32,6685.0
2025-08-18,22,PT1H,MC-Ternium,7978.48,6685.0
2025-08-18,23,PT1H,MC-Ternium,5256.65,6685.0
2025-08-18,24,PT1H,MC-Ternium,8003.95,6685.0
2025-08-19,1,PT1H,MC-Ternium,6175.57,6675.0
2025-08-19,2,PT1H,MC-Ternium,3354.73,6675.0
2025-08-19,3,PT1H,MC-Ternium,7895.12,6675.0
2025-08-19,4,PT1H,MC-Ternium,7788.22,6675.0
2025-08-19,5,PT1H,MC-Ternium,8166.11,6675.0
2025-08-19,6,PT1H,MC-Ternium,7752.36,6675.0
2025-08-19,7,PT1H,MC-Ternium,6280.85,6675.0
2025-08-19,8,PT1H,MC-Ternium,2743.53,6675.0
2025-08-19,9,PT1H,MC-Ternium,5570.81,6675.0
2025-08-19,10,PT1H,MC-Ternium,6507.05,6675.0
2025-08-19,11,PT1H,MC-Ternium,7617.92,6675.0
2025-08-19,12,PT1H,MC-Ternium,8036.75,6675.0
2025-08-19,13,PT1H,MC-Ternium,7260.72,6675.0
2025-08-19,14,PT1H,MC-Ternium,2942.1,6675.0
2025-08-19,15,PT1H,MC-Ternium,5221.49,6675.0
2025-08-19,16,PT1H,MC-Ternium,6923.61,6675.0
2025-08-19,17,PT1H,MC-Ternium,7527.96,6675.0
2025-08-19,18,PT1H,MC-Ternium,8189.13,6675.0
2025-08-19,19,PT1H,MC-Ternium,6616.89,6675.0
2025-08-19,20,PT1H,MC-Ternium,3512.28,6675.0
2025-08-19,21,PT1H,MC-Ternium,6662.33,6675.0
2025-08-19,22,PT1H,MC-Ternium,7967.16,6675.0
2025-08-19,23,PT1H,MC-Ternium,8047.63,6675.0
2025-08-19,24,PT1H,MC-Ternium,6964.12,6675.0
2025-08-20,1,PT1H,MC-Ternium,7269.23,5975.0
2025-08-20,2,PT1H,MC-Ternium,7988.76,5975.0
2025-08-20,3,PT1H,MC-Ternium,6863.24,5975.0
2025-08-20,4,PT1H,MC-Ternium,5656.77,5975.0
2025-08-20,5,PT1H,MC-Ternium,4754.42,5975.0
2025-08-20,6,PT1H,MC-Ternium,6208.69,5975.0
2025-08-20,7,PT1H,MC-Ternium,7672.52,5975.0
2025-08-20,8,PT1H,MC-Ternium,5953.42,5975.0
2025-08-20,9,PT1H,MC-Ternium,5738.67,5975.0
2025-08-20,10,PT1H,MC-Ternium,4187.52,5975.0
2025-08-20,11,PT1H,MC-Ternium,2011.2,5975.0
2025-08-20,12,PT1H,MC-Ternium,6296.44,5975.0
2025-08-20,13,PT1H,MC-Ternium,7561.95,5975.0
2025-08-20,14,PT1H,MC-Ternium,7225.64,5975.0
2025-08-20,15,PT1H,MC-Ternium,5326.92,5975.0
2025-08-20,16,PT1H,MC-Ternium,7976.94,5975.0
2025-08-20,17,PT1H,MC-Ternium,8023.6,5975.0
2025-08-20,18,PT1H,MC-Ternium,7228.96,5975.0
2025-08-20,19,PT1H,MC-Ternium,6222.64,5975.0
2025-08-20,20,PT1H,MC-Ternium,3017.06,5975.0
2025-08-20,21,PT1H,MC-Ternium,6129.29,5975.0
2025-08-20,22,PT1H,MC-Ternium,7344.89,5975.0
2025-08-20,23,PT1H,MC-Ternium,7883.45,5975.0
2025-08-20,24,PT1H,MC-Ternium,6740.25,5975.0
2025-08-21,1,PT1H,MC-Ternium,6877.4,6680.0
2025-08-21,2,PT1H,MC-Ternium,7599.17,6680.0
2025-08-21,3,PT1H,MC-Ternium,7287.44,6680.0
2025-08-21,4,PT1H,MC-Ternium,7841.85,6680.0
2025-08-21,5,PT1H,MC-Ternium,6691.69,6680.0
2025-08-21,6,PT1H,MC-Ternium,4691.53,6680.0
2025-08-21,7,PT1H,MC-Ternium,3786.96,6680.0
2025-08-21,8,PT1H,MC-Ternium,7205.34,6680.0
2025-08-21,9,PT1H,MC-Ternium,7673.89,6680.0
2025-08-21,10,PT1H,MC-Ternium,7326.07,6680.0
2025-08-21,11,PT1H,MC-Ternium,7284.7,6680.0
2025-08-21,12,PT1H,MC-Ternium,7700.65,6680.0
2025-08-21,13,PT1H,MC-Ternium,7954.19,6680.0
2025-08-21,14,PT1H,MC-Ternium,7786.94,6680.0
2025-08-21,15,PT1H,MC-Ternium,6186.7,6680.0
2025-08-21,16,PT1H,MC-Ternium,4108.44,6680.0
2025-08-21,17,PT1H,MC-Ternium,5813.41,6680.0
2025-08-21,18,PT1H,MC-Ternium,7586.35,6680.0
2025-08-21,19,PT1H,MC-Ternium,6713.61,6680.0
2025-08-21,20,PT1H,MC-Ternium,6214.12,6680.0
2025-08-21,21,PT1H,MC-Ternium,7455.62,6680.0
2025-08-21,22,PT1H,MC-Ternium,7766.75,6680.0
2025-08-21,23,PT1H,MC-Ternium,7364.86,6680.0
2025-08-21,24,PT1H,MC-Ternium,6755.71,6680.0
2025-08-22,1,PT1H,MC-Ternium,7689.65,6585.0
2025-08-22,2,PT1H,MC-Ternium,8005.54,6585.0
2025-08-22,3,PT1H,MC-Ternium,4561.21,6585.0
2025-08-22,4,PT1H,MC-Ternium,2869.23,6585.0
2025-08-22,5,PT1H,MC-Ternium,1748.75,6585.0
2025-08-22,6,PT1H,MC-Ternium,1690.93,6585.0
2025-08-22,7,PT1H,MC-Ternium,1657.3,6585.0
2025-08-22,8,PT1H,MC-Ternium,1593.09,6585.0
2025-08-22,9,PT1H,MC-Ternium,1563.8,6585.0
2025-08-22,10,PT1H,MC-Ternium,2419.51,6585.0
2025-08-22,11,PT1H,MC-Ternium,2718.84,6585.0
2025-08-22,12,PT1H,MC-Ternium,2930.62,6585.0
2025-08-22,13,PT1H,MC-Ternium,3911.18,6585.0
2025-08-22,14,PT1H,MC-Ternium,4766.95,6585.0
2025-08-22,15,PT1H,MC-Ternium,3648.54,6585.0
2025-08-22,16,PT1H,MC-Ternium,5592.7,6585.0
2025-08-22,17,PT1H,MC-Ternium,5536.46,6585.0
2025-08-22,18,PT1H,MC-Ternium,5300.43,6585.0
2025-08-22,19,PT1H,MC-Ternium,6580.9,6585.0
2025-08-22,20,PT1H,MC-Ternium,5450.93,6585.0
2025-08-22,21,PT1H,MC-Ternium,6385.26,6585.0
2025-08-22,22,PT1H,MC-Ternium,3489.37,6585.0
2025-08-22,23,PT1H,MC-Ternium,3211.46,6585.0
2025-08-22,24,PT1H,MC-Ternium,5157.21,6585.0
2025-08-23,1,PT1H,MC-Ternium,3010.68,6375.0
2025-08-23,2,PT1H,MC-Ternium,2883.53,6375.0
2025-08-23,3,PT1H,MC-Ternium,6359.45,6375.0
2025-08-23,4,PT1H,MC-Ternium,3290.02,6375.0
2025-08-23,5,PT1H,MC-Ternium,6458.66,6375.0
2025-08-23,6,PT1H,MC-Ternium,5295.18,6375.0
2025-08-23,7,PT1H,MC-Ternium,6808.71,6375.0
2025-08-23,8,PT1H,MC-Ternium,6213.4,6375.0
2025-08-23,9,PT1H,MC-Ternium,6244.88,6375.0
2025-08-23,10,PT1H,MC-Ternium,5872.91,6375.0
2025-08-23,11,PT1H,MC-Ternium,6885.11,6375.0
2025-08-23,12,PT1H,MC-Ternium,3048.57,6375.0
2025-08-23,13,PT1H,MC-Ternium,1690.27,6375.0
2025-08-23,14,PT1H,MC-Ternium,1806.44,6375.0
2025-08-23,15,PT1H,MC-Ternium,2957.98,6375.0
2025-08-23,16,PT1H,MC-Ternium,2814.41,6375.0
2025-08-23,17,PT1H,MC-Ternium,4747.54,6375.0
2025-08-23,18,PT1H,MC-Ternium,2334.53,6375.0
2025-08-23,19,PT1H,MC-Ternium,2294.87,6375.0
2025-08-23,20,PT1H,MC-Ternium,3870.31,6375.0
2025-08-23,21,PT1H,MC-Ternium,7020.2,6375.0
2025-08-23,22,PT1H,MC-Ternium,5936.22,6375.0
2025-08-23,23,PT1H,MC-Ternium,3145.42,6375.0
2025-08-23,24,PT1H,MC-Ternium,3331.39,6375.0
2025-08-24,1,PT1H,MC-Ternium,5974.92,6979.0
2025-08-24,2,PT1H,MC-Ternium,4895.0,6979.0
2025-08-24,3,PT1H,MC-Ternium,4414.64,6979.0
2025-08-24,4,PT1H,MC-Ternium,5740.57,6979.0
2025-08-24,5,PT1H,MC-Ternium,6437.92,6979.0
2025-08-24,6,PT1H,MC-Ternium,5935.49,6979.0
2025-08-24,7,PT1H,MC-Ternium,6612.75,6979.0
2025-08-24,8,PT1H,MC-Ternium,6383.89,6979.0
2025-08-24,9,PT1H,MC-Ternium,3182.24,6979.0
2025-08-24,10,PT1H,MC-Ternium,6686.68,6979.0
2025-08-24,11,PT1H,MC-Ternium,6763.95,6979.0
2025-08-24,12,PT1H,MC-Ternium,6746.5,6979.0
2025-08-24,13,PT1H,MC-Ternium,7393.72,6979.0
2025-08-24,14,PT1H,MC-Ternium,6903.89,6979.0
2025-08-24,15,PT1H,MC-Ternium,6684.73,6979.0
2025-08-24,16,PT1H,MC-Ternium,7454.15,6979.0
2025-08-24,17,PT1H,MC-Ternium,7461.2,6979.0
2025-08-24,18,PT1H,MC-Ternium,6383.67,6979.0
2025-08-24,19,PT1H,MC-Ternium,7476.79,6979.0
2025-08-24,20,PT1H,MC-Ternium,7127.82,6979.0
2025-08-24,21,PT1H,MC-Ternium,6195.79,6979.0
2025-08-24,22,PT1H,MC-Ternium,6581.18,6979.0
2025-08-24,23,PT1H,MC-Ternium,4446.77,6979.0
2025-08-24,24,PT1H,MC-Ternium,6063.75,6979.0
2025-08-25,1,PT1H,MC-Ternium,7535.51,6975.0
2025-08-25,2,PT1H,MC-Ternium,7378.25,6975.0
2025-08-25,3,PT1H,MC-Ternium,3936.3,6975.0
2025-08-25,4,PT1H,MC-Ternium,6613.62,6975.0
2025-08-25,5,PT1H,MC-Ternium,7126.77,6975.0
2025-08-25,6,PT1H,MC-Ternium,6191.27,6975.0
2025-08-25,7,PT1H,MC-Ternium,6885.28,6975.0
2025-08-25,8,PT1H,MC-Ternium,4991.95,6975.0
2025-08-25,9,PT1H,MC-Ternium,7247.96,6975.0
2025-08-25,10,PT1H,MC-Ternium,7570.16,6975.0
2025-08-25,11,PT1H,MC-Ternium,3863.77,6975.0
2025-08-25,12,PT1H,MC-Ternium,2755.7,6975.0
2025-08-25,13,PT1H,MC-Ternium,4610.53,6975.0
2025-08-25,14,PT1H,MC-Ternium,3279.41,6975.0
2025-08-25,15,PT1H,MC-Ternium,5359.92,6975.0
2025-08-25,16,PT1H,MC-Ternium,5681.24,6975.0
2025-08-25,17,PT1H,MC-Ternium,4921.38,6975.0
2025-08-25,18,PT1H,MC-Ternium,5464.25,6975.0
2025-08-25,19,PT1H,MC-Ternium,3980.4,6975.0
2025-08-25,20,PT1H,MC-Ternium,5166.55,6975.0
2025-08-25,21,PT1H,MC-Ternium,6745.41,6975.0
2025-08-25,22,PT1H,MC-Ternium,6955.24,6975.0
2025-08-25,23,PT1H,MC-Ternium,7054.91,6975.0
2025-08-25,24,PT1H,MC-Ternium,6282.51,6975.0
2025-08-26,1,PT1H,MC-Ternium,6880.18,5785.0
2025-08-26,2,PT1H,MC-Ternium,4930.35,5785.0
2025-08-26,3,PT1H,MC-Ternium,6455.49,5785.0
2025-08-26,4,PT1H,MC-Ternium,7042.98,5785.0
2025-08-26,5,PT1H,MC-Ternium,7053.69,5785.0
2025-08-26,6,PT1H,MC-Ternium,4391.94,5785.0
2025-08-26,7,PT1H,MC-Ternium,4184.16,5785.0
2025-08-26,8,PT1H,MC-Ternium,5272.89,5785.0
2025-08-26,9,PT1H,MC-Ternium,4910.46,5785.0
2025-08-26,10,PT1H,MC-Ternium,5785.97,5785.0
2025-08-26,11,PT1H,MC-Ternium,6877.21,5785.0
2025-08-26,12,PT1H,MC-Ternium,5528.32,5785.0
2025-08-26,13,PT1H,MC-Ternium,4665.73,5785.0
2025-08-26,14,PT1H,MC-Ternium,3981.41,5785.0
2025-08-26,15,PT1H,MC-Ternium,5817.46,5785.0
2025-08-26,16,PT1H,MC-Ternium,7034.11,5785.0
2025-08-26,17,PT1H,MC-Ternium,6946.94,5785.0
2025-08-26,18,PT1H,MC-Ternium,6579.8,5785.0
2025-08-26,19,PT1H,MC-Ternium,5712.96,5785.0
2025-08-26,20,PT1H,MC-Ternium,6643.91,5785.0
2025-08-26,21,PT1H,MC-Ternium,6973.48,5785.0
2025-08-26,22,PT1H,MC-Ternium,3640.72,5785.0
2025-08-26,23,PT1H,MC-Ternium,4793.22,5785.0
2025-08-26,24,PT1H,MC-Ternium,7006.79,5785.0
2025-08-27,1,PT1H,MC-Ternium,7051.08,6456.0
2025-08-27,2,PT1H,MC-Ternium,5294.82,6456.0
2025-08-27,3,PT1H,MC-Ternium,6994.23,6456.0
2025-08-27,4,PT1H,MC-Ternium,5876.07,6456.0
2025-08-27,5,PT1H,MC-Ternium,6693.97,6456.0
2025-08-27,6,PT1H,MC-Ternium,5397.22,6456.0
2025-08-27,7,PT1H,MC-Ternium,6982.11,6456.0
2025-08-27,8,PT1H,MC-Ternium,6063.14,6456.0
2025-08-27,9,PT1H,MC-Ternium,6973.91,6456.0
2025-08-27,10,PT1H,MC-Ternium,6713.46,6456.0
2025-08-27,11,PT1H,MC-Ternium,7027.27,6456.0
2025-08-27,12,PT1H,MC-Ternium,5861.06,6456.0
2025-08-27,13,PT1H,MC-Ternium,6493.53,6456.0
2025-08-27,14,PT1H,MC-Ternium,6849.68,6456.0
2025-08-27,15,PT1H,MC-Ternium,7124.25,6456.0
2025-08-27,16,PT1H,MC-Ternium,7090.92,6456.0
2025-08-27,17,PT1H,MC-Ternium,7170.84,6456.0
2025-08-27,18,PT1H,MC-Ternium,7277.97,6456.0
2025-08-27,19,PT1H,MC-Ternium,7339.36,6456.0
2025-08-27,20,PT1H,MC-Ternium,3289.9,6456.0
2025-08-27,21,PT1H,MC-Ternium,2962.25,6456.0
2025-08-27,22,PT1H,MC-Ternium,6856.43,6456.0
2025-08-27,23,PT1H,MC-Ternium,7092.38,6456.0
2025-08-27,24,PT1H,MC-Ternium,6986.7,6456.0
2025-08-28,1,PT1H,MC-Ternium,7308.9,5995.0
2025-08-28,2,PT1H,MC-Ternium,5385.12,5995.0
2025-08-28,3,PT1H,MC-Ternium,7148.56,5995.0
2025-08-28,4,PT1H,MC-Ternium,7174.89,5995.0
2025-08-28,5,PT1H,MC-Ternium,7196.62,5995.0
2025-08-28,6,PT1H,MC-Ternium,7299.04,5995.0
2025-08-28,7,PT1H,MC-Ternium,7114.04,5995.0
2025-08-28,8,PT1H,MC-Ternium,7191.59,5995.0
2025-08-28,9,PT1H,MC-Ternium,7283.48,5995.0
2025-08-28,10,PT1H,MC-Ternium,7286.42,5995.0
2025-08-28,11,PT1H,MC-Ternium,7250.51,5995.0
2025-08-28,12,PT1H,MC-Ternium,7334.16,5995.0
2025-08-28,13,PT1H,MC-Ternium,7116.07,5995.0
2025-08-28,14,PT1H,MC-Ternium,7387.81,5995.0
2025-08-28,15,PT1H,MC-Ternium,6703.59,5995.0
2025-08-28,16,PT1H,MC-Ternium,5730.0,5995.0
2025-08-28,17,PT1H,MC-Ternium,7191.36,5995.0
2025-08-28,18,PT1H,MC-Ternium,6907.72,5995.0
2025-08-28,19,PT1H,MC-Ternium,7003.21,5995.0
2025-08-28,20,PT1H,MC-Ternium,6852.13,5995.0
2025-08-28,21,PT1H,MC-Ternium,5029.84,5995.0
2025-08-28,22,PT1H,MC-Ternium,3348.75,5995.0
2025-08-28,23,PT1H,MC-Ternium,3879.26,5995.0
2025-08-28,24,PT1H,MC-Ternium,6755.04,5995.0
2025-08-29,1,PT1H,MC-Ternium,6972.33,5995.0
2025-08-29,2,PT1H,MC-Ternium,6882.19,5995.0
2025-08-29,3,PT1H,MC-Ternium,7057.34,5995.0
2025-08-29,4,PT1H,MC-Ternium,6657.1,5995.0
2025-08-29,5,PT1H,MC-Ternium,7058.9,5995.0
2025-08-29,6,PT1H,MC-Ternium,6895.7,5995.0
2025-08-29,7,PT1H,MC-Ternium,7041.8,5995.0
2025-08-29,8,PT1H,MC-Ternium,7115.73,5995.0
2025-08-29,9,PT1H,MC-Ternium,7166.71,5995.0
2025-08-29,10,PT1H,MC-Ternium,5721.7,5995.0
2025-08-29,11,PT1H,MC-Ternium,2297.27,5995.0
2025-08-29,12,PT1H,MC-Ternium,3454.57,5995.0
2025-08-29,13,PT1H,MC-Ternium,4251.06,5995.0
2025-08-29,14,PT1H,MC-Ternium,5562.39,5995.0
2025-08-29,15,PT1H,MC-Ternium,6506.11,5995.0
2025-08-29,16,PT1H,MC-Ternium,5950.11,5995.0
2025-08-29,17,PT1H,MC-Ternium,6483.52,5995.0
2025-08-29,18,PT1H,MC-Ternium,5406.75,5995.0
2025-08-29,19,PT1H,MC-Ternium,6657.94,5995.0
2025-08-29,20,PT1H,MC-Ternium,5415.78,5995.0
2025-08-29,21,PT1H,MC-Ternium,6522.89,5995.0
2025-08-29,22,PT1H,MC-Ternium,6514.58,5995.0
2025-08-29,23,PT1H,MC-Ternium,6621.97,5995.0
2025-08-29,24,PT1H,MC-Ternium,6754.1,5995.0
2025-08-30,1,PT1H,MC-Ternium,6327.94,6475.0
2025-08-30,2,PT1H,MC-Ternium,4360.12,6475.0
2025-08-30,3,PT1H,MC-Ternium,5782.22,6475.0
2025-08-30,4,PT1H,MC-Ternium,5904.23,6475.0
2025-08-30,5,PT1H,MC-Ternium,3388.02,6475.0
2025-08-30,6,PT1H,MC-Ternium,6049.44,6475.0
2025-08-30,7,PT1H,MC-Ternium,6642.36,6475.0
2025-08-30,8,PT1H,MC-Ternium,4606.78,6475.0
2025-08-30,9,PT1H,MC-Ternium,6645.49,6475.0
2025-08-30,10,PT1H,MC-Ternium,5781.73,6475.0
2025-08-30,11,PT1H,MC-Ternium,6824.13,6475.0
2025-08-30,12,PT1H,MC-Ternium,6733.81,6475.0
2025-08-30,13,PT1H,MC-Ternium,6777.6,6475.0
2025-08-30,14,PT1H,MC-Ternium,6770.02,6475.0
2025-08-30,15,PT1H,MC-Ternium,5806.89,6475.0
2025-08-30,16,PT1H,MC-Ternium,6773.47,6475.0
2025-08-30,17,PT1H,MC-Ternium,6775.53,6475.0
2025-08-30,18,PT1H,MC-Ternium,2598.79,6475.0
2025-08-30,19,PT1H,MC-Ternium,5277.29,6475.0
2025-08-30,20,PT1H,MC-Ternium,3240.22,6475.0
2025-08-30,21,PT1H,MC-Ternium,5576.07,6475.0
2025-08-30,22,PT1H,MC-Ternium,6603.08,6475.0
2025-08-30,23,PT1H,MC-Ternium,4484.07,6475.0
2025-08-30,24,PT1H,MC-Ternium,6393.98,6475.0
2025-08-31,1,PT1H,MC-Ternium,6197.48,6775.0
2025-08-31,2,PT1H,MC-Ternium,5277.36,6775.0
2025-08-31,3,PT1H,MC-Ternium,6582.49,6775.0
2025-08-31,4,PT1H,MC-Ternium,6261.05,6775.0
2025-08-31,5,PT1H,MC-Ternium,6865.31,6775.0
2025-08-31,6,PT1H,MC-Ternium,7203.72,6775.0
2025-08-31,7,PT1H,MC-Ternium,6762.32,6775.0
2025-08-31,8,PT1H,MC-Ternium,6273.96,6775.0
2025-08-31,9,PT1H,MC-Ternium,6246.95,6775.0
2025-08-31,10,PT1H,MC-Ternium,7260.3,6775.0
2025-08-31,11,PT1H,MC-Ternium,6861.55,6775.0
2025-08-31,12,PT1H,MC-Ternium,6956.02,6775.0
2025-08-31,13,PT1H,MC-Ternium,7106.15,6775.0
2025-08-31,14,PT1H,MC-Ternium,7088.81,6775.0
2025-08-31,15,PT1H,MC-Ternium,5772.09,6775.0
2025-08-31,16,PT1H,MC-Ternium,3289.44,6775.0
2025-08-31,17,PT1H,MC-Ternium,4846.27,6775.0
2025-08-31,18,PT1H,MC-Ternium,6691.44,6775.0
2025-08-31,19,PT1H,MC-Ternium,6184.78,6775.0
2025-08-31,20,PT1H,MC-Ternium,6634.39,6775.0
2025-08-31,21,PT1H,MC-Ternium,7022.67,6775.0
2025-08-31,22,PT1H,MC-Ternium,7287.33,6775.0
2025-08-31,23,PT1H,MC-Ternium,6958.84,6775.0
2025-08-31,24,PT1H,MC-Ternium,5867.66,6775.0
2025-09-01,1,PT1H,MC-Ternium,7477.77,6456.0
2025-09-01,2,PT1H,MC-Ternium,6445.03,6456.0
2025-09-01,3,PT1H,MC-Ternium,7382.07,6456.0
2025-09-01,4,PT1H,MC-Ternium,6829.59,6456.0
2025-09-01,5,PT1H,MC-Ternium,7471.05,6456.0
2025-09-01,6,PT1H,MC-Ternium,7560.29,6456.0
2025-09-01,7,PT1H,MC-Ternium,7001.88,6456.0
2025-09-01,8,PT1H,MC-Ternium,6867.61,6456.0
2025-09-01,9,PT1H,MC-Ternium,7475.91,6456.0
2025-09-01,10,PT1H,MC-Ternium,7141.05,6456.0
2025-09-01,11,PT1H,MC-Ternium,7246.47,6456.0
2025-09-01,12,PT1H,MC-Ternium,7631.52,6456.0
2025-09-01,13,PT1H,MC-Ternium,7538.51,6456.0
2025-09-01,14,PT1H,MC-Ternium,6823.47,6456.0
2025-09-01,15,PT1H,MC-Ternium,7137.57,6456.0
2025-09-01,16,PT1H,MC-Ternium,3009.0,6456.0
2025-09-01,17,PT1H,MC-Ternium,3089.14,6456.0
2025-09-01,18,PT1H,MC-Ternium,3953.46,6456.0
2025-09-01,19,PT1H,MC-Ternium,6774.33,6456.0
2025-09-01,20,PT1H,MC-Ternium,6640.12,6456.0
2025-09-01,21,PT1H,MC-Ternium,6116.69,6456.0
2025-09-01,22,PT1H,MC-Ternium,7197.87,6456.0
2025-09-01,23,PT1H,MC-Ternium,5503.41,6456.0
2025-09-01,24,PT1H,MC-Ternium,6853.27,6456.0
2025-09-02,1,PT1H,MC-Ternium,7063.64,6125.0
2025-09-02,2,PT1H,MC-Ternium,6863.9,6125.0
2025-09-02,3,PT1H,MC-Ternium,7116.73,6125.0
2025-09-02,4,PT1H,MC-Ternium,7237.86,6125.0
2025-09-02,5,PT1H,MC-Ternium,2954.92,6125.0
2025-09-02,6,PT1H,MC-Ternium,6339.86,6125.0
2025-09-02,7,PT1H,MC-Ternium,6827.84,6125.0
2025-09-02,8,PT1H,MC-Ternium,2187.31,6125.0
2025-09-02,9,PT1H,MC-Ternium,1579.16,6125.0
2025-09-02,10,PT1H,MC-Ternium,1613.74,6125.0
2025-09-02,11,PT1H,MC-Ternium,1578.07,6125.0
2025-09-02,12,PT1H,MC-Ternium,1486.86,6125.0
2025-09-02,13,PT1H,MC-Ternium,990.61,6125.0
2025-09-02,14,PT1H,MC-Ternium,1262.43,6125.0
2025-09-02,15,PT1H,MC-Ternium,1613.77,6125.0
2025-09-02,16,PT1H,MC-Ternium,1614.78,6125.0
2025-09-02,17,PT1H,MC-Ternium,1634.04,6125.0
2025-09-02,18,PT1H,MC-Ternium,1726.97,6125.0
2025-09-02,19,PT1H,MC-Ternium,1706.73,6125.0
2025-09-02,20,PT1H,MC-Ternium,2970.08,6125.0
2025-09-02,21,PT1H,MC-Ternium,3665.16,6125.0
2025-09-02,22,PT1H,MC-Ternium,4689.05,6125.0
2025-09-02,23,PT1H,MC-Ternium,5529.6,6125.0
2025-09-02,24,PT1H,MC-Ternium,6456.48,6125.0
2025-09-03,1,PT1H,MC-Ternium,5707.99,6455.0
2025-09-03,2,PT1H,MC-Ternium,3648.89,6455.0
2025-09-03,3,PT1H,MC-Ternium,6293.8,6455.0
2025-09-03,4,PT1H,MC-Ternium,6529.68,6455.0
2025-09-03,5,PT1H,MC-Ternium,4546.65,6455.0
2025-09-03,6,PT1H,MC-Ternium,2208.39,6455.0
2025-09-03,7,PT1H,MC-Ternium,4492.64,6455.0
2025-09-03,8,PT1H,MC-Ternium,4456.9,6455.0
2025-09-03,9,PT1H,MC-Ternium,6001.84,6455.0
2025-09-03,10,PT1H,MC-Ternium,6083.97,6455.0
2025-09-03,11,PT1H,MC-Ternium,6061.59,6455.0
2025-09-03,12,PT1H,MC-Ternium,6047.16,6455.0
2025-09-03,13,PT1H,MC-Ternium,5263.78,6455.0
2025-09-03,14,PT1H,MC-Ternium,3815.29,6455.0
2025-09-03,15,PT1H,MC-Ternium,5462.75,6455.0
2025-09-03,16,PT1H,MC-Ternium,5917.23,6455.0
2025-09-03,17,PT1H,MC-Ternium,6430.81,6455.0
2025-09-03,18,PT1H,MC-Ternium,6053.03,6455.0
2025-09-03,19,PT1H,MC-Ternium,5893.72,6455.0
2025-09-03,20,PT1H,MC-Ternium,5768.59,6455.0
2025-09-03,21,PT1H,MC-Ternium,3718.92,6455.0
2025-09-03,22,PT1H,MC-Ternium,4289.2,6455.0
2025-09-03,23,PT1H,MC-Ternium,4242.11,6455.0
2025-09-03,24,PT1H,MC-Ternium,3872.2,6455.0
2025-09-04,1,PT1H,MC-Ternium,5859.06,6675.0
2025-09-04,2,PT1H,MC-Ternium,6844.09,6675.0
2025-09-04,3,PT1H,MC-Ternium,6110.81,6675.0
2025-09-04,4,PT1H,MC-Ternium,7047.15,6675.0
2025-09-04,5,PT1H,MC-Ternium,5461.2,6675.0
2025-09-04,6,PT1H,MC-Ternium,6306.4,6675.0
2025-09-04,7,PT1H,MC-Ternium,6620.31,6675.0
2025-09-04,8,PT1H,MC-Ternium,3451.79,6675.0
2025-09-04,9,PT1H,MC-Ternium,3169.93,6675.0
2025-09-04,10,PT1H,MC-Ternium,5036.5,6675.0
2025-09-04,11,PT1H,MC-Ternium,1966.66,6675.0
2025-09-04,12,PT1H,MC-Ternium,3335.4,6675.0
2025-09-04,13,PT1H,MC-Ternium,4144.47,6675.0
2025-09-04,14,PT1H,MC-Ternium,5325.48,6675.0
2025-09-04,15,PT1H,MC-Ternium,4245.63,6675.0
2025-09-04,16,PT1H,MC-Ternium,4796.39,6675.0
2025-09-04,17,PT1H,MC-Ternium,5734.82,6675.0
2025-09-04,18,PT1H,MC-Ternium,3496.11,6675.0
2025-09-04,19,PT1H,MC-Ternium,3805.64,6675.0
2025-09-04,20,PT1H,MC-Ternium,5047.76,6675.0
2025-09-04,21,PT1H,MC-Ternium,4415.19,6675.0
2025-09-04,22,PT1H,MC-Ternium,4614.03,6675.0
2025-09-04,23,PT1H,MC-Ternium,4781.01,6675.0
2025-09-04,24,PT1H,MC-Ternium,4422.57,6675.0
2025-09-05,1,PT1H,MC-Ternium,4599.27,6225.0
2025-09-05,2,PT1H,MC-Ternium,5959.66,6225.0
2025-09-05,3,PT1H,MC-Ternium,4859.79,6225.0
2025-09-05,4,PT1H,MC-Ternium,6429.45,6225.0
2025-09-05,5,PT1H,MC-Ternium,6049.18,6225.0
2025-09-05,6,PT1H,MC-Ternium,6503.79,6225.0
2025-09-05,7,PT1H,MC-Ternium,5119.85,6225.0
2025-09-05,8,PT1H,MC-Ternium,5387.53,6225.0
2025-09-05,9,PT1H,MC-Ternium,4645.07,6225.0
2025-09-05,10,PT1H,MC-Ternium,5672.8,6225.0
2025-09-05,11,PT1H,MC-Ternium,5576.4,6225.0
2025-09-05,12,PT1H,MC-Ternium,5818.49,6225.0
2025-09-05,13,PT1H,MC-Ternium,5962.37,6225.0
2025-09-05,14,PT1H,MC-Ternium,3842.61,6225.0
2025-09-05,15,PT1H,MC-Ternium,1682.76,6225.0
2025-09-05,16,PT1H,MC-Ternium,1628.37,6225.0
2025-09-05,17,PT1H,MC-Ternium,1670.61,6225.0
2025-09-05,18,PT1H,MC-Ternium,2492.99,6225.0
2025-09-05,19,PT1H,MC-Ternium,3087.08,6225.0
2025-09-05,20,PT1H,MC-Ternium,3971.81,6225.0
2025-09-05,21,PT1H,MC-Ternium,3026.11,6225.0
2025-09-05,22,PT1H,MC-Ternium,4308.48,6225.0
2025-09-05,23,PT1H,MC-Ternium,4894.59,6225.0
2025-09-05,24,PT1H,MC-Ternium,4300.49,6225.0
2025-09-06,1,PT1H,MC-Ternium,4123.66,5875.0
2025-09-06,2,PT1H,MC-Ternium,3215.17,5875.0
2025-09-06,3,PT1H,MC-Ternium,3567.36,5875.0
2025-09-06,4,PT1H,MC-Ternium,2927.55,5875.0
2025-09-06,5,PT1H,MC-Ternium,3787.4,5875.0
2025-09-06,6,PT1H,MC-Ternium,4687.44,5875.0
2025-09-06,7,PT1H,MC-Ternium,2947.28,5875.0
2025-09-06,8,PT1H,MC-Ternium,3255.14,5875.0
2025-09-06,9,PT1H,MC-Ternium,3160.64,5875.0
2025-09-06,10,PT1H,MC-Ternium,3288.49,5875.0
2025-09-06,11,PT1H,MC-Ternium,3283.78,5875.0
2025-09-06,12,PT1H,MC-Ternium,3667.29,5875.0
2025-09-06,13,PT1H,MC-Ternium,2674.71,5875.0
2025-09-06,14,PT1H,MC-Ternium,5216.9,5875.0
2025-09-06,15,PT1H,MC-Ternium,4804.4,5875.0
2025-09-06,16,PT1H,MC-Ternium,5322.7,5875.0
2025-09-06,17,PT1H,MC-Ternium,4169.66,5875.0
2025-09-06,18,PT1H,MC-Ternium,4174.38,5875.0
2025-09-06,19,PT1H,MC-Ternium,4024.89,5875.0
2025-09-06,20,PT1H,MC-Ternium,3658.85,5875.0
2025-09-06,21,PT1H,MC-Ternium,3350.67,5875.0
2025-09-06,22,PT1H,MC-Ternium,4210.16,5875.0
2025-09-06,23,PT1H,MC-Ternium,4565.62,5875.0
2025-09-06,24,PT1H,MC-Ternium,4200.7,5875.0
2025-09-07,1,PT1H,MC-Ternium,4195.65,5875.0
2025-09-07,2,PT1H,MC-Ternium,5012.27,5875.0
2025-09-07,3,PT1H,MC-Ternium,3856.61,5875.0
2025-09-07,4,PT1H,MC-Ternium,4296.8,5875.0
2025-09-07,5,PT1H,MC-Ternium,3461.1,5875.0
2025-09-07,6,PT1H,MC-Ternium,4853.52,5875.0
2025-09-07,7,PT1H,MC-Ternium,4449.36,5875.0
2025-09-07,8,PT1H,MC-Ternium,4328.78,5875.0
2025-09-07,9,PT1H,MC-Ternium,5391.18,5875.0
2025-09-07,10,PT1H,MC-Ternium,5503.76,5875.0
2025-09-07,11,PT1H,MC-Ternium,3590.2,5875.0
2025-09-07,12,PT1H,MC-Ternium,4374.53,5875.0
2025-09-07,13,PT1H,MC-Ternium,2853.91,5875.0
2025-09-07,14,PT1H,MC-Ternium,3313.96,5875.0
2025-09-07,15,PT1H,MC-Ternium,3444.24,5875.0
2025-09-07,16,PT1H,MC-Ternium,3288.41,5875.0
2025-09-07,17,PT1H,MC-Ternium,3458.27,5875.0
2025-09-07,18,PT1H,MC-Ternium,5183.77,5875.0
2025-09-07,19,PT1H,MC-Ternium,4010.8,5875.0
2025-09-07,20,PT1H,MC-Ternium,3863.11,5875.0
2025-09-07,21,PT1H,MC-Ternium,3755.69,5875.0
2025-09-07,22,PT1H,MC-Ternium,5214.26,5875.0
2025-09-07,23,PT1H,MC-Ternium,5313.19,5875.0
2025-09-07,24,PT1H,MC-Ternium,4880.2,5875.0
2025-09-08,1,PT1H,MC-Ternium,3820.56,5775.0
2025-09-08,2,PT1H,MC-Ternium,4857.59,5775.0
2025-09-08,3,PT1H,MC-Ternium,3453.41,5775.0
2025-09-08,4,PT1H,MC-Ternium,3052.71,5775.0
2025-09-08,5,PT1H,MC-Ternium,4015.34,5775.0
2025-09-08,6,PT1H,MC-Ternium,4273.11,5775.0
2025-09-08,7,PT1H,MC-Ternium,6454.67,5775.0
2025-09-08,8,PT1H,MC-Ternium,3829.27,5775.0
2025-09-08,9,PT1H,MC-Ternium,5609.38,5775.0
2025-09-08,10,PT1H,MC-Ternium,4681.2,5775.0
2025-09-08,11,PT1H,MC-Ternium,4068.44,5775.0
2025-09-08,12,PT1H,MC-Ternium,5598.81,5775.0
2025-09-08,13,PT1H,MC-Ternium,5057.97,5775.0
2025-09-08,14,PT1H,MC-Ternium,3218.98,5775.0
2025-09-08,15,PT1H,MC-Ternium,3433.42,5775.0
2025-09-08,16,PT1H,MC-Ternium,3525.15,5775.0
2025-09-08,17,PT1H,MC-Ternium,5301.41,5775.0
2025-09-08,18,PT1H,MC-Ternium,5214.83,5775.0
2025-09-08,19,PT1H,MC-Ternium,4381.46,5775.0
2025-09-08,20,PT1H,MC-Ternium,2943.85,5775.0
2025-09-08,21,PT1H,MC-Ternium,5319.13,5775.0
2025-09-08,22,PT1H,MC-Ternium,4509.76,5775.0
2025-09-08,23,PT1H,MC-Ternium,2606.46,5775.0
2025-09-08,24,PT1H,MC-Ternium,3267.3,5775.0
2025-09-09,1,PT1H,MC-Ternium,5324.18,5125.0
2025-09-09,2,PT1H,MC-Ternium,3806.35,5125.0
2025-09-09,3,PT1H,MC-Ternium,5062.74,5125.0
2025-09-09,4,PT1H,MC-Ternium,3770.62,5125.0
2025-09-09,5,PT1H,MC-Ternium,3449.01,5125.0
2025-09-09,6,PT1H,MC-Ternium,5999.0,5125.0
2025-09-09,7,PT1H,MC-Ternium,5783.57,5125.0
2025-09-09,8,PT1H,MC-Ternium,5243.61,5125.0
2025-09-09,9,PT1H,MC-Ternium,5188.28,5125.0
2025-09-09,10,PT1H,MC-Ternium,4332.8,5125.0
2025-09-09,11,PT1H,MC-Ternium,4865.59,5125.0
2025-09-09,12,PT1H,MC-Ternium,3246.61,5125.0
2025-09-09,13,PT1H,MC-Ternium,5721.34,5125.0
2025-09-09,14,PT1H,MC-Ternium,4885.99,5125.0
2025-09-09,15,PT1H,MC-Ternium,4471.72,5125.0
2025-09-09,16,PT1H,MC-Ternium,4261.49,5125.0
2025-09-09,17,PT1H,MC-Ternium,3495.46,5125.0
2025-09-09,18,PT1H,MC-Ternium,4716.45,5125.0
2025-09-09,19,PT1H,MC-Ternium,5285.1,5125.0
2025-09-09,20,PT1H,MC-Ternium,5051.04,5125.0
2025-09-09,21,PT1H,MC-Ternium,5033.1,5125.0
2025-09-09,22,PT1H,MC-Ternium,5725.83,5125.0
2025-09-09,23,PT1H,MC-Ternium,3938.15,5125.0
2025-09-09,24,PT1H,MC-Ternium,3667.59,5125.0
2025-09-10,1,PT1H,MC-Ternium,3896.49,5575.0
2025-09-10,2,PT1H,MC-Ternium,2879.55,5575.0
2025-09-10,3,PT1H,MC-Ternium,3651.84,5575.0
2025-09-10,4,PT1H,MC-Ternium,4067.24,5575.0
2025-09-10,5,PT1H,MC-Ternium,5460.53,5575.0
2025-09-10,6,PT1H,MC-Ternium,5014.07,5575.0
2025-09-10,7,PT1H,MC-Ternium,2495.38,5575.0
2025-09-10,8,PT1H,MC-Ternium,1620.09,5575.0
2025-09-10,9,PT1H,MC-Ternium,1573.04,5575.0
2025-09-10,10,PT1H,MC-Ternium,1599.28,5575.0
2025-09-10,11,PT1H,MC-Ternium,1610.43,5575.0
2025-09-10,12,PT1H,MC-Ternium,2201.87,5575.0
2025-09-10,13,PT1H,MC-Ternium,3497.55,5575.0
2025-09-10,14,PT1H,MC-Ternium,4428.38,5575.0
2025-09-10,15,PT1H,MC-Ternium,6258.55,5575.0
2025-09-10,16,PT1H,MC-Ternium,6125.07,5575.0
2025-09-10,17,PT1H,MC-Ternium,4694.01,5575.0
2025-09-10,18,PT1H,MC-Ternium,6802.01,5575.0
2025-09-10,19,PT1H,MC-Ternium,6095.0,5575.0
2025-09-10,20,PT1H,MC-Ternium,5923.82,5575.0
2025-09-10,21,PT1H,MC-Ternium,7556.34,5575.0
2025-09-10,22,PT1H,MC-Ternium,4593.89,5575.0
2025-09-10,23,PT1H,MC-Ternium,4828.37,5575.0
2025-09-10,24,PT1H,MC-Ternium,7172.32,5575.0
2025-09-11,1,PT1H,MC-Ternium,7240.03,4945.0
2025-09-11,2,PT1H,MC-Ternium,7089.16,4945.0
2025-09-11,3,PT1H,MC-Ternium,7691.22,4945.0
2025-09-11,4,PT1H,MC-Ternium,6127.94,4945.0
2025-09-11,5,PT1H,MC-Ternium,5994.94,4945.0
2025-09-11,6,PT1H,MC-Ternium,7283.78,4945.0
2025-09-11,7,PT1H,MC-Ternium,7551.22,4945.0
2025-09-11,8,PT1H,MC-Ternium,7703.01,4945.0
2025-09-11,9,PT1H,MC-Ternium,7130.79,4945.0
2025-09-11,10,PT1H,MC-Ternium,7820.14,4945.0
2025-09-11,11,PT1H,MC-Ternium,7480.18,4945.0
2025-09-11,12,PT1H,MC-Ternium,7514.73,4945.0
2025-09-11,13,PT1H,MC-Ternium,6938.36,4945.0
2025-09-11,14,PT1H,MC-Ternium,2887.01,4945.0
2025-09-11,15,PT1H,MC-Ternium,5671.82,4945.0
2025-09-11,16,PT1H,MC-Ternium,6751.29,4945.0
2025-09-11,17,PT1H,MC-Ternium,7113.02,4945.0
2025-09-11,18,PT1H,MC-Ternium,7020.75,4945.0
2025-09-11,19,PT1H,MC-Ternium,7063.68,4945.0
2025-09-11,20,PT1H,MC-Ternium,7182.12,4945.0
2025-09-11,21,PT1H,MC-Ternium,6125.66,4945.0
2025-09-11,22,PT1H,MC-Ternium,7516.65,4945.0
2025-09-11,23,PT1H,MC-Ternium,4307.9,4945.0
2025-09-11,24,PT1H,MC-Ternium,5185.23,4945.0
2025-09-12,1,PT1H,MC-Ternium,6608.41,4875.0
2025-09-12,2,PT1H,MC-Ternium,7251.04,4875.0
2025-09-12,3,PT1H,MC-Ternium,6082.4,4875.0
2025-09-12,4,PT1H,MC-Ternium,6631.26,4875.0
2025-09-12,5,PT1H,MC-Ternium,7100.66,4875.0
2025-09-12,6,PT1H,MC-Ternium,2528.9,4875.0
2025-09-12,7,PT1H,MC-Ternium,3443.51,4875.0
2025-09-12,8,PT1H,MC-Ternium,4586.91,4875.0
2025-09-12,9,PT1H,MC-Ternium,6249.76,4875.0
2025-09-12,10,PT1H,MC-Ternium,4278.13,4875.0
2025-09-12,11,PT1H,MC-Ternium,3919.42,4875.0
2025-09-12,12,PT1H,MC-Ternium,4996.58,4875.0
2025-09-12,13,PT1H,MC-Ternium,4960.02,4875.0
2025-09-12,14,PT1H,MC-Ternium,4742.52,4875.0
2025-09-12,15,PT1H,MC-Ternium,5704.41,4875.0
2025-09-12,16,PT1H,MC-Ternium,5326.34,4875.0
2025-09-12,17,PT1H,MC-Ternium,6090.53,4875.0
2025-09-12,18,PT1H,MC-Ternium,5231.46,4875.0
2025-09-12,19,PT1H,MC-Ternium,5046.71,4875.0
2025-09-12,20,PT1H,MC-Ternium,5713.22,4875.0
2025-09-12,21,PT1H,MC-Ternium,4971.64,4875.0
2025-09-12,22,PT1H,MC-Ternium,4463.21,4875.0
2025-09-12,23,PT1H,MC-Ternium,5099.01,4875.0
2025-09-12,24,PT1H,MC-Ternium,6318.09,4875.0
2025-09-13,1,PT1H,MC-Ternium,6202.36,5375.0
2025-09-13,2,PT1H,MC-Ternium,4516.13,5375.0
2025-09-13,3,PT1H,MC-Ternium,6016.18,5375.0
2025-09-13,4,PT1H,MC-Ternium,5953.41,5375.0
2025-09-13,5,PT1H,MC-Ternium,5651.11,5375.0
2025-09-13,6,PT1H,MC-Ternium,5430.64,5375.0
2025-09-13,7,PT1H,MC-Ternium,3748.8,5375.0
2025-09-13,8,PT1H,MC-Ternium,5544.92,5375.0
2025-09-13,9,PT1H,MC-Ternium,5339.64,5375.0
2025-09-13,10,PT1H,MC-Ternium,5618.95,5375.0
2025-09-13,11,PT1H,MC-Ternium,4268.69,5375.0
2025-09-13,12,PT1H,MC-Ternium,4381.56,5375.0
2025-09-13,13,PT1H,MC-Ternium,3887.72,5375.0
2025-09-13,14,PT1H,MC-Ternium,4337.07,5375.0
2025-09-13,15,PT1H,MC-Ternium,3792.25,5375.0
2025-09-13,16,PT1H,MC-Ternium,5126.82,5375.0
2025-09-13,17,PT1H,MC-Ternium,4746.98,5375.0
2025-09-13,18,PT1H,MC-Ternium,6146.99,5375.0
2025-09-13,19,PT1H,MC-Ternium,6716.9,5375.0
2025-09-13,20,PT1H,MC-Ternium,7398.54,5375.0
2025-09-13,21,PT1H,MC-Ternium,6179.61,5375.0
2025-09-13,22,PT1H,MC-Ternium,7630.23,5375.0
2025-09-13,23,PT1H,MC-Ternium,5960.16,5375.0
2025-09-13,24,PT1H,MC-Ternium,7042.65,5375.0
2025-09-14,1,PT1H,MC-Ternium,4641.1,6665.0
2025-09-14,2,PT1H,MC-Ternium,7300.88,6665.0
2025-09-14,3,PT1H,MC-Ternium,7570.96,6665.0
2025-09-14,4,PT1H,MC-Ternium,7591.25,6665.0
2025-09-14,5,PT1H,MC-Ternium,7313.78,6665.0
2025-09-14,6,PT1H,MC-Ternium,6216.33,6665.0
2025-09-14,7,PT1H,MC-Ternium,7055.38,6665.0
2025-09-14,8,PT1H,MC-Ternium,7163.18,6665.0
2025-09-14,9,PT1H,MC-Ternium,5659.36,6665.0
2025-09-14,10,PT1H,MC-Ternium,5978.86,6665.0
2025-09-14,11,PT1H,MC-Ternium,5545.42,6665.0
2025-09-14,12,PT1H,MC-Ternium,6264.35,6665.0
2025-09-14,13,PT1H,MC-Ternium,5553.88,6665.0
2025-09-14,14,PT1H,MC-Ternium,5763.17,6665.0
2025-09-14,15,PT1H,MC-Ternium,5012.7,6665.0
2025-09-14,16,PT1H,MC-Ternium,5862.18,6665.0
2025-09-14,17,PT1H,MC-Ternium,6289.33,6665.0
2025-09-14,18,PT1H,MC-Ternium,5461.6,6665.0
2025-09-14,19,PT1H,MC-Ternium,6589.39,6665.0
2025-09-14,20,PT1H,MC-Ternium,6702.92,6665.0
2025-09-14,21,PT1H,MC-Ternium,6981.57,6665.0
2025-09-14,22,PT1H,MC-Ternium,7177.83,6665.0
2025-09-14,23,PT1H,MC-Ternium,7291.24,6665.0
2025-09-14,24,PT1H,MC-Ternium,3681.48,6665.0
2025-09-15,1,PT1H,MC-Ternium,5656.34,6125.0
2025-09-15,2,PT1H,MC-Ternium,6005.8,6125.0
2025-09-15,3,PT1H,MC-Ternium,6129.95,6125.0
2025-09-15,4,PT1H,MC-Ternium,6056.26,6125.0
2025-09-15,5,PT1H,MC-Ternium,5704.26,6125.0
2025-09-15,6,PT1H,MC-Ternium,7049.64,6125.0
2025-09-15,7,PT1H,MC-Ternium,6795.12,6125.0
2025-09-15,8,PT1H,MC-Ternium,6206.11,6125.0
2025-09-15,9,PT1H,MC-Ternium,6338.89,6125.0
2025-09-15,10,PT1H,MC-Ternium,6233.31,6125.0
2025-09-15,11,PT1H,MC-Ternium,6691.88,6125.0
2025-09-15,12,PT1H,MC-Ternium,4949.57,6125.0
2025-09-15,13,PT1H,MC-Ternium,4099.01,6125.0
2025-09-15,14,PT1H,MC-Ternium,6837.44,6125.0
2025-09-15,15,PT1H,MC-Ternium,4376.55,6125.0
2025-09-15,16,PT1H,MC-Ternium,6563.4,6125.0
2025-09-15,17,PT1H,MC-Ternium,6151.69,6125.0
2025-09-15,18,PT1H,MC-Ternium,5287.82,6125.0
2025-09-15,19,PT1H,MC-Ternium,5209.61,6125.0
2025-09-15,20,PT1H,MC-Ternium,6594.04,6125.0
2025-09-15,21,PT1H,MC-Ternium,6749.53,6125.0
2025-09-15,22,PT1H,MC-Ternium,7044.04,6125.0
2025-09-15,23,PT1H,MC-Ternium,6545.29,6125.0
2025-09-15,24,PT1H,MC-Ternium,3878.18,6125.0
2025-09-16,1,PT1H,MC-Ternium,6471.27,6125.0
2025-09-16,2,PT1H,MC-Ternium,6884.71,6125.0
2025-09-16,3,PT1H,MC-Ternium,6426.02,6125.0
2025-09-16,4,PT1H,MC-Ternium,6511.64,6125.0
2025-09-16,5,PT1H,MC-Ternium,7058.85,6125.0
2025-09-16,6,PT1H,MC-Ternium,6808.34,6125.0
2025-09-16,7,PT1H,MC-Ternium,5802.46,6125.0
2025-09-16,8,PT1H,MC-Ternium,6189.19,6125.0
2025-09-16,9,PT1H,MC-Ternium,6978.84,6125.0
2025-09-16,10,PT1H,MC-Ternium,6033.19,6125.0
2025-09-16,11,PT1H,MC-Ternium,4971.73,6125.0
2025-09-16,12,PT1H,MC-Ternium,5952.27,6125.0
2025-09-16,13,PT1H,MC-Ternium,3882.84,6125.0
2025-09-16,14,PT1H,MC-Ternium,4075.44,6125.0
2025-09-16,15,PT1H,MC-Ternium,6465.97,6125.0
2025-09-16,16,PT1H,MC-Ternium,6921.27,6125.0
2025-09-16,17,PT1H,MC-Ternium,6494.61,6125.0
2025-09-16,18,PT1H,MC-Ternium,6517.83,6125.0
2025-09-16,19,PT1H,MC-Ternium,5521.88,6125.0
2025-09-16,20,PT1H,MC-Ternium,4241.14,6125.0
2025-09-16,21,PT1H,MC-Ternium,5226.17,6125.0
2025-09-16,22,PT1H,MC-Ternium,5423.5,6125.0
2025-09-16,23,PT1H,MC-Ternium,6541.13,6125.0
2025-09-16,24,PT1H,MC-Ternium,6613.58,6125.0
2025-09-17,1,PT1H,MC-Ternium,6592.12,6275.0
2025-09-17,2,PT1H,MC-Ternium,5374.89,6275.0
2025-09-17,3,PT1H,MC-Ternium,4843.29,6275.0
2025-09-17,4,PT1H,MC-Ternium,6540.84,6275.0
2025-09-17,5,PT1H,MC-Ternium,6319.98,6275.0
2025-09-17,6,PT1H,MC-Ternium,6537.42,6275.0
2025-09-17,7,PT1H,MC-Ternium,6808.11,6275.0
2025-09-17,8,PT1H,MC-Ternium,5328.97,6275.0
2025-09-17,9,PT1H,MC-Ternium,5880.38,6275.0
2025-09-17,10,PT1H,MC-Ternium,5984.51,6275.0
2025-09-17,11,PT1H,MC-Ternium,5972.12,6275.0
2025-09-17,12,PT1H,MC-Ternium,6939.55,6275.0
2025-09-17,13,PT1H,MC-Ternium,7053.68,6275.0
2025-09-17,14,PT1H,MC-Ternium,5394.16,6275.0
2025-09-17,15,PT1H,MC-Ternium,4075.68,6275.0
2025-09-17,16,PT1H,MC-Ternium,4554.18,6275.0
2025-09-17,17,PT1H,MC-Ternium,6695.19,6275.0
2025-09-17,18,PT1H,MC-Ternium,5888.87,6275.0
2025-09-17,19,PT1H,MC-Ternium,6904.52,6275.0
2025-09-17,20,PT1H,MC-Ternium,6189.61,6275.0
2025-09-17,21,PT1H,MC-Ternium,6775.02,6275.0
2025-09-17,22,PT1H,MC-Ternium,5746.45,6275.0
2025-09-17,23,PT1H,MC-Ternium,5436.07,6275.0
2025-09-17,24,PT1H,MC-Ternium,6039.09,6275.0
2025-09-18,1,PT1H,MC-Ternium,5036.47,7456.0
2025-09-18,2,PT1H,MC-Ternium,6665.75,7456.0
2025-09-18,3,PT1H,MC-Ternium,6574.73,7456.0
2025-09-18,4,PT1H,MC-Ternium,4395.8,7456.0
2025-09-18,5,PT1H,MC-Ternium,4039.49,7456.0
2025-09-18,6,PT1H,MC-Ternium,5590.44,7456.0
2025-09-18,7,PT1H,MC-Ternium,5643.69,7456.0
2025-09-18,8,PT1H,MC-Ternium,5163.2,7456.0
2025-09-18,9,PT1H,MC-Ternium,6414.85,7456.0
2025-09-18,10,PT1H,MC-Ternium,6551.99,7456.0
2025-09-18,11,PT1H,MC-Ternium,6821.78,7456.0
2025-09-18,12,PT1H,MC-Ternium,4076.05,7456.0
2025-09-18,13,PT1H,MC-Ternium,5691.64,7456.0
2025-09-18,14,PT1H,MC-Ternium,5065.8,7456.0
2025-09-18,15,PT1H,MC-Ternium,5383.35,7456.0
2025-09-18,16,PT1H,MC-Ternium,6264.79,7456.0
2025-09-18,17,PT1H,MC-Ternium,6526.8,7456.0
2025-09-18,18,PT1H,MC-Ternium,6169.97,7456.0
2025-09-18,19,PT1H,MC-Ternium,6303.93,7456.0
2025-09-18,20,PT1H,MC-Ternium,5590.73,7456.0
2025-09-18,21,PT1H,MC-Ternium,6626.74,7456.0
2025-09-18,22,PT1H,MC-Ternium,6167.06,7456.0
2025-09-18,23,PT1H,MC-Ternium,6675.17,7456.0
2025-09-18,24,PT1H,MC-Ternium,3982.4,7456.0
2025-09-19,1,PT1H,MC-Ternium,2174.18,6125.0
2025-09-19,2,PT1H,MC-Ternium,3623.26,6125.0
2025-09-19,3,PT1H,MC-Ternium,6742.8,6125.0
2025-09-19,4,PT1H,MC-Ternium,6487.98,6125.0
2025-09-19,5,PT1H,MC-Ternium,6107.18,6125.0
2025-09-19,6,PT1H,MC-Ternium,5981.78,6125.0
2025-09-19,7,PT1H,MC-Ternium,6125.06,6125.0
2025-09-19,8,PT1H,MC-Ternium,6469.44,6125.0
2025-09-19,9,PT1H,MC-Ternium,5274.13,6125.0
2025-09-19,10,PT1H,MC-Ternium,5963.61,6125.0
2025-09-19,11,PT1H,MC-Ternium,6042.14,6125.0
2025-09-19,12,PT1H,MC-Ternium,4697.06,6125.0
2025-09-19,13,PT1H,MC-Ternium,5742.06,6125.0
2025-09-19,14,PT1H,MC-Ternium,5513.12,6125.0
2025-09-19,15,PT1H,MC-Ternium,6402.04,6125.0
2025-09-19,16,PT1H,MC-Ternium,5185.53,6125.0
2025-09-19,17,PT1H,MC-Ternium,6227.19,6125.0
2025-09-19,18,PT1H,MC-Ternium,6794.23,6125.0
2025-09-19,19,PT1H,MC-Ternium,5914.01,6125.0
2025-09-19,20,PT1H,MC-Ternium,4818.69,6125.0
2025-09-19,21,PT1H,MC-Ternium,6098.15,6125.0
2025-09-19,22,PT1H,MC-Ternium,6063.49,6125.0
2025-09-19,23,PT1H,MC-Ternium,6579.73,6125.0
2025-09-19,24,PT1H,MC-Ternium,6786.26,6125.0
2025-09-20,1,PT1H,MC-Ternium,5801.2,5998.0
2025-09-20,2,PT1H,MC-Ternium,4465.98,5998.0
2025-09-20,3,PT1H,MC-Ternium,5969.1,5998.0
2025-09-20,4,PT1H,MC-Ternium,5347.97,5998.0
2025-09-20,5,PT1H,MC-Ternium,3231.64,5998.0
2025-09-20,6,PT1H,MC-Ternium,6847.34,5998.0
2025-09-20,7,PT1H,MC-Ternium,3289.72,5998.0
2025-09-20,8,PT1H,MC-Ternium,5698.38,5998.0
2025-09-20,9,PT1H,MC-Ternium,6651.6,5998.0
2025-09-20,10,PT1H,MC-Ternium,4995.63,5998.0
2025-09-20,11,PT1H,MC-Ternium,6327.32,5998.0
2025-09-20,12,PT1H,MC-Ternium,6286.1,5998.0
2025-09-20,13,PT1H,MC-Ternium,5723.96,5998.0
2025-09-20,14,PT1H,MC-Ternium,5086.34,5998.0
2025-09-20,15,PT1H,MC-Ternium,5300.95,5998.0
2025-09-20,16,PT1H,MC-Ternium,5051.49,5998.0
2025-09-20,17,PT1H,MC-Ternium,5850.74,5998.0
2025-09-20,18,PT1H,MC-Ternium,3835.55,5998.0
2025-09-20,19,PT1H,MC-Ternium,2126.77,5998.0
2025-09-20,20,PT1H,MC-Ternium,3033.67,5998.0
2025-09-20,21,PT1H,MC-Ternium,4110.39,5998.0
2025-09-20,22,PT1H,MC-Ternium,7091.22,5998.0
2025-09-20,23,PT1H,MC-Ternium,6766.22,5998.0
2025-09-20,24,PT1H,MC-Ternium,5062.75,5998.0
2025-09-21,1,PT1H,MC-Ternium,5659.7,5875.0
2025-09-21,2,PT1H,MC-Ternium,6726.97,5875.0
2025-09-21,3,PT1H,MC-Ternium,5694.19,5875.0
2025-09-21,4,PT1H,MC-Ternium,7420.47,5875.0
2025-09-21,5,PT1H,MC-Ternium,6693.39,5875.0
2025-09-21,6,PT1H,MC-Ternium,7212.24,5875.0
2025-09-21,7,PT1H,MC-Ternium,4962.82,5875.0
2025-09-21,8,PT1H,MC-Ternium,5522.19,5875.0
2025-09-21,9,PT1H,MC-Ternium,3534.66,5875.0
2025-09-21,10,PT1H,MC-Ternium,5797.48,5875.0
2025-09-21,11,PT1H,MC-Ternium,6501.38,5875.0
2025-09-21,12,PT1H,MC-Ternium,4954.02,5875.0
2025-09-21,13,PT1H,MC-Ternium,4676.06,5875.0
2025-09-21,14,PT1H,MC-Ternium,7090.54,5875.0
2025-09-21,15,PT1H,MC-Ternium,6017.79,5875.0
2025-09-21,16,PT1H,MC-Ternium,5597.28,5875.0
2025-09-21,17,PT1H,MC-Ternium,2677.12,5875.0
2025-09-21,18,PT1H,MC-Ternium,5506.52,5875.0
2025-09-21,19,PT1H,MC-Ternium,9.7,5875.0
2025-09-21,20,PT1H,MC-Ternium,105.9,5875.0
2025-09-21,21,PT1H,MC-Ternium,1015.81,5875.0
2025-09-21,22,PT1H,MC-Ternium,1546.96,5875.0
2025-09-21,23,PT1H,MC-Ternium,3562.04,5875.0
2025-09-21,24,PT1H,MC-Ternium,2863.59,5875.0
2025-09-22,1,PT1H,MC-Ternium,2516.63,5875.0
2025-09-22,2,PT1H,MC-Ternium,2413.17,5875.0
2025-09-22,3,PT1H,MC-Ternium,4069.28,5875.0
2025-09-22,4,PT1H,MC-Ternium,5563.35,5875.0
2025-09-22,5,PT1H,MC-Ternium,4487.35,5875.0
2025-09-22,6,PT1H,MC-Ternium,5340.07,5875.0
2025-09-22,7,PT1H,MC-Ternium,4980.51,5875.0
2025-09-22,8,PT1H,MC-Ternium,3682.11,5875.0
2025-09-22,9,PT1H,MC-Ternium,6240.23,5875.0
2025-09-22,10,PT1H,MC-Ternium,6812.53,5875.0
2025-09-22,11,PT1H,MC-Ternium,5998.84,5875.0
2025-09-22,12,PT1H,MC-Ternium,5983.73,5875.0
2025-09-22,13,PT1H,MC-Ternium,7001.88,5875.0
2025-09-22,14,PT1H,MC-Ternium,7644.84,5875.0
2025-09-22,15,PT1H,MC-Ternium,7837.33,5875.0
2025-09-22,16,PT1H,MC-Ternium,8047.28,5875.0
2025-09-22,17,PT1H,MC-Ternium,4585.74,5875.0
2025-09-22,18,PT1H,MC-Ternium,6617.51,5875.0
2025-09-22,19,PT1H,MC-Ternium,7602.46,5875.0
2025-09-22,20,PT1H,MC-Ternium,7666.9,5875.0
2025-09-22,21,PT1H,MC-Ternium,5240.36,5875.0
2025-09-22,22,PT1H,MC-Ternium,7805.68,5875.0
2025-09-22,23,PT1H,MC-Ternium,7340.82,5875.0
2025-09-22,24,PT1H,MC-Ternium,7532.97,5875.0
2025-09-23,1,PT1H,MC-Ternium,6846.31,5376.0
2025-09-23,2,PT1H,MC-Ternium,7466.36,5375.0
2025-09-23,3,PT1H,MC-Ternium,7690.3,5375.0
2025-09-23,4,PT1H,MC-Ternium,7371.75,5375.0
2025-09-23,5,PT1H,MC-Ternium,4890.04,5375.0
2025-09-23,6,PT1H,MC-Ternium,4841.2,5375.0
2025-09-23,7,PT1H,MC-Ternium,5946.61,5375.0
2025-09-23,8,PT1H,MC-Ternium,5153.94,5375.0
2025-09-23,9,PT1H,MC-Ternium,5031.51,5375.0
2025-09-23,10,PT1H,MC-Ternium,6296.35,5375.0
2025-09-23,11,PT1H,MC-Ternium,3255.9,5375.0
2025-09-23,12,PT1H,MC-Ternium,3756.74,5375.0
2025-09-23,13,PT1H,MC-Ternium,6416.28,5375.0
2025-09-23,14,PT1H,MC-Ternium,2943.07,5375.0
2025-09-23,15,PT1H,MC-Ternium,3249.7,5375.0
2025-09-23,16,PT1H,MC-Ternium,3485.19,5375.0
2025-09-23,17,PT1H,MC-Ternium,4639.67,5375.0
2025-09-23,18,PT1H,MC-Ternium,6650.74,5375.0
2025-09-23,19,PT1H,MC-Ternium,6096.14,5375.0
2025-09-23,20,PT1H,MC-Ternium,6111.19,5375.0
2025-09-23,21,PT1H,MC-Ternium,5795.22,5375.0
2025-09-23,22,PT1H,MC-Ternium,6295.18,5375.0
2025-09-23,23,PT1H,MC-Ternium,4322.28,5375.0
2025-09-23,24,PT1H,MC-Ternium,4497.57,5375.0
2025-09-24,1,PT1H,MC-Ternium,6469.9,5175.0
2025-09-24,2,PT1H,MC-Ternium,3130.97,5175.0
2025-09-24,3,PT1H,MC-Ternium,3072.79,5175.0
2025-09-24,4,PT1H,MC-Ternium,3054.55,5175.0
2025-09-24,5,PT1H,MC-Ternium,2688.52,5175.0
2025-09-24,6,PT1H,MC-Ternium,1869.48,5175.0
2025-09-24,7,PT1H,MC-Ternium,1786.53,5175.0
2025-09-24,8,PT1H,MC-Ternium,2716.47,5175.0
2025-09-24,9,PT1H,MC-Ternium,5128.05,5175.0
2025-09-24,10,PT1H,MC-Ternium,6238.89,5175.0
2025-09-24,11,PT1H,MC-Ternium,6121.46,5175.0
2025-09-24,12,PT1H,MC-Ternium,4943.66,5175.0
2025-09-24,13,PT1H,MC-Ternium,5162.83,5175.0
2025-09-24,14,PT1H,MC-Ternium,5197.95,5175.0
2025-09-24,15,PT1H,MC-Ternium,5298.9,5175.0
2025-09-24,16,PT1H,MC-Ternium,2097.84,5175.0
2025-09-24,17,PT1H,MC-Ternium,3014.73,5175.0
2025-09-24,18,PT1H,MC-Ternium,6195.71,5175.0
2025-09-24,19,PT1H,MC-Ternium,6761.42,5175.0
2025-09-24,20,PT1H,MC-Ternium,4732.0,5175.0
2025-09-24,21,PT1H,MC-Ternium,5229.36,5175.0
2025-09-24,22,PT1H,MC-Ternium,7114.95,5175.0
2025-09-24,23,PT1H,MC-Ternium,7261.05,5175.0
2025-09-24,24,PT1H,MC-Ternium,7052.38,5175.0
2025-09-25,1,PT1H,MC-Ternium,4735.87,6175.0
2025-09-25,2,PT1H,MC-Ternium,4194.52,6175.0
2025-09-25,3,PT1H,MC-Ternium,7132.43,6175.0
2025-09-25,4,PT1H,MC-Ternium,7165.29,6175.0
2025-09-25,5,PT1H,MC-Ternium,6823.28,6175.0
2025-09-25,6,PT1H,MC-Ternium,5487.57,6175.0
2025-09-25,7,PT1H,MC-Ternium,4676.38,6175.0
2025-09-25,8,PT1H,MC-Ternium,7045.35,6175.0
2025-09-25,9,PT1H,MC-Ternium,6912.25,6175.0
2025-09-25,10,PT1H,MC-Ternium,7246.48,6175.0
2025-09-25,11,PT1H,MC-Ternium,7425.67,6175.0
2025-09-25,12,PT1H,MC-Ternium,7348.76,6175.0
2025-09-25,13,PT1H,MC-Ternium,6950.18,6175.0
2025-09-25,14,PT1H,MC-Ternium,7150.86,6175.0
2025-09-25,15,PT1H,MC-Ternium,5434.1,6175.0
2025-09-25,16,PT1H,MC-Ternium,7363.03,6175.0
2025-09-25,17,PT1H,MC-Ternium,7561.63,6175.0
2025-09-25,18,PT1H,MC-Ternium,7648.18,6175.0
2025-09-25,19,PT1H,MC-Ternium,4516.64,6175.0
2025-09-25,20,PT1H,MC-Ternium,5137.97,6175.0
2025-09-25,21,PT1H,MC-Ternium,5329.59,6175.0
2025-09-25,22,PT1H,MC-Ternium,5950.06,6175.0
2025-09-25,23,PT1H,MC-Ternium,6791.93,6175.0
2025-09-25,24,PT1H,MC-Ternium,6748.27,6175.0
2025-09-26,1,PT1H,MC-Ternium,7264.92,5775.0
2025-09-26,2,PT1H,MC-Ternium,6290.19,5775.0
2025-09-26,3,PT1H,MC-Ternium,7792.83,5775.0
2025-09-26,4,PT1H,MC-Ternium,7500.56,5775.0
2025-09-26,5,PT1H,MC-Ternium,7552.31,5775.0
2025-09-26,6,PT1H,MC-Ternium,7403.66,5775.0
2025-09-26,7,PT1H,MC-Ternium,5763.15,5775.0
2025-09-26,8,PT1H,MC-Ternium,4685.74,5775.0
2025-09-26,9,PT1H,MC-Ternium,6942.71,5775.0
2025-09-26,10,PT1H,MC-Ternium,7255.75,5775.0
2025-09-26,11,PT1H,MC-Ternium,3706.8,5775.0
2025-09-26,12,PT1H,MC-Ternium,6794.06,5775.0
2025-09-26,13,PT1H,MC-Ternium,7599.04,5775.0
2025-09-26,14,PT1H,MC-Ternium,6633.11,5775.0
2025-09-26,15,PT1H,MC-Ternium,7586.76,5775.0
2025-09-26,16,PT1H,MC-Ternium,7221.8,5775.0
2025-09-26,17,PT1H,MC-Ternium,7622.42,5775.0
2025-09-26,18,PT1H,MC-Ternium,7479.43,5775.0
2025-09-26,19,PT1H,MC-Ternium,5015.18,5775.0
2025-09-26,20,PT1H,MC-Ternium,7496.98,5775.0
2025-09-26,21,PT1H,MC-Ternium,7654.71,5775.0
2025-09-26,22,PT1H,MC-Ternium,3506.94,5775.0
2025-09-26,23,PT1H,MC-Ternium,4734.53,5775.0
2025-09-26,24,PT1H,MC-Ternium,7264.82,5775.0
2025-09-27,1,PT1H,MC-Ternium,5265.73,5775.0
2025-09-27,2,PT1H,MC-Ternium,6756.69,5775.0
2025-09-27,3,PT1H,MC-Ternium,7343.05,5775.0
2025-09-27,4,PT1H,MC-Ternium,7612.71,5775.0
2025-09-27,5,PT1H,MC-Ternium,6984.25,5775.0
2025-09-27,6,PT1H,MC-Ternium,7266.81,5775.0
2025-09-27,7,PT1H,MC-Ternium,7396.32,5775.0
2025-09-27,8,PT1H,MC-Ternium,7203.21,5775.0
2025-09-27,9,PT1H,MC-Ternium,5213.3,5775.0
2025-09-27,10,PT1H,MC-Ternium,5114.77,5775.0
2025-09-27,11,PT1H,MC-Ternium,4427.32,5775.0
2025-09-27,12,PT1H,MC-Ternium,4928.78,5775.0
2025-09-27,13,PT1H,MC-Ternium,6882.88,5775.0
2025-09-27,14,PT1H,MC-Ternium,6368.86,5775.0
2025-09-27,15,PT1H,MC-Ternium,2509.91,5775.0
2025-09-27,16,PT1H,MC-Ternium,2049.75,5775.0
2025-09-27,17,PT1H,MC-Ternium,3113.83,5775.0
2025-09-27,18,PT1H,MC-Ternium,2957.09,5775.0
2025-09-27,19,PT1H,MC-Ternium,2856.24,5775.0
2025-09-27,20,PT1H,MC-Ternium,4907.94,5775.0
2025-09-27,21,PT1H,MC-Ternium,6687.68,5775.0
2025-09-27,22,PT1H,MC-Ternium,6776.68,5775.0
2025-09-27,23,PT1H,MC-Ternium,5531.88,5775.0
2025-09-27,24,PT1H,MC-Ternium,5869.58,5775.0
2025-09-28,1,PT1H,MC-Ternium,5568.97,6375.0
2025-09-28,2,PT1H,MC-Ternium,6976.95,6375.0
2025-09-28,3,PT1H,MC-Ternium,4996.59,6375.0
2025-09-28,4,PT1H,MC-Ternium,3077.56,6375.0
2025-09-28,5,PT1H,MC-Ternium,2999.25,6375.0
2025-09-28,6,PT1H,MC-Ternium,4599.22,6375.0
2025-09-28,7,PT1H,MC-Ternium,5739.63,6375.0
2025-09-28,8,PT1H,MC-Ternium,6074.13,6375.0
2025-09-28,9,PT1H,MC-Ternium,5608.89,6375.0
2025-09-28,10,PT1H,MC-Ternium,7048.08,6375.0
2025-09-28,11,PT1H,MC-Ternium,6960.81,6375.0
2025-09-28,12,PT1H,MC-Ternium,6998.03,6375.0
2025-09-28,13,PT1H,MC-Ternium,5795.95,6375.0
2025-09-28,14,PT1H,MC-Ternium,7089.81,6375.0
2025-09-28,15,PT1H,MC-Ternium,7115.73,6375.0
2025-09-28,16,PT1H,MC-Ternium,7237.18,6375.0
2025-09-28,17,PT1H,MC-Ternium,5625.59,6375.0
2025-09-28,18,PT1H,MC-Ternium,4358.89,6375.0
2025-09-28,19,PT1H,MC-Ternium,4453.22,6375.0
2025-09-28,20,PT1H,MC-Ternium,3674.3,6375.0
2025-09-28,21,PT1H,MC-Ternium,5299.38,6375.0
2025-09-28,22,PT1H,MC-Ternium,5447.41,6375.0
2025-09-28,23,PT1H,MC-Ternium,6858.71,6375.0
2025-09-28,24,PT1H,MC-Ternium,6287.67,6375.0
2025-09-29,1,PT1H,MC-Ternium,5753.76,6675.0
2025-09-29,2,PT1H,MC-Ternium,6036.56,6675.0
2025-09-29,3,PT1H,MC-Ternium,5993.84,6675.0
2025-09-29,4,PT1H,MC-Ternium,5098.54,6675.0
2025-09-29,5,PT1H,MC-Ternium,5533.43,6675.0
2025-09-29,6,PT1H,MC-Ternium,6130.64,6675.0
2025-09-29,7,PT1H,MC-Ternium,5676.17,6675.0
2025-09-29,8,PT1H,MC-Ternium,6223.49,6675.0
2025-09-29,9,PT1H,MC-Ternium,2558.24,6675.0
2025-09-29,10,PT1H,MC-Ternium,4207.84,6675.0
2025-09-29,11,PT1H,MC-Ternium,5860.08,6675.0
2025-09-29,12,PT1H,MC-Ternium,6099.56,6675.0
2025-09-29,13,PT1H,MC-Ternium,6607.66,6675.0
2025-09-29,14,PT1H,MC-Ternium,6584.74,6675.0
2025-09-29,15,PT1H,MC-Ternium,5326.06,6675.0
2025-09-29,16,PT1H,MC-Ternium,3269.56,6675.0
2025-09-29,17,PT1H,MC-Ternium,5854.9,6675.0
2025-09-29,18,PT1H,MC-Ternium,6420.15,6675.0
2025-09-29,19,PT1H,MC-Ternium,6574.43,6675.0
2025-09-29,20,PT1H,MC-Ternium,5471.52,6675.0
2025-09-29,21,PT1H,MC-Ternium,6355.03,6675.0
2025-09-29,22,PT1H,MC-Ternium,6223.62,6675.0
2025-09-29,23,PT1H,MC-Ternium,6664.27,6675.0
2025-09-29,24,PT1H,MC-Ternium,6475.27,6675.0
2025-09-30,1,PT1H,MC-Ternium,6510.47,6175.0
2025-09-30,2,PT1H,MC-Ternium,6413.65,6175.0
2025-09-30,3,PT1H,MC-Ternium,5898.09,6175.0
2025-09-30,4,PT1H,MC-Ternium,5764.81,6175.0
2025-09-30,5,PT1H,MC-Ternium,6076.33,6175.0
2025-09-30,6,PT1H,MC-Ternium,4955.93,6175.0
2025-09-30,7,PT1H,MC-Ternium,4621.35,6175.0
2025-09-30,8,PT1H,MC-Ternium,6130.57,6175.0
2025-09-30,9,PT1H,MC-Ternium,6518.99,6175.0
2025-09-30,10,PT1H,MC-Ternium,6391.68,6175.0
2025-09-30,11,PT1H,MC-Ternium,5657.23,6175.0
2025-09-30,12,PT1H,MC-Ternium,4741.47,6175.0
2025-09-30,13,PT1H,MC-Ternium,3928.83,6175.0
2025-09-30,14,PT1H,MC-Ternium,6026.09,6175.0
2025-09-30,15,PT1H,MC-Ternium,4768.57,6175.0
2025-09-30,16,PT1H,MC-Ternium,5706.9,6175.0
2025-09-30,17,PT1H,MC-Ternium,2258.09,6175.0
2025-09-30,18,PT1H,MC-Ternium,2600.89,6175.0
2025-09-30,19,PT1H,MC-Ternium,4199.17,6175.0
2025-09-30,20,PT1H,MC-Ternium,5531.27,6175.0
2025-09-30,21,PT1H,MC-Ternium,6541.29,6175.0
2025-09-30,22,PT1H,MC-Ternium,5730.94,6175.0
2025-09-30,23,PT1H,MC-Ternium,2989.05,6175.0
2025-09-30,24,PT1H,MC-Ternium,6241.2,6175.0
2025-10-01,1,PT1H,MC-Ternium,11629.8,11990.0
2025-10-01,2,PT1H,MC-Ternium,10186.76,11990.0
2025-10-01,3,PT1H,MC-Ternium,12699.7,11990.0
2025-10-01,4,PT1H,MC-Ternium,12508.78,11990.0
2025-10-01,5,PT1H,MC-Ternium,12045.2,11990.0
2025-10-01,6,PT1H,MC-Ternium,11521.4,11990.0
2025-10-01,7,PT1H,MC-Ternium,10101.54,11990.0
2025-10-01,8,PT1H,MC-Ternium,5096.08,11990.0
2025-10-01,9,PT1H,MC-Ternium,3156.58,11990.0
2025-10-01,10,PT1H,MC-Ternium,3087.26,11990.0
2025-10-01,11,PT1H,MC-Ternium,2958.88,11990.0
2025-10-01,12,PT1H,MC-Ternium,3017.76,11990.0
2025-10-01,13,PT1H,MC-Ternium,3098.5,11990.0
2025-10-01,14,PT1H,MC-Ternium,3071.56,11990.0
2025-10-01,15,PT1H,MC-Ternium,3032.86,11990.0
2025-10-01,16,PT1H,MC-Ternium,3158.22,11990.0
2025-10-01,17,PT1H,MC-Ternium,3158.16,11990.0
2025-10-01,18,PT1H,MC-Ternium,3126.58,11990.0
2025-10-01,19,PT1H,MC-Ternium,3171.96,11990.0
2025-10-01,20,PT1H,MC-Ternium,3275.08,11990.0
2025-10-01,21,PT1H,MC-Ternium,3418.94,11990.0
2025-10-01,22,PT1H,MC-Ternium,3416.62,11990.0
2025-10-01,23,PT1H,MC-Ternium,3509.94,11990.0
2025-10-01,24,PT1H,MC-Ternium,3481.42,11990.0
2025-10-02,1,PT1H,MC-Ternium,3660.34,12552.0
2025-10-02,2,PT1H,MC-Ternium,4511.12,12552.0
2025-10-02,3,PT1H,MC-Ternium,6021.96,12552.0
2025-10-02,4,PT1H,MC-Ternium,9045.18,12552.0
2025-10-02,5,PT1H,MC-Ternium,5689.64,12552.0
2025-10-02,6,PT1H,MC-Ternium,9001.4,12552.0
2025-10-02,7,PT1H,MC-Ternium,11329.72,12552.0
2025-10-02,8,PT1H,MC-Ternium,6658.66,12552.0
2025-10-02,9,PT1H,MC-Ternium,5535.38,12552.0
2025-10-02,10,PT1H,MC-Ternium,5290.02,12552.0
2025-10-02,11,PT1H,MC-Ternium,7090.0,12552.0
2025-10-02,12,PT1H,MC-Ternium,6003.6,12552.0
2025-10-02,13,PT1H,MC-Ternium,7159.84,12552.0
2025-10-02,14,PT1H,MC-Ternium,11598.92,12552.0
2025-10-02,15,PT1H,MC-Ternium,9013.26,12552.0
2025-10-02,16,PT1H,MC-Ternium,6393.98,12552.0
2025-10-02,17,PT1H,MC-Ternium,6506.58,12552.0
2025-10-02,18,PT1H,MC-Ternium,11685.26,12552.0
2025-10-02,19,PT1H,MC-Ternium,11954.2,12552.0
2025-10-02,20,PT1H,MC-Ternium,12502.0,12552.0
2025-10-02,21,PT1H,MC-Ternium,9423.54,12552.0
2025-10-02,22,PT1H,MC-Ternium,12191.12,12552.0
2025-10-02,23,PT1H,MC-Ternium,10459.16,12552.0
2025-10-02,24,PT1H,MC-Ternium,3974.62,12552.0
2025-10-03,1,PT1H,MC-Ternium,3763.74,16552.0
2025-10-03,2,PT1H,MC-Ternium,4606.08,16552.0
2025-10-03,3,PT1H,MC-Ternium,10276.84,16552.0
2025-10-03,4,PT1H,MC-Ternium,5771.78,16552.0
2025-10-03,5,PT1H,MC-Ternium,11387.58,16552.0
2025-10-03,6,PT1H,MC-Ternium,10561.54,16552.0
2025-10-03,7,PT1H,MC-Ternium,13315.76,16552.0
2025-10-03,8,PT1H,MC-Ternium,13268.44,16552.0
2025-10-03,9,PT1H,MC-Ternium,9211.02,16552.0
2025-10-03,10,PT1H,MC-Ternium,5349.2,16552.0
2025-10-03,11,PT1H,MC-Ternium,9554.0,16552.0
2025-10-03,12,PT1H,MC-Ternium,12734.06,16552.0
2025-10-03,13,PT1H,MC-Ternium,11875.6,16552.0
2025-10-03,14,PT1H,MC-Ternium,13755.0,16552.0
2025-10-03,15,PT1H,MC-Ternium,8101.2,16552.0
2025-10-03,16,PT1H,MC-Ternium,10672.64,16552.0
2025-10-03,17,PT1H,MC-Ternium,6933.44,16552.0
2025-10-03,18,PT1H,MC-Ternium,7631.84,16552.0
2025-10-03,19,PT1H,MC-Ternium,12859.1,16552.0
2025-10-03,20,PT1H,MC-Ternium,6550.78,16552.0
2025-10-03,21,PT1H,MC-Ternium,12993.24,16552.0
2025-10-03,22,PT1H,MC-Ternium,13138.16,16552.0
2025-10-03,23,PT1H,MC-Ternium,13605.86,16552.0
2025-10-03,24,PT1H,MC-Ternium,12138.56,16540.0
2025-10-04,1,PT1H,MC-Ternium,5392.59,8276.0
2025-10-04,2,PT1H,MC-Ternium,3229.77,8276.0
2025-10-04,3,PT1H,MC-Ternium,6730.93,8276.0
2025-10-04,4,PT1H,MC-Ternium,5376.16,8276.0
2025-10-04,5,PT1H,MC-Ternium,6102.0,8276.0
2025-10-04,6,PT1H,MC-Ternium,7125.69,8276.0
2025-10-04,7,PT1H,MC-Ternium,2904.1,8276.0
2025-10-04,8,PT1H,MC-Ternium,3306.35,8276.0
2025-10-04,9,PT1H,MC-Ternium,3143.69,8276.0
2025-10-04,10,PT1H,MC-Ternium,5380.15,8276.0
2025-10-04,11,PT1H,MC-Ternium,4298.62,8276.0
2025-10-04,12,PT1H,MC-Ternium,4885.64,8276.0
2025-10-04,13,PT1H,MC-Ternium,4982.58,8276.0
2025-10-04,14,PT1H,MC-Ternium,5960.83,8276.0
2025-10-04,15,PT1H,MC-Ternium,4985.94,8276.0
2025-10-04,16,PT1H,MC-Ternium,5512.6,8276.0
2025-10-04,17,PT1H,MC-Ternium,5615.12,8276.0
2025-10-04,18,PT1H,MC-Ternium,6255.89,8276.0
2025-10-04,19,PT1H,MC-Ternium,6161.77,8276.0
2025-10-04,20,PT1H,MC-Ternium,6507.77,8276.0
2025-10-04,21,PT1H,MC-Ternium,5461.98,8276.0
2025-10-04,22,PT1H,MC-Ternium,2705.03,8276.0
2025-10-04,23,PT1H,MC-Ternium,2624.07,8276.0
2025-10-04,24,PT1H,MC-Ternium,3479.04,8276.0
2025-10-05,1,PT1H,MC-Ternium,5001.39,8276.0
2025-10-05,2,PT1H,MC-Ternium,5754.14,8276.0
2025-10-05,3,PT1H,MC-Ternium,6681.49,8276.0
2025-10-05,4,PT1H,MC-Ternium,6863.07,8276.0
2025-10-05,5,PT1H,MC-Ternium,6321.41,8276.0
2025-10-05,6,PT1H,MC-Ternium,6712.78,8276.0
2025-10-05,7,PT1H,MC-Ternium,6543.63,8276.0
2025-10-05,8,PT1H,MC-Ternium,6903.73,8276.0
2025-10-05,9,PT1H,MC-Ternium,6104.62,8276.0
2025-10-05,10,PT1H,MC-Ternium,3351.86,8276.0
2025-10-05,11,PT1H,MC-Ternium,2167.73,8276.0
2025-10-05,12,PT1H,MC-Ternium,3277.33,8276.0
2025-10-05,13,PT1H,MC-Ternium,4318.57,8276.0
2025-10-05,14,PT1H,MC-Ternium,5952.35,8276.0
2025-10-05,15,PT1H,MC-Ternium,5353.45,8276.0
2025-10-05,16,PT1H,MC-Ternium,6553.35,8276.0
2025-10-05,17,PT1H,MC-Ternium,6481.37,8276.0
2025-10-05,18,PT1H,MC-Ternium,5788.48,8276.0
2025-10-05,19,PT1H,MC-Ternium,3912.36,8276.0
2025-10-05,20,PT1H,MC-Ternium,4660.46,8276.0
2025-10-05,21,PT1H,MC-Ternium,5110.99,8276.0
2025-10-05,22,PT1H,MC-Ternium,4629.97,8276.0
2025-10-05,23,PT1H,MC-Ternium,6297.49,8276.0
2025-10-05,24,PT1H,MC-Ternium,7089.8,8276.0
2025-10-06,1,PT1H,MC-Ternium,9364.74,14532.0
2025-10-06,2,PT1H,MC-Ternium,10083.18,14532.0
2025-10-06,3,PT1H,MC-Ternium,12247.0,14532.0
2025-10-06,4,PT1H,MC-Ternium,9012.5,14532.0
2025-10-06,5,PT1H,MC-Ternium,9980.88,14532.0
2025-10-06,6,PT1H,MC-Ternium,7104.38,14532.0
2025-10-06,7,PT1H,MC-Ternium,5444.1,14532.0
2025-10-06,8,PT1H,MC-Ternium,9182.82,14532.0
2025-10-06,9,PT1H,MC-Ternium,12389.68,14532.0
2025-10-06,10,PT1H,MC-Ternium,12092.66,14532.0
2025-10-06,11,PT1H,MC-Ternium,9738.68,14532.0
2025-10-06,12,PT1H,MC-Ternium,12313.66,14532.0
2025-10-06,13,PT1H,MC-Ternium,13204.76,14532.0
2025-10-06,14,PT1H,MC-Ternium,13093.58,14532.0
2025-10-06,15,PT1H,MC-Ternium,9361.4,14532.0
2025-10-06,16,PT1H,MC-Ternium,7119.02,14532.0
2025-10-06,17,PT1H,MC-Ternium,9153.48,14532.0
2025-10-06,18,PT1H,MC-Ternium,11853.46,14532.0
2025-10-06,19,PT1H,MC-Ternium,12945.24,14532.0
2025-10-06,20,PT1H,MC-Ternium,9243.54,14532.0
2025-10-06,21,PT1H,MC-Ternium,8923.24,14532.0
2025-10-06,22,PT1H,MC-Ternium,11659.94,14532.0
2025-10-06,23,PT1H,MC-Ternium,12587.08,14532.0
2025-10-06,24,PT1H,MC-Ternium,8446.26,14532.0
2025-10-07,1,PT1H,MC-Ternium,14060.12,14532.0
2025-10-07,2,PT1H,MC-Ternium,14444.64,14532.0
2025-10-07,3,PT1H,MC-Ternium,13959.36,14532.0
2025-10-07,4,PT1H,MC-Ternium,11968.9,14532.0
2025-10-07,5,PT1H,MC-Ternium,13316.5,14532.0
2025-10-07,6,PT1H,MC-Ternium,12754.62,14532.0
2025-10-07,7,PT1H,MC-Ternium,11017.58,14532.0
2025-10-07,8,PT1H,MC-Ternium,9876.32,16286.0
2025-10-07,9,PT1H,MC-Ternium,13062.7,16286.0
2025-10-07,10,PT1H,MC-Ternium,12750.7,16286.0
2025-10-07,11,PT1H,MC-Ternium,13560.9,16286.0
2025-10-07,12,PT1H,MC-Ternium,9448.52,16286.0
2025-10-07,13,PT1H,MC-Ternium,6095.74,16286.0
2025-10-07,14,PT1H,MC-Ternium,9825.98,16286.0
2025-10-07,15,PT1H,MC-Ternium,13450.86,16286.0
2025-10-07,16,PT1H,MC-Ternium,12646.14,16286.0
2025-10-07,17,PT1H,MC-Ternium,13926.58,16286.0
2025-10-07,18,PT1H,MC-Ternium,5758.24,16286.0
2025-10-07,19,PT1H,MC-Ternium,8653.84,16286.0
2025-10-07,20,PT1H,MC-Ternium,12426.9,16286.0
2025-10-07,21,PT1H,MC-Ternium,12187.12,16286.0
2025-10-07,22,PT1H,MC-Ternium,12680.22,16286.0
2025-10-07,23,PT1H,MC-Ternium,12394.74,16286.0
2025-10-07,24,PT1H,MC-Ternium,15259.5,16286.0
2025-10-08,1,PT1H,MC-Ternium,14000.72,12538.0
2025-10-08,2,PT1H,MC-Ternium,12672.78,12538.0
2025-10-08,3,PT1H,MC-Ternium,15306.86,12538.0
2025-10-08,4,PT1H,MC-Ternium,13909.12,12538.0
2025-10-08,5,PT1H,MC-Ternium,14257.38,12538.0
2025-10-08,6,PT1H,MC-Ternium,7487.24,12538.0
2025-10-08,7,PT1H,MC-Ternium,12948.28,12538.0
2025-10-08,8,PT1H,MC-Ternium,12796.44,12538.0
2025-10-08,9,PT1H,MC-Ternium,9074.96,12538.0
2025-10-08,10,PT1H,MC-Ternium,9624.7,12538.0
2025-10-08,11,PT1H,MC-Ternium,5612.2,12538.0
2025-10-08,12,PT1H,MC-Ternium,8258.14,12538.0
2025-10-08,13,PT1H,MC-Ternium,11154.92,12538.0
2025-10-08,14,PT1H,MC-Ternium,10447.78,12538.0
2025-10-08,15,PT1H,MC-Ternium,9747.86,12538.0
2025-10-08,16,PT1H,MC-Ternium,10928.94,12538.0
2025-10-08,17,PT1H,MC-Ternium,14107.2,12538.0
2025-10-08,18,PT1H,MC-Ternium,13918.38,12538.0
2025-10-08,19,PT1H,MC-Ternium,12112.88,12538.0
2025-10-08,20,PT1H,MC-Ternium,14825.3,12538.0
2025-10-08,21,PT1H,MC-Ternium,10289.0,12538.0
2025-10-08,22,PT1H,MC-Ternium,14496.0,12538.0
2025-10-08,23,PT1H,MC-Ternium,10357.16,12538.0
2025-10-08,24,PT1H,MC-Ternium,13592.78,12538.0
2025-10-09,1,PT1H,MC-Ternium,14475.78,12538.0
2025-10-09,2,PT1H,MC-Ternium,12926.26,12538.0
2025-10-09,3,PT1H,MC-Ternium,10146.88,12538.0
2025-10-09,4,PT1H,MC-Ternium,13723.0,12538.0
2025-10-09,5,PT1H,MC-Ternium,14923.86,12538.0
2025-10-09,6,PT1H,MC-Ternium,13198.64,12538.0
2025-10-09,7,PT1H,MC-Ternium,13361.86,12538.0
2025-10-09,8,PT1H,MC-Ternium,11162.98,12538.0
2025-10-09,9,PT1H,MC-Ternium,13663.64,12538.0
2025-10-09,10,PT1H,MC-Ternium,13278.78,12538.0
2025-10-09,11,PT1H,MC-Ternium,13168.86,12538.0
2025-10-09,12,PT1H,MC-Ternium,10084.38,12538.0
2025-10-09,13,PT1H,MC-Ternium,8342.36,12538.0
2025-10-09,14,PT1H,MC-Ternium,15000.6,12538.0
2025-10-09,15,PT1H,MC-Ternium,14727.1,12538.0
2025-10-09,16,PT1H,MC-Ternium,15712.4,12538.0
2025-10-09,17,PT1H,MC-Ternium,7240.02,12538.0
2025-10-09,18,PT1H,MC-Ternium,4524.76,12538.0
2025-10-09,19,PT1H,MC-Ternium,11012.1,12538.0
2025-10-09,20,PT1H,MC-Ternium,10114.08,12538.0
2025-10-09,21,PT1H,MC-Ternium,10649.58,12538.0
2025-10-09,22,PT1H,MC-Ternium,9989.14,12538.0
2025-10-09,23,PT1H,MC-Ternium,6924.22,12538.0
2025-10-09,24,PT1H,MC-Ternium,8526.36,12538.0
2025-10-10,1,PT1H,MC-Ternium,10294.58,16286.0
2025-10-10,2,PT1H,MC-Ternium,7078.14,16286.0
2025-10-10,3,PT1H,MC-Ternium,5843.96,16286.0
2025-10-10,4,PT1H,MC-Ternium,7084.28,16286.0
2025-10-10,5,PT1H,MC-Ternium,10416.4,16286.0
2025-10-10,6,PT1H,MC-Ternium,5241.7,16286.0
2025-10-10,7,PT1H,MC-Ternium,8788.66,16286.0
2025-10-10,8,PT1H,MC-Ternium,9532.02,16286.0
2025-10-10,9,PT1H,MC-Ternium,13487.26,16286.0
2025-10-10,10,PT1H,MC-Ternium,12686.1,16286.0
2025-10-10,11,PT1H,MC-Ternium,12328.24,16286.0
2025-10-10,12,PT1H,MC-Ternium,13926.74,16286.0
2025-10-10,13,PT1H,MC-Ternium,15493.58,16286.0
2025-10-10,14,PT1H,MC-Ternium,10833.18,16286.0
2025-10-10,15,PT1H,MC-Ternium,11197.76,16286.0
2025-10-10,16,PT1H,MC-Ternium,13659.08,16286.0
2025-10-10,17,PT1H,MC-Ternium,12346.74,16286.0
2025-10-10,18,PT1H,MC-Ternium,14610.98,16286.0
2025-10-10,19,PT1H,MC-Ternium,7838.88,16286.0
2025-10-10,20,PT1H,MC-Ternium,12404.84,16286.0
2025-10-10,21,PT1H,MC-Ternium,13602.38,16286.0
2025-10-10,22,PT1H,MC-Ternium,13564.8,16286.0
2025-10-10,23,PT1H,MC-Ternium,12080.48,16286.0
2025-10-10,24,PT1H,MC-Ternium,12794.92,16286.0
2025-10-11,1,PT1H,MC-Ternium,12982.82,16286.0
2025-10-11,2,PT1H,MC-Ternium,13377.46,16286.0
2025-10-11,3,PT1H,MC-Ternium,13837.48,16286.0
2025-10-11,4,PT1H,MC-Ternium,13947.92,16286.0
2025-10-11,5,PT1H,MC-Ternium,8158.68,16286.0
2025-10-11,6,PT1H,MC-Ternium,6394.2,16286.0
2025-10-11,7,PT1H,MC-Ternium,7923.66,16286.0
2025-10-11,8,PT1H,MC-Ternium,10052.28,16286.0
2025-10-11,9,PT1H,MC-Ternium,4869.34,16286.0
2025-10-11,10,PT1H,MC-Ternium,4937.32,16286.0
2025-10-11,11,PT1H,MC-Ternium,4863.8,16286.0
2025-10-11,12,PT1H,MC-Ternium,8494.86,16286.0
2025-10-11,13,PT1H,MC-Ternium,12835.32,16286.0
2025-10-11,14,PT1H,MC-Ternium,14293.08,16286.0
2025-10-11,15,PT1H,MC-Ternium,9867.46,16286.0
2025-10-11,16,PT1H,MC-Ternium,11752.92,16286.0
2025-10-11,17,PT1H,MC-Ternium,14188.88,16286.0
2025-10-11,18,PT1H,MC-Ternium,10389.44,16286.0
2025-10-11,19,PT1H,MC-Ternium,13863.58,16286.0
2025-10-11,20,PT1H,MC-Ternium,14615.26,16286.0
2025-10-11,21,PT1H,MC-Ternium,14616.28,16286.0
2025-10-11,22,PT1H,MC-Ternium,12910.96,16286.0
2025-10-11,23,PT1H,MC-Ternium,7797.4,16286.0
2025-10-11,24,PT1H,MC-Ternium,9894.76,16286.0
2025-10-12,1,PT1H,MC-Ternium,8496.1,16286.0
2025-10-12,2,PT1H,MC-Ternium,11464.34,16286.0
2025-10-12,3,PT1H,MC-Ternium,8244.78,16286.0
2025-10-12,4,PT1H,MC-Ternium,10310.14,16286.0
2025-10-12,5,PT1H,MC-Ternium,13442.2,16286.0
2025-10-12,6,PT1H,MC-Ternium,14381.5,16286.0
2025-10-12,7,PT1H,MC-Ternium,13238.8,16286.0
2025-10-12,8,PT1H,MC-Ternium,5021.54,16286.0
2025-10-12,9,PT1H,MC-Ternium,5763.76,16286.0
2025-10-12,10,PT1H,MC-Ternium,11012.26,16286.0
2025-10-12,11,PT1H,MC-Ternium,14514.46,16286.0
2025-10-12,12,PT1H,MC-Ternium,9784.62,16286.0
2025-10-12,13,PT1H,MC-Ternium,6196.98,16286.0
2025-10-12,14,PT1H,MC-Ternium,5015.62,16286.0
2025-10-12,15,PT1H,MC-Ternium,6177.34,16286.0
2025-10-12,16,PT1H,MC-Ternium,12807.78,16286.0
2025-10-12,17,PT1H,MC-Ternium,13996.9,16286.0
2025-10-12,18,PT1H,MC-Ternium,13558.64,16286.0
2025-10-12,19,PT1H,MC-Ternium,14144.62,16286.0
2025-10-12,20,PT1H,MC-Ternium,14938.9,16286.0
2025-10-12,21,PT1H,MC-Ternium,13775.06,16286.0
2025-10-12,22,PT1H,MC-Ternium,16214.18,16286.0
2025-10-12,23,PT1H,MC-Ternium,7515.58,16286.0
2025-10-12,24,PT1H,MC-Ternium,12229.12,16286.0
2025-10-13,1,PT1H,MC-Ternium,12640.96,16286.0
2025-10-13,2,PT1H,MC-Ternium,9264.72,16286.0
2025-10-13,3,PT1H,MC-Ternium,12956.66,16286.0
2025-10-13,4,PT1H,MC-Ternium,14201.82,16286.0
2025-10-13,5,PT1H,MC-Ternium,9097.82,16286.0
2025-10-13,6,PT1H,MC-Ternium,13714.48,16286.0
2025-10-13,7,PT1H,MC-Ternium,15090.4,16286.0
2025-10-13,8,PT1H,MC-Ternium,13546.32,16286.0
2025-10-13,9,PT1H,MC-Ternium,8057.62,16286.0
2025-10-13,10,PT1H,MC-Ternium,11437.72,16286.0
2025-10-13,11,PT1H,MC-Ternium,6219.24,16286.0
2025-10-13,12,PT1H,MC-Ternium,10572.18,16286.0
2025-10-13,13,PT1H,MC-Ternium,11255.1,16286.0
2025-10-13,14,PT1H,MC-Ternium,12210.48,16286.0
2025-10-13,15,PT1H,MC-Ternium,12254.98,16286.0
2025-10-13,16,PT1H,MC-Ternium,9798.5,16286.0
2025-10-13,17,PT1H,MC-Ternium,11521.9,16286.0
2025-10-13,18,PT1H,MC-Ternium,14596.58,16286.0
2025-10-13,19,PT1H,MC-Ternium,14946.8,16286.0
2025-10-13,20,PT1H,MC-Ternium,15391.3,16286.0
2025-10-13,21,PT1H,MC-Ternium,12564.42,16286.0
2025-10-13,22,PT1H,MC-Ternium,8324.32,16286.0
2025-10-13,23,PT1H,MC-Ternium,14107.18,16286.0
2025-10-13,24,PT1H,MC-Ternium,11631.3,16286.0
2025-10-14,1,PT1H,MC-Ternium,12368.12,12270.0
2025-10-14,2,PT1H,MC-Ternium,12490.34,12270.0
2025-10-14,3,PT1H,MC-Ternium,12786.72,12270.0
2025-10-14,4,PT1H,MC-Ternium,12282.46,12270.0
2025-10-14,5,PT1H,MC-Ternium,14194.36,12270.0
2025-10-14,6,PT1H,MC-Ternium,13809.7,12270.0
2025-10-14,7,PT1H,MC-Ternium,8345.72,12270.0
2025-10-14,8,PT1H,MC-Ternium,5884.54,12270.0
2025-10-14,9,PT1H,MC-Ternium,10274.6,12270.0
2025-10-14,10,PT1H,MC-Ternium,13375.54,12270.0
2025-10-14,11,PT1H,MC-Ternium,13615.46,12270.0
2025-10-14,12,PT1H,MC-Ternium,14176.74,12270.0
2025-10-14,13,PT1H,MC-Ternium,8042.84,12270.0
2025-10-14,14,PT1H,MC-Ternium,7620.8,12270.0
2025-10-14,15,PT1H,MC-Ternium,12032.42,12270.0
2025-10-14,16,PT1H,MC-Ternium,13927.8,12270.0
2025-10-14,17,PT1H,MC-Ternium,13732.66,12270.0
2025-10-14,18,PT1H,MC-Ternium,14323.26,12270.0
2025-10-14,19,PT1H,MC-Ternium,14148.6,12270.0
2025-10-14,20,PT1H,MC-Ternium,12543.98,12270.0
2025-10-14,21,PT1H,MC-Ternium,12614.04,12270.0
2025-10-14,22,PT1H,MC-Ternium,9174.9,12270.0
2025-10-14,23,PT1H,MC-Ternium,9281.22,12270.0
2025-10-14,24,PT1H,MC-Ternium,13796.78,12270.0
2025-10-15,1,PT1H,MC-Ternium,13102.1,12270.0
2025-10-15,2,PT1H,MC-Ternium,15045.88,12270.0
2025-10-15,3,PT1H,MC-Ternium,10603.72,12270.0
2025-10-15,4,PT1H,MC-Ternium,14351.12,12270.0
2025-10-15,5,PT1H,MC-Ternium,7277.26,12270.0
2025-10-15,6,PT1H,MC-Ternium,14697.14,12270.0
2025-10-15,7,PT1H,MC-Ternium,9225.46,12270.0
2025-10-15,8,PT1H,MC-Ternium,14058.14,12270.0
2025-10-15,9,PT1H,MC-Ternium,7197.32,12270.0
2025-10-15,10,PT1H,MC-Ternium,14668.16,12270.0
2025-10-15,11,PT1H,MC-Ternium,14175.86,12270.0
2025-10-15,12,PT1H,MC-Ternium,14252.42,12270.0
2025-10-15,13,PT1H,MC-Ternium,12561.76,12270.0
2025-10-15,14,PT1H,MC-Ternium,14334.48,11420.0
2025-10-15,15,PT1H,MC-Ternium,14833.18,11420.0
2025-10-15,16,PT1H,MC-Ternium,14340.44,11420.0
2025-10-15,17,PT1H,MC-Ternium,14550.8,11420.0
2025-10-15,18,PT1H,MC-Ternium,14244.14,11420.0
2025-10-15,19,PT1H,MC-Ternium,13137.14,11420.0
2025-10-15,20,PT1H,MC-Ternium,11972.66,11420.0
2025-10-15,21,PT1H,MC-Ternium,13571.98,11420.0
2025-10-15,22,PT1H,MC-Ternium,8908.0,11420.0
2025-10-15,23,PT1H,MC-Ternium,10771.32,11420.0
2025-10-15,24,PT1H,MC-Ternium,14677.14,11420.0
2025-10-16,1,PT1H,MC-Ternium,13438.2,11420.0
2025-10-16,2,PT1H,MC-Ternium,11951.12,11420.0
2025-10-16,3,PT1H,MC-Ternium,14946.88,11420.0
2025-10-16,4,PT1H,MC-Ternium,14420.36,11420.0
2025-10-16,5,PT1H,MC-Ternium,11095.48,11420.0
2025-10-16,6,PT1H,MC-Ternium,13984.7,11420.0
2025-10-16,7,PT1H,MC-Ternium,14504.6,11420.0
2025-10-16,8,PT1H,MC-Ternium,11102.78,11420.0
2025-10-16,9,PT1H,MC-Ternium,12709.1,11420.0
2025-10-16,10,PT1H,MC-Ternium,13736.22,11420.0
2025-10-16,11,PT1H,MC-Ternium,13418.84,11420.0
2025-10-16,12,PT1H,MC-Ternium,12503.84,11420.0
2025-10-16,13,PT1H,MC-Ternium,10499.48,11420.0
2025-10-16,14,PT1H,MC-Ternium,10677.82,11420.0
2025-10-16,15,PT1H,MC-Ternium,3342.58,11420.0
2025-10-16,16,PT1H,MC-Ternium,5184.08,11420.0
2025-10-16,17,PT1H,MC-Ternium,9089.72,11420.0
2025-10-16,18,PT1H,MC-Ternium,13842.42,11420.0
2025-10-16,19,PT1H,MC-Ternium,11931.58,11420.0
2025-10-16,20,PT1H,MC-Ternium,7250.2,11420.0
2025-10-16,21,PT1H,MC-Ternium,12534.0,11420.0
2025-10-16,22,PT1H,MC-Ternium,4912.68,11420.0
2025-10-16,23,PT1H,MC-Ternium,4999.5,11420.0
2025-10-16,24,PT1H,MC-Ternium,12436.68,11420.0
2025-10-17,1,PT1H,MC-Ternium,12546.18,11990.0
2025-10-17,2,PT1H,MC-Ternium,10506.56,11990.0
2025-10-17,3,PT1H,MC-Ternium,7600.44,11990.0
2025-10-17,4,PT1H,MC-Ternium,4523.68,11990.0
2025-10-17,5,PT1H,MC-Ternium,4470.34,11990.0
2025-10-17,6,PT1H,MC-Ternium,6773.06,11990.0
2025-10-17,7,PT1H,MC-Ternium,13906.12,11990.0
2025-10-17,8,PT1H,MC-Ternium,13147.94,11990.0
2025-10-17,9,PT1H,MC-Ternium,12924.58,11990.0
2025-10-17,10,PT1H,MC-Ternium,15429.08,11990.0
2025-10-17,11,PT1H,MC-Ternium,11787.84,11990.0
2025-10-17,12,PT1H,MC-Ternium,15358.8,11990.0
2025-10-17,13,PT1H,MC-Ternium,13475.44,11990.0
2025-10-17,14,PT1H,MC-Ternium,14949.24,11990.0
2025-10-17,15,PT1H,MC-Ternium,11558.06,11990.0
2025-10-17,16,PT1H,MC-Ternium,12499.7,11990.0
2025-10-17,17,PT1H,MC-Ternium,13640.82,11990.0
2025-10-17,18,PT1H,MC-Ternium,12658.4,11990.0
2025-10-17,19,PT1H,MC-Ternium,13845.4,11990.0
2025-10-17,20,PT1H,MC-Ternium,13346.18,11990.0
2025-10-17,21,PT1H,MC-Ternium,12136.9,11990.0
2025-10-17,22,PT1H,MC-Ternium,12239.64,11990.0
2025-10-17,23,PT1H,MC-Ternium,10361.4,11990.0
2025-10-17,24,PT1H,MC-Ternium,14260.84,11990.0
2025-10-18,1,PT1H,MC-Ternium,6783.6,6670.0
2025-10-18,2,PT1H,MC-Ternium,7387.03,6670.0
2025-10-18,3,PT1H,MC-Ternium,3440.33,6670.0
2025-10-18,4,PT1H,MC-Ternium,2979.78,6670.0
2025-10-18,5,PT1H,MC-Ternium,3969.19,6670.0
2025-10-18,6,PT1H,MC-Ternium,4773.23,6670.0
2025-10-18,7,PT1H,MC-Ternium,4029.94,6670.0
2025-10-18,8,PT1H,MC-Ternium,5833.08,6670.0
2025-10-18,9,PT1H,MC-Ternium,3581.32,6670.0
2025-10-18,10,PT1H,MC-Ternium,6210.3,6670.0
2025-10-18,11,PT1H,MC-Ternium,3847.67,6670.0
2025-10-18,12,PT1H,MC-Ternium,6571.04,6670.0
2025-10-18,13,PT1H,MC-Ternium,5880.25,6670.0
2025-10-18,14,PT1H,MC-Ternium,6506.23,6670.0
2025-10-18,15,PT1H,MC-Ternium,6165.54,6670.0
2025-10-18,16,PT1H,MC-Ternium,5225.3,6670.0
2025-10-18,17,PT1H,MC-Ternium,6889.82,6670.0
2025-10-18,18,PT1H,MC-Ternium,6902.07,6670.0
2025-10-18,19,PT1H,MC-Ternium,6530.88,6670.0
2025-10-18,20,PT1H,MC-Ternium,6449.59,6670.0
2025-10-18,21,PT1H,MC-Ternium,4397.71,6670.0
2025-10-18,22,PT1H,MC-Ternium,6848.74,6670.0
2025-10-18,23,PT1H,MC-Ternium,6498.64,6670.0
2025-10-18,24,PT1H,MC-Ternium,6886.68,6670.0
2025-10-19,1,PT1H,MC-Ternium,4566.41,5675.0
2025-10-19,2,PT1H,MC-Ternium,5893.61,5675.0
2025-10-19,3,PT1H,MC-Ternium,5790.07,5675.0
2025-10-19,4,PT1H,MC-Ternium,6372.84,5675.0
2025-10-19,5,PT1H,MC-Ternium,7063.86,5675.0
2025-10-19,6,PT1H,MC-Ternium,5024.9,5675.0
2025-10-19,7,PT1H,MC-Ternium,6551.09,5675.0
2025-10-19,8,PT1H,MC-Ternium,6211.79,5675.0
2025-10-19,9,PT1H,MC-Ternium,6922.72,5675.0
2025-10-19,10,PT1H,MC-Ternium,4922.48,5675.0
2025-10-19,11,PT1H,MC-Ternium,6918.06,5675.0
2025-10-19,12,PT1H,MC-Ternium,3630.75,5675.0
2025-10-19,13,PT1H,MC-Ternium,5178.49,5675.0
2025-10-19,14,PT1H,MC-Ternium,4303.03,5675.0
2025-10-19,15,PT1H,MC-Ternium,6730.73,5675.0
2025-10-19,16,PT1H,MC-Ternium,7427.6,5675.0
2025-10-19,17,PT1H,MC-Ternium,5750.1,5675.0
2025-10-19,18,PT1H,MC-Ternium,4789.16,5675.0
2025-10-19,19,PT1H,MC-Ternium,6570.99,5675.0
2025-10-19,20,PT1H,MC-Ternium,4201.36,5675.0
2025-10-19,21,PT1H,MC-Ternium,4964.11,5675.0
2025-10-19,22,PT1H,MC-Ternium,5669.3,5675.0
2025-10-19,23,PT1H,MC-Ternium,6432.13,5675.0
2025-10-19,24,PT1H,MC-Ternium,6418.12,5675.0
2025-10-20,1,PT1H,MC-Ternium,15201.94,11950.0
2025-10-20,2,PT1H,MC-Ternium,14184.52,11950.0
2025-10-20,3,PT1H,MC-Ternium,15147.56,11950.0
2025-10-20,4,PT1H,MC-Ternium,10411.6,11950.0
2025-10-20,5,PT1H,MC-Ternium,12944.46,11950.0
2025-10-20,6,PT1H,MC-Ternium,15983.88,11950.0
2025-10-20,7,PT1H,MC-Ternium,9947.86,11950.0
2025-10-20,8,PT1H,MC-Ternium,11939.98,11950.0
2025-10-20,9,PT1H,MC-Ternium,10466.4,11950.0
2025-10-20,10,PT1H,MC-Ternium,3880.34,11950.0
2025-10-20,11,PT1H,MC-Ternium,5672.2,11950.0
2025-10-20,12,PT1H,MC-Ternium,9422.64,11950.0
2025-10-20,13,PT1H,MC-Ternium,8408.06,11950.0
2025-10-20,14,PT1H,MC-Ternium,12733.84,11950.0
2025-10-20,15,PT1H,MC-Ternium,12414.44,11950.0
2025-10-20,16,PT1H,MC-Ternium,14376.42,11950.0
2025-10-20,17,PT1H,MC-Ternium,13518.06,11950.0
2025-10-20,18,PT1H,MC-Ternium,12753.0,11950.0
2025-10-20,19,PT1H,MC-Ternium,11394.52,11950.0
2025-10-20,20,PT1H,MC-Ternium,10267.52,11950.0
2025-10-20,21,PT1H,MC-Ternium,11318.98,11950.0
2025-10-20,22,PT1H,MC-Ternium,12091.34,11950.0
2025-10-20,23,PT1H,MC-Ternium,4670.24,11950.0
2025-10-20,24,PT1H,MC-Ternium,3935.44,11950.0
2025-10-21,1,PT1H,MC-Ternium,5980.56,11950.0
2025-10-21,2,PT1H,MC-Ternium,10423.6,11950.0
2025-10-21,3,PT1H,MC-Ternium,6577.52,11950.0
2025-10-21,4,PT1H,MC-Ternium,11038.2,11950.0
2025-10-21,5,PT1H,MC-Ternium,11212.18,11950.0
2025-10-21,6,PT1H,MC-Ternium,14614.62,11950.0
2025-10-21,7,PT1H,MC-Ternium,9290.26,11950.0
2025-10-21,8,PT1H,MC-Ternium,7550.88,11950.0
2025-10-21,9,PT1H,MC-Ternium,11128.98,11950.0
2025-10-21,10,PT1H,MC-Ternium,9036.28,11950.0
2025-10-21,11,PT1H,MC-Ternium,12508.46,11950.0
2025-10-21,12,PT1H,MC-Ternium,11606.86,11950.0
2025-10-21,13,PT1H,MC-Ternium,10906.5,11950.0
2025-10-21,14,PT1H,MC-Ternium,8462.26,11950.0
2025-10-21,15,PT1H,MC-Ternium,9993.86,11950.0
2025-10-21,16,PT1H,MC-Ternium,12943.62,11950.0
2025-10-21,17,PT1H,MC-Ternium,13248.88,11950.0
2025-10-21,18,PT1H,MC-Ternium,12976.36,11950.0
2025-10-21,19,PT1H,MC-Ternium,6716.12,11950.0
2025-10-21,20,PT1H,MC-Ternium,8097.74,11950.0
2025-10-21,21,PT1H,MC-Ternium,11826.52,11950.0
2025-10-21,22,PT1H,MC-Ternium,12850.08,11950.0
2025-10-21,23,PT1H,MC-Ternium,11419.98,11950.0
2025-10-21,24,PT1H,MC-Ternium,11124.96,11950.0
2025-10-22,1,PT1H,MC-Ternium,13689.0,11750.0
2025-10-22,2,PT1H,MC-Ternium,8502.68,11750.0
2025-10-22,3,PT1H,MC-Ternium,11349.8,11750.0
2025-10-22,4,PT1H,MC-Ternium,8707.28,11750.0
2025-10-22,5,PT1H,MC-Ternium,11301.16,11750.0
2025-10-22,6,PT1H,MC-Ternium,8512.1,11750.0
2025-10-22,7,PT1H,MC-Ternium,10164.12,11750.0
2025-10-22,8,PT1H,MC-Ternium,8277.36,11750.0
2025-10-22,9,PT1H,MC-Ternium,8604.5,11750.0
2025-10-22,10,PT1H,MC-Ternium,4328.02,11750.0
2025-10-22,11,PT1H,MC-Ternium,4193.22,11750.0
2025-10-22,12,PT1H,MC-Ternium,4226.14,11750.0
2025-10-22,13,PT1H,MC-Ternium,5855.58,11750.0
2025-10-22,14,PT1H,MC-Ternium,4719.38,11750.0
2025-10-22,15,PT1H,MC-Ternium,6463.8,11750.0
2025-10-22,16,PT1H,MC-Ternium,7284.56,11750.0
2025-10-22,17,PT1H,MC-Ternium,7857.56,11750.0
2025-10-22,18,PT1H,MC-Ternium,7057.92,11750.0
2025-10-22,19,PT1H,MC-Ternium,5538.32,11750.0
2025-10-22,20,PT1H,MC-Ternium,7429.26,11750.0
2025-10-22,21,PT1H,MC-Ternium,7554.5,11750.0
2025-10-22,22,PT1H,MC-Ternium,8738.2,11750.0
2025-10-22,23,PT1H,MC-Ternium,7659.12,11750.0
2025-10-22,24,PT1H,MC-Ternium,9667.96,11750.0
2025-10-23,1,PT1H,MC-Ternium,7013.26,11350.0
2025-10-23,2,PT1H,MC-Ternium,7815.3,11350.0
2025-10-23,3,PT1H,MC-Ternium,9303.6,11350.0
2025-10-23,4,PT1H,MC-Ternium,8204.82,11350.0
2025-10-23,5,PT1H,MC-Ternium,7525.86,11350.0
2025-10-23,6,PT1H,MC-Ternium,4599.04,11350.0
2025-10-23,7,PT1H,MC-Ternium,5251.0,11350.0
2025-10-23,8,PT1H,MC-Ternium,5640.02,11350.0
2025-10-23,9,PT1H,MC-Ternium,7039.34,11350.0
2025-10-23,10,PT1H,MC-Ternium,8459.76,11350.0
2025-10-23,11,PT1H,MC-Ternium,7095.7,11350.0
2025-10-23,12,PT1H,MC-Ternium,9574.48,11350.0
2025-10-23,13,PT1H,MC-Ternium,9296.0,11350.0
2025-10-23,14,PT1H,MC-Ternium,8665.4,11350.0
2025-10-23,15,PT1H,MC-Ternium,9175.0,11350.0
2025-10-23,16,PT1H,MC-Ternium,9005.6,11350.0
2025-10-23,17,PT1H,MC-Ternium,9381.58,11350.0
2025-10-23,18,PT1H,MC-Ternium,6752.84,11350.0
2025-10-23,19,PT1H,MC-Ternium,5910.24,11350.0
2025-10-23,20,PT1H,MC-Ternium,8034.44,11350.0
2025-10-23,21,PT1H,MC-Ternium,8473.4,11350.0
2025-10-23,22,PT1H,MC-Ternium,9598.18,11350.0
2025-10-23,23,PT1H,MC-Ternium,8867.58,11350.0
2025-10-23,24,PT1H,MC-Ternium,6093.36,11350.0
2025-10-24,1,PT1H,MC-Ternium,9442.18,11090.0
2025-10-24,2,PT1H,MC-Ternium,8088.24,11090.0
2025-10-24,3,PT1H,MC-Ternium,8295.54,11090.0
2025-10-24,4,PT1H,MC-Ternium,9314.08,11090.0
2025-10-24,5,PT1H,MC-Ternium,6890.72,11090.0
2025-10-24,6,PT1H,MC-Ternium,7989.54,11090.0
2025-10-24,7,PT1H,MC-Ternium,8484.78,11090.0
2025-10-24,8,PT1H,MC-Ternium,8222.18,11090.0
2025-10-24,9,PT1H,MC-Ternium,9587.74,11090.0
2025-10-24,10,PT1H,MC-Ternium,8028.28,11090.0
2025-10-24,11,PT1H,MC-Ternium,6217.28,11090.0
2025-10-24,12,PT1H,MC-Ternium,3514.1,11090.0
2025-10-24,13,PT1H,MC-Ternium,3466.96,11090.0
2025-10-24,14,PT1H,MC-Ternium,3454.6,11090.0
2025-10-24,15,PT1H,MC-Ternium,3633.0,11090.0
2025-10-24,16,PT1H,MC-Ternium,5199.22,11090.0
2025-10-24,17,PT1H,MC-Ternium,5641.54,11090.0
2025-10-24,18,PT1H,MC-Ternium,6445.58,11090.0
2025-10-24,19,PT1H,MC-Ternium,8451.86,11090.0
2025-10-24,20,PT1H,MC-Ternium,8386.78,11090.0
2025-10-24,21,PT1H,MC-Ternium,11726.38,11090.0
2025-10-24,22,PT1H,MC-Ternium,7756.78,11090.0
2025-10-24,23,PT1H,MC-Ternium,8262.3,11090.0
2025-10-24,24,PT1H,MC-Ternium,12459.54,11090.0
2025-10-25,1,PT1H,MC-Ternium,6496.19,5235.0
2025-10-25,2,PT1H,MC-Ternium,4981.08,5235.0
2025-10-25,3,PT1H,MC-Ternium,5623.97,5235.0
2025-10-25,4,PT1H,MC-Ternium,7333.11,5235.0
2025-10-25,5,PT1H,MC-Ternium,3856.65,5235.0
2025-10-25,6,PT1H,MC-Ternium,5281.28,5235.0
2025-10-25,7,PT1H,MC-Ternium,6732.37,5235.0
2025-10-25,8,PT1H,MC-Ternium,6297.45,5235.0
2025-10-25,9,PT1H,MC-Ternium,5268.69,5235.0
2025-10-25,10,PT1H,MC-Ternium,6478.07,5235.0
2025-10-25,11,PT1H,MC-Ternium,6699.64,5235.0
2025-10-25,12,PT1H,MC-Ternium,6070.01,5235.0
2025-10-25,13,PT1H,MC-Ternium,5305.67,5235.0
2025-10-25,14,PT1H,MC-Ternium,7213.39,5235.0
2025-10-25,15,PT1H,MC-Ternium,5121.66,5235.0
2025-10-25,16,PT1H,MC-Ternium,6402.03,5235.0
2025-10-25,17,PT1H,MC-Ternium,6108.69,5235.0
2025-10-25,18,PT1H,MC-Ternium,5933.42,5235.0
2025-10-25,19,PT1H,MC-Ternium,7373.2,5235.0
2025-10-25,20,PT1H,MC-Ternium,4168.9,5235.0
2025-10-25,21,PT1H,MC-Ternium,3959.93,5235.0
2025-10-25,22,PT1H,MC-Ternium,5023.9,5235.0
2025-10-25,23,PT1H,MC-Ternium,6415.21,5235.0
2025-10-25,24,PT1H,MC-Ternium,6844.36,5235.0
2025-10-26,1,PT1H,MC-Ternium,6679.98,5456.0
2025-10-26,2,PT1H,MC-Ternium,6678.86,5456.0
2025-10-26,3,PT1H,MC-Ternium,6683.63,5456.0
2025-10-26,4,PT1H,MC-Ternium,7007.84,5456.0
2025-10-26,5,PT1H,MC-Ternium,7530.99,5456.0
2025-10-26,6,PT1H,MC-Ternium,7575.5,5456.0
2025-10-26,7,PT1H,MC-Ternium,4838.54,5456.0
2025-10-26,8,PT1H,MC-Ternium,5670.07,5456.0
2025-10-26,9,PT1H,MC-Ternium,6944.33,5456.0
2025-10-26,10,PT1H,MC-Ternium,6991.0,5456.0
2025-10-26,11,PT1H,MC-Ternium,7163.3,5456.0
2025-10-26,12,PT1H,MC-Ternium,6211.32,5456.0
2025-10-26,13,PT1H,MC-Ternium,3204.73,5456.0
2025-10-26,14,PT1H,MC-Ternium,7147.38,5456.0
2025-10-26,15,PT1H,MC-Ternium,6029.34,5456.0
2025-10-26,16,PT1H,MC-Ternium,5832.27,5456.0
2025-10-26,17,PT1H,MC-Ternium,6337.55,5456.0
2025-10-26,18,PT1H,MC-Ternium,6948.85,5456.0
2025-10-26,19,PT1H,MC-Ternium,7068.25,5456.0
2025-10-26,20,PT1H,MC-Ternium,6686.24,5456.0
2025-10-26,21,PT1H,MC-Ternium,6791.8,5456.0
2025-10-26,22,PT1H,MC-Ternium,5304.82,5456.0
2025-10-26,23,PT1H,MC-Ternium,6182.51,5456.0
2025-10-26,24,PT1H,MC-Ternium,6847.33,5456.0
2025-10-27,1,PT1H,MC-Ternium,15170.72,10912.0
2025-10-27,2,PT1H,MC-Ternium,13857.36,10912.0
2025-10-27,3,PT1H,MC-Ternium,15248.46,10912.0
2025-10-27,4,PT1H,MC-Ternium,12515.18,10912.0
2025-10-27,5,PT1H,MC-Ternium,13189.24,10912.0
2025-10-27,6,PT1H,MC-Ternium,15347.38,10912.0
2025-10-27,7,PT1H,MC-Ternium,12708.64,10912.0
2025-10-27,8,PT1H,MC-Ternium,13612.74,10912.0
2025-10-27,9,PT1H,MC-Ternium,14732.34,10912.0
2025-10-27,10,PT1H,MC-Ternium,9473.24,10912.0
2025-10-27,11,PT1H,MC-Ternium,12698.52,10912.0
2025-10-27,12,PT1H,MC-Ternium,11759.0,10912.0
2025-10-27,13,PT1H,MC-Ternium,13740.06,10912.0
2025-10-27,14,PT1H,MC-Ternium,13390.06,10912.0
2025-10-27,15,PT1H,MC-Ternium,13769.06,10912.0
2025-10-27,16,PT1H,MC-Ternium,13500.88,10912.0
2025-10-27,17,PT1H,MC-Ternium,13269.46,10912.0
2025-10-27,18,PT1H,MC-Ternium,14028.52,10912.0
2025-10-27,19,PT1H,MC-Ternium,11896.86,10912.0
2025-10-27,20,PT1H,MC-Ternium,13618.06,10912.0
2025-10-27,21,PT1H,MC-Ternium,12397.88,10912.0
2025-10-27,22,PT1H,MC-Ternium,13073.2,10912.0
2025-10-27,23,PT1H,MC-Ternium,5920.6,10912.0
2025-10-27,24,PT1H,MC-Ternium,7968.8,10912.0
2025-10-28,1,PT1H,MC-Ternium,14096.96,11750.0
2025-10-28,2,PT1H,MC-Ternium,13396.04,11750.0
2025-10-28,3,PT1H,MC-Ternium,12607.08,11750.0
2025-10-28,4,PT1H,MC-Ternium,9865.8,11750.0
2025-10-28,5,PT1H,MC-Ternium,8222.42,11750.0
2025-10-28,6,PT1H,MC-Ternium,7127.68,11750.0
2025-10-28,7,PT1H,MC-Ternium,9489.62,11750.0
2025-10-28,8,PT1H,MC-Ternium,8911.48,11750.0
2025-10-28,9,PT1H,MC-Ternium,7612.38,11750.0
2025-10-28,10,PT1H,MC-Ternium,4205.18,11750.0
2025-10-28,11,PT1H,MC-Ternium,5211.74,11750.0
2025-10-28,12,PT1H,MC-Ternium,11766.14,11750.0
2025-10-28,13,PT1H,MC-Ternium,11652.18,11750.0
2025-10-28,14,PT1H,MC-Ternium,10189.34,11750.0
2025-10-28,15,PT1H,MC-Ternium,13434.28,11750.0
2025-10-28,16,PT1H,MC-Ternium,14273.9,11750.0
2025-10-28,17,PT1H,MC-Ternium,14646.64,11750.0
2025-10-28,18,PT1H,MC-Ternium,9565.58,11750.0
2025-10-28,19,PT1H,MC-Ternium,12857.56,11750.0
2025-10-28,20,PT1H,MC-Ternium,13894.7,11750.0
2025-10-28,21,PT1H,MC-Ternium,14006.36,11750.0
2025-10-28,22,PT1H,MC-Ternium,13008.16,11750.0
2025-10-28,23,PT1H,MC-Ternium,13841.6,11750.0
2025-10-28,24,PT1H,MC-Ternium,13320.02,11750.0
2025-10-29,1,PT1H,MC-Ternium,13264.16,14912.0
2025-10-29,2,PT1H,MC-Ternium,6450.42,14912.0
2025-10-29,3,PT1H,MC-Ternium,8240.94,14912.0
2025-10-29,4,PT1H,MC-Ternium,7488.2,14912.0
2025-10-29,5,PT1H,MC-Ternium,9810.26,14912.0
2025-10-29,6,PT1H,MC-Ternium,11186.64,14912.0
2025-10-29,7,PT1H,MC-Ternium,9434.2,14912.0
2025-10-29,8,PT1H,MC-Ternium,11534.12,14912.0
2025-10-29,9,PT1H,MC-Ternium,13441.4,14912.0
2025-10-29,10,PT1H,MC-Ternium,14053.44,14912.0
2025-10-29,11,PT1H,MC-Ternium,13628.68,14912.0
2025-10-29,12,PT1H,MC-Ternium,13363.62,14912.0
2025-10-29,13,PT1H,MC-Ternium,14638.52,14912.0
2025-10-29,14,PT1H,MC-Ternium,13789.32,14912.0
2025-10-29,15,PT1H,MC-Ternium,14724.52,14912.0
2025-10-29,16,PT1H,MC-Ternium,12205.52,14912.0
2025-10-29,17,PT1H,MC-Ternium,11328.06,14912.0
2025-10-29,18,PT1H,MC-Ternium,12135.62,14912.0
2025-10-29,19,PT1H,MC-Ternium,13284.1,14912.0
2025-10-29,20,PT1H,MC-Ternium,12202.3,14912.0
2025-10-29,21,PT1H,MC-Ternium,13909.24,14912.0
2025-10-29,22,PT1H,MC-Ternium,10037.92,14912.0
2025-10-29,23,PT1H,MC-Ternium,13764.12,14912.0
2025-10-29,24,PT1H,MC-Ternium,12239.56,14912.0
2025-10-30,1,PT1H,MC-Ternium,11621.58,12750.0
2025-10-30,2,PT1H,MC-Ternium,12259.98,12750.0
2025-10-30,3,PT1H,MC-Ternium,10630.1,12750.0
2025-10-30,4,PT1H,MC-Ternium,8424.68,12750.0
2025-10-30,5,PT1H,MC-Ternium,8736.0,12750.0
2025-10-30,6,PT1H,MC-Ternium,12604.72,12750.0
2025-10-30,7,PT1H,MC-Ternium,13318.64,12750.0
2025-10-30,8,PT1H,MC-Ternium,11635.6,12750.0
2025-10-30,9,PT1H,MC-Ternium,12027.08,12750.0
2025-10-30,10,PT1H,MC-Ternium,14154.12,12750.0
2025-10-30,11,PT1H,MC-Ternium,11870.34,12750.0
2025-10-30,12,PT1H,MC-Ternium,7320.44,12750.0
2025-10-30,13,PT1H,MC-Ternium,11907.18,12750.0
2025-10-30,14,PT1H,MC-Ternium,12076.62,12750.0
2025-10-30,15,PT1H,MC-Ternium,11176.46,12750.0
2025-10-30,16,PT1H,MC-Ternium,13164.1,12750.0
2025-10-30,17,PT1H,MC-Ternium,13559.44,12750.0
2025-10-30,18,PT1H,MC-Ternium,14847.06,12750.0
2025-10-30,19,PT1H,MC-Ternium,14061.68,12750.0
2025-10-30,20,PT1H,MC-Ternium,8085.44,12750.0
2025-10-30,21,PT1H,MC-Ternium,12025.48,12750.0
2025-10-30,22,PT1H,MC-Ternium,12287.68,12750.0
2025-10-30,23,PT1H,MC-Ternium,12230.78,12750.0
2025-10-30,24,PT1H,MC-Ternium,11915.24,12750.0
2025-10-31,1,PT1H,MC-Ternium,14376.52,14912.0
2025-10-31,2,PT1H,MC-Ternium,14187.6,14912.0
2025-10-31,3,PT1H,MC-Ternium,14836.22,14912.0
2025-10-31,4,PT1H,MC-Ternium,12982.46,14912.0
2025-10-31,5,PT1H,MC-Ternium,12638.9,14912.0
2025-10-31,6,PT1H,MC-Ternium,14707.84,14912.0
2025-10-31,7,PT1H,MC-Ternium,12877.96,14912.0
2025-10-31,8,PT1H,MC-Ternium,11371.64,14912.0
2025-10-31,9,PT1H,MC-Ternium,4324.44,14912.0
2025-10-31,10,PT1H,MC-Ternium,6657.94,14912.0
2025-10-31,11,PT1H,MC-Ternium,10804.0,14912.0
2025-10-31,12,PT1H,MC-Ternium,12698.22,14912.0
2025-10-31,13,PT1H,MC-Ternium,11900.28,14912.0
2025-10-31,14,PT1H,MC-Ternium,11465.36,14912.0
2025-10-31,15,PT1H,MC-Ternium,12521.9,14912.0
2025-10-31,16,PT1H,MC-Ternium,9374.26,14912.0
2025-10-31,17,PT1H,MC-Ternium,11816.9,14912.0
2025-10-31,18,PT1H,MC-Ternium,9598.6,14912.0
2025-10-31,19,PT1H,MC-Ternium,9870.96,14912.0
2025-10-31,20,PT1H,MC-Ternium,11050.52,14912.0
2025-10-31,21,PT1H,MC-Ternium,12364.06,14912.0
2025-10-31,22,PT1H,MC-Ternium,13025.68,14912.0
2025-10-31,23,PT1H,MC-Ternium,7803.5,14912.0
2025-10-31,24,PT1H,MC-Ternium,10537.74,14912.0
2025-11-01,1,PT1H,MC-Ternium,5427.13,6175.0
2025-11-01,2,PT1H,MC-Ternium,5816.21,6175.0
2025-11-01,3,PT1H,MC-Ternium,6823.48,6175.0
2025-11-01,4,PT1H,MC-Ternium,6613.32,6175.0
2025-11-01,5,PT1H,MC-Ternium,7611.67,6175.0
2025-11-01,6,PT1H,MC-Ternium,6284.19,6175.0
2025-11-01,7,PT1H,MC-Ternium,5533.79,6175.0
2025-11-01,8,PT1H,MC-Ternium,5079.68,6175.0
2025-11-01,9,PT1H,MC-Ternium,5354.07,6175.0
2025-11-01,10,PT1H,MC-Ternium,6360.52,6175.0
2025-11-01,11,PT1H,MC-Ternium,2749.0,6175.0
2025-11-01,12,PT1H,MC-Ternium,2035.19,6175.0
2025-11-01,13,PT1H,MC-Ternium,2082.24,6175.0
2025-11-01,14,PT1H,MC-Ternium,2054.21,6175.0
2025-11-01,15,PT1H,MC-Ternium,4279.45,6175.0
2025-11-01,16,PT1H,MC-Ternium,5743.87,6175.0
2025-11-01,17,PT1H,MC-Ternium,6590.58,6175.0
2025-11-01,18,PT1H,MC-Ternium,6392.72,6175.0
2025-11-01,19,PT1H,MC-Ternium,4420.43,6175.0
2025-11-01,20,PT1H,MC-Ternium,6913.63,6175.0
2025-11-01,21,PT1H,MC-Ternium,5636.88,6175.0
2025-11-01,22,PT1H,MC-Ternium,5468.89,6175.0
2025-11-01,23,PT1H,MC-Ternium,7180.79,6175.0
2025-11-01,24,PT1H,MC-Ternium,7051.91,6175.0
2025-11-02,1,PT1H,MC-Ternium,5691.76,5875.0
2025-11-02,2,PT1H,MC-Ternium,5920.07,5875.0
2025-11-02,3,PT1H,MC-Ternium,7109.99,5875.0
2025-11-02,4,PT1H,MC-Ternium,6466.33,5875.0
2025-11-02,5,PT1H,MC-Ternium,7262.66,5875.0
2025-11-02,6,PT1H,MC-Ternium,7117.45,5875.0
2025-11-02,7,PT1H,MC-Ternium,5736.84,5875.0
2025-11-02,8,PT1H,MC-Ternium,6134.97,5875.0
2025-11-02,9,PT1H,MC-Ternium,3436.33,5875.0
2025-11-02,10,PT1H,MC-Ternium,5248.62,5875.0
2025-11-02,11,PT1H,MC-Ternium,6615.01,5875.0
2025-11-02,12,PT1H,MC-Ternium,6809.98,5875.0
2025-11-02,13,PT1H,MC-Ternium,6168.66,5875.0
2025-11-02,14,PT1H,MC-Ternium,6397.97,5875.0
2025-11-02,15,PT1H,MC-Ternium,5850.27,5875.0
2025-11-02,16,PT1H,MC-Ternium,6900.86,5875.0
2025-11-02,17,PT1H,MC-Ternium,4917.42,5875.0
2025-11-02,18,PT1H,MC-Ternium,6280.65,5875.0
2025-11-02,19,PT1H,MC-Ternium,6751.63,5875.0
2025-11-02,20,PT1H,MC-Ternium,6157.28,5875.0
2025-11-02,21,PT1H,MC-Ternium,6325.09,5875.0
2025-11-02,22,PT1H,MC-Ternium,6741.09,5875.0
2025-11-02,23,PT1H,MC-Ternium,7257.58,5875.0
2025-11-02,24,PT1H,MC-Ternium,5370.93,5875.0
2025-11-03,1,PT1H,MC-Ternium,7320.31,5750.0
2025-11-03,2,PT1H,MC-Ternium,6644.19,5750.0
2025-11-03,3,PT1H,MC-Ternium,6971.5,5750.0
2025-11-03,4,PT1H,MC-Ternium,3844.15,5750.0
2025-11-03,5,PT1H,MC-Ternium,1795.51,5750.0
2025-11-03,6,PT1H,MC-Ternium,775.11,5750.0
2025-11-03,7,PT1H,MC-Ternium,0.0,5750.0
2025-11-03,8,PT1H,MC-Ternium,0.0,5750.0
2025-11-03,9,PT1H,MC-Ternium,0.0,5750.0
2025-11-03,10,PT1H,MC-Ternium,0.0,5750.0
2025-11-03,11,PT1H,MC-Ternium,0.0,5750.0
2025-11-03,12,PT1H,MC-Ternium,0.0,5750.0
2025-11-03,13,PT1H,MC-Ternium,0.0,5750.0
2025-11-03,14,PT1H,MC-Ternium,0.0,5750.0
2025-11-03,15,PT1H,MC-Ternium,0.0,5750.0
2025-11-03,16,PT1H,MC-Ternium,0.0,5750.0
2025-11-03,17,PT1H,MC-Ternium,0.0,5750.0
2025-11-03,18,PT1H,MC-Ternium,0.0,5750.0
2025-11-03,19,PT1H,MC-Ternium,0.0,5750.0
2025-11-03,20,PT1H,MC-Ternium,0.0,5750.0
2025-11-03,21,PT1H,MC-Ternium,0.0,5750.0
2025-11-03,22,PT1H,MC-Ternium,0.0,5750.0
2025-11-03,23,PT1H,MC-Ternium,0.0,5750.0
2025-11-03,24,PT1H,MC-Ternium,0.0,5750.0
2025-11-04,1,PT1H,MC-Ternium,0.0,5575.0
2025-11-04,2,PT1H,MC-Ternium,101.83,5575.0
2025-11-04,3,PT1H,MC-Ternium,869.91,5575.0
2025-11-04,4,PT1H,MC-Ternium,1497.54,5575.0
2025-11-04,5,PT1H,MC-Ternium,2014.26,5575.0
2025-11-04,6,PT1H,MC-Ternium,2761.87,5575.0
2025-11-04,7,PT1H,MC-Ternium,3453.21,5575.0
2025-11-04,8,PT1H,MC-Ternium,4572.34,5575.0
2025-11-04,9,PT1H,MC-Ternium,6091.08,5575.0
2025-11-04,10,PT1H,MC-Ternium,7002.55,5575.0
2025-11-04,11,PT1H,MC-Ternium,7268.96,5575.0
2025-11-04,12,PT1H,MC-Ternium,3282.06,5575.0
2025-11-04,13,PT1H,MC-Ternium,5102.17,5575.0
2025-11-04,14,PT1H,MC-Ternium,2617.03,5575.0
2025-11-04,15,PT1H,MC-Ternium,2822.6,5575.0
2025-11-04,16,PT1H,MC-Ternium,3793.48,5575.0
2025-11-04,17,PT1H,MC-Ternium,5331.67,5575.0
2025-11-04,18,PT1H,MC-Ternium,6182.7,5575.0
2025-11-04,19,PT1H,MC-Ternium,6307.04,5575.0
2025-11-04,20,PT1H,MC-Ternium,4528.67,5575.0
2025-11-04,21,PT1H,MC-Ternium,3840.95,5575.0
2025-11-04,22,PT1H,MC-Ternium,4890.06,5575.0
2025-11-04,23,PT1H,MC-Ternium,6022.8,5575.0
2025-11-04,24,PT1H,MC-Ternium,5855.04,5575.0
2025-11-05,1,PT1H,MC-Ternium,5660.56,6125.0
2025-11-05,2,PT1H,MC-Ternium,6137.05,6125.0
2025-11-05,3,PT1H,MC-Ternium,7113.16,6125.0
2025-11-05,4,PT1H,MC-Ternium,6859.68,6125.0
2025-11-05,5,PT1H,MC-Ternium,6257.51,6125.0
2025-11-05,6,PT1H,MC-Ternium,6854.62,6125.0
2025-11-05,7,PT1H,MC-Ternium,6248.7,6125.0
2025-11-05,8,PT1H,MC-Ternium,6364.61,6125.0
2025-11-05,9,PT1H,MC-Ternium,6527.73,6125.0
2025-11-05,10,PT1H,MC-Ternium,5677.28,6125.0
2025-11-05,11,PT1H,MC-Ternium,6637.69,6125.0
2025-11-05,12,PT1H,MC-Ternium,7010.23,6125.0
2025-11-05,13,PT1H,MC-Ternium,7755.16,6125.0
2025-11-05,14,PT1H,MC-Ternium,4285.85,6125.0
2025-11-05,15,PT1H,MC-Ternium,4662.36,6125.0
2025-11-05,16,PT1H,MC-Ternium,6880.63,6125.0
2025-11-05,17,PT1H,MC-Ternium,6827.0,6125.0
2025-11-05,18,PT1H,MC-Ternium,5980.11,6125.0
2025-11-05,19,PT1H,MC-Ternium,4959.45,6125.0
2025-11-05,20,PT1H,MC-Ternium,3908.27,6125.0
2025-11-05,21,PT1H,MC-Ternium,4392.3,6125.0
2025-11-05,22,PT1H,MC-Ternium,4885.61,6125.0
2025-11-05,23,PT1H,MC-Ternium,6317.04,6125.0
2025-11-05,24,PT1H,MC-Ternium,4688.06,6125.0
2025-11-06,1,PT1H,MC-Ternium,6742.38,5725.0
2025-11-06,2,PT1H,MC-Ternium,6850.93,5725.0
2025-11-06,3,PT1H,MC-Ternium,6829.28,5725.0
2025-11-06,4,PT1H,MC-Ternium,6004.38,5725.0
2025-11-06,5,PT1H,MC-Ternium,6877.96,5725.0
2025-11-06,6,PT1H,MC-Ternium,7113.18,5725.0
2025-11-06,7,PT1H,MC-Ternium,7580.14,5725.0
2025-11-06,8,PT1H,MC-Ternium,5534.96,5725.0
2025-11-06,9,PT1H,MC-Ternium,7253.49,5725.0
2025-11-06,10,PT1H,MC-Ternium,7644.73,5725.0
2025-11-06,11,PT1H,MC-Ternium,6984.84,5725.0
2025-11-06,12,PT1H,MC-Ternium,6202.4,5725.0
2025-11-06,13,PT1H,MC-Ternium,7520.25,5725.0
2025-11-06,14,PT1H,MC-Ternium,7756.07,5725.0
2025-11-06,15,PT1H,MC-Ternium,4785.84,5725.0
2025-11-06,16,PT1H,MC-Ternium,5819.36,5725.0
2025-11-06,17,PT1H,MC-Ternium,4919.49,5725.0
2025-11-06,18,PT1H,MC-Ternium,5312.38,5725.0
2025-11-06,19,PT1H,MC-Ternium,6493.56,5725.0
2025-11-06,20,PT1H,MC-Ternium,7225.72,5725.0
2025-11-06,21,PT1H,MC-Ternium,4090.59,5725.0
2025-11-06,22,PT1H,MC-Ternium,7166.02,5725.0
2025-11-06,23,PT1H,MC-Ternium,7156.93,5725.0
2025-11-06,24,PT1H,MC-Ternium,7137.37,5725.0
2025-11-07,1,PT1H,MC-Ternium,7096.77,7456.0
2025-11-07,2,PT1H,MC-Ternium,7845.64,7456.0
2025-11-07,3,PT1H,MC-Ternium,7673.61,7456.0
2025-11-07,4,PT1H,MC-Ternium,6830.07,7456.0
2025-11-07,5,PT1H,MC-Ternium,6383.18,7456.0
2025-11-07,6,PT1H,MC-Ternium,6739.38,7456.0
2025-11-07,7,PT1H,MC-Ternium,4556.21,7456.0
2025-11-07,8,PT1H,MC-Ternium,5617.1,7456.0
2025-11-07,9,PT1H,MC-Ternium,3752.34,7456.0
2025-11-07,10,PT1H,MC-Ternium,2452.11,7456.0
2025-11-07,11,PT1H,MC-Ternium,5578.33,7456.0
2025-11-07,12,PT1H,MC-Ternium,4957.8,7456.0
2025-11-07,13,PT1H,MC-Ternium,6921.83,7456.0
2025-11-07,14,PT1H,MC-Ternium,6095.2,7456.0
2025-11-07,15,PT1H,MC-Ternium,4927.08,7456.0
2025-11-07,16,PT1H,MC-Ternium,5934.44,7456.0
2025-11-07,17,PT1H,MC-Ternium,6012.86,7456.0
2025-11-07,18,PT1H,MC-Ternium,6686.06,7456.0
2025-11-07,19,PT1H,MC-Ternium,7355.09,7456.0
2025-11-07,20,PT1H,MC-Ternium,7300.98,7456.0
2025-11-07,21,PT1H,MC-Ternium,6670.37,7456.0
2025-11-07,22,PT1H,MC-Ternium,5473.14,7456.0
2025-11-07,23,PT1H,MC-Ternium,6282.9,7456.0
2025-11-07,24,PT1H,MC-Ternium,6312.41,7456.0
2025-11-08,1,PT1H,MC-Ternium,6578.35,5975.0
2025-11-08,2,PT1H,MC-Ternium,6877.26,5975.0
2025-11-08,3,PT1H,MC-Ternium,5727.45,5975.0
2025-11-08,4,PT1H,MC-Ternium,5368.47,5975.0
2025-11-08,5,PT1H,MC-Ternium,6291.14,5975.0
2025-11-08,6,PT1H,MC-Ternium,5675.56,5975.0
2025-11-08,7,PT1H,MC-Ternium,6549.93,5975.0
2025-11-08,8,PT1H,MC-Ternium,6004.42,5975.0
2025-11-08,9,PT1H,MC-Ternium,7411.45,5975.0
2025-11-08,10,PT1H,MC-Ternium,7158.05,5975.0
2025-11-08,11,PT1H,MC-Ternium,7396.19,5975.0
2025-11-08,12,PT1H,MC-Ternium,5805.34,5975.0
2025-11-08,13,PT1H,MC-Ternium,4813.35,5975.0
2025-11-08,14,PT1H,MC-Ternium,7302.69,5975.0
2025-11-08,15,PT1H,MC-Ternium,7402.33,5975.0
2025-11-08,16,PT1H,MC-Ternium,7295.74,5975.0
2025-11-08,17,PT1H,MC-Ternium,7765.05,5975.0
2025-11-08,18,PT1H,MC-Ternium,6949.76,5975.0
2025-11-08,19,PT1H,MC-Ternium,3225.85,5975.0
2025-11-08,20,PT1H,MC-Ternium,3397.66,5975.0
2025-11-08,21,PT1H,MC-Ternium,6312.16,5975.0
2025-11-08,22,PT1H,MC-Ternium,6994.82,5975.0
2025-11-08,23,PT1H,MC-Ternium,5693.87,5975.0
2025-11-08,24,PT1H,MC-Ternium,7539.35,5975.0
2025-11-09,1,PT1H,MC-Ternium,7490.18,6575.0
2025-11-09,2,PT1H,MC-Ternium,7209.83,6575.0
2025-11-09,3,PT1H,MC-Ternium,6418.77,6575.0
2025-11-09,4,PT1H,MC-Ternium,7036.33,6575.0
2025-11-09,5,PT1H,MC-Ternium,7090.25,6575.0
2025-11-09,6,PT1H,MC-Ternium,5020.72,6575.0
2025-11-09,7,PT1H,MC-Ternium,5070.3,6575.0
2025-11-09,8,PT1H,MC-Ternium,5612.66,6575.0
2025-11-09,9,PT1H,MC-Ternium,5605.96,6575.0
2025-11-09,10,PT1H,MC-Ternium,4798.3,6575.0
2025-11-09,11,PT1H,MC-Ternium,4018.92,6575.0
2025-11-09,12,PT1H,MC-Ternium,6872.33,6575.0
2025-11-09,13,PT1H,MC-Ternium,5489.57,6575.0
2025-11-09,14,PT1H,MC-Ternium,7284.11,6575.0
2025-11-09,15,PT1H,MC-Ternium,7484.55,6575.0
2025-11-09,16,PT1H,MC-Ternium,6611.28,6575.0
2025-11-09,17,PT1H,MC-Ternium,6748.68,6575.0
2025-11-09,18,PT1H,MC-Ternium,7747.58,6575.0
2025-11-09,19,PT1H,MC-Ternium,6320.22,6575.0
2025-11-09,20,PT1H,MC-Ternium,4769.7,6575.0
2025-11-09,21,PT1H,MC-Ternium,7134.7,6575.0
2025-11-09,22,PT1H,MC-Ternium,6225.29,6575.0
2025-11-09,23,PT1H,MC-Ternium,7114.54,6575.0
2025-11-09,24,PT1H,MC-Ternium,7617.84,6575.0
2025-11-10,1,PT1H,MC-Ternium,7587.69,6125.0
2025-11-10,2,PT1H,MC-Ternium,6962.36,6125.0
2025-11-10,3,PT1H,MC-Ternium,6987.73,6125.0
2025-11-10,4,PT1H,MC-Ternium,5856.1,6125.0
2025-11-10,5,PT1H,MC-Ternium,3872.47,6125.0
2025-11-10,6,PT1H,MC-Ternium,4110.69,6125.0
2025-11-10,7,PT1H,MC-Ternium,6282.71,6125.0
2025-11-10,8,PT1H,MC-Ternium,6092.37,6125.0
2025-11-10,9,PT1H,MC-Ternium,6078.09,6125.0
2025-11-10,10,PT1H,MC-Ternium,6090.93,6125.0
2025-11-10,11,PT1H,MC-Ternium,4257.17,6125.0
2025-11-10,12,PT1H,MC-Ternium,3978.18,6125.0
2025-11-10,13,PT1H,MC-Ternium,4109.0,6125.0
2025-11-10,14,PT1H,MC-Ternium,3572.76,6125.0
2025-11-10,15,PT1H,MC-Ternium,5217.4,6125.0
2025-11-10,16,PT1H,MC-Ternium,5564.64,6125.0
2025-11-10,17,PT1H,MC-Ternium,3797.05,6125.0
2025-11-10,18,PT1H,MC-Ternium,5426.66,6125.0
2025-11-10,19,PT1H,MC-Ternium,5074.7,6125.0
2025-11-10,20,PT1H,MC-Ternium,6595.78,6125.0
2025-11-10,21,PT1H,MC-Ternium,6229.19,6125.0
2025-11-10,22,PT1H,MC-Ternium,5369.23,6125.0
2025-11-10,23,PT1H,MC-Ternium,6630.04,6125.0
2025-11-10,24,PT1H,MC-Ternium,6355.75,6125.0
2025-11-11,1,PT1H,MC-Ternium,6851.28,6315.0
2025-11-11,2,PT1H,MC-Ternium,5954.55,6315.0
2025-11-11,3,PT1H,MC-Ternium,6675.53,6315.0
2025-11-11,4,PT1H,MC-Ternium,5468.72,6315.0
2025-11-11,5,PT1H,MC-Ternium,4965.67,6315.0
2025-11-11,6,PT1H,MC-Ternium,6692.44,6315.0
2025-11-11,7,PT1H,MC-Ternium,3963.83,6315.0
2025-11-11,8,PT1H,MC-Ternium,2164.46,6315.0
2025-11-11,9,PT1H,MC-Ternium,2456.11,6315.0
2025-11-11,10,PT1H,MC-Ternium,4108.55,6315.0
2025-11-11,11,PT1H,MC-Ternium,5264.99,6315.0
2025-11-11,12,PT1H,MC-Ternium,6884.77,6315.0
2025-11-11,13,PT1H,MC-Ternium,5117.33,6315.0
2025-11-11,14,PT1H,MC-Ternium,4983.15,6315.0
2025-11-11,15,PT1H,MC-Ternium,7689.55,6315.0
2025-11-11,16,PT1H,MC-Ternium,8036.24,6315.0
2025-11-11,17,PT1H,MC-Ternium,8332.88,6315.0
2025-11-11,18,PT1H,MC-Ternium,4590.5,6315.0
2025-11-11,19,PT1H,MC-Ternium,6525.92,6315.0
2025-11-11,20,PT1H,MC-Ternium,7755.61,6315.0
2025-11-11,21,PT1H,MC-Ternium,4294.95,6315.0
2025-11-11,22,PT1H,MC-Ternium,7719.56,6315.0
2025-11-11,23,PT1H,MC-Ternium,8262.41,6315.0
2025-11-11,24,PT1H,MC-Ternium,6789.23,6315.0
2025-11-12,1,PT1H,MC-Ternium,8164.37,6375.0
2025-11-12,2,PT1H,MC-Ternium,7081.32,6375.0
2025-11-12,3,PT1H,MC-Ternium,5452.83,6375.0
2025-11-12,4,PT1H,MC-Ternium,4067.77,6375.0
2025-11-12,5,PT1H,MC-Ternium,5165.14,6375.0
2025-11-12,6,PT1H,MC-Ternium,6286.89,6375.0
2025-11-12,7,PT1H,MC-Ternium,3544.5,6375.0
2025-11-12,8,PT1H,MC-Ternium,1994.95,6375.0
2025-11-12,9,PT1H,MC-Ternium,1899.55,6375.0
2025-11-12,10,PT1H,MC-Ternium,1929.09,6375.0
2025-11-12,11,PT1H,MC-Ternium,2757.07,6375.0
2025-11-12,12,PT1H,MC-Ternium,5765.0,6375.0
2025-11-12,13,PT1H,MC-Ternium,7329.54,6375.0
2025-11-12,14,PT1H,MC-Ternium,4564.57,6375.0
2025-11-12,15,PT1H,MC-Ternium,3330.0,6375.0
2025-11-12,16,PT1H,MC-Ternium,7243.12,6375.0
2025-11-12,17,PT1H,MC-Ternium,8375.57,6375.0
2025-11-12,18,PT1H,MC-Ternium,8103.11,6375.0
2025-11-12,19,PT1H,MC-Ternium,8439.91,6375.0
2025-11-12,20,PT1H,MC-Ternium,8408.96,6375.0
2025-11-12,21,PT1H,MC-Ternium,6019.46,6375.0
2025-11-12,22,PT1H,MC-Ternium,7986.71,6375.0
2025-11-12,23,PT1H,MC-Ternium,8485.29,6375.0
2025-11-12,24,PT1H,MC-Ternium,8239.19,6375.0
2025-11-13,1,PT1H,MC-Ternium,5957.79,5975.0
2025-11-13,2,PT1H,MC-Ternium,7198.04,5975.0
2025-11-13,3,PT1H,MC-Ternium,7006.58,5975.0
2025-11-13,4,PT1H,MC-Ternium,8014.89,5975.0
2025-11-13,5,PT1H,MC-Ternium,5586.63,5975.0
2025-11-13,6,PT1H,MC-Ternium,3193.04,5975.0
2025-11-13,7,PT1H,MC-Ternium,5923.59,5975.0
2025-11-13,8,PT1H,MC-Ternium,6533.0,5975.0
2025-11-13,9,PT1H,MC-Ternium,6506.0,5975.0
2025-11-13,10,PT1H,MC-Ternium,5835.63,5975.0
2025-11-13,11,PT1H,MC-Ternium,5657.23,5975.0
2025-11-13,12,PT1H,MC-Ternium,8039.46,5975.0
2025-11-13,13,PT1H,MC-Ternium,7439.43,5975.0
2025-11-13,14,PT1H,MC-Ternium,7255.85,5975.0
2025-11-13,15,PT1H,MC-Ternium,7814.24,5975.0
2025-11-13,16,PT1H,MC-Ternium,7417.33,5975.0
2025-11-13,17,PT1H,MC-Ternium,7558.73,5975.0
2025-11-13,18,PT1H,MC-Ternium,3321.43,5975.0
2025-11-13,19,PT1H,MC-Ternium,4556.54,5975.0
2025-11-13,20,PT1H,MC-Ternium,5845.53,5975.0
2025-11-13,21,PT1H,MC-Ternium,4728.46,5975.0
2025-11-13,22,PT1H,MC-Ternium,7774.25,5975.0
2025-11-13,23,PT1H,MC-Ternium,7942.22,5975.0
2025-11-13,24,PT1H,MC-Ternium,8009.83,5975.0
2025-11-14,1,PT1H,MC-Ternium,7648.7,5975.0
2025-11-14,2,PT1H,MC-Ternium,6429.46,5975.0
2025-11-14,3,PT1H,MC-Ternium,4241.77,5975.0
2025-11-14,4,PT1H,MC-Ternium,6442.18,5975.0
2025-11-14,5,PT1H,MC-Ternium,7705.04,5975.0
2025-11-14,6,PT1H,MC-Ternium,7915.62,5975.0
2025-11-14,7,PT1H,MC-Ternium,6049.61,5975.0
2025-11-14,8,PT1H,MC-Ternium,5886.07,5975.0
2025-11-14,9,PT1H,MC-Ternium,3163.31,5975.0
2025-11-14,10,PT1H,MC-Ternium,4766.72,5975.0
2025-11-14,11,PT1H,MC-Ternium,6345.64,5975.0
2025-11-14,12,PT1H,MC-Ternium,6791.61,5975.0
2025-11-14,13,PT1H,MC-Ternium,7506.35,5975.0
2025-11-14,14,PT1H,MC-Ternium,7184.14,5975.0
2025-11-14,15,PT1H,MC-Ternium,6355.39,5975.0
2025-11-14,16,PT1H,MC-Ternium,7254.09,5975.0
2025-11-14,17,PT1H,MC-Ternium,7102.86,5975.0
2025-11-14,18,PT1H,MC-Ternium,6557.19,5975.0
2025-11-14,19,PT1H,MC-Ternium,7577.54,5975.0
2025-11-14,20,PT1H,MC-Ternium,6531.66,5975.0
2025-11-14,21,PT1H,MC-Ternium,8412.38,5975.0
2025-11-14,22,PT1H,MC-Ternium,8145.32,5975.0
2025-11-14,23,PT1H,MC-Ternium,2105.24,5975.0
2025-11-14,24,PT1H,MC-Ternium,6218.52,5975.0
2025-11-15,1,PT1H,MC-Ternium,3269.31,5975.0
2025-11-15,2,PT1H,MC-Ternium,4136.29,5975.0
2025-11-15,3,PT1H,MC-Ternium,7375.73,5975.0
2025-11-15,4,PT1H,MC-Ternium,8202.2,5975.0
2025-11-15,5,PT1H,MC-Ternium,8202.83,5975.0
2025-11-15,6,PT1H,MC-Ternium,7928.92,5975.0
2025-11-15,7,PT1H,MC-Ternium,5121.73,5975.0
2025-11-15,8,PT1H,MC-Ternium,2917.91,5975.0
2025-11-15,9,PT1H,MC-Ternium,7431.34,5975.0
2025-11-15,10,PT1H,MC-Ternium,7617.33,5975.0
2025-11-15,11,PT1H,MC-Ternium,6189.46,5975.0
2025-11-15,12,PT1H,MC-Ternium,7601.35,5975.0
2025-11-15,13,PT1H,MC-Ternium,8371.8,5975.0
2025-11-15,14,PT1H,MC-Ternium,3642.72,5975.0
2025-11-15,15,PT1H,MC-Ternium,1917.2,5975.0
2025-11-15,16,PT1H,MC-Ternium,1887.19,5975.0
2025-11-15,17,PT1H,MC-Ternium,2255.75,5975.0
2025-11-15,18,PT1H,MC-Ternium,4198.16,5975.0
2025-11-15,19,PT1H,MC-Ternium,5733.32,5975.0
2025-11-15,20,PT1H,MC-Ternium,7162.71,5975.0
2025-11-15,21,PT1H,MC-Ternium,6570.76,5975.0
2025-11-15,22,PT1H,MC-Ternium,6372.05,5975.0
2025-11-15,23,PT1H,MC-Ternium,7121.66,5975.0
2025-11-15,24,PT1H,MC-Ternium,6745.12,5975.0
2025-11-16,1,PT1H,MC-Ternium,4067.66,5975.0
2025-11-16,2,PT1H,MC-Ternium,6028.31,5975.0
2025-11-16,3,PT1H,MC-Ternium,6720.84,5975.0
2025-11-16,4,PT1H,MC-Ternium,2704.79,5975.0
2025-11-16,5,PT1H,MC-Ternium,6444.08,5975.0
2025-11-16,6,PT1H,MC-Ternium,6932.26,5975.0
2025-11-16,7,PT1H,MC-Ternium,6909.23,5975.0
2025-11-16,8,PT1H,MC-Ternium,5855.85,5975.0
2025-11-16,9,PT1H,MC-Ternium,6164.58,5975.0
2025-11-16,10,PT1H,MC-Ternium,7037.33,5975.0
2025-11-16,11,PT1H,MC-Ternium,6419.85,5975.0
2025-11-16,12,PT1H,MC-Ternium,5761.03,5975.0
2025-11-16,13,PT1H,MC-Ternium,6828.59,5975.0
2025-11-16,14,PT1H,MC-Ternium,6834.85,5975.0
2025-11-16,15,PT1H,MC-Ternium,7351.78,5975.0
2025-11-16,16,PT1H,MC-Ternium,7344.33,5975.0
2025-11-16,17,PT1H,MC-Ternium,3548.18,5975.0
2025-11-16,18,PT1H,MC-Ternium,6584.49,5975.0
2025-11-16,19,PT1H,MC-Ternium,3104.68,5975.0
2025-11-16,20,PT1H,MC-Ternium,3632.56,5975.0
2025-11-16,21,PT1H,MC-Ternium,7315.58,5975.0
2025-11-16,22,PT1H,MC-Ternium,4767.14,5975.0
2025-11-16,23,PT1H,MC-Ternium,3035.79,5975.0
2025-11-16,24,PT1H,MC-Ternium,4188.72,5975.0
2025-11-17,1,PT1H,MC-Ternium,4817.38,6475.0
2025-11-17,2,PT1H,MC-Ternium,6448.27,6475.0
2025-11-17,3,PT1H,MC-Ternium,6424.85,6475.0
2025-11-17,4,PT1H,MC-Ternium,7104.11,6475.0
2025-11-17,5,PT1H,MC-Ternium,7235.12,6475.0
2025-11-17,6,PT1H,MC-Ternium,6074.36,6475.0
2025-11-17,7,PT1H,MC-Ternium,6745.92,6475.0
2025-11-17,8,PT1H,MC-Ternium,5291.8,6475.0
2025-11-17,9,PT1H,MC-Ternium,3068.37,6475.0
2025-11-17,10,PT1H,MC-Ternium,4660.96,6475.0
2025-11-17,11,PT1H,MC-Ternium,5854.09,6475.0
2025-11-17,12,PT1H,MC-Ternium,7213.57,6475.0
2025-11-17,13,PT1H,MC-Ternium,5423.91,6475.0
2025-11-17,14,PT1H,MC-Ternium,7368.39,6475.0
2025-11-17,15,PT1H,MC-Ternium,5225.3,6475.0
2025-11-17,16,PT1H,MC-Ternium,4707.67,6475.0
2025-11-17,17,PT1H,MC-Ternium,7334.52,6475.0
2025-11-17,18,PT1H,MC-Ternium,7618.51,6475.0
2025-11-17,19,PT1H,MC-Ternium,7598.82,6475.0
2025-11-17,20,PT1H,MC-Ternium,6904.13,6475.0
2025-11-17,21,PT1H,MC-Ternium,2534.85,6475.0
2025-11-17,22,PT1H,MC-Ternium,5678.55,6475.0
2025-11-17,23,PT1H,MC-Ternium,7489.28,6475.0
2025-11-17,24,PT1H,MC-Ternium,4697.92,6475.0
2025-11-18,1,PT1H,MC-Ternium,5321.49,7456.0
2025-11-18,2,PT1H,MC-Ternium,7295.55,7456.0
2025-11-18,3,PT1H,MC-Ternium,4640.2,7456.0
2025-11-18,4,PT1H,MC-Ternium,4678.69,7456.0
2025-11-18,5,PT1H,MC-Ternium,6050.43,7456.0
2025-11-18,6,PT1H,MC-Ternium,4862.86,7456.0
2025-11-18,7,PT1H,MC-Ternium,6977.3,7456.0
2025-11-18,8,PT1H,MC-Ternium,3451.21,7456.0
2025-11-18,9,PT1H,MC-Ternium,1846.6,7456.0
2025-11-18,10,PT1H,MC-Ternium,1897.43,7456.0
2025-11-18,11,PT1H,MC-Ternium,2826.53,7456.0
2025-11-18,12,PT1H,MC-Ternium,3106.28,7456.0
2025-11-18,13,PT1H,MC-Ternium,3759.37,7456.0
2025-11-18,14,PT1H,MC-Ternium,2419.31,7456.0
2025-11-18,15,PT1H,MC-Ternium,4968.29,7456.0
2025-11-18,16,PT1H,MC-Ternium,5760.6,7456.0
2025-11-18,17,PT1H,MC-Ternium,6571.39,7456.0
2025-11-18,18,PT1H,MC-Ternium,4831.22,7456.0
2025-11-18,19,PT1H,MC-Ternium,2628.7,7456.0
2025-11-18,20,PT1H,MC-Ternium,6241.61,7456.0
2025-11-18,21,PT1H,MC-Ternium,6452.11,7456.0
2025-11-18,22,PT1H,MC-Ternium,5568.27,7456.0
2025-11-18,23,PT1H,MC-Ternium,5674.93,7456.0
2025-11-18,24,PT1H,MC-Ternium,4245.79,7456.0
2025-11-19,1,PT1H,MC-Ternium,5977.96,5975.0
2025-11-19,2,PT1H,MC-Ternium,6585.4,5975.0
2025-11-19,3,PT1H,MC-Ternium,6300.01,5975.0
2025-11-19,4,PT1H,MC-Ternium,6295.81,5975.0
2025-11-19,5,PT1H,MC-Ternium,6668.63,5975.0
2025-11-19,6,PT1H,MC-Ternium,6374.06,5975.0
2025-11-19,7,PT1H,MC-Ternium,6713.77,5975.0
2025-11-19,8,PT1H,MC-Ternium,4830.38,5975.0
2025-11-19,9,PT1H,MC-Ternium,4270.34,5975.0
2025-11-19,10,PT1H,MC-Ternium,4947.52,5975.0
2025-11-19,11,PT1H,MC-Ternium,6320.94,5975.0
2025-11-19,12,PT1H,MC-Ternium,6410.56,5975.0
2025-11-19,13,PT1H,MC-Ternium,4792.21,5975.0
2025-11-19,14,PT1H,MC-Ternium,6042.05,5975.0
2025-11-19,15,PT1H,MC-Ternium,6109.11,5975.0
2025-11-19,16,PT1H,MC-Ternium,5012.11,5975.0
2025-11-19,17,PT1H,MC-Ternium,5643.12,5975.0
2025-11-19,18,PT1H,MC-Ternium,5074.56,5975.0
2025-11-19,19,PT1H,MC-Ternium,6409.89,5975.0
2025-11-19,20,PT1H,MC-Ternium,5353.22,5975.0
2025-11-19,21,PT1H,MC-Ternium,5804.64,5975.0
2025-11-19,22,PT1H,MC-Ternium,6272.86,5975.0
2025-11-19,23,PT1H,MC-Ternium,6526.02,5975.0
2025-11-19,24,PT1H,MC-Ternium,6086.43,5975.0
2025-11-20,1,PT1H,MC-Ternium,6385.51,7456.0
2025-11-20,2,PT1H,MC-Ternium,5876.55,7456.0
2025-11-20,3,PT1H,MC-Ternium,4749.64,7456.0
2025-11-20,4,PT1H,MC-Ternium,6209.23,7456.0
2025-11-20,5,PT1H,MC-Ternium,5456.27,7456.0
2025-11-20,6,PT1H,MC-Ternium,5009.83,7456.0
2025-11-20,7,PT1H,MC-Ternium,5430.14,7456.0
2025-11-20,8,PT1H,MC-Ternium,5450.15,7456.0
2025-11-20,9,PT1H,MC-Ternium,4563.34,7456.0
2025-11-20,10,PT1H,MC-Ternium,3770.23,7456.0
2025-11-20,11,PT1H,MC-Ternium,5230.27,7456.0
2025-11-20,12,PT1H,MC-Ternium,5765.63,7456.0
2025-11-20,13,PT1H,MC-Ternium,5304.59,7456.0
2025-11-20,14,PT1H,MC-Ternium,5415.0,7456.0
2025-11-20,15,PT1H,MC-Ternium,5697.65,7456.0
2025-11-20,16,PT1H,MC-Ternium,5823.36,7456.0
2025-11-20,17,PT1H,MC-Ternium,5533.48,7456.0
2025-11-20,18,PT1H,MC-Ternium,5200.63,7456.0
2025-11-20,19,PT1H,MC-Ternium,5114.31,7456.0
2025-11-20,20,PT1H,MC-Ternium,4377.12,7456.0
2025-11-20,21,PT1H,MC-Ternium,5515.0,7456.0
2025-11-20,22,PT1H,MC-Ternium,3179.8,7456.0
2025-11-20,23,PT1H,MC-Ternium,1872.33,7456.0
2025-11-20,24,PT1H,MC-Ternium,1836.3,7456.0
2025-11-21,1,PT1H,MC-Ternium,1841.17,5875.0
2025-11-21,2,PT1H,MC-Ternium,2580.68,5875.0
2025-11-21,3,PT1H,MC-Ternium,3022.69,5875.0
2025-11-21,4,PT1H,MC-Ternium,4169.75,5875.0
2025-11-21,5,PT1H,MC-Ternium,3129.54,5875.0
2025-11-21,6,PT1H,MC-Ternium,3895.32,5875.0
2025-11-21,7,PT1H,MC-Ternium,6053.2,5875.0
2025-11-21,8,PT1H,MC-Ternium,5936.66,5875.0
2025-11-21,9,PT1H,MC-Ternium,3950.09,5875.0
2025-11-21,10,PT1H,MC-Ternium,4153.64,5875.0
2025-11-21,11,PT1H,MC-Ternium,4366.25,5875.0
2025-11-21,12,PT1H,MC-Ternium,4465.29,5875.0
2025-11-21,13,PT1H,MC-Ternium,3149.3,5875.0
2025-11-21,14,PT1H,MC-Ternium,3758.63,5875.0
2025-11-21,15,PT1H,MC-Ternium,5534.62,5875.0
2025-11-21,16,PT1H,MC-Ternium,4367.97,5875.0
2025-11-21,17,PT1H,MC-Ternium,6263.57,5875.0
2025-11-21,18,PT1H,MC-Ternium,3825.98,5875.0
2025-11-21,19,PT1H,MC-Ternium,5717.64,5875.0
2025-11-21,20,PT1H,MC-Ternium,2948.51,5875.0
2025-11-21,21,PT1H,MC-Ternium,7130.25,5875.0
2025-11-21,22,PT1H,MC-Ternium,4129.39,5875.0
2025-11-21,23,PT1H,MC-Ternium,3404.11,5875.0
2025-11-21,24,PT1H,MC-Ternium,4748.45,5875.0
2025-11-22,1,PT1H,MC-Ternium,5463.42,5975.0
2025-11-22,2,PT1H,MC-Ternium,6708.13,5975.0
2025-11-22,3,PT1H,MC-Ternium,6955.52,5975.0
2025-11-22,4,PT1H,MC-Ternium,6863.39,5975.0
2025-11-22,5,PT1H,MC-Ternium,6425.65,5975.0
2025-11-22,6,PT1H,MC-Ternium,2680.51,5975.0
2025-11-22,7,PT1H,MC-Ternium,3886.66,5975.0
2025-11-22,8,PT1H,MC-Ternium,4241.66,5975.0
2025-11-22,9,PT1H,MC-Ternium,6969.29,5975.0
2025-11-22,10,PT1H,MC-Ternium,6506.05,5975.0
2025-11-22,11,PT1H,MC-Ternium,2666.0,5975.0
2025-11-22,12,PT1H,MC-Ternium,4720.41,5975.0
2025-11-22,13,PT1H,MC-Ternium,7085.21,5975.0
2025-11-22,14,PT1H,MC-Ternium,6097.51,5975.0
2025-11-22,15,PT1H,MC-Ternium,5513.83,5975.0
2025-11-22,16,PT1H,MC-Ternium,6978.18,5975.0
2025-11-22,17,PT1H,MC-Ternium,7220.9,5975.0
2025-11-22,18,PT1H,MC-Ternium,7289.2,5975.0
2025-11-22,19,PT1H,MC-Ternium,6431.82,5975.0
2025-11-22,20,PT1H,MC-Ternium,7145.26,5975.0
2025-11-22,21,PT1H,MC-Ternium,3939.6,5975.0
2025-11-22,22,PT1H,MC-Ternium,4269.05,5975.0
2025-11-22,23,PT1H,MC-Ternium,2724.6,5975.0
2025-11-22,24,PT1H,MC-Ternium,4635.04,5975.0
2025-11-23,1,PT1H,MC-Ternium,6863.45,5375.0
2025-11-23,2,PT1H,MC-Ternium,4433.59,5375.0
2025-11-23,3,PT1H,MC-Ternium,6663.31,5375.0
2025-11-23,4,PT1H,MC-Ternium,6576.73,5375.0
2025-11-23,5,PT1H,MC-Ternium,6696.93,5375.0
2025-11-23,6,PT1H,MC-Ternium,7193.34,5375.0
2025-11-23,7,PT1H,MC-Ternium,7637.15,5375.0
2025-11-23,8,PT1H,MC-Ternium,7381.11,5375.0
2025-11-23,9,PT1H,MC-Ternium,4990.91,5375.0
2025-11-23,10,PT1H,MC-Ternium,5423.48,5375.0
2025-11-23,11,PT1H,MC-Ternium,7679.75,5375.0
2025-11-23,12,PT1H,MC-Ternium,5138.8,5375.0
2025-11-23,13,PT1H,MC-Ternium,4920.19,5375.0
2025-11-23,14,PT1H,MC-Ternium,6717.67,5375.0
2025-11-23,15,PT1H,MC-Ternium,4590.04,5375.0
2025-11-23,16,PT1H,MC-Ternium,5507.19,5375.0
2025-11-23,17,PT1H,MC-Ternium,6823.58,5375.0
2025-11-23,18,PT1H,MC-Ternium,7908.0,5375.0
2025-11-23,19,PT1H,MC-Ternium,6919.61,5375.0
2025-11-23,20,PT1H,MC-Ternium,5595.58,5375.0
2025-11-23,21,PT1H,MC-Ternium,5830.64,5375.0
2025-11-23,22,PT1H,MC-Ternium,7349.25,5375.0
2025-11-23,23,PT1H,MC-Ternium,6199.24,5375.0
2025-11-23,24,PT1H,MC-Ternium,7378.94,5375.0
2025-11-24,1,PT1H,MC-Ternium,7246.29,5456.0
2025-11-24,2,PT1H,MC-Ternium,5428.97,5456.0
2025-11-24,3,PT1H,MC-Ternium,2395.45,5456.0
2025-11-24,4,PT1H,MC-Ternium,2433.49,5456.0
2025-11-24,5,PT1H,MC-Ternium,2707.66,5456.0
2025-11-24,6,PT1H,MC-Ternium,5346.62,5456.0
2025-11-24,7,PT1H,MC-Ternium,4055.91,5456.0
2025-11-24,8,PT1H,MC-Ternium,2730.98,5456.0
2025-11-24,9,PT1H,MC-Ternium,2879.68,5456.0
2025-11-24,10,PT1H,MC-Ternium,3247.96,5456.0
2025-11-24,11,PT1H,MC-Ternium,4384.26,5456.0
2025-11-24,12,PT1H,MC-Ternium,6588.29,5456.0
2025-11-24,13,PT1H,MC-Ternium,7096.47,5456.0
2025-11-24,14,PT1H,MC-Ternium,7711.38,5456.0
2025-11-24,15,PT1H,MC-Ternium,8288.3,5456.0
2025-11-24,16,PT1H,MC-Ternium,5427.31,5456.0
2025-11-24,17,PT1H,MC-Ternium,7541.97,5456.0
2025-11-24,18,PT1H,MC-Ternium,6304.67,5456.0
2025-11-24,19,PT1H,MC-Ternium,6490.19,5456.0
2025-11-24,20,PT1H,MC-Ternium,6430.55,5456.0
2025-11-24,21,PT1H,MC-Ternium,8108.32,5456.0
2025-11-24,22,PT1H,MC-Ternium,8241.03,5456.0
2025-11-24,23,PT1H,MC-Ternium,6767.75,5456.0
2025-11-24,24,PT1H,MC-Ternium,8278.44,5456.0
2025-11-25,1,PT1H,MC-Ternium,7940.99,5975.0
2025-11-25,2,PT1H,MC-Ternium,6249.05,5975.0
2025-11-25,3,PT1H,MC-Ternium,7384.28,5975.0
2025-11-25,4,PT1H,MC-Ternium,7718.44,5975.0
2025-11-25,5,PT1H,MC-Ternium,5426.0,5975.0
2025-11-25,6,PT1H,MC-Ternium,4586.22,5975.0
2025-11-25,7,PT1H,MC-Ternium,6492.72,5975.0
2025-11-25,8,PT1H,MC-Ternium,4214.99,5975.0
2025-11-25,9,PT1H,MC-Ternium,4039.71,5975.0
2025-11-25,10,PT1H,MC-Ternium,4767.83,5975.0
2025-11-25,11,PT1H,MC-Ternium,6884.43,5975.0
2025-11-25,12,PT1H,MC-Ternium,5378.87,5975.0
2025-11-25,13,PT1H,MC-Ternium,6912.68,5975.0
2025-11-25,14,PT1H,MC-Ternium,8209.86,5975.0
2025-11-25,15,PT1H,MC-Ternium,8346.47,5975.0
2025-11-25,16,PT1H,MC-Ternium,7901.86,5975.0
2025-11-25,17,PT1H,MC-Ternium,5018.57,5975.0
2025-11-25,18,PT1H,MC-Ternium,5292.05,5975.0
2025-11-25,19,PT1H,MC-Ternium,7452.34,5975.0
2025-11-25,20,PT1H,MC-Ternium,4991.48,5975.0
2025-11-25,21,PT1H,MC-Ternium,4056.76,5975.0
2025-11-25,22,PT1H,MC-Ternium,3368.69,5975.0
2025-11-25,23,PT1H,MC-Ternium,3772.95,5975.0
2025-11-25,24,PT1H,MC-Ternium,4647.52,5975.0
2025-11-26,1,PT1H,MC-Ternium,6099.58,7456.0
2025-11-26,2,PT1H,MC-Ternium,7307.46,7456.0
2025-11-26,3,PT1H,MC-Ternium,6084.81,7456.0
2025-11-26,4,PT1H,MC-Ternium,4981.77,7456.0
2025-11-26,5,PT1H,MC-Ternium,2986.78,7456.0
2025-11-26,6,PT1H,MC-Ternium,5669.45,7456.0
2025-11-26,7,PT1H,MC-Ternium,6507.33,7456.0
2025-11-26,8,PT1H,MC-Ternium,2406.22,7456.0
2025-11-26,9,PT1H,MC-Ternium,1928.0,7456.0
2025-11-26,10,PT1H,MC-Ternium,2980.27,7456.0
2025-11-26,11,PT1H,MC-Ternium,4605.63,7456.0
2025-11-26,12,PT1H,MC-Ternium,6312.96,7456.0
2025-11-26,13,PT1H,MC-Ternium,6653.43,7456.0
2025-11-26,14,PT1H,MC-Ternium,6440.7,7456.0
2025-11-26,15,PT1H,MC-Ternium,7685.27,7456.0
2025-11-26,16,PT1H,MC-Ternium,8124.86,7456.0
2025-11-26,17,PT1H,MC-Ternium,8229.25,7456.0
2025-11-26,18,PT1H,MC-Ternium,7934.86,7456.0
2025-11-26,19,PT1H,MC-Ternium,7605.54,7456.0
2025-11-26,20,PT1H,MC-Ternium,7249.38,7456.0
2025-11-26,21,PT1H,MC-Ternium,7929.97,7456.0
2025-11-26,22,PT1H,MC-Ternium,6152.69,7456.0
2025-11-26,23,PT1H,MC-Ternium,3330.81,7456.0
2025-11-26,24,PT1H,MC-Ternium,6923.54,7456.0
2025-11-27,1,PT1H,MC-Ternium,7539.81,5675.0
2025-11-27,2,PT1H,MC-Ternium,5451.1,5675.0
2025-11-27,3,PT1H,MC-Ternium,7761.03,5675.0
2025-11-27,4,PT1H,MC-Ternium,7771.7,5675.0
2025-11-27,5,PT1H,MC-Ternium,5854.69,5675.0
2025-11-27,6,PT1H,MC-Ternium,4199.98,5675.0
2025-11-27,7,PT1H,MC-Ternium,7157.5,5675.0
2025-11-27,8,PT1H,MC-Ternium,5009.5,5675.0
2025-11-27,9,PT1H,MC-Ternium,3881.12,5675.0
2025-11-27,10,PT1H,MC-Ternium,7255.73,5675.0
2025-11-27,11,PT1H,MC-Ternium,7762.33,5675.0
2025-11-27,12,PT1H,MC-Ternium,7339.65,5675.0
2025-11-27,13,PT1H,MC-Ternium,7231.01,5675.0
2025-11-27,14,PT1H,MC-Ternium,6718.35,5675.0
2025-11-27,15,PT1H,MC-Ternium,4600.16,5675.0
2025-11-27,16,PT1H,MC-Ternium,3884.52,5675.0
2025-11-27,17,PT1H,MC-Ternium,6673.59,5675.0
2025-11-27,18,PT1H,MC-Ternium,6789.96,5675.0
2025-11-27,19,PT1H,MC-Ternium,4491.37,5675.0
2025-11-27,20,PT1H,MC-Ternium,2357.82,5675.0
2025-11-27,21,PT1H,MC-Ternium,2182.58,5675.0
2025-11-27,22,PT1H,MC-Ternium,3092.09,5675.0
2025-11-27,23,PT1H,MC-Ternium,5285.93,5675.0
2025-11-27,24,PT1H,MC-Ternium,6513.61,5675.0
2025-11-28,1,PT1H,MC-Ternium,6647.12,5875.0
2025-11-28,2,PT1H,MC-Ternium,6603.19,5875.0
2025-11-28,3,PT1H,MC-Ternium,3679.77,5875.0
2025-11-28,4,PT1H,MC-Ternium,4994.76,5875.0
2025-11-28,5,PT1H,MC-Ternium,5421.4,5875.0
2025-11-28,6,PT1H,MC-Ternium,4430.88,5875.0
2025-11-28,7,PT1H,MC-Ternium,4574.49,5875.0
2025-11-28,8,PT1H,MC-Ternium,3653.93,5875.0
2025-11-28,9,PT1H,MC-Ternium,2331.72,5875.0
2025-11-28,10,PT1H,MC-Ternium,4882.88,5875.0
2025-11-28,11,PT1H,MC-Ternium,5791.94,5875.0
2025-11-28,12,PT1H,MC-Ternium,2710.45,5875.0
2025-11-28,13,PT1H,MC-Ternium,3322.57,5875.0
2025-11-28,14,PT1H,MC-Ternium,2702.61,5875.0
2025-11-28,15,PT1H,MC-Ternium,2693.77,5875.0
2025-11-28,16,PT1H,MC-Ternium,5283.99,5875.0
2025-11-28,17,PT1H,MC-Ternium,7099.08,5875.0
2025-11-28,18,PT1H,MC-Ternium,6999.12,5875.0
2025-11-28,19,PT1H,MC-Ternium,7330.67,5875.0
2025-11-28,20,PT1H,MC-Ternium,7339.36,5875.0
2025-11-28,21,PT1H,MC-Ternium,6515.32,5875.0
2025-11-28,22,PT1H,MC-Ternium,6650.83,5875.0
2025-11-28,23,PT1H,MC-Ternium,5966.22,5875.0
2025-11-28,24,PT1H,MC-Ternium,4424.56,5875.0
2025-11-29,1,PT1H,MC-Ternium,6893.06,5975.0
2025-11-29,2,PT1H,MC-Ternium,6208.11,5975.0
2025-11-29,3,PT1H,MC-Ternium,4832.05,5975.0
2025-11-29,4,PT1H,MC-Ternium,3803.57,5975.0
2025-11-29,5,PT1H,MC-Ternium,4932.04,5975.0
2025-11-29,6,PT1H,MC-Ternium,6471.58,5975.0
2025-11-29,7,PT1H,MC-Ternium,3756.48,5975.0
2025-11-29,8,PT1H,MC-Ternium,5961.85,5975.0
2025-11-29,9,PT1H,MC-Ternium,6368.07,5975.0
2025-11-29,10,PT1H,MC-Ternium,6329.73,5975.0
2025-11-29,11,PT1H,MC-Ternium,6460.26,5975.0
2025-11-29,12,PT1H,MC-Ternium,7024.77,5975.0
2025-11-29,13,PT1H,MC-Ternium,7148.34,5975.0
2025-11-29,14,PT1H,MC-Ternium,7365.45,5975.0
2025-11-29,15,PT1H,MC-Ternium,3313.72,5975.0
2025-11-29,16,PT1H,MC-Ternium,3669.13,5975.0
2025-11-29,17,PT1H,MC-Ternium,5969.02,5975.0
2025-11-29,18,PT1H,MC-Ternium,7193.16,5975.0
2025-11-29,19,PT1H,MC-Ternium,7174.75,5975.0
2025-11-29,20,PT1H,MC-Ternium,7096.2,5975.0
2025-11-29,21,PT1H,MC-Ternium,7940.63,5975.0
2025-11-29,22,PT1H,MC-Ternium,7850.92,5975.0
2025-11-29,23,PT1H,MC-Ternium,6092.86,5975.0
2025-11-29,24,PT1H,MC-Ternium,3993.19,5975.0
2025-11-30,1,PT1H,MC-Ternium,5548.48,6689.0
2025-11-30,2,PT1H,MC-Ternium,6663.22,6689.0
2025-11-30,3,PT1H,MC-Ternium,6528.52,6689.0
2025-11-30,4,PT1H,MC-Ternium,5263.56,6689.0
2025-11-30,5,PT1H,MC-Ternium,6906.47,6689.0
2025-11-30,6,PT1H,MC-Ternium,6465.58,6689.0
2025-11-30,7,PT1H,MC-Ternium,5738.42,6689.0
2025-11-30,8,PT1H,MC-Ternium,6447.36,6689.0
2025-11-30,9,PT1H,MC-Ternium,5426.37,6689.0
2025-11-30,10,PT1H,MC-Ternium,7067.56,6689.0
2025-11-30,11,PT1H,MC-Ternium,6520.79,6689.0
2025-11-30,12,PT1H,MC-Ternium,6676.89,6689.0
2025-11-30,13,PT1H,MC-Ternium,3760.11,6689.0
2025-11-30,14,PT1H,MC-Ternium,4536.43,6689.0
2025-11-30,15,PT1H,MC-Ternium,4815.0,6689.0
2025-11-30,16,PT1H,MC-Ternium,6517.33,6689.0
2025-11-30,17,PT1H,MC-Ternium,7250.73,6689.0
2025-11-30,18,PT1H,MC-Ternium,7349.75,6689.0
2025-11-30,19,PT1H,MC-Ternium,6055.34,6689.0
2025-11-30,20,PT1H,MC-Ternium,6883.65,6689.0
2025-11-30,21,PT1H,MC-Ternium,3984.1,6689.0
2025-11-30,22,PT1H,MC-Ternium,4261.2,6689.0
2025-11-30,23,PT1H,MC-Ternium,7140.71,6689.0
2025-11-30,24,PT1H,MC-Ternium,5926.79,6689.0
2025-12-01,1,PT1H,MC-Ternium,6652.69,7456.0
2025-12-01,2,PT1H,MC-Ternium,4270.15,7456.0
2025-12-01,3,PT1H,MC-Ternium,2247.5,7456.0
2025-12-01,4,PT1H,MC-Ternium,2269.06,7456.0
2025-12-01,5,PT1H,MC-Ternium,2926.59,7456.0
2025-12-01,6,PT1H,MC-Ternium,3336.08,7456.0
2025-12-01,7,PT1H,MC-Ternium,6584.66,7456.0
2025-12-01,8,PT1H,MC-Ternium,6082.98,7456.0
2025-12-01,9,PT1H,MC-Ternium,5997.12,7456.0
2025-12-01,10,PT1H,MC-Ternium,6964.87,7456.0
2025-12-01,11,PT1H,MC-Ternium,6759.62,7456.0
2025-12-01,12,PT1H,MC-Ternium,3671.08,7456.0
2025-12-01,13,PT1H,MC-Ternium,6238.05,7456.0
2025-12-01,14,PT1H,MC-Ternium,2280.08,7456.0
2025-12-01,15,PT1H,MC-Ternium,4747.39,7456.0
2025-12-01,16,PT1H,MC-Ternium,6481.65,7456.0
2025-12-01,17,PT1H,MC-Ternium,3247.39,7456.0
2025-12-01,18,PT1H,MC-Ternium,3955.66,7456.0
2025-12-01,19,PT1H,MC-Ternium,2496.08,7456.0
2025-12-01,20,PT1H,MC-Ternium,2358.04,7456.0
2025-12-01,21,PT1H,MC-Ternium,2524.78,7456.0
2025-12-01,22,PT1H,MC-Ternium,3338.35,7456.0
2025-12-01,23,PT1H,MC-Ternium,6764.08,7456.0
2025-12-01,24,PT1H,MC-Ternium,6724.46,7456.0
2025-12-02,1,PT1H,MC-Ternium,6632.62,7456.0
2025-12-02,2,PT1H,MC-Ternium,6660.6,7456.0
2025-12-02,3,PT1H,MC-Ternium,7175.65,7456.0
2025-12-02,4,PT1H,MC-Ternium,6538.79,7456.0
2025-12-02,5,PT1H,MC-Ternium,7380.78,7456.0
2025-12-02,6,PT1H,MC-Ternium,6366.64,7456.0
2025-12-02,7,PT1H,MC-Ternium,4482.39,7456.0
2025-12-02,8,PT1H,MC-Ternium,6229.51,7456.0
2025-12-02,9,PT1H,MC-Ternium,7137.78,7456.0
2025-12-02,10,PT1H,MC-Ternium,5664.29,7456.0
2025-12-02,11,PT1H,MC-Ternium,5396.44,7456.0
2025-12-02,12,PT1H,MC-Ternium,6904.36,7456.0
2025-12-02,13,PT1H,MC-Ternium,7325.04,7456.0
2025-12-02,14,PT1H,MC-Ternium,7379.39,7456.0
2025-12-02,15,PT1H,MC-Ternium,6484.34,7456.0
2025-12-02,16,PT1H,MC-Ternium,6663.41,7456.0
2025-12-02,17,PT1H,MC-Ternium,5794.12,7456.0
2025-12-02,18,PT1H,MC-Ternium,5729.9,7456.0
2025-12-02,19,PT1H,MC-Ternium,6939.81,7456.0
2025-12-02,20,PT1H,MC-Ternium,5332.65,7456.0
2025-12-02,21,PT1H,MC-Ternium,7507.53,7456.0
2025-12-02,22,PT1H,MC-Ternium,7260.15,7456.0
2025-12-02,23,PT1H,MC-Ternium,4817.36,7456.0
2025-12-02,24,PT1H,MC-Ternium,3044.38,7450.0
2025-12-03,1,PT1H,MC-Ternium,6988.77,7456.0
2025-12-03,2,PT1H,MC-Ternium,5167.95,7456.0
2025-12-03,3,PT1H,MC-Ternium,6730.71,7456.0
2025-12-03,4,PT1H,MC-Ternium,7141.68,7456.0
2025-12-03,5,PT1H,MC-Ternium,3652.21,7456.0
2025-12-03,6,PT1H,MC-Ternium,7349.65,7456.0
2025-12-03,7,PT1H,MC-Ternium,4545.62,7456.0
2025-12-03,8,PT1H,MC-Ternium,6321.34,7456.0
2025-12-03,9,PT1H,MC-Ternium,6432.7,7456.0
2025-12-03,10,PT1H,MC-Ternium,7062.02,7456.0
2025-12-03,11,PT1H,MC-Ternium,4478.94,7456.0
2025-12-03,12,PT1H,MC-Ternium,6362.23,7456.0
2025-12-03,13,PT1H,MC-Ternium,7188.82,7456.0
2025-12-03,14,PT1H,MC-Ternium,5806.28,7456.0
2025-12-03,15,PT1H,MC-Ternium,5843.23,7456.0
2025-12-03,16,PT1H,MC-Ternium,6598.44,7456.0
2025-12-03,17,PT1H,MC-Ternium,6033.93,7456.0
2025-12-03,18,PT1H,MC-Ternium,7053.51,7456.0
2025-12-03,19,PT1H,MC-Ternium,7502.83,7456.0
2025-12-03,20,PT1H,MC-Ternium,4287.14,7456.0
2025-12-03,21,PT1H,MC-Ternium,3608.71,7456.0
2025-12-03,22,PT1H,MC-Ternium,5980.74,7456.0
2025-12-03,23,PT1H,MC-Ternium,6744.91,7456.0
2025-12-03,24,PT1H,MC-Ternium,6269.02,7450.0
2025-12-04,1,PT1H,MC-Ternium,5436.68,7456.0
2025-12-04,2,PT1H,MC-Ternium,7594.14,7456.0
2025-12-04,3,PT1H,MC-Ternium,5530.62,7456.0
2025-12-04,4,PT1H,MC-Ternium,5005.6,7456.0
2025-12-04,5,PT1H,MC-Ternium,6586.66,7456.0
2025-12-04,6,PT1H,MC-Ternium,5627.31,7456.0
2025-12-04,7,PT1H,MC-Ternium,3445.41,7456.0
2025-12-04,8,PT1H,MC-Ternium,4034.71,7456.0
2025-12-04,9,PT1H,MC-Ternium,7142.77,7456.0
2025-12-04,10,PT1H,MC-Ternium,5508.16,7456.0
2025-12-04,11,PT1H,MC-Ternium,3945.87,7456.0
2025-12-04,12,PT1H,MC-Ternium,6266.48,7456.0
2025-12-04,13,PT1H,MC-Ternium,6259.5,7456.0
2025-12-04,14,PT1H,MC-Ternium,7355.57,7456.0
2025-12-04,15,PT1H,MC-Ternium,7723.43,7456.0
2025-12-04,16,PT1H,MC-Ternium,3686.3,7456.0
2025-12-04,17,PT1H,MC-Ternium,7341.88,7456.0
2025-12-04,18,PT1H,MC-Ternium,7764.39,7456.0
2025-12-04,19,PT1H,MC-Ternium,5968.2,7456.0
2025-12-04,20,PT1H,MC-Ternium,7427.9,7456.0
2025-12-04,21,PT1H,MC-Ternium,5954.37,7456.0
2025-12-04,22,PT1H,MC-Ternium,7757.68,7456.0
2025-12-04,23,PT1H,MC-Ternium,5296.14,7456.0
2025-12-04,24,PT1H,MC-Ternium,3655.49,7456.0
2025-12-05,1,PT1H,MC-Ternium,6944.44,7456.0
2025-12-05,2,PT1H,MC-Ternium,7180.28,7456.0
2025-12-05,3,PT1H,MC-Ternium,7013.89,7456.0
2025-12-05,4,PT1H,MC-Ternium,5900.58,7456.0
2025-12-05,5,PT1H,MC-Ternium,3231.33,7456.0
2025-12-05,6,PT1H,MC-Ternium,5108.79,7456.0
2025-12-05,7,PT1H,MC-Ternium,6722.96,7456.0
2025-12-05,8,PT1H,MC-Ternium,7109.13,7456.0
2025-12-05,9,PT1H,MC-Ternium,7150.01,7456.0
2025-12-05,10,PT1H,MC-Ternium,6853.67,7456.0
2025-12-05,11,PT1H,MC-Ternium,4430.66,7456.0
2025-12-05,12,PT1H,MC-Ternium,1791.51,7456.0
2025-12-05,13,PT1H,MC-Ternium,5746.07,7456.0
2025-12-05,14,PT1H,MC-Ternium,7165.95,7456.0
2025-12-05,15,PT1H,MC-Ternium,6354.25,7456.0
2025-12-05,16,PT1H,MC-Ternium,6556.57,7456.0
2025-12-05,17,PT1H,MC-Ternium,7043.06,7456.0
2025-12-05,18,PT1H,MC-Ternium,5514.82,7456.0
2025-12-05,19,PT1H,MC-Ternium,5556.12,7456.0
2025-12-05,20,PT1H,MC-Ternium,7136.39,7456.0
2025-12-05,21,PT1H,MC-Ternium,6503.27,7456.0
2025-12-05,22,PT1H,MC-Ternium,3511.12,7456.0
2025-12-05,23,PT1H,MC-Ternium,6385.0,7456.0
2025-12-05,24,PT1H,MC-Ternium,7151.32,7456.0
2025-12-06,1,PT1H,MC-Ternium,7331.05,7456.0
2025-12-06,2,PT1H,MC-Ternium,7365.39,7456.0
2025-12-06,3,PT1H,MC-Ternium,6175.09,7456.0
2025-12-06,4,PT1H,MC-Ternium,7215.74,7456.0
2025-12-06,5,PT1H,MC-Ternium,7363.32,7456.0
2025-12-06,6,PT1H,MC-Ternium,7058.99,7456.0
2025-12-06,7,PT1H,MC-Ternium,4777.06,7456.0
2025-12-06,8,PT1H,MC-Ternium,6246.4,7456.0
2025-12-06,9,PT1H,MC-Ternium,4690.15,7456.0
2025-12-06,10,PT1H,MC-Ternium,6916.9,7456.0
2025-12-06,11,PT1H,MC-Ternium,5847.42,7456.0
2025-12-06,12,PT1H,MC-Ternium,6327.25,7456.0
2025-12-06,13,PT1H,MC-Ternium,4688.92,7456.0
2025-12-06,14,PT1H,MC-Ternium,1601.24,7456.0
2025-12-06,15,PT1H,MC-Ternium,1490.34,7456.0
2025-12-06,16,PT1H,MC-Ternium,1477.62,7456.0
2025-12-06,17,PT1H,MC-Ternium,1451.3,7456.0
2025-12-06,18,PT1H,MC-Ternium,1443.73,7456.0
2025-12-06,19,PT1H,MC-Ternium,1463.17,7456.0
2025-12-06,20,PT1H,MC-Ternium,1411.31,7456.0
2025-12-06,21,PT1H,MC-Ternium,1421.79,7456.0
2025-12-06,22,PT1H,MC-Ternium,1411.92,7456.0
2025-12-06,23,PT1H,MC-Ternium,1394.5,7456.0
2025-12-06,24,PT1H,MC-Ternium,1358.82,7456.0
2025-12-07,1,PT1H,MC-Ternium,1333.03,7456.0
2025-12-07,2,PT1H,MC-Ternium,1330.05,7456.0
2025-12-07,3,PT1H,MC-Ternium,1327.75,7456.0
2025-12-07,4,PT1H,MC-Ternium,1343.89,7456.0
2025-12-07,5,PT1H,MC-Ternium,1322.71,7456.0
2025-12-07,6,PT1H,MC-Ternium,1378.99,7456.0
2025-12-07,7,PT1H,MC-Ternium,1430.87,7456.0
2025-12-07,8,PT1H,MC-Ternium,1435.47,7456.0
2025-12-07,9,PT1H,MC-Ternium,2084.3,7456.0
2025-12-07,10,PT1H,MC-Ternium,3637.03,7456.0
2025-12-07,11,PT1H,MC-Ternium,4329.91,7456.0
2025-12-07,12,PT1H,MC-Ternium,3831.05,7456.0
2025-12-07,13,PT1H,MC-Ternium,5407.87,7456.0
2025-12-07,14,PT1H,MC-Ternium,6713.5,7456.0
2025-12-07,15,PT1H,MC-Ternium,3809.61,7456.0
2025-12-07,16,PT1H,MC-Ternium,2962.55,7456.0
2025-12-07,17,PT1H,MC-Ternium,5282.92,7456.0
2025-12-07,18,PT1H,MC-Ternium,5465.6,7456.0
2025-12-07,19,PT1H,MC-Ternium,3247.49,7456.0
2025-12-07,20,PT1H,MC-Ternium,4120.14,7456.0
2025-12-07,21,PT1H,MC-Ternium,4116.12,7456.0
2025-12-07,22,PT1H,MC-Ternium,7142.85,7456.0
2025-12-07,23,PT1H,MC-Ternium,6930.58,7456.0
2025-12-07,24,PT1H,MC-Ternium,6265.02,7456.0
2025-12-08,1,PT1H,MC-Ternium,7193.94,7456.0
2025-12-08,2,PT1H,MC-Ternium,7250.51,7456.0
2025-12-08,3,PT1H,MC-Ternium,7146.31,7456.0
2025-12-08,4,PT1H,MC-Ternium,7200.02,7456.0
2025-12-08,5,PT1H,MC-Ternium,7308.5,7456.0
2025-12-08,6,PT1H,MC-Ternium,7333.82,7456.0
2025-12-08,7,PT1H,MC-Ternium,7158.67,7456.0
2025-12-08,8,PT1H,MC-Ternium,4525.63,7456.0
2025-12-08,9,PT1H,MC-Ternium,5062.92,7456.0
2025-12-08,10,PT1H,MC-Ternium,5189.59,7456.0
2025-12-08,11,PT1H,MC-Ternium,6418.37,7456.0
2025-12-08,12,PT1H,MC-Ternium,6801.35,7456.0
2025-12-08,13,PT1H,MC-Ternium,6838.79,7456.0
2025-12-08,14,PT1H,MC-Ternium,4979.12,7456.0
2025-12-08,15,PT1H,MC-Ternium,5227.3,7456.0
2025-12-08,16,PT1H,MC-Ternium,3765.2,7456.0
2025-12-08,17,PT1H,MC-Ternium,2680.29,7456.0
2025-12-08,18,PT1H,MC-Ternium,4732.23,7456.0
2025-12-08,19,PT1H,MC-Ternium,7119.47,7456.0
2025-12-08,20,PT1H,MC-Ternium,7019.97,7456.0
2025-12-08,21,PT1H,MC-Ternium,5279.65,7456.0
2025-12-08,22,PT1H,MC-Ternium,5552.23,7456.0
2025-12-08,23,PT1H,MC-Ternium,6829.8,7456.0
2025-12-08,24,PT1H,MC-Ternium,6664.56,7456.0
2025-12-09,1,PT1H,MC-Ternium,7389.59,7456.0
2025-12-09,2,PT1H,MC-Ternium,5504.49,7456.0
2025-12-09,3,PT1H,MC-Ternium,6519.92,7456.0
2025-12-09,4,PT1H,MC-Ternium,7195.45,7456.0
2025-12-09,5,PT1H,MC-Ternium,7178.24,7456.0
2025-12-09,6,PT1H,MC-Ternium,7105.11,7456.0
2025-12-09,7,PT1H,MC-Ternium,7044.82,7456.0
2025-12-09,8,PT1H,MC-Ternium,6977.74,7456.0
2025-12-09,9,PT1H,MC-Ternium,3422.96,7456.0
2025-12-09,10,PT1H,MC-Ternium,6727.53,7456.0
2025-12-09,11,PT1H,MC-Ternium,6422.16,7456.0
2025-12-09,12,PT1H,MC-Ternium,6875.35,7456.0
2025-12-09,13,PT1H,MC-Ternium,5499.8,7456.0
2025-12-09,14,PT1H,MC-Ternium,6189.53,7456.0
2025-12-09,15,PT1H,MC-Ternium,4418.78,7456.0
2025-12-09,16,PT1H,MC-Ternium,4174.13,7456.0
2025-12-09,17,PT1H,MC-Ternium,4281.24,7456.0
2025-12-09,18,PT1H,MC-Ternium,7074.83,7456.0
2025-12-09,19,PT1H,MC-Ternium,6838.67,7456.0
2025-12-09,20,PT1H,MC-Ternium,5510.64,7456.0
2025-12-09,21,PT1H,MC-Ternium,6558.17,7456.0
2025-12-09,22,PT1H,MC-Ternium,6841.04,7456.0
2025-12-09,23,PT1H,MC-Ternium,6495.39,7456.0
2025-12-09,24,PT1H,MC-Ternium,6932.5,7456.0
2025-12-10,1,PT1H,MC-Ternium,6595.05,7456.0
2025-12-10,2,PT1H,MC-Ternium,7043.36,7456.0
2025-12-10,3,PT1H,MC-Ternium,6266.9,7456.0
2025-12-10,4,PT1H,MC-Ternium,4494.39,7456.0
2025-12-10,5,PT1H,MC-Ternium,4999.82,7456.0
2025-12-10,6,PT1H,MC-Ternium,6846.41,7456.0
2025-12-10,7,PT1H,MC-Ternium,6724.09,7456.0
2025-12-10,8,PT1H,MC-Ternium,6839.1,7456.0
2025-12-10,9,PT1H,MC-Ternium,3540.93,7456.0
2025-12-10,10,PT1H,MC-Ternium,6519.45,7456.0
2025-12-10,11,PT1H,MC-Ternium,6539.46,7456.0
2025-12-10,12,PT1H,MC-Ternium,6676.52,7456.0
2025-12-10,13,PT1H,MC-Ternium,5937.67,7456.0
2025-12-10,14,PT1H,MC-Ternium,6425.36,7456.0
2025-12-10,15,PT1H,MC-Ternium,6871.53,7456.0
2025-12-10,16,PT1H,MC-Ternium,6763.08,7456.0
2025-12-10,17,PT1H,MC-Ternium,3526.2,7456.0
2025-12-10,18,PT1H,MC-Ternium,4761.2,7456.0
2025-12-10,19,PT1H,MC-Ternium,5301.08,7456.0
2025-12-10,20,PT1H,MC-Ternium,4451.31,7456.0
2025-12-10,21,PT1H,MC-Ternium,3252.17,7456.0
2025-12-10,22,PT1H,MC-Ternium,3922.38,7456.0
2025-12-10,23,PT1H,MC-Ternium,3587.52,7456.0
2025-12-10,24,PT1H,MC-Ternium,4666.38,7456.0
2025-12-11,1,PT1H,MC-Ternium,4770.23,5375.0
2025-12-11,2,PT1H,MC-Ternium,6399.02,5375.0
2025-12-11,3,PT1H,MC-Ternium,5093.94,5375.0
2025-12-11,4,PT1H,MC-Ternium,2340.91,5375.0
2025-12-11,5,PT1H,MC-Ternium,1960.82,5375.0
2025-12-11,6,PT1H,MC-Ternium,1930.47,5375.0
2025-12-11,7,PT1H,MC-Ternium,2349.24,5375.0
2025-12-11,8,PT1H,MC-Ternium,3280.27,5375.0
2025-12-11,9,PT1H,MC-Ternium,5704.34,5375.0
2025-12-11,10,PT1H,MC-Ternium,3062.89,5375.0
2025-12-11,11,PT1H,MC-Ternium,6916.21,5375.0
2025-12-11,12,PT1H,MC-Ternium,7848.36,5375.0
2025-12-11,13,PT1H,MC-Ternium,6644.91,5375.0
2025-12-11,14,PT1H,MC-Ternium,7843.49,5375.0
2025-12-11,15,PT1H,MC-Ternium,4803.04,5375.0
2025-12-11,16,PT1H,MC-Ternium,6671.78,5375.0
2025-12-11,17,PT1H,MC-Ternium,7890.22,5375.0
2025-12-11,18,PT1H,MC-Ternium,7284.52,5375.0
2025-12-11,19,PT1H,MC-Ternium,7732.81,5375.0
2025-12-11,20,PT1H,MC-Ternium,6086.14,5375.0
2025-12-11,21,PT1H,MC-Ternium,7434.9,5375.0
2025-12-11,22,PT1H,MC-Ternium,6133.04,5375.0
2025-12-11,23,PT1H,MC-Ternium,7905.83,5375.0
2025-12-11,24,PT1H,MC-Ternium,6544.24,5375.0
2025-12-12,1,PT1H,MC-Ternium,4970.16,6375.0
2025-12-12,2,PT1H,MC-Ternium,5353.71,6375.0
2025-12-12,3,PT1H,MC-Ternium,3883.81,6375.0
2025-12-12,4,PT1H,MC-Ternium,7831.77,6375.0
2025-12-12,5,PT1H,MC-Ternium,7785.4,6375.0
2025-12-12,6,PT1H,MC-Ternium,8532.58,6375.0
2025-12-12,7,PT1H,MC-Ternium,7252.62,6375.0
2025-12-12,8,PT1H,MC-Ternium,7907.04,6375.0
2025-12-12,9,PT1H,MC-Ternium,4885.73,6375.0
2025-12-12,10,PT1H,MC-Ternium,3012.61,6375.0
2025-12-12,11,PT1H,MC-Ternium,4538.62,6375.0
2025-12-12,12,PT1H,MC-Ternium,3042.02,6375.0
2025-12-12,13,PT1H,MC-Ternium,2701.26,6375.0
2025-12-12,14,PT1H,MC-Ternium,6702.86,6375.0
2025-12-12,15,PT1H,MC-Ternium,7556.26,6375.0
2025-12-12,16,PT1H,MC-Ternium,8323.94,6375.0
2025-12-12,17,PT1H,MC-Ternium,7409.96,6375.0
2025-12-12,18,PT1H,MC-Ternium,7800.04,6375.0
2025-12-12,19,PT1H,MC-Ternium,7396.94,6375.0
2025-12-12,20,PT1H,MC-Ternium,7620.86,6375.0
2025-12-12,21,PT1H,MC-Ternium,5285.49,6375.0
2025-12-12,22,PT1H,MC-Ternium,7249.31,6375.0
2025-12-12,23,PT1H,MC-Ternium,5685.33,6375.0
2025-12-12,24,PT1H,MC-Ternium,6531.38,6375.0
2025-12-13,1,PT1H,MC-Ternium,6678.59,5575.0
2025-12-13,2,PT1H,MC-Ternium,7072.44,5575.0
2025-12-13,3,PT1H,MC-Ternium,6461.91,5575.0
2025-12-13,4,PT1H,MC-Ternium,8188.09,5575.0
2025-12-13,5,PT1H,MC-Ternium,7761.78,5575.0
2025-12-13,6,PT1H,MC-Ternium,5193.26,5575.0
2025-12-13,7,PT1H,MC-Ternium,5581.52,5575.0
2025-12-13,8,PT1H,MC-Ternium,6748.12,5575.0
2025-12-13,9,PT1H,MC-Ternium,6774.69,5575.0
2025-12-13,10,PT1H,MC-Ternium,8056.72,5575.0
2025-12-13,11,PT1H,MC-Ternium,6006.01,5575.0
2025-12-13,12,PT1H,MC-Ternium,4344.88,5575.0
2025-12-13,13,PT1H,MC-Ternium,7190.22,5575.0
2025-12-13,14,PT1H,MC-Ternium,7651.88,5575.0
2025-12-13,15,PT1H,MC-Ternium,6992.41,5575.0
2025-12-13,16,PT1H,MC-Ternium,6073.54,5575.0
2025-12-13,17,PT1H,MC-Ternium,7169.73,5575.0
2025-12-13,18,PT1H,MC-Ternium,7565.0,5575.0
2025-12-13,19,PT1H,MC-Ternium,6008.53,5575.0
2025-12-13,20,PT1H,MC-Ternium,6832.1,5575.0
2025-12-13,21,PT1H,MC-Ternium,7533.05,5575.0
2025-12-13,22,PT1H,MC-Ternium,7387.14,5575.0
2025-12-13,23,PT1H,MC-Ternium,3840.41,5575.0
2025-12-13,24,PT1H,MC-Ternium,2131.98,5575.0
2025-12-14,1,PT1H,MC-Ternium,4693.21,5415.0
2025-12-14,2,PT1H,MC-Ternium,7072.03,5415.0
2025-12-14,3,PT1H,MC-Ternium,8037.72,5415.0
2025-12-14,4,PT1H,MC-Ternium,5604.76,5415.0
2025-12-14,5,PT1H,MC-Ternium,6431.21,5415.0
2025-12-14,6,PT1H,MC-Ternium,7019.45,5415.0
2025-12-14,7,PT1H,MC-Ternium,7475.46,5415.0
2025-12-14,8,PT1H,MC-Ternium,7411.11,5415.0
2025-12-14,9,PT1H,MC-Ternium,4570.06,5415.0
2025-12-14,10,PT1H,MC-Ternium,6737.62,5415.0
2025-12-14,11,PT1H,MC-Ternium,7480.64,5415.0
2025-12-14,12,PT1H,MC-Ternium,7458.22,5415.0
2025-12-14,13,PT1H,MC-Ternium,7611.07,5415.0
2025-12-14,14,PT1H,MC-Ternium,3573.9,5415.0
2025-12-14,15,PT1H,MC-Ternium,5655.73,5415.0
2025-12-14,16,PT1H,MC-Ternium,6458.71,5415.0
2025-12-14,17,PT1H,MC-Ternium,6659.95,5415.0
2025-12-14,18,PT1H,MC-Ternium,7205.91,5415.0
2025-12-14,19,PT1H,MC-Ternium,6570.99,5415.0
2025-12-14,20,PT1H,MC-Ternium,7853.39,5415.0
2025-12-14,21,PT1H,MC-Ternium,6033.6,5415.0
2025-12-14,22,PT1H,MC-Ternium,5266.71,5415.0
2025-12-14,23,PT1H,MC-Ternium,5540.78,5415.0
2025-12-14,24,PT1H,MC-Ternium,7465.46,5415.0
2025-12-15,1,PT1H,MC-Ternium,7431.54,6175.0
2025-12-15,2,PT1H,MC-Ternium,7174.68,6175.0
2025-12-15,3,PT1H,MC-Ternium,7844.87,6175.0
2025-12-15,4,PT1H,MC-Ternium,4174.75,6175.0
2025-12-15,5,PT1H,MC-Ternium,5515.55,6175.0
2025-12-15,6,PT1H,MC-Ternium,6693.27,6175.0
2025-12-15,7,PT1H,MC-Ternium,6541.84,6175.0
2025-12-15,8,PT1H,MC-Ternium,5856.79,6175.0
2025-12-15,9,PT1H,MC-Ternium,6980.75,6175.0
2025-12-15,10,PT1H,MC-Ternium,7528.2,6175.0
2025-12-15,11,PT1H,MC-Ternium,8078.55,6175.0
2025-12-15,12,PT1H,MC-Ternium,8000.27,6175.0
2025-12-15,13,PT1H,MC-Ternium,8355.76,6175.0
2025-12-15,14,PT1H,MC-Ternium,6902.19,6175.0
2025-12-15,15,PT1H,MC-Ternium,4279.11,6175.0
2025-12-15,16,PT1H,MC-Ternium,3850.93,6175.0
2025-12-15,17,PT1H,MC-Ternium,6396.58,6175.0
2025-12-15,18,PT1H,MC-Ternium,7354.96,6175.0
2025-12-15,19,PT1H,MC-Ternium,7049.07,6175.0
2025-12-15,20,PT1H,MC-Ternium,5019.91,6175.0
2025-12-15,21,PT1H,MC-Ternium,4885.33,6175.0
2025-12-15,22,PT1H,MC-Ternium,7990.5,6175.0
2025-12-15,23,PT1H,MC-Ternium,8111.72,6175.0
2025-12-15,24,PT1H,MC-Ternium,8735.87,6175.0
2025-12-16,1,PT1H,MC-Ternium,6521.64,6175.0
2025-12-16,2,PT1H,MC-Ternium,7352.12,6175.0
2025-12-16,3,PT1H,MC-Ternium,7169.07,6175.0
2025-12-16,4,PT1H,MC-Ternium,7032.87,6175.0
2025-12-16,5,PT1H,MC-Ternium,7755.96,6175.0
2025-12-16,6,PT1H,MC-Ternium,8201.75,6175.0
2025-12-16,7,PT1H,MC-Ternium,8177.69,6175.0
2025-12-16,8,PT1H,MC-Ternium,7668.26,6175.0
2025-12-16,9,PT1H,MC-Ternium,7788.08,6175.0
2025-12-16,10,PT1H,MC-Ternium,4497.42,6175.0
2025-12-16,11,PT1H,MC-Ternium,5054.77,6175.0
2025-12-16,12,PT1H,MC-Ternium,5506.83,6175.0
2025-12-16,13,PT1H,MC-Ternium,6367.64,6175.0
2025-12-16,14,PT1H,MC-Ternium,7089.91,6175.0
2025-12-16,15,PT1H,MC-Ternium,5226.98,6175.0
2025-12-16,16,PT1H,MC-Ternium,7015.75,6175.0
2025-12-16,17,PT1H,MC-Ternium,6438.51,6175.0
2025-12-16,18,PT1H,MC-Ternium,6529.96,6175.0
2025-12-16,19,PT1H,MC-Ternium,6943.49,6175.0
2025-12-16,20,PT1H,MC-Ternium,5565.63,6175.0
2025-12-16,21,PT1H,MC-Ternium,5174.15,6175.0
2025-12-16,22,PT1H,MC-Ternium,6972.48,6175.0
2025-12-16,23,PT1H,MC-Ternium,6317.61,6175.0
2025-12-16,24,PT1H,MC-Ternium,5909.45,6175.0
2025-12-17,1,PT1H,MC-Ternium,6982.59,6375.0
2025-12-17,2,PT1H,MC-Ternium,5372.16,6375.0
2025-12-17,3,PT1H,MC-Ternium,5583.22,6375.0
2025-12-17,4,PT1H,MC-Ternium,4241.37,6375.0
2025-12-17,5,PT1H,MC-Ternium,4556.4,6375.0
2025-12-17,6,PT1H,MC-Ternium,5238.53,6375.0
2025-12-17,7,PT1H,MC-Ternium,4807.3,6375.0
2025-12-17,8,PT1H,MC-Ternium,5281.91,6375.0
2025-12-17,9,PT1H,MC-Ternium,7062.61,6375.0
2025-12-17,10,PT1H,MC-Ternium,5173.13,6375.0
2025-12-17,11,PT1H,MC-Ternium,4775.26,6375.0
2025-12-17,12,PT1H,MC-Ternium,6838.45,6375.0
2025-12-17,13,PT1H,MC-Ternium,7032.91,6375.0
2025-12-17,14,PT1H,MC-Ternium,5367.54,6375.0
2025-12-17,15,PT1H,MC-Ternium,4116.18,6375.0
2025-12-17,16,PT1H,MC-Ternium,6171.59,6375.0
2025-12-17,17,PT1H,MC-Ternium,3417.3,6375.0
2025-12-17,18,PT1H,MC-Ternium,5119.37,6375.0
2025-12-17,19,PT1H,MC-Ternium,5871.62,6375.0
2025-12-17,20,PT1H,MC-Ternium,3493.68,6375.0
2025-12-17,21,PT1H,MC-Ternium,4827.07,6375.0
2025-12-17,22,PT1H,MC-Ternium,5777.78,6375.0
2025-12-17,23,PT1H,MC-Ternium,5675.76,6375.0
2025-12-17,24,PT1H,MC-Ternium,6718.64,6375.0
2025-12-18,1,PT1H,MC-Ternium,5031.09,6456.0
2025-12-18,2,PT1H,MC-Ternium,6631.5,6456.0
2025-12-18,3,PT1H,MC-Ternium,3916.18,6456.0
2025-12-18,4,PT1H,MC-Ternium,2210.98,6456.0
2025-12-18,5,PT1H,MC-Ternium,4378.86,6456.0
2025-12-18,6,PT1H,MC-Ternium,6990.51,6456.0
2025-12-18,7,PT1H,MC-Ternium,3900.38,6456.0
2025-12-18,8,PT1H,MC-Ternium,6254.11,6456.0
2025-12-18,9,PT1H,MC-Ternium,6189.18,6456.0
2025-12-18,10,PT1H,MC-Ternium,4297.92,6456.0
2025-12-18,11,PT1H,MC-Ternium,7191.47,6456.0
2025-12-18,12,PT1H,MC-Ternium,5494.74,6456.0
2025-12-18,13,PT1H,MC-Ternium,2756.66,6456.0
2025-12-18,14,PT1H,MC-Ternium,3707.3,6456.0
2025-12-18,15,PT1H,MC-Ternium,5063.38,6456.0
2025-12-18,16,PT1H,MC-Ternium,6805.99,6456.0
2025-12-18,17,PT1H,MC-Ternium,7718.87,6456.0
2025-12-18,18,PT1H,MC-Ternium,5702.44,6456.0
2025-12-18,19,PT1H,MC-Ternium,5524.58,6456.0
2025-12-18,20,PT1H,MC-Ternium,6414.31,6456.0
2025-12-18,21,PT1H,MC-Ternium,6965.37,6456.0
2025-12-18,22,PT1H,MC-Ternium,6955.65,6456.0
2025-12-18,23,PT1H,MC-Ternium,6745.87,6456.0
2025-12-18,24,PT1H,MC-Ternium,4904.15,6456.0
2025-12-19,1,PT1H,MC-Ternium,7276.17,6375.0
2025-12-19,2,PT1H,MC-Ternium,7898.0,6375.0
2025-12-19,3,PT1H,MC-Ternium,7018.85,6375.0
2025-12-19,4,PT1H,MC-Ternium,7099.64,6375.0
2025-12-19,5,PT1H,MC-Ternium,6114.83,6375.0
2025-12-19,6,PT1H,MC-Ternium,7607.44,6375.0
2025-12-19,7,PT1H,MC-Ternium,4134.05,6375.0
2025-12-19,8,PT1H,MC-Ternium,4333.91,6375.0
2025-12-19,9,PT1H,MC-Ternium,6545.47,6375.0
2025-12-19,10,PT1H,MC-Ternium,6676.57,6375.0
2025-12-19,11,PT1H,MC-Ternium,7334.27,6375.0
2025-12-19,12,PT1H,MC-Ternium,5937.29,6375.0
2025-12-19,13,PT1H,MC-Ternium,2868.47,6375.0
2025-12-19,14,PT1H,MC-Ternium,5561.97,6375.0
2025-12-19,15,PT1H,MC-Ternium,6334.07,6375.0
2025-12-19,16,PT1H,MC-Ternium,5523.34,6375.0
2025-12-19,17,PT1H,MC-Ternium,2517.24,6375.0
2025-12-19,18,PT1H,MC-Ternium,4059.75,6375.0
2025-12-19,19,PT1H,MC-Ternium,6253.92,6375.0
2025-12-19,20,PT1H,MC-Ternium,6408.63,6375.0
2025-12-19,21,PT1H,MC-Ternium,7214.74,6375.0
2025-12-19,22,PT1H,MC-Ternium,4663.69,6375.0
2025-12-19,23,PT1H,MC-Ternium,5267.37,6375.0
2025-12-19,24,PT1H,MC-Ternium,4241.66,6375.0
2025-12-20,1,PT1H,MC-Ternium,3772.28,5675.0
2025-12-20,2,PT1H,MC-Ternium,6142.68,5675.0
2025-12-20,3,PT1H,MC-Ternium,7306.89,5675.0
2025-12-20,4,PT1H,MC-Ternium,5337.18,5675.0
2025-12-20,5,PT1H,MC-Ternium,6292.0,5675.0
2025-12-20,6,PT1H,MC-Ternium,6979.12,5675.0
2025-12-20,7,PT1H,MC-Ternium,6885.67,5675.0
2025-12-20,8,PT1H,MC-Ternium,4564.36,5675.0
2025-12-20,9,PT1H,MC-Ternium,5051.68,5675.0
2025-12-20,10,PT1H,MC-Ternium,5938.98,5675.0
2025-12-20,11,PT1H,MC-Ternium,6229.25,5675.0
2025-12-20,12,PT1H,MC-Ternium,6820.82,5675.0
2025-12-20,13,PT1H,MC-Ternium,5615.24,5675.0
2025-12-20,14,PT1H,MC-Ternium,6211.97,5675.0
2025-12-20,15,PT1H,MC-Ternium,7077.38,5675.0
2025-12-20,16,PT1H,MC-Ternium,4041.69,5675.0
2025-12-20,17,PT1H,MC-Ternium,2055.68,5675.0
2025-12-20,18,PT1H,MC-Ternium,2941.21,5675.0
2025-12-20,19,PT1H,MC-Ternium,3259.21,5675.0
2025-12-20,20,PT1H,MC-Ternium,4231.41,5675.0
2025-12-20,21,PT1H,MC-Ternium,3753.09,5675.0
2025-12-20,22,PT1H,MC-Ternium,6222.95,5675.0
2025-12-20,23,PT1H,MC-Ternium,6876.6,5675.0
2025-12-20,24,PT1H,MC-Ternium,6941.92,5675.0
2025-12-21,1,PT1H,MC-Ternium,6284.82,5375.0
2025-12-21,2,PT1H,MC-Ternium,6583.66,5375.0
2025-12-21,3,PT1H,MC-Ternium,6851.19,5375.0
2025-12-21,4,PT1H,MC-Ternium,3886.15,5375.0
2025-12-21,5,PT1H,MC-Ternium,2857.11,5375.0
2025-12-21,6,PT1H,MC-Ternium,4823.81,5375.0
2025-12-21,7,PT1H,MC-Ternium,6339.07,5375.0
2025-12-21,8,PT1H,MC-Ternium,3923.66,5375.0
2025-12-21,9,PT1H,MC-Ternium,5841.91,5375.0
2025-12-21,10,PT1H,MC-Ternium,6272.85,5375.0
2025-12-21,11,PT1H,MC-Ternium,6692.54,5375.0
2025-12-21,12,PT1H,MC-Ternium,6320.93,5375.0
2025-12-21,13,PT1H,MC-Ternium,3980.28,5375.0
2025-12-21,14,PT1H,MC-Ternium,6188.9,5375.0
2025-12-21,15,PT1H,MC-Ternium,6322.46,5375.0
2025-12-21,16,PT1H,MC-Ternium,6116.33,5375.0
2025-12-21,17,PT1H,MC-Ternium,6175.66,5375.0
2025-12-21,18,PT1H,MC-Ternium,6805.27,5375.0
2025-12-21,19,PT1H,MC-Ternium,4734.2,5375.0
2025-12-21,20,PT1H,MC-Ternium,5727.39,5375.0
2025-12-21,21,PT1H,MC-Ternium,5636.75,5375.0
2025-12-21,22,PT1H,MC-Ternium,6070.61,5375.0
2025-12-21,23,PT1H,MC-Ternium,4996.7,5375.0
2025-12-21,24,PT1H,MC-Ternium,5419.86,5375.0
2025-12-22,1,PT1H,MC-Ternium,3882.51,5775.0
2025-12-22,2,PT1H,MC-Ternium,5184.12,5775.0
2025-12-22,3,PT1H,MC-Ternium,5299.0,5775.0
2025-12-22,4,PT1H,MC-Ternium,4851.5,5775.0
2025-12-22,5,PT1H,MC-Ternium,3982.86,5775.0
2025-12-22,6,PT1H,MC-Ternium,4352.62,5775.0
2025-12-22,7,PT1H,MC-Ternium,4578.34,5775.0
2025-12-22,8,PT1H,MC-Ternium,4379.53,5775.0
2025-12-22,9,PT1H,MC-Ternium,3286.83,5775.0
2025-12-22,10,PT1H,MC-Ternium,2950.06,5775.0
2025-12-22,11,PT1H,MC-Ternium,6076.81,5775.0
2025-12-22,12,PT1H,MC-Ternium,5347.51,5775.0
2025-12-22,13,PT1H,MC-Ternium,6140.73,5775.0
2025-12-22,14,PT1H,MC-Ternium,5121.93,5775.0
2025-12-22,15,PT1H,MC-Ternium,6801.93,5775.0
2025-12-22,16,PT1H,MC-Ternium,6052.29,5775.0
2025-12-22,17,PT1H,MC-Ternium,5765.78,5775.0
2025-12-22,18,PT1H,MC-Ternium,4981.79,5775.0
2025-12-22,19,PT1H,MC-Ternium,6960.14,5775.0
2025-12-22,20,PT1H,MC-Ternium,3096.87,5775.0
2025-12-22,21,PT1H,MC-Ternium,6177.19,5775.0
2025-12-22,22,PT1H,MC-Ternium,6616.27,5775.0
2025-12-22,23,PT1H,MC-Ternium,6484.76,5775.0
2025-12-22,24,PT1H,MC-Ternium,7187.89,5775.0
2025-12-23,1,PT1H,MC-Ternium,7582.91,5275.0
2025-12-23,2,PT1H,MC-Ternium,7204.61,5275.0
2025-12-23,3,PT1H,MC-Ternium,6875.98,5275.0
2025-12-23,4,PT1H,MC-Ternium,7231.88,5275.0
2025-12-23,5,PT1H,MC-Ternium,7375.95,5275.0
2025-12-23,6,PT1H,MC-Ternium,8009.66,5275.0
2025-12-23,7,PT1H,MC-Ternium,7563.9,5275.0
2025-12-23,8,PT1H,MC-Ternium,5769.73,5275.0
2025-12-23,9,PT1H,MC-Ternium,5766.75,5275.0
2025-12-23,10,PT1H,MC-Ternium,7076.49,5275.0
2025-12-23,11,PT1H,MC-Ternium,5779.73,5275.0
2025-12-23,12,PT1H,MC-Ternium,5995.76,5275.0
2025-12-23,13,PT1H,MC-Ternium,5937.46,5275.0
2025-12-23,14,PT1H,MC-Ternium,1906.5,5275.0
2025-12-23,15,PT1H,MC-Ternium,2325.96,5275.0
2025-12-23,16,PT1H,MC-Ternium,3929.85,5275.0
2025-12-23,17,PT1H,MC-Ternium,4942.23,5275.0
2025-12-23,18,PT1H,MC-Ternium,6599.85,5275.0
2025-12-23,19,PT1H,MC-Ternium,6516.32,5275.0
2025-12-23,20,PT1H,MC-Ternium,4731.29,5275.0
2025-12-23,21,PT1H,MC-Ternium,4941.49,5275.0
2025-12-23,22,PT1H,MC-Ternium,5541.55,5275.0
2025-12-23,23,PT1H,MC-Ternium,4856.72,5275.0
2025-12-23,24,PT1H,MC-Ternium,7170.76,5275.0
2025-12-24,1,PT1H,MC-Ternium,7098.25,5275.0
2025-12-24,2,PT1H,MC-Ternium,7217.18,5275.0
2025-12-24,3,PT1H,MC-Ternium,6436.85,5275.0
2025-12-24,4,PT1H,MC-Ternium,6852.57,5275.0
2025-12-24,5,PT1H,MC-Ternium,5498.9,5275.0
2025-12-24,6,PT1H,MC-Ternium,7076.68,5275.0
2025-12-24,7,PT1H,MC-Ternium,5723.86,5275.0
2025-12-24,8,PT1H,MC-Ternium,5887.39,5275.0
2025-12-24,9,PT1H,MC-Ternium,5808.06,5275.0
2025-12-24,10,PT1H,MC-Ternium,4097.11,5275.0
2025-12-24,11,PT1H,MC-Ternium,6625.56,5275.0
2025-12-24,12,PT1H,MC-Ternium,6335.04,5275.0
2025-12-24,13,PT1H,MC-Ternium,5332.75,5275.0
2025-12-24,14,PT1H,MC-Ternium,6042.18,5275.0
2025-12-24,15,PT1H,MC-Ternium,6588.31,5275.0
2025-12-24,16,PT1H,MC-Ternium,3127.53,5275.0
2025-12-24,17,PT1H,MC-Ternium,1319.41,5275.0
2025-12-24,18,PT1H,MC-Ternium,1138.19,5275.0
2025-12-24,19,PT1H,MC-Ternium,1184.22,5275.0
2025-12-24,20,PT1H,MC-Ternium,897.8,5275.0
2025-12-24,21,PT1H,MC-Ternium,900.64,5275.0
2025-12-24,22,PT1H,MC-Ternium,890.69,5275.0
2025-12-24,23,PT1H,MC-Ternium,888.46,5275.0
2025-12-24,24,PT1H,MC-Ternium,897.29,5275.0
2025-12-25,1,PT1H,MC-Ternium,886.55,1126.0
2025-12-25,2,PT1H,MC-Ternium,890.86,1126.0
2025-12-25,3,PT1H,MC-Ternium,872.99,1126.0
2025-12-25,4,PT1H,MC-Ternium,869.06,1126.0
2025-12-25,5,PT1H,MC-Ternium,859.76,1126.0
2025-12-25,6,PT1H,MC-Ternium,856.13,1126.0
2025-12-25,7,PT1H,MC-Ternium,841.28,1126.0
2025-12-25,8,PT1H,MC-Ternium,770.28,1126.0
2025-12-25,9,PT1H,MC-Ternium,729.55,1126.0
2025-12-25,10,PT1H,MC-Ternium,733.43,1126.0
2025-12-25,11,PT1H,MC-Ternium,752.07,1126.0
2025-12-25,12,PT1H,MC-Ternium,771.45,1126.0
2025-12-25,13,PT1H,MC-Ternium,772.71,1126.0
2025-12-25,14,PT1H,MC-Ternium,760.66,1126.0
2025-12-25,15,PT1H,MC-Ternium,770.64,1126.0
2025-12-25,16,PT1H,MC-Ternium,789.55,1126.0
2025-12-25,17,PT1H,MC-Ternium,780.93,1126.0
2025-12-25,18,PT1H,MC-Ternium,782.81,1126.0
2025-12-25,19,PT1H,MC-Ternium,807.42,1126.0
2025-12-25,20,PT1H,MC-Ternium,797.27,1126.0
2025-12-25,21,PT1H,MC-Ternium,730.36,1126.0
2025-12-25,22,PT1H,MC-Ternium,717.99,1126.0
2025-12-25,23,PT1H,MC-Ternium,757.24,1126.0
2025-12-25,24,PT1H,MC-Ternium,781.14,1126.0
2025-12-26,1,PT1H,MC-Ternium,762.93,1126.0
2025-12-26,2,PT1H,MC-Ternium,777.16,1126.0
2025-12-26,3,PT1H,MC-Ternium,770.85,1126.0
2025-12-26,4,PT1H,MC-Ternium,766.56,1126.0
2025-12-26,5,PT1H,MC-Ternium,765.89,1126.0
2025-12-26,6,PT1H,MC-Ternium,765.08,1126.0
2025-12-26,7,PT1H,MC-Ternium,741.6,1126.0
2025-12-26,8,PT1H,MC-Ternium,767.79,1126.0
2025-12-26,9,PT1H,MC-Ternium,918.1,1126.0
2025-12-26,10,PT1H,MC-Ternium,1214.26,1126.0
2025-12-26,11,PT1H,MC-Ternium,1200.05,1126.0
2025-12-26,12,PT1H,MC-Ternium,1183.08,1126.0
2025-12-26,13,PT1H,MC-Ternium,1183.01,1126.0
2025-12-26,14,PT1H,MC-Ternium,1164.08,1126.0
2025-12-26,15,PT1H,MC-Ternium,1107.38,1126.0
2025-12-26,16,PT1H,MC-Ternium,1110.16,1126.0
2025-12-26,17,PT1H,MC-Ternium,1147.05,1126.0
2025-12-26,18,PT1H,MC-Ternium,1130.9,1126.0
2025-12-26,19,PT1H,MC-Ternium,1133.34,1126.0
2025-12-26,20,PT1H,MC-Ternium,1036.06,1126.0
2025-12-26,21,PT1H,MC-Ternium,961.81,1126.0
2025-12-26,22,PT1H,MC-Ternium,944.47,1126.0
2025-12-26,23,PT1H,MC-Ternium,970.33,1126.0
2025-12-26,24,PT1H,MC-Ternium,1020.96,1126.0
2025-12-27,1,PT1H,MC-Ternium,1027.79,800.0
2025-12-27,2,PT1H,MC-Ternium,1022.18,800.0
2025-12-27,3,PT1H,MC-Ternium,1055.29,800.0
2025-12-27,4,PT1H,MC-Ternium,1031.38,800.0
2025-12-27,5,PT1H,MC-Ternium,1032.21,800.0
2025-12-27,6,PT1H,MC-Ternium,1018.32,800.0
2025-12-27,7,PT1H,MC-Ternium,1004.42,800.0
2025-12-27,8,PT1H,MC-Ternium,1011.14,800.0
2025-12-27,9,PT1H,MC-Ternium,951.13,800.0
2025-12-27,10,PT1H,MC-Ternium,991.8,800.0
2025-12-27,11,PT1H,MC-Ternium,1023.15,800.0
2025-12-27,12,PT1H,MC-Ternium,951.71,800.0
2025-12-27,13,PT1H,MC-Ternium,839.23,800.0
2025-12-27,14,PT1H,MC-Ternium,870.04,800.0
2025-12-27,15,PT1H,MC-Ternium,875.39,800.0
2025-12-27,16,PT1H,MC-Ternium,857.73,800.0
2025-12-27,17,PT1H,MC-Ternium,924.9,800.0
2025-12-27,18,PT1H,MC-Ternium,903.32,800.0
2025-12-27,19,PT1H,MC-Ternium,872.55,800.0
2025-12-27,20,PT1H,MC-Ternium,862.91,800.0
2025-12-27,21,PT1H,MC-Ternium,957.14,800.0
2025-12-27,22,PT1H,MC-Ternium,950.32,800.0
2025-12-27,23,PT1H,MC-Ternium,963.61,800.0
2025-12-27,24,PT1H,MC-Ternium,932.27,810.0
2025-12-28,1,PT1H,MC-Ternium,981.19,800.0
2025-12-28,2,PT1H,MC-Ternium,1032.03,800.0
2025-12-28,3,PT1H,MC-Ternium,1002.88,800.0
2025-12-28,4,PT1H,MC-Ternium,903.53,800.0
2025-12-28,5,PT1H,MC-Ternium,849.03,800.0
2025-12-28,6,PT1H,MC-Ternium,845.52,800.0
2025-12-28,7,PT1H,MC-Ternium,790.49,800.0
2025-12-28,8,PT1H,MC-Ternium,794.67,800.0
2025-12-28,9,PT1H,MC-Ternium,862.39,800.0
2025-12-28,10,PT1H,MC-Ternium,863.9,800.0
2025-12-28,11,PT1H,MC-Ternium,875.22,800.0
2025-12-28,12,PT1H,MC-Ternium,932.85,800.0
2025-12-28,13,PT1H,MC-Ternium,911.71,800.0
2025-12-28,14,PT1H,MC-Ternium,967.77,800.0
2025-12-28,15,PT1H,MC-Ternium,972.95,800.0
2025-12-28,16,PT1H,MC-Ternium,985.53,800.0
2025-12-28,17,PT1H,MC-Ternium,974.46,800.0
2025-12-28,18,PT1H,MC-Ternium,951.3,800.0
2025-12-28,19,PT1H,MC-Ternium,904.62,800.0
2025-12-28,20,PT1H,MC-Ternium,887.02,800.0
2025-12-28,21,PT1H,MC-Ternium,797.27,800.0
2025-12-28,22,PT1H,MC-Ternium,851.8,800.0
2025-12-28,23,PT1H,MC-Ternium,836.01,800.0
2025-12-28,24,PT1H,MC-Ternium,851.48,810.0
2025-12-29,1,PT1H,MC-Ternium,830.55,1125.0
2025-12-29,2,PT1H,MC-Ternium,913.31,1125.0
2025-12-29,3,PT1H,MC-Ternium,900.29,1125.0
2025-12-29,4,PT1H,MC-Ternium,823.1,1125.0
2025-12-29,5,PT1H,MC-Ternium,786.26,1125.0
2025-12-29,6,PT1H,MC-Ternium,668.52,1125.0
2025-12-29,7,PT1H,MC-Ternium,496.25,1125.0
2025-12-29,8,PT1H,MC-Ternium,504.81,1125.0
2025-12-29,9,PT1H,MC-Ternium,557.25,1125.0
2025-12-29,10,PT1H,MC-Ternium,548.45,1125.0
2025-12-29,11,PT1H,MC-Ternium,536.67,1125.0
2025-12-29,12,PT1H,MC-Ternium,541.71,1125.0
2025-12-29,13,PT1H,MC-Ternium,566.99,1125.0
2025-12-29,14,PT1H,MC-Ternium,632.93,1125.0
2025-12-29,15,PT1H,MC-Ternium,691.34,1125.0
2025-12-29,16,PT1H,MC-Ternium,792.81,1125.0
2025-12-29,17,PT1H,MC-Ternium,778.27,1125.0
2025-12-29,18,PT1H,MC-Ternium,753.25,1125.0
2025-12-29,19,PT1H,MC-Ternium,722.45,1125.0
2025-12-29,20,PT1H,MC-Ternium,688.4,1125.0
2025-12-29,21,PT1H,MC-Ternium,710.78,1125.0
2025-12-29,22,PT1H,MC-Ternium,709.97,1125.0
2025-12-29,23,PT1H,MC-Ternium,716.76,1125.0
2025-12-29,24,PT1H,MC-Ternium,714.21,1125.0
2025-12-30,1,PT1H,MC-Ternium,710.82,850.0
2025-12-30,2,PT1H,MC-Ternium,703.56,850.0
2025-12-30,3,PT1H,MC-Ternium,735.97,850.0
2025-12-30,4,PT1H,MC-Ternium,713.87,850.0
2025-12-30,5,PT1H,MC-Ternium,704.17,850.0
2025-12-30,6,PT1H,MC-Ternium,672.85,850.0
2025-12-30,7,PT1H,MC-Ternium,595.72,850.0
2025-12-30,8,PT1H,MC-Ternium,565.07,850.0
2025-12-30,9,PT1H,MC-Ternium,365.24,850.0
2025-12-30,10,PT1H,MC-Ternium,426.28,850.0
2025-12-30,11,PT1H,MC-Ternium,487.6,850.0
2025-12-30,12,PT1H,MC-Ternium,516.78,850.0
2025-12-30,13,PT1H,MC-Ternium,592.21,850.0
2025-12-30,14,PT1H,MC-Ternium,642.89,850.0
2025-12-30,15,PT1H,MC-Ternium,728.72,850.0
2025-12-30,16,PT1H,MC-Ternium,804.19,850.0
2025-12-30,17,PT1H,MC-Ternium,973.26,850.0
2025-12-30,18,PT1H,MC-Ternium,832.71,850.0
2025-12-30,19,PT1H,MC-Ternium,782.59,850.0
2025-12-30,20,PT1H,MC-Ternium,765.54,850.0
2025-12-30,21,PT1H,MC-Ternium,733.42,850.0
2025-12-30,22,PT1H,MC-Ternium,787.3,850.0
2025-12-30,23,PT1H,MC-Ternium,791.79,850.0
2025-12-30,24,PT1H,MC-Ternium,777.94,850.0
2025-12-31,1,PT1H,MC-Ternium,791.32,850.0
2025-12-31,2,PT1H,MC-Ternium,786.88,850.0
2025-12-31,3,PT1H,MC-Ternium,793.92,850.0
2025-12-31,4,PT1H,MC-Ternium,786.67,850.0
2025-12-31,5,PT1H,MC-Ternium,772.98,850.0
2025-12-31,6,PT1H,MC-Ternium,775.2,850.0
2025-12-31,7,PT1H,MC-Ternium,752.46,850.0
2025-12-31,8,PT1H,MC-Ternium,759.27,850.0
2025-12-31,9,PT1H,MC-Ternium,1016.62,850.0
2025-12-31,10,PT1H,MC-Ternium,1039.02,850.0
2025-12-31,11,PT1H,MC-Ternium,1045.26,850.0
2025-12-31,12,PT1H,MC-Ternium,1052.11,850.0
2025-12-31,13,PT1H,MC-Ternium,1222.3,850.0
2025-12-31,14,PT1H,MC-Ternium,1356.94,850.0
2025-12-31,15,PT1H,MC-Ternium,1355.21,850.0
2025-12-31,16,PT1H,MC-Ternium,1284.12,850.0
2025-12-31,17,PT1H,MC-Ternium,1268.27,850.0
2025-12-31,18,PT1H,MC-Ternium,1272.34,850.0
2025-12-31,19,PT1H,MC-Ternium,1203.7,850.0
2025-12-31,20,PT1H,MC-Ternium,1156.46,850.0
2025-12-31,21,PT1H,MC-Ternium,1149.99,850.0
2025-12-31,22,PT1H,MC-Ternium,1151.42,850.0
2025-12-31,23,PT1H,MC-Ternium,1147.1,850.0
2025-12-31,24,PT1H,MC-Ternium,1150.61,850.0
2026-01-01,1,PT1H,MC-Ternium,1139.66,975.0
2026-01-01,2,PT1H,MC-Ternium,1139.42,975.0
2026-01-01,3,PT1H,MC-Ternium,1130.21,975.0
2026-01-01,4,PT1H,MC-Ternium,1130.02,975.0
2026-01-01,5,PT1H,MC-Ternium,1146.51,975.0
2026-01-01,6,PT1H,MC-Ternium,1123.19,975.0
2026-01-01,7,PT1H,MC-Ternium,1124.16,975.0
2026-01-01,8,PT1H,MC-Ternium,1117.82,975.0
2026-01-01,9,PT1H,MC-Ternium,1103.61,975.0
2026-01-01,10,PT1H,MC-Ternium,1106.84,975.0
2026-01-01,11,PT1H,MC-Ternium,1112.94,975.0
2026-01-01,12,PT1H,MC-Ternium,1112.84,975.0
2026-01-01,13,PT1H,MC-Ternium,1124.27,975.0
2026-01-01,14,PT1H,MC-Ternium,1129.16,975.0
2026-01-01,15,PT1H,MC-Ternium,1131.15,975.0
2026-01-01,16,PT1H,MC-Ternium,1126.97,975.0
2026-01-01,17,PT1H,MC-Ternium,1119.06,975.0
2026-01-01,18,PT1H,MC-Ternium,1113.58,975.0
2026-01-01,19,PT1H,MC-Ternium,1134.0,975.0
2026-01-01,20,PT1H,MC-Ternium,1132.58,975.0
2026-01-01,21,PT1H,MC-Ternium,1197.64,975.0
2026-01-01,22,PT1H,MC-Ternium,1206.32,975.0
2026-01-01,23,PT1H,MC-Ternium,1196.32,975.0
2026-01-01,24,PT1H,MC-Ternium,1209.52,975.0
2026-01-02,1,PT1H,MC-Ternium,1211.95,875.0
2026-01-02,2,PT1H,MC-Ternium,1203.21,6456.0
2026-01-02,3,PT1H,MC-Ternium,1199.1,6456.0
2026-01-02,4,PT1H,MC-Ternium,1207.1,6456.0
2026-01-02,5,PT1H,MC-Ternium,1227.93,6456.0
2026-01-02,6,PT1H,MC-Ternium,1226.59,6456.0
2026-01-02,7,PT1H,MC-Ternium,1218.6,6456.0
2026-01-02,8,PT1H,MC-Ternium,1232.0,6456.0
2026-01-02,9,PT1H,MC-Ternium,1323.7,6456.0
2026-01-02,10,PT1H,MC-Ternium,1407.39,6456.0
2026-01-02,11,PT1H,MC-Ternium,1447.18,6456.0
2026-01-02,12,PT1H,MC-Ternium,1566.02,6456.0
2026-01-02,13,PT1H,MC-Ternium,1627.63,6456.0
2026-01-02,14,PT1H,MC-Ternium,1736.47,6456.0
2026-01-02,15,PT1H,MC-Ternium,1746.54,6456.0
2026-01-02,16,PT1H,MC-Ternium,1783.08,6456.0
2026-01-02,17,PT1H,MC-Ternium,1872.11,6456.0
2026-01-02,18,PT1H,MC-Ternium,1793.78,6456.0
2026-01-02,19,PT1H,MC-Ternium,1791.76,6456.0
2026-01-02,20,PT1H,MC-Ternium,2645.13,6456.0
2026-01-02,21,PT1H,MC-Ternium,2914.94,6456.0
2026-01-02,22,PT1H,MC-Ternium,3277.61,6456.0
2026-01-02,23,PT1H,MC-Ternium,4923.22,6456.0
2026-01-02,24,PT1H,MC-Ternium,3370.96,6456.0
2026-01-03,1,PT1H,MC-Ternium,4223.73,1575.0
2026-01-03,2,PT1H,MC-Ternium,4334.52,1575.0
2026-01-03,3,PT1H,MC-Ternium,5160.64,1575.0
2026-01-03,4,PT1H,MC-Ternium,2927.31,1575.0
2026-01-03,5,PT1H,MC-Ternium,5376.66,1575.0
2026-01-03,6,PT1H,MC-Ternium,6210.3,1575.0
2026-01-03,7,PT1H,MC-Ternium,6666.4,1575.0
2026-01-03,8,PT1H,MC-Ternium,7051.44,1575.0
2026-01-03,9,PT1H,MC-Ternium,2880.66,1575.0
2026-01-03,10,PT1H,MC-Ternium,2297.07,1575.0
2026-01-03,11,PT1H,MC-Ternium,2796.01,1575.0
2026-01-03,12,PT1H,MC-Ternium,2767.41,1575.0
2026-01-03,13,PT1H,MC-Ternium,2470.7,1575.0
2026-01-03,14,PT1H,MC-Ternium,4998.39,1575.0
2026-01-03,15,PT1H,MC-Ternium,4665.61,1575.0
2026-01-03,16,PT1H,MC-Ternium,7110.12,1575.0
2026-01-03,17,PT1H,MC-Ternium,8174.73,1575.0
2026-01-03,18,PT1H,MC-Ternium,4429.75,1575.0
2026-01-03,19,PT1H,MC-Ternium,2777.8,1575.0
2026-01-03,20,PT1H,MC-Ternium,6714.55,1575.0
2026-01-03,21,PT1H,MC-Ternium,3071.28,1575.0
2026-01-03,22,PT1H,MC-Ternium,2213.26,1575.0
2026-01-03,23,PT1H,MC-Ternium,3275.44,1575.0
2026-01-03,24,PT1H,MC-Ternium,3398.95,1575.0
2026-01-04,1,PT1H,MC-Ternium,3147.53,5456.0
2026-01-04,2,PT1H,MC-Ternium,3537.71,5456.0
2026-01-04,3,PT1H,MC-Ternium,5238.74,5456.0
2026-01-04,4,PT1H,MC-Ternium,3561.88,5456.0
2026-01-04,5,PT1H,MC-Ternium,3240.32,5456.0
2026-01-04,6,PT1H,MC-Ternium,7172.06,5456.0
2026-01-04,7,PT1H,MC-Ternium,7685.33,5456.0
2026-01-04,8,PT1H,MC-Ternium,4530.51,5456.0
2026-01-04,9,PT1H,MC-Ternium,6472.51,5456.0
2026-01-04,10,PT1H,MC-Ternium,8153.11,5456.0
2026-01-04,11,PT1H,MC-Ternium,7383.65,5456.0
2026-01-04,12,PT1H,MC-Ternium,7965.48,5456.0
2026-01-04,13,PT1H,MC-Ternium,6530.16,5456.0
2026-01-04,14,PT1H,MC-Ternium,5494.81,5456.0
2026-01-04,15,PT1H,MC-Ternium,5050.79,5456.0
2026-01-04,16,PT1H,MC-Ternium,7610.4,5456.0
2026-01-04,17,PT1H,MC-Ternium,8031.39,5456.0
2026-01-04,18,PT1H,MC-Ternium,6907.43,5456.0
2026-01-04,19,PT1H,MC-Ternium,6602.76,5456.0
2026-01-04,20,PT1H,MC-Ternium,7886.28,5456.0
2026-01-04,21,PT1H,MC-Ternium,9001.81,5456.0
2026-01-04,22,PT1H,MC-Ternium,5461.56,5456.0
2026-01-04,23,PT1H,MC-Ternium,7714.96,5456.0
2026-01-04,24,PT1H,MC-Ternium,7496.37,5456.0
2026-01-05,1,PT1H,MC-Ternium,7943.27,5755.0
2026-01-05,2,PT1H,MC-Ternium,8133.36,5755.0
2026-01-05,3,PT1H,MC-Ternium,7313.92,5755.0
2026-01-05,4,PT1H,MC-Ternium,7618.69,5755.0
2026-01-05,5,PT1H,MC-Ternium,6875.06,5755.0
2026-01-05,6,PT1H,MC-Ternium,5675.03,5755.0
2026-01-05,7,PT1H,MC-Ternium,5287.05,5755.0
2026-01-05,8,PT1H,MC-Ternium,5803.79,5755.0
2026-01-05,9,PT1H,MC-Ternium,6172.5,5755.0
2026-01-05,10,PT1H,MC-Ternium,3387.55,5755.0
2026-01-05,11,PT1H,MC-Ternium,3547.05,5755.0
2026-01-05,12,PT1H,MC-Ternium,7106.49,5755.0
2026-01-05,13,PT1H,MC-Ternium,5607.14,5755.0
2026-01-05,14,PT1H,MC-Ternium,7317.96,5755.0
2026-01-05,15,PT1H,MC-Ternium,7910.39,5755.0
2026-01-05,16,PT1H,MC-Ternium,5170.24,5755.0
2026-01-05,17,PT1H,MC-Ternium,6002.42,5755.0
2026-01-05,18,PT1H,MC-Ternium,7300.54,5755.0
2026-01-05,19,PT1H,MC-Ternium,7894.2,5755.0
2026-01-05,20,PT1H,MC-Ternium,6860.91,5755.0
2026-01-05,21,PT1H,MC-Ternium,7179.43,5755.0
2026-01-05,22,PT1H,MC-Ternium,7970.05,5755.0
2026-01-05,23,PT1H,MC-Ternium,5999.42,5755.0
2026-01-05,24,PT1H,MC-Ternium,6257.38,5755.0
2026-01-06,1,PT1H,MC-Ternium,5858.58,5755.0
2026-01-06,2,PT1H,MC-Ternium,4029.89,5755.0
2026-01-06,3,PT1H,MC-Ternium,4133.5,5755.0
2026-01-06,4,PT1H,MC-Ternium,7143.93,5755.0
2026-01-06,5,PT1H,MC-Ternium,7926.16,5755.0
2026-01-06,6,PT1H,MC-Ternium,5876.49,5755.0
2026-01-06,7,PT1H,MC-Ternium,6435.89,5755.0
2026-01-06,8,PT1H,MC-Ternium,8089.19,5755.0
2026-01-06,9,PT1H,MC-Ternium,7776.87,5755.0
2026-01-06,10,PT1H,MC-Ternium,7156.75,5755.0
2026-01-06,11,PT1H,MC-Ternium,8086.27,5755.0
2026-01-06,12,PT1H,MC-Ternium,5797.52,5755.0
2026-01-06,13,PT1H,MC-Ternium,6783.39,5755.0
2026-01-06,14,PT1H,MC-Ternium,6542.7,5755.0
2026-01-06,15,PT1H,MC-Ternium,5402.62,5755.0
2026-01-06,16,PT1H,MC-Ternium,3132.22,5755.0
2026-01-06,17,PT1H,MC-Ternium,6317.16,5755.0
2026-01-06,18,PT1H,MC-Ternium,5382.41,5755.0
2026-01-06,19,PT1H,MC-Ternium,4277.07,5755.0
2026-01-06,20,PT1H,MC-Ternium,6278.99,5755.0
2026-01-06,21,PT1H,MC-Ternium,7901.8,5755.0
2026-01-06,22,PT1H,MC-Ternium,7880.29,5755.0
2026-01-06,23,PT1H,MC-Ternium,7685.5,5755.0
2026-01-06,24,PT1H,MC-Ternium,7426.01,5755.0
2026-01-07,1,PT1H,MC-Ternium,8249.68,6375.0
2026-01-07,2,PT1H,MC-Ternium,6808.64,6375.0
2026-01-07,3,PT1H,MC-Ternium,4118.14,6375.0
2026-01-07,4,PT1H,MC-Ternium,6083.65,6375.0
2026-01-07,5,PT1H,MC-Ternium,7504.28,6375.0
2026-01-07,6,PT1H,MC-Ternium,7908.94,6375.0
2026-01-07,7,PT1H,MC-Ternium,7659.33,6375.0
2026-01-07,8,PT1H,MC-Ternium,5030.59,6375.0
2026-01-07,9,PT1H,MC-Ternium,2051.72,6375.0
2026-01-07,10,PT1H,MC-Ternium,4027.82,6375.0
2026-01-07,11,PT1H,MC-Ternium,6745.37,6375.0
2026-01-07,12,PT1H,MC-Ternium,6910.27,6375.0
2026-01-07,13,PT1H,MC-Ternium,4009.33,6375.0
2026-01-07,14,PT1H,MC-Ternium,5360.01,6375.0
2026-01-07,15,PT1H,MC-Ternium,4010.65,6375.0
2026-01-07,16,PT1H,MC-Ternium,5251.42,6375.0
2026-01-07,17,PT1H,MC-Ternium,4433.14,6375.0
2026-01-07,18,PT1H,MC-Ternium,5322.74,6375.0
2026-01-07,19,PT1H,MC-Ternium,5088.67,6375.0
2026-01-07,20,PT1H,MC-Ternium,7773.53,6375.0
2026-01-07,21,PT1H,MC-Ternium,7978.1,6375.0
2026-01-07,22,PT1H,MC-Ternium,6014.4,6375.0
2026-01-07,23,PT1H,MC-Ternium,7860.05,6375.0
2026-01-07,24,PT1H,MC-Ternium,6284.01,6375.0
2026-01-08,1,PT1H,MC-Ternium,7350.8,6375.0
2026-01-08,2,PT1H,MC-Ternium,3933.75,6375.0
2026-01-08,3,PT1H,MC-Ternium,7562.2,6375.0
2026-01-08,4,PT1H,MC-Ternium,5781.06,6375.0
2026-01-08,5,PT1H,MC-Ternium,5720.96,6375.0
2026-01-08,6,PT1H,MC-Ternium,7900.48,6375.0
2026-01-08,7,PT1H,MC-Ternium,7777.47,6375.0
2026-01-08,8,PT1H,MC-Ternium,6362.88,6375.0
2026-01-08,9,PT1H,MC-Ternium,6816.04,6375.0
2026-01-08,10,PT1H,MC-Ternium,8246.12,6375.0
2026-01-08,11,PT1H,MC-Ternium,2751.24,6375.0
2026-01-08,12,PT1H,MC-Ternium,2982.5,6375.0
2026-01-08,13,PT1H,MC-Ternium,4198.98,6375.0
2026-01-08,14,PT1H,MC-Ternium,2847.34,6375.0
2026-01-08,15,PT1H,MC-Ternium,7645.06,6375.0
2026-01-08,16,PT1H,MC-Ternium,8298.94,6375.0
2026-01-08,17,PT1H,MC-Ternium,8106.36,6375.0
2026-01-08,18,PT1H,MC-Ternium,7704.31,6375.0
2026-01-08,19,PT1H,MC-Ternium,7754.8,6375.0
2026-01-08,20,PT1H,MC-Ternium,4556.34,6375.0
2026-01-08,21,PT1H,MC-Ternium,2403.16,6375.0
2026-01-08,22,PT1H,MC-Ternium,3141.44,6375.0
2026-01-08,23,PT1H,MC-Ternium,6541.94,6375.0
2026-01-08,24,PT1H,MC-Ternium,7310.05,6375.0
2026-01-09,1,PT1H,MC-Ternium,7343.27,6375.0
2026-01-09,2,PT1H,MC-Ternium,8581.78,6375.0
2026-01-09,3,PT1H,MC-Ternium,8046.9,6375.0
2026-01-09,4,PT1H,MC-Ternium,8161.38,6375.0
2026-01-09,5,PT1H,MC-Ternium,6639.06,6375.0
2026-01-09,6,PT1H,MC-Ternium,7581.78,6375.0
2026-01-09,7,PT1H,MC-Ternium,7134.46,6375.0
2026-01-09,8,PT1H,MC-Ternium,7854.0,6375.0
2026-01-09,9,PT1H,MC-Ternium,5335.23,6375.0
2026-01-09,10,PT1H,MC-Ternium,7168.69,6375.0
2026-01-09,11,PT1H,MC-Ternium,5587.95,6375.0
2026-01-09,12,PT1H,MC-Ternium,2006.62,6375.0
2026-01-09,13,PT1H,MC-Ternium,5704.06,6375.0
2026-01-09,14,PT1H,MC-Ternium,7658.05,6375.0
2026-01-09,15,PT1H,MC-Ternium,5403.49,6375.0
2026-01-09,16,PT1H,MC-Ternium,6210.45,6375.0
2026-01-09,17,PT1H,MC-Ternium,8100.81,6375.0
2026-01-09,18,PT1H,MC-Ternium,3889.77,6375.0
2026-01-09,19,PT1H,MC-Ternium,8857.25,6375.0
2026-01-09,20,PT1H,MC-Ternium,7409.02,6375.0
2026-01-09,21,PT1H,MC-Ternium,8530.59,6375.0
2026-01-09,22,PT1H,MC-Ternium,7021.07,6375.0
2026-01-09,23,PT1H,MC-Ternium,8225.35,6375.0
2026-01-09,24,PT1H,MC-Ternium,7895.68,6375.0
2026-01-10,1,PT1H,MC-Ternium,7172.24,7456.0
2026-01-10,2,PT1H,MC-Ternium,3710.89,7456.0
2026-01-10,3,PT1H,MC-Ternium,5430.96,7456.0
2026-01-10,4,PT1H,MC-Ternium,6588.28,7456.0
2026-01-10,5,PT1H,MC-Ternium,8280.63,7456.0
2026-01-10,6,PT1H,MC-Ternium,8033.92,7456.0
2026-01-10,7,PT1H,MC-Ternium,6534.59,7456.0
2026-01-10,8,PT1H,MC-Ternium,7742.39,7456.0
2026-01-10,9,PT1H,MC-Ternium,8427.94,7456.0
2026-01-10,10,PT1H,MC-Ternium,5953.63,7456.0
2026-01-10,11,PT1H,MC-Ternium,6431.68,7456.0
2026-01-10,12,PT1H,MC-Ternium,5465.04,7456.0
2026-01-10,13,PT1H,MC-Ternium,7326.45,7456.0
2026-01-10,14,PT1H,MC-Ternium,8433.3,7456.0
2026-01-10,15,PT1H,MC-Ternium,7810.6,7456.0
2026-01-10,16,PT1H,MC-Ternium,4766.81,7456.0
2026-01-10,17,PT1H,MC-Ternium,7781.33,7456.0
2026-01-10,18,PT1H,MC-Ternium,6233.72,7456.0
2026-01-10,19,PT1H,MC-Ternium,8053.52,7456.0
2026-01-10,20,PT1H,MC-Ternium,6789.49,7456.0
2026-01-10,21,PT1H,MC-Ternium,5147.16,7456.0
2026-01-10,22,PT1H,MC-Ternium,6749.91,7456.0
2026-01-10,23,PT1H,MC-Ternium,7993.7,7456.0
2026-01-10,24,PT1H,MC-Ternium,7486.21,7456.0
2026-01-11,1,PT1H,MC-Ternium,6107.74,6175.0
2026-01-11,2,PT1H,MC-Ternium,7684.82,6175.0
2026-01-11,3,PT1H,MC-Ternium,8136.38,6175.0
2026-01-11,4,PT1H,MC-Ternium,7927.98,6175.0
2026-01-11,5,PT1H,MC-Ternium,7688.95,6175.0
2026-01-11,6,PT1H,MC-Ternium,6116.85,6175.0
2026-01-11,7,PT1H,MC-Ternium,7830.01,6175.0
2026-01-11,8,PT1H,MC-Ternium,5134.84,6175.0
2026-01-11,9,PT1H,MC-Ternium,2432.6,6175.0
2026-01-11,10,PT1H,MC-Ternium,5105.53,6175.0
2026-01-11,11,PT1H,MC-Ternium,6765.85,6175.0
2026-01-11,12,PT1H,MC-Ternium,5671.95,6175.0
2026-01-11,13,PT1H,MC-Ternium,4064.19,6175.0
2026-01-11,14,PT1H,MC-Ternium,1885.19,6175.0
2026-01-11,15,PT1H,MC-Ternium,2313.0,6175.0
2026-01-11,16,PT1H,MC-Ternium,2696.43,6175.0
2026-01-11,17,PT1H,MC-Ternium,3580.99,6175.0
2026-01-11,18,PT1H,MC-Ternium,4449.11,6175.0
2026-01-11,19,PT1H,MC-Ternium,6399.95,6175.0
2026-01-11,20,PT1H,MC-Ternium,6366.49,6175.0
2026-01-11,21,PT1H,MC-Ternium,5959.02,6175.0
2026-01-11,22,PT1H,MC-Ternium,3702.69,6175.0
2026-01-11,23,PT1H,MC-Ternium,4124.9,6175.0
2026-01-11,24,PT1H,MC-Ternium,6894.45,6175.0
2026-01-12,1,PT1H,MC-Ternium,7219.25,6753.0
2026-01-12,2,PT1H,MC-Ternium,7392.91,6753.0
2026-01-12,3,PT1H,MC-Ternium,7589.33,6753.0
2026-01-12,4,PT1H,MC-Ternium,6969.06,6753.0
2026-01-12,5,PT1H,MC-Ternium,5776.45,6753.0
2026-01-12,6,PT1H,MC-Ternium,6834.53,6753.0
2026-01-12,7,PT1H,MC-Ternium,7302.6,6753.0
2026-01-12,8,PT1H,MC-Ternium,7283.28,6753.0
2026-01-12,9,PT1H,MC-Ternium,5615.8,6753.0
2026-01-12,10,PT1H,MC-Ternium,6990.03,6753.0
2026-01-12,11,PT1H,MC-Ternium,6990.65,6753.0
2026-01-12,12,PT1H,MC-Ternium,6575.64,6753.0
2026-01-12,13,PT1H,MC-Ternium,7145.53,6753.0
2026-01-12,14,PT1H,MC-Ternium,3577.54,6753.0
2026-01-12,15,PT1H,MC-Ternium,7599.09,6753.0
2026-01-12,16,PT1H,MC-Ternium,4977.05,6753.0
2026-01-12,17,PT1H,MC-Ternium,6317.84,6753.0
2026-01-12,18,PT1H,MC-Ternium,7838.28,6753.0
2026-01-12,19,PT1H,MC-Ternium,8568.88,6753.0
2026-01-12,20,PT1H,MC-Ternium,8779.24,6753.0
2026-01-12,21,PT1H,MC-Ternium,8606.65,6753.0
2026-01-12,22,PT1H,MC-Ternium,7285.07,6753.0
2026-01-12,23,PT1H,MC-Ternium,5232.49,6753.0
2026-01-12,24,PT1H,MC-Ternium,7253.26,6753.0
2026-01-13,1,PT1H,MC-Ternium,8648.9,6875.0
2026-01-13,2,PT1H,MC-Ternium,8912.88,6875.0
2026-01-13,3,PT1H,MC-Ternium,3913.52,6875.0
2026-01-13,4,PT1H,MC-Ternium,8326.59,6875.0
2026-01-13,5,PT1H,MC-Ternium,7971.12,6875.0
2026-01-13,6,PT1H,MC-Ternium,8754.35,6875.0
2026-01-13,7,PT1H,MC-Ternium,7786.27,6875.0
2026-01-13,8,PT1H,MC-Ternium,8587.29,6875.0
2026-01-13,9,PT1H,MC-Ternium,6864.36,6875.0
2026-01-13,10,PT1H,MC-Ternium,8521.75,6875.0
2026-01-13,11,PT1H,MC-Ternium,8066.59,6875.0
2026-01-13,12,PT1H,MC-Ternium,8846.5,6875.0
2026-01-13,13,PT1H,MC-Ternium,2703.72,6875.0
2026-01-13,14,PT1H,MC-Ternium,6066.59,6875.0
2026-01-13,15,PT1H,MC-Ternium,8397.79,6875.0
2026-01-13,16,PT1H,MC-Ternium,8810.66,6875.0
2026-01-13,17,PT1H,MC-Ternium,5625.89,6875.0
2026-01-13,18,PT1H,MC-Ternium,3090.02,6875.0
2026-01-13,19,PT1H,MC-Ternium,6734.43,6875.0
2026-01-13,20,PT1H,MC-Ternium,8267.87,6875.0
2026-01-13,21,PT1H,MC-Ternium,8894.31,6875.0
2026-01-13,22,PT1H,MC-Ternium,6881.54,6875.0
2026-01-13,23,PT1H,MC-Ternium,8887.39,6875.0
2026-01-13,24,PT1H,MC-Ternium,8684.68,6875.0
2026-01-14,1,PT1H,MC-Ternium,9073.85,5975.0
2026-01-14,2,PT1H,MC-Ternium,8806.23,5975.0
2026-01-14,3,PT1H,MC-Ternium,7135.88,5975.0
2026-01-14,4,PT1H,MC-Ternium,8621.31,5975.0
2026-01-14,5,PT1H,MC-Ternium,8817.01,5975.0
2026-01-14,6,PT1H,MC-Ternium,8569.4,5975.0
2026-01-14,7,PT1H,MC-Ternium,8028.78,5975.0
2026-01-14,8,PT1H,MC-Ternium,8728.44,5975.0
2026-01-14,9,PT1H,MC-Ternium,6007.96,5975.0
2026-01-14,10,PT1H,MC-Ternium,1847.66,5975.0
2026-01-14,11,PT1H,MC-Ternium,2060.05,5975.0
2026-01-14,12,PT1H,MC-Ternium,2713.98,5975.0
2026-01-14,13,PT1H,MC-Ternium,4295.32,5975.0
2026-01-14,14,PT1H,MC-Ternium,5298.77,5975.0
2026-01-14,15,PT1H,MC-Ternium,2010.09,5975.0
2026-01-14,16,PT1H,MC-Ternium,5092.01,5975.0
2026-01-14,17,PT1H,MC-Ternium,6636.22,5975.0
2026-01-14,18,PT1H,MC-Ternium,4729.09,5975.0
2026-01-14,19,PT1H,MC-Ternium,6462.91,5975.0
2026-01-14,20,PT1H,MC-Ternium,5575.73,5975.0
2026-01-14,21,PT1H,MC-Ternium,6857.81,5975.0
2026-01-14,22,PT1H,MC-Ternium,6786.81,5975.0
2026-01-14,23,PT1H,MC-Ternium,3784.6,5975.0
2026-01-14,24,PT1H,MC-Ternium,2197.62,5975.0
2026-01-15,1,PT1H,MC-Ternium,4006.21,7125.0
2026-01-15,2,PT1H,MC-Ternium,4648.48,7125.0
2026-01-15,3,PT1H,MC-Ternium,6658.5,7125.0
2026-01-15,4,PT1H,MC-Ternium,6494.64,7125.0
2026-01-15,5,PT1H,MC-Ternium,6620.17,7125.0
2026-01-15,6,PT1H,MC-Ternium,7152.06,7125.0
2026-01-15,7,PT1H,MC-Ternium,4526.35,7125.0
2026-01-15,8,PT1H,MC-Ternium,5940.03,7125.0
2026-01-15,9,PT1H,MC-Ternium,6986.55,7125.0
2026-01-15,10,PT1H,MC-Ternium,7534.04,7125.0
2026-01-15,11,PT1H,MC-Ternium,7568.77,7125.0
2026-01-15,12,PT1H,MC-Ternium,6778.04,7125.0
2026-01-15,13,PT1H,MC-Ternium,7348.45,7125.0
2026-01-15,14,PT1H,MC-Ternium,7381.98,7125.0
2026-01-15,15,PT1H,MC-Ternium,7149.36,7125.0
2026-01-15,16,PT1H,MC-Ternium,7562.94,7125.0
2026-01-15,17,PT1H,MC-Ternium,7681.06,7125.0
2026-01-15,18,PT1H,MC-Ternium,7573.2,7125.0
2026-01-15,19,PT1H,MC-Ternium,7300.48,7125.0
2026-01-15,20,PT1H,MC-Ternium,6454.88,7125.0
2026-01-15,21,PT1H,MC-Ternium,7437.68,7125.0
2026-01-15,22,PT1H,MC-Ternium,7423.06,7125.0
2026-01-15,23,PT1H,MC-Ternium,7275.13,7125.0
2026-01-15,24,PT1H,MC-Ternium,3674.08,7125.0
2026-01-16,1,PT1H,MC-Ternium,6546.33,7125.0
2026-01-16,2,PT1H,MC-Ternium,6406.77,7125.0
2026-01-16,3,PT1H,MC-Ternium,4866.28,7125.0
2026-01-16,4,PT1H,MC-Ternium,6314.06,7125.0
2026-01-16,5,PT1H,MC-Ternium,7340.14,7125.0
2026-01-16,6,PT1H,MC-Ternium,5284.42,7125.0
2026-01-16,7,PT1H,MC-Ternium,6457.99,7125.0
2026-01-16,8,PT1H,MC-Ternium,6991.75,7125.0
2026-01-16,9,PT1H,MC-Ternium,2211.43,7125.0
2026-01-16,10,PT1H,MC-Ternium,2295.51,7125.0
2026-01-16,11,PT1H,MC-Ternium,4785.05,7125.0
2026-01-16,12,PT1H,MC-Ternium,5045.05,7125.0
2026-01-16,13,PT1H,MC-Ternium,6921.03,7125.0
2026-01-16,14,PT1H,MC-Ternium,7171.55,7125.0
2026-01-16,15,PT1H,MC-Ternium,5390.83,7125.0
2026-01-16,16,PT1H,MC-Ternium,4813.8,7125.0
2026-01-16,17,PT1H,MC-Ternium,5676.29,7125.0
2026-01-16,18,PT1H,MC-Ternium,2801.68,7125.0
2026-01-16,19,PT1H,MC-Ternium,5427.63,7125.0
2026-01-16,20,PT1H,MC-Ternium,6788.18,7125.0
2026-01-16,21,PT1H,MC-Ternium,6955.25,7125.0
2026-01-16,22,PT1H,MC-Ternium,7275.24,7125.0
2026-01-16,23,PT1H,MC-Ternium,7351.8,7125.0
2026-01-16,24,PT1H,MC-Ternium,7176.69,7125.0
2026-01-17,1,PT1H,MC-Ternium,5664.38,5975.0
2026-01-17,2,PT1H,MC-Ternium,6946.88,5975.0
2026-01-17,3,PT1H,MC-Ternium,7525.75,5975.0
2026-01-17,4,PT1H,MC-Ternium,7754.44,5975.0
2026-01-17,5,PT1H,MC-Ternium,7815.5,5975.0
2026-01-17,6,PT1H,MC-Ternium,7866.52,5975.0
2026-01-17,7,PT1H,MC-Ternium,7769.36,5975.0
2026-01-17,8,PT1H,MC-Ternium,7803.32,5975.0
2026-01-17,9,PT1H,MC-Ternium,7944.71,5975.0
2026-01-17,10,PT1H,MC-Ternium,7183.29,5975.0
2026-01-17,11,PT1H,MC-Ternium,6516.94,5975.0
2026-01-17,12,PT1H,MC-Ternium,7507.06,5975.0
2026-01-17,13,PT1H,MC-Ternium,5199.37,5975.0
2026-01-17,14,PT1H,MC-Ternium,6905.73,5975.0
2026-01-17,15,PT1H,MC-Ternium,6062.75,5975.0
2026-01-17,16,PT1H,MC-Ternium,3198.04,5975.0
2026-01-17,17,PT1H,MC-Ternium,3905.88,5975.0
2026-01-17,18,PT1H,MC-Ternium,2043.09,5975.0
2026-01-17,19,PT1H,MC-Ternium,5080.0,5975.0
2026-01-17,20,PT1H,MC-Ternium,5944.79,5975.0
2026-01-17,21,PT1H,MC-Ternium,6358.62,5975.0
2026-01-17,22,PT1H,MC-Ternium,7199.97,5975.0
2026-01-17,23,PT1H,MC-Ternium,7267.79,5975.0
2026-01-17,24,PT1H,MC-Ternium,7617.81,5975.0
2026-01-18,1,PT1H,MC-Ternium,7528.82,6456.0
2026-01-18,2,PT1H,MC-Ternium,7779.83,6456.0
2026-01-18,3,PT1H,MC-Ternium,7713.05,6456.0
2026-01-18,4,PT1H,MC-Ternium,7197.25,6456.0
2026-01-18,5,PT1H,MC-Ternium,7031.18,6456.0
2026-01-18,6,PT1H,MC-Ternium,4681.15,6456.0
2026-01-18,7,PT1H,MC-Ternium,2962.71,6456.0
2026-01-18,8,PT1H,MC-Ternium,2753.1,6456.0
2026-01-18,9,PT1H,MC-Ternium,2040.44,6456.0
2026-01-18,10,PT1H,MC-Ternium,3515.96,6456.0
2026-01-18,11,PT1H,MC-Ternium,6412.49,6456.0
2026-01-18,12,PT1H,MC-Ternium,6391.04,6456.0
2026-01-18,13,PT1H,MC-Ternium,6843.08,6456.0
2026-01-18,14,PT1H,MC-Ternium,7082.94,6456.0
2026-01-18,15,PT1H,MC-Ternium,4108.51,6456.0
2026-01-18,16,PT1H,MC-Ternium,3007.16,6456.0
2026-01-18,17,PT1H,MC-Ternium,6417.42,6456.0
2026-01-18,18,PT1H,MC-Ternium,6960.94,6456.0
2026-01-18,19,PT1H,MC-Ternium,6594.86,6456.0
2026-01-18,20,PT1H,MC-Ternium,6935.0,6456.0
2026-01-18,21,PT1H,MC-Ternium,7131.48,6456.0
2026-01-18,22,PT1H,MC-Ternium,4924.66,6456.0
2026-01-18,23,PT1H,MC-Ternium,7119.31,6456.0
2026-01-18,24,PT1H,MC-Ternium,5669.8,6456.0
2026-01-19,1,PT1H,MC-Ternium,6947.46,5325.0
2026-01-19,2,PT1H,MC-Ternium,6566.8,5325.0
2026-01-19,3,PT1H,MC-Ternium,5983.06,5325.0
2026-01-19,4,PT1H,MC-Ternium,4966.71,5325.0
2026-01-19,5,PT1H,MC-Ternium,5370.19,5325.0
2026-01-19,6,PT1H,MC-Ternium,5646.91,5325.0
2026-01-19,7,PT1H,MC-Ternium,3923.66,5325.0
2026-01-19,8,PT1H,MC-Ternium,4401.64,5325.0
2026-01-19,9,PT1H,MC-Ternium,6739.95,5325.0
2026-01-19,10,PT1H,MC-Ternium,6664.97,5325.0
2026-01-19,11,PT1H,MC-Ternium,7085.06,5325.0
2026-01-19,12,PT1H,MC-Ternium,7269.31,5325.0
2026-01-19,13,PT1H,MC-Ternium,4396.66,5325.0
2026-01-19,14,PT1H,MC-Ternium,3201.94,5325.0
2026-01-19,15,PT1H,MC-Ternium,5081.84,5325.0
2026-01-19,16,PT1H,MC-Ternium,5824.71,5325.0
2026-01-19,17,PT1H,MC-Ternium,6518.22,5325.0
2026-01-19,18,PT1H,MC-Ternium,7082.38,5325.0
2026-01-19,19,PT1H,MC-Ternium,5707.82,5325.0
2026-01-19,20,PT1H,MC-Ternium,6653.69,5325.0
2026-01-19,21,PT1H,MC-Ternium,4548.45,5325.0
2026-01-19,22,PT1H,MC-Ternium,6980.47,5325.0
2026-01-19,23,PT1H,MC-Ternium,7374.89,5325.0
2026-01-19,24,PT1H,MC-Ternium,7657.89,5325.0
2026-01-20,1,PT1H,MC-Ternium,5668.71,5725.0
2026-01-20,2,PT1H,MC-Ternium,4477.09,5725.0
2026-01-20,3,PT1H,MC-Ternium,7504.88,5725.0
2026-01-20,4,PT1H,MC-Ternium,6301.55,5725.0
2026-01-20,5,PT1H,MC-Ternium,7779.88,5725.0
2026-01-20,6,PT1H,MC-Ternium,6708.3,5725.0
2026-01-20,7,PT1H,MC-Ternium,6597.48,5725.0
2026-01-20,8,PT1H,MC-Ternium,7232.32,5725.0
2026-01-20,9,PT1H,MC-Ternium,7600.82,5725.0
2026-01-20,10,PT1H,MC-Ternium,7482.45,5725.0
2026-01-20,11,PT1H,MC-Ternium,7400.35,5725.0
2026-01-20,12,PT1H,MC-Ternium,7170.21,5725.0
2026-01-20,13,PT1H,MC-Ternium,7538.85,5725.0
2026-01-20,14,PT1H,MC-Ternium,4553.24,5725.0
2026-01-20,15,PT1H,MC-Ternium,5375.43,5725.0
2026-01-20,16,PT1H,MC-Ternium,6934.69,5725.0
2026-01-20,17,PT1H,MC-Ternium,7265.97,5725.0
2026-01-20,18,PT1H,MC-Ternium,6022.54,5725.0
2026-01-20,19,PT1H,MC-Ternium,6979.33,5725.0
2026-01-20,20,PT1H,MC-Ternium,5075.5,5725.0
2026-01-20,21,PT1H,MC-Ternium,5704.11,5725.0
2026-01-20,22,PT1H,MC-Ternium,4859.81,5725.0
2026-01-20,23,PT1H,MC-Ternium,2762.57,5725.0
2026-01-20,24,PT1H,MC-Ternium,3231.29,5725.0
2026-01-21,1,PT1H,MC-Ternium,3458.48,5675.0
2026-01-21,2,PT1H,MC-Ternium,6505.73,5675.0
2026-01-21,3,PT1H,MC-Ternium,5302.94,5675.0
2026-01-21,4,PT1H,MC-Ternium,6564.69,5675.0
2026-01-21,5,PT1H,MC-Ternium,5732.08,5675.0
2026-01-21,6,PT1H,MC-Ternium,6348.19,5675.0
2026-01-21,7,PT1H,MC-Ternium,6977.92,5675.0
2026-01-21,8,PT1H,MC-Ternium,7267.02,5675.0
2026-01-21,9,PT1H,MC-Ternium,7459.45,5675.0
2026-01-21,10,PT1H,MC-Ternium,7451.37,5675.0
2026-01-21,11,PT1H,MC-Ternium,7066.8,5675.0
2026-01-21,12,PT1H,MC-Ternium,7033.98,5675.0
2026-01-21,13,PT1H,MC-Ternium,6667.74,5675.0
2026-01-21,14,PT1H,MC-Ternium,6426.13,5675.0
2026-01-21,15,PT1H,MC-Ternium,2204.25,5675.0
2026-01-21,16,PT1H,MC-Ternium,1685.16,5675.0
2026-01-21,17,PT1H,MC-Ternium,1651.46,5675.0
2026-01-21,18,PT1H,MC-Ternium,1642.15,5675.0
2026-01-21,19,PT1H,MC-Ternium,2789.3,5675.0
2026-01-21,20,PT1H,MC-Ternium,3732.64,5675.0
2026-01-21,21,PT1H,MC-Ternium,6192.96,5675.0
2026-01-21,22,PT1H,MC-Ternium,5995.34,5675.0
2026-01-21,23,PT1H,MC-Ternium,5178.67,5675.0
2026-01-21,24,PT1H,MC-Ternium,4569.65,5675.0
2026-01-22,1,PT1H,MC-Ternium,6987.68,5975.0
2026-01-22,2,PT1H,MC-Ternium,5883.17,5975.0
2026-01-22,3,PT1H,MC-Ternium,7447.91,5975.0
2026-01-22,4,PT1H,MC-Ternium,7674.56,5975.0
2026-01-22,5,PT1H,MC-Ternium,2593.38,5975.0
2026-01-22,6,PT1H,MC-Ternium,5980.29,5975.0
2026-01-22,7,PT1H,MC-Ternium,7258.32,5975.0
2026-01-22,8,PT1H,MC-Ternium,7883.52,5975.0
2026-01-22,9,PT1H,MC-Ternium,6178.05,5975.0
2026-01-22,10,PT1H,MC-Ternium,8235.29,5975.0
2026-01-22,11,PT1H,MC-Ternium,7931.0,5975.0
2026-01-22,12,PT1H,MC-Ternium,7487.4,5975.0
2026-01-22,13,PT1H,MC-Ternium,5374.73,5975.0
2026-01-22,14,PT1H,MC-Ternium,4877.6,5975.0
2026-01-22,15,PT1H,MC-Ternium,7373.03,5975.0
2026-01-22,16,PT1H,MC-Ternium,7406.82,5975.0
2026-01-22,17,PT1H,MC-Ternium,7485.91,5975.0
2026-01-22,18,PT1H,MC-Ternium,6686.96,5975.0
2026-01-22,19,PT1H,MC-Ternium,6487.63,5975.0
2026-01-22,20,PT1H,MC-Ternium,5709.73,5975.0
2026-01-22,21,PT1H,MC-Ternium,7063.46,5975.0
2026-01-22,22,PT1H,MC-Ternium,8231.38,5975.0
2026-01-22,23,PT1H,MC-Ternium,8304.33,5975.0
2026-01-22,24,PT1H,MC-Ternium,7852.79,5975.0
2026-01-23,1,PT1H,MC-Ternium,7663.34,6375.0
2026-01-23,2,PT1H,MC-Ternium,8058.29,6375.0
2026-01-23,3,PT1H,MC-Ternium,6260.06,6375.0
2026-01-23,4,PT1H,MC-Ternium,6914.63,6375.0
2026-01-23,5,PT1H,MC-Ternium,7677.98,6375.0
2026-01-23,6,PT1H,MC-Ternium,8464.04,6375.0
2026-01-23,7,PT1H,MC-Ternium,8041.27,6375.0
2026-01-23,8,PT1H,MC-Ternium,4450.55,6375.0
2026-01-23,9,PT1H,MC-Ternium,6758.2,6375.0
2026-01-23,10,PT1H,MC-Ternium,7286.89,6375.0
2026-01-23,11,PT1H,MC-Ternium,8266.81,6375.0
2026-01-23,12,PT1H,MC-Ternium,7437.08,6375.0
2026-01-23,13,PT1H,MC-Ternium,7193.1,6375.0
2026-01-23,14,PT1H,MC-Ternium,6904.71,6375.0
2026-01-23,15,PT1H,MC-Ternium,2329.74,6375.0
2026-01-23,16,PT1H,MC-Ternium,3241.83,6375.0
2026-01-23,17,PT1H,MC-Ternium,7649.2,6375.0
2026-01-23,18,PT1H,MC-Ternium,7232.09,6375.0
2026-01-23,19,PT1H,MC-Ternium,8264.43,6375.0
2026-01-23,20,PT1H,MC-Ternium,8112.93,6375.0
2026-01-23,21,PT1H,MC-Ternium,4357.59,6375.0
2026-01-23,22,PT1H,MC-Ternium,6291.54,6375.0
2026-01-23,23,PT1H,MC-Ternium,8034.78,6375.0
2026-01-23,24,PT1H,MC-Ternium,7462.98,6375.0
2026-01-24,1,PT1H,MC-Ternium,8386.65,5675.0
2026-01-24,2,PT1H,MC-Ternium,5615.35,5675.0
2026-01-24,3,PT1H,MC-Ternium,6416.24,5675.0
2026-01-24,4,PT1H,MC-Ternium,4958.56,5675.0
2026-01-24,5,PT1H,MC-Ternium,5076.9,5675.0
2026-01-24,6,PT1H,MC-Ternium,4328.03,5675.0
2026-01-24,7,PT1H,MC-Ternium,2976.45,5675.0
2026-01-24,8,PT1H,MC-Ternium,6923.02,5675.0
2026-01-24,9,PT1H,MC-Ternium,4254.09,5675.0
2026-01-24,10,PT1H,MC-Ternium,5692.49,5675.0
2026-01-24,11,PT1H,MC-Ternium,6755.96,5675.0
2026-01-24,12,PT1H,MC-Ternium,7778.55,5675.0
2026-01-24,13,PT1H,MC-Ternium,3933.07,5675.0
2026-01-24,14,PT1H,MC-Ternium,6247.88,5675.0
2026-01-24,15,PT1H,MC-Ternium,6977.16,5675.0
2026-01-24,16,PT1H,MC-Ternium,8475.2,5675.0
2026-01-24,17,PT1H,MC-Ternium,6982.29,5675.0
2026-01-24,18,PT1H,MC-Ternium,8533.33,5675.0
2026-01-24,19,PT1H,MC-Ternium,6194.46,5675.0
2026-01-24,20,PT1H,MC-Ternium,5462.69,5675.0
2026-01-24,21,PT1H,MC-Ternium,8285.85,5675.0
2026-01-24,22,PT1H,MC-Ternium,8068.54,5675.0
2026-01-24,23,PT1H,MC-Ternium,8684.85,5675.0
2026-01-24,24,PT1H,MC-Ternium,8948.39,5675.0
2026-01-25,1,PT1H,MC-Ternium,7377.74,6850.0
2026-01-25,2,PT1H,MC-Ternium,4592.35,6850.0
2026-01-25,3,PT1H,MC-Ternium,7512.52,6850.0
2026-01-25,4,PT1H,MC-Ternium,8278.27,6850.0
2026-01-25,5,PT1H,MC-Ternium,8900.75,6850.0
2026-01-25,6,PT1H,MC-Ternium,8771.26,6850.0
2026-01-25,7,PT1H,MC-Ternium,8467.25,6850.0
2026-01-25,8,PT1H,MC-Ternium,7076.0,6850.0
2026-01-25,9,PT1H,MC-Ternium,7403.63,6850.0
2026-01-25,10,PT1H,MC-Ternium,5368.31,6850.0
2026-01-25,11,PT1H,MC-Ternium,2956.87,6850.0
2026-01-25,12,PT1H,MC-Ternium,7468.13,6850.0
2026-01-25,13,PT1H,MC-Ternium,7555.69,6850.0
2026-01-25,14,PT1H,MC-Ternium,5216.19,6850.0
2026-01-25,15,PT1H,MC-Ternium,5328.03,6850.0
2026-01-25,16,PT1H,MC-Ternium,4508.52,6850.0
2026-01-25,17,PT1H,MC-Ternium,7245.23,6850.0
2026-01-25,18,PT1H,MC-Ternium,7816.53,6850.0
2026-01-25,19,PT1H,MC-Ternium,7424.75,6850.0
2026-01-25,20,PT1H,MC-Ternium,6895.58,6850.0
2026-01-25,21,PT1H,MC-Ternium,7780.26,6850.0
2026-01-25,22,PT1H,MC-Ternium,5764.48,6850.0
2026-01-25,23,PT1H,MC-Ternium,4982.26,6850.0
2026-01-25,24,PT1H,MC-Ternium,7255.86,6850.0
2026-01-26,1,PT1H,MC-Ternium,3873.79,6975.0
2026-01-26,2,PT1H,MC-Ternium,5374.86,6975.0
2026-01-26,3,PT1H,MC-Ternium,6621.54,6975.0
2026-01-26,4,PT1H,MC-Ternium,5028.39,6975.0
2026-01-26,5,PT1H,MC-Ternium,7339.68,6975.0
2026-01-26,6,PT1H,MC-Ternium,7759.61,6975.0
2026-01-26,7,PT1H,MC-Ternium,8248.42,6975.0
2026-01-26,8,PT1H,MC-Ternium,8446.53,6975.0
2026-01-26,9,PT1H,MC-Ternium,5653.27,6975.0
2026-01-26,10,PT1H,MC-Ternium,3813.4,6975.0
2026-01-26,11,PT1H,MC-Ternium,7264.96,6975.0
2026-01-26,12,PT1H,MC-Ternium,6877.22,6975.0
2026-01-26,13,PT1H,MC-Ternium,7483.38,6975.0
2026-01-26,14,PT1H,MC-Ternium,7945.85,6975.0
2026-01-26,15,PT1H,MC-Ternium,1730.19,6975.0
2026-01-26,16,PT1H,MC-Ternium,1661.66,6975.0
2026-01-26,17,PT1H,MC-Ternium,1627.05,6975.0
2026-01-26,18,PT1H,MC-Ternium,1675.02,6975.0
2026-01-26,19,PT1H,MC-Ternium,1771.29,6975.0
2026-01-26,20,PT1H,MC-Ternium,1738.3,6975.0
2026-01-26,21,PT1H,MC-Ternium,2653.88,6975.0
2026-01-26,22,PT1H,MC-Ternium,4891.4,6975.0
2026-01-26,23,PT1H,MC-Ternium,5532.97,6975.0
2026-01-26,24,PT1H,MC-Ternium,4549.95,6975.0
2026-01-27,1,PT1H,MC-Ternium,3864.4,6575.0
2026-01-27,2,PT1H,MC-Ternium,3208.38,6575.0
2026-01-27,3,PT1H,MC-Ternium,2615.44,6575.0
2026-01-27,4,PT1H,MC-Ternium,5645.33,6575.0
2026-01-27,5,PT1H,MC-Ternium,6002.52,6575.0
2026-01-27,6,PT1H,MC-Ternium,5297.48,6575.0
2026-01-27,7,PT1H,MC-Ternium,4537.62,6575.0
2026-01-27,8,PT1H,MC-Ternium,5119.61,6575.0
2026-01-27,9,PT1H,MC-Ternium,5916.86,6575.0
2026-01-27,10,PT1H,MC-Ternium,7121.45,6575.0
2026-01-27,11,PT1H,MC-Ternium,5644.6,6575.0
2026-01-27,12,PT1H,MC-Ternium,4663.32,6575.0
2026-01-27,13,PT1H,MC-Ternium,1620.0,6575.0
2026-01-27,14,PT1H,MC-Ternium,1624.49,6575.0
2026-01-27,15,PT1H,MC-Ternium,1627.62,6575.0
2026-01-27,16,PT1H,MC-Ternium,1582.62,6575.0
2026-01-27,17,PT1H,MC-Ternium,1530.03,6575.0
2026-01-27,18,PT1H,MC-Ternium,1691.36,6575.0
2026-01-27,19,PT1H,MC-Ternium,2416.3,6575.0
2026-01-27,20,PT1H,MC-Ternium,1653.09,6575.0
2026-01-27,21,PT1H,MC-Ternium,3466.02,6575.0
2026-01-27,22,PT1H,MC-Ternium,3201.66,6575.0
2026-01-27,23,PT1H,MC-Ternium,5845.86,6575.0
2026-01-27,24,PT1H,MC-Ternium,4294.79,6575.0
2026-01-28,1,PT1H,MC-Ternium,5029.17,6975.0
2026-01-28,2,PT1H,MC-Ternium,6273.52,6975.0
2026-01-28,3,PT1H,MC-Ternium,5891.66,6975.0
2026-01-28,4,PT1H,MC-Ternium,6017.61,6975.0
2026-01-28,5,PT1H,MC-Ternium,2227.77,6975.0
2026-01-28,6,PT1H,MC-Ternium,3191.29,6975.0
2026-01-28,7,PT1H,MC-Ternium,5970.07,6975.0
2026-01-28,8,PT1H,MC-Ternium,6151.96,6975.0
2026-01-28,9,PT1H,MC-Ternium,7307.06,6975.0
2026-01-28,10,PT1H,MC-Ternium,2466.81,6975.0
2026-01-28,11,PT1H,MC-Ternium,5580.74,6975.0
2026-01-28,12,PT1H,MC-Ternium,7182.86,6975.0
2026-01-28,13,PT1H,MC-Ternium,5183.57,6975.0
2026-01-28,14,PT1H,MC-Ternium,6223.93,6975.0
2026-01-28,15,PT1H,MC-Ternium,5578.21,6975.0
2026-01-28,16,PT1H,MC-Ternium,4986.27,6975.0
2026-01-28,17,PT1H,MC-Ternium,3389.95,6975.0
2026-01-28,18,PT1H,MC-Ternium,3666.89,6975.0
2026-01-28,19,PT1H,MC-Ternium,6457.3,6975.0
2026-01-28,20,PT1H,MC-Ternium,5833.91,6975.0
2026-01-28,21,PT1H,MC-Ternium,5228.02,6975.0
2026-01-28,22,PT1H,MC-Ternium,6821.66,6975.0
2026-01-28,23,PT1H,MC-Ternium,6006.49,6975.0
2026-01-28,24,PT1H,MC-Ternium,6664.84,6975.0
2026-01-29,1,PT1H,MC-Ternium,6949.26,5975.0
2026-01-29,2,PT1H,MC-Ternium,6204.54,5975.0
2026-01-29,3,PT1H,MC-Ternium,7093.9,5975.0
2026-01-29,4,PT1H,MC-Ternium,6785.88,5975.0
2026-01-29,5,PT1H,MC-Ternium,5328.41,5975.0
2026-01-29,6,PT1H,MC-Ternium,6368.63,5975.0
2026-01-29,7,PT1H,MC-Ternium,6819.59,5975.0
2026-01-29,8,PT1H,MC-Ternium,5502.5,5975.0
2026-01-29,9,PT1H,MC-Ternium,3608.51,5975.0
2026-01-29,10,PT1H,MC-Ternium,5596.46,5975.0
2026-01-29,11,PT1H,MC-Ternium,7052.97,5975.0
2026-01-29,12,PT1H,MC-Ternium,7361.34,5975.0
2026-01-29,13,PT1H,MC-Ternium,5696.05,5975.0
2026-01-29,14,PT1H,MC-Ternium,1518.6,5975.0
2026-01-29,15,PT1H,MC-Ternium,1511.7,5975.0
2026-01-29,16,PT1H,MC-Ternium,1501.45,5975.0
2026-01-29,17,PT1H,MC-Ternium,3177.96,5975.0
2026-01-29,18,PT1H,MC-Ternium,4318.36,5975.0
2026-01-29,19,PT1H,MC-Ternium,3465.09,5975.0
2026-01-29,20,PT1H,MC-Ternium,3497.89,5975.0
2026-01-29,21,PT1H,MC-Ternium,1959.66,5975.0
2026-01-29,22,PT1H,MC-Ternium,4875.27,5975.0
2026-01-29,23,PT1H,MC-Ternium,3264.14,5975.0
2026-01-29,24,PT1H,MC-Ternium,3976.08,5975.0
2026-01-30,1,PT1H,MC-Ternium,4168.76,8143.0
2026-01-30,2,PT1H,MC-Ternium,5693.56,8143.0
2026-01-30,3,PT1H,MC-Ternium,6894.64,8143.0
2026-01-30,4,PT1H,MC-Ternium,6677.52,8143.0
2026-01-30,5,PT1H,MC-Ternium,6395.71,8143.0
2026-01-30,6,PT1H,MC-Ternium,6026.19,8143.0
2026-01-30,7,PT1H,MC-Ternium,5830.7,8143.0
2026-01-30,8,PT1H,MC-Ternium,3469.78,8143.0
2026-01-30,9,PT1H,MC-Ternium,5265.33,8143.0
2026-01-30,10,PT1H,MC-Ternium,4591.6,8143.0
2026-01-30,11,PT1H,MC-Ternium,3380.14,8143.0
2026-01-30,12,PT1H,MC-Ternium,1846.92,8143.0
2026-01-30,13,PT1H,MC-Ternium,1876.48,8143.0
2026-01-30,14,PT1H,MC-Ternium,3464.42,8143.0
2026-01-30,15,PT1H,MC-Ternium,4314.41,8143.0
2026-01-30,16,PT1H,MC-Ternium,4649.16,8143.0
2026-01-30,17,PT1H,MC-Ternium,4613.18,8143.0
2026-01-30,18,PT1H,MC-Ternium,4117.03,8143.0
2026-01-30,19,PT1H,MC-Ternium,4172.49,8143.0
2026-01-30,20,PT1H,MC-Ternium,5295.63,8143.0
2026-01-30,21,PT1H,MC-Ternium,5622.51,8143.0
2026-01-30,22,PT1H,MC-Ternium,4048.77,8143.0
2026-01-30,23,PT1H,MC-Ternium,1937.89,8143.0
2026-01-30,24,PT1H,MC-Ternium,3895.62,8143.0
2026-01-31,1,PT1H,MC-Ternium,1863.73,5675.0
2026-01-31,2,PT1H,MC-Ternium,3525.28,5675.0
2026-01-31,3,PT1H,MC-Ternium,2861.57,5675.0
2026-01-31,4,PT1H,MC-Ternium,2513.3,5675.0
2026-01-31,5,PT1H,MC-Ternium,1770.75,5675.0
2026-01-31,6,PT1H,MC-Ternium,2271.07,5675.0
2026-01-31,7,PT1H,MC-Ternium,2975.17,5675.0
2026-01-31,8,PT1H,MC-Ternium,1719.48,5675.0
2026-01-31,9,PT1H,MC-Ternium,3244.19,5675.0
2026-01-31,10,PT1H,MC-Ternium,3782.98,5675.0
2026-01-31,11,PT1H,MC-Ternium,5273.67,5675.0
2026-01-31,12,PT1H,MC-Ternium,5292.48,5675.0
2026-01-31,13,PT1H,MC-Ternium,3812.5,5675.0
2026-01-31,14,PT1H,MC-Ternium,3100.44,5675.0
2026-01-31,15,PT1H,MC-Ternium,5491.96,5675.0
2026-01-31,16,PT1H,MC-Ternium,3982.86,5675.0
2026-01-31,17,PT1H,MC-Ternium,3223.19,5675.0
2026-01-31,18,PT1H,MC-Ternium,2238.98,5675.0
2026-01-31,19,PT1H,MC-Ternium,5252.21,5675.0
2026-01-31,20,PT1H,MC-Ternium,6052.97,5675.0
2026-01-31,21,PT1H,MC-Ternium,5840.47,5675.0
2026-01-31,22,PT1H,MC-Ternium,4587.79,5675.0
2026-01-31,23,PT1H,MC-Ternium,2065.72,5675.0
2026-01-31,24,PT1H,MC-Ternium,2294.44,5675.0
2026-02-01,1,PT1H,MC-Ternium,3654.65,5375.0
2026-02-01,2,PT1H,MC-Ternium,4314.42,5375.0
2026-02-01,3,PT1H,MC-Ternium,5059.8,5375.0
2026-02-01,4,PT1H,MC-Ternium,6060.7,5375.0
2026-02-01,5,PT1H,MC-Ternium,3741.48,5375.0
2026-02-01,6,PT1H,MC-Ternium,4146.47,5375.0
2026-02-01,7,PT1H,MC-Ternium,3239.0,5375.0
2026-02-01,8,PT1H,MC-Ternium,3443.33,5375.0
2026-02-01,9,PT1H,MC-Ternium,3145.26,5375.0
2026-02-01,10,PT1H,MC-Ternium,2450.67,5375.0
2026-02-01,11,PT1H,MC-Ternium,4142.21,5375.0
2026-02-01,12,PT1H,MC-Ternium,3984.41,5375.0
2026-02-01,13,PT1H,MC-Ternium,2708.32,5375.0
2026-02-01,14,PT1H,MC-Ternium,1409.74,5375.0
2026-02-01,15,PT1H,MC-Ternium,1424.15,5375.0
2026-02-01,16,PT1H,MC-Ternium,2009.57,5375.0
2026-02-01,17,PT1H,MC-Ternium,1837.23,5375.0
2026-02-01,18,PT1H,MC-Ternium,3182.75,5375.0
2026-02-01,19,PT1H,MC-Ternium,4041.76,5375.0
2026-02-01,20,PT1H,MC-Ternium,2721.9,5375.0
2026-02-01,21,PT1H,MC-Ternium,3819.39,5375.0
2026-02-01,22,PT1H,MC-Ternium,4179.24,5375.0
2026-02-01,23,PT1H,MC-Ternium,4803.19,5375.0
2026-02-01,24,PT1H,MC-Ternium,2108.43,5375.0
2026-02-02,1,PT1H,MC-Ternium,3820.41,5710.0
2026-02-02,2,PT1H,MC-Ternium,3500.93,5710.0
2026-02-02,3,PT1H,MC-Ternium,3797.32,5710.0
2026-02-02,4,PT1H,MC-Ternium,4474.67,5710.0
2026-02-02,5,PT1H,MC-Ternium,4774.53,5710.0
2026-02-02,6,PT1H,MC-Ternium,2393.82,5710.0
2026-02-02,7,PT1H,MC-Ternium,4524.38,5710.0
2026-02-02,8,PT1H,MC-Ternium,2753.29,5710.0
2026-02-02,9,PT1H,MC-Ternium,3831.27,5710.0
2026-02-02,10,PT1H,MC-Ternium,2625.31,5710.0
2026-02-02,11,PT1H,MC-Ternium,4866.58,5710.0
2026-02-02,12,PT1H,MC-Ternium,3802.04,5710.0
2026-02-02,13,PT1H,MC-Ternium,4752.12,5710.0
2026-02-02,14,PT1H,MC-Ternium,4952.26,5710.0
2026-02-02,15,PT1H,MC-Ternium,4312.32,5710.0
2026-02-02,16,PT1H,MC-Ternium,3041.13,5710.0
2026-02-02,17,PT1H,MC-Ternium,4053.05,5710.0
2026-02-02,18,PT1H,MC-Ternium,2731.8,5710.0
2026-02-02,19,PT1H,MC-Ternium,3764.98,5710.0
2026-02-02,20,PT1H,MC-Ternium,2986.6,5710.0
2026-02-02,21,PT1H,MC-Ternium,2670.0,5710.0
2026-02-02,22,PT1H,MC-Ternium,2255.8,5710.0
2026-02-02,23,PT1H,MC-Ternium,3101.45,5710.0
2026-02-02,24,PT1H,MC-Ternium,4542.95,5710.0
2026-02-03,1,PT1H,MC-Ternium,4704.54,4751.0
2026-02-03,2,PT1H,MC-Ternium,4322.19,4751.0
2026-02-03,3,PT1H,MC-Ternium,3407.95,4751.0
2026-02-03,4,PT1H,MC-Ternium,2171.48,4751.0
2026-02-03,5,PT1H,MC-Ternium,1814.74,4751.0
2026-02-03,6,PT1H,MC-Ternium,3406.56,4751.0
2026-02-03,7,PT1H,MC-Ternium,1558.36,4751.0
2026-02-03,8,PT1H,MC-Ternium,1502.64,4751.0
2026-02-03,9,PT1H,MC-Ternium,1517.31,4751.0
2026-02-03,10,PT1H,MC-Ternium,1546.42,4751.0
2026-02-03,11,PT1H,MC-Ternium,2369.71,4751.0
2026-02-03,12,PT1H,MC-Ternium,3560.2,4751.0
2026-02-03,13,PT1H,MC-Ternium,4808.29,4751.0
2026-02-03,14,PT1H,MC-Ternium,4740.03,4751.0
2026-02-03,15,PT1H,MC-Ternium,4760.65,4751.0
2026-02-03,16,PT1H,MC-Ternium,3687.15,4751.0
2026-02-03,17,PT1H,MC-Ternium,3829.01,4751.0
2026-02-03,18,PT1H,MC-Ternium,4105.83,4751.0
2026-02-03,19,PT1H,MC-Ternium,3330.93,4751.0
2026-02-03,20,PT1H,MC-Ternium,3747.0,4751.0
2026-02-03,21,PT1H,MC-Ternium,4133.46,4751.0
2026-02-03,22,PT1H,MC-Ternium,4437.85,4751.0
2026-02-03,23,PT1H,MC-Ternium,4673.57,4751.0
2026-02-03,24,PT1H,MC-Ternium,3936.18,4751.0
2026-02-04,1,PT1H,MC-Ternium,3753.35,8143.0
2026-02-04,2,PT1H,MC-Ternium,2366.71,8143.0
2026-02-04,3,PT1H,MC-Ternium,2169.81,8143.0
2026-02-04,4,PT1H,MC-Ternium,3856.68,8143.0
2026-02-04,5,PT1H,MC-Ternium,4974.62,8143.0
2026-02-04,6,PT1H,MC-Ternium,4799.75,8143.0
2026-02-04,7,PT1H,MC-Ternium,2988.64,8143.0
2026-02-04,8,PT1H,MC-Ternium,5150.13,8143.0
2026-02-04,9,PT1H,MC-Ternium,4770.84,8143.0
2026-02-04,10,PT1H,MC-Ternium,5280.95,8143.0
2026-02-04,11,PT1H,MC-Ternium,4430.39,8143.0
2026-02-04,12,PT1H,MC-Ternium,4453.18,8143.0
2026-02-04,13,PT1H,MC-Ternium,5213.86,8143.0
2026-02-04,14,PT1H,MC-Ternium,4895.85,8143.0
2026-02-04,15,PT1H,MC-Ternium,3951.69,8143.0
2026-02-04,16,PT1H,MC-Ternium,5292.54,8143.0
2026-02-04,17,PT1H,MC-Ternium,3854.43,8143.0
2026-02-04,18,PT1H,MC-Ternium,4984.75,8143.0
2026-02-04,19,PT1H,MC-Ternium,4575.59,8143.0
2026-02-04,20,PT1H,MC-Ternium,4904.54,8143.0
2026-02-04,21,PT1H,MC-Ternium,4858.33,8143.0
2026-02-04,22,PT1H,MC-Ternium,3982.78,8143.0
2026-02-04,23,PT1H,MC-Ternium,4271.08,8143.0
2026-02-04,24,PT1H,MC-Ternium,4394.74,8143.0
2026-02-05,1,PT1H,MC-Ternium,4224.76,4375.0
2026-02-05,2,PT1H,MC-Ternium,5077.31,4375.0
2026-02-05,3,PT1H,MC-Ternium,4235.38,4375.0
2026-02-05,4,PT1H,MC-Ternium,4770.98,4375.0
2026-02-05,5,PT1H,MC-Ternium,4774.28,4375.0
2026-02-05,6,PT1H,MC-Ternium,4151.06,4375.0
2026-02-05,7,PT1H,MC-Ternium,3958.8,4375.0
2026-02-05,8,PT1H,MC-Ternium,1644.09,4375.0
2026-02-05,9,PT1H,MC-Ternium,1560.5,4375.0
2026-02-05,10,PT1H,MC-Ternium,1390.01,4375.0
2026-02-05,11,PT1H,MC-Ternium,1498.65,4375.0
2026-02-05,12,PT1H,MC-Ternium,2194.86,4375.0
2026-02-05,13,PT1H,MC-Ternium,2993.91,4375.0
2026-02-05,14,PT1H,MC-Ternium,2507.54,4375.0
2026-02-05,15,PT1H,MC-Ternium,2882.14,4375.0
2026-02-05,16,PT1H,MC-Ternium,2908.84,4375.0
2026-02-05,17,PT1H,MC-Ternium,4656.32,4375.0
2026-02-05,18,PT1H,MC-Ternium,3636.31,4375.0
2026-02-05,19,PT1H,MC-Ternium,4576.9,4375.0
2026-02-05,20,PT1H,MC-Ternium,5821.18,4375.0
2026-02-05,21,PT1H,MC-Ternium,4653.62,4375.0
2026-02-05,22,PT1H,MC-Ternium,5973.55,4375.0
2026-02-05,23,PT1H,MC-Ternium,5679.8,4375.0
2026-02-05,24,PT1H,MC-Ternium,6533.86,4375.0
2026-02-06,1,PT1H,MC-Ternium,6013.1,4375.0
2026-02-06,2,PT1H,MC-Ternium,4496.13,4375.0
2026-02-06,3,PT1H,MC-Ternium,5471.25,4375.0
2026-02-06,4,PT1H,MC-Ternium,6246.93,4375.0
2026-02-06,5,PT1H,MC-Ternium,5329.67,4375.0
2026-02-06,6,PT1H,MC-Ternium,6484.04,4375.0
2026-02-06,7,PT1H,MC-Ternium,6192.0,4375.0
2026-02-06,8,PT1H,MC-Ternium,6724.7,4375.0
2026-02-06,9,PT1H,MC-Ternium,5935.75,4375.0
2026-02-06,10,PT1H,MC-Ternium,6582.45,4375.0
2026-02-06,11,PT1H,MC-Ternium,7100.77,4375.0
2026-02-06,12,PT1H,MC-Ternium,6389.69,4375.0
2026-02-06,13,PT1H,MC-Ternium,4736.8,4375.0
2026-02-06,14,PT1H,MC-Ternium,5498.26,4375.0
2026-02-06,15,PT1H,MC-Ternium,5983.61,4375.0
2026-02-06,16,PT1H,MC-Ternium,5996.8,4375.0
2026-02-06,17,PT1H,MC-Ternium,4687.43,4375.0
2026-02-06,18,PT1H,MC-Ternium,6507.52,4375.0
2026-02-06,19,PT1H,MC-Ternium,6469.65,4375.0
2026-02-06,20,PT1H,MC-Ternium,6929.02,4375.0
2026-02-06,21,PT1H,MC-Ternium,5386.0,4375.0
2026-02-06,22,PT1H,MC-Ternium,6913.74,4375.0
2026-02-06,23,PT1H,MC-Ternium,6749.79,4375.0
2026-02-06,24,PT1H,MC-Ternium,2603.36,4375.0
2026-02-07,1,PT1H,MC-Ternium,5984.99,4375.0
2026-02-07,2,PT1H,MC-Ternium,5114.29,4375.0
2026-02-07,3,PT1H,MC-Ternium,5528.07,4375.0
2026-02-07,4,PT1H,MC-Ternium,6790.01,4375.0
2026-02-07,5,PT1H,MC-Ternium,7009.77,4375.0
2026-02-07,6,PT1H,MC-Ternium,6269.95,4375.0
2026-02-07,7,PT1H,MC-Ternium,5972.0,4375.0
2026-02-07,8,PT1H,MC-Ternium,6634.89,4375.0
2026-02-07,9,PT1H,MC-Ternium,6904.21,4375.0
2026-02-07,10,PT1H,MC-Ternium,6943.69,4375.0
2026-02-07,11,PT1H,MC-Ternium,7075.18,4375.0
2026-02-07,12,PT1H,MC-Ternium,7050.67,4375.0
2026-02-07,13,PT1H,MC-Ternium,6661.64,4375.0
2026-02-07,14,PT1H,MC-Ternium,7092.87,4375.0
2026-02-07,15,PT1H,MC-Ternium,7002.09,4375.0
2026-02-07,16,PT1H,MC-Ternium,6736.92,4375.0
2026-02-07,17,PT1H,MC-Ternium,2898.7,4375.0
2026-02-07,18,PT1H,MC-Ternium,5376.79,4375.0
2026-02-07,19,PT1H,MC-Ternium,6893.83,4375.0
2026-02-07,20,PT1H,MC-Ternium,6632.68,4375.0
2026-02-07,21,PT1H,MC-Ternium,6823.96,4375.0
2026-02-07,22,PT1H,MC-Ternium,5836.58,4375.0
2026-02-07,23,PT1H,MC-Ternium,5240.26,4375.0
2026-02-07,24,PT1H,MC-Ternium,5898.87,4375.0
2026-02-08,1,PT1H,MC-Ternium,6424.07,4375.0
2026-02-08,2,PT1H,MC-Ternium,6867.08,4375.0
2026-02-08,3,PT1H,MC-Ternium,5019.72,4375.0
2026-02-08,4,PT1H,MC-Ternium,5406.79,4375.0
2026-02-08,5,PT1H,MC-Ternium,5006.99,4375.0
2026-02-08,6,PT1H,MC-Ternium,6733.71,4375.0
2026-02-08,7,PT1H,MC-Ternium,6321.34,4375.0
2026-02-08,8,PT1H,MC-Ternium,5847.13,4375.0
2026-02-08,9,PT1H,MC-Ternium,5271.26,4375.0
2026-02-08,10,PT1H,MC-Ternium,6335.95,4375.0
2026-02-08,11,PT1H,MC-Ternium,4284.79,4375.0
2026-02-08,12,PT1H,MC-Ternium,2193.28,4375.0
2026-02-08,13,PT1H,MC-Ternium,3608.99,4375.0
2026-02-08,14,PT1H,MC-Ternium,4116.62,4375.0
2026-02-08,15,PT1H,MC-Ternium,5650.74,4375.0
2026-02-08,16,PT1H,MC-Ternium,6164.09,4375.0
2026-02-08,17,PT1H,MC-Ternium,4998.83,4375.0
2026-02-08,18,PT1H,MC-Ternium,7029.06,4375.0
2026-02-08,19,PT1H,MC-Ternium,7047.79,4375.0
2026-02-08,20,PT1H,MC-Ternium,4787.45,4375.0
2026-02-08,21,PT1H,MC-Ternium,5488.26,4375.0
2026-02-08,22,PT1H,MC-Ternium,6768.55,4375.0
2026-02-08,23,PT1H,MC-Ternium,6490.46,4375.0
2026-02-08,24,PT1H,MC-Ternium,5886.55,4375.0
2026-02-09,1,PT1H,MC-Ternium,6034.79,5975.0
2026-02-09,2,PT1H,MC-Ternium,6848.99,5975.0
2026-02-09,3,PT1H,MC-Ternium,6933.7,5975.0
2026-02-09,4,PT1H,MC-Ternium,5891.47,5975.0
2026-02-09,5,PT1H,MC-Ternium,5343.34,5975.0
2026-02-09,6,PT1H,MC-Ternium,5525.05,5975.0
2026-02-09,7,PT1H,MC-Ternium,6189.05,5975.0
2026-02-09,8,PT1H,MC-Ternium,6888.65,5975.0
2026-02-09,9,PT1H,MC-Ternium,7042.72,5975.0
2026-02-09,10,PT1H,MC-Ternium,7173.93,5975.0
2026-02-09,11,PT1H,MC-Ternium,5947.36,5975.0
2026-02-09,12,PT1H,MC-Ternium,6228.73,5975.0
2026-02-09,13,PT1H,MC-Ternium,7083.23,5975.0
2026-02-09,14,PT1H,MC-Ternium,6979.49,5975.0
2026-02-09,15,PT1H,MC-Ternium,6676.01,5975.0
2026-02-09,16,PT1H,MC-Ternium,6830.11,5975.0
2026-02-09,17,PT1H,MC-Ternium,6326.95,5975.0
2026-02-09,18,PT1H,MC-Ternium,7088.06,5975.0
2026-02-09,19,PT1H,MC-Ternium,6678.5,5975.0
2026-02-09,20,PT1H,MC-Ternium,2197.73,5975.0
2026-02-09,21,PT1H,MC-Ternium,3036.34,5975.0
2026-02-09,22,PT1H,MC-Ternium,2837.92,5975.0
2026-02-09,23,PT1H,MC-Ternium,3018.6,5975.0
2026-02-09,24,PT1H,MC-Ternium,3201.35,5975.0
2026-02-10,1,PT1H,MC-Ternium,3054.99,6375.0
2026-02-10,2,PT1H,MC-Ternium,2604.36,6375.0
2026-02-10,3,PT1H,MC-Ternium,6009.41,6375.0
2026-02-10,4,PT1H,MC-Ternium,6587.01,6375.0
2026-02-10,5,PT1H,MC-Ternium,6462.44,6375.0
2026-02-10,6,PT1H,MC-Ternium,4605.55,6375.0
2026-02-10,7,PT1H,MC-Ternium,5069.9,6375.0
2026-02-10,8,PT1H,MC-Ternium,5666.72,6375.0
2026-02-10,9,PT1H,MC-Ternium,3102.56,6375.0
2026-02-10,10,PT1H,MC-Ternium,4832.52,6375.0
2026-02-10,11,PT1H,MC-Ternium,6814.62,6375.0
2026-02-10,12,PT1H,MC-Ternium,6869.64,6375.0
2026-02-10,13,PT1H,MC-Ternium,6123.85,6375.0
2026-02-10,14,PT1H,MC-Ternium,7242.74,6375.0
2026-02-10,15,PT1H,MC-Ternium,7331.48,6375.0
2026-02-10,16,PT1H,MC-Ternium,7243.57,6375.0
2026-02-10,17,PT1H,MC-Ternium,6842.84,6375.0
2026-02-10,18,PT1H,MC-Ternium,6962.48,6375.0
2026-02-10,19,PT1H,MC-Ternium,6947.92,6375.0
2026-02-10,20,PT1H,MC-Ternium,7061.1,6375.0
2026-02-10,21,PT1H,MC-Ternium,7098.08,6375.0
2026-02-10,22,PT1H,MC-Ternium,7209.0,6375.0
2026-02-10,23,PT1H,MC-Ternium,7127.3,6375.0
2026-02-10,24,PT1H,MC-Ternium,7209.47,6375.0
2026-02-11,1,PT1H,MC-Ternium,7164.36,5975.0
2026-02-11,2,PT1H,MC-Ternium,5274.22,5975.0
2026-02-11,3,PT1H,MC-Ternium,5439.62,5975.0
2026-02-11,4,PT1H,MC-Ternium,6121.23,5975.0
2026-02-11,5,PT1H,MC-Ternium,5691.61,5975.0
2026-02-11,6,PT1H,MC-Ternium,6560.67,5975.0
2026-02-11,7,PT1H,MC-Ternium,6480.34,5975.0
2026-02-11,8,PT1H,MC-Ternium,6992.36,5975.0
2026-02-11,9,PT1H,MC-Ternium,5862.76,5975.0
2026-02-11,10,PT1H,MC-Ternium,6576.37,5975.0
2026-02-11,11,PT1H,MC-Ternium,6791.17,5975.0
2026-02-11,12,PT1H,MC-Ternium,6985.99,5975.0
2026-02-11,13,PT1H,MC-Ternium,6784.1,5975.0
2026-02-11,14,PT1H,MC-Ternium,6863.01,5975.0
2026-02-11,15,PT1H,MC-Ternium,6185.62,5975.0
2026-02-11,16,PT1H,MC-Ternium,5220.71,5975.0
2026-02-11,17,PT1H,MC-Ternium,6654.5,5975.0
2026-02-11,18,PT1H,MC-Ternium,2321.78,5975.0
2026-02-11,19,PT1H,MC-Ternium,1810.95,5975.0
2026-02-11,20,PT1H,MC-Ternium,3936.42,5975.0
2026-02-11,21,PT1H,MC-Ternium,4633.14,5975.0
2026-02-11,22,PT1H,MC-Ternium,6351.23,5975.0
2026-02-11,23,PT1H,MC-Ternium,7337.42,5975.0
2026-02-11,24,PT1H,MC-Ternium,7538.88,5975.0
2026-02-12,1,PT1H,MC-Ternium,7958.33,5975.0
2026-02-12,2,PT1H,MC-Ternium,8179.67,5975.0
2026-02-12,3,PT1H,MC-Ternium,7295.61,5975.0
2026-02-12,4,PT1H,MC-Ternium,8270.22,5975.0
2026-02-12,5,PT1H,MC-Ternium,7484.56,5975.0
2026-02-12,6,PT1H,MC-Ternium,5598.08,5975.0
2026-02-12,7,PT1H,MC-Ternium,5267.35,5975.0
2026-02-12,8,PT1H,MC-Ternium,5521.74,5975.0
2026-02-12,9,PT1H,MC-Ternium,7391.68,5975.0
2026-02-12,10,PT1H,MC-Ternium,7234.17,5975.0
2026-02-12,11,PT1H,MC-Ternium,6480.57,5975.0
2026-02-12,12,PT1H,MC-Ternium,5938.38,5975.0
2026-02-12,13,PT1H,MC-Ternium,5067.75,5975.0
2026-02-12,14,PT1H,MC-Ternium,5191.48,5975.0
2026-02-12,15,PT1H,MC-Ternium,1839.44,5975.0
2026-02-12,16,PT1H,MC-Ternium,3596.14,5975.0
2026-02-12,17,PT1H,MC-Ternium,5967.71,5975.0
2026-02-12,18,PT1H,MC-Ternium,5591.22,5975.0
2026-02-12,19,PT1H,MC-Ternium,3077.18,5975.0
2026-02-12,20,PT1H,MC-Ternium,6109.05,5975.0
2026-02-12,21,PT1H,MC-Ternium,4982.42,5975.0
2026-02-12,22,PT1H,MC-Ternium,2826.44,5975.0
2026-02-12,23,PT1H,MC-Ternium,2858.44,5975.0
2026-02-12,24,PT1H,MC-Ternium,3103.61,5975.0
2026-02-13,1,PT1H,MC-Ternium,6805.49,6575.0
2026-02-13,2,PT1H,MC-Ternium,7957.12,6575.0
2026-02-13,3,PT1H,MC-Ternium,8749.0,6575.0
2026-02-13,4,PT1H,MC-Ternium,8186.94,6575.0
2026-02-13,5,PT1H,MC-Ternium,4796.94,6575.0
2026-02-13,6,PT1H,MC-Ternium,2891.43,6575.0
2026-02-13,7,PT1H,MC-Ternium,1873.16,6575.0
2026-02-13,8,PT1H,MC-Ternium,1615.88,6575.0
2026-02-13,9,PT1H,MC-Ternium,1660.01,6575.0
2026-02-13,10,PT1H,MC-Ternium,1656.01,6575.0
2026-02-13,11,PT1H,MC-Ternium,1831.69,6575.0
2026-02-13,12,PT1H,MC-Ternium,2122.27,6575.0
2026-02-13,13,PT1H,MC-Ternium,2768.61,6575.0
2026-02-13,14,PT1H,MC-Ternium,2084.8,6575.0
2026-02-13,15,PT1H,MC-Ternium,3187.02,6575.0
2026-02-13,16,PT1H,MC-Ternium,5126.25,6575.0
2026-02-13,17,PT1H,MC-Ternium,4057.9,6575.0
2026-02-13,18,PT1H,MC-Ternium,5730.0,6575.0
2026-02-13,19,PT1H,MC-Ternium,4824.68,6575.0
2026-02-13,20,PT1H,MC-Ternium,1605.01,6575.0
2026-02-13,21,PT1H,MC-Ternium,1568.03,6575.0
2026-02-13,22,PT1H,MC-Ternium,1561.03,6575.0
2026-02-13,23,PT1H,MC-Ternium,1572.84,6575.0
2026-02-13,24,PT1H,MC-Ternium,1530.07,6575.0
2026-02-14,1,PT1H,MC-Ternium,1509.54,5975.0
2026-02-14,2,PT1H,MC-Ternium,1563.16,5975.0
2026-02-14,3,PT1H,MC-Ternium,1926.62,5975.0
2026-02-14,4,PT1H,MC-Ternium,3424.72,5975.0
2026-02-14,5,PT1H,MC-Ternium,4320.78,5975.0
2026-02-14,6,PT1H,MC-Ternium,3515.49,5975.0
2026-02-14,7,PT1H,MC-Ternium,5697.24,5975.0
2026-02-14,8,PT1H,MC-Ternium,6712.01,5975.0
2026-02-14,9,PT1H,MC-Ternium,6634.41,5975.0
2026-02-14,10,PT1H,MC-Ternium,3555.44,5975.0
2026-02-14,11,PT1H,MC-Ternium,3264.18,5975.0
2026-02-14,12,PT1H,MC-Ternium,6512.3,5975.0
2026-02-14,13,PT1H,MC-Ternium,7553.5,5975.0
2026-02-14,14,PT1H,MC-Ternium,5331.45,5975.0
2026-02-14,15,PT1H,MC-Ternium,4171.48,5975.0
2026-02-14,16,PT1H,MC-Ternium,3024.5,5975.0
2026-02-14,17,PT1H,MC-Ternium,5426.8,5975.0
2026-02-14,18,PT1H,MC-Ternium,6353.46,5975.0
2026-02-14,19,PT1H,MC-Ternium,4632.79,5975.0
2026-02-14,20,PT1H,MC-Ternium,4815.26,5975.0
2026-02-14,21,PT1H,MC-Ternium,6650.69,5975.0
2026-02-14,22,PT1H,MC-Ternium,6748.11,5975.0
2026-02-14,23,PT1H,MC-Ternium,2611.49,5975.0
2026-02-14,24,PT1H,MC-Ternium,6738.19,5975.0
2026-02-15,1,PT1H,MC-Ternium,4419.52,5575.0
2026-02-15,2,PT1H,MC-Ternium,4014.94,5575.0
2026-02-15,3,PT1H,MC-Ternium,6935.48,5575.0
2026-02-15,4,PT1H,MC-Ternium,7417.86,5575.0
2026-02-15,5,PT1H,MC-Ternium,6496.6,5575.0
2026-02-15,6,PT1H,MC-Ternium,7530.81,5575.0
2026-02-15,7,PT1H,MC-Ternium,5555.14,5575.0
2026-02-15,8,PT1H,MC-Ternium,7208.02,5575.0
2026-02-15,9,PT1H,MC-Ternium,6476.4,5575.0
2026-02-15,10,PT1H,MC-Ternium,2711.63,5575.0
2026-02-15,11,PT1H,MC-Ternium,6193.09,5575.0
2026-02-15,12,PT1H,MC-Ternium,6084.73,5575.0
2026-02-15,13,PT1H,MC-Ternium,5175.33,5575.0
2026-02-15,14,PT1H,MC-Ternium,6989.98,5575.0
2026-02-15,15,PT1H,MC-Ternium,6275.28,5575.0
2026-02-15,16,PT1H,MC-Ternium,3552.81,5575.0
2026-02-15,17,PT1H,MC-Ternium,6504.11,5575.0
2026-02-15,18,PT1H,MC-Ternium,7530.95,5575.0
2026-02-15,19,PT1H,MC-Ternium,7655.78,5575.0
2026-02-15,20,PT1H,MC-Ternium,7832.47,5575.0
2026-02-15,21,PT1H,MC-Ternium,7200.22,5575.0
2026-02-15,22,PT1H,MC-Ternium,7552.99,5575.0
2026-02-15,23,PT1H,MC-Ternium,6538.53,5575.0
2026-02-15,24,PT1H,MC-Ternium,2807.96,4750.0
2026-02-16,1,PT1H,MC-Ternium,5629.17,5125.0
2026-02-16,2,PT1H,MC-Ternium,6585.68,5125.0
2026-02-16,3,PT1H,MC-Ternium,7534.22,5125.0
2026-02-16,4,PT1H,MC-Ternium,7238.74,5125.0
2026-02-16,5,PT1H,MC-Ternium,4314.38,5125.0
2026-02-16,6,PT1H,MC-Ternium,6064.96,5125.0
2026-02-16,7,PT1H,MC-Ternium,4934.07,5125.0
2026-02-16,8,PT1H,MC-Ternium,7386.58,5125.0
2026-02-16,9,PT1H,MC-Ternium,7569.26,5125.0
2026-02-16,10,PT1H,MC-Ternium,4421.51,5125.0
2026-02-16,11,PT1H,MC-Ternium,6922.56,5125.0
2026-02-16,12,PT1H,MC-Ternium,6910.88,5125.0
2026-02-16,13,PT1H,MC-Ternium,1731.9,5125.0
2026-02-16,14,PT1H,MC-Ternium,1530.55,5125.0
2026-02-16,15,PT1H,MC-Ternium,1514.48,5125.0
2026-02-16,16,PT1H,MC-Ternium,1650.25,5125.0
2026-02-16,17,PT1H,MC-Ternium,1861.95,5125.0
2026-02-16,18,PT1H,MC-Ternium,2141.13,5125.0
2026-02-16,19,PT1H,MC-Ternium,2442.51,5125.0
2026-02-16,20,PT1H,MC-Ternium,3570.87,5125.0
2026-02-16,21,PT1H,MC-Ternium,4775.8,5125.0
2026-02-16,22,PT1H,MC-Ternium,5978.36,5125.0
2026-02-16,23,PT1H,MC-Ternium,5862.58,5125.0
2026-02-16,24,PT1H,MC-Ternium,5990.94,5125.0
2026-02-17,1,PT1H,MC-Ternium,5253.8,5125.0
2026-02-17,2,PT1H,MC-Ternium,4662.65,5125.0
2026-02-17,3,PT1H,MC-Ternium,6679.22,5125.0
2026-02-17,4,PT1H,MC-Ternium,5050.18,5125.0
2026-02-17,5,PT1H,MC-Ternium,6201.22,5125.0
2026-02-17,6,PT1H,MC-Ternium,5727.24,5125.0
2026-02-17,7,PT1H,MC-Ternium,5219.1,5125.0
2026-02-17,8,PT1H,MC-Ternium,3347.39,5125.0
2026-02-17,9,PT1H,MC-Ternium,3403.74,5125.0
2026-02-17,10,PT1H,MC-Ternium,4000.7,5125.0
2026-02-17,11,PT1H,MC-Ternium,2796.99,5125.0
2026-02-17,12,PT1H,MC-Ternium,3686.69,5125.0
2026-02-17,13,PT1H,MC-Ternium,3048.17,5125.0
2026-02-17,14,PT1H,MC-Ternium,3972.43,5125.0
2026-02-17,15,PT1H,MC-Ternium,4636.03,5125.0
2026-02-17,16,PT1H,MC-Ternium,4685.32,5125.0
2026-02-17,17,PT1H,MC-Ternium,4076.09,5125.0
2026-02-17,18,PT1H,MC-Ternium,5006.13,5125.0
2026-02-17,19,PT1H,MC-Ternium,1821.77,5125.0
2026-02-17,20,PT1H,MC-Ternium,2356.13,5125.0
2026-02-17,21,PT1H,MC-Ternium,5977.83,5125.0
2026-02-17,22,PT1H,MC-Ternium,6397.24,5125.0
2026-02-17,23,PT1H,MC-Ternium,7246.21,5125.0
2026-02-17,24,PT1H,MC-Ternium,8039.03,5125.0
2026-02-18,1,PT1H,MC-Ternium,7061.16,6375.0
2026-02-18,2,PT1H,MC-Ternium,5987.78,6375.0
2026-02-18,3,PT1H,MC-Ternium,7864.77,6375.0
2026-02-18,4,PT1H,MC-Ternium,5307.14,6375.0
2026-02-18,5,PT1H,MC-Ternium,8820.06,6375.0
2026-02-18,6,PT1H,MC-Ternium,9418.61,6375.0
2026-02-18,7,PT1H,MC-Ternium,7098.74,6375.0
2026-02-18,8,PT1H,MC-Ternium,2762.04,6375.0
2026-02-18,9,PT1H,MC-Ternium,3400.38,6375.0
2026-02-18,10,PT1H,MC-Ternium,4065.84,6375.0
2026-02-18,11,PT1H,MC-Ternium,2833.09,6375.0
2026-02-18,12,PT1H,MC-Ternium,4172.16,6375.0
2026-02-18,13,PT1H,MC-Ternium,7603.74,6375.0
2026-02-18,14,PT1H,MC-Ternium,3838.36,6375.0
2026-02-18,15,PT1H,MC-Ternium,8056.6,6375.0
2026-02-18,16,PT1H,MC-Ternium,8548.89,6375.0
2026-02-18,17,PT1H,MC-Ternium,9143.09,6375.0
2026-02-18,18,PT1H,MC-Ternium,7807.01,6375.0
2026-02-18,19,PT1H,MC-Ternium,6479.55,6375.0
2026-02-18,20,PT1H,MC-Ternium,8340.97,6375.0
2026-02-18,21,PT1H,MC-Ternium,8507.59,6375.0
2026-02-18,22,PT1H,MC-Ternium,9103.54,6375.0
2026-02-18,23,PT1H,MC-Ternium,7703.95,6375.0
2026-02-18,24,PT1H,MC-Ternium,5616.79,6375.0
2026-02-19,1,PT1H,MC-Ternium,5131.07,5175.0
2026-02-19,2,PT1H,MC-Ternium,8009.71,5175.0
2026-02-19,3,PT1H,MC-Ternium,8950.23,5175.0
2026-02-19,4,PT1H,MC-Ternium,9259.36,5175.0
2026-02-19,5,PT1H,MC-Ternium,9141.75,5175.0
2026-02-19,6,PT1H,MC-Ternium,4667.12,5175.0
2026-02-19,7,PT1H,MC-Ternium,5960.06,5175.0
2026-02-19,8,PT1H,MC-Ternium,8379.84,5175.0
2026-02-19,9,PT1H,MC-Ternium,5698.42,5175.0
2026-02-19,10,PT1H,MC-Ternium,6429.83,5175.0
2026-02-19,11,PT1H,MC-Ternium,6458.19,5175.0
2026-02-19,12,PT1H,MC-Ternium,8373.29,5175.0
2026-02-19,13,PT1H,MC-Ternium,5689.65,5175.0
2026-02-19,14,PT1H,MC-Ternium,6560.26,5175.0
2026-02-19,15,PT1H,MC-Ternium,8639.36,5175.0
2026-02-19,16,PT1H,MC-Ternium,9062.73,5175.0
2026-02-19,17,PT1H,MC-Ternium,9118.38,5175.0
2026-02-19,18,PT1H,MC-Ternium,8903.2,5175.0
2026-02-19,19,PT1H,MC-Ternium,8289.82,5175.0
2026-02-19,20,PT1H,MC-Ternium,6748.94,5175.0
2026-02-19,21,PT1H,MC-Ternium,8207.38,5175.0
2026-02-19,22,PT1H,MC-Ternium,8518.73,5175.0
2026-02-19,23,PT1H,MC-Ternium,8724.13,5175.0
2026-02-19,24,PT1H,MC-Ternium,8703.41,5175.0
2026-02-20,1,PT1H,MC-Ternium,8629.31,5175.0
2026-02-20,2,PT1H,MC-Ternium,8494.69,5175.0
2026-02-20,3,PT1H,MC-Ternium,8192.81,5175.0
2026-02-20,4,PT1H,MC-Ternium,7491.54,5175.0
2026-02-20,5,PT1H,MC-Ternium,8033.93,5175.0
2026-02-20,6,PT1H,MC-Ternium,8573.01,5175.0
2026-02-20,7,PT1H,MC-Ternium,7232.1,5175.0
2026-02-20,8,PT1H,MC-Ternium,7554.28,5175.0
2026-02-20,9,PT1H,MC-Ternium,5640.88,5175.0
2026-02-20,10,PT1H,MC-Ternium,8229.89,5175.0
2026-02-20,11,PT1H,MC-Ternium,7773.89,5175.0
2026-02-20,12,PT1H,MC-Ternium,8589.86,5175.0
2026-02-20,13,PT1H,MC-Ternium,7079.26,5175.0
2026-02-20,14,PT1H,MC-Ternium,8261.41,5175.0
2026-02-20,15,PT1H,MC-Ternium,8205.63,5175.0
2026-02-20,16,PT1H,MC-Ternium,1912.93,5175.0
2026-02-20,17,PT1H,MC-Ternium,1884.7,5175.0
2026-02-20,18,PT1H,MC-Ternium,1866.32,5175.0
2026-02-20,19,PT1H,MC-Ternium,4442.7,5175.0
2026-02-20,20,PT1H,MC-Ternium,5362.78,5175.0
2026-02-20,21,PT1H,MC-Ternium,5561.95,5175.0
2026-02-20,22,PT1H,MC-Ternium,8187.66,5175.0
2026-02-20,23,PT1H,MC-Ternium,8649.01,5175.0
2026-02-20,24,PT1H,MC-Ternium,8944.19,5175.0
2026-02-21,1,PT1H,MC-Ternium,8386.67,6375.0
2026-02-21,2,PT1H,MC-Ternium,8562.34,6375.0
2026-02-21,3,PT1H,MC-Ternium,5694.3,6375.0
2026-02-21,4,PT1H,MC-Ternium,6088.76,6375.0
2026-02-21,5,PT1H,MC-Ternium,5540.39,6375.0
2026-02-21,6,PT1H,MC-Ternium,8346.79,6375.0
2026-02-21,7,PT1H,MC-Ternium,8426.51,6375.0
2026-02-21,8,PT1H,MC-Ternium,8680.28,6375.0
2026-02-21,9,PT1H,MC-Ternium,6972.06,6375.0
2026-02-21,10,PT1H,MC-Ternium,4802.26,6375.0
2026-02-21,11,PT1H,MC-Ternium,8365.82,6375.0
2026-02-21,12,PT1H,MC-Ternium,8803.41,6375.0
2026-02-21,13,PT1H,MC-Ternium,8585.06,6375.0
2026-02-21,14,PT1H,MC-Ternium,8799.7,6375.0
2026-02-21,15,PT1H,MC-Ternium,4903.5,6375.0
2026-02-21,16,PT1H,MC-Ternium,7499.14,6375.0
2026-02-21,17,PT1H,MC-Ternium,8704.3,6375.0
2026-02-21,18,PT1H,MC-Ternium,8790.85,6375.0
2026-02-21,19,PT1H,MC-Ternium,6059.85,6375.0
2026-02-21,20,PT1H,MC-Ternium,5333.08,6375.0
2026-02-21,21,PT1H,MC-Ternium,8147.55,6375.0
2026-02-21,22,PT1H,MC-Ternium,8369.78,6375.0
2026-02-21,23,PT1H,MC-Ternium,7914.01,6375.0
2026-02-21,24,PT1H,MC-Ternium,7960.48,6375.0
2026-02-22,1,PT1H,MC-Ternium,8290.86,7515.0
2026-02-22,2,PT1H,MC-Ternium,8533.3,7515.0
2026-02-22,3,PT1H,MC-Ternium,7166.02,7515.0
2026-02-22,4,PT1H,MC-Ternium,6808.6,7515.0
2026-02-22,5,PT1H,MC-Ternium,8103.43,7515.0
2026-02-22,6,PT1H,MC-Ternium,8159.18,7515.0
2026-02-22,7,PT1H,MC-Ternium,6187.57,7515.0
2026-02-22,8,PT1H,MC-Ternium,6349.68,7515.0
2026-02-22,9,PT1H,MC-Ternium,3791.46,7515.0
2026-02-22,10,PT1H,MC-Ternium,5214.7,7515.0
2026-02-22,11,PT1H,MC-Ternium,7326.03,7515.0
2026-02-22,12,PT1H,MC-Ternium,6949.99,7515.0
2026-02-22,13,PT1H,MC-Ternium,5252.51,7515.0
2026-02-22,14,PT1H,MC-Ternium,1682.98,7515.0
2026-02-22,15,PT1H,MC-Ternium,1650.31,7515.0
2026-02-22,16,PT1H,MC-Ternium,2243.37,7515.0
2026-02-22,17,PT1H,MC-Ternium,2713.41,7515.0
2026-02-22,18,PT1H,MC-Ternium,3446.45,7515.0
2026-02-22,19,PT1H,MC-Ternium,4024.71,7515.0
2026-02-22,20,PT1H,MC-Ternium,4505.91,7515.0
2026-02-22,21,PT1H,MC-Ternium,6248.82,7515.0
2026-02-22,22,PT1H,MC-Ternium,6830.4,7515.0
2026-02-22,23,PT1H,MC-Ternium,4244.14,7515.0
2026-02-22,24,PT1H,MC-Ternium,6572.94,7515.0
2026-02-23,1,PT1H,MC-Ternium,6394.55,6975.0
2026-02-23,2,PT1H,MC-Ternium,2384.98,6975.0
2026-02-23,3,PT1H,MC-Ternium,4653.57,6975.0
2026-02-23,4,PT1H,MC-Ternium,5986.81,6975.0
2026-02-23,5,PT1H,MC-Ternium,4921.5,6975.0
2026-02-23,6,PT1H,MC-Ternium,6204.24,6975.0
2026-02-23,7,PT1H,MC-Ternium,5675.24,6975.0
2026-02-23,8,PT1H,MC-Ternium,6446.57,6975.0
2026-02-23,9,PT1H,MC-Ternium,5522.92,6975.0
2026-02-23,10,PT1H,MC-Ternium,7001.42,6975.0
2026-02-23,11,PT1H,MC-Ternium,6499.36,6975.0
2026-02-23,12,PT1H,MC-Ternium,6906.03,6975.0
2026-02-23,13,PT1H,MC-Ternium,7141.16,6975.0
2026-02-23,14,PT1H,MC-Ternium,7208.75,6975.0
2026-02-23,15,PT1H,MC-Ternium,5639.59,6975.0
2026-02-23,16,PT1H,MC-Ternium,5902.97,6975.0
2026-02-23,17,PT1H,MC-Ternium,4923.44,6975.0
2026-02-23,18,PT1H,MC-Ternium,5655.65,6975.0
2026-02-23,19,PT1H,MC-Ternium,6522.72,6975.0
2026-02-23,20,PT1H,MC-Ternium,6986.18,6975.0
2026-02-23,21,PT1H,MC-Ternium,5709.5,6975.0
2026-02-23,22,PT1H,MC-Ternium,4203.11,6975.0
2026-02-23,23,PT1H,MC-Ternium,4887.18,6975.0
2026-02-23,24,PT1H,MC-Ternium,6780.05,6975.0
2026-02-24,1,PT1H,MC-Ternium,4039.16,7575.0
2026-02-24,2,PT1H,MC-Ternium,3127.88,7575.0
2026-02-24,3,PT1H,MC-Ternium,6435.11,7575.0
2026-02-24,4,PT1H,MC-Ternium,7051.42,7575.0
2026-02-24,5,PT1H,MC-Ternium,6115.77,7575.0
2026-02-24,6,PT1H,MC-Ternium,6454.34,7575.0
2026-02-24,7,PT1H,MC-Ternium,6874.03,7575.0
2026-02-24,8,PT1H,MC-Ternium,6994.64,7575.0
2026-02-24,9,PT1H,MC-Ternium,6989.41,7575.0
2026-02-24,10,PT1H,MC-Ternium,6642.83,7575.0
2026-02-24,11,PT1H,MC-Ternium,6876.43,7575.0
2026-02-24,12,PT1H,MC-Ternium,6914.99,7575.0
2026-02-24,13,PT1H,MC-Ternium,7132.85,7575.0
2026-02-24,14,PT1H,MC-Ternium,7043.05,7575.0
2026-02-24,15,PT1H,MC-Ternium,6959.99,7575.0
2026-02-24,16,PT1H,MC-Ternium,4045.54,7575.0
2026-02-24,17,PT1H,MC-Ternium,4469.93,7575.0
2026-02-24,18,PT1H,MC-Ternium,6477.2,7575.0
2026-02-24,19,PT1H,MC-Ternium,5462.02,7575.0
2026-02-24,20,PT1H,MC-Ternium,3910.41,7575.0
2026-02-24,21,PT1H,MC-Ternium,4250.72,7575.0
2026-02-24,22,PT1H,MC-Ternium,6720.82,7575.0
2026-02-24,23,PT1H,MC-Ternium,5853.43,7575.0
2026-02-24,24,PT1H,MC-Ternium,6381.58,7575.0
2026-02-25,1,PT1H,MC-Ternium,4828.51,5975.0
2026-02-25,2,PT1H,MC-Ternium,7130.23,5975.0
2026-02-25,3,PT1H,MC-Ternium,7071.1,5975.0
2026-02-25,4,PT1H,MC-Ternium,7107.5,5975.0
2026-02-25,5,PT1H,MC-Ternium,4219.27,5975.0
2026-02-25,6,PT1H,MC-Ternium,4298.68,5975.0
2026-02-25,7,PT1H,MC-Ternium,5436.65,5975.0
2026-02-25,8,PT1H,MC-Ternium,6715.76,5975.0
2026-02-25,9,PT1H,MC-Ternium,6322.56,5975.0
2026-02-25,10,PT1H,MC-Ternium,1953.12,5975.0
2026-02-25,11,PT1H,MC-Ternium,1792.82,5975.0
2026-02-25,12,PT1H,MC-Ternium,1872.79,5975.0
2026-02-25,13,PT1H,MC-Ternium,1869.15,5975.0
2026-02-25,14,PT1H,MC-Ternium,4736.93,5975.0
2026-02-25,15,PT1H,MC-Ternium,1859.72,5975.0
2026-02-25,16,PT1H,MC-Ternium,1829.34,5975.0
2026-02-25,17,PT1H,MC-Ternium,1900.61,5975.0
2026-02-25,18,PT1H,MC-Ternium,2346.44,5975.0
2026-02-25,19,PT1H,MC-Ternium,2565.83,5975.0
2026-02-25,20,PT1H,MC-Ternium,2509.74,5975.0
2026-02-25,21,PT1H,MC-Ternium,4983.12,5975.0
2026-02-25,22,PT1H,MC-Ternium,6550.19,5975.0
2026-02-25,23,PT1H,MC-Ternium,6589.94,5975.0
2026-02-25,24,PT1H,MC-Ternium,6187.13,5975.0
2026-02-26,1,PT1H,MC-Ternium,6235.25,5975.0
2026-02-26,2,PT1H,MC-Ternium,5969.31,5975.0
2026-02-26,3,PT1H,MC-Ternium,5339.25,5975.0
2026-02-26,4,PT1H,MC-Ternium,4628.69,5975.0
2026-02-26,5,PT1H,MC-Ternium,5438.87,5975.0
2026-02-26,6,PT1H,MC-Ternium,6921.1,5975.0
2026-02-26,7,PT1H,MC-Ternium,4136.27,5975.0
2026-02-26,8,PT1H,MC-Ternium,2930.06,5975.0
2026-02-26,9,PT1H,MC-Ternium,6689.02,5975.0
2026-02-26,10,PT1H,MC-Ternium,6948.0,5975.0
2026-02-26,11,PT1H,MC-Ternium,6861.44,5975.0
2026-02-26,12,PT1H,MC-Ternium,5267.7,5975.0
2026-02-26,13,PT1H,MC-Ternium,3100.75,5975.0
2026-02-26,14,PT1H,MC-Ternium,4548.45,5975.0
2026-02-26,15,PT1H,MC-Ternium,6274.26,5975.0
2026-02-26,16,PT1H,MC-Ternium,4475.13,5975.0
2026-02-26,17,PT1H,MC-Ternium,5093.44,5975.0
2026-02-26,18,PT1H,MC-Ternium,3527.53,5975.0
2026-02-26,19,PT1H,MC-Ternium,5314.36,5975.0
2026-02-26,20,PT1H,MC-Ternium,2023.23,5975.0
2026-02-26,21,PT1H,MC-Ternium,5154.62,5975.0
2026-02-26,22,PT1H,MC-Ternium,6748.72,5975.0
2026-02-26,23,PT1H,MC-Ternium,5173.6,5975.0
2026-02-26,24,PT1H,MC-Ternium,6586.34,5975.0
2026-02-27,1,PT1H,MC-Ternium,5058.14,5975.0
2026-02-27,2,PT1H,MC-Ternium,6585.82,5975.0
2026-02-27,3,PT1H,MC-Ternium,6865.82,5975.0
2026-02-27,4,PT1H,MC-Ternium,6965.71,5975.0
2026-02-27,5,PT1H,MC-Ternium,6401.98,5975.0
2026-02-27,6,PT1H,MC-Ternium,4968.6,5975.0
2026-02-27,7,PT1H,MC-Ternium,6678.81,5975.0
2026-02-27,8,PT1H,MC-Ternium,6433.42,5975.0
2026-02-27,9,PT1H,MC-Ternium,6806.04,5975.0
2026-02-27,10,PT1H,MC-Ternium,4502.33,5975.0
2026-02-27,11,PT1H,MC-Ternium,6940.99,5975.0
2026-02-27,12,PT1H,MC-Ternium,6946.38,5975.0
2026-02-27,13,PT1H,MC-Ternium,6755.89,5975.0
2026-02-27,14,PT1H,MC-Ternium,7036.74,5975.0
2026-02-27,15,PT1H,MC-Ternium,5239.73,5975.0
2026-02-27,16,PT1H,MC-Ternium,7289.7,5975.0
2026-02-27,17,PT1H,MC-Ternium,7242.34,5975.0
2026-02-27,18,PT1H,MC-Ternium,7209.83,5975.0
2026-02-27,19,PT1H,MC-Ternium,5789.14,5975.0
2026-02-27,20,PT1H,MC-Ternium,5908.73,5975.0
2026-02-27,21,PT1H,MC-Ternium,4956.85,5975.0
2026-02-27,22,PT1H,MC-Ternium,4888.31,5975.0
2026-02-27,23,PT1H,MC-Ternium,6760.06,5975.0
2026-02-27,24,PT1H,MC-Ternium,7164.74,5975.0
2026-02-28,1,PT1H,MC-Ternium,7313.52,5675.0
2026-02-28,2,PT1H,MC-Ternium,5584.95,5675.0
2026-02-28,3,PT1H,MC-Ternium,7062.8,5675.0
2026-02-28,4,PT1H,MC-Ternium,7147.59,5675.0
2026-02-28,5,PT1H,MC-Ternium,6493.46,5675.0
2026-02-28,6,PT1H,MC-Ternium,6747.85,5675.0
2026-02-28,7,PT1H,MC-Ternium,5596.94,5675.0
2026-02-28,8,PT1H,MC-Ternium,2323.05,5675.0
2026-02-28,9,PT1H,MC-Ternium,2330.28,5675.0
2026-02-28,10,PT1H,MC-Ternium,2573.37,5675.0
2026-02-28,11,PT1H,MC-Ternium,6819.71,5675.0
2026-02-28,12,PT1H,MC-Ternium,7444.34,5675.0
2026-02-28,13,PT1H,MC-Ternium,6629.25,5675.0
2026-02-28,14,PT1H,MC-Ternium,7244.08,5675.0
2026-02-28,15,PT1H,MC-Ternium,6281.1,5675.0
2026-02-28,16,PT1H,MC-Ternium,7103.92,5675.0
2026-02-28,17,PT1H,MC-Ternium,5897.63,5675.0
2026-02-28,18,PT1H,MC-Ternium,3017.28,5675.0
2026-02-28,19,PT1H,MC-Ternium,3321.55,5675.0
2026-02-28,20,PT1H,MC-Ternium,6854.18,5675.0
2026-02-28,21,PT1H,MC-Ternium,5770.94,5675.0
2026-02-28,22,PT1H,MC-Ternium,6419.13,5675.0
2026-02-28,23,PT1H,MC-Ternium,6798.85,5675.0
2026-02-28,24,PT1H,MC-Ternium,2524.75,5675.0
